Q_exp,V_fit,dqdv_fit,dvdq_fit,V_fit_anode,dqdv_fit_anode,dvdq_fit_anode,V_fit_cathode,dqdv_fit_cathode,dvdq_fit_cathode,dqdv_fit_si,dqdv_fit_gr,SoCs,Q_si,Q_gr,x_si,x_gr
5.49944382647386,,,,,,,,,,,,2.2091152815013406,,,,
5.492769744160178,,,,,,,,,,,,2.2064343163538873,,,,
5.486095661846496,,,,,,,,,,,,2.2037533512064345,,,,
5.479421579532815,,,,,,,,,,,,2.2010723860589816,,,,
5.4727474972191335,,,,,,,,,,,,2.1983914209115283,,,,
5.466073414905451,,,,,,,,,,,,2.195710455764075,,,,
5.459399332591769,,,,,,,,,,,,2.1930294906166217,,,,
5.452725250278087,,,,,,,,,,,,2.190348525469169,,,,
5.446051167964406,,,,,,,,,,,,2.187667560321716,,,,
5.439377085650723,,,,,,,,,,,,2.1849865951742626,,,,
5.432703003337042,,,,,,,,,,,,2.1823056300268098,,,,
5.426028921023359,,,,,,,,,,,,2.1796246648793565,,,,
5.419354838709678,,,,,,,,,,,,2.1769436997319036,,,,
5.412680756395996,,,,,,,,,,,,2.1742627345844507,,,,
5.406006674082314,,,,,,,,,,,,2.1715817694369974,,,,
5.399332591768632,,,,,,,,,,,,2.168900804289544,,,,
5.39265850945495,,,,,,,,,,,,2.1662198391420913,,,,
5.385984427141269,,,,,,,,,,,,2.1635388739946384,,,,
5.379310344827587,,,,,,,,,,,,2.160857908847185,,,,
5.372636262513905,,,,,,,,,,,,2.158176943699732,,,,
5.365962180200222,,,,,,,,,,,,2.1554959785522785,,,,
5.359288097886541,,,,,,,,,,,,2.1528150134048256,,,,
5.352614015572859,,,,,,,,,,,,2.1501340482573728,,,,
5.345939933259178,,,,,,,,,,,,2.14745308310992,,,,
5.3392658509454956,,,,,,,,,,,,2.1447721179624666,,,,
5.332591768631813,,,,,,,,,,,,2.1420911528150133,,,,
5.325917686318132,,,,,,,,,,,,2.1394101876675604,,,,
5.31924360400445,,,,,,,,,,,,2.1367292225201076,,,,
5.312569521690768,,,,,,,,,,,,2.1340482573726542,,,,
5.305895439377086,,,,,,,,,,,,2.1313672922252014,,,,
5.299221357063404,,,,,,,,,,,,2.128686327077748,,,,
5.292547274749722,,,,,,,,,,,,2.1260053619302948,,,,
5.285873192436041,,,,,,,,,,,,2.123324396782842,,,,
5.2791991101223585,,,,,,,,,,,,2.1206434316353886,,,,
5.272525027808676,,,,,,,,,,,,2.1179624664879353,,,,
5.265850945494995,,,,,,,,,,,,2.1152815013404824,,,,
5.259176863181313,,,,,,,,,,,,2.1126005361930296,,,,
5.252502780867632,,,,,,,,,,,,2.1099195710455767,,,,
5.245828698553949,,,,,,,,,,,,2.1072386058981234,,,,
5.239154616240267,,,,,,,,,,,,2.10455764075067,,,,
5.232480533926585,,,,,,,,,,,,2.1018766756032172,,,,
5.225806451612904,,,,,,,,,,,,2.0991957104557644,,,,
5.219132369299222,,,,,,,,,,,,2.0965147453083115,,,,
5.21245828698554,,,,,,,,,,,,2.093833780160858,,,,
5.205784204671858,,,,,,,,,,,,2.091152815013405,,,,
5.199110122358176,,,,,,,,,,,,2.0884718498659516,,,,
5.192436040044495,,,,,,,,,,,,2.0857908847184987,,,,
5.185761957730812,,,,,,,,,,,,2.0831099195710454,,,,
5.179087875417131,,,,,,,,,,,,2.0804289544235925,,,,
5.172413793103448,,,,,,,,,,,,2.0777479892761392,,,,
5.165739710789767,,,,,,,,,,,,2.0750670241286864,,,,
5.159065628476085,,,,,,,,,,,,2.0723860589812335,,,,
5.152391546162403,,,,,,,,,,,,2.06970509383378,,,,
5.145717463848721,,,,,,,,,,,,2.067024128686327,,,,
5.139043381535039,,,,,,,,,,,,2.064343163538874,,,,
5.132369299221358,,,,,,,,,,,,2.061662198391421,,,,
5.125695216907676,,,,,,,,,,,,2.0589812332439683,,,,
5.119021134593994,,,,,,,,,,,,2.056300268096515,,,,
5.112347052280311,,,,,,,,,,,,2.0536193029490617,,,,
5.10567296996663,,,,,,,,,,,,2.0509383378016084,,,,
5.098998887652948,,,,,,,,,,,,2.0482573726541555,,,,
5.092324805339267,,,,,,,,,,,,2.0455764075067027,,,,
5.0856507230255845,,,,,,,,,,,,2.0428954423592494,,,,
5.078976640711902,,,,,,,,,,,,2.040214477211796,,,,
5.072302558398221,,,,,,,,,,,,2.037533512064343,,,,
5.065628476084539,,,,,,,,,,,,2.0348525469168903,,,,
5.058954393770857,,,,,,,,,,,,2.032171581769437,,,,
5.052280311457175,,,,,,,,,,,,2.029490616621984,,,,
5.045606229143493,,,,,,,,,,,,2.026809651474531,,,,
5.038932146829811,,,,,,,,,,,,2.024128686327078,,,,
5.03225806451613,,,,,,,,,,,,2.0214477211796247,,,,
5.0255839822024475,,,,,,,,,,,,2.018766756032172,,,,
5.018909899888765,,,,,,,,,,,,2.0160857908847185,,,,
5.012235817575084,,,,,,,,,,,,2.013404825737265,,,,
5.005561735261402,,,,,,,,,,,,2.0107238605898123,,,,
4.998887652947721,,,,,,,,,,,,2.0080428954423595,,,,
4.992213570634038,,,,,,,,,,,,2.005361930294906,,,,
4.985539488320356,,,,,,,,,,,,2.002680965147453,,,,
4.978865406006674,,,,,,,,,,,,2.0,,,,
4.972191323692993,,,,,,,,,,,,1.9973190348525471,,,,
4.965517241379311,,,,,,,,,,,,1.994638069705094,,,,
4.958843159065629,,,,,,,,,,,,1.9919571045576407,,,,
4.952169076751947,,,,,,,,,,,,1.9892761394101877,,,,
4.945494994438265,,,,,,,,,,,,1.9865951742627346,,,,
4.938820912124584,,,,,,,,,,,,1.9839142091152817,,,,
4.932146829810901,,,,,,,,,,,,1.9812332439678284,,,,
4.92547274749722,,,,,,,,,,,,1.9785522788203755,,,,
4.918798665183537,,,,,,,,,,,,1.9758713136729222,,,,
4.912124582869856,,,,,,,,,,,,1.9731903485254692,,,,
4.905450500556174,,,,,,,,,,,,1.9705093833780163,,,,
4.898776418242492,,,,,,,,,,,,1.967828418230563,,,,
4.8921023359288105,,,,,,,,,,,,1.9651474530831101,,,,
4.885428253615128,,,,,,,,,,,,1.9624664879356568,,,,
4.878754171301447,,,,,,,,,,,,1.959785522788204,,,,
4.872080088987765,,,,,,,,,,,,1.9571045576407509,,,,
4.865406006674083,,,,,,,,,,,,1.9544235924932976,,,,
4.8587319243604,,,,,,,,,,,,1.9517426273458442,,,,
4.852057842046719,,,,,,,,,,,,1.9490616621983914,,,,
4.845383759733037,,,,,,,,,,,,1.9463806970509385,,,,
4.838709677419356,,,,,,,,,,,,1.9436997319034857,,,,
4.8320355951056735,,,,,,,,,,,,1.9410187667560324,,,,
4.825361512791991,,,,,,,,,,,,1.938337801608579,,,,
4.81868743047831,,,,,,,,,,,,1.935656836461126,,,,
4.812013348164628,,,,,,,,,,,,1.932975871313673,,,,
4.805339265850946,,,,,,,,,,,,1.9302949061662198,,,,
4.798665183537264,,,,,,,,,,,,1.927613941018767,,,,
4.791991101223582,,,,,,,,,,,,1.9249329758713136,,,,
4.7853170189099,,,,,,,,,,,,1.9222520107238608,,,,
4.778642936596219,,,,,,,,,,,,1.9195710455764077,,,,
4.7719688542825365,,,,,,,,,,,,1.9168900804289544,,,,
4.765294771968855,,,,,,,,,,,,1.9142091152815015,,,,
4.758620689655173,,,,,,,,,,,,1.9115281501340482,,,,
4.751946607341491,,,,,,,,,,,,1.9088471849865953,,,,
4.74527252502781,,,,,,,,,,,,1.9061662198391423,,,,
4.738598442714127,,,,,,,,,,,,1.9034852546916892,,,,
4.731924360400445,,,,,,,,,,,,1.9008042895442359,,,,
4.725250278086763,,,,,,,,,,,,1.8981233243967828,,,,
4.718576195773082,,,,,,,,,,,,1.89544235924933,,,,
4.7119021134594,,,,,,,,,,,,1.892761394101877,,,,
4.705228031145718,,,,,,,,,,,,1.8900804289544237,,,,
4.698553948832036,,,,,,,,,,,,1.8873994638069704,,,,
4.691879866518354,,,,,,,,,,,,1.8847184986595176,,,,
4.685205784204673,,,,,,,,,,,,1.8820375335120645,,,,
4.67853170189099,,,,,,,,,,,,1.8793565683646112,,,,
4.671857619577309,,,,,,,,,,,,1.8766756032171583,,,,
4.665183537263626,,,,,,,,,,,,1.873994638069705,,,,
4.658509454949945,,,,,,,,,,,,1.8713136729222521,,,,
4.651835372636263,,,,,,,,,,,,1.868632707774799,,,,
4.645161290322581,,,,,,,,,,,,1.8659517426273458,,,,
4.6384872080088995,,,,,,,,,,,,1.863270777479893,,,,
4.631813125695217,,,,,,,,,,,,1.8605898123324396,,,,
4.625139043381536,,,,,,,,,,,,1.8579088471849867,,,,
4.618464961067854,,,,,,,,,,,,1.8552278820375339,,,,
4.611790878754172,,,,,,,,,,,,1.8525469168900806,,,,
4.605116796440489,,,,,,,,,,,,1.8498659517426272,,,,
4.598442714126808,,,,,,,,,,,,1.8471849865951742,,,,
4.591768631813126,,,,,,,,,,,,1.8445040214477213,,,,
4.585094549499445,,,,,,,,,,,,1.8418230563002684,,,,
4.5784204671857625,,,,,,,,,,,,1.8391420911528151,,,,
4.57174638487208,,,,,,,,,,,,1.8364611260053618,,,,
4.565072302558399,,,,,,,,,,,,1.833780160857909,,,,
4.558398220244717,,,,,,,,,,,,1.8310991957104559,,,,
4.551724137931035,,,,,,,,,,,,1.8284182305630026,,,,
4.545050055617353,,,,,,,,,,,,1.8257372654155497,,,,
4.538375973303671,,,,,,,,,,,,1.8230563002680964,,,,
4.531701890989989,,,,,,,,,,,,1.8203753351206435,,,,
4.525027808676308,,,,,,,,,,,,1.8176943699731907,,,,
4.5183537263626254,,,,,,,,,,,,1.8150134048257374,,,,
4.511679644048944,,,,,,,,,,,,1.8123324396782843,,,,
4.505005561735262,,,,,,,,,,,,1.809651474530831,,,,
4.49833147942158,,,,,,,,,,,,1.806970509383378,,,,
4.491657397107899,,,,,,,,,,,,1.8042895442359252,,,,
4.484983314794216,,,,,,,,,,,,1.801608579088472,,,,
4.478309232480534,,,,,,,,,,,,1.7989276139410186,,,,
4.471635150166852,,,,,,,,,,,,1.7962466487935658,,,,
4.464961067853171,,,,,,,,,,,,1.7935656836461127,,,,
4.458286985539488,,,,,,,,,,,,1.7908847184986594,,,,
4.451612903225807,,,,,,,,,,,,1.7882037533512065,,,,
4.4449388209121246,,,,,,,,,,,,1.7855227882037532,,,,
4.438264738598443,,,,,,,,,,,,1.7828418230563003,,,,
4.431590656284762,,,,,,,,,,,,1.7801608579088473,,,,
4.424916573971079,,,,,,,,,,,,1.7774798927613942,,,,
4.418242491657398,,,,,,,,,,,,1.774798927613941,,,,
4.411568409343715,,,,,,,,,,,,1.7721179624664878,,,,
4.404894327030034,,,,,,,,,,,,1.769436997319035,,,,
4.398220244716352,,,,,,,,,,,,1.766756032171582,,,,
4.39154616240267,,,,,,,,,,,,1.7640750670241288,,,,
4.384872080088988,,,,,,,,,,,,1.7613941018766757,,,,
4.378197997775306,,,,,,,,,,,,1.7587131367292226,,,,
4.3715239154616246,,,,,,,,,,,,1.7560321715817695,,,,
4.364849833147943,,,,,,,,,,,,1.7533512064343166,,,,
4.358175750834261,,,,,,,,,,,,1.7506702412868633,,,,
4.351501668520578,,,,,,,,,,,,1.74798927613941,,,,
4.344827586206897,,,,,,,,,,,,1.7453083109919572,,,,
4.338153503893215,,,,,,,,,,,,1.742627345844504,,,,
4.331479421579533,,,,,,,,,,,,1.739946380697051,,,,
4.324805339265851,,,,,,,,,,,,1.737265415549598,,,,
4.318131256952169,,,,,,,,,,,,1.7345844504021446,,,,
4.3114571746384875,,,,,,,,,,,,1.7319034852546917,,,,
4.304783092324806,,,,,,,,,,,,1.7292225201072389,,,,
4.298109010011124,,,,,,,,,,,,1.7265415549597856,,,,
4.291434927697442,,,,,,,,,,,,1.7238605898123325,,,,
4.28476084538376,,,,,,,,,,,,1.7211796246648792,,,,
4.278086763070078,,,,,,,,,,,,1.7184986595174263,,,,
4.271412680756397,,,,,,,,,,,,1.7158176943699734,,,,
4.264738598442714,,,,,,,,,,,,1.7131367292225201,,,,
4.258064516129033,,,,,,,,,,,,1.7104557640750673,,,,
4.2513904338153505,,,,,,,,,,,,1.707774798927614,,,,
4.244716351501669,,,,,,,,,,,,1.7050938337801609,,,,
4.2380422691879875,,,,,,,,,,,,1.702412868632708,,,,
4.231368186874305,,,,,,,,,,,,1.6997319034852547,,,,
4.224694104560623,,,,,,,,,,,,1.6970509383378014,,,,
4.218020022246941,,,,,,,,,,,,1.6943699731903485,,,,
4.21134593993326,,,,,,,,,,,,1.6916890080428957,,,,
4.204671857619577,,,,,,,,,,,,1.6890080428954424,,,,
4.197997775305896,,,,,,,,,,,,1.6863270777479893,,,,
4.1913236929922135,,,,,,,,,,,,1.683646112600536,,,,
4.184649610678532,,,,,,,,,,,,1.6809651474530831,,,,
4.1779755283648505,,,,,,,,,,,,1.6782841823056303,,,,
4.171301446051168,,,,,,,,,,,,1.675603217158177,,,,
4.164627363737487,,,,,,,,,,,,1.672922252010724,,,,
4.157953281423804,,,,,,,,,,,,1.6702412868632708,,,,
4.151279199110123,,,,,,,,,,,,1.6675603217158177,,,,
4.144605116796441,,,,,,,,,,,,1.6648793565683648,,,,
4.137931034482759,,,,,,,,,,,,1.6621983914209115,,,,
4.131256952169077,,,,,,,,,,,,1.6595174262734587,,,,
4.124582869855395,,,,,,,,,,,,1.6568364611260054,,,,
4.1179087875417135,,,,,,,,,,,,1.6541554959785525,,,,
4.111234705228032,,,,,,,,,,,,1.6514745308310994,,,,
4.10456062291435,,,,,,,,,,,,1.648793565683646,,,,
4.097886540600667,,,,,,,,,,,,1.6461126005361928,,,,
4.091212458286986,,,,,,,,,,,,1.64343163538874,,,,
4.084538375973304,,,,,,,,,,,,1.640750670241287,,,,
4.077864293659622,,,,,,,,,,,,1.6380697050938338,,,,
4.07119021134594,,,,,,,,,,,,1.6353887399463807,,,,
4.064516129032258,,,,,,,,,,,,1.6327077747989276,,,,
4.0578420467185765,,,,,,,,,,,,1.6300268096514745,,,,
4.051167964404895,,,,,,,,,,,,1.6273458445040216,,,,
4.044493882091213,,,,,,,,,,,,1.6246648793565683,,,,
4.037819799777531,,,,,,,,,,,,1.6219839142091155,,,,
4.031145717463849,,,,,,,,,,,,1.6193029490616622,,,,
4.024471635150167,,,,,,,,,,,,1.616621983914209,,,,
4.017797552836486,,,,,,,,,,,,1.6139410187667562,,,,
4.011123470522803,,,,,,,,,,,,1.611260053619303,,,,
4.004449388209122,,,,,,,,,,,,1.60857908847185,,,,
3.9977753058954395,,,,,,,,,,,,1.6058981233243967,,,,
3.991101223581758,,,,,,,,,,,,1.6032171581769439,,,,
3.984427141268076,,,,,,,,,,,,1.6005361930294908,,,,
3.977753058954394,,,,,,,,,,,,1.5978552278820375,,,,
3.971078976640712,,,,,,,,,,,,1.5951742627345844,,,,
3.9644048943270302,,,,,,,,,,,,1.5924932975871313,,,,
3.9577308120133488,,,,,,,,,,,,1.5898123324396785,,,,
3.9510567296996664,,,,,,,,,,,,1.5871313672922251,,,,
3.944382647385985,,,,,,,,,,,,1.5844504021447723,,,,
3.937708565072303,,,,,,,,,,,,1.5817694369973192,,,,
3.931034482758621,,,,,,,,,,,,1.579088471849866,,,,
3.9243604004449395,,,,,,,,,,,,1.576407506702413,,,,
3.917686318131257,,,,,,,,,,,,1.5737265415549597,,,,
3.9110122358175756,,,,,,,,,,,,1.5710455764075069,,,,
3.9043381535038937,,,,,,,,,,,,1.5683646112600538,,,,
3.8976640711902117,,,,,,,,,,,,1.5656836461126007,,,,
3.89098998887653,,,,,,,,,,,,1.5630026809651474,,,,
3.884315906562848,,,,,,,,,,,,1.5603217158176943,,,,
3.8776418242491664,,,,,,,,,,,,1.5576407506702414,,,,
3.870967741935484,,,,,,,,,,,,1.5549597855227881,,,,
3.8642936596218025,,,,,,,,,,,,1.5522788203753353,,,,
3.8576195773081206,,,,,,,,,,,,1.5495978552278822,,,,
3.8509454949944386,,,,,,,,,,,,1.546916890080429,,,,
3.8442714126807567,,,,,,,,,,,,1.5442359249329758,,,,
3.8375973303670747,,,,,,,,,,,,1.5415549597855227,,,,
3.8309232480533932,,,,,,,,,,,,1.5388739946380698,,,,
3.824249165739711,,,,,,,,,,,,1.5361930294906165,,,,
3.8175750834260294,,,,,,,,,,,,1.5335120643431637,,,,
3.8109010011123474,,,,,,,,,,,,1.5308310991957106,,,,
3.8042269187986655,,,,,,,,,,,,1.5281501340482575,,,,
3.797552836484984,,,,,,,,,,,,1.5254691689008044,,,,
3.7908787541713016,,,,,,,,,,,,1.522788203753351,,,,
3.78420467185762,,,,,,,,,,,,1.5201072386058982,,,,
3.777530589543938,,,,,,,,,,,,1.5174262734584452,,,,
3.7708565072302562,,,,,,,,,,,,1.514745308310992,,,,
3.7641824249165743,,,,,,,,,,,,1.512064343163539,,,,
3.7575083426028923,,,,,,,,,,,,1.509383378016086,,,,
3.750834260289211,,,,,,,,,,,,1.5067024128686328,,,,
3.7441601779755285,,,,,,,,,,,,1.5040214477211795,,,,
3.737486095661847,,,,,,,,,,,,1.5013404825737267,,,,
3.730812013348165,,,,,,,,,,,,1.4986595174262736,,,,
3.724137931034483,,,,,,,,,,,,1.4959785522788205,,,,
3.717463848720801,,,,,,,,,,,,1.4932975871313674,,,,
3.710789766407119,,,,,,,,,,,,1.490616621983914,,,,
3.7041156840934377,,,,,,,,,,,,1.4879356568364612,,,,
3.6974416017797553,,,,,,,,,,,,1.485254691689008,,,,
3.690767519466074,,,,,,,,,,,,1.482573726541555,,,,
3.684093437152392,,,,,,,,,,,,1.479892761394102,,,,
3.67741935483871,,,,,,,,,,,,1.477211796246649,,,,
3.6707452725250285,,,,,,,,,,,,1.4745308310991958,,,,
3.664071190211346,,,,,,,,,,,,1.4718498659517425,,,,
3.6573971078976646,,,,,,,,,,,,1.4691689008042896,,,,
3.6507230255839827,,,,,,,,,,,,1.4664879356568365,,,,
3.6440489432703007,,,,,,,,,,,,1.4638069705093835,,,,
3.6373748609566188,,,,,,,,,,,,1.4611260053619304,,,,
3.630700778642937,,,,,,,,,,,,1.4584450402144773,,,,
3.6240266963292553,,,,,,,,,,,,1.4557640750670242,,,,
3.617352614015573,,,,,,,,,,,,1.453083109919571,,,,
3.6106785317018915,,,,,,,,,,,,1.450402144772118,,,,
3.6040044493882095,,,,,,,,,,,,1.447721179624665,,,,
3.5973303670745276,,,,,,,,,,,,1.4450402144772119,,,,
3.5906562847608456,,,,,,,,,,,,1.4423592493297588,,,,
3.5839822024471637,,,,,,,,,,,,1.4396782841823057,,,,
3.577308120133482,,,,,,,,,,,,1.4369973190348526,,,,
3.5706340378198,,,,,,,,,,,,1.4343163538873993,,,,
3.5639599555061183,,,,,,,,,,,,1.4316353887399464,,,,
3.5572858731924364,,,,,,,,,,,,1.4289544235924934,,,,
3.5506117908787544,,,,,,,,,,,,1.4262734584450403,,,,
3.543937708565073,,,,,,,,,,,,1.4235924932975874,,,,
3.5372636262513906,,,,,,,,,,,,1.420911528150134,,,,
3.530589543937709,,,,,,,,,,,,1.418230563002681,,,,
3.523915461624027,,,,,,,,,,,,1.415549597855228,,,,
3.517241379310345,,,,,,,,,,,,1.4128686327077749,,,,
3.5105672969966633,,,,,,,,,,,,1.4101876675603218,,,,
3.5038932146829813,,,,,,,,,,,,1.4075067024128687,,,,
3.4972191323692994,,,,,,,,,,,,1.4048257372654156,,,,
3.490545050055618,,,,,,,,,,,,1.4021447721179625,,,,
3.483870967741936,,,,,,,,,,,,1.3994638069705094,,,,
3.477196885428254,,,,,,,,,,,,1.3967828418230563,,,,
3.470522803114572,,,,,,,,,,,,1.3941018766756033,,,,
3.46384872080089,,,,,,,,,,,,1.3914209115281502,,,,
3.457174638487208,,,,,,,,,,,,1.388739946380697,,,,
3.4505005561735267,,,,,,,,,,,,1.386058981233244,,,,
3.4438264738598448,,,,,,,,,,,,1.383378016085791,,,,
3.437152391546163,,,,,,,,,,,,1.3806970509383378,,,,
3.430478309232481,,,,,,,,,,,,1.3780160857908847,,,,
3.423804226918799,,,,,,,,,,,,1.3753351206434317,,,,
3.417130144605117,,,,,,,,,,,,1.3726541554959786,,,,
3.4104560622914355,,,,,,,,,,,,1.3699731903485257,,,,
3.4037819799777536,,,,,,,,,,,,1.3672922252010724,,,,
3.3971078976640716,,,,,,,,,,,,1.3646112600536193,,,,
3.3904338153503897,,,,,,,,,,,,1.3619302949061662,,,,
3.3837597330367077,,,,,,,,,,,,1.3592493297587132,,,,
3.377085650723026,,,,,,,,,,,,1.35656836461126,,,,
3.370411568409344,,,,,,,,,,,,1.353887399463807,,,,
3.3637374860956624,,,,,,,,,,,,1.3512064343163541,,,,
3.3570634037819804,,,,,,,,,,,,1.3485254691689008,,,,
3.3503893214682985,,,,,,,,,,,,1.3458445040214477,,,,
3.3437152391546165,,,,,,,,,,,,1.3431635388739946,,,,
3.3370411568409346,,,,,,,,,,,,1.3404825737265416,,,,
3.3303670745272527,,,,,,,,,,,,1.3378016085790885,,,,
3.323692992213571,,,,,,,,,,,,1.3351206434316356,,,,
3.3170189098998892,,,,,,,,,,,,1.3324396782841823,,,,
3.3103448275862073,,,,,,,,,,,,1.3297587131367292,,,,
3.3036707452725254,,,,,,,,,,,,1.3270777479892761,,,,
3.2969966629588434,,,,,,,,,,,,1.324396782841823,,,,
3.2903225806451615,,,,,,,,,,,,1.32171581769437,,,,
3.28364849833148,,,,,,,,,,,,1.319034852546917,,,,
3.276974416017798,,,,,,,,,,,,1.316353887399464,,,,
3.270300333704116,,,,,,,,,,,,1.3136729222520107,,,,
3.263626251390434,,,,,,,,,,,,1.3109919571045576,,,,
3.2569521690767522,,,,,,,,,,,,1.3083109919571045,,,,
3.2502780867630703,,,,,,,,,,,,1.3056300268096515,,,,
3.2436040044493883,,,,,,,,,,,,1.3029490616621984,,,,
3.236929922135707,,,,,,,,,,,,1.3002680965147455,,,,
3.230255839822025,,,,,,,,,,,,1.2975871313672924,,,,
3.223581757508343,,,,,,,,,,,,1.2949061662198391,,,,
3.216907675194661,,,,,,,,,,,,1.292225201072386,,,,
3.210233592880979,,,,,,,,,,,,1.289544235924933,,,,
3.203559510567297,,,,,,,,,,,,1.2868632707774799,,,,
3.1968854282536157,,,,,,,,,,,,1.284182305630027,,,,
3.1902113459399337,,,,,,,,,,,,1.281501340482574,,,,
3.183537263626252,,,,,,,,,,,,1.2788203753351208,,,,
3.17686318131257,,,,,,,,,,,,1.2761394101876675,,,,
3.170189098998888,,,,,,,,,,,,1.2734584450402144,,,,
3.163515016685206,,,,,,,,,,,,1.2707774798927614,,,,
3.1568409343715245,,,,,,,,,,,,1.2680965147453085,,,,
3.1501668520578425,,,,,,,,,,,,1.2654155495978554,,,,
3.1434927697441606,,,,,,,,,,,,1.2627345844504023,,,,
3.1368186874304786,,,,,,,,,,,,1.260053619302949,,,,
3.1301446051167967,,,,,,,,,,,,1.257372654155496,,,,
3.1234705228031148,,,,,,,,,,,,1.2546916890080428,,,,
3.116796440489433,,,,,,,,,,,,1.2520107238605898,,,,
3.1101223581757513,,,,,,,,,,,,1.249329758713137,,,,
3.1034482758620694,,,,,,,,,,,,1.2466487935656838,,,,
3.0967741935483875,,,,,,,,,,,,1.2439678284182307,,,,
3.0901001112347055,,,,,,,,,,,,1.2412868632707774,,,,
3.0834260289210236,,,,,,,,,,,,1.2386058981233243,,,,
3.0767519466073416,,,,,,,,,,,,1.2359249329758712,,,,
3.07007786429366,,,,,,,,,,,,1.2332439678284184,,,,
3.063403781979978,,,,,,,,,,,,1.2305630026809653,,,,
3.0567296996662963,,,,,,,,,,,,1.2278820375335122,,,,
3.0500556173526143,,,,,,,,,,,,1.2252010723860591,,,,
3.0433815350389324,,,,,,,,,,,,1.2225201072386058,,,,
3.0367074527252504,,,,,,,,,,,,1.2198391420911527,,,,
3.030033370411569,,,,,,,,,,,,1.2171581769436999,,,,
3.023359288097887,,,,,,,,,,,,1.2144772117962468,,,,
3.016685205784205,,,,,,,,,,,,1.2117962466487937,,,,
3.010011123470523,,,,,,,,,,,,1.2091152815013406,,,,
3.003337041156841,,,,,,,,,,,,1.2064343163538875,,,,
2.9966629588431593,,,,,,,,,,,,1.2037533512064342,,,,
2.9899888765294773,,,,,,,,,,,,1.2010723860589811,,,,
2.983314794215796,,,,,,,,,,,,1.1983914209115283,,,,
2.976640711902114,,,,,,,,,,,,1.1957104557640752,,,,
2.969966629588432,,,,,,,,,,,,1.1930294906166221,,,,
2.96329254727475,,,,,,,,,,,,1.190348525469169,,,,
2.956618464961068,,,,,,,,,,,,1.1876675603217157,,,,
2.949944382647386,,,,,,,,,,,,1.1849865951742626,,,,
2.9432703003337046,,,,,,,,,,,,1.1823056300268098,,,,
2.9365962180200227,,,,,,,,,,,,1.1796246648793567,,,,
2.9299221357063407,,,,,,,,,,,,1.1769436997319036,,,,
2.923248053392659,,,,,,,,,,,,1.1742627345844505,,,,
2.916573971078977,,,,,,,,,,,,1.1715817694369974,,,,
2.909899888765295,,,,,,,,,,,,1.1689008042895441,,,,
2.9032258064516134,,,,,,,,,,,,1.1662198391420913,,,,
2.8965517241379315,,,,,,,,,,,,1.1635388739946382,,,,
2.8898776418242496,,,,,,,,,,,,1.160857908847185,,,,
2.8832035595105676,,,,,,,,,,,,1.158176943699732,,,,
2.8765294771968857,,,,,,,,,,,,1.155495978552279,,,,
2.8698553948832037,,,,,,,,,,,,1.1528150134048258,,,,
2.863181312569522,,,,,,,,,,,,1.1501340482573725,,,,
2.8565072302558403,,,,,,,,,,,,1.1474530831099197,,,,
2.8498331479421584,,,,,,,,,,,,1.1447721179624666,,,,
2.8431590656284764,,,,,,,,,,,,1.1420911528150135,,,,
2.8364849833147945,,,,,,,,,,,,1.1394101876675604,,,,
2.8298109010011125,,,,,,,,,,,,1.1367292225201073,,,,
2.8231368186874306,,,,,,,,,,,,1.1340482573726542,,,,
2.816462736373749,,,,,,,,,,,,1.1313672922252012,,,,
2.809788654060067,,,,,,,,,,,,1.128686327077748,,,,
2.8031145717463852,,,,,,,,,,,,1.126005361930295,,,,
2.7964404894327033,,,,,,,,,,,,1.123324396782842,,,,
2.7897664071190214,,,,,,,,,,,,1.1206434316353888,,,,
2.7830923248053394,,,,,,,,,,,,1.1179624664879357,,,,
2.776418242491658,,,,,,,,,,,,1.1152815013404827,,,,
2.769744160177976,,,,,,,,,,,,1.1126005361930296,,,,
2.763070077864294,,,,,,,,,,,,1.1099195710455765,,,,
2.756395995550612,,,,,,,,,,,,1.1072386058981234,,,,
2.74972191323693,,,,,,,,,,,,1.1045576407506703,,,,
2.743047830923248,,,,,,,,,,,,1.1018766756032172,,,,
2.7363737486095663,,,,,,,,,,,,1.0991957104557641,,,,
2.729699666295885,,,,,,,,,,,,1.096514745308311,,,,
2.723025583982203,,,,,,,,,,,,1.093833780160858,,,,
2.716351501668521,,,,,,,,,,,,1.0911528150134049,,,,
2.709677419354839,,,,,,,,,,,,1.0884718498659518,,,,
2.703003337041157,,,,,,,,,,,,1.0857908847184987,,,,
2.696329254727475,,,,,,,,,,,,1.0831099195710456,,,,
2.6896551724137936,,,,,,,,,,,,1.0804289544235925,,,,
2.6829810901001117,,,,,,,,,,,,1.0777479892761395,,,,
2.6763070077864297,,,,,,,,,,,,1.0750670241286864,,,,
2.6696329254727478,,,,,,,,,,,,1.0723860589812333,,,,
2.662958843159066,,,,,,,,,,,,1.0697050938337802,,,,
2.656284760845384,,,,,,,,,,,,1.0670241286863271,,,,
2.6496106785317024,,,,,,,,,,,,1.064343163538874,,,,
2.6429365962180205,,,,,,,,,,,,1.061662198391421,,,,
2.6362625139043385,,,,,,,,,,,,1.0589812332439679,,,,
2.6295884315906566,,,,,,,,,,,,1.0563002680965148,,,,
2.6229143492769746,,,,,,,,,,,,1.0536193029490617,,,,
2.6162402669632927,,,,,,,,,,,,1.0509383378016086,,,,
2.609566184649611,,,,,,,,,,,,1.0482573726541558,,,,
2.6028921023359293,,,,,,,,,,,,1.0455764075067024,,,,
2.5962180200222473,,,,,,,,,,,,1.0428954423592494,,,,
2.5895439377085654,,,,,,,,,,,,1.0402144772117963,,,,
2.5828698553948835,,,,,,,,,,,,1.0375335120643432,,,,
2.5761957730812015,,,,0.03766891680684005,2.806578766419234,0.35630569573354515,,,,,,1.03485254691689,1.1195641941952,1.4694181182372648,0.9996108876742855,0.9996041620661665
2.5695216907675196,,,,0.04004693034899944,2.8744016031973336,0.34789849786044247,,,,,,1.032171581769437,1.1167400652434267,1.4656706391420957,0.9970893439673452,0.9970548565592487
2.562847608453838,,,,0.0423127232298937,3.0226321763675528,0.33083747596498814,,,,,,1.0294906166219842,1.1140190286946567,1.462080219048354,0.9946598470488006,0.9946123939104449
2.556173526140156,,,,0.04446300344308148,3.192000063670093,0.31328320177106184,,,,,,1.0268096514745308,1.1114118979730063,1.4572335201474056,0.9923320517616128,0.9913153198281671
2.549499443826474,4.242870450190671,-1.203016533653821,-0.8312437709918948,0.04649447898212149,3.3871245372228085,0.2952356752786911,4.289267846790056,-1.9094554230907064,-0.5237095288568547,0.4237319208759414,0.7271125278934778,1.0241286863270778,1.108928476805584,1.4530995868271093,0.990114711433557,0.9885031202905505
2.5428253615127923,4.236681833644891,-1.228529085723851,-0.8139815423342611,0.0484038578405724,3.6140890659466547,0.2766948964878555,4.285073435957774,-1.9140402753480301,-0.5224550459462876,0.41951089030189387,0.7203658894901429,1.0214477211796247,1.1065777013675506,1.4490657196883652,0.9880158047924558,0.9857589929852825
2.5361512791991103,4.231833820385022,-1.280111095413176,-0.7811821986256859,0.05018784801199279,3.893669436293634,0.25682714374230375,4.282176077275095,-1.9231027592463024,-0.5199930139936555,0.4076614370171942,0.8221344503949825,1.0187667560321716,1.1043677032731016,1.4452684348508025,0.9860425922081264,0.9831758060209541
2.5294771968854284,4.226875835517056,-1.3300824661323674,-0.7518330821304744,0.05183202883602031,4.236673189264524,0.2360342550220631,4.278689993547711,-1.9319010677888482,-0.517624849777917,0.39081881329422113,1.0002681707630183,1.0160857908847185,1.1023208568484537,1.4399339395876036,0.9842150507575479,0.979546897678642
2.522803114571747,4.221866334701358,-1.377535332886968,-0.725934192848797,0.053338472105724385,4.649381261888569,0.21508238272414815,4.275196296287684,-1.9404267514580373,-0.5153505532989584,0.36973158327027694,0.9316492586901508,1.0134048257372656,1.1004379517616105,1.4351839315072403,0.9825338855014378,0.9763155996647894
2.516129032258065,4.216872761406496,-1.4214933445605618,-0.7034855307811085,0.054702983889067816,5.1436334026477555,0.19441509954524294,4.271703673187631,-1.9486715070602156,-0.5131701245576323,0.34566918775158967,1.0273020009513036,1.0107238605898123,1.098727410832318,1.4308776737568203,0.9810066168145696,0.9733861726236873
2.509454949944383,4.212402130380789,-1.4618903106946202,-0.6840458498728594,0.055933556860499625,5.636899526032305,0.17740248790701418,4.268324615996171,-1.967250792982551,-0.5083235973609135,0.3256710623294786,1.172076791216428,1.0080428954423593,1.0971804389227733,1.4250473991863006,0.9796253918953333,0.9694199994464631
2.502780867630701,4.207779409567631,-1.4819581853309738,-0.6747828716750632,0.057070981502954574,6.090736025718173,0.16418376954402447,4.26488159181418,-1.9584836632620075,-0.5105991021310956,0.30578793517061376,1.1765731833554691,1.0053619302949062,1.0957480217133955,1.4200655438222605,0.9783464479583888,0.966030982192014
2.496106785317019,4.2034146213437165,-1.5036753653034054,-0.6650371636554837,0.05812510884551444,6.510354639248134,0.153601463424347,4.261514120221828,-1.955280007922989,-0.5114357002311181,0.2912488018067244,1.346063618896383,1.002680965147453,1.094418563091995,1.4143490568660186,0.9771594313321382,0.9621422155551147
2.489432703003337,4.199118402383993,-1.5453842332702494,-0.647088263534215,0.05912127912374677,7.0204294584732505,0.14244142839339524,4.258096367261096,-1.9815838134028074,-0.504646835140818,0.2771625394009853,1.3764030334798902,1.0,1.0931606951955468,1.4080417353738497,0.9760363349960239,0.9578515206624828
2.4827586206896557,4.194878738731059,-1.581342082714807,-0.6323742414311937,0.060026440481466284,7.660399381969387,0.1305414966161873,4.254730045912726,-1.9926957942303722,-0.501832744815033,0.2603892474873238,1.0026587078754807,0.997319034852547,1.0920167436052153,1.4024030416158155,0.9750149496475136,0.954015674568582
2.4760845383759738,4.190368751565674,-1.6064990303686166,-0.6224715864101995,0.060863768511282036,8.135524872043032,0.12291769931604613,4.251373108780455,-2.001786045179117,-0.4995538870941232,0.2496141855369879,0.9789722200063827,0.9946380697050939,1.090957873622268,1.3987777234363807,0.9740695300198822,0.9515494717254291
2.469410456062292,4.186279826800718,-1.6316261524081939,-0.6128854937290953,0.06166716616755368,8.626586158602212,0.11592071088316036,4.248099928285018,-2.012215019087083,-0.49696478284596424,0.238784668100415,1.3576463435246546,0.9919571045576409,1.0899414851935285,1.3938878262456627,0.9731620403513647,0.9482230110514712
2.46273637374861,4.1823123616236355,-1.6559508734763175,-0.60388264894641,0.06241109724387152,9.207030512839093,0.10861265188656777,4.244755775347561,-2.019100704537671,-0.49526999705989283,0.22744722372693962,1.6896587642721166,0.9892761394101878,1.0890001246350183,1.3869391599144694,0.9723215398526948,0.9434960271527002
2.456062291434928,4.178414801457459,-1.675262503094276,-0.5969213768904638,0.06311694572555014,9.792045541704331,0.10212370803842763,4.241480268051039,-2.021028115027287,-0.49479766885207255,0.21707164215612812,1.6155715574661562,0.9865951742627346,1.0881061220546409,1.380259967836228,0.971523323263072,0.9389523590722639
2.449388209121246,4.174489267141325,-1.7001454913077905,-0.5881849554127143,0.06377426131112529,10.659041714379464,0.09381706412228041,4.238176309519293,-2.0227850910583056,-0.49436789129032377,0.20466472007233324,1.5029956331544523,0.9839142091152815,1.08726771289711,1.374040025784454,0.9707747436581339,0.934721105975819
2.442714126807564,4.170584776475192,-1.7291702884260953,-0.5783120417308396,0.0643692313423103,11.844042265602477,0.0844306342019907,4.234892099790329,-2.0247775776850543,-0.49388140752887466,0.19187597947519727,1.377632080662855,0.9812332439678284,1.086494975956933,1.3684104862221746,0.9700847999615471,0.9308914872259691
2.4360400444938826,4.166686689219075,-1.7464135238949503,-0.5726020706537724,0.06490125531604618,12.65719493981648,0.07900644690667136,4.231609892076914,-2.02594989073953,-0.49359562374712596,0.1860972368767365,1.3745644369818322,0.9785522788203754,1.0857826932577648,1.3633542324769858,0.9694488332658613,0.9274518588278816
2.4293659621802006,4.162805865595717,-1.7550341106399576,-0.5697894952226079,0.06542382240224359,13.040495891330433,0.07668420038112345,4.228283202050956,-2.027964433684654,-0.4931052948414276,0.18517499725387954,1.5195650492797197,0.9758713136729223,1.085072597931386,1.3578686115198484,0.9688148195815945,0.9237201438910534
2.4226918798665187,4.1589863604238015,-1.769932730208345,-0.5649932242804994,0.06592484864705117,13.81880326617608,0.07236516655879122,4.224949638186769,-2.0299290394153338,-0.4926280577216744,0.18000933818681739,1.6567081347142587,0.9731903485254693,1.0843742141061892,1.351715543138249,0.9681912625948117,0.9195343830872442
2.4160177975528367,4.155272823792497,-1.7892308662648484,-0.5588993677979488,0.06638976455875695,14.90771882067908,0.06707934406522753,4.221675056479248,-2.033264104235307,-0.491820023732771,0.17132699275108962,1.7322357599040537,0.9705093833780162,1.0837133127400376,1.3453663996134588,0.9676011720893192,0.9152152378322849
2.409343715239155,4.15164775043388,-1.8093509748717513,-0.5526843679794524,0.06682023477472941,16.01667645201064,0.06243492543513707,4.218448905540128,-2.0397779440816364,-0.49024944254421143,0.16464092989291254,1.7532022242065701,0.967828418230563,1.0830938994808108,1.3387809903749763,0.9670481245364382,0.9107353676020247
2.402669632925473,4.1480028526571635,-1.8273620050363362,-0.5472369444280503,0.06722315622196234,17.041341158426494,0.058680827447992634,4.21519116565207,-2.0468477729468484,-0.48855611697996437,0.15879197184812835,1.6888318140562768,0.9651474530831099,1.0824980229217127,1.3324264874408203,0.9665160918943863,0.9064125764903539
2.3959955506117914,4.144331942086724,-1.8441697727482955,-0.5422494256099526,0.06760351611997514,17.87651931314907,0.055939301297006416,4.211906987295293,-2.0563010104151234,-0.4863101243130359,0.15543529137734594,1.6244383611518356,0.9624664879356569,1.081932685896192,1.3264278046529125,0.9660113266930284,0.9023318398999405
2.3893214682981094,4.140693266701805,-1.8582481039022258,-0.5381412729011004,0.06796984322481446,18.59626030995866,0.05377425263640134,4.208654819294134,-2.0645501410341294,-0.4843670202648127,0.15279457878043584,1.6288992372072322,0.9597855227882038,1.081372967429152,1.3206614976007165,0.9655115780617427,0.8984091820413038
2.3826473859844275,4.137097149857031,-1.8717267470781171,-0.5342660201661715,0.06832130369687928,19.47739315320836,0.05134157287548913,4.205420893718459,-2.0707172842673094,-0.48292444729065664,0.14901739391579868,1.6738704952723313,0.9571045576407508,1.0808344594206434,1.3147206941761316,0.9650307673398602,0.8943678191674365
2.3759733036707456,4.133559587560843,-1.884056016126008,-0.5307697814931203,0.06865515899178429,20.638029314253885,0.048454238763453006,4.202224699586388,-2.073331484074656,-0.4823155427296797,0.14346145888855386,1.6813942654491856,0.9544235924932977,1.080309989513486,1.3087233771565625,0.964562490637041,0.8902880116711309
2.3692992213570636,4.130010374278868,-1.8990665258847679,-0.5265744966644093,0.06896807885278745,22.20562718370733,0.04503363006714434,4.199001325434205,-2.076666944316468,-0.4815408665972427,0.13581265941187393,1.7403708600211947,0.9517426273458446,1.0798163671207395,1.3028076841878293,0.964121756357803,0.88626373074002
2.3626251390433817,4.126537911462368,-1.9191865158765844,-0.5210540985607395,0.06925627529968834,24.185558588264293,0.041346987970136695,4.1958068759532,-2.0846053308837575,-0.4797071105905957,0.12772974507352894,1.8302923097689436,0.9490616621983914,1.0793537050468212,1.296455083790849,0.963708665220376,0.8819422338713259
2.3559510567297,4.123082185106021,-1.9370539854360698,-0.5162478730683802,0.06951998525505845,26.449354133657447,0.03780810657782663,4.1926097598058245,-2.090127263741394,-0.47843976649056685,0.11842997582926966,1.8878519818357105,0.9463806970509385,1.0789256741341442,1.2900774206975467,0.9633264947626287,0.8776036875493516
2.3492769744160182,4.119663149557321,-1.9472931422941957,-0.513533364998068,0.06976094413053807,28.56030829559949,0.03501362764190041,4.1894184105159695,-2.089777958846581,-0.47851973735618003,0.11204117526366235,1.9059997185988056,0.9436997319034853,1.0785345707825684,1.2834329747357025,0.9629772953415788,0.8730836562827908
2.3426028921023363,4.116252275601632,-1.9547805286643725,-0.5115663806428756,0.06998735292102376,30.350697631811535,0.03294817180583909,4.186229729691323,-2.0893480054383837,-0.4786182088369628,0.10724486628485688,1.89536535016745,0.9410187667560322,1.0781572091204374,1.2770056987547234,0.9626403652861047,0.8687113596970908
2.3359288097886544,4.11279416013574,-1.9661394962635428,-0.5086109108231653,0.07020074175197308,32.302773684261716,0.03095709395652335,4.18297989909246,-2.0935664380535193,-0.47765381686656383,0.10137199443913009,1.8829684927998513,0.9383378016085792,1.0778011230731022,1.2704888457545356,0.9623224313152696,0.8642781263636297
2.3292547274749724,4.109458630623147,-1.97711564879418,-0.5057873071865515,0.07040057330754021,34.42365216400262,0.02904979388113027,4.179846160936328,-2.0975903344934768,-0.47673751330546565,0.09670014495622488,1.8313605447864363,0.9356568364611261,1.077467660312009,1.2642146043860163,0.9620246967071507,0.8600099349564737
2.3225806451612905,4.106100323491691,-1.9877738655190786,-0.5030753333397229,0.0705885031830894,36.76990260251371,0.027196155801936683,4.176684191293707,-2.1013737250998874,-0.4758791775377631,0.09209661437911452,1.8122240004872086,0.9329758713136729,1.0771477652122714,1.2581202874574169,0.9617390760823851,0.8558641411274945
2.3159065628476085,4.102712012777363,-1.9990627028482328,-0.5002344341551748,0.07076359207241589,39.43001467850668,0.025361390508056303,4.173479193045389,-2.1058259957647323,-0.4748730436471078,0.08659986584388539,1.75521151852186,0.9302949061662198,1.0768480352128689,1.2520453410095056,0.96147146001149,0.8517315244962623
2.309232480533927,4.099328613608531,-2.0095007649289256,-0.4976360384890768,0.0709270311987698,42.896832006069445,0.023311744789417332,4.170279106342568,-2.108262244381587,-0.47432429369968077,0.07980666012437555,1.822060093016186,0.9276139410187669,1.076568248131959,1.2463745988858181,0.9612216501178205,0.8478738767930736
2.302558398220245,4.096085083010667,-2.021654620258699,-0.49464433240927974,0.0710747610796161,47.786138701275036,0.02092657049047819,4.167171756174073,-2.110961590187107,-0.473717761918806,0.07285539235143622,2.1177361499206695,0.9249329758713137,1.076315353289413,1.2398066336074054,0.9609958511512615,0.8434058732023166
2.295884315906563,4.092817159598403,-2.0335221250684654,-0.4917576197831295,0.07120636250676284,54.07397061228328,0.01849318606858219,4.16401658643993,-2.1129836276757215,-0.4732644337145189,0.06538003118234441,2.142064407165744,0.9222520107238606,1.0760852230636848,1.2322470183055845,0.9607903777354327,0.838263277758901
2.2892102335928812,4.089538633743405,-2.0480604985901407,-0.48826682643817776,0.07132161117174401,61.8507798147693,0.016167944898913156,4.160850814263052,-2.1182003158738785,-0.472098881539182,0.057660019280475025,1.885758836369178,0.9195710455764076,1.0758827983043622,1.2256267590105634,0.9606096413431804,0.833759700007186
2.2825361512791993,4.0862832202293395,-2.0658632536208352,-0.4840591448864302,0.07142217489695968,70.43300378456864,0.014197889430623611,4.157708154427106,-2.128287847505033,-0.4698612554557826,0.05115721145438431,1.7806089451946032,0.9168900804289545,1.0757061664286116,1.219850050562707,0.9604519343112602,0.8298299663691885
2.2758620689655173,4.083023093145656,-2.0787010568612194,-0.4810696548689748,0.07151112693722508,78.19099457311938,0.012789196575123007,4.154544439398103,-2.135472412501285,-0.46828045829386156,0.04653715234219065,1.984622142348335,0.9142091152815013,1.0755499295182325,1.2141216931312904,0.9603124370698503,0.8259331245791091
2.269187986651836,4.07981292716049,-2.0860666583328946,-0.4793710670775795,0.07159288719829614,82.77558816641881,0.01208085647171142,4.151405844248317,-2.139997751511408,-0.4672902106059382,0.04424859630940786,2.304416304058378,0.9115281501340484,1.0754063243738936,1.2066429014054036,0.9601842181909764,0.8208455111601386
2.262513904338154,4.076655802395423,-2.0964105642119812,-0.477005800805955,0.07167238419824903,86.56385183771198,0.011552166161399313,4.14832029031863,-2.148441704110033,-0.46545363464457523,0.04255453144727438,2.2114927638365427,0.9088471849865953,1.0752666944607405,1.1993711351745713,0.9600595486256611,0.815898731411273
2.255839822024472,4.073512203437006,-2.112840383822519,-0.4732965195368024,0.07174708741402115,93.30990612965469,0.010716975736857925,4.145248262195592,-2.16179036320008,-0.46257954379984767,0.04027141499291157,2.0638486977227695,0.9061662198391421,1.0751349692157934,1.192537866974411,0.9599419367998154,0.8112502496424565
2.24916573971079,4.070360451296887,-2.1266746096267903,-0.4702176795045716,0.07181543615469207,101.48165858949241,0.009853997401098269,4.142168080890853,-2.172195676753993,-0.4603636821036048,0.037662404747323526,1.911352621074468,0.903485254691689,1.0750117759647615,1.1862858566516916,0.9598319428256797,0.8069971813957085
2.242491657397108,4.0672047014411365,-2.135286646721338,-0.4683211977817905,0.07187862019356864,108.22114696973307,0.009240338214856259,4.139083901870483,-2.1782655041275274,-0.4590808595669955,0.03552345252001538,1.802801614483254,0.900804289544236,1.0748978916841423,1.1805062730132847,0.9597302604322698,0.8030654918457719
2.235817575083426,4.064060892766801,-2.141395401778278,-0.46698521868944454,0.0719387777103965,113.47349211831725,0.008812630873801908,4.136011664031527,-2.1825836520855724,-0.458172587815568,0.03398041129034903,1.893994117333697,0.8981233243967829,1.0747894624724366,1.1750035320336403,0.959633448636104,0.7993221306351295
2.2291434927697447,4.060971606777655,-2.1494640283443296,-0.4652322564198812,0.07199625264127234,120.8865312511623,0.0082722201526515,4.132976162897623,-2.1883751764568413,-0.45696003626721904,0.03194783589676198,2.25068856610928,0.8954423592493299,1.0746858684117717,1.1685470741961757,0.9595409539390818,0.794929982446378
2.2224694104560627,4.057890094468652,-2.1614498880597366,-0.4626524100901861,0.07204919666682788,131.13162067210683,0.0076259257292372595,4.129939593206362,-2.1976742769260915,-0.45502648436087156,0.029620229872938202,2.410659154040148,0.8927613941018768,1.074590440953023,1.1607806565158911,0.9594557508509133,0.7896467051128511
2.215795328142381,4.054828755674,-2.1735432387578997,-0.46007826399232954,0.07209804475334225,141.3886317503724,0.0070727044149174745,4.126923197029453,-2.207478426827543,-0.4530055595773774,0.027646345047509558,2.2500134215852805,0.8900804289544236,1.074502396103545,1.1536150766648599,0.9593771393781649,0.7847721609965034
2.209121245828699,4.05170983615709,-2.184903667584393,-0.4576860823825655,0.07214360428971887,149.96196515657323,0.006668357532897851,4.1238492201302845,-2.217207761254596,-0.45101772484963476,0.02623444253408292,2.1351049373060795,0.8873994638069705,1.074420278608085,1.1469318978716307,0.95930382018579,0.7802257808650549
2.202447163515017,4.048657454960792,-2.1958207458204653,-0.4554105802595245,0.07218705508748549,152.0589132312411,0.00657639844156499,4.120841781551729,-2.227994302816782,-0.4488341818180288,0.026021501737207,2.117774630165407,0.8847184986595175,1.0743419619487835,1.1405580522779837,0.959233894597128,0.7758898314816216
2.195773081201335,4.045647932086533,-2.2041671692544864,-0.4536860969298573,0.07223138713877203,148.1411923030232,0.006750316940574486,4.117877201295212,-2.2374579185043846,-0.44693577998930323,0.02680308504141617,2.181384229248063,0.8820375335120644,1.0742620568990446,1.134054934630576,0.9591625508027183,0.7714659419255618
2.189098998887653,4.042668134534366,-2.2113924316189433,-0.45220377247466104,0.07227715942929516,146.60514394572442,0.0068210430622421825,4.114942346360787,-2.245259939286718,-0.44538272941247214,0.027186696429327736,2.212604658930648,0.8793565683646113,1.0741795559309013,1.1273405466962272,0.959088889224019,0.7668983310858688
2.1824249165739715,4.039632003350466,-2.2224377617384596,-0.4499563574809713,0.07232243554449717,150.99397956261862,0.006622780609509604,4.111951157794629,-2.2556378586452697,-0.44333357687150965,0.026561621180520953,2.156870059519199,0.8766756032171583,1.0740979492799072,1.1206989432686485,0.9590160261427741,0.7623802335160874
2.1757508342602896,4.03661989589219,-2.233063703967002,-0.44781525857212046,0.0723655613951618,160.04602664786657,0.006248202601119246,4.108983992954095,-2.264661700817167,-0.4415670559709497,0.025465211353360894,2.042195293003535,0.8739946380697052,1.0740198884927081,1.1143727645248787,0.9589463290113464,0.758076710561142
2.1690767519466077,4.033641970862725,-2.2404742795345656,-0.4463340682526109,0.07240583758144203,172.72955762778267,0.005789397099915661,4.106051010542373,-2.2699173670260757,-0.44054467115256557,0.023854716500282782,1.8961629208683042,0.871313672922252,1.0739455607858033,1.108464606202216,0.9588799649873243,0.7540575552396028
2.1624026696329257,4.030676110854969,-2.2472328235636505,-0.4449917202678648,0.07244283922074465,189.12544068872396,0.005287495941098008,4.10313009315236,-2.2742560673168852,-0.4397042243267606,0.02182806572280988,2.0480227676254747,0.868632707774799,1.0738772760931579,1.1030367947983042,0.958818996511748,0.7503651665294586
2.1557285873192438,4.02769195592391,-2.2592254435441896,-0.44262957592724206,0.07247641594773033,209.04622626383116,0.004783630959871665,4.100172189985329,-2.2839083277896006,-0.437845944967421,0.019846011790012257,2.5597215029128124,0.8659517426273459,1.0738153119065577,1.0957760763661992,0.9587636713451406,0.7454259022899314
2.149054505005562,4.0247523570756165,-2.2729567821957564,-0.4399555714534813,0.07250669191431358,231.53861623773884,0.004318933991439344,4.097257905771128,-2.295491044614605,-0.43563663746198245,0.0180286417722851,2.5575838340768624,0.8632707774798928,1.0737594391097938,1.0878498352453967,0.9587137849194587,0.7400339015274807
2.1423804226918803,4.021840644420476,-2.2824630209579797,-0.43812319885046236,0.07253406578966279,254.1595193503836,0.003934536871001093,4.09437150775008,-2.3031462761858115,-0.4341886619794195,0.016516179102726916,2.3430224643312756,0.8605898123324398,1.0737089219786622,1.0806833609453286,0.9586686803380912,0.7351587489424004
2.1357063403781984,4.018884357700084,-2.2919412665694425,-0.43631135517568964,0.07255921076020012,272.36294269160584,0.003671571433755183,4.0914405356637795,-2.3113916879096443,-0.4326397837418767,0.015510024417482624,2.2002870885823826,0.8579088471849867,1.0736625181809634,1.0741004134147736,0.95862724837586,0.7306805533433834
2.1290322580645165,4.016031071952173,-2.305877158854254,-0.4336744462557931,0.07258307452960168,280.0203115043251,0.003571169514910544,4.08861256454996,-2.3250229748944555,-0.4301032767409083,0.015196792495691116,2.1558513008194065,0.8552278820375336,1.0736184787765028,1.0678528840482768,0.9585879274790203,0.7264305333661747
2.1223581757508345,4.013128165854463,-2.321093744697065,-0.43083137089342927,0.07260687931879738,272.1486142868324,0.003674462949666335,4.085734973086342,-2.3410601149207566,-0.42715690794375405,0.01570998059060412,2.2286533228444334,0.8525469168900804,1.073574548217091,1.061620795686172,0.9585487037652598,0.7221910174735864
2.1156840934371526,4.010280776368839,-2.3305752291248987,-0.42907861866166286,0.07263212186597098,264.02113989042635,0.003787575496473572,4.08291289823481,-2.351330967512729,-0.42529104316514577,0.016290081793722756,2.310947789500279,0.8498659517426274,1.073527964346543,1.0550123026145781,0.958507111023699,0.7176954439554953
2.1090100111234706,4.007342860341911,-2.340428881107388,-0.42727211583837743,0.07265743650006287,263.6452215527497,0.0037929760081008013,4.080000296841974,-2.3613914026566825,-0.4234791398304196,0.01638241555618268,2.3240464655520716,0.8471849865951743,1.0734812474431576,1.0483849372042802,0.9584653995028193,0.7131870321117553
2.102335928809789,4.00454060802125,-2.3521133094980637,-0.42514958610280473,0.07268275113415476,263.645221552688,0.0037929760081016894,4.077223359155405,-2.373286608166194,-0.4213566100946764,0.016464203626297563,2.3356491058722044,0.8445040214477213,1.0734345305397723,1.0417575717939822,0.9584236879819394,0.7086786202680151
2.095661846496107,4.001725395580853,-2.3588189205650076,-0.42394097795369134,0.07270806576824665,263.6452215527497,0.0037929760081008013,4.074433461349099,-2.3801136632075814,-0.420148001945563,0.016511141223052986,2.3423077793425433,0.8418230563002682,1.073387813636387,1.035130206383684,0.9583819764610597,0.7041702084242749
2.0889877641824253,3.998932043325517,-2.363330103264021,-0.4231317489752655,0.07273338040233854,263.6452215527497,0.0037929760081008013,4.071665423727856,-2.3847067442013827,-0.419338772967194,0.01654271837125097,2.3467873848936227,0.8391420911528151,1.0733410967330017,1.028502840973386,0.95834026494018,0.6996617965805347
2.0823136818687433,3.996068880951058,-2.368341576607831,-0.42223639101598565,0.07275869503643043,263.6452215527497,0.0037929760081008013,4.068827575987489,-2.389809384337155,-0.41844341500791415,0.01657779742856734,2.351763779179354,0.836461126005362,1.0732943798296164,1.0218754755630879,0.9582985534193003,0.6951533847367946
2.0756395995550614,3.9932603635415473,-2.3768099260722497,-0.42073200260171006,0.0727840096705223,266.08441279381094,0.003758205862193442,4.06604437321207,-2.3982322338223816,-0.4169737967395122,0.01648257007154315,2.3382546112699774,0.8337801608579088,1.073247662926231,1.0152481101527937,0.9582568418984205,0.6906449728930569
2.0689655172413794,3.9904797747438647,-2.384353783476099,-0.41940084853604276,0.0728088601869825,268.76373643813383,0.003720740056872174,4.063289099048479,-2.4056960619519048,-0.41568010847913683,0.016372019086796648,2.3225715989293696,0.8310991957104558,1.0732018025289474,1.0087422506322268,0.9582158951151315,0.6862192181171611
2.0622914349276975,3.987650798375872,-2.3900417286511892,-0.4184027366603118,0.07283367472133706,266.91630824725627,0.0037464926986539027,4.060485437314578,-2.411636179515723,-0.4146562439616446,0.016522276642322076,2.343887475065995,0.8284182305630027,1.0731560085348575,1.0022458112186803,0.9581750076204083,0.6817998715773336
2.055617352614016,3.984854729565743,-2.3993797719208847,-0.4167743729869926,0.07285886898829937,261.2520406772734,0.0038277212970569963,4.057714683138541,-2.4216203131993383,-0.4129466516899356,0.016941547854739315,2.403366236056666,0.8257372654155497,1.073109513763048,0.9956499578953529,0.9581334944312928,0.677312896527451
2.048943270300334,3.9820554153301764,-2.410818764925704,-0.41479683771700593,0.07288476777535784,253.11317031916346,0.003950801922867342,4.054940683537066,-2.4340018227679034,-0.41084603579417944,0.017564425608728004,2.491729080819862,0.8230563002680966,1.073061718834296,0.9888696613721265,0.958090820387764,0.6727004499130113
2.042269187986652,3.9793293754957233,-2.416267996254171,-0.4138613769458743,0.0729116049427759,243.7769446227163,0.004102110646877044,4.052239958336705,-2.440457317858972,-0.4097592662990337,0.018277865472495932,2.5764526993677346,0.8203753351206435,1.073012192171068,0.9818436970855693,0.9580466001527392,0.6679208823711356
2.03559510567297,3.97660496723044,-2.418591087441721,-0.4134638571986784,0.07293952342359201,234.30048842408576,0.004268023539882648,4.049540864705514,-2.4438176485297274,-0.40919583365871404,0.019058763103704114,2.3643256674996334,0.8176943699731903,1.0729606699975214,0.9746319445631868,0.9580005982120726,0.6630149282742768
2.0289210233592883,3.9738555157069984,-2.4308659821005225,-0.4113760311606711,0.07296857522361973,225.48337969027676,0.004434916672677147,4.046822761345376,-2.4573579920977777,-0.4069411144878927,0.02014460730714101,2.239277245127827,0.8150134048257373,1.0729069049007507,0.9685926189794439,0.9579525936613844,0.6589065435234313
2.0222469410456063,3.9710832281690114,-2.4421090687039237,-0.4094821205224548,0.07299872142144755,217.90451134532347,0.0045891661160482045,4.044082289738066,-2.4697885925574443,-0.40489295440647766,0.021205999937153677,2.3285445295249247,0.8123324396782842,1.0728498330245062,0.9623257885723626,0.9579016366290233,0.6546433935866413
2.015572858731925,3.9683426134591855,-2.4472395980998747,-0.4086236593983017,0.07302983216843906,211.9925032140603,0.004717147940794142,4.041373490958917,-2.475820447636273,-0.4039065114575351,0.02184809717983584,2.3990506139473644,0.8096514745308312,1.0727909350927567,0.9558584464436147,0.9578490491899612,0.6502438411181053
2.008898776418243,3.965603708196402,-2.4503018082716777,-0.4081129910708228,0.07306168668873288,208.10622797349748,0.004805238217701735,4.038666401626811,-2.4794960992589465,-0.40330775285303844,0.02228863785535122,2.447424592207151,0.8069705093833781,1.0727306290717313,0.9492364877634363,0.9577952045283314,0.6457391073220655
2.002224694104561,3.962856336171056,-2.4559067825150396,-0.40718157835613056,0.07309397327924264,206.61955252625577,0.004839813017564865,4.035950845532142,-2.4854491533056935,-0.40234176533846266,0.02250241141161264,2.4708981962106775,0.804289544235925,1.072669505068351,0.94252470977063,0.9577406295253134,0.6411732719528095
1.995550611790879,3.960208353062015,-2.4664186831176123,-0.40544616647810017,0.07312628930965699,208.0192065122053,0.0048072484111765235,4.033334678353778,-2.4960131302886905,-0.4006389180670453,0.022445084793794572,2.464603393670792,0.8016085790884719,1.0726083253302277,0.9358068117725623,0.9576860047591318,0.6366032733146683
1.988876529477197,3.9575392550891366,-2.477600181322943,-0.4036163734319871,0.07315814122243966,209.65316087405216,0.004769782605857031,4.030697396311576,-2.507229654210178,-0.39884659082616736,0.022372797217407234,2.4566657891706507,0.7989276139410187,1.0725480242456642,0.9291853951451583,0.9576321645050573,0.6320989082620124
1.9822024471635151,3.95480624576912,-2.487620684246769,-0.40199054716526916,0.0731899571531167,209.77171409603065,0.004767086946442234,4.027996202922237,-2.5174746714341474,-0.39722346021869726,0.02245054239340492,2.465202670470742,0.7962466487935657,1.0724877912813424,0.9225714585241866,0.957578385072627,0.6275996316491066
1.9755283648498336,3.952117386673431,-2.5019069362746413,-0.3996951227486534,0.07322177308379374,235.19650070309723,0.004251763937858755,4.025339159757225,-2.5288071672442882,-0.39544335881083725,0.019574406347048056,2.149385879144104,0.7935656836461128,1.0724275583170206,0.9159575219032149,0.9575246056401968,0.6231003550362006
1.9688542825361517,3.94943984804708,-2.5137576227528284,-0.39781082748339713,0.07324671039811592,277.7390439961281,0.0036005020598182114,4.022693437061551,-2.536716913554738,-0.39421032542361445,0.017086777438124753,1.8762294750812782,0.7908847184986596,1.0723803477425728,0.9107735209038921,0.9574824533415828,0.6195738237441443
1.9621802002224698,3.9467858600855052,-2.513562748721804,-0.39784166936294696,0.07326983317802935,257.3213649564424,0.0038861911064760335,4.020071265030653,-2.5383578987796183,-0.39395547825654376,0.01806547688667991,1.9836964775227133,0.7882037533512065,1.0723365723901657,0.9059667276530367,0.957443368205505,0.61630389636261
1.9555061179087878,3.944126197101111,-2.5092617688218457,-0.39852358666809096,0.07329858391677856,193.98027509052002,0.005155163325412104,4.017443417976936,-2.5421460917034633,-0.393368423342622,0.02320804662864352,2.548381126956565,0.7855227882037534,1.0722821423551343,0.8999899870753799,0.9573947699599412,0.6122380864458367
1.9488320355951059,3.9414996165732648,-2.50557222953314,-0.39911042603881697,0.0733386451467779,139.49658891318452,0.007168634070488622,4.014848653379767,-2.551399265126562,-0.39194179196817913,0.03225627918886636,3.5419307116212058,0.7828418230563003,1.0722062996377946,0.891662007018362,0.9573270532480307,0.6065727938900422
1.942157953281424,3.9388670474992638,-2.4947705840292578,-0.40083846041864035,0.07339427202450477,102.7789691245277,0.009729616949051056,4.012247900236443,-2.5568330062011424,-0.39110884346951025,0.044149439466321154,3.205369938659314,0.7801608579088471,1.072100988503713,0.8800982200764466,0.9572330254497436,0.598706272160848
1.935483870967742,3.9362312617309363,-2.478087658092821,-0.4035369760767935,0.07346851767557502,79.50683403707527,0.01257753515293647,4.009643930398792,-2.5578100828997914,-0.39095944092389345,0.05751200207887115,1.8204099199134491,0.7774798927613941,1.0719604288671787,0.8727203883907392,0.9571075257742665,0.5936873390413192
1.9288097886540605,3.933448111880902,-2.462535486581443,-0.4060855185434207,0.07356215903433262,65.05057447841993,0.015372654400334973,4.006982018492049,-2.5594243030449566,-0.3907128641430404,0.07126434864916346,1.647345759644742,0.7747989276139411,1.0717829513308224,0.868585279857158,0.9569490636882342,0.5908743400388831
1.9221357063403786,3.930718233074298,-2.4486131715067287,-0.4083944379767672,0.07367371439727025,55.27250985948905,0.01809217642806793,4.004396966576048,-2.562116847676096,-0.3903022615486975,0.08483606679509406,1.9343990842317031,0.772117962466488,1.0715669063868762,0.8636591068565693,0.9567561664168538,0.5875232019432445
1.9154616240266966,3.927948741003438,-2.437604263753781,-0.410238862341032,0.07380365638376178,48.360211620823776,0.02067815599817191,4.001772301395793,-2.5669940107349816,-0.3895607063429338,0.0969781145106133,2.2001806409321993,0.7694369973190349,1.0713152527823473,0.8579209989911917,0.9565314756985243,0.5836197272048923
1.9087875417130147,3.9252368268129794,-2.4272453972038663,-0.41198965755665995,0.07394972982772416,43.79782056944555,0.022832186327956805,3.999207546139471,-2.569653864906607,-0.38915747122865696,0.106979062526181,2.384112126667495,0.7667560321715818,1.071032358009906,0.851547329634678,0.9562788910802731,0.5792838977106654
1.9021134593993327,3.9224725564122513,-2.4200557081163416,-0.41321362836657727,0.07410842416567,41.40512186625808,0.024151601418541446,3.996593107199868,-2.570284249646838,-0.3890620269479541,0.11406972807244951,2.4879791630737866,0.7640750670241288,1.0707250208416765,0.8447891043355418,0.9560044828943539,0.5746864655343822
1.8954393770856508,3.9197517027540183,-2.428842812250236,-0.41171869787388005,0.07427210937947332,42.82913811823326,0.023348590327440633,3.99402208500276,-2.574863462889587,-0.3883701075465069,0.11145440755090723,2.336245994843593,0.7613941018766756,1.0704024849509741,0.8378183354515402,0.9557165044205125,0.5699444458854015
1.8887652947719693,3.9169953097565466,-2.439904310498181,-0.4098521387487608,0.07442008499317755,44.419486722773605,0.02251264194566449,3.9914236565837764,-2.5817145120841696,-0.3873394968031221,0.1085695040707506,2.0466827023048144,0.7587131367292227,1.0701098692040745,0.8318150148030579,0.9554552403607807,0.5658605542877945
1.8820912124582874,3.9142480718823127,-2.4393974090833406,-0.4099373051215025,0.07457261183036093,43.091717915193094,0.023206315468045524,3.9888585544456507,-2.585776745990912,-0.3867309896534721,0.1121342932980765,1.9605127905587987,0.7560321715817695,1.0698082535981823,0.8265302532724227,0.9551859407126627,0.5622654784166141
1.8754171301446054,3.911464119994181,-2.4230180535804458,-0.41270843959347303,0.07472984671243957,38.125848406717715,0.026228924516832564,3.986256738293627,-2.587459259779103,-0.386479515076644,0.12478236571397842,2.141970306871358,0.7533512064343164,1.0694959095226804,0.8210823670418567,0.9549070620738217,0.5585594333618072
1.8687430478309235,3.908658165116701,-2.391936024538827,-0.4180713822364055,0.07492271983281032,30.71011598728147,0.03256256018095627,3.983641049489483,-2.5939743600891827,-0.3855088220554421,0.15446675218955855,2.526657291006106,0.7506702412868633,1.0691041507831707,0.8145491742385464,0.9545572774849738,0.554115084516018
1.8620689655172415,3.9059026090610915,-2.353492472676096,-0.42490044544859984,0.07516449712642341,24.263755797506327,0.04121373493640146,3.9810810094742033,-2.6062930317944724,-0.3836867105121655,0.19245555910516685,2.685183399553749,0.7479892761394102,1.068613059190906,0.8067884375244767,0.9541188028490232,0.5488356717853583
1.8553948832035596,3.9031651932009925,-2.2899648388575717,-0.4366879277058615,0.07547284755164994,18.428732126910493,0.05426309271378216,3.97857435338188,-2.6148929371197203,-0.38242483499209357,0.2460726317697242,2.079781455370471,0.745308310991957,1.0679799543993693,0.7993043307415048,0.9535535307137225,0.5437444426812957
1.8487208008898781,3.9001741292533545,-2.2021005514244822,-0.45411187030180145,0.07588880982115685,13.813657706751172,0.07239212243628046,3.9760246889524025,-2.619722992042112,-0.3817197478655885,0.3221769633772723,1.8551605413899754,0.7426273458445042,1.067117470207697,0.7939262451440791,0.9527834555425866,0.5400858810503939
1.8420467185761962,3.8970945156089196,-2.1065289132500022,-0.47471458554878154,0.07643914951965367,10.68733245990633,0.09356871827011215,3.973434188399178,-2.6236674350950255,-0.381145867278633,0.41196119143920895,1.6081808567424623,0.7399463806970511,1.0659496397357762,0.7880345090624729,0.9517407497640858,0.5360778973214101
1.8353726362625142,3.8938237864030865,-2.0155487148917044,-0.496142808462821,0.07713778047659774,8.653713174533337,0.1155573312670981,3.9709131850448562,-2.6275306335079414,-0.3805854771957229,0.5039449474890607,1.4848412063321275,0.7372654155495979,1.0644331651057617,0.7833903536101582,0.9503867545587158,0.5329186078980668
1.8286985539488323,3.890537535071563,-1.935823628909646,-0.5165759860898333,0.07798162780130571,7.350419006810565,0.13604666605719284,3.9684116448113635,-2.627918395129508,-0.3805293200326787,0.591721390483489,1.3184730669352085,0.7345844504021448,1.0625488378240886,0.7781557558622925,0.9487043194857934,0.5293576570491786
1.8220244716351504,3.887017451206486,-1.873617803444319,-0.5337267815035034,0.07895375377213315,6.538873118549199,0.15293154980530854,3.9658709843628874,-2.626083303460158,-0.3807952316982437,0.670297293057043,1.0312936316371422,0.7319034852546917,1.060303995497005,0.7740100431684644,0.9466999959794686,0.5265374443322888
1.8153503893214684,3.883226141409887,-1.836517528537813,-0.5445088241527287,0.08002298330482487,6.079279013730351,0.1644931903506075,3.963278863664745,-2.6314706844942584,-0.38001563380220205,0.7364696482887744,0.9519089551586941,0.7292225201072386,1.0577399472903202,0.7706327516552853,0.9444106672235,0.524239967112439
1.8086763070077865,3.8795190652905944,-1.8187652640069187,-0.5498235642552913,0.08114943595701336,5.826581984075773,0.17162720832437106,3.960753193773792,-2.644129125831118,-0.37819635593086787,0.7929682983285009,0.9833627846930971,0.7265415549597855,1.0549321864933492,0.7670851632499328,0.9419037379404902,0.521826641666621
1.802002224694105,3.8758296044222504,-1.8107798765324148,-0.5522482400870103,0.08231389153607338,5.699982842838556,0.17543912456796207,3.95822207674264,-2.653863611082386,-0.376809115518995,0.8420566347602276,1.0019863604459454,0.7238605898123326,1.0519052966564464,0.763412221419569,0.9392011577289698,0.5193280417820197
1.795328142380423,3.8722017900013084,-1.8116563265315568,-0.5519810713296351,0.08349122627382703,5.688956752825768,0.1757791530939814,3.955732077848708,-2.658146999063325,-0.3762019182356653,0.8800671359475474,1.0044492504969953,0.7211796246648795,1.0487168993996943,0.7596986546119285,0.9363543744640126,0.5168018058584548
1.788654060066741,3.8685729200159287,-1.830047982364126,-0.546433760008938,0.08466022060963044,5.854327970600776,0.1708137987864351,3.9532191565921693,-2.6622653299502814,-0.37561996122252594,0.8994600024773302,0.985159657188731,0.7184986595174263,1.0454168474961392,0.7560113963930932,0.9334078995501242,0.5142934669340771
1.7819799777530592,3.8649745657222816,-1.8617727976420126,-0.5371224680404225,0.08577127698065377,6.153542880369866,0.162508008709918,3.9507172131891237,-2.6694111107913185,-0.3746144593305303,0.9037621944937057,0.9535779402809075,0.7158176943699732,1.0421565453908619,0.7525068873145946,0.9304969155275551,0.5119094471527854
1.7753058954393772,3.861431425270502,-1.892015093920773,-0.528537009674551,0.08682940426315551,6.474400441240097,0.15445445629687704,3.948251511864256,-2.673206731965478,-0.3740825533776615,0.9041787208108679,0.9195467671418385,0.7131367292225201,1.0389374141474719,0.7491693271509507,0.9276226912030997,0.5096389980618713
1.7686318131256953,3.857892964888995,-1.9187310504607842,-0.5211777855785726,0.08783296049073447,6.78936343641254,0.1472892133947088,3.9457735631123967,-2.674593647403658,-0.3738885721839438,0.903514988681374,0.8917098893730981,0.710455764075067,1.0357773659312504,0.7460121963918696,0.9248012195814734,0.5074912900624963
1.7619577308120138,3.85434339444371,-1.9408899692538006,-0.5152275584094355,0.08879544493138296,7.05061062198336,0.14183168715657946,3.9432524582636814,-2.678122810101528,-0.37339587125285334,0.9071459219705165,1.0076667910669854,0.7077747989276141,1.032651935524999,0.7429635157987634,0.9220106567187489,0.5054173576862336
1.7552836484983318,3.850974208834528,-1.970451855653088,-0.5074978092619062,0.08972615320027719,7.405712777839994,0.1350308916911125,3.940705289419457,-2.684802200748523,-0.3724669175707618,0.9016215537070418,1.2806732928137758,0.705093833780161,1.0295386880336939,0.7386458297918365,0.9192309714586552,0.5024801563209772
1.74860956618465,3.847714576584746,-2.0120658794978628,-0.4970016191763875,0.09059785950345567,7.954540225988252,0.12571436834688487,3.9382268535673743,-2.6933324474943015,-0.3712872508294822,0.8792460030244383,1.131610473309831,0.7024128686327078,1.0265421086124005,0.7342867936229798,0.9165554541182146,0.4995148255938638
1.741935483870968,3.844408297260291,-2.0537129808946135,-0.48692295822388587,0.09140420928499647,8.5856129067665,0.11647392106530674,3.935791618818722,-2.6994266408949987,-0.3704490371586644,0.8519989498070863,1.13144507505176,0.6997319034852547,1.0237008076956815,0.7309122756267431,0.9140185782997156,0.4972192351202334
1.735261401557286,3.841213223794034,-2.0930367177474554,-0.47777470482037643,0.09215257257662997,9.159489677768823,0.10917638811549946,3.9333278832431136,-2.712980376415085,-0.3685983167048903,0.8328469977418334,1.0559074347109032,0.6970509383378016,1.021000108968574,0.7267588789746272,0.9116072401505124,0.4943937952208349
1.728587319243604,3.837918857704901,-2.1272626190713595,-0.470087703809952,0.09286151368698313,9.586000558404471,0.1043187921706572,3.930876384314519,-2.733966633518368,-0.3657689116392362,0.825459370945118,1.0337740049434136,0.6943699731903485,1.0183880808815455,0.723805077000266,0.9092750722156655,0.4923844061226299
1.7219132369299226,3.8347842385122393,-2.1512581229614547,-0.46484426453827155,0.09354503698825162,9.90920231246675,0.10091629663690505,3.9284373539598234,-2.747796509750631,-0.36392796790136117,0.823706047312591,1.4015602597409127,0.6916890080428956,1.0158203656749416,0.7200907884215438,0.9069824693526263,0.4898576791983292
1.7152391546162407,3.8318682583735946,-2.1721329162420884,-0.46037698361942603,0.09420856102807637,10.348382990162614,0.09663345480647756,3.926006070984187,-2.7491898021211596,-0.36374352881290406,0.811494040152218,1.6256768695071337,0.6890080428954425,1.0132771099106783,0.7140154200971356,0.9047117052773912,0.4857247755762827
1.7085650723025587,3.8288322868977707,-2.1971501894219023,-0.455135022091099,0.09483491625151941,10.98247698536709,0.09105414027567615,3.9235702022635834,-2.7466424356422876,-0.36408088181531184,0.7871631962637178,1.3174754426360227,0.6863270777479894,1.0108308565753572,0.7096029566597667,0.9025275505137117,0.48272309976854877
1.7018909899888768,3.8257649778272835,-2.219813452423457,-0.45048830518089744,0.09542396668247918,11.501780615126265,0.08694305981500605,3.9211540487640386,-2.750689254630002,-0.36354524536596955,0.7718541893091125,1.2118010114125364,0.6836461126005362,1.0084914488273855,0.7058976060957912,0.9004387935958799,0.4802024531263886
1.6952169076751948,3.8227453121389607,-2.245407992548277,-0.4453533626488593,0.09599544652713685,11.952810673212726,0.0836623307554838,3.9187822536031085,-2.7647906965374998,-0.36169103189342877,0.7618779772089064,1.2886326310098188,0.6809651474530831,1.0061892636748557,0.7023131660625103,0.898383271138264,0.47776405854592535
1.688542825361513,3.8197528451772453,-2.2699560093441735,-0.4405371715943147,0.09654070524651234,12.258556641503558,0.08157567234419094,3.9163446618939775,-2.785814083373743,-0.3589614992501424,0.7627092908426236,1.55240744680998,0.67828418230563,1.0039610165203527,0.6981397934868482,0.8963937647503148,0.47492502958288996
1.681868743047831,3.8168281963495514,-2.2876553566594593,-0.4371287821344936,0.097084332031175,12.411060813218636,0.08057328982990164,3.9139083193669753,-2.8046125261922827,-0.3565554923045511,0.7694018039546694,1.7000876290830642,0.675603217158177,1.0017036720025498,0.6929657539914083,0.8943782785737051,0.4714052748240873
1.6751946607341495,3.813927847708797,-2.3209016856191353,-0.43086702301792457,0.09761621078373015,13.080207195771331,0.07645138834828913,3.9115136976087155,-2.8215459538976018,-0.3544156346695786,0.7489723184466305,1.5642566560177056,0.672922252010724,0.999471587948047,0.6881913111367755,0.8923853463821848,0.4681573545148132
1.6685205784204675,3.811060960575695,-2.3639418665545566,-0.42302224692923573,0.09810481774883845,14.10405615745385,0.07090158950278358,3.909160846854963,-2.83993562692,-0.35212065742649656,0.7163604928805791,1.5217140152085373,0.6702412868632709,0.9973888489368578,0.6839230732185559,0.8905257579793372,0.4652537913051401
1.6618464961067856,3.8082714766817776,-2.390556128156357,-0.4183127048228812,0.09856261687275507,14.743120742064647,0.06782824460948955,3.906855475272724,-2.8531935464160214,-0.3504844602134085,0.7019765797822975,1.6030226603378774,0.6675603217158178,0.9954218662859791,0.6795971368325573,0.8887695234696241,0.4623109774371138
1.6551724137931036,3.8055546974714796,-2.404840842212531,-0.4158279344091511,0.09901020032427102,14.907654577243315,0.0670796331387038,3.9045900751737284,-2.8673974793781296,-0.34874830127034784,0.7061355040042471,1.727228250065863,0.6648793565683646,0.9934692008599549,0.6749468740009195,0.8870260721963883,0.45914753333395886
1.6484983314794217,3.802789997248798,-2.420839504313927,-0.4130798420209203,0.09945800685903367,15.042110991844543,0.06648003066472352,3.902255977905546,-2.885171795354102,-0.34659981135621365,0.7116857617871019,1.8927559369906994,0.6621983914209115,0.9915022464823288,0.6699885874607535,0.8852698629306506,0.45577454929302963
1.6418242491657398,3.8000433253345833,-2.4430703993437,-0.40932099225165075,0.09989758671801595,15.536875765510345,0.06436300419031848,3.8999001850183337,-2.8989037349733824,-0.3449579880613669,0.7018578187780685,1.923007745085704,0.6595174262734584,0.9895450913301718,0.664439981240697,0.8835224029733676,0.45199998723856943
1.6351501668520583,3.797344539888521,-2.4674497003360254,-0.4052767518883229,0.10031713483487772,16.24837914778201,0.06154460028934672,3.8976060928243164,-2.909241964559584,-0.34373215159894244,0.6846284521966406,1.625890413604009,0.6568364611260055,0.9876652378697167,0.6594323751703142,0.8818439623836756,0.4485934524968124
1.6284760845383763,3.7945885492470657,-2.490078053885316,-0.401593836964139,0.10071909417460342,16.815533015938687,0.059468825582403184,3.895303276253839,-2.9229081965138586,-0.3421250113817109,0.6735829263361102,1.480216634910495,0.6541554959785524,0.9858403240172864,0.6554311199865341,0.8802145750154342,0.44587151019492116
1.6218020022246944,3.7918183853632934,-2.5140627379260008,-0.3977625478133291,0.10111093450894763,17.127755315005828,0.05838476680735205,3.89298863981814,-2.9465688562050927,-0.33937778100590776,0.6735786831554124,1.6093244411128391,0.6514745308310993,0.9840539998885538,0.6514970937520956,0.8786196427576373,0.4431953018721739
1.6151279199110125,3.7892191622407,-2.540950140226228,-0.39355357044155426,0.10149842365367821,17.370785763517283,0.05756791970229891,3.8907666806804344,-2.976317583206119,-0.3359856507391896,0.6774235453425013,1.9910120578454655,0.6487935656836462,0.9822639809214753,0.6467148110287979,0.8770214115370314,0.43994204831891015
1.6084538375973305,3.7866865175794224,-2.5717976170332784,-0.38883308444525255,0.10187936057838878,17.7325131798602,0.05639358560498664,3.888564116014688,-3.008066139819275,-0.33243949884030144,0.6764557912000558,2.252119328831459,0.646112600536193,0.98049533163143,0.6407803967371695,0.8754422603852052,0.43590503179399287
1.6017797552836486,3.784147099197148,-2.604564029860433,-0.38394141535218296,0.1022511745182609,18.36971550482629,0.054437424452070005,3.8863555477916947,-3.0348646074619943,-0.32950399090003657,0.6663468486804013,2.0056320517945125,0.6434316353887399,0.9787529780135347,0.6350227647745321,0.8738865875120845,0.4319882753568246
1.595105672969967,3.78157678368323,-2.634867567612028,-0.3795257159380867,0.10260600028186469,19.175190258333473,0.05215072114162744,3.88414986754977,-3.054601041297961,-0.32737499479640064,0.6503067761950677,1.7888082793906177,0.640750670241287,0.9770785125111979,0.6303085046653141,0.8723915290278552,0.42878129569068985
1.5884315906562851,3.779040216307581,-2.6456743852496687,-0.37797546273088756,0.10294729092949506,19.479098668654135,0.05133707760355488,3.881993487147675,-3.0614895417459396,-0.32663838512729626,0.6477805966275707,1.745849348829232,0.6380697050938339,0.9754573830373603,0.6259383286724693,0.870944091997643,0.42580838685201994
1.5817575083426032,3.7764916842161758,-2.6433799215097444,-0.3783035468578646,0.1032912560452047,19.100240058540102,0.05235536291350851,3.8798172591945423,-3.0679723012988203,-0.3259481839443765,0.6640021570040157,1.9212814097647999,0.6353887399463808,0.9738099196610769,0.6214993021543074,0.8694731425545329,0.42278864092129753
1.5750834260289213,3.77397429833493,-2.658908380291598,-0.376094192418293,0.10364613893278996,18.698237299303518,0.05348097705644417,3.877629275092657,-3.0996870319716643,-0.3226132153619119,0.6874468870056714,2.2072789306308405,0.6327077747989277,0.9721021906502663,0.6160198879273864,0.8679483845091662,0.41906114824992274
1.5684093437152393,3.7715371131520157,-2.689975181192413,-0.37175064178723005,0.10400512893138639,18.763371667941627,0.05329532547226368,3.875518116906288,-3.14015797120755,-0.3184553163150099,0.6987903153736379,2.178580095721577,0.6300268096514745,0.9703576302686364,0.6104141226307842,0.8663907413112825,0.41524770246992126
1.5617352614015574,3.7690431025401914,-2.7220853217623513,-0.3673654135692459,0.10435753371106267,19.302717437909575,0.051806177198452374,3.8733577713731666,-3.1689771197985652,-0.31555923637074557,0.6914576005659602,1.9458068506882125,0.6273458445040214,0.9686346564454255,0.605187478935278,0.8648523718262726,0.41169216254100544
1.5550611790878754,3.7665259176335497,-2.757338924789831,-0.36266851021088087,0.10469664631334571,20.005221528632195,0.04998694958557515,3.8712114748355657,-3.1981418987435526,-0.312681560625208,0.6799053593413593,1.771910194407068,0.6246648793565683,0.9669658539526501,0.6007525880977457,0.8633623696005803,0.40867522999846645
1.548387096774194,3.7640524256519305,-2.7988895874957924,-0.35728454758185535,0.10502476774335065,20.556581931462066,0.04864621965529636,3.8691164471221593,-3.2400382892103394,-0.3086383279265874,0.6764418247428617,1.8521740134243276,0.6219839142091154,0.9653426493532216,0.5965957135261716,0.861913079779662,0.40584742416746367
1.541713014460512,3.761825711400898,-2.835954737142159,-0.3526149366571758,0.10534598406180348,20.903878308350855,0.04783801289163225,3.8672156225783696,-3.28108830434064,-0.3047769237655302,0.6782350994917752,2.173518476262042,0.6193029490616623,0.9637399010830123,0.5918262617730601,0.8604820545384038,0.40260289916534703
1.53503893214683,3.7595310738193373,-2.8662979690130754,-0.34888208093184403,0.10566331741487411,21.259204938996245,0.04703844771568466,3.865215524647951,-3.312973639181901,-0.3018436332161514,0.676949127061794,2.4582990367959425,0.6166219839142092,0.9621503886874084,0.5862239016561794,0.8590628470423288,0.39879176983413567
1.5283648498331481,3.757159060064453,-2.900566423832918,-0.3447602481306262,0.10597386100572809,21.706946883747918,0.046068201362242434,3.863121512446884,-3.347929785272787,-0.29869204676839445,0.6750880908446674,2.4672413362248933,0.6139410187667561,0.9605872333520877,0.5803637890188791,0.8576671726357925,0.3948052986522987
1.5216907675194662,3.754851064593974,-2.924065542802012,-0.34198959816808383,0.10627824335074387,22.000192583373554,0.045454147558496416,3.8610992613987127,-3.37227807988696,-0.29653545060955366,0.6750688083133843,2.296921152676066,0.6112600536193029,0.9590436989927423,0.5748529893507752,0.8562890169578056,0.3910564553406634
1.5150166852057843,3.7526238207765754,-2.9283882253103783,-0.34148477696942336,0.10658059045033538,21.978240595653432,0.04549954741135043,3.859179771065859,-3.3785469683492253,-0.29598522955819817,0.6795937367086264,2.1676604572188296,0.6085790884718498,0.9575055862877867,0.5698340973288557,0.8549157020426666,0.38764224308085427
1.5083426028921028,3.750345235343799,-2.9304578217545987,-0.34124360793606456,0.10688557880006111,21.641917834896073,0.04620662584660451,3.8572169975679813,-3.3894056023686803,-0.2950369820894707,0.6944352954393815,2.1476966427615762,0.605898123324397,0.9559456721670623,0.564967663250888,0.8535229215777341,0.38433174370808704
1.5016685205784208,3.7480511103082623,-2.961232978003005,-0.3376971712216914,0.10719736409901084,21.397609310162892,0.046734192848592926,3.8552420836607935,-3.4368633617631565,-0.29096297837310203,0.7133440815955515,2.1824810733853286,0.6032171581769438,0.9543411269323692,0.5600507979589917,0.852090291903901,0.3809869373870692
1.4949944382647384,3.7458173378571873,-3.0194854577692705,-0.33118225405820567,0.1075093944999311,21.60072229248118,0.046294748224603666,3.8533271055517773,-3.5101574464411875,-0.28488750583363753,0.7238915870136908,2.201550466058739,0.6005361930294905,0.9527300207204666,0.5551297444641138,0.8506518042147023,0.37763928194837676
1.488320355951057,3.7435783370797346,-3.0707466599401694,-0.325653696231484,0.10781531401969524,22.23827264468177,0.04496752135283977,3.8514070727659564,-3.562697736831077,-0.2806861748786673,0.7186461345748516,2.1835454492284194,0.5978552278820376,0.9511411600417928,0.5503181226200201,0.8492331786087435,0.37436606980953746
1.4816462736373754,3.7413506992487,-3.113787299542371,-0.3211523151073834,0.10810962837783326,23.205943118246193,0.04309240934119707,3.8494902589753,-3.5963473311423018,-0.278059905766213,0.7007924023808378,2.335903168707913,0.5951742627345846,0.9496051175785987,0.5456364254044651,0.8478617121237487,0.37118124177174494
1.474972191323693,3.739277985017386,-3.161872263206409,-0.3162683109108002,0.10839051859377125,24.184085052398554,0.041349507241367434,3.8476879367341787,-3.637437623955343,-0.27491880366943633,0.6858555645647724,2.5956460777631203,0.5924932975871313,0.948135013816213,0.5401749734905275,0.8465491194787615,0.36746596836090306
1.4682981090100116,3.737259250191523,-3.2192656714658194,-0.3106298460743915,0.10866156840775143,24.977684272822202,0.04003573706342678,3.845929302646803,-3.6955719533400964,-0.2705941090109718,0.6796664987761767,2.722421055439931,0.5898123324396785,0.9467091127595422,0.5346778003992829,0.8452759935353055,0.36372639482944413
1.4616240266963292,3.7352524353729204,-3.266928069222014,-0.3060979546568774,0.10892492220307168,25.537786679281005,0.03915766125540188,3.844166354430474,-3.7461560683016475,-0.2669402934014329,0.6768426651471835,2.7732406917065546,0.5871313672922251,0.9453167245780214,0.5288630805958313,0.8440327898018047,0.35977080312641585
1.4549499443826477,3.7331959380452,-3.3029270493483818,-0.3027617579980415,0.10918425131661111,25.854815578024184,0.038677514329283014,3.8423596901446286,-3.7866704431425693,-0.2640842436687194,0.6775277666910664,2.6704384964560988,0.5844504021447722,0.9439435700680989,0.5233352373220435,0.842806758989374,0.35601036552519966
1.4482758620689662,3.7311491319034116,-3.340168200107789,-0.29938612072521664,0.10944119603171615,25.928407536463833,0.03856773689605397,3.840571191420653,-3.834085562982795,-0.2608183838291893,0.6866616277322177,2.577243410635382,0.5817694369973193,0.9425786677871341,0.5180619436377941,0.8415880962385125,0.352423090910064
1.4416017797552838,3.7291197685699955,-3.376144383008513,-0.2961958632553774,0.10969905981800449,25.75474557115099,0.03882779572554362,3.838809277531465,-3.885485909723456,-0.2573680675298533,0.7016515462623073,2.5190765841355836,0.579088471849866,0.9411991813367763,0.513027450185098,0.8403564119078358,0.34899826543203943
1.4349276974416023,3.7271480414307865,-3.4112536594855665,-0.2931473586607467,0.10995947584117838,25.620491159973632,0.0390312579784684,3.837112517371245,-3.9352091320289486,-0.25411610068215396,0.7134210258597707,2.5820564623440694,0.576407506702413,0.9398042329244447,0.5081011345235518,0.8391109222539684,0.3456470302881305
1.42825361512792,3.725243629514349,-3.452544000784082,-0.2896414932794187,0.11022005547511418,25.731958890881906,0.038862179293872146,3.835471475396019,-3.9875697245827495,-0.25077931398544706,0.722073034177365,2.694903125162145,0.5737265415549597,0.9384075600806434,0.5029070480462319,0.8378638929291459,0.3421136381266884
1.4215795328142384,3.723279561122461,-3.5027279146044954,-0.28549177223572997,0.11047821460817114,26.203227920441982,0.03816323710331382,3.8337678287041594,-4.04320512174098,-0.2473285351323966,0.7232495223269101,2.8110971873596915,0.5710455764075069,0.937012588564859,0.4976815195103379,0.8366183826471955,0.33855885680975367
1.414905450500556,3.7214235829357407,-3.5500858597302978,-0.28168332809730146,0.11072946464668232,27.010552813180652,0.037022566954350467,3.832155418218202,-4.087292115533673,-0.24466076114293855,0.711965534087206,2.8908424303975786,0.5683646112600536,0.9356510936460192,0.49217574422695703,0.8354027621839456,0.33481343144690956
1.4082313681868746,3.719608460034551,-3.596176618921051,-0.27807310540271146,0.11097239792680544,27.98222113441469,0.03573697724696068,3.8305829391567863,-4.126499864507017,-0.24233612815578454,0.6974139283157829,2.9022433945440174,0.5656836461126006,0.9343346508903255,0.4868101364705459,0.834227366866362,0.3311633581432285
1.401557285873193,3.7177828025172124,-3.65299206372135,-0.2737481994366249,0.11120648770225909,28.953991130758617,0.03453755288809468,3.828990929564943,-4.180415940630266,-0.23921064654854263,0.6879476058096885,2.917193662396372,0.5630026809651477,0.9330616051557454,0.48140238166188093,0.8330907188890584,0.3274846133754292
1.3948832035595107,3.715879834970333,-3.7080159154101016,-0.26968600534968346,0.111433410868582,29.604688108341215,0.03377843388656565,3.8273212669139354,-4.238948304192042,-0.2359075714632013,0.6854230879965187,3.0046349806657333,0.5603217158176944,0.9318206086766608,0.4761488402249107,0.8319826863184471,0.3239107756632046
1.3882091212458292,3.7140774341045093,-3.7645366069026713,-0.2656369440441608,0.11165736779863153,29.862287076325217,0.03348705333399593,3.825737728768389,-4.307561795272405,-0.2321498907102182,0.6904905671018627,3.1632325440922053,0.5576407506702414,0.9305942179836685,0.4705616170155921,0.8308876946282754,0.32010994354802186
1.3815350389321468,3.7123025694448004,-3.812064247138895,-0.26232506462883975,0.11188040156936949,29.7937895346908,0.03356404188985884,3.824180105307653,-4.371374056763032,-0.22876102273903598,0.7020102162189679,3.192319909656453,0.5549597855227881,0.9293723553149655,0.4649316679997983,0.8297967458169334,0.3162800462583662
1.3748609566184653,3.7105886936682833,-3.8510737775862003,-0.2596678375314809,0.11210538615533712,29.519055072310994,0.033876423129072464,3.822687355093478,-4.428866361667935,-0.22579141440235162,0.7187370551630418,3.2016872622722525,0.5522788203753353,0.9281358086337421,0.4593829206599663,0.8286926862801268,0.3125053882040587
1.368186874304783,3.708932028909845,-3.9115374117323234,-0.2556539525866697,0.11233258964228257,29.170616708054,0.034281071600515745,3.821253625341438,-4.517265148042247,-0.22137288098605268,0.7409122064950951,3.1792250707829854,0.549597855227882,0.9268806222387855,0.4538343370285992,0.8275719841417727,0.3087308415160539
1.3615127919911014,3.7072757701960204,-3.9954181979624304,-0.2502866910177204,0.11256297554266328,28.788742024645515,0.03473580051340619,3.819830211243463,-4.6392756608901,-0.21555089050434617,0.7675447104951547,3.1279892725149145,0.546916890080429,0.925606830767767,0.44852735272494837,0.8264346703283633,0.3051206481122098
1.35483870967742,3.705541889872186,-4.061023407955644,-0.24624334793071512,0.11279624882599877,28.43298412427763,0.03517042022846084,3.818338250621764,-4.73769900709767,-0.21107292770221875,0.7918366479128438,3.1565727742599115,0.5442359249329761,0.9243156956674788,0.44338307411221467,0.8252818711316775,0.3016211388518467
1.3481646273637375,3.7038987063735473,-4.090021473856405,-0.24449749381318497,0.11303243610188632,28.211859499454015,0.03544608606956068,3.8169358834472753,-4.783512394361021,-0.20905140774357278,0.8065517936510386,3.2191246567462457,0.5415549597855228,0.9230036455299389,0.4381498003656763,0.8241103977945882,0.29806108868413356
1.341490545050056,3.702234128174355,-4.122480332580644,-0.2425724125587294,0.11326938901825101,28.14830984159617,0.03552611171425468,3.8155111480960584,-4.829837557690282,-0.2070463008445813,0.8166773691772051,3.286081140632504,0.5388739946380698,0.9216833344264719,0.4328766036662772,0.8229315485950641,0.29447388004508657
1.3348164627363737,3.7006562079977785,-4.164037062127783,-0.24015156087227751,0.1135066444896183,28.112365633154774,0.03557153506927335,3.8141695873157806,-4.888062732784165,-0.2045800258030681,0.8271596528806849,3.380843697131911,0.5361930294906165,0.9203592828696221,0.4275071614674216,0.8217493597050196,0.2908211982771576
1.3281423804226922,3.6991039014111706,-4.206916163789782,-0.23770380988509032,0.11374420372440375,28.223110707285272,0.035431955406030724,3.812850467265044,-4.943841557074914,-0.2022718544790223,0.8345172449631638,3.424966497656955,0.5335120643431637,0.9190317598625231,0.4220360422289713,0.8205640713058241,0.2870993484550825
1.3214682981090107,3.697573039055843,-4.257414667927568,-0.23488433192409275,0.11397959606344737,28.385968380746792,0.035228673074907846,3.8115535540808847,-5.008623375686361,-0.19965565884916714,0.8421412074746,3.4288147199477677,0.5308310991957107,0.9177114668588464,0.41663975912192497,0.8193852382668271,0.28342840756593535
1.3147942157953283,3.695934285400585,-4.301740732096101,-0.23246403311543418,0.11421444185221119,28.181792347043714,0.03548390349646802,3.810149651847037,-5.076654188082424,-0.1969801296191349,0.8584218864503154,3.427142135698326,0.5281501340482574,0.9163914192130658,0.41128602647604245,0.8182066242973801,0.2797864125687364
1.3081201334816468,3.694371743974363,-4.33601020808574,-0.2306267633169341,0.11445324104893975,27.7008600333223,0.036099962196013635,3.8088277777357655,-5.140679815005002,-0.19452680112095777,0.881451745290679,3.384500799105731,0.5254691689008044,0.9150472125609147,0.40600493615336875,0.8170064397865309,0.2761938341179379
1.3014460511679644,3.6928755205272297,-4.370349834513651,-0.22881463449510875,0.11469631009064518,27.089752715898356,0.036914327365311195,3.807580679534269,-5.211039080428956,-0.19190030712985617,0.9107088553182845,3.3945635025278293,0.5227882037533512,0.9136771899015452,0.4008645317992371,0.8157832052692368,0.2726969604076443
1.294771968854283,3.691332855391381,-4.403010883852784,-0.2271173127614361,0.11494597956772035,25.962290133261153,0.03851740331331044,3.806289086878795,-5.302229481053278,-0.18859990944815763,0.9585831985832542,3.5255916118905364,0.5201072386058982,0.9122640588705563,0.3956349569087307,0.8145214811344251,0.2691394264685243
1.2880978865406005,3.68979222590511,-4.427030974895815,-0.22588502444881442,0.11521044673108982,24.22759385863852,0.04127525027184831,3.8050016879183377,-5.416831283490692,-0.18460977417697677,1.032727868387502,3.4939794598830676,0.5174262734584449,0.9107654180247178,0.39016338956524255,0.8131834089506408,0.26541727181309016
1.281423804226919,3.6883296844470244,-4.4406145676029665,-0.22519405473639154,0.11549692840338466,22.282254189749715,0.0448787627806535,3.80382344597581,-5.5458413379899145,-0.18031529195576468,1.1280405854134676,3.3561723231035554,0.5147453083109921,0.9091395728638613,0.3850734831599843,0.8117317614855903,0.26195475044896893
1.2747497219132375,3.686844749225211,-4.442658966320055,-0.22509042615718045,0.11580949584495835,20.600648308117538,0.048542161637017855,3.8026460684347185,-5.664173492263055,-0.17654826452013594,1.2258204350083524,3.374751007129839,0.5120643431635391,0.907360248330538,0.3800736972112144,0.8101430788665517,0.25855353551783294
1.2680756395995552,3.685344962631888,-4.409911164123233,-0.22676193755000895,0.11614487716828364,19.1409560143338,0.05224399446146499,3.8014634560287712,-5.730069827223675,-0.17451794308840363,1.3121573929455475,3.1044969331441785,0.5093833780160858,0.9054472346504097,0.3749302144261831,0.8084350309378657,0.25505456763685924
1.2614015572858737,3.6838426991383963,-4.362181937124942,-0.2292430747762637,0.1165068572838211,17.6430410716067,0.05667957105248256,3.800328568877623,-5.794968104034097,-0.17256350372383622,1.4100723484245439,2.691521339261914,0.5067024128686328,0.9033782019938085,0.3705472082550671,0.8065876803516147,0.25207293078575993
1.2547274749721913,3.6822782423545615,-4.301676584552756,-0.23246749967000824,0.11690144541370054,16.167439268560283,0.061852714173767254,3.7991908049342276,-5.86115674026211,-0.17061478549629783,1.521602551787388,2.571833412460512,0.5040214477211796,0.901117342008536,0.3666361476870231,0.8045690553647642,0.24941234536532184
1.2480533926585098,3.6806797045430883,-4.224207815839656,-0.23673077736617643,0.11733247749526182,14.887649658623934,0.0671697697709277,3.798031511682376,-5.897582316726601,-0.16956100759523451,1.627948804655604,2.674277607811751,0.5013404825737267,0.8986409685795969,0.3625631411313108,0.8023580076603543,0.24664159260633386
1.2413793103448274,3.6791312058162706,-4.169606296041362,-0.23983079672279928,0.11779803855858498,13.954326995674554,0.07166235966162837,3.7969220612877166,-5.9464190633813185,-0.16816843706124018,1.720197743712288,2.745599256128693,0.49865951742627335,0.8959607563949974,0.3581668591113541,0.7999649610669619,0.24365092456554702
1.234705228031146,3.677574179376657,-4.163565705527422,-0.24017874839165643,0.11828903846961061,13.442850575749084,0.07438898426826235,3.7958119547316986,-6.031735465016889,-0.16578976412341717,1.788878864278498,2.394424869856202,0.49597855227882043,0.8931267348436777,0.353773625443413,0.797434584681855,0.2406623302336143
1.2280311457174644,3.6758926321889014,-4.19767136851525,-0.23822731991373303,0.11879099496706005,13.336324569961281,0.07498317806784627,3.7946524466070053,-6.1257940940041244,-0.16324414184583702,1.8221590957942988,2.0663936692705835,0.4932975871313675,0.8902237049449829,0.350288301549054,0.7948425937008775,0.2382913615979959
1.221357063403782,3.6742812991901808,-4.264473735505032,-0.23449552325160994,0.11928992627474316,13.455867736325578,0.07431702061847645,3.793594881726252,-6.243035011321262,-0.16017850263318678,1.8381617288522898,1.9920131617638792,0.4906166219839142,0.8873325419508109,0.3471668461368944,0.7922611981703668,0.23616792254210506
1.2146829810901005,3.672673028930437,-4.327034130802405,-0.23110517961515598,0.11978299079289069,13.492172876851932,0.0741170461664975,3.7925364009163394,-6.3699082091884724,-0.15698813344869222,1.862577770760594,2.1153448919100524,0.4879356568364613,0.8844703986982714,0.34405327127083535,0.7897057131234565,0.2340498444019288
1.2080088987764181,3.67114014104594,-4.346702330309774,-0.23005946209542572,0.12027925280866747,13.299542877605875,0.07519055423204257,3.7915139988159883,-6.457074010505727,-0.15486890786337426,1.9002373867603324,2.4809460728826953,0.485254691689008,0.8815864497415762,0.340604249951283,0.7871307586978358,0.23170357139543063
1.2013348164627367,3.669656144311517,-4.341832154505889,-0.23031751675665646,0.12078664668920275,12.883212823414972,0.07762038970454022,3.790485091380493,-6.548911687508776,-0.1526971270520221,1.9604233006984895,2.937936351550574,0.48257372654155506,0.8786333555103883,0.3362095941324308,0.7844940674199895,0.22871400961389848
1.1946607341490552,3.6682194216074087,-4.324530661141028,-0.23123896634280072,0.12131534254888376,12.245608655241588,0.08166192699388297,3.7895047972966274,-6.6855180738491535,-0.14957703934891242,2.054030928867208,2.720669845734287,0.4798927613941021,0.8755545709084684,0.33155819148904864,0.7817451525968467,0.22554979012860452
1.1879866518353728,3.6666959397565995,-4.23901744030053,-0.2359037239368149,0.12187668353450483,11.328025619568534,0.08827663651047502,3.7884991437725484,-6.77382462414795,-0.14762708742637187,2.175159898865255,2.139555434192806,0.47721179624664883,0.8722826657171533,0.32767184642935876,0.7788238086760296,0.22290601797915563
1.1813125695216913,3.6651169786106874,-4.116555885173955,-0.24292151689269303,0.12249367362577555,10.34016377923528,0.09671026700835839,3.787524959920535,-6.83941899676674,-0.1462112498843453,2.3144954682299925,1.6448880275470952,0.4745308310991959,0.8686856009373793,0.3246041240629695,0.7756121436940886,0.22081913201562553
1.174638487208009,3.663394062332186,-4.003963508852502,-0.2497525259131521,0.12316758809968871,9.522361164902943,0.10501597058571477,3.7864993294738305,-6.9091045986148245,-0.14473655532736984,2.4465238697702407,1.3393400252277963,0.4718498659517426,0.8647566858518513,0.3221761882442124,0.7721041837962958,0.21916747499606287
1.1679644048943274,3.6616789067061393,-3.8970433091875907,-0.2566047951385144,0.12389544408965611,8.867658446343528,0.11276934108939862,3.7855477520749186,-6.952388801574333,-0.14383545404905362,2.555926151036855,1.091732088168836,0.4691689008042897,0.8605152596784184,0.3200805151191056,0.7683171961414449,0.21774184701979976
1.161290322580645,3.659928577339842,-3.8183393025821517,-0.26189395984891917,0.12467285182946933,8.38147480006552,0.11931074469044312,3.7846271450322218,-7.01344824416043,-0.14258321515848138,2.6471901384044876,0.9425633975005919,0.4664879356568364,0.8559904348019446,0.31835663928178426,0.7642771739303076,0.21656914236856073
1.1546162402669635,3.658159086125515,-3.7785799560817366,-0.26464968629034047,0.12548802355159755,8.05585843256577,0.12413326380680978,3.783718650010515,-7.116605890794108,-0.14051642248358576,2.7198152242276277,0.9224322502517156,0.46380697050938346,0.8512553220882716,0.31677148207874295,0.760049394721671,0.21549080413519928
1.147942157953282,3.6563214753169384,-3.7642108698215124,-0.26565993101428376,0.1263298030704945,7.8416805239531415,0.12752368538164838,3.782735672598006,-7.239229612908535,-0.13813624563266558,2.775699374551653,1.083756278362556,0.4611260053619305,0.8463787913621933,0.3150930726041331,0.7556953494305296,0.21434902898240346
1.1412680756395996,3.6546553941632234,-3.7559618850789875,-0.2662433833454543,0.12719023069795993,7.703573774019028,0.1298098816646096,3.781840646657839,-7.329578055828924,-0.13643350168086954,2.8088240856170206,1.2432106972899033,0.45844504021447724,0.8414111754716703,0.31266836443335266,0.7512599780997056,0.2126995676417365
1.1345939933259181,3.6528649214156506,-3.745977264954793,-0.2669530350211744,0.12806252674121235,7.604456733221525,0.13150183308050245,3.780870182046604,-7.382732568427332,-0.1354512019406684,2.824947843208794,0.9602931233075641,0.45576407506702427,0.8363961883444915,0.31061394736209974,0.7467823110218673,0.21130200500823113
1.1279199110122358,3.6511049042512447,-3.735336284963882,-0.2677135132452122,0.12894553881471857,7.515035903788121,0.13306656319445231,3.7800035182006297,-7.426829940251176,-0.13464695005069416,2.8350983761878346,0.7961169398019747,0.453083109919571,0.8313448643811916,0.30909009194422954,0.7422722003403496,0.2102653686695439
1.1212458286985543,3.6493036185625565,-3.7278698870918525,-0.26824970567309947,0.12983872113312944,7.418900040955979,0.1347908712180388,3.7791296604350832,-7.492947200410883,-0.13345883445504114,2.848333057570986,0.7404069051276329,0.45040214477211804,0.8262648674847316,0.3077463687070382,0.7377364888256531,0.20935127122927769
1.1145717463848719,3.6475141679020218,-3.719055306759179,-0.26888548771580645,0.13074474955400273,7.305018460705284,0.13689219341184966,3.7782807872523665,-7.576142449304975,-0.13199329430398166,2.865573907213037,0.7611658273126397,0.4477211796246648,0.8211458353175735,0.30643790695816875,0.7331659243906905,0.20846116119603317
1.1078976640711904,3.6456701634973365,-3.69992437092846,-0.270275794785789,0.13166598066699178,7.191794911415895,0.13904734663841012,3.7773678877600134,-7.620298907118269,-0.1312284481473398,2.873095314429547,0.8400308126294622,0.4450402144772118,0.8159795913986132,0.30500299689769717,0.7285532066059046,0.20748503190319537
1.101223581757509,3.6438715131950232,-3.701900171985981,-0.2701315415168324,0.13260077642793022,7.152686095947517,0.13980761724837443,3.7764844393832027,-7.673188216310249,-0.13032392426845263,2.865296276804104,0.896071899877683,0.4423592493297589,0.8107806934280616,0.30338764753205594,0.723911333417912,0.20638615478371153
1.0945494994438265,3.642089492456929,-3.732503172979069,-0.2679167179921933,0.13353215575818256,7.1948681812555515,0.1389879529141691,3.7756236405900987,-7.7562210372138924,-0.1289287650780011,2.8448462209405676,0.9182529516344893,0.43967828418230565,0.8056478310760571,0.3017719731356081,0.7193284206036223,0.20528705655483545
1.087875417130145,3.6403160971019264,-3.7685482043396368,-0.26535417507687953,0.1344560105046489,7.242024561975336,0.13808293405280025,3.7747687992255154,-7.857234611324248,-0.12727124102400467,2.8245819177953924,0.9592247402865951,0.43699731903485267,0.8006059318038601,0.3001016187239147,0.714826724824875,0.20415076103667668
1.0812013348164626,3.638524479691012,-3.8059217504467573,-0.2627484392926931,0.13537530949414875,7.266661456104707,0.13761477757573282,3.7738939278521073,-7.99145478745236,-0.12513366171702955,2.81134668198504,0.9926599165154512,0.4343163538873994,0.7956429459341718,0.2983715521862019,0.7103954874412248,0.20297384502462718
1.0745272525027811,3.6367818712209914,-3.8327998757259722,-0.26090587362341466,0.13629291521088788,7.273669082928349,0.13748219620645763,3.773072412741423,-8.102173107525589,-0.12342367741700855,2.795801072947841,1.0235578109435164,0.43163538873994645,0.7907455360393228,0.2966197286777267,0.7060228000351096,0.20178212835219503
1.0678531701890996,3.635034987102097,-3.8536778133541714,-0.25949237285345816,0.13721044448244396,7.2820974671481045,0.13732307271515154,3.772245734414419,-8.185362434490477,-0.12216930013829597,2.773965696982505,1.0751426861903661,0.42895442359249353,0.78590597127874,0.29480416650212327,0.7017017600703035,0.20054705204226073
1.0611790878754173,3.6333620161264175,-3.871637752063999,-0.2582886272009546,0.13812592619262515,7.3123468686890325,0.13675500054324985,3.7714870412435877,-8.228175423558879,-0.1215336266575946,2.7406034228508593,1.1244275202075633,0.4262734584450402,0.7811364632105585,0.2928901412414822,0.6974432707237129,0.19924499404182464
1.0545050055617358,3.6316487107074007,-3.8923858910302362,-0.2569118345394372,0.13903587274331053,7.361132213039395,0.13584866716951716,3.7706877052479753,-8.260150644699065,-0.1210631673699254,2.701481558929307,1.1658127924548927,0.4235924932975873,0.7764560631221334,0.290925924502176,0.6932643420733333,0.19790879217835106
1.0478309232480534,3.629934078950565,-3.9084644260541412,-0.25585495759764854,0.1399392565664118,7.41386202412312,0.13488246702544693,3.769883422208062,-8.266342168122401,-0.12097249057222825,2.657076762242844,1.2165452012787628,0.420911528150134,0.771870804770666,0.28888921893938796,0.6891703614023803,0.19652327819005982
1.0411568409343719,3.6281715445444553,-3.9073169614715377,-0.2559300947070824,0.14083630611851122,7.457695744743563,0.13408967517947268,3.769025983425633,-8.207456966061393,-0.12184041952764346,2.6041081672841426,1.2796879176127927,0.4182305630026811,0.767379957927834,0.28676744504785723,0.6851606767212802,0.19507989459037908
1.0344827586206895,3.6264593599487527,-3.8969978493060657,-0.2566077885257414,0.14172910762553712,7.466932738510372,0.1339237991046236,3.768207680058657,-8.151022841030025,-0.12268398942109116,2.5576358470713116,1.353185454639631,0.41554959785522777,0.7629727774300107,0.284509605232771,0.6812256941339381,0.19354394913793949
1.027808676307008,3.624772941745199,-3.8833923819688976,-0.2575068140533858,0.1426239430364818,7.423650975157016,0.134704608735845,3.767407583580934,-8.143176235427477,-0.12280220531755504,2.5263055708429043,1.3988823447339227,0.41286863270777485,0.7586187040440099,0.28212583039851763,0.6773381286107231,0.19192233360443378
1.0211345939933265,3.623070148527826,-3.872540826234042,-0.25822839444987267,0.1435271669190077,7.3252436369695,0.13651423072853675,3.766597309609432,-8.215970676092764,-0.12171416372137855,2.514483620292493,1.4054650807054676,0.41018766756032193,0.7542889829990067,0.2797008205825638,0.673472306249113,0.19027266706296858
1.0144605116796441,3.621344403459236,-3.865285138341052,-0.25871312573571004,0.1444461574622242,7.1662281676312505,0.13954342181244606,3.76577911062909,-8.391394516209733,-0.1191697039232622,2.5244854205591998,1.3724079826036393,0.4075067024128686,0.749951581173214,0.27728135381372676,0.6695996260475124,0.18862677130185496
1.0077864293659626,3.61959488647151,-3.840681699276866,-0.2603704441813761,0.14538981548602592,6.951541184199316,0.1438529922361642,3.764968374722317,-8.582405324740147,-0.1165174519452421,2.5419380722594447,1.3061644765574727,0.4048257372654157,0.7455707834952908,0.274957253813343,0.6656881995493668,0.18704575089343065
1.0011123470522802,3.6178266933174545,-3.7816940025934698,-0.2644317597653867,0.1463663308847314,6.699628513107545,0.14926200729541073,3.764175749822034,-8.682835367391894,-0.11516975246996708,2.551120884144042,1.2201804906691796,0.4021447721179624,0.7411166169609927,0.2727362012819772,0.6617112651437435,0.1855348308040661
0.9944382647385988,3.6160724338440247,-3.7020556976804766,-0.27012019312041957,0.14738218933201586,6.437056958073923,0.15535049736443796,3.7634415276237263,-8.713101428161588,-0.11476969575585372,2.5511947225811475,1.1464686134071822,0.3994638069705095,0.7365661694796716,0.2706404411814954,0.6576483656068496,0.1841091436608812
0.9877641824249164,3.614271048610661,-3.632971250725311,-0.27525678872365233,0.14843997489849475,6.193880903773359,0.16144966549014406,3.762695171378665,-8.786796217913695,-0.11380712323352782,2.5499638408542507,1.0784653826472483,0.3967828418230562,0.7319179772976264,0.26859985717934703,0.6534981940157378,0.18272099127846736
0.9810901001112349,3.6124489249091836,-3.574475907590269,-0.27976129252306237,0.14953724604601115,5.9878926930118395,0.16700366076483775,3.7619728424136474,-8.868579309504483,-0.1127576317582566,2.5420853940799115,1.0131760308776263,0.39410187667560326,0.7271972541831595,0.2666699565228883,0.6492832626635352,0.18140813368903963
0.9744160177975534,3.6105618437309435,-3.5175415186334913,-0.2842894660099091,0.15066916725575608,5.821401416932213,0.17177994238490157,3.761225220858468,-8.888136468627781,-0.1125095236250786,2.5202022343436377,0.971263612300681,0.39142091152815034,0.7224253203104475,0.26481245176096974,0.6450226074200424,0.1801445250074624
0.967741935483871,3.6085986730909263,-3.4596008393072855,-0.28905068718859184,0.15183019299664388,5.686961349137098,0.17584082933001355,3.760432570218105,-8.833153039103712,-0.11320985785857829,2.4822069201692054,0.9533980455018541,0.38873994638069703,0.7176339749113845,0.26298335755757424,0.6407446204565932,0.17890024323644507
0.9610678531701895,3.6066083113918173,-3.4075391049995036,-0.2934669182615721,0.15301631959386533,5.582717164915519,0.17912424549903427,3.7596355017444156,-8.74564128894319,-0.1143426727625183,2.4351814507762337,0.9606022951665555,0.3860589812332441,0.7128481320284279,0.26113407767113184,0.6364715464539534,0.17764222970825294
0.9543937708565071,3.604663298092969,-3.3702440366847757,-0.2967144186341102,0.1542211729143173,5.508562612745258,0.18153556023603734,3.7588963385334315,-8.682148910901239,-0.11517885839811015,2.3856685687926307,0.9928989858634948,0.3833780160857908,0.7080941297799703,0.2592190356155784,0.6322269015892592,0.17633948001059754
0.9477196885428256,3.6027156224780867,-3.3514627842888935,-0.29837717568813105,0.1554394861376167,5.456587890672245,0.18326471048133364,3.75815873332956,-8.68715649694139,-0.11511246520677787,2.3403761401541905,1.029741337256906,0.3806970509383379,0.7033982604767672,0.2571966739507256,0.6280341611399707,0.1749637237760038
0.9410456062291441,3.6007252557954104,-3.3516310076145133,-0.2983621996956458,0.15666742044020815,5.418925213869748,0.18453843899533773,3.7573902099415677,-8.785511863664395,-0.11382376070037026,2.302748104415426,1.0520420519046159,0.37801608579088497,0.6987716920507462,0.2551163106866571,0.6239032964738804,0.1735485106711953
0.9343715239154617,3.598707155153429,-3.3579321642790325,-0.29780232329818546,0.1579027356014032,5.389661178807916,0.18554042022752526,3.756610838077586,-8.907741385523314,-0.11226190307064599,2.2676430161656813,1.0752448935719745,0.37533512064343166,0.6942261582167016,0.25300632270303014,0.619844784122055,0.17211314469593889
0.9276974416017802,3.596694322161634,-3.3540803543862827,-0.2981443180668748,0.15914404451443545,5.367267523430536,0.18631454378499868,3.7558464462081105,-8.942162375100699,-0.11182977428194363,2.2253506834713357,1.123301085771294,0.37265415549597875,0.6897563525948782,0.250840581601013,0.6158538862454269,0.17063985142926058
0.9210233592880979,3.5947104471950255,-3.3473518001260265,-0.29874362173774216,0.16038969280431753,5.350876199201141,0.18688528061054654,3.755103300118982,-8.939878688734327,-0.1118583411271743,2.1804200199045813,1.1732296196034278,0.36997319034852544,0.6853682043738267,0.24852662961859326,0.6119358967623453,0.1690657344344172
0.9143492769744164,3.5927209018478043,-3.345734059781378,-0.2988880712370019,0.16163862000645615,5.336081080003079,0.18740344927431707,3.754362601221491,-8.969846983337213,-0.11148462196263154,2.1412564427268825,1.1907863348463819,0.3672922252010725,0.681060006748073,0.24616101715852776,0.6080892917393508,0.16745647425750187
0.907675194660734,3.590759853000419,-3.340091101737273,-0.2993930313696751,0.1628911848969669,5.310559377469203,0.18830408040302515,3.7536642640269724,-9.00179532976109,-0.11108895096668903,2.1062344096676004,1.2180322868441096,0.3646112600536192,0.6768241909651828,0.2437757005597778,0.6043073133617702,0.16583380990461075
0.9010011123470525,3.5887580883561916,-3.3189786228404454,-0.3012975115652239,0.16415213387168012,5.267158210193967,0.18985569828994642,3.7529246523496935,-8.973292614417868,-0.11144181327523484,2.070067703920441,1.2570249130769573,0.3619302949061663,0.6726419117996312,0.24128947752458996,0.6005731355353849,0.16414250171740813
0.894327030033371,3.586713398436667,-3.2847436207546608,-0.30443776302098513,0.1654254100131841,5.206609195742632,0.1920635796551977,3.7521451347136145,-8.898841086524673,-0.1123741833657732,2.0349773746281232,1.2828501917965662,0.3592493297587134,0.6684981356046982,0.23871818316242197,0.5968733353613376,0.1623933218791986
0.8876529477196886,3.5846835107188197,-3.247981375700268,-0.3078835388286052,0.16671583015183847,5.130164365031497,0.1949255284716127,3.751387623575562,-8.852847149473819,-0.11295801035709019,2.0073351590141835,1.2831893062661905,0.35656836461126007,0.6643721280724403,0.23607521249564134,0.5931894000646788,0.16059538265009615
0.8809788654060071,3.5826729026328334,-3.218658243536728,-0.31068846840389597,0.1680273080572991,5.0466749440605625,0.19815026945155267,3.750672521509381,-8.88587172452466,-0.11253819895239303,1.990255728553319,1.2444541238737166,0.35388739946380715,0.6602486006616844,0.2334444904995167,0.5895076791622182,0.15880577585001138
0.8743047830923247,3.5805558243130537,-3.1916376590064983,-0.3133187745100372,0.16936077256943427,4.961690912105418,0.20154419485506914,3.749889594537538,-8.946578042043624,-0.11177457965499116,1.9782044809509618,1.1835136379254916,0.35120643431635384,0.6561183324650542,0.23091006013062518,0.5858199397009413,0.15708167355824842
0.8676307007786432,3.5784059641909356,-3.1562946538285663,-0.316827200777027,0.1707175531499141,4.876568558527418,0.2050622252098453,3.749118765710994,-8.947346831379573,-0.11176497556715503,1.9643821045872418,1.1605982855993184,0.3485254691689009,0.6519753809126277,0.22848850190793316,0.5821208758148462,0.1554343550394103
0.8609566184649609,3.5762618105502675,-3.1251398097696295,-0.3199856841200699,0.17209797691038883,4.800933627789733,0.20829281917408693,3.74835968781838,-8.953123375288264,-0.11169286494589414,1.9529396414760518,1.1687473394935404,0.3458445040214476,0.6478109923080622,0.22600085116217408,0.5784026717036269,0.15374207562052658
0.8542825361512794,3.5741645015294,-3.1139406913072847,-0.3211364952426834,0.1734978799909476,4.749057227634205,0.21056810900932454,3.7476607323303472,-9.044176496250108,-0.11056838623335352,1.947788565185562,1.1698294558602387,0.3431635388739947,0.6436340003035385,0.22349653797860192,0.5746732145567307,0.15203846120993328
0.8476084538375979,3.5720534562573687,-3.1194652685142827,-0.32056776207554094,0.17490867469471783,4.727977767369398,0.2115069167417829,3.746958626982634,-9.169193553736507,-0.10906084533382909,1.9444527539608087,1.1718266205712882,0.3404825737265417,0.6394616319613664,0.22098626390504217,0.5709478856797914,0.15033079177213754
0.8409343715239155,3.569924712232264,-3.125954168649417,-0.31990232295441956,0.17632110913544302,4.731888733437944,0.21133210359184673,3.746247017857375,-9.210628898715115,-0.10857021936249112,1.9351745389076809,1.1765387501992566,0.3378016085790885,0.6353136384020582,0.21848230621466727,0.5672443200018377,0.14862741919365122
0.834260289210234,3.567715975728767,-3.1290659681051944,-0.31958418588584436,0.17772957040450893,4.754446211483341,0.21032943807098192,3.7454548896313207,-9.152920307820143,-0.10925474781481626,1.9202519706423884,1.1940035432694664,0.3351206434316355,0.6311980044101952,0.2159621955879641,0.5635696467948171,0.14691305822310483
0.8275862068965516,3.5655335314152103,-3.1375654370117525,-0.31871845227630047,0.1791286211007954,4.789501677271813,0.2087899884752975,3.7446761417562957,-9.096825020767803,-0.10992846380105448,1.9078632087301504,1.2293499687152112,0.33243967828418225,0.6271217685345603,0.2133876328948486,0.5599301504772859,0.14516165503050926
0.8209121245828701,3.5634927804372714,-3.155828464872748,-0.3168740034925577,0.18051653354322264,4.835240153190784,0.20681496023317436,3.7440179257188797,-9.08603210044685,-0.11005904325946858,1.9010380982061124,1.2769773892881096,0.32975871313672933,0.6230812139534131,0.21072909885513974,0.5563225124584045,0.14335312847288417
0.8142380422691886,3.561463826382802,-3.1849058239838883,-0.3139810265250276,0.18188922123738932,4.895643324061781,0.20426324668814466,3.743346848487585,-9.11429306614725,-0.10971777983684206,1.8985916199332398,1.3066556826497826,0.32707774798927636,0.6190808607459325,0.20798294959696528,0.552750768523154,0.14148499972582673
0.8075639599555062,3.5593194683873928,-3.2174043238448022,-0.31080955308874536,0.1832430729873358,4.968709031031043,0.20125952108580059,3.7425538196151455,-9.128249273111988,-0.10955003200291458,1.896700019460722,1.3116367568097749,0.3243967828418231,0.6151240921177409,0.20525289802699911,0.5492179393908401,0.13962782178707422
0.8008898776418247,3.557159807022342,-3.242151367936021,-0.3084371722707715,0.18457566645766704,5.051990022320758,0.19794180027707675,3.7417368702120495,-9.050152797870973,-0.11049537199363613,1.8896175051240072,1.3420687937298061,0.32171581769437013,0.6112118533558827,0.20254135650719807,0.5457248690677523,0.13778323571918236
0.7942157953281423,3.5551560744272783,-3.254325067648988,-0.30728337803157046,0.18588523272407098,5.1431136505179955,0.1944347467218197,3.7410402134761154,-8.861427811699293,-0.1128486313097028,1.8757276653714625,1.3810254949427712,0.3190348525469169,0.6073441697066954,0.1997226963635309,0.5422715800952637,0.13586577983913667
0.7875417130144609,3.5531783083584183,-3.265342748343349,-0.30624656493023394,0.18717101346618975,5.241180532969059,0.19079670957899886,3.7403485742042855,-8.661769189377617,-0.11544985535130081,1.8619316837999755,1.4037524195860354,0.3163538873994639,0.6035178480791205,0.19687654438285188,0.5388552214992146,0.13392962202915093
0.7808676307007785,3.551172938317134,-3.311669394088852,-0.30196250923626167,0.18843201861389075,5.366942941985907,0.18632581169755724,3.7396034038490766,-8.647773771515483,-0.11563669753871864,1.8612146231550484,1.4533775858248197,0.31367292225201066,0.5997326902183623,0.19398336807501482,0.5354756162663948,0.13196147488096246
0.774193548387097,3.5491453674708104,-3.3917934794732427,-0.29482927131380166,0.18965812107505597,5.534052037659318,0.18069942118270355,3.738800042715792,-8.761949646403817,-0.11412985013106436,1.8671968427867942,1.5188153413649483,0.3109919571045577,0.5960162617285653,0.19101483907088226,0.5321573765433618,0.129942067395158
0.7675194660734155,3.547113482551974,-3.4584119393205794,-0.28915005428660834,0.19084402423590668,5.717656057976659,0.17489684406688077,3.7379598386824884,-8.752489300532108,-0.11425321021977197,1.861967449415447,1.5806268915016355,0.30831099195710476,0.592384631928494,0.18800454977309436,0.5289148499361553,0.1278942515463227
0.7608453837597331,3.5451482748714453,-3.5071947084790844,-0.28512816741607594,0.19199267294246705,5.910676640590732,0.1691853675656425,3.737147281354469,-8.624942655258941,-0.11594279985041567,1.8466751760182991,1.647188414444595,0.30563002680965146,0.5888292045314482,0.18491078349789491,0.525740361188793,0.12578964863802375
0.7541713014460516,3.5432993398672155,-3.5737782384899273,-0.2798159072182784,0.193102338374714,6.144299519462079,0.16275248249739427,3.736411236491158,-8.542377795497911,-0.11706342472081133,1.831168648064912,1.7395592657079415,0.30294906166219854,0.5853555621829671,0.18173193538944543,0.5226388948062206,0.12362716693159553
0.7474972191323692,3.541546989010476,-3.67394181852032,-0.2721872172713802,0.19416511987235435,6.439351985005986,0.15529512943670376,3.7357178616304103,-8.554898954442189,-0.11689208783474214,1.8174024401791298,1.9057010855741592,0.30026809651474523,0.5819889007888659,0.17840305205543008,0.519632947132916,0.1213626204458708
0.7408231368186877,3.5398179849442863,-3.7838840634998787,-0.2642787102401485,0.19517524332826297,6.77332469759866,0.1476379835082362,3.734970594834301,-8.573334786384292,-0.11664072673193004,1.7999820142846057,2.0081974253044255,0.2975871313672923,0.5787516368913863,0.17477246673938748,0.5167425329387377,0.11889283451659012
0.7341490545050053,3.5379983121026175,-3.882086975231298,-0.25759340436735556,0.19613581598147425,7.1441862132587985,0.1399739550663046,3.7341263808386,-8.501995256255258,-0.11761944930094614,1.770467807262986,2.0122703607609163,0.29490616621983906,0.5756377526485338,0.17131506901172536,0.5139622791504765,0.11654086327328256
0.7274749721913238,3.536235760190625,-3.974801451549783,-0.2515848935322538,0.1970436387240313,7.586448097616516,0.13181399083375744,3.7333041689789055,-8.34927329985663,-0.11977090269846258,1.7260885028735609,2.1733401982808824,0.2922252010723861,0.5726611980391159,0.16785336833331124,0.5113046411063534,0.11418596485259269
0.7208008898776423,3.5346214355658487,-4.082217033865302,-0.2449649275636716,0.19789529083131296,8.11880269655288,0.12317087104784363,3.7325327106089516,-8.210581276351848,-0.12179405651585284,1.6742996723687897,2.467307369891382,0.28954423592493317,0.5698367236992646,0.1639550443666613,0.5087827890172005,0.11153404378684442
0.71412680756396,3.533015816572238,-4.214527291862917,-0.23727453418814548,0.1986877437880737,8.751712848502882,0.11426334676543526,3.731698239841033,-8.129341899322506,-0.12301118742260542,1.6195322644132208,2.6593943902770714,0.28686327077747986,0.5671812476277363,0.15975389111311736,0.5064118282390502,0.1086761164034812
0.7074527252502785,3.531472809119816,-4.378600118115188,-0.2283834954150734,0.1994204967948116,9.494200331599266,0.10532745940400368,3.7308849251811504,-8.126379106747958,-0.12305603601112125,1.5660545589667352,2.7079368379447857,0.28418230563002694,0.5647012357361354,0.15553144729310922,0.5041975319072637,0.10580370564157089
0.7007786429365961,3.529916477498667,-4.588019131027049,-0.21795898653459744,0.20009367205598028,10.392195301724035,0.09622605916904803,3.7300351007411976,-8.214704284541774,-0.12173292736559915,1.511635068516434,2.920119505257551,0.28150134048257364,0.5624013378006376,0.1514982460206729,0.5021440516077121,0.10306003130658022
0.6941045606229146,3.52848855110747,-4.790949260835295,-0.2087269026567924,0.20070493807404255,11.402687960707102,0.08769862013640406,3.72921740344745,-8.262531527140546,-0.12102828252034215,1.4500773989040965,3.3654271479130125,0.2788203753351207,0.5602959732708656,0.14694805294471644,0.5002642618489871,0.09996466186715404
0.6874304783092331,3.5271554766698645,-4.948434511637005,-0.2020841131974862,0.20126428767515359,12.426468809369192,0.08047338430093909,3.72843205934863,-8.222958690184853,-0.12161072889659863,1.3853547026612385,3.6624515569649367,0.2761394101876678,0.5583539242935234,0.14209076711795876,0.4985302895477887,0.09666038579452978
0.6807563959955507,3.525880533422612,-5.096956177019201,-0.19619552636311255,0.20177911005581256,13.550754036075986,0.07379663134152636,3.727659380764423,-8.1700083960935,-0.12239889502171764,1.3164214390064963,3.8359109224602226,0.2734584450402145,0.5565525171169028,0.13705745642482897,0.4969218902829489,0.09323636491484964
0.6740823136818692,3.5245563774439588,-5.252822993079818,-0.19037382400233582,0.2022493372592452,14.93645962354375,0.06695026968932716,3.7268059125939454,-8.102181188727172,-0.12342355431292162,1.2380113575290486,3.8745018592544063,0.2707774798927616,0.5548983545312964,0.13204565415434988,0.4954449594029432,0.089826975615204
0.6674082313681868,3.5233038686363845,-5.435522187323561,-0.1839749642329025,0.20267277327747207,16.765129276366963,0.059647616401601766,3.725998610504147,-8.043282652159377,-0.12432734783124033,1.1456702615493557,3.7990386896629227,0.26809651474530827,0.5533964127173386,0.1272107119109816,0.49410393992619517,0.08653789925917116
0.6607341490545053,3.522062533293064,-5.530771824767042,-0.18080659113832098,0.20304552346260368,17.964832280190866,0.055664310381715154,3.7251823140568088,-7.990904384628248,-0.1251422807565632,1.0992360402276207,3.763199433034625,0.26541554959785535,0.552069948759812,0.12270572228674521,0.4929195971069749,0.08347328046717362
0.654060066740823,3.5207804279053057,-5.374553506724776,-0.18606196751949255,0.20341578965631585,16.81207719484712,0.05948104974836177,3.7243137977499416,-7.900084922815395,-0.12658091777115033,1.1412058924510629,4.036852304553375,0.26273458445040204,0.5507434767620581,0.11812761414203868,0.4917352471089805,0.08035892118506033
0.6473859844271415,3.5195065507767125,-5.013980724597106,-0.19944233034129866,0.20383948630685328,14.029321395614884,0.07127928513438775,3.723435152096283,-7.802561170308567,-0.128163045206918,1.2710746963621873,4.520995782935395,0.2600536193029491,0.5492183927711709,0.11252930522261963,0.4903735649742597,0.07655054777048954
0.64071190211346,3.5182094752838675,-4.575565232712042,-0.21855223325212592,0.2043672372888104,11.15172586981966,0.08967221860307184,3.722562253792655,-7.759154921910432,-0.12888001464904164,1.466634754054131,4.251919609562053,0.2573726541554962,0.547305428495187,0.10603576586060758,0.4886655611564169,0.07213317405483509
0.6340378197997776,3.516882212370575,-4.1241040336247465,-0.24247690937153266,0.20503644584326802,8.86783878021805,0.1127670478438052,3.7217355618302155,-7.709514050990878,-0.12970986152771502,1.6843094702444663,2.635874621977689,0.2546916890080429,0.5448624180562448,0.1000383046996476,0.48648430183593283,0.06805326850316164
0.6273637374860961,3.5153496168993317,-3.7151414333794803,-0.26916875654188743,0.20587247040797135,7.227722852025572,0.1383561628569847,3.7209011128809717,-7.644523908832354,-0.1308125936848228,1.8921920108881187,1.1045667758756288,0.25201072386059,0.5417745978564832,0.09630143110929373,0.48372731951471704,0.06551117762536988
0.6206896551724137,3.5133299322554534,-3.3914476492927035,-0.294859335425258,0.2068832466822934,6.09715379812167,0.1640109521770743,3.7200272738997158,-7.6424329836989955,-0.13084838324823522,2.084182037200498,0.7105999504810928,0.24932975871313667,0.5379925352325238,0.0946016548983107,0.4803504778861819,0.06435486727776238
0.6140155728587322,3.5110569347330833,-3.144737909413968,-0.3179915238743547,0.20806171559832168,5.33697237408358,0.1873721522067484,3.7191148702871835,-7.6558322646385415,-0.13061937166764892,2.2511436289122866,0.5463647601055875,0.24664879356568375,0.5335119537549923,0.09334229864277936,0.47634995870981445,0.06349816234202678
0.6073414905450498,3.508741764331469,-2.965787013915129,-0.3371786292502179,0.20938432101653257,4.855319571767378,0.2059596665510508,3.718222771018259,-7.6208497570020866,-0.13121896269916533,2.3811291330977595,0.45921997841501044,0.24396782841823045,0.5283964077357121,0.09224838740687653,0.4717825069068857,0.06275400503869152
0.6006674082313683,3.5064358729191665,-2.8492432920255375,-0.3509703796789836,0.2108108991340421,4.591708009216201,0.21778388303281915,3.7173571698316707,-7.508268669737989,-0.13318649664608984,2.469064740414786,0.3886399078540935,0.24128686327077753,0.5227723123540856,0.09125969235001434,0.4667609931732907,0.0620814233673567
0.5939933259176868,3.504081978598868,-2.7997936860011348,-0.35716917464310427,0.212291336140441,4.50720932590601,0.22186677557936285,3.716454020207878,-7.390851950302836,-0.13530239906361885,2.521920597983538,0.3504743619687993,0.23860589812332458,0.5168208685391812,0.09040443642631239,0.4614472040528403,0.06149961661653904
0.5873192436040044,3.501772386718661,-2.8151691473357374,-0.3552184425388418,0.2137724133798178,4.565994561345389,0.21901033533104908,3.715578685026478,-7.341706896152049,-0.13620810720789223,2.552258966719551,0.3228671065693241,0.2359249329758713,0.5107469754446172,0.08958691730595347,0.4560240852184082,0.06094348116051257
0.580645161290323,3.4994704786470354,-2.8563982091604183,-0.35009124315826057,0.21521472215153406,4.673606963135166,0.2139675004526218,3.7147023428441304,-7.346257016767273,-0.13612374270564942,2.576982743786436,0.3045054652898046,0.23324396782841836,0.5047196583947353,0.08886353891400926,0.4506425521381565,0.06045138701633283
0.5739710789766406,3.497148623735001,-2.8854966988913127,-0.3465607846247849,0.21662848680076488,4.754459126028996,0.21032886675276075,3.7137852554778723,-7.340423709952474,-0.13623191787200994,2.6053287733176598,0.2915863021274305,0.23056300268096508,0.498704682846828,0.08816349251895102,0.4452720382560964,0.05997516497887824
0.5672969966629591,3.494789621539183,-2.9047388202840567,-0.3442650309958708,0.21802222649083686,4.820219145634296,0.20745944733772248,3.7128171584800387,-7.309643168501252,-0.1368055836582016,2.631564264228034,0.281586150789215,0.22788203753351213,0.4926673045763305,0.08751157183597172,0.4398815219431522,0.0595316815210692
0.5606229143492776,3.492453424052058,-2.920813111782751,-0.34237041595230266,0.21939768965733053,4.883422797917583,0.20477440544906855,3.7118512237092975,-7.267652574684385,-0.13759601050321635,2.6546169686299517,0.26987542951989363,0.22520107238605921,0.4866116623786332,0.08686943501304259,0.434474698552351,0.05909485375036911
0.5539488320355952,3.490200297198301,-2.9269099772356992,-0.3416572452783271,0.22075558896624153,4.942529260661357,0.20232555990294543,3.7109569050122078,-7.177118379829738,-0.13933168537533902,2.6685260392781447,0.2582097126382296,0.2225201072386059,0.480535501446141,0.08627480032143085,0.42904955486262586,0.05869034035471487
0.5472747497219137,3.487979228027721,-2.93319796219329,-0.3409248243348202,0.22209836453923867,4.998278037704849,0.20006890222121143,3.710077813903826,-7.099453008395257,-0.14085592211364428,2.681677260154051,0.2523319598292262,0.219839142091153,0.47444181025276655,0.08569164415762835,0.42360875915425583,0.058293635481379835
0.5406006674082313,3.485756572268507,-2.950136767252147,-0.3389673357182801,0.22342614160990615,5.051896577385734,0.19794546160671445,3.709182583682772,-7.091098500143508,-0.14102187411157274,2.7046061557768803,0.24495720481253921,0.2171581769436997,0.4683318201805953,0.08512605039681771,0.4181534108755315,0.05790887782096443
0.5339265850945498,3.4834776987491614,-2.9644595747729667,-0.3373296126247851,0.22474057314800466,5.102481028318504,0.19598309027511363,3.7082189633317415,-7.074811487232698,-0.1413465223496928,2.72427537369852,0.240205379968207,0.21447721179624676,0.46220439957103593,0.08458258507865564,0.4126824996169963,0.057539173522895
0.5272525027808674,3.481206790623151,-2.969910209577243,-0.33671051628942905,0.22604215616307788,5.15091093801344,0.19414041749781674,3.7072489589652307,-7.014093477353733,-0.14257009879162297,2.7352897403064658,0.23506902368852103,0.21179624664879348,0.4560650856848445,0.08404443211526556,0.40720096936146827,0.057173083071609225
0.5205784204671859,3.4789022677252355,-2.9722590464423013,-0.33644442976697064,0.22733199140159077,5.197290852798571,0.19240793488814134,3.7062344699346204,-6.942684913581242,-0.144036494878776,2.7424833228934173,0.22859320370998532,0.20911528150134054,0.44991067672770624,0.0835254026231614,0.40170596136402337,0.05682000178446354
0.5139043381535044,3.476652153243327,-2.9802903086070796,-0.33553778204492346,0.22861044895357577,5.2407839101008005,0.1908111490864286,3.7052634184972857,-6.90957828257552,-0.14472663295845223,2.7548308914188873,0.22587369773479737,0.20643431635388762,0.44374881113710474,0.08301760028500627,0.3962042956581292,0.05647455801701107
0.5072302558398221,3.4744647299173126,-2.9914670715669907,-0.3342841408834829,0.22987897003233285,5.28074480420564,0.18936722698729724,3.7043435696459523,-6.90050576647586,-0.14491691389611105,2.769311884695424,0.22292508121151286,0.2037533512064343,0.43757219631671207,0.0825137447062334,0.3906894609970643,0.05613179911988667
0.5005561735261406,3.4722519949612405,-3.0056436940316265,-0.33270743368075273,0.2311381538744296,5.317977365075789,0.18804141713110667,3.7033903121317318,-6.912473460247746,-0.1446660165497633,2.7848975026428944,0.2198673875643012,0.2010723860589814,0.4313919087389155,0.08202259981909428,0.38517134708831735,0.05579768695176482
0.4938820912124582,3.4700061333315526,-3.018250958743203,-0.33131771137294663,0.2323889778249616,5.350560342980261,0.18689631289028696,3.702395705398325,-6.924181669103174,-0.14442139848267743,2.7997443391665398,0.21886999824145603,0.1983914209115281,0.42520431453944346,0.08153727649029327,0.37964670941021733,0.05546753502741039
0.4872080088987767,3.4678274229973427,-3.020424969710387,-0.33107923885819446,0.2336328766271365,5.378293111407241,0.18593259595298406,3.7014603428571355,-6.889584078450947,-0.14514664290516066,2.8047296384565144,0.2160331323965153,0.19571045576407517,0.41901006854958145,0.08105464013918544,0.3741161326335548,0.05513921097903771
0.4805339265850943,3.465628545083355,-3.0130560204522605,-0.33188895035874566,0.2348708367253351,5.401563402539458,0.18513158607559177,3.700499614561533,-6.813968109094298,-0.14675736428313257,2.8009870928303395,0.21217377046077682,0.19302949061662186,0.4128093663103006,0.08058233651752432,0.3685797913484826,0.05481791599831587
0.4738598442714128,3.463407504175424,-3.0024190307504326,-0.3330647686942143,0.2361040435157985,5.419898118197858,0.18450531323502162,3.6995114782815435,-6.731311695436191,-0.14855945545917848,2.794459919995242,0.210098531161927,0.19034852546916894,0.40660141835048436,0.08011462068434587,0.3630369806700753,0.054499741962140046
0.4671857619577313,3.4611391503590796,-2.9982339142202976,-0.33352968067538313,0.23733364402101936,5.433977091407333,0.18402727563597665,3.6984712857879924,-6.688855605607067,-0.14950240503947043,2.7937473942429847,0.20567523598475945,0.187667560321716,0.4003857552154,0.07964827259964231,0.3574872814423214,0.054182498367103614
0.46051167964404893,3.458944612035425,-2.993390464316484,-0.334069347758259,0.23856046988691276,5.444259067513933,0.18367972346632655,3.6975039937786365,-6.649394894811751,-0.15038962429201774,2.7920435322756716,0.1992173186845504,0.18498659517426272,0.39416362597326315,0.07919835560546037,0.3519318089046992,0.05387643238466692
0.45383759733036744,3.456687532888326,-2.9841339544924432,-0.3351056002343853,0.2397854312085566,5.450334982086554,0.18347496131644547,3.6964731886035316,-6.594973200246212,-0.15163063891793627,2.7858375185757516,0.19610384141216058,0.18230563002680977,0.38793545011648345,0.07875960876911314,0.34637093760400306,0.053577965149056564
0.44716351501668505,3.454450946346907,-2.9804210316029627,-0.3355230651631018,0.24100952387556382,5.452286392528347,0.18340929437792752,3.695461194204576,-6.574026761934705,-0.15211377078509258,2.7842802867709646,0.19554472714634302,0.1796246648793565,0.3817024630323935,0.07832117306052722,0.34080577056463707,0.053279709564984505
0.44048943270300356,3.452220547513677,-2.9847101514119205,-0.3350409082526653,0.2422336086641019,5.450238575251048,0.1834782067230769,3.694454894343982,-6.5979293711963,-0.15156270152959905,2.7897922000552624,0.19487394331544947,0.17694369973190358,0.37546571894220354,0.0778838370939322,0.33523724905553887,0.05298220210471579
0.43381535038932206,3.4500015241783735,-2.9887838714887107,-0.3345842466360409,0.24345862118443679,5.4441532263416486,0.18368329443070763,3.6934609053873313,-6.626863418589899,-0.1509009522053475,2.794797706272537,0.19458303793987972,0.17426273458445063,0.3692259996586976,0.07744964484462298,0.3296660711238371,0.05268683322763468
0.4271412680756397,3.4477391934755692,-2.980943198488657,-0.33546429214317186,0.24468544351745952,5.434256658418552,0.1840178082959767,3.6924249004482976,-6.602992519842231,-0.15144648384728043,2.7881330507762363,0.19434242232140747,0.17158176943699735,0.3629839103322175,0.07701481112706036,0.324092777082337,0.05239102797759208
0.4204671857619582,3.445484982752058,-2.9640832032213593,-0.3373724458588754,0.24591492118393818,5.419783547755417,0.18450921354860128,3.6913994264001624,-6.541795465698076,-0.15286323231038068,2.7728657730684434,0.19153247063655046,0.1689008042895444,0.3567412102298993,0.07657941468605839,0.3185189377052672,0.0520948399224887
0.4137931034482758,3.4432610324171957,-2.9476574317326802,-0.339252448142247,0.24714830287517162,5.400100257406748,0.18518174706634483,3.6904093368068365,-6.49052670635243,-0.1540707010759661,2.7581974853576336,0.18865757363017974,0.16621983914209112,0.3504968640098797,0.07615208866124493,0.3129436285802497,0.05180414194642512
0.4071190211345943,3.4410130603042965,-2.9371738554346214,-0.34046333285641595,0.24838675762976264,5.375592809586105,0.1860259947920042,3.689400104402512,-6.475118080467759,-0.1544373380643833,2.7487471090130544,0.18838207655246386,0.16353887399463818,0.3442510039896324,0.0757250959976757,0.30736696784788603,0.051513670746718164
0.4004449388209119,3.4387442718484884,-2.929167190465329,-0.3413939645558912,0.2496314084786244,5.346417948875386,0.1870411197856967,3.6883757033216424,-6.4786625830456295,-0.1543528447703011,2.741275960507437,0.1880053745794143,0.1608579088471849,0.33800501631927665,0.0752959670535629,0.3017901931422113,0.051221746294940744
0.3937708565072304,3.4364349858853016,-2.9181257592030123,-0.34268571080127685,0.2508834132887487,5.312826201790605,0.18822373667389414,3.6873185306877114,-6.474085325202425,-0.15446197412740048,2.7312485436149063,0.18635708654368188,0.15817694369973195,0.3317590563585694,0.07486834717457103,0.2962134431772941,0.050930848418075526
0.38709677419354893,3.4340900644613384,-2.9051680763867287,-0.3442141637614782,0.252143849902525,5.274934726748034,0.18957580554110365,3.6862344908050755,-6.466700833533539,-0.15463835822038163,2.7188452816576754,0.18563597855706235,0.15549597855227903,0.3255116747132796,0.07444350023701868,0.29063542385114244,0.050641836895931075
0.38042269187986655,3.4317755444394438,-2.893954461737866,-0.3455479390644882,0.2534139023504764,5.232513650433492,0.191112736020699,3.6851902675001336,-6.475207597041665,-0.15443520304381764,2.707747867126174,0.1862881142705503,0.15281501340482573,0.31926695979054764,0.07401541215456732,0.2850597855272747,0.05035062051331111
0.37374860956618505,3.429523870580809,-2.885090390363825,-0.34660959092997246,0.25469485416531523,5.185154030832093,0.19285830161529915,3.6842192772851368,-6.504010499405958,-0.15375128931469817,2.6991607398169015,0.1859876916316761,0.1501340482573728,0.313022374816959,0.07358424409756964,0.27948426322942765,0.05005730890991132
0.36707452725250267,3.427246389962536,-2.876016852810096,-0.3477031085624276,0.2559882067101912,5.133246627817003,0.19480848525395444,3.6832352558373582,-6.540452360985143,-0.152894623308498,2.689939681413687,0.18581509880131128,0.14745308310991953,0.3067790126634762,0.07315490628375615,0.27390983273524655,0.049765242369902145
0.3604004449388212,3.424875386370749,-2.863851489633026,-0.34918011762130163,0.2572951898972925,5.076741241213341,0.19697675191359565,3.6821712707982295,-6.570156943315461,-0.15220336570763493,2.6777640895044685,0.18692176474510033,0.14477211796246658,0.30053782519890604,0.07272181584378264,0.2683373439275947,0.049470623022981386
0.3537263626251388,3.4225334367699247,-2.846012391009733,-0.35136881454167224,0.25861748482249725,5.014968208364881,0.1994030586937754,3.68115109019018,-6.580429876590692,-0.15196575584786842,2.659622502476042,0.18667356495234794,0.1420911528150133,0.2942981756839244,0.07228365160679519,0.2627662282892182,0.04917255211346612
0.3470522803114573,3.4201894284470997,-2.8239991086731533,-0.3541077604907059,0.2599568547519369,4.948814441479747,0.20206859881798067,3.6801468498285974,-6.5772527880155955,-0.1520391616728034,2.637293091613775,0.1853836492692284,0.13941018766756036,0.2880638145132655,0.07184628616743428,0.2571998343868442,0.0488750246036968
0.3403781979977758,3.417840563365416,-2.796766350375757,-0.3575557893370842,0.2613147297455402,4.87798504405443,0.20500267855861054,3.6791566642492084,-6.555094123595044,-0.1525531107784559,2.610403729188367,0.1853032067536164,0.13672922252010744,0.28183248334681216,0.071407409290774,0.251636145845368,0.04857646890528843
0.3337041156840934,3.415400227708462,-2.7706255253373073,-0.36092932475176553,0.26269326425438777,4.801721878986351,0.208258625801772,3.678094880579767,-6.5500453386124935,-0.15267069894997576,2.585413585960451,0.18575824979952452,0.13404825737265413,0.27560506250921957,0.0709618550810996,0.246075948668946,0.04827337080346912
0.3270300333704119,3.4129962558237628,-2.747072559119652,-0.3640238757728582,0.2640946001678109,4.72040933205129,0.21184603487881049,3.677091516757908,-6.571258956794155,-0.15217784089395536,2.5621712475039935,0.18464539959253945,0.13136729222520122,0.2693766308422041,0.07051247329431003,0.2405148489662536,0.0479676689076939
0.32035595105672954,3.4105302404492712,-2.7205846253243635,-0.36756805529648773,0.2655210200036044,4.634381972745827,0.21577850204857185,3.6760529639129724,-6.588068668775644,-0.15178955324790877,2.5359035827538543,0.18428397807284222,0.1286863270777479,0.2631552738534408,0.07006463515518985,0.23496006594057212,0.04766301711237405
0.31368186874304804,3.4080995645155867,-2.68865996923774,-0.3719324910704529,0.26697484713620123,4.54413595615382,0.22006383824096787,3.6750756066585626,-6.584637325534531,-0.15186865282953477,2.50509579030113,0.1856173585035801,0.126005361930295,0.25693457058482383,0.06960824016611511,0.2294058665935927,0.047352544330690555
0.30700778642936655,3.405612377185896,-2.652216274080677,-0.37704315812126765,0.2684584683449742,4.450297506331092,0.22470407845259288,3.6740703046637755,-6.564303802907671,-0.15233907966859306,2.467724308213446,0.18398648143535454,0.12332439678284204,0.25071837384600065,0.0691430614350902,0.22385569093392915,0.04703609621434708
0.30033370411568416,3.403064479383963,-2.6176052374444483,-0.38202857546858127,0.26997423416782645,4.352291651966383,0.2297640139874808,3.673040579087934,-6.567516369358691,-0.15226456148104717,2.4314744495220295,0.18284384103206996,0.12064343163538876,0.24451471680613296,0.06868216520494257,0.21831671143404727,0.046722561363906505
0.29365962180200267,3.400483060781622,-2.5834415957591896,-0.38708055240789463,0.2715253962291231,4.24961143185829,0.23531563203714256,3.6720120808904517,-6.589137974417329,-0.15176492037085154,2.396746547253721,0.18480271330635187,0.11796246648793583,0.2383192531366734,0.06821055159056187,0.21278504744345839,0.046401735775892426
0.2869855394883203,3.397887711602584,-2.545726378779506,-0.3928151934692323,0.2731152659636504,4.142899637764445,0.2413768344481575,3.671007490712031,-6.603346777290192,-0.1514383590210855,2.358191385748419,0.18636455200114516,0.11528150134048254,0.23213105755720226,0.06772720473341043,0.20725987281893057,0.046072928390075124
0.2803114571746388,3.3952658573111303,-2.503183902484972,-0.3994912235602328,0.2747473339525691,4.031230776749936,0.24806319840766378,3.6700182337998295,-6.603797407991535,-0.15142802515259746,2.3152266492076388,0.18784224125529858,0.11260053619302961,0.22595421147894595,0.0672333049846125,0.2017448316776303,0.04573694216640306
0.2736373748609564,3.3925364228258466,-2.4602118113014892,-0.40646906717799425,0.2764264543739863,3.9143310067429495,0.25547149647726997,3.6689672963798854,-6.622623101548877,-0.15099757070066744,2.2723129418901586,0.18995929239457388,0.10991957104557631,0.21978501769369657,0.066725411354372,0.1962366229408005,0.04539143629549116
0.2669632925472749,3.3897927851611964,-2.4217458586337264,-0.41292524417247023,0.2781574095451468,3.793294496652717,0.26362308565349224,3.6679525581345156,-6.697826809202991,-0.14930215851893536,2.2324233506658393,0.1896736558318161,0.10723860589812338,0.2136253472362998,0.06620245923431962,0.19073691717526767,0.045035686553958926
0.2602892102335934,3.387046367428062,-2.376774193386424,-0.4207383279331225,0.27994533872086247,3.6676572793332056,0.27265361069445504,3.6669959760546313,-6.752891308753006,-0.14808471723864614,2.18569034675395,0.18931348561765074,0.10455764075067045,0.20748010153660687,0.06567996174206522,0.1852500906576847,0.04468024608303757
0.25361512791991103,3.384218566623644,-2.321410643075417,-0.4307725576183259,0.2817968348269415,3.537332999150108,0.28269885821896423,3.666020680648854,-6.753393776584035,-0.14807369939944692,2.130048178111563,0.19037746695149982,0.10187667560321716,0.20134995816586165,0.06513902242041893,0.17977674836237645,0.04431226014994485
0.24694104560622954,3.381278795470151,-2.2593577647806153,-0.4426036529443138,0.2837188496203371,3.4030865576410996,0.29385088597134157,3.6650040314303767,-6.722564025860342,-0.14875276697301842,2.068772435535145,0.1880275961607072,0.09919571045576422,0.19523194547358094,0.06458531106064128,0.17431423702998297,0.043935585755538284
0.24026696329254715,3.378290022884219,-2.1977909854089592,-0.45500232125755247,0.2857192048287837,3.2660607343003814,0.30617924201406765,3.664019361462813,-6.719387914048107,-0.1488230792434706,2.0069803270829873,0.18733499339340765,0.09651474530831093,0.1891273442960564,0.06402824223263585,0.16886370026433606,0.04355662736914004
0.23359288097886566,3.3752401482882806,-2.1346628833884957,-0.46845804449114326,0.2878057805482224,3.1253212203242517,0.3199671104195332,3.6630593570578527,-6.734417870373708,-0.14849093407156033,1.9426206993220818,0.1895513226051317,0.093833780160858,0.18304208745215753,0.06344716228960165,0.16343043522514064,0.04316133489088548
0.22691879866518327,3.3720800669015243,-2.0673160133670105,-0.48371898322952234,0.28999017849400555,2.9801199802514753,0.33555695966160926,3.662086330496841,-6.749367860392253,-0.1481620235679202,1.8734818478865511,0.19160868257426578,0.09115281501340472,0.17697923437071356,0.06284279352265706,0.15801717354527994,0.04275019967527691
0.22024471635150178,3.3687328184049394,-1.9976620320329648,-0.5005851760531925,0.2922848500876434,2.831639416787354,0.35315230960252464,3.6610366003675976,-6.782748135297815,-0.14743286645068565,1.8027870671902324,0.19355137001331,0.08847184986595179,0.1709444284615094,0.06220957698241169,0.15262895398349052,0.042319440124089586
0.21357063403782028,3.3653043119068435,-1.9227520416310118,-0.5200878627863688,0.2947041136611135,2.6802038245355337,0.3731059521838027,3.660030033705713,-6.803558314764252,-0.1469819106025625,1.7274473282187885,0.19401625172715056,0.08579088471849886,0.16493229737519702,0.061549353690594,0.14726097979928304,0.04187030863305714
0.2068965517241379,3.361749488501121,-1.8438697164772893,-0.5423376668447588,0.2972651297608421,2.526525473411602,0.39580048193604256,3.6590391562876783,-6.82420643349323,-0.14653718490870915,1.647535163372567,0.19428838338492158,0.08310991957104556,0.1589507289249965,0.060862697741607776,0.14192029368303258,0.041403195742590326
0.2002224694104564,3.358122261931144,-1.7629149750361965,-0.5672423311166597,0.29998732365358577,2.369802172983381,0.42197615117429166,3.658138383612647,-6.883914758385225,-0.14526617994243907,1.5645758647758854,0.19302715542025733,0.08042895442359263,0.1530037346423135,0.060142731524232405,0.13661047735920848,0.04091342280560028
0.19354838709677402,3.354244377868111,-1.6801511680626002,-0.5951845399441709,0.30289773689553784,2.2104423564629903,0.45239813518599803,3.6571877125232746,-7.003467884033159,-0.14278640475811244,1.4802134998053558,0.19339666983081252,0.07774798927613934,0.1471018889364683,0.05940152836856082,0.13134097226470384,0.04040920297181008
0.18687430478309253,3.350161098643298,-1.5918484592602742,-0.6282005012365914,0.3060260084391609,2.049650029365054,0.4878881690401471,3.656244206765364,-7.1269572983780805,-0.14031233219645856,1.3911945767559255,0.1975252653166327,0.0750670241286864,0.14124163087447567,0.05860505108861486,0.12610859899506754,0.03986738169293528
0.18020022246941103,3.345760914791188,-1.4945759086445871,-0.6690861228366032,0.3094101484956284,1.8870902524808708,0.5299163612791418,3.6552349010166725,-7.185468946762931,-0.13916976155752536,1.2936950749459293,0.19999352194670197,0.07238605898123347,0.13543284147831225,0.05774390988403164,0.12092217989135022,0.03928157134968139
0.17352614015572865,3.3411354466761125,-1.3903029551886648,-0.7192676936116413,0.31309941926824847,1.722545694827692,0.5805361233682866,3.654304277317131,-7.2081646466359075,-0.1387315702432943,1.1914666180675184,0.20102133648765963,0.06970509383378018,0.1296829498430217,0.05681864464507178,0.1157883480741265,0.038652139214334545
0.16685205784204715,3.3362074426306587,-1.2809811780820768,-0.780651595129001,0.31715924024247993,1.556213424208189,0.642585383498286,3.6534268006522743,-7.242901707731346,-0.13806621163070076,1.0873489575246784,0.20042445395374867,0.06702412868632725,0.12398887936854407,0.055813404488532045,0.1107043565790572,0.037968302373151054
0.16017797552836477,3.3308353646657425,-1.169172970109191,-0.8553054386012775,0.32167675475432134,1.3915177604576794,0.7186397676096448,3.6525436066010526,-7.317126479119284,-0.1366656709917038,0.9814253251041766,0.20141325233268537,0.06434316353887395,0.11834742602045711,0.05473118170435728,0.10566734466112242,0.03723209639752196
0.15350389321468327,3.3249286196522805,-1.058079752933074,-0.9451083410564536,0.326751762168304,1.2354576427695123,0.8094166609858924,3.6516227144056423,-7.369648599532976,-0.13569168007052212,0.8744029681686373,0.20288541105686642,0.06166219839142102,0.11277657455011467,0.053510442795271666,0.10069337013403094,0.03640166176549093
0.1468298109010009,3.3183810367171067,-0.9541437623183047,-1.0480600927162982,0.3324809815972922,1.0960318706685965,0.9123822278908591,3.6506755260943735,-7.370399005664544,-0.13567786482542488,0.7697109503775647,0.20042580643041127,0.058981233243967736,0.10730442778432085,0.05217317504912616,0.09580752480742932,0.03549195581573208
0.1401557285873194,3.311165715084093,-0.8640402951461574,-1.157353430873087,0.33893039034927214,0.9791814316545243,1.0212611960076678,3.649780585668417,-7.3479578095606675,-0.13609223486542987,0.6724384585562067,0.19689020278444172,0.056300268096514804,0.10198807984246505,0.050708033475801495,0.0910607855736295,0.034495260867892175
0.1334816462736379,3.303143975381013,-0.7909537426551054,-1.2642964386806739,0.3461129441691402,0.8868309832897197,1.1276105806435375,3.6488961439336403,-7.3160458174767005,-0.13668585803702626,0.5909551967182097,0.19131173271554697,0.05361930294906187,0.09688682605786178,0.049134143363064424,0.08650609469451943,0.033424587321812534
0.12680756395995552,3.2942587531235463,-0.7351137056666557,-1.3603337718933233,0.35398192201525946,0.8173648552782634,1.2234438433978916,3.648001580373173,-7.305139326108669,-0.13688992849540682,0.5297402142017598,0.18545044203572195,0.05093833780160858,0.09199010708546547,0.04748203690285706,0.08213402418345131,0.03230070537609324
0.12013348164627402,3.2845819729420054,-0.6944596551170247,-1.4399684598401734,0.36244367400315003,0.766934464827315,1.303892373939881,3.647067842581169,-7.348829835774855,-0.13607608590035625,0.4902697143793821,0.17927805038026554,0.048257372654155646,0.0872522173968012,0.04576852027384981,0.0779037655328582,0.03113504780534001
0.11345939933259164,3.2743237549013875,-0.664883683934026,-1.504022469137965,0.3713864920789733,0.7297526464624361,1.370327336046838,3.646118787461442,-7.479703837221951,-0.1336951330911802,0.47037822558150005,0.1714766703719681,0.04557640750670236,0.08256373617085139,0.044036839920484114,0.0737176215811173,0.029957033959513005
0.10678531701891014,3.263790001800361,-0.6391198492402326,-1.564651764749243,0.3807350288780802,0.697761113365786,1.4331552458925465,3.6452480683356994,-7.604764055315017,-0.13149651885663616,0.46243542532872217,0.16438561933513215,0.04289544235924943,0.07781053470295056,0.04232497513000768,0.06947369169906299,0.0287925000884406
0.10011123470522776,3.2530587654831713,-0.6098068393072471,-1.63986353635525,0.3905164842377171,0.6624004879605175,1.5096607236491124,3.6443899063003165,-7.680325633646601,-0.13020281270615897,0.4559694977366545,0.15950484446215998,0.040214477211796135,0.07290708091113256,0.04060393153024916,0.06509560795636835,0.027621722129421197
0.09343715239154626,3.2420471014402796,-0.5732555135728709,-1.7444228207547496,0.40088622874881386,0.6188921242873541,1.6157904758466373,3.6435099342755244,-7.774094460567777,-0.12863234490811237,0.44023385897880446,0.15571681204636806,0.0375335120643432,0.0678329602133625,0.03883477366027103,0.060565143047645084,0.026418213374334032
0.08676307007786477,3.230515024549031,-0.5298670526563526,-1.88726586223234,0.41208432151264324,0.5680577169929139,1.7603844998244682,3.6426360965664726,-7.881378171097885,-0.12688136240780068,0.40717098109885613,0.15105397805003523,0.03485254691689027,0.06266127886950194,0.036980040914974525,0.055947570419198164,0.025156490418350018
0.08008898776418238,3.2181199116695423,-0.4835727640083189,-2.067941113372541,0.42438413085993054,0.5149335813851935,1.9419980287748118,3.641864125474619,-7.940094552983701,-0.12594308459767944,0.35840172604996634,0.1431997035518613,0.03217158176943698,0.05756774106508822,0.035033015592227774,0.05139976880811448,0.023831983396073318
0.07341490545050089,3.204127789300082,-0.43922266154011996,-2.276749556804589,0.43800643090674546,0.4649546007082074,2.1507476181047025,3.6410590354485524,-7.936385823253432,-0.12600193869985787,0.30512484140155316,0.1342436226262558,0.029490616621984045,0.05273059555108991,0.033031000188528996,0.0470808888849017,0.022470068155461903
0.0667408231368185,3.1880440491254003,-0.4004196146345935,-2.497380156845111,0.45309266413830296,0.42175229526902636,2.3710600065901772,3.6401662212322843,-7.9163933701912494,-0.12632015025496912,0.26063476338843655,0.12694832996676594,0.026809651474530755,0.048236743547822404,0.030957690210637438,0.043068521024841426,0.021059653204515263
0.06006674082313701,3.1699450367457565,-0.36855524460386535,-2.713297435435578,0.46965573021606954,0.3866480862840751,2.586331176783034,3.639285534447531,-7.876108271695648,-0.12696625865260103,0.231479673969344,0.12064076425267949,0.024128686327077823,0.044003654486283544,0.028803206864113542,0.03928897721989602,0.01959401827490717
0.053392658509455515,3.15029657876146,-0.3434112873306521,-2.9119601972696785,0.48761543846688427,0.35917715510336684,2.7841414349200804,3.6384565865752165,-7.823577553230782,-0.127818762349591,0.2158567356552231,0.11333203357822758,0.02144772117962489,0.039845926666912196,0.02659132309223389,0.03557672023831446,0.018089335436893804
0.04671857619577313,3.1294351848219155,-0.3250003206641713,-3.0769200410522615,0.5068189084352479,0.33912299730230894,2.9487826185628947,3.637597053972796,-7.804121392276103,-0.12813742248931703,0.20833504113013385,0.10559153287079502,0.0187667560321716,0.03561681737196891,0.024396815300246656,0.031800729796400806,0.016596472993365072
0.040044493882091636,3.107736174561127,-0.32721274261803546,-3.0561157001374113,0.5269762743097709,0.3414780448125879,2.9284459577740236,3.6367525101372244,-7.832709469667539,-0.1276697423634232,0.20273285923513906,0.09823545558585783,0.01608579088471867,0.03129165734428829,0.022251178569539953,0.02793897977168597,0.01513685616975507
0.03337041156840925,3.085045658544087,-0.3095412035855074,-3.230587684019781,0.5459082871819536,0.32218069946768635,3.10384824929681,3.63590974417802,-7.897939251490733,-0.12661530662080622,0.19644402685902063,0.09219642062279347,0.013404825737265378,0.0273359693464414,0.020370569671922772,0.024407115487894107,0.01385753038906311
0.026696329254727758,3.0610281301707363,-0.2604450230758056,-3.839581913258286,0.5684069517197395,0.26931877228607093,3.713072028034489,3.6350385556073284,-7.9031038269630045,-0.1265325651661442,0.18535073466427468,0.08610488661411275,0.010723860589812445,0.022840876302732578,0.01828830315777703,0.020393639556011228,0.012441022556310905
0.020022246941045374,3.0348197013788165,-0.21621086633927467,-4.625114440043063,0.5954709838854183,0.2223199642434388,4.4980215942505595,3.634170921469778,-7.821743902338476,-0.1278487268933759,0.16518327273551742,0.07926615565087364,0.008042895442359156,0.01787377593804834,0.01597457361326117,0.015958728516114587,0.010867056879769504
0.013348164627363879,3.005433956133907,-0.17816234650068646,-5.61285827023022,0.6284472844572331,0.18232265887793409,5.484781793740211,3.6333779434876736,-7.765284829752951,-0.1287782768982879,0.13474568931292005,0.07301483310101588,0.005361930294906223,0.012676791012260543,0.013417157972283189,0.011318563403804055,0.009127318348491965
0.0066740823136823835,2.971008802378263,-0.14699800518393788,-6.802813403819357,0.6686827542134259,0.1498497166219909,6.673352626502378,3.632536373159753,-7.730206089204549,-0.12936265714785122,0.09659117396568308,0.06322919965158652,0.0026809651474532896,0.0077206087647200715,0.010528357565603164,0.006893400682785778,0.007162148003811676
-0.0,2.9272207790660945,-0.12202592555748254,-8.194979840812039,0.7175242939322389,0.12401202575929753,8.063734092538418,3.6316280285362446,-7.668613513774593,-0.13040166885497229,0.052197155153809106,0.04311529378179166,-0.0,0.0036008440414473314,0.007669613458892664,0.0032150393227208312,0.00521742412169569
-0.006674082313681495,2.842889990904979,-0.11183660904733367,-8.941615885159399,0.7763188043919143,0.1135153989973089,8.809377483875178,3.6307415403239407,-7.576162102746385,-0.13199295189809845,0.0425081868176584,0.03625010740655637,-0.002680965147452933,0.0010640795575892017,0.005506312883418711,0.0009500710335617872,0.0037457910771555854
-0.013348164627363879,,,,,,,3.6298389154881083,-7.453491340581996,-0.13416531318085845,,,-0.005361930294906223,,,,
-0.020022246941045374,,,,,,,3.6289414880966464,-7.307216581711363,-0.1368510141745105,,,-0.008042895442359156,,,,
-0.026696329254727758,,,,,,,3.6280636049738737,-7.206005267116235,-0.13877314308433597,,,-0.010723860589812445,,,,
-0.03337041156840925,,,,,,,3.627125596503905,-7.140845659775084,-0.14003943617393588,,,-0.013404825737265378,,,,
-0.04004449388209075,,,,,,,3.626167971789282,-7.032485731660357,-0.142197231271723,,,-0.01608579088471831,,,,
-0.04671857619577313,,,,,,,3.625177250472236,-6.904921876745277,-0.1448242308675276,,,-0.0187667560321716,,,,
-0.05339265850945463,,,,,,,3.624218149364426,-6.7564832627424805,-0.14800599085538124,,,-0.021447721179624533,,,,
-0.06006674082313701,,,,,,,3.6232020345349323,-6.577681128501017,-0.15202926083890134,,,-0.024128686327077823,,,,
-0.0667408231368185,,,,,,,3.622195663960165,-6.418313312879322,-0.15580417334774666,,,-0.026809651474530755,,,,
-0.0734149054505,,,,,,,3.621101922671234,-5.882254699519608,-0.17000283923130155,,,-0.02949061662198369,,,,
-0.08008898776418238,,,,,,,3.6200034452834657,-7.9600833274620735,-0.12562682560746907,,,-0.03217158176943698,,,,
-0.08676307007786388,,,,,,,3.618800869002812,8.443067415103007,0.11844036661500468,,,-0.03485254691688991,,,,
-0.09343715239154626,,,,,,,3.617509224818314,6.442085752409256,0.15522922830172092,,,-0.0375335120643432,,,,
-0.10011123470522776,,,,,,,3.6160845987008794,-5.766881351542828,-0.17340394903953893,,,-0.040214477211796135,,,,
-0.10678531701891014,,,,,,,3.6144972276555123,-1.647688711735384,-0.6069107549731143,,,-0.04289544235924943,,,,
-0.11345939933259164,,,,,,,3.612523533524042,-0.8375940441417942,-1.1938957863825408,,,-0.04557640750670236,,,,
-0.12013348164627313,,,,,,,3.611801486523558,-0.5169671077766465,-1.9343590432682731,,,-0.04825737265415529,,,,
-0.12680756395995552,,,,,,,3.599769312458519,-0.35356921619104126,-2.828300525630823,,,-0.05093833780160858,,,,
-0.133481646273637,,,,,,,3.5545531101073298,-0.30178285860202364,-3.3136408231812484,,,-0.05361930294906151,,,,
-0.1401557285873194,,,,,,,,,,,,-0.056300268096514804,,,,
-0.1468298109010009,,,,,,,,,,,,-0.058981233243967736,,,,
-0.15350389321468327,,,,,,,,,,,,-0.06166219839142102,,,,
-0.16017797552836477,,,,,,,,,,,,-0.06434316353887395,,,,
-0.16685205784204626,,,,,,,,,,,,-0.06702412868632689,,,,
-0.17352614015572865,,,,,,,,,,,,-0.06970509383378018,,,,
-0.18020022246941014,,,,,,,,,,,,-0.07238605898123311,,,,
-0.18687430478309253,,,,,,,,,,,,-0.0750670241286864,,,,
-0.19354838709677402,,,,,,,,,,,,-0.07774798927613934,,,,
-0.20022246941045552,,,,,,,,,,,,-0.08042895442359227,,,,
-0.2068965517241379,,,,,,,,,,,,-0.08310991957104556,,,,
-0.2135706340378194,,,,,,,,,,,,-0.0857908847184985,,,,
-0.22024471635150178,,,,,,,,,,,,-0.08847184986595179,,,,
-0.22691879866518327,,,,,,,,,,,,-0.09115281501340472,,,,
-0.23359288097886566,,,,,,,,,,,,-0.093833780160858,,,,
-0.24026696329254715,,,,,,,,,,,,-0.09651474530831093,,,,
-0.24694104560622865,,,,,,,,,,,,-0.09919571045576386,,,,
-0.25361512791991103,,,,,,,,,,,,-0.10187667560321716,,,,
-0.2602892102335925,,,,,,,,,,,,-0.10455764075067009,,,,
-0.2669632925472749,,,,,,,,,,,,-0.10723860589812338,,,,
-0.2736373748609564,,,,,,,,,,,,-0.10991957104557631,,,,
-0.2803114571746379,,,,,,,,,,,,-0.11260053619302925,,,,
-0.2869855394883203,,,,,,,,,,,,-0.11528150134048254,,,,
-0.2936596218020018,,,,,,,,,,,,-0.11796246648793547,,,,
-0.30033370411568416,,,,,,,,,,,,-0.12064343163538876,,,,
-0.30700778642936566,,,,,,,,,,,,-0.1233243967828417,,,,
-0.31368186874304804,,,,,,,,,,,,-0.126005361930295,,,,
-0.32035595105672954,,,,,,,,,,,,-0.1286863270777479,,,,
-0.32703003337041103,,,,,,,,,,,,-0.13136729222520085,,,,
-0.3337041156840934,,,,,,,,,,,,-0.13404825737265413,,,,
-0.3403781979977749,,,,,,,,,,,,-0.13672922252010708,,,,
-0.3470522803114573,,,,,,,,,,,,-0.13941018766756036,,,,
-0.3537263626251388,,,,,,,,,,,,-0.1420911528150133,,,,
-0.3604004449388212,,,,,,,,,,,,-0.14477211796246658,,,,
-0.36707452725250267,,,,,,,,,,,,-0.14745308310991953,,,,
-0.37374860956618416,,,,,,,,,,,,-0.15013404825737245,,,,
-0.38042269187986655,,,,,,,,,,,,-0.15281501340482573,,,,
-0.38709677419354804,,,,,,,,,,,,-0.15549597855227867,,,,
-0.3937708565072304,,,,,,,,,,,,-0.15817694369973195,,,,
-0.4004449388209119,,,,,,,,,,,,-0.1608579088471849,,,,
-0.4071190211345934,,,,,,,,,,,,-0.16353887399463782,,,,
-0.4137931034482758,,,,,,,,,,,,-0.16621983914209112,,,,
-0.4204671857619573,,,,,,,,,,,,-0.16890080428954404,,,,
-0.4271412680756397,,,,,,,,,,,,-0.17158176943699735,,,,
-0.4338153503893212,,,,,,,,,,,,-0.17426273458445027,,,,
-0.44048943270300356,,,,,,,,,,,,-0.17694369973190358,,,,
-0.44716351501668505,,,,,,,,,,,,-0.1796246648793565,,,,
-0.45383759733036655,,,,,,,,,,,,-0.18230563002680944,,,,
-0.46051167964404893,,,,,,,,,,,,-0.18498659517426272,,,,
-0.4671857619577304,,,,,,,,,,,,-0.18766756032171567,,,,
-0.4738598442714128,,,,,,,,,,,,-0.19034852546916894,,,,
-0.4805339265850943,,,,,,,,,,,,-0.19302949061662186,,,,
-0.4872080088987767,,,,,,,,,,,,-0.19571045576407517,,,,
-0.4938820912124582,,,,,,,,,,,,-0.1983914209115281,,,,
-0.5005561735261397,,,,,,,,,,,,-0.20107238605898103,,,,
