Q_exp,V_fit,dqdv_fit,dvdq_fit,V_fit_anode,dqdv_fit_anode,dvdq_fit_anode,V_fit_cathode,dqdv_fit_cathode,dvdq_fit_cathode,dqdv_fit_si,dqdv_fit_gr,SoCs,Q_si,Q_gr,x_si,x_gr
4.738598442714127,,,,,,,,,,,,2.7519379844961236,,,,
4.731924360400445,,,,,,,,,,,,2.748062015503875,,,,
4.725250278086763,,,,,,,,,,,,2.7441860465116275,,,,
4.718576195773082,,,,,,,,,,,,2.7403100775193794,,,,
4.7119021134594,,,,,,,,,,,,2.7364341085271318,,,,
4.705228031145718,,,,,,,,,,,,2.7325581395348832,,,,
4.698553948832036,,,,,,,,,,,,2.7286821705426347,,,,
4.691879866518354,,,,,,,,,,,,2.724806201550387,,,,
4.685205784204673,,,,,,,,,,,,2.720930232558139,,,,
4.67853170189099,,,,,,,,,,,,2.717054263565891,,,,
4.671857619577309,,,,,,,,,,,,2.713178294573643,,,,
4.665183537263626,,,,,,,,,,,,2.709302325581395,,,,
4.658509454949945,,,,,,,,,,,,2.7054263565891468,,,,
4.651835372636263,,,,,,,,,,,,2.701550387596899,,,,
4.645161290322581,,,,,,,,,,,,2.6976744186046506,,,,
4.638487208008899,,,,,,,,,,,,2.693798449612402,,,,
4.631813125695217,,,,,,,,,,,,2.6899224806201545,,,,
4.625139043381536,,,,,,,,,,,,2.6860465116279064,,,,
4.618464961067854,,,,,,,,,,,,2.682170542635659,,,,
4.611790878754172,,,,,,,,,,,,2.6782945736434103,,,,
4.605116796440489,,,,,,,,,,,,2.674418604651162,,,,
4.598442714126808,,,,,,,,,,,,2.670542635658914,,,,
4.591768631813126,,,,,,,,,,,,2.6666666666666665,,,,
4.585094549499445,,,,,,,,,,,,2.6627906976744184,,,,
4.5784204671857625,,,,,,,,,,,,2.65891472868217,,,,
4.57174638487208,,,,,,,,,,,,2.655038759689922,,,,
4.565072302558399,,,,,,,,,,,,2.651162790697674,,,,
4.558398220244717,,,,,,,,,,,,2.647286821705426,,,,
4.551724137931035,,,,,,,,,,,,2.6434108527131777,,,,
4.545050055617353,,,,,,,,,,,,2.63953488372093,,,,
4.538375973303671,,,,,,,,,,,,2.6356589147286815,,,,
4.531701890989989,,,,,,,,,,,,2.6317829457364335,,,,
4.525027808676308,,,,,,,,,,,,2.627906976744186,,,,
4.5183537263626254,,,,,,,,,,,,2.6240310077519373,,,,
4.511679644048943,,,,,,,,,,,,2.6201550387596892,,,,
4.505005561735262,,,,,,,,,,,,2.616279069767441,,,,
4.49833147942158,,,,,,,,,,,,2.6124031007751936,,,,
4.491657397107899,,,,,,,,,,,,2.6085271317829455,,,,
4.484983314794216,,,,,,,,,,,,2.6046511627906974,,,,
4.478309232480534,,,,,,,,,,,,2.600775193798449,,,,
4.471635150166852,,,,,,,,,,,,2.596899224806201,,,,
4.464961067853171,,,,,,,,,,,,2.593023255813953,,,,
4.458286985539489,,,,,,,,,,,,2.589147286821705,,,,
4.451612903225807,,,,,,,,,,,,2.585271317829457,,,,
4.4449388209121246,,,,,,,,,,,,2.5813953488372086,,,,
4.438264738598443,,,,,,,,,,,,2.577519379844961,,,,
4.431590656284762,,,,,,,,,,,,2.573643410852713,,,,
4.424916573971079,,,,,,,,,,,,2.5697674418604644,,,,
4.418242491657398,,,,,,,,,,,,2.5658914728682167,,,,
4.411568409343715,,,,,,,,,,,,2.562015503875968,,,,
4.404894327030034,,,,,,,,,,,,2.5581395348837206,,,,
4.398220244716352,,,,,,,,,,,,2.5542635658914725,,,,
4.39154616240267,,,,,,,,,,,,2.5503875968992245,,,,
4.3848720800889875,,,,,,,,,,,,2.546511627906976,,,,
4.378197997775306,,,,,,,,,,,,2.542635658914728,,,,
4.3715239154616246,,,,,,,,,,,,2.5387596899224802,,,,
4.364849833147943,,,,,,,,,,,,2.5348837209302326,,,,
4.358175750834261,,,,,,,,,,,,2.531007751937984,,,,
4.351501668520578,,,,,,,,,,,,2.5271317829457356,,,,
4.344827586206897,,,,,,,,,,,,2.523255813953488,,,,
4.338153503893215,,,,,,,,,,,,2.51937984496124,,,,
4.331479421579534,,,,,,,,,,,,2.5155038759689923,,,,
4.324805339265851,,,,,,,,,,,,2.5116279069767438,,,,
4.318131256952169,,,,,,,,,,,,2.5077519379844952,,,,
4.3114571746384875,,,,,,,,,,,,2.5038759689922476,,,,
4.304783092324806,,,,,,,,,,,,2.4999999999999996,,,,
4.298109010011124,,,,,,,,,,,,2.4961240310077515,,,,
4.291434927697442,,,,,,,,,,,,2.4922480620155034,,,,
4.28476084538376,,,,,,,,,,,,2.4883720930232553,,,,
4.278086763070078,,,,,,,,,,,,2.4844961240310073,,,,
4.271412680756397,,,,,,,,,,,,2.4806201550387597,,,,
4.264738598442714,,,,,,,,,,,,2.476744186046511,,,,
4.258064516129032,,,,,,,,,,,,2.4728682170542626,,,,
4.2513904338153505,,,,,,,,,,,,2.468992248062015,,,,
4.244716351501669,,,,,,,,,,,,2.465116279069767,,,,
4.2380422691879875,,,,,,,,,,,,2.4612403100775193,,,,
4.231368186874305,,,,,,,,,,,,2.457364341085271,,,,
4.224694104560623,,,,,,,,,,,,2.4534883720930227,,,,
4.218020022246941,,,,,,,,,,,,2.4496124031007747,,,,
4.21134593993326,,,,,,,,,,,,2.445736434108527,,,,
4.204671857619578,,,,,,,,,,,,2.441860465116279,,,,
4.197997775305896,,,,,,,,,,,,2.4379844961240305,,,,
4.1913236929922135,,,,,,,,,,,,2.4341085271317824,,,,
4.184649610678532,,,,,,,,,,,,2.4302325581395343,,,,
4.1779755283648505,,,,,,,,,,,,2.4263565891472867,,,,
4.171301446051168,,,,,,,,,,,,2.422480620155038,,,,
4.164627363737487,,,,,,,,,,,,2.4186046511627906,,,,
4.157953281423804,,,,,,,,,,,,2.414728682170542,,,,
4.151279199110123,,,,,,,,,,,,2.410852713178294,,,,
4.144605116796441,,,,,,,,,,,,2.4069767441860463,,,,
4.137931034482759,,,,,,,,,,,,2.403100775193798,,,,
4.131256952169077,,,,,,,,,,,,2.39922480620155,,,,
4.124582869855395,,,,,,,,,,,,2.3953488372093017,,,,
4.1179087875417135,,,,,,,,,,,,2.391472868217054,,,,
4.111234705228032,,,,,,,,,,,,2.387596899224806,,,,
4.10456062291435,,,,,,,,,,,,2.383720930232558,,,,
4.097886540600667,,,,,,,,,,,,2.3798449612403094,,,,
4.091212458286986,,,,,,,,,,,,2.3759689922480614,,,,
4.084538375973304,,,,,,,,,,,,2.3720930232558137,,,,
4.077864293659623,,,,,,,,,,,,2.3682170542635657,,,,
4.07119021134594,,,,,,,,,,,,2.3643410852713176,,,,
4.064516129032258,,,,,,,,,,,,2.360465116279069,,,,
4.0578420467185765,,,,,,,,,,,,2.3565891472868215,,,,
4.051167964404895,,,,,,,,,,,,2.3527131782945734,,,,
4.044493882091213,,,,,,,,,,,,2.348837209302325,,,,
4.037819799777531,,,,,,,,,,,,2.3449612403100772,,,,
4.031145717463849,,,,,,,,,,,,2.3410852713178287,,,,
4.024471635150167,,,,,,,,,,,,2.337209302325581,,,,
4.017797552836486,,,,,,,,,,,,2.333333333333333,,,,
4.011123470522803,,,,,,,,,,,,2.329457364341085,,,,
4.004449388209122,,,,,,,,,,,,2.325581395348837,,,,
3.9977753058954395,,,,,,,,,,,,2.3217054263565884,,,,
3.991101223581758,,,,,,,,,,,,2.3178294573643408,,,,
3.984427141268076,,,,,,,,,,,,2.3139534883720927,,,,
3.977753058954394,,,,,,,,,,,,2.3100775193798446,,,,
3.971078976640712,,,,,,,,,,,,2.3062015503875966,,,,
3.9644048943270302,,,,,,,,,,,,2.3023255813953485,,,,
3.9577308120133488,,,,,,,,,,,,2.2984496124031004,,,,
3.951056729699667,,,,,,,,,,,,2.2945736434108523,,,,
3.944382647385985,,,,,,,,,,,,2.2906976744186043,,,,
3.937708565072303,,,,,,,,,,,,2.286821705426356,,,,
3.931034482758621,,,,,,,,,,,,2.282945736434108,,,,
3.924360400444939,,,,,,,,,,,,2.27906976744186,,,,
3.917686318131257,,,,,,,,,,,,2.275193798449612,,,,
3.9110122358175756,,,,,,,,,,,,2.271317829457364,,,,
3.9043381535038937,,,,,,,,,,,,2.267441860465116,,,,
3.8976640711902117,,,,,,,,,,,,2.263565891472868,,,,
3.89098998887653,,,,,,,,,,,,2.2596899224806197,,,,
3.884315906562848,,,,,,,,,,,,2.2558139534883717,,,,
3.8776418242491664,,,,,,,,,,,,2.2519379844961236,,,,
3.870967741935484,,,,,,,,,,,,2.2480620155038755,,,,
3.8642936596218025,,,,,,,,,,,,2.2441860465116275,,,,
3.8576195773081206,,,,,,,,,,,,2.2403100775193794,,,,
3.8509454949944386,,,,,,,,,,,,2.2364341085271313,,,,
3.8442714126807567,,,,,,,,,,,,2.2325581395348832,,,,
3.8375973303670747,,,,,,,,,,,,2.228682170542635,,,,
3.8309232480533932,,,,,,,,,,,,2.2248062015503876,,,,
3.8242491657397113,,,,,,,,,,,,2.220930232558139,,,,
3.8175750834260294,,,,,,,,,,,,2.217054263565891,,,,
3.8109010011123474,,,,,,,,,,,,2.213178294573643,,,,
3.8042269187986655,,,,,,,,,,,,2.209302325581395,,,,
3.7975528364849835,,,,,,,,,,,,2.2054263565891468,,,,
3.7908787541713016,,,,,,,,,,,,2.2015503875968987,,,,
3.78420467185762,,,,,,,,,,,,2.197674418604651,,,,
3.777530589543938,,,,,,,,,,,,2.1937984496124026,,,,
3.7708565072302562,,,,,,,,,,,,2.1899224806201545,,,,
3.7641824249165743,,,,,,,,,,,,2.1860465116279064,,,,
3.7575083426028923,,,,,,,,,,,,2.1821705426356584,,,,
3.750834260289211,,,,,,,,,,,,2.1782945736434107,,,,
3.7441601779755285,,,,,,,,,,,,2.174418604651162,,,,
3.737486095661847,,,,,,,,,,,,2.1705426356589146,,,,
3.730812013348165,,,,,,,,,,,,2.1666666666666665,,,,
3.724137931034483,,,,,,,,,,,,2.162790697674418,,,,
3.717463848720801,,,,,,,,,,,,2.15891472868217,,,,
3.710789766407119,,,,,,,,,,,,2.155038759689922,,,,
3.7041156840934377,,,,,,,,,,,,2.1511627906976742,,,,
3.6974416017797553,,,,,,,,,,,,2.1472868217054257,,,,
3.690767519466074,,,,,,,,,,,,2.143410852713178,,,,
3.684093437152392,,,,,,,,,,,,2.13953488372093,,,,
3.67741935483871,,,,,,,,,,,,2.135658914728682,,,,
3.6707452725250285,,,,,,,,,,,,2.131782945736434,,,,
3.664071190211346,,,,,,,,,,,,2.1279069767441854,,,,
3.6573971078976646,,,,,,,,,,,,2.1240310077519378,,,,
3.6507230255839827,,,,,,,,,,,,2.1201550387596897,,,,
3.6440489432703007,,,,,,,,,,,,2.1162790697674416,,,,
3.6373748609566188,,,,,,,,,,,,2.1124031007751936,,,,
3.630700778642937,,,,,,,,,,,,2.1085271317829455,,,,
3.6240266963292553,,,,,,,,,,,,2.1046511627906974,,,,
3.617352614015573,,,,,,,,,,,,2.100775193798449,,,,
3.6106785317018915,,,,,,,,,,,,2.0968992248062013,,,,
3.6040044493882095,,,,,,,,,,,,2.093023255813953,,,,
3.5973303670745276,,,,,,,,,,,,2.089147286821705,,,,
3.5906562847608456,,,,,,,,,,,,2.085271317829457,,,,
3.5839822024471637,,,,,,,,,,,,2.081395348837209,,,,
3.577308120133482,,,,,,,,,,,,2.077519379844961,,,,
3.5706340378198,,,,,,,,,,,,2.073643410852713,,,,
3.5639599555061183,,,,,,,,,,,,2.069767441860465,,,,
3.5572858731924364,,,,,,,,,,,,2.0658914728682167,,,,
3.5506117908787544,,,,,,,,,,,,2.0620155038759687,,,,
3.543937708565073,,,,,,,,,,,,2.0581395348837206,,,,
3.5372636262513906,,,,,,,,,,,,2.0542635658914725,,,,
3.530589543937709,,,,,,,,,,,,2.0503875968992245,,,,
3.523915461624027,,,,,,,,,,,,2.0465116279069764,,,,
3.517241379310345,,,,,,,,,,,,2.0426356589147283,,,,
3.5105672969966633,,,,,,,,,,,,2.0387596899224802,,,,
3.5038932146829813,,,,,,,,,,,,2.034883720930232,,,,
3.4972191323693,,,,,,,,,,,,2.031007751937984,,,,
3.4905450500556174,,,,,,,,,,,,2.027131782945736,,,,
3.483870967741936,,,,,,,,,,,,2.023255813953488,,,,
3.477196885428254,,,,,,,,,,,,2.01937984496124,,,,
3.470522803114572,,,,,,,,,,,,2.015503875968992,,,,
3.46384872080089,,,,,,,,,,,,2.0116279069767438,,,,
3.457174638487208,,,,,,,,,,,,2.0077519379844957,,,,
3.4505005561735267,,,,,,,,,,,,2.0038759689922476,,,,
3.4438264738598443,,,,,,,,,,,,1.9999999999999996,,,,
3.437152391546163,,,,,,,,,,,,1.9961240310077517,,,,
3.430478309232481,,,,,,,,,,,,1.9922480620155036,,,,
3.423804226918799,,,,,,,,,,,,1.9883720930232553,,,,
3.4171301446051174,,,,,,,,,,,,1.9844961240310075,,,,
3.410456062291435,,,,,,,,,,,,1.9806201550387592,,,,
3.4037819799777536,,,,,,,,,,,,1.9767441860465114,,,,
3.3971078976640716,,,,,,,,,,,,1.9728682170542633,,,,
3.3904338153503897,,,,,,,,,,,,1.9689922480620152,,,,
3.3837597330367077,,,,,,,,,,,,1.9651162790697672,,,,
3.377085650723026,,,,,,,,,,,,1.961240310077519,,,,
3.3704115684093443,,,,,,,,,,,,1.9573643410852712,,,,
3.363737486095662,,,,,,,,,,,,1.9534883720930227,,,,
3.3570634037819804,,,,,,,,,,,,1.9496124031007749,,,,
3.3503893214682985,,,,,,,,,,,,1.9457364341085268,,,,
3.3437152391546165,,,,,,,,,,,,1.9418604651162787,,,,
3.3370411568409346,,,,,,,,,,,,1.9379844961240307,,,,
3.3303670745272527,,,,,,,,,,,,1.9341085271317826,,,,
3.323692992213571,,,,,,,,,,,,1.9302325581395348,,,,
3.317018909899889,,,,,,,,,,,,1.9263565891472862,,,,
3.3103448275862073,,,,,,,,,,,,1.9224806201550384,,,,
3.3036707452725254,,,,,,,,,,,,1.9186046511627903,,,,
3.2969966629588434,,,,,,,,,,,,1.9147286821705423,,,,
3.290322580645162,,,,,,,,,,,,1.9108527131782944,,,,
3.2836484983314795,,,,,,,,,,,,1.9069767441860461,,,,
3.276974416017798,,,,,,,,,,,,1.9031007751937983,,,,
3.270300333704116,,,,,,,,,,,,1.8992248062015502,,,,
3.263626251390434,,,,,,,,,,,,1.895348837209302,,,,
3.2569521690767522,,,,,,,,,,,,1.8914728682170538,,,,
3.2502780867630703,,,,,,,,,,,,1.8875968992248058,,,,
3.243604004449389,,,,,,,,,,,,1.883720930232558,,,,
3.2369299221357064,,,,,,,,,,,,1.8798449612403096,,,,
3.230255839822025,,,,,,,,,,,,1.8759689922480618,,,,
3.223581757508343,,,,,,,,,,,,1.8720930232558137,,,,
3.216907675194661,,,,,,,,,,,,1.8682170542635657,,,,
3.210233592880979,,,,,,,,,,,,1.8643410852713174,,,,
3.203559510567297,,,,,,,,,,,,1.8604651162790693,,,,
3.1968854282536157,,,,,,,,,,,,1.8565891472868215,,,,
3.1902113459399333,,,,,,,,,,,,1.8527131782945732,,,,
3.183537263626252,,,,,,,,,,,,1.8488372093023253,,,,
3.17686318131257,,,,,,,,,,,,1.8449612403100772,,,,
3.170189098998888,,,,,,,,,,,,1.8410852713178292,,,,
3.1635150166852064,,,,,,,,,,,,1.8372093023255813,,,,
3.156840934371524,,,,,,,,,,,,1.8333333333333328,,,,
3.1501668520578425,,,,,,,,,,,,1.829457364341085,,,,
3.1434927697441606,,,,,,,,,,,,1.825581395348837,,,,
3.1368186874304786,,,,,,,,,,,,1.8217054263565888,,,,
3.1301446051167967,,,,,,,,,,,,1.8178294573643408,,,,
3.1234705228031148,,,,,,,,,,,,1.8139534883720927,,,,
3.1167964404894333,,,,,,,,,,,,1.8100775193798448,,,,
3.110122358175751,,,,,,,,,,,,1.8062015503875966,,,,
3.1034482758620694,,,,,,,,,,,,1.8023255813953487,,,,
3.0967741935483875,,,,,,,,,,,,1.7984496124031004,,,,
3.0901001112347055,,,,,,,,,,,,1.7945736434108523,,,,
3.0834260289210236,,,,,,,,,,,,1.7906976744186043,,,,
3.0767519466073416,,,,,,,,,,,,1.7868217054263562,,,,
3.07007786429366,,,,,,,,,,,,1.7829457364341084,,,,
3.0634037819799778,,,,,,,,,,,,1.77906976744186,,,,
3.0567296996662963,,,,,,,,,,,,1.7751937984496122,,,,
3.0500556173526143,,,,,,,,,,,,1.771317829457364,,,,
3.0433815350389324,,,,,,,,,,,,1.7674418604651159,,,,
3.036707452725251,,,,,,,,,,,,1.763565891472868,,,,
3.0300333704115685,,,,,,,,,,,,1.7596899224806197,,,,
3.023359288097887,,,,,,,,,,,,1.7558139534883719,,,,
3.016685205784205,,,,,,,,,,,,1.7519379844961238,,,,
3.010011123470523,,,,,,,,,,,,1.7480620155038757,,,,
3.003337041156841,,,,,,,,,,,,1.7441860465116277,,,,
2.9966629588431593,,,,,,,,,,,,1.7403100775193794,,,,
2.9899888765294778,,,,,,,,,,,,1.7364341085271315,,,,
2.9833147942157954,,,,,,,,,,,,1.7325581395348832,,,,
2.976640711902114,,,,,,,,,,,,1.7286821705426354,,,,
2.969966629588432,,,,,,,,,,,,1.7248062015503873,,,,
2.96329254727475,,,,,,,,,,,,1.7209302325581393,,,,
2.956618464961068,,,,,,,,,,,,1.7170542635658912,,,,
2.949944382647386,,,,,,,,,,,,1.7131782945736431,,,,
2.9432703003337046,,,,,,,,,,,,1.7093023255813953,,,,
2.9365962180200222,,,,,,,,,,,,1.7054263565891468,,,,
2.9299221357063407,,,,,,,,,,,,1.701550387596899,,,,
2.923248053392659,,,,,,,,,,,,1.6976744186046508,,,,
2.916573971078977,,,,,,,,,,,,1.6937984496124028,,,,
2.9098998887652954,,,,,,,,,,,,1.689922480620155,,,,
2.903225806451613,,,,,,,,,,,,1.6860465116279066,,,,
2.8965517241379315,,,,,,,,,,,,1.6821705426356588,,,,
2.8898776418242496,,,,,,,,,,,,1.6782945736434107,,,,
2.8832035595105676,,,,,,,,,,,,1.6744186046511624,,,,
2.8765294771968857,,,,,,,,,,,,1.6705426356589144,,,,
2.8698553948832037,,,,,,,,,,,,1.6666666666666663,,,,
2.8631813125695222,,,,,,,,,,,,1.6627906976744184,,,,
2.85650723025584,,,,,,,,,,,,1.6589147286821702,,,,
2.8498331479421584,,,,,,,,,,,,1.6550387596899223,,,,
2.8431590656284764,,,,,,,,,,,,1.6511627906976742,,,,
2.8364849833147945,,,,,,,,,,,,1.6472868217054262,,,,
2.8298109010011125,,,,,,,,,,,,1.6434108527131779,,,,
2.8231368186874306,,,,,,,,,,,,1.6395348837209298,,,,
2.816462736373749,,,,,,,,,,,,1.635658914728682,,,,
2.8097886540600667,,,,,,,,,,,,1.6317829457364337,,,,
2.8031145717463852,,,,,,,,,,,,1.6279069767441858,,,,
2.7964404894327033,,,,,,,,,,,,1.6240310077519378,,,,
2.7897664071190214,,,,,,,,,,,,1.6201550387596897,,,,
2.78309232480534,,,,,,,,,,,,1.6162790697674418,,,,
2.7764182424916575,,,,,,,,,,,,1.6124031007751933,,,,
2.769744160177976,,,,,,,,,,,,1.6085271317829455,,,,
2.763070077864294,,,,,,,,,,,,1.6046511627906974,,,,
2.756395995550612,,,,,,,,,,,,1.6007751937984493,,,,
2.74972191323693,,,,,,,,,,,,1.5968992248062013,,,,
2.743047830923248,,,,,,,,,,,,1.5930232558139532,,,,
2.7363737486095663,,,,,,,,,,,,1.5891472868217051,,,,
2.729699666295885,,,,,,,,,,,,1.5852713178294573,,,,
2.723025583982203,,,,,,,,,,,,1.581395348837209,,,,
2.716351501668521,,,,,,,,,,,,1.577519379844961,,,,
2.709677419354839,,,,,,,,,,,,1.5736434108527129,,,,
2.703003337041157,,,,,,,,,,,,1.5697674418604648,,,,
2.696329254727475,,,,,,,,,,,,1.5658914728682167,,,,
2.6896551724137936,,,,,,,,,,,,1.5620155038759689,,,,
2.6829810901001117,,,,,,,,,,,,1.5581395348837208,,,,
2.6763070077864297,,,,,,,,,,,,1.5542635658914727,,,,
2.6696329254727478,,,,,,,,,,,,1.5503875968992245,,,,
2.662958843159066,,,,,,,,,,,,1.5465116279069764,,,,
2.656284760845384,,,,,,,,,,,,1.5426356589147283,,,,
2.6496106785317024,,,,,,,,,,,,1.5387596899224805,,,,
2.6429365962180205,,,,,,,,,,,,1.5348837209302324,,,,
2.6362625139043385,,,,,,,,,,,,1.5310077519379843,,,,
2.6295884315906566,,,,,,,,,,,,1.5271317829457363,,,,
2.6229143492769746,,,,,,,,,,,,1.5232558139534882,,,,
2.6162402669632927,,,,,,,,,,,,1.51937984496124,,,,
2.6095661846496108,,,,,,,,,,,,1.5155038759689918,,,,
2.6028921023359293,,,,,,,,,,,,1.511627906976744,,,,
2.5962180200222473,,,,,,,,,,,,1.507751937984496,,,,
2.5895439377085654,,,,,,,,,,,,1.5038759689922478,,,,
2.5828698553948835,,,,,,,,,,,,1.4999999999999998,,,,
2.5761957730812015,,,,,,,,,,,,1.4961240310077517,,,,
2.5695216907675196,,,,,,,,,,,,1.4922480620155036,,,,
2.562847608453838,,,,,,,,,,,,1.4883720930232558,,,,
2.556173526140156,,,,,,,,,,,,1.4844961240310075,,,,
2.549499443826474,,,,,,,,,,,,1.4806201550387594,,,,
2.5428253615127923,,,,,,,,,,,,1.4767441860465114,,,,
2.5361512791991103,,,,,,,,,,,,1.4728682170542633,,,,
2.5294771968854284,,,,,,,,,,,,1.4689922480620152,,,,
2.522803114571747,,,,,,,,,,,,1.4651162790697674,,,,
2.516129032258065,,,,,,,,,,,,1.4612403100775193,,,,
2.509454949944383,,,,,,,,,,,,1.4573643410852712,,,,
2.502780867630701,,,,,,,,,,,,1.453488372093023,,,,
2.496106785317019,,,,,,,,,,,,1.4496124031007749,,,,
2.489432703003337,,,,,,,,,,,,1.4457364341085268,,,,
2.4827586206896552,,,,,,,,,,,,1.4418604651162787,,,,
2.4760845383759738,,,,,,,,,,,,1.437984496124031,,,,
2.469410456062292,,,,,,,,,,,,1.4341085271317828,,,,
2.46273637374861,,,,,,,,,,,,1.4302325581395348,,,,
2.456062291434928,,,,,,,,,,,,1.4263565891472865,,,,
2.449388209121246,,,,,,,,,,,,1.4224806201550384,,,,
2.442714126807564,,,,,,,,,,,,1.4186046511627903,,,,
2.4360400444938826,,,,,,,,,,,,1.4147286821705425,,,,
2.4293659621802006,,,,,,,,,,,,1.4108527131782944,,,,
2.4226918798665187,,,,,,,,,,,,1.4069767441860463,,,,
2.4160177975528367,,,,,,,,,,,,1.4031007751937983,,,,
2.409343715239155,,,,,,,,,,,,1.3992248062015502,,,,
2.402669632925473,,,,,,,,,,,,1.395348837209302,,,,
2.3959955506117914,,,,,,,,,,,,1.391472868217054,,,,
2.3893214682981094,,,,,,,,,,,,1.387596899224806,,,,
2.3826473859844275,,,,,,,,,,,,1.383720930232558,,,,
2.3759733036707456,,,,,,,,,,,,1.3798449612403099,,,,
2.3692992213570636,,,,,,,,,,,,1.3759689922480618,,,,
2.3626251390433817,,,,,,,,,,,,1.3720930232558137,,,,
2.3559510567296997,,,,,,,,,,,,1.3682170542635657,,,,
2.3492769744160182,,,,,,,,,,,,1.3643410852713178,,,,
2.3426028921023363,,,,,,,,,,,,1.3604651162790695,,,,
2.3359288097886544,,,,,,,,,,,,1.3565891472868215,,,,
2.3292547274749724,,,,,,,,,,,,1.3527131782945734,,,,
2.3225806451612905,,,,,,,,,,,,1.3488372093023253,,,,
2.3159065628476085,,,,,,,,,,,,1.3449612403100772,,,,
2.309232480533927,,,,,,,,,,,,1.3410852713178294,,,,
2.302558398220245,,,,,,,,,,,,1.3372093023255813,,,,
2.295884315906563,,,,,,,,,,,,1.3333333333333333,,,,
2.2892102335928812,,,,,,,,,,,,1.329457364341085,,,,
2.2825361512791993,,,,,,,,,,,,1.325581395348837,,,,
2.2758620689655173,,,,,,,,,,,,1.3217054263565888,,,,
2.269187986651836,,,,,,,,,,,,1.317829457364341,,,,
2.262513904338154,,,,,,,,,,,,1.313953488372093,,,,
2.255839822024472,,,,,,,,,,,,1.3100775193798448,,,,
2.24916573971079,,,,,,,,,,,,1.3062015503875968,,,,
2.242491657397108,,,,,,,,,,,,1.3023255813953487,,,,
2.235817575083426,,,,,,,,,,,,1.2984496124031004,,,,
2.229143492769744,,,,,,,,,,,,1.2945736434108523,,,,
2.2224694104560627,,,,,,,,,,,,1.2906976744186045,,,,
2.215795328142381,,,,,,,,,,,,1.2868217054263564,,,,
2.209121245828699,,,,,,,,,,,,1.2829457364341084,,,,
2.202447163515017,,,,,,,,,,,,1.2790697674418603,,,,
2.195773081201335,,,,,,,,,,,,1.2751937984496122,,,,
2.189098998887653,,,,,,,,,,,,1.271317829457364,,,,
2.1824249165739715,,,,,,,,,,,,1.2674418604651163,,,,
2.1757508342602896,,,,,,,,,,,,1.263565891472868,,,,
2.1690767519466077,,,,,,,,,,,,1.25968992248062,,,,
2.1624026696329257,,,,,,,,,,,,1.2558139534883719,,,,
2.1557285873192438,,,,,,,,,,,,1.2519379844961238,,,,
2.149054505005562,,,,,,,,,,,,1.2480620155038757,,,,
2.1423804226918803,,,,,,,,,,,,1.244186046511628,,,,
2.1357063403781984,,,,,,,,,,,,1.2403100775193798,,,,
2.1290322580645165,,,,,,,,,,,,1.2364341085271315,,,,
2.1223581757508345,,,,,,,,,,,,1.2325581395348835,,,,
2.1156840934371526,,,,,,,,,,,,1.2286821705426354,,,,
2.1090100111234706,,,,,,,,,,,,1.2248062015503873,,,,
2.1023359288097887,,,,,,,,,,,,1.2209302325581393,,,,
2.095661846496107,,,,,,,,,,,,1.2170542635658914,,,,
2.0889877641824253,,,,,,,,,,,,1.2131782945736433,,,,
2.0823136818687433,,,,,,,,,,,,1.2093023255813953,,,,
2.0756395995550614,,,,,,,,,,,,1.205426356589147,,,,
2.0689655172413794,,,,,,,,,,,,1.201550387596899,,,,
2.0622914349276975,,,,,,,,,,,,1.1976744186046508,,,,
2.055617352614016,,,,,,,,,,,,1.193798449612403,,,,
2.048943270300334,,,,,,,,,,,,1.189922480620155,,,,
2.042269187986652,,,,,,,,,,,,1.1860465116279069,,,,
2.03559510567297,,,,,,,,,,,,1.1821705426356588,,,,
2.0289210233592883,,,,,,,,,,,,1.1782945736434107,,,,
2.0222469410456063,,,,,,,,,,,,1.1744186046511624,,,,
2.015572858731925,,,,,,,,,,,,1.1705426356589146,,,,
2.008898776418243,,,,,,,,,,,,1.1666666666666665,,,,
2.002224694104561,,,,,,,,,,,,1.1627906976744184,,,,
1.995550611790879,,,,,,,,,,,,1.1589147286821704,,,,
1.988876529477197,,,,,,,,,,,,1.1550387596899223,,,,
1.9822024471635151,,,,,,,,,,,,1.1511627906976742,,,,
1.9755283648498332,,,,,,,,,,,,1.1472868217054262,,,,
1.9688542825361517,,,,,,,,,,,,1.1434108527131783,,,,
1.9621802002224698,,,,,,,,,,,,1.13953488372093,,,,
1.9555061179087878,,,,,,,,,,,,1.135658914728682,,,,
1.9488320355951059,,,,,,,,,,,,1.131782945736434,,,,
1.942157953281424,,,,,,,,,,,,1.1279069767441858,,,,
1.935483870967742,,,,,,,,,,,,1.1240310077519378,,,,
1.9288097886540605,,,,,,,,,,,,1.12015503875969,,,,
1.9221357063403786,,,,,,,,,,,,1.1162790697674418,,,,
1.9154616240266966,,,,,,,,,,,,1.1124031007751938,,,,
1.9087875417130147,,,,,,,,,,,,1.1085271317829455,,,,
1.9021134593993327,,,,,,,,,,,,1.1046511627906974,,,,
1.8954393770856508,,,,,,,,,,,,1.1007751937984493,,,,
1.8887652947719693,,,,,,,,,,,,1.0968992248062015,,,,
1.8820912124582874,,,,,,,,,,,,1.0930232558139534,,,,
1.8754171301446054,,,,,,,,,,,,1.0891472868217054,,,,
1.8687430478309235,,,,,,,,,,,,1.0852713178294573,,,,
1.8620689655172415,,,,,,,,,,,,1.081395348837209,,,,
1.8553948832035596,,,,,,,,,,,,1.077519379844961,,,,
1.8487208008898781,,,,,,,,,,,,1.073643410852713,,,,
1.8420467185761962,,,,,,,,,,,,1.069767441860465,,,,
1.8353726362625142,,,,,,,,,,,,1.065891472868217,,,,
1.8286985539488323,,,,,,,,,,,,1.0620155038759689,,,,
1.8220244716351504,,,,,,,,,,,,1.0581395348837208,,,,
1.8153503893214684,,,,,,,,,,,,1.0542635658914727,,,,
1.8086763070077865,,,,,,,,,,,,1.0503875968992245,,,,
1.802002224694105,,,,,,,,,,,,1.0465116279069766,,,,
1.795328142380423,,,,,,,4.289935546951187,-1.8726893410512246,-0.5339913984017526,,,1.0426356589147285,,,,
1.788654060066741,,,,,,,4.285427040372284,-1.8859251869303908,-0.5302437270206042,,,1.0387596899224805,,,,
1.7819799777530592,,,,,,,4.282631272279709,-1.9112424802384935,-0.5232198479992007,,,1.0348837209302324,,,,
1.7753058954393772,,,,,,,4.279154734189613,-1.9337164673674112,-0.517138896459528,,,1.0310077519379843,,,,
1.7686318131256953,,,,,,,4.27570857762736,-1.953121672057292,-0.5120008724016998,,,1.0271317829457363,,,,
1.7619577308120138,4.234455244238908,-0.9402817601204826,-1.0635110053308547,0.037728123756120065,1.806663772928606,0.5535064216066047,4.2722402474248335,-1.9692568450472654,-0.507805775826057,0.20465481576307087,0.7270315783358997,1.0232558139534884,0.45591773392038826,1.3112094089281643,0.9996381291117867,0.9995406345823624
1.7552836484983318,4.227383743113104,-0.9712882467800696,-1.029560486616731,0.041422271175074084,1.919509902886548,0.5209663146286485,4.268896587734964,-1.9951043548980076,-0.5012269145445885,0.20272596797413234,0.8013474463802607,1.0193798449612403,0.4544651022261195,1.3060489678728822,0.9964531114625262,0.995606807924317
1.74860956618465,4.221016211301529,-1.036695548922854,-0.9646033505584342,0.04468206788909431,2.179726775001523,0.4587730955405185,4.2654644582665755,-1.981250879506707,-0.5047316371407646,0.1981043785186885,0.874771824524244,1.015503875968992,0.4531296041474363,1.2999992263157196,0.9935249191561476,0.9909950636263193
1.741935483870968,4.214745336384684,-1.1043207444022431,-0.9055340172399724,0.04754604998095426,2.4853744030705123,0.40235386618795443,4.262135369532353,-1.9701018263997339,-0.507587976722732,0.1918189197062611,0.8201086293370292,1.011627906976744,0.45191116494190015,1.2947285543408193,0.9908533883135432,0.9869772074588793
1.735261401557286,4.208504833010763,-1.1732235379716998,-0.8523524866615162,0.05005275353342747,2.8432626454166634,0.3517086265709568,4.258750786058188,-1.9975100377050916,-0.5006232665288053,0.18397211621945483,0.9126141467437762,1.007751937984496,0.4508068969544854,1.2900522066428564,0.988432187507237,0.9834124072723319
1.728587319243604,4.2031762047125945,-1.2421453577639694,-0.805058758823634,0.052240714629287435,3.259055369293712,0.30683737668952693,4.2554136234565885,-2.008616304803188,-0.49785516407922614,0.17492040005575407,1.0681442900028728,1.0038759689922478,0.4498129508325037,1.2838310214392634,0.9862528767064224,0.9786699707370903
1.7219132369299226,4.197794815873253,-1.3061678119267675,-0.7655984099966986,0.054148469351307627,3.7060456206935872,0.2698293821361135,4.252073814933297,-2.0177851553404977,-0.49559290162943626,0.16623377244913906,1.1186806612075222,1.0,0.4489216666399167,1.2784887994742329,0.9842986608545333,0.9745975717010191
1.7152391546162407,4.192977585898055,-1.3645956793105394,-0.7328177973604966,0.05584244164334001,4.16873157925877,0.23988111994915418,4.248821657155914,-2.0286581336399157,-0.4929366774113646,0.15806850979249945,1.2610580182276108,0.9961240310077519,0.4481102644960265,1.2722062154883962,0.9825195931396166,0.9698083306070633
1.7085650723025587,4.188197102740412,-1.4275934469656155,-0.7004795392732603,0.057350442031385354,4.771612073678709,0.20957277845703892,4.245523374148544,-2.0370467058493062,-0.49090676081630136,0.14715208492622187,1.3707007523770767,0.9922480620155038,0.4473717102456145,1.266154536636819,0.9809002505823948,0.9651951095011084
1.7018909899888768,4.183771099723812,-1.4887625313152255,-0.6716987961247014,0.05863985359159862,5.514822808775979,0.1813294886661918,4.24224813208872,-2.03927934475138,-0.49036930745842255,0.13555422385686047,1.4847735355898466,0.9883720930232557,0.446726322371754,1.2592326245337528,0.9794851831726898,0.9599185058030936
1.6952169076751948,4.179442289968397,-1.5290295448363045,-0.6540095993416912,0.05977085789789739,6.107435097879378,0.16373485497164264,4.239003775369385,-2.0396726763576374,-0.49027474437014007,0.12823551551860768,1.1655169888410069,0.9844961240310076,0.4461508271610706,1.2528211953822033,0.9782233613287059,0.9550310454789961
1.688542825361513,4.174803727354143,-1.5635845298935893,-0.6395560846768262,0.06082541339099766,6.674646899450719,0.14982065943927214,4.235721569837033,-2.04191885754404,-0.4897354252375976,0.12164709901258024,1.121184309085497,0.9806201550387595,0.4456057337965883,1.2483897231328986,0.9770281980996365,0.9516529149118697
1.681868743047831,4.1705767771959685,-1.5959798768724796,-0.6265743161872592,0.06177068872467301,7.274340445367453,0.13746950771830235,4.232489680589206,-2.0445515617203864,-0.4891048084688805,0.11597297903563658,1.4437132773820975,0.9767441860465114,0.44510914393477397,1.2430632610757593,0.9759393828957807,0.9475925297221203
1.6751946607341495,4.166532674563136,-1.6227277653681627,-0.6162463115143169,0.06266037901126417,7.833728022681174,0.12765314255290416,4.229188237834153,-2.0466925522627153,-0.48859316896152905,0.11081137202787833,1.7403675796849103,0.9728682170542635,0.4446350453509404,1.2355843949287253,0.9748998817180514,0.9418913575343203
1.6685205784204675,4.162505866638679,-1.6510091031392973,-0.6056901794778469,0.06347462388666947,8.520753784171392,0.11736050886221516,4.225904358122666,-2.0477969293556586,-0.4883296706156557,0.10500018688874528,1.632057340274222,0.9689922480620154,0.4441956784836791,1.228708618645015,0.9739365327616375,0.9366499233720348
1.6618464961067856,4.158460889302641,-1.6829463333469659,-0.5941960121872967,0.06422692640430822,9.39575677482057,0.10643102242491764,4.222601799326453,-2.05016764423238,-0.4877649897622973,0.09797506388116982,1.506896846347322,0.9651162790697674,0.4437846664175163,1.2223559064588123,0.9730353541008989,0.9318072232459683
1.6551724137931036,4.1545460204312255,-1.723560804134113,-0.580194210498064,0.06489528269545593,10.61450956534667,0.09421066454777272,4.2194269483073965,-2.0576828337771444,-0.48598354595026194,0.08968724200861249,1.4538980115847933,0.9612403100775192,0.4434151630324824,1.2166937577702288,0.9722251867285101,0.927490942677243
1.6484983314794217,4.150678504528197,-1.7510958060582777,-0.5710709811195329,0.06548446586434524,11.502742059604671,0.0869357927716905,4.216217706182779,-2.065538766997435,-0.4841351883478069,0.08527415573773575,1.5509228143344822,0.9573643410852711,0.44308633400184183,1.2110969747071434,0.971504201312653,0.9232244906090954
1.6418242491657398,4.14685659180119,-1.7673356210536562,-0.5658234848476695,0.06605571596938284,11.968004508680687,0.08355611825469111,4.212967340164707,-2.0735385996871822,-0.4822673665929642,0.08342150262758294,1.75432477476642,0.9534883720930231,0.4427650212047474,1.2047792777431943,0.9707996958735134,0.918408482739226
1.6351501668520583,4.143112584848544,-1.789292253437786,-0.5588801930364866,0.06659978668643231,12.763492605581904,0.07834846079376945,4.209712775542386,-2.0810280214644075,-0.4805317322427527,0.07984261249690375,1.8799567054797244,0.9496124031007752,0.44245593732186456,1.1977673135560616,0.9701220033613867,0.9130632319459109
1.6284760845383763,4.139450266695421,-1.814975022071295,-0.5509717697705696,0.06710152412235859,13.859927013809369,0.07215045209138893,4.206509422298152,-2.0884617352604318,-0.47882131767920555,0.07507156011824041,1.8319750216870816,0.945736434108527,0.44216816275616144,1.1907547457856236,0.9694910333265259,0.9077175210384174
1.6218020022246944,4.1358463614865455,-1.8374927772419367,-0.5442198262683746,0.06756286279888689,15.04188487413049,0.06648103002834649,4.203361068172476,-2.0931940379771152,-0.47773879624003257,0.0706112619731945,1.712826602902023,0.941860465116279,0.4419024044996248,1.1842618966550984,0.9689083359085598,0.9027679939102696
1.6151279199110125,4.13219530546794,-1.8536975723227105,-0.5394623238066742,0.06798892385577368,16.140327639632517,0.06195661093920446,4.200166100333729,-2.09421578224667,-0.4775057128674689,0.06690298525276966,1.6809058153859082,0.9379844961240309,0.4416541923791762,1.178275986907755,0.9683641098755549,0.8982049088784873
1.6084538375973305,4.12858302527283,-1.8710594285426083,-0.5344565676243178,0.06838986984145692,17.16070304425179,0.058272670846953645,4.196976051025069,-2.100029015612569,-0.4761838967773997,0.0639286884196434,1.7196263194529058,0.9341085271317828,0.4414199482687351,1.1721538458105005,0.9678505098839439,0.8935379740962279
1.6017797552836486,4.125008779144461,-1.890489340955796,-0.528963574845875,0.06876675705951502,18.320826426950045,0.05458269057824783,4.193796052059327,-2.1080107423466914,-0.47438088426758895,0.06079694816049409,1.7331040227860512,0.9302325581395346,0.4411976305319179,1.1660077960237853,0.9673630594735612,0.8888528136160192
1.595105672969967,4.121501073876836,-1.9067951585254614,-0.5244401820137341,0.06911844858109982,19.83641967370881,0.050412323214022337,4.19065260400425,-2.109580653196349,-0.47402785879972953,0.05692236516096702,1.8440475116629553,0.9263565891472868,0.44098984152690557,1.159916974512427,0.9669074645344601,0.8842097538902903
1.5884315906562851,4.118059045477894,-1.9207534923674308,-0.5206290156304476,0.06943966904902363,21.76771121262492,0.04593960247965878,4.187511493187491,-2.1066406207847352,-0.474689413150827,0.052477161058296494,1.9934700897508641,0.9224806201550387,0.4407980016751495,1.1529844322386296,0.9664868394606129,0.878925046766899
1.5817575083426032,4.114568578716869,-1.9388485830897837,-0.515770034195441,0.06973165795791396,23.842793086424376,0.041941394885038896,4.1842949023304845,-2.110467618536658,-0.4738286393104545,0.04862019132440776,1.9907220954431892,0.9186046511627907,0.44062361954639545,1.1460635348931383,0.96610449191857,0.8736492166229964
1.5750834260289213,4.111123281315918,-1.957796738927582,-0.5107782540018775,0.0699995096926504,26.002955229060166,0.03845716731775273,4.181106956662728,-2.1172038009577068,-0.4723210866840759,0.04529204785423683,1.9849067161874512,0.9147286821705425,0.440462393156984,1.1392780264504627,0.9657509894459005,0.8684765940284864
1.5684093437152393,4.107809646446578,-1.973523003601714,-0.5067080536558137,0.0702449905583734,28.447984300684872,0.035151875416914,4.1780325482518075,-2.12063810452998,-0.47155617823892726,0.04180593645293153,1.9198057297862934,0.9108527131782944,0.44031387883865714,1.132530622293343,0.9654253592624856,0.8633330184965626
1.5617352614015574,4.104417899456119,-1.9867249905985782,-0.5033409277741612,0.07046872271267596,30.9866277266188,0.03227198547781818,4.1748739658102725,-2.1228315225478336,-0.47106894229636964,0.03878695842918193,1.8604115958097303,0.9069767441860463,0.44017852234850385,1.1262618885350903,0.9651285787283825,0.8585543354913259
1.5550611790878754,4.1010091653312735,-1.9995034143993922,-0.5001241772324647,0.07067576233338321,33.39790959806853,0.029941993736573025,4.171683496235627,-2.1268351611382412,-0.47018218349597873,0.03645950632558333,1.8253495145843455,0.9031007751937983,0.4400526442183913,1.1200310846645145,0.9648525802990173,0.8538045666044135
1.548387096774194,4.097677619386446,-2.0142168016037116,-0.49647088595617106,0.07086839337434322,36.46236278191617,0.02742554030250499,4.168563328684481,-2.131990028823313,-0.4690453456538535,0.033657144003043475,1.8037506139940576,0.8992248062015504,0.4399346755702362,1.1140667170205907,0.9645939240767168,0.8492579032117497
1.541713014460512,4.09443015306781,-2.028497356769359,-0.49297574712772985,0.07104184296033544,40.90107731595786,0.024449233751841604,4.165493688610208,-2.134350930953328,-0.46852651337582074,0.03014600393986893,2.0256347092575386,0.8953488372093023,0.43982845378437757,1.108077393924039,0.9643610238419014,0.8446922161690218
1.53503893214683,4.091140712387827,-2.0414303256243174,-0.4898526231573328,0.0711947457714757,46.688897829253165,0.021418368102350982,4.162332901107188,-2.134771292255193,-0.46843425505483083,0.026528850688245405,2.2206057937286463,0.8914728682170542,0.439734814992626,1.100239329398561,0.964155712884168,0.8387172254952606
1.5283648498331481,4.087895758558001,-2.0604960322864483,-0.48532003184220684,0.0713277388638151,53.95224366926446,0.018534910357577594,4.159216600454325,-2.142313355702786,-0.46678512148469053,0.023302598495891308,1.9376658833418792,0.8875968992248061,0.43965336905723024,1.0934218717506254,0.963977135793554,0.833520247882641
1.5216907675194662,4.084634214959337,-2.0811925215685387,-0.48049375040341147,0.07144215280628209,61.834802742496755,0.016172122423748547,4.1560837100326244,-2.1536795611932957,-0.46432162797975707,0.020711787331935714,1.945448379230979,0.8837209302325579,0.4395825246582684,1.0875568136985017,0.9638218034667606,0.8290492886236815
1.5150166852057843,4.081450564242479,-2.093571376495505,-0.4776526901480338,0.07154360701630118,69.19896235257205,0.014451083744651427,4.152997249891054,-2.1588871588006184,-0.46320160640334507,0.018656509739383417,2.215571292036053,0.8798449612403099,0.4395196402770449,1.080817682247343,0.9636839241509988,0.823912019411488
1.5083426028921028,4.078243431094633,-2.102546000866179,-0.4756138508208778,0.07163504825114952,75.51647063936312,0.01324214428367032,4.149871261947884,-2.1627620934883796,-0.46237170653711246,0.017218247102405396,2.267564530658384,0.875968992248062,0.43946296224002046,1.0733534435440848,0.9635596527689544,0.8182219977876898
1.5016685205784208,4.075134882102324,-2.116906926534296,-0.4723873248585164,0.0717203653382189,80.63207740423849,0.012402012104768545,4.146843858160251,-2.173982456120995,-0.45998531275375854,0.016247199472053254,2.1396819912191902,0.872093023255814,0.4394100801346141,1.0663891117039836,0.9634437042875094,0.8129130573396592
1.4949944382647389,4.071984913537049,-2.1344103950034374,-0.4685134603640222,0.07180059235043454,87.52691380461069,0.011425057237049785,4.143775034799653,-2.187760602016805,-0.4570884031269884,0.015038160692746824,1.9804571040481118,0.8682170542635658,0.43936035301121884,1.0598402765901551,0.963334673370529,0.8079208518529687
1.488320355951057,4.068891285732099,-2.1472260805281524,-0.4657171450497799,0.0718728688830961,96.29709932626837,0.010384528786395286,4.140762552199378,-2.1961967236308158,-0.45533261626343347,0.013773518210142565,1.8139094630212336,0.8643410852713177,0.43931555383499393,1.0539404296193167,0.9632364473938334,0.8034233728499838
1.481646273637375,4.065727974103307,-2.1536335269499687,-0.46433155292498896,0.07193920675025295,102.80586011498978,0.009727071967312817,4.137680385775263,-2.1997143492590796,-0.4546044809576415,0.012972279992470434,1.898210426293755,0.8604651162790696,0.43927443562287577,1.0485253488152906,0.9631462922417607,0.7992954332040996
1.474972191323693,4.062647584616923,-2.16067176555973,-0.46281902505489825,0.07200270744105801,108.45559137115595,0.009220363720832125,4.134659027799661,-2.2045920441192908,-0.453598661333956,0.012325641934619871,2.2912622477338287,0.8565891472868216,0.4392350759782855,1.0419537289815606,0.9630599928974856,0.7942858588263425
1.4682981090100116,4.0595636256263425,-2.1719601753723263,-0.460413598434684,0.07206228168312279,116.56800979723224,0.008578682965759477,4.131625810216138,-2.213197709526752,-0.45183491546890764,0.011573290587745144,2.4315402767839256,0.8527131782945737,0.43919815006512336,1.0341551302003327,0.9629790297148698,0.7883409530610509
1.4616240266963296,4.056561874212463,-2.184185037232683,-0.457836668118091,0.07211721711357091,125.23663506195965,0.007984883971892565,4.128674800209316,-2.222954393518209,-0.4498517841462899,0.01090866951818636,2.2791975992782016,0.8488372093023255,0.43916377854271776,1.0269637775940645,0.9629036672496795,0.7828589536957088
1.4549499443826477,4.053476831539208,-2.1945867523215337,-0.45566665293233655,0.07216886522891,130.50083249867862,0.007662786365827401,4.125640498943118,-2.2321235922893794,-0.44800386656652336,0.010546837010701198,2.201018429805217,0.8449612403100775,0.43913138107350325,1.020202752772328,0.9628326330627988,0.7777049950719144
1.4482758620689657,4.0504075842597125,-2.2054110032409806,-0.45343022163689284,0.0722195012474863,132.9241194260868,0.007523089145277773,4.12262199307068,-2.242619431567405,-0.44590713249152714,0.010406542265389947,2.1717403325240916,0.8410852713178294,0.4390996184652803,1.0135742170315631,0.9627629908622494,0.77265203345071
1.4416017797552838,4.047368400779899,-2.2166419809962745,-0.45113284354135885,0.07226928466132751,134.00406809456277,0.007462460014977523,4.119633550997923,-2.253925520229372,-0.4436703835263529,0.01037608369113357,2.1653839355106728,0.8372093023255812,0.43906839067300324,1.0070572919805443,0.9626945212908209,0.7676841531436691
1.4349276974416019,4.044437930238069,-2.2253778852009187,-0.44936188440181013,0.07231911139229134,136.73912564440985,0.007313195804692363,4.116753821863151,-2.2621942464614,-0.4420486885970263,0.010200813602384598,2.12880683707111,0.8333333333333331,0.4390371357090639,1.0005346964778672,0.9626259921432286,0.7627119502266695
1.42825361512792,4.041442955620861,-2.2351261067183557,-0.44740204903615677,0.07236690240288068,144.7675539517618,0.006907625173615983,4.113809588652999,-2.2701762969697463,-0.4404944238625035,0.009660098883157008,2.015965132864062,0.8294573643410851,0.43900715769758886,0.9942785880656038,0.9625602628217397,0.757942891577585
1.4215795328142384,4.038438936926894,-2.24778291271262,-0.444882819574957,0.0724113155102929,156.93562705080802,0.006372039407446017,4.110856311366089,-2.28044564746614,-0.438510780167519,0.008952136073289178,1.8682204402560132,0.8255813953488372,0.4389792985536364,0.9884646659185323,0.9624991792962101,0.7535109134414255
1.4149054505005565,4.035446887724451,-2.258377697483849,-0.4427957294805651,0.07245195743390331,172.38878773246816,0.00580084130269487,4.107909746732528,-2.2883562875747443,-0.4369948881779351,0.008177738289674085,2.086448797259057,0.8217054263565892,0.43895380497153097,0.9831444126521908,0.9624432824647772,0.7494552612399019
1.4082313681868746,4.032541131860448,-2.2656024949363034,-0.4413836947280174,0.07248874609497848,190.81568698125642,0.005240659276080528,4.105032481340354,-2.2928257904285023,-0.43614303545194844,0.007409631759363191,2.6977916097411763,0.817829457364341,0.4389307284370476,0.9749779925737186,0.9623926852143501,0.7432299637001484
1.4015572858731926,4.029591145589847,-2.2738212997245815,-0.4397882982805754,0.07252191061667636,211.05409568653567,0.004738121744319201,4.102110985541581,-2.2985854366539753,-0.4350501765362651,0.006726842089326605,2.5054062470194065,0.8139534883720929,0.4389099252274113,0.9672298559757845,0.9623470724206086,0.7373235254766303
1.3948832035595107,4.0266635601856775,-2.285100850288992,-0.4376174468945351,0.07255199132404613,230.422332210481,0.004339857124119995,4.09921189060924,-2.3079892050957875,-0.4332775897703982,0.0062039457391053895,2.3106539747016734,0.8100775193798448,0.43889105641129744,0.9602021824942641,0.9623057009480045,0.7319662994198873
1.3882091212458287,4.0237411198513895,-2.296761630733863,-0.43539563993869024,0.07257983974402835,244.3497879292903,0.004092493832200006,4.096317940746781,-2.3185548471591013,-0.4313031461064156,0.005891865346208678,2.1944199148608545,0.8062015503875967,0.4388735878488315,0.9536960322164326,0.9622673996497604,0.7270066327693041
1.3815350389321472,4.020837829628918,-2.304517897329158,-0.4339302381461039,0.07260661860545482,247.36186803583107,0.004042660285275446,4.093443140996138,-2.3261895702505737,-0.42988757786076803,0.005843093998461239,2.176255070544258,0.8023255813953488,0.43885679019158946,0.9474397599819155,0.9622305693678704,0.7222374492378032
1.3748609566184653,4.017934756871684,-2.3137177145455565,-0.43220484232512035,0.07263380183904869,239.75707250048265,0.004170888431239028,4.090568558710733,-2.336263258797625,-0.4280339538938165,0.006046080939534229,2.251857373003559,0.7984496124031008,0.43883973888259736,0.9410890153826866,0.9621931829331003,0.7173962490118433
1.3681868743047834,4.0151139872435255,-2.327442259058426,-0.42965620139790417,0.07266229231087737,234.2566438989028,0.004268822362329949,4.0877762795544035,-2.3507984704840434,-0.42538737903555557,0.006232231911086173,2.3211891338514863,0.7945736434108527,0.43882186757833164,0.9344328642860675,0.9621539985894526,0.7123222360847783
1.3615127919911014,4.012220940448266,-2.3421778687037933,-0.42695305653853666,0.07269078278270605,234.2566438990003,0.004268822362328173,4.084911723230972,-2.3658322670793055,-0.42268423417630174,0.006271689704843111,2.3358851534216307,0.7906976744186045,0.4388039962740659,0.9277767131894483,0.962114814245805,0.7072482231577133
1.3548387096774195,4.009360554042637,-2.352631862133391,-0.42505587724770066,0.0727192732545347,234.25664389895155,0.004268822362329061,4.0820798272971714,-2.37649896400051,-0.4207870548854089,0.006299682541699557,2.3463110601698003,0.7868217054263564,0.43878612496980024,0.9211205620928357,0.9620756299021576,0.7021742102306532
1.3481646273637375,4.006505413620207,-2.363675383588626,-0.4230699388516541,0.07274776372636338,235.03391506013332,0.004254705112426649,4.079253177346571,-2.3876877425692187,-0.4188152337390534,0.006308297548683311,2.3495197117215736,0.7829457364341084,0.4387682536655345,0.9144644109962166,0.9620364455585099,0.6971001973035882
1.341490545050056,4.0037302203972915,-2.3743113405186134,-0.42117475620597133,0.07277606575881626,237.40168550547597,0.004212270009249508,4.076506474595484,-2.398297288375391,-0.41696248619678045,0.00627589841165785,2.336406937548684,0.7790697674418605,0.4387505005642049,0.9078522844761437,0.9619975203847807,0.6920597445026775
1.334816462736374,4.000942720004591,-2.380698650874284,-0.42004476275599245,0.07280398979990174,238.35046416006995,0.00419550263316637,4.073747464674613,-2.404717516401752,-0.41584926012279766,0.006304498492297099,2.3334751772881352,0.7751937984496124,0.43873296912983706,0.9013284670465546,0.9619590812345827,0.6870866101054789
1.3281423804226922,3.998139336857594,-2.386779366728279,-0.41897462913414074,0.0728320680186583,235.25224580768398,0.004250756444712067,4.070972571999444,-2.4112429157143795,-0.41472387268942157,0.006438156593543191,2.36971210954535,0.7713178294573643,0.43871514702346154,0.8947686295088895,0.9619200047614636,0.6820860174232507
1.3214682981090102,3.995330388721797,-2.3905035731529085,-0.4183219013896178,0.07286072959671659,229.22108055112966,0.004362600497282543,4.068192114335475,-2.415696417121922,-0.41395930089237254,0.00661627431896571,2.435272448862345,0.7674418604651162,0.4386969546410503,0.8880725033313119,0.9618801164268702,0.6769815313181284
1.3147942157953283,3.9925378610887945,-2.3948573799823727,-0.4175613998389167,0.07289030072829945,221.4543247122261,0.004515603844266636,4.065428077174301,-2.4210390462685156,-0.41304579599460567,0.0068587846620907795,2.524533977134798,0.7635658914728681,0.4386781849371284,0.881163880648714,0.961838962266116,0.6717150582031293
1.3081201334816464,3.9897833430082073,-2.4009779579600647,-0.416496951454576,0.07292100462022182,213.02269334630296,0.0046943355390514085,4.062702049565543,-2.4283478573267456,-0.41180261591551925,0.007148142498268038,2.4963731718037465,0.75968992248062,0.4386586962354865,0.8739906142627293,0.9617962316421488,0.6662468460421622
1.3014460511679644,3.986976147875725,-2.4077418257610317,-0.4153269213919657,0.07295296149189079,204.77684439690367,0.0048833646350257,4.059925794616774,-2.4363885936021994,-0.4104435567568885,0.007456792833758203,2.3176984914627754,0.7558139534883719,0.4386384122291807,0.8672580362392119,0.9617517572455508,0.6611145725363591
1.294771968854283,3.984193819771788,-2.417431373918702,-0.4136622080729353,0.07298618857530559,197.34530365054948,0.005067260185581901,4.057179320584328,-2.447411562894953,-0.40859494788736583,0.007770023928769901,2.2709237020786484,0.751937984496124,0.4386173219805327,0.861094046787385,0.9617055150945389,0.65641573657142
1.288097886540601,3.9814179946217565,-2.426585365660826,-0.4121017187984535,0.07302060011505762,191.1829759447898,0.0052305912441115154,4.054439349505786,-2.4577806884727167,-0.40687112755426824,0.00805258416374876,2.3535068113162425,0.748062015503876,0.4385954799211299,0.854710327656678,0.9616576245349644,0.6515493997167155
1.281423804226919,3.978697265348201,-2.431615640627596,-0.41124920538095466,0.07305600736833043,186.6393523807464,0.005357926863998053,4.0517544743037215,-2.4637139375199655,-0.40589127851694684,0.008267911897543357,2.4164400607943484,0.7441860465116279,0.43857300585182496,0.8481418927156041,0.9616083482403129,0.6465422531964806
1.274749721913237,3.9760159103799744,-2.436045510693172,-0.41050136198623477,0.07309211860489964,184.03205062639847,0.005433836098637457,4.049108973406985,-2.4687241906361503,-0.4050675258876595,0.0084015494474041,2.4554979430174257,0.7403100775193797,0.43855008494273634,0.8414428611296443,0.9615580922117047,0.6414355522859135
1.2680756395995552,3.973257024317464,-2.4491756707378185,-0.4083006425173039,0.07312853910713316,183.72599247673273,0.00544288800141679,4.046385941415965,-2.4822657347175032,-0.40285775451587824,0.008461381982714457,2.4729850349336444,0.7364341085271316,0.43852696773324795,0.8346864573612164,0.9615074057778945,0.6362851163111523
1.2614015572858732,3.9705237545850824,-2.46127507319441,-0.4062934740171613,0.07316477116999086,185.16965499806366,0.005400452898237873,4.043688525755074,-2.494431050979122,-0.40089302111897496,0.008436484341479875,2.4657082692329024,0.7325581395348836,0.43850397013200937,0.8279650111697239,0.9614569815952716,0.6311613286493115
1.2547274749721917,3.9677933782330492,-2.4712510109462786,-0.40465334989062285,0.07320062524148116,213.0739065530116,0.004693207235824559,4.04099400347453,-2.500249133232117,-0.399960142654777,0.007065521181971816,2.0650206056999973,0.7286821705426357,0.4384812124534815,0.8213136865345669,0.9614070834634509,0.6260909949548084
1.2480533926585098,3.965086870445108,-2.479613897751822,-0.40328859299694386,0.07322741687280496,253.84338825573928,0.003939436858574119,4.0383233497580795,-2.50407440363623,-0.3993491561384417,0.006195883612268081,1.8108540050070756,0.7248062015503876,0.4384642069835987,0.8163435442318102,0.9613697975347987,0.6223022338633798
1.2413793103448278,3.962366790093451,-2.481818496967456,-0.4029303517650078,0.07325320949320852,226.25966244563685,0.004419700750858624,4.035639123477913,-2.5093432194476795,-0.39851065101413496,0.006745481244498964,1.9714834060328121,0.7209302325581395,0.4384478356165785,0.8115587294432905,0.961333901930216,0.618654748742002
1.234705228031146,3.9597390359853053,-2.483584633865047,-0.40264381827961415,0.07328641176603111,166.96773510069477,0.005989181079787187,4.033047223441257,-2.5210848587570176,-0.39665463719973104,0.008913739005775165,2.6051941883268643,0.7170542635658914,0.43842676111597423,0.8053993426292197,0.9612876943081194,0.6139594213878403
1.228031145717464,3.957083134680828,-2.4798576175559908,-0.40324895789200355,0.0733331540682446,118.92214733596735,0.008408862624847302,4.030427176208271,-2.532670850773656,-0.3948400952672273,0.012524262958772472,3.6604321768957564,0.7131782945736432,0.4383970923435528,0.7967281314307747,0.9612226430193676,0.6073493193821078
1.221357063403782,3.954375248073167,-2.469989495130313,-0.4048600214582052,0.07339865464867645,87.58502859933125,0.01141747643395341,4.0277551436721,-2.5416671700778637,-0.3934425450242429,0.017217790041295436,2.8444154902472163,0.7093023255813952,0.4383555171167823,0.7845770532927926,0.9611314858240795,0.5980864996752032
1.2146829810901005,3.9517104588815894,-2.460993799556817,-0.4063399103972074,0.07348555642331406,68.47315677696173,0.014604263145882257,4.025126208552012,-2.552741898820447,-0.39173564725132337,0.022351045221039194,1.813698271616181,0.7054263565891473,0.43830035789584876,0.7781347354523549,0.9610105445745625,0.5931754927692383
1.2080088987764186,3.9489329068071686,-2.4477640478520897,-0.4085361090573656,0.07359359475740902,55.72217462998778,0.017946176843246064,4.022502322271246,-2.560229840874661,-0.3905899322141977,0.027633461731128506,1.6994174838663898,0.7015503875968992,0.43823122671299825,0.773877267838891,0.9608589686187563,0.5899300066927204
1.2013348164627367,3.9461697051163607,-2.4294948903326916,-0.41160819229509116,0.07372510494624948,46.80553132209677,0.021364996224877864,4.019905773516056,-2.562504638313234,-0.3902431960701733,0.032963132664065566,2.0220449743337294,0.6976744186046512,0.4381467434765457,0.7686948446321741,0.9606737319891071,0.5859794229450408
1.1946607341490547,3.943404172148754,-2.4143810257973253,-0.4141848321847874,0.0738787782442817,40.68908001189958,0.02457661858433635,4.0173069594116635,-2.5666810018165362,-0.38960821360046793,0.03782863277468418,2.2899224651571535,0.693798449612403,0.4380480224748608,0.7626390395801333,0.9604572778569553,0.5813630564185286
1.1879866518353728,3.940655349236173,-2.4144651633991407,-0.41417039895998187,0.07405315769709714,38.62589365269087,0.02588936864455782,4.014730823328605,-2.5754541734566896,-0.38828103031545425,0.04015142081741481,2.380695741292256,0.6899224806201549,0.437935999667544,0.7559809359298902,0.960211658392757,0.5762875550513448
1.1813125695216908,3.9379061652382306,-2.4209031361455384,-0.41306898449153095,0.07422435379904777,39.16164262983063,0.025535190376265504,4.012154326160186,-2.5804201212520224,-0.3875337941151997,0.03993790872858629,2.3339722533085534,0.6860465116279069,0.437826021871235,0.7494748563121,0.9599705227878732,0.5713279422652183
1.174638487208009,3.9351482294147933,-2.428462526399229,-0.41178317109250884,0.0743940056220306,40.861218259256816,0.024473083344093816,4.009577677809914,-2.581910545664519,-0.3873100877484603,0.03852013171146304,1.970331645953852,0.6821705426356587,0.4377157929233245,0.7431090339537503,0.959728836511896,0.5664752481979108
1.1679644048943274,3.932298684875509,-2.422447070513473,-0.4128057170669308,0.07455102454446393,38.83706339345572,0.025748599729826793,4.006939541507367,-2.583598014886813,-0.3870571173371218,0.03998690591607535,1.901899650663211,0.6782945736434108,0.43761371881543365,0.7382540769198956,0.9595050304112529,0.5627742933378813
1.1612903225806455,3.9295248729594343,-2.3946506730595765,-0.4175974438569483,0.07473770217014841,32.418124353902975,0.030846941947756612,4.004377137828029,-2.585646288921336,-0.386750501909205,0.04726909561505035,2.2192757919419828,0.6744186046511628,0.4374923643200033,0.7324820856348003,0.9592389504329021,0.5583742792801542
1.1546162402669635,3.9266979861952134,-2.3293327885096367,-0.4293074845006686,0.07496277460383333,23.06084254238296,0.04336355005946224,4.001777112892353,-2.591049918812178,-0.38594393444122943,0.06023273616254645,2.736607203963708,0.6705426356589147,0.4373458368260024,0.7257474726858834,0.9589176765295885,0.5532404545418694
1.1479421579532816,3.923928834854968,-2.206390844134354,-0.4532288568267404,0.07531652597516905,14.753412268344249,0.06778092971384364,3.9992357383402455,-2.5943841688041758,-0.3854479271128639,0.09073208953763304,2.588479428901011,0.6666666666666666,0.43711323444013994,0.7156144307918616,0.9584076761577426,0.5455159926397241
1.1412680756395996,3.9208548713428577,-2.057641550229384,-0.48599329649448464,0.07586752561224949,9.942420843007032,0.10057912612936182,3.996648276018472,-2.594611399608685,-0.3854141703650953,0.13031393338867567,2.122692681551436,0.6627906976744184,0.43674915517163737,0.7087157987840365,0.9576094016188587,0.5402571354595515
1.1345939933259177,3.917670349025116,-1.9123353678620032,-0.5229208311500315,0.07665907270882016,7.241676589318741,0.13808956913029924,3.994100937147988,-2.598541487381833,-0.38483126201981577,0.17206321988617473,1.823638303962386,0.6589147286821704,0.436220238194845,0.7018423114699212,0.9564497064857265,0.5350174461887426
1.1279199110122362,3.914070156281588,-1.777595525588344,-0.5625576716441287,0.0777107679143224,5.593428176450033,0.17878123548815594,3.9915228165409937,-2.605683689223964,-0.3837764361559266,0.21279241236996665,1.5012868251990727,0.6550387596899225,0.43550739347118833,0.695815909935777,0.9548867342368167,0.5304234940917922
1.1212458286985543,3.910283681102138,-1.6608229442272537,-0.6021111422357421,0.07904547407239951,4.566644599319502,0.21897916035528908,3.988981959090331,-2.6100666279328997,-0.38313198188046727,0.25151261197505576,1.1947059793154906,0.6511627906976745,0.4345839781194252,0.6904458499727253,0.9528620681052931,0.5263298740287683
1.1145717463848723,3.9058320885908855,-1.577071817233572,-0.6340865324409606,0.08063373779670671,3.9822810211697854,0.25111236366394163,3.9864119287780015,-2.611142164479033,-0.38297416877702517,0.2827678237141267,1.1089864021297127,0.6472868217054263,0.43345895869929124,0.6859900289829791,0.9503953680305083,0.522933182310916
1.1078976640711904,3.9013495275378993,-1.535860143486134,-0.6511009509825385,0.08239736324255227,3.717346051954061,0.2690091226439195,3.983813675823619,-2.61717190955974,-0.3820918283385595,0.3041261677922402,1.1624711555471055,0.6434108527131782,0.4321766802618533,0.6810258073007158,0.9475838642814028,0.519148934534237
1.1012235817575085,3.896936199011967,-1.522437937397824,-0.6568412251399991,0.08422451585202047,3.616129868882052,0.27653874065898965,3.98127360500829,-2.6294858456282766,-0.38030248448097836,0.318553060961718,1.1848932892661024,0.6395348837209301,0.43081159196094576,0.6758827621509845,0.9445907929142121,0.5152283688506439
1.0945494994438265,3.892588757117699,-1.5366124859046828,-0.6507821647767287,0.08608864787871234,3.678030123940999,0.27188466823335933,3.9787886599617392,-2.639236229119427,-0.3788974965434022,0.3244142561114452,1.1740296749957797,0.635658914728682,0.42938104419862144,0.6706356295194678,0.9414541961504972,0.5112284568270326
1.087875417130145,3.888215134535164,-1.5844278192017072,-0.6311426673282199,0.08785367716325544,3.951914330486977,0.2530419225653544,3.9762736639121266,-2.6447977525860455,-0.37810074476288946,0.31806173935281973,1.2064167567387651,0.6317829457364342,0.42799323843576986,0.665675186831684,0.9384113148297417,0.5074470897942793
1.081201334816463,3.884076551401182,-1.64990977141726,-0.6060937496848737,0.08946629311873923,4.377385820377711,0.2284468495659615,3.9736950011110843,-2.647976190683036,-0.3776469001188616,0.30418856408870065,1.3912506224287307,0.627906976744186,0.42669848587989906,0.6604483106713862,0.9355724605226631,0.5034626193667691
1.0745272525027811,3.880267872093477,-1.718931860370475,-0.5817566263414733,0.09090302331986452,4.88711850400667,0.2046195522331118,3.9711993257269556,-2.6515558099507412,-0.37713707410841835,0.2883375036571925,1.5610893981884129,0.624031007751938,0.4255256237914813,0.6541925201295158,0.9330008613578523,0.4986938030316675
1.0678531701890992,3.876549203885758,-1.7846840999312785,-0.5603232527473665,0.09219758858792429,5.453138220323418,0.18338064424501077,3.9687220134926875,-2.652923754024442,-0.3769426085024179,0.27122480718597414,1.36259010501337,0.6201550387596899,0.42445410069996675,0.6483163843121499,0.930651456500772,0.4942143991440892
1.0611790878754173,3.872713388514679,-1.8488784061639227,-0.540868451200538,0.09335081834871897,6.107831619221519,0.16372422528037145,3.9662106237694728,-2.6515055283165148,-0.37714422592017627,0.25316165440219907,1.4843045841418154,0.6162790697674417,0.42348978173965773,0.643732988382449,0.9285371057536289,0.4907204564947145
1.0545050055617353,3.869387619136398,-1.9077320726719365,-0.5241826220384382,0.0943830065004543,6.778193177990381,0.14753194158689986,3.963645978358766,-2.6549799373818375,-0.37665068045151884,0.2372298543933368,1.7933561394868993,0.6124031007751937,0.42261980640538654,0.6360156660014057,0.9266296113729078,0.48483750808273646
1.0478309232480534,3.865898437954186,-1.9574569754192126,-0.5108669117929594,0.09532009899281554,7.363319334416847,0.13580831613887856,3.961132952136465,-2.6662500515584933,-0.3750585956540249,0.2256165150312151,1.550381671734041,0.6085271317829456,0.4218252950919191,0.6305193421544323,0.9248875782299473,0.4806476365119056
1.0411568409343719,3.8623883033765716,-2.002279537716583,-0.4994307643679008,0.09619579826204108,7.9407930875767265,0.12593200565375362,3.95861954430469,-2.677385069344488,-0.37349875871416316,0.2146244020306232,1.671782581487876,0.6046511627906977,0.4210793052135862,0.6254221015910305,0.9232519324306478,0.4767619878636654
1.03448275862069,3.8591666517143897,-2.044361981012007,-0.48915016483772433,0.0970010601361359,8.600545228871574,0.11627169829222606,3.9561590625851926,-2.6818389628786092,-0.3728784665454441,0.20294752414990183,1.8802014997006946,0.6007751937984496,0.4203911881192564,0.6190776908150103,0.9217431775970273,0.47192561593868193
1.027808676307008,3.8559276926037183,-2.0780356883907034,-0.4812236890765007,0.09774781203234889,9.178878961664422,0.10894576605449302,3.953675870126503,-2.686165195836429,-0.37227792302201124,0.1938456753506427,1.8097688500678792,0.5968992248062015,0.4197515517462954,0.6131276612741644,0.9203407208386986,0.4673898825443475
1.021134593993326,3.852687551041941,-2.099487393754448,-0.47630674181459653,0.09845528615688554,9.507680850732685,0.10517812026924922,3.9511820310433703,-2.6944836424525707,-0.37112862154538107,0.18945318908982714,1.8997772332324867,0.5930232558139534,0.4191447726302894,0.6074443529572948,0.9190103063906958,0.46305747189896124
1.0144605116796441,3.849580905495912,-2.1298111185358874,-0.4695252040413038,0.09915174689689951,10.106632556133897,0.09894492497336138,3.94872805500484,-2.698470632369895,-0.37058027906783764,0.18090125848460237,2.0952486772161545,0.5891472868217054,0.41854696291751187,0.6009321169063103,0.9176995581166439,0.45809316603703787
1.0077864293659622,3.8465596714702395,-2.168226494834252,-0.46120642948625346,0.09977601930447214,11.021756844083951,0.09072963722083571,3.946291220968106,-2.6992244072431126,-0.3704767922654355,0.17313619289876583,2.1015724424023787,0.5852713178294572,0.41800653662091886,0.5943083715463404,0.9165146278280069,0.4530438561439458
1.0011123470522807,3.8435077615674715,-2.187387363454645,-0.4571663970942268,0.1003628210311042,11.494777824018819,0.0869960268314589,3.943808622838979,-2.7014587885306396,-0.37017037026276967,0.1740388628329545,1.8041610229361822,0.5813953488372093,0.41748087323936284,0.5879842901227021,0.9153620664771625,0.44822298137269084
0.9944382647385988,3.8402818461149772,-2.207509749731608,-0.45299913176899054,0.10093725659254496,11.931404891152331,0.08381242687871104,3.941261373886664,-2.708656586907688,-0.3691867048903532,0.17627315668150212,1.7432262308308373,0.5775193798449613,0.41694421488778616,0.5829943955067254,0.9141853977261373,0.4444191630069963
0.9877641824249168,3.8372752168118325,-2.2347655962423905,-0.44747422355231947,0.10148156310290013,12.584584750601614,0.07946229612003641,3.9388195800123973,-2.717303232472371,-0.3680119274322351,0.17595165519018688,2.081217380824292,0.5736434108527132,0.4164149991283904,0.5773558525786644,0.9130250474869179,0.4401208772121734
0.9810901001112349,3.8343955475341205,-2.252453770192816,-0.4439602771134332,0.10199793240282355,13.041825224158405,0.0766763840806286,3.9363880494505925,-2.7226895025071727,-0.3672838930326634,0.17799195248286265,2.3066897041211747,0.569767441860465,0.41589323771382236,0.5701869274155866,0.911881041528175,0.4346559743843073
0.9744160177975529,3.8314806008673417,-2.265793681006641,-0.441346451083632,0.10250505210063934,13.224322187828019,0.07561824234140513,3.9339463243329504,-2.734270904174929,-0.36572820874226863,0.18340707577012613,2.069243944166416,0.565891472868217,0.41535989804826745,0.5636340847719026,0.910711649276481,0.4296607139401801
0.967741935483871,3.828519573313529,-2.2868374165348286,-0.43728513132134594,0.10300729715042853,13.464514209406367,0.07426929664505799,3.9315186287250734,-2.754700771913419,-0.36301583467644605,0.18831252625548678,2.024193090920682,0.5620155038759689,0.4148122808423553,0.5578949493316654,0.9095109523119643,0.42528574603587094
0.9610678531701895,3.825613568687324,-2.313477377244417,-0.4322497422434708,0.10349641089901607,13.962167254902452,0.0716221186684951,3.929104379149236,-2.772943431472971,-0.3606276235749988,0.189792826801035,2.176083535623728,0.558139534883721,0.41426065060574957,0.551792481572618,0.9083014564387937,0.42063380832488184
0.9543937708565076,3.8227600410884253,-2.326175321693524,-0.4298902110576819,0.10396332098137614,14.351395077292382,0.06967963703976476,3.9266947897538405,-2.776153928091716,-0.3602105740179127,0.1916036910857238,2.17934702158897,0.554263565891473,0.41371719775595933,0.5453125366836248,0.907109890176711,0.4156941181561715
0.9477196885428256,3.8198666807484494,-2.3289676653547087,-0.42937478904315185,0.10442650616539781,14.511624251728156,0.0689102737676599,3.9242643092786427,-2.774198173808701,-0.36046451527545287,0.19651414041738377,1.9564731430003985,0.5503875968992248,0.4131608892777295,0.539257773154573,0.9058901368637506,0.4110785455871631
0.9410456062291437,3.8169722860181636,-2.340504210018028,-0.4272583641250094,0.10488314666014358,14.903195211120726,0.0670997048507962,3.9218927125938494,-2.7765540942855735,-0.36015865927413415,0.1989318149848,1.8820187853590093,0.5465116279069767,0.41259050927385765,0.5339921478354273,0.904639530542627,0.4070645365073516
0.9343715239154617,3.8141404475273477,-2.3597768562197876,-0.4237688819450227,0.10532216407219377,15.432419926231058,0.06479865146102348,3.9195270698586113,-2.7857463240106712,-0.35897023048397614,0.19939533457834405,2.1167879669241914,0.5426356589147286,0.41202633294738195,0.528514594684617,0.9034025263080302,0.4028889739198356
0.9276974416017798,3.811357811320566,-2.379299918502984,-0.42029169682365364,0.1057480897274765,15.678850617071976,0.06378018545001929,3.917129300556873,-2.80495851633749,-0.3565115113736965,0.20377360196693464,2.485584599345692,0.5387596899224805,0.41146262632389463,0.5217314886173017,0.9021665519368969,0.39771818266651005
0.9210233592880979,3.8085745923545296,-2.395545534851028,-0.417441449328237,0.10617351248754442,15.725608031518375,0.06359054594237179,3.91471108730196,-2.8260490235619278,-0.35385090338581904,0.2107296408829086,2.3943496611173742,0.5348837209302324,0.41088255696373704,0.5145439804573809,0.9008947008839517,0.3922391139393372
0.9143492769744164,3.805778516053885,-2.4138206167247627,-0.41428099216290093,0.10659690680345921,16.013265511689216,0.06244822452172727,3.9123225270972775,-2.8422594254213682,-0.35183276764109905,0.2147761365201999,2.1793637653978744,0.5310077519379846,0.4102879684276972,0.5082720485214046,0.899591015311892,0.3874579929493134
0.9076751946607344,3.8030082270592858,-2.436606176443954,-0.4104069051730903,0.10700708166914696,16.57655806451625,0.060326154326367565,3.909977437143174,-2.856483818608282,-0.3500807508467574,0.2150408987381632,2.074131946524583,0.5271317829457365,0.409694877328431,0.5024611168734733,0.8982906129964013,0.3830282944836534
0.9010011123470525,3.800270150548171,-2.458805575008448,-0.40670153434012946,0.10740215024274333,17.033043492119294,0.05870941387912687,3.9076683934722993,-2.873628284097968,-0.347992120461015,0.21677715165286146,2.0295331958650022,0.5232558139534883,0.4091099075079853,0.49690109387879344,0.8970080172704818,0.3787898647755127
0.8943270300333706,3.7976070861934943,-2.475270683859706,-0.4039962200985201,0.10779074459078161,17.273767782644676,0.05789124947046709,3.905433999885057,-2.889296845940533,-0.3461049706280619,0.22097905713502144,2.059393163025596,0.5193798449612402,0.40851791628884804,0.4914422851845325,0.8957100265350473,0.3746285911687396
0.8876529477196886,3.7949080870532317,-2.493049425020962,-0.40111519248824834,0.1081748921711589,17.637369805528024,0.05669779627156046,3.9031349177052315,-2.903453806295961,-0.34441739621672696,0.2233193752187534,2.242289932558072,0.5155038759689922,0.407918108527802,0.4857876154785815,0.8943948973714524,0.37031801186099944
0.8809788654060067,3.792222840102464,-2.5158629280784566,-0.3974779344452486,0.10854755610942313,18.291448477831675,0.05467035599788339,3.90080149940334,-2.9170883693095018,-0.34280757844737764,0.22246721543158857,2.5244744028435657,0.5116279069767441,0.407322239293338,0.4793215047205193,0.893088403759956,0.36538886751045935
0.8743047830923252,3.78959356184425,-2.5385031251670114,-0.3939329402772387,0.10890464108325522,19.03292177698646,0.052540540633605914,3.8984847941538607,-2.9291806175057356,-0.3413923996436665,0.22086949860339436,2.5597174611956435,0.5077519379844962,0.40673767595914934,0.47235126952503237,0.8918066992894786,0.3600754269089459
0.8676307007786432,3.7870229611313246,-2.559443820694157,-0.3907098846689223,0.10924887589541117,19.676289430830174,0.05082259048462312,3.896236596505738,-2.9421517576877156,-0.33988729418427965,0.22018761759226158,2.4049453506657072,0.5038759689922481,0.40616080877557714,0.46583510232329234,0.8905418692790873,0.35510812431370586
0.8609566184649613,3.7843921486185947,-2.581053195162574,-0.3874387408497455,0.10958302938783306,20.138257365868984,0.04965672956860878,3.8939399217239186,-2.960489210800505,-0.33778201128103547,0.22154214051644586,2.2362217874644674,0.5,0.4055893323623455,0.4597788737068869,0.889288858987862,0.35049143490223644
0.8542825361512794,3.781770324376572,-2.608007684386207,-0.3834344530450835,0.10991170209654945,20.395266942688256,0.04903098364978753,3.89167628888704,-2.9903995966554233,-0.3344034693953404,0.22562274143784644,2.2068742999426654,0.4961240310077519,0.4050150434530923,0.4542304138794838,0.8880296820616235,0.3462618198467964
0.8476084538375974,3.7792498131147623,-2.63744525472785,-0.3791547893581537,0.11023750302943201,20.578164979021093,0.04859519792068312,3.8894988240805075,-3.025173148512352,-0.33055959143752034,0.23078562639647238,2.307483454688684,0.4922480620155038,0.40443441731595015,0.44847361894201027,0.8867566102281257,0.3418733900309468
0.8409343715239155,3.776740771032676,-2.6654157607411118,-0.37517599120144496,0.11056035879849407,20.913567808374495,0.04781584898199753,3.887319169554243,-3.05473963085424,-0.32736014221950427,0.23422910110907944,2.4217780174779495,0.4883720930232557,0.4038468778898854,0.44254535330062467,0.8854683804249099,0.33735424735181735
0.834260289210234,3.7742535661551795,-2.6936268899100817,-0.3712466651360842,0.11087575685344087,21.584387593782534,0.046329783305413486,3.885141393310591,-3.0777101958071444,-0.3249168818306316,0.23362532816079898,2.49717496438523,0.48449612403100784,0.4032614334583997,0.436328864069457,0.8841847440742094,0.3326153905767771
0.827586206896552,3.7717829199945516,-2.7152045091700376,-0.36829638306164725,0.11117877637320481,22.41014864577479,0.04462264020674134,3.8829706314665953,-3.0895308071006906,-0.32367374285496453,0.23145493948882878,2.4845482686799145,0.48062015503875977,0.4026890008701091,0.43017076138610616,0.8829296372884283,0.32792104212104767
0.8209121245828701,3.7693480036789673,-2.7298944700420127,-0.3663145264309833,0.11147138720102809,23.092502965479657,0.043304097502764094,3.8808298949928717,-3.0958752734947175,-0.3230104289282849,0.23012985041742476,2.548766458317233,0.47674418604651164,0.40212353478433654,0.42411350621818483,0.8816898051476664,0.3233035701648934
0.8142380422691882,3.7669207013929964,-2.7490828013636284,-0.36375768656512264,0.11175680659571113,23.408088164846472,0.04272027655388655,3.8786750177807954,-3.1149017803414245,-0.32103741001117214,0.2321659260279501,2.631089555364284,0.4728682170542635,0.40156372530960327,0.41768408937312307,0.8804623756042498,0.31840239774380713
0.8075639599555062,3.764519942070974,-2.7766687892483652,-0.36014378231647015,0.11204162448539587,23.375018968964934,0.04278071394627325,3.876548958812979,-3.150965249786285,-0.31736306837018446,0.23893411831318356,2.6175719449425383,0.46899224806201545,0.40099607688224503,0.4113378935649795,0.8792177584952853,0.3135646650810733
0.8008898776418243,3.7621204377161948,-2.799493639451572,-0.35720745562969114,0.11232785060834215,23.197299726717695,0.043108465717164535,3.8744296113210055,-3.1837096969924876,-0.31409898991250884,0.24683889685121738,2.542801208742663,0.4651162790697673,0.40041461904279196,0.4051001045695418,0.8779428630842422,0.30880957140310206
0.7942157953281423,3.75969070019017,-2.81824457536282,-0.3548308080647189,0.11261704338262166,23.00216878825527,0.04347416146735661,3.8722952532951713,-3.2117509323423032,-0.3113566465973463,0.25487829691725855,2.455118253801649,0.46124031007751926,0.3998187058099986,0.3991969034015815,0.8766362730026936,0.3043095354810645
0.7875417130144609,3.757257738357726,-2.843975259445167,-0.3516204990457936,0.11290815087264502,22.797296555495944,0.04386485027142051,3.8701688946337263,-3.2493310975197875,-0.3077556487743891,0.2637202159380776,2.465494938401431,0.4573643410852714,0.3992068766527413,0.39346805767300064,0.8752947859128241,0.29994241146869866
0.7808676307007789,3.755014573931867,-2.8694503328318666,-0.3484988008184473,0.11320255862539921,22.519239325524662,0.044406473306873195,3.8682290312121155,-3.288474945037725,-0.3040923275115688,0.2739469121451043,2.545654144027166,0.4534883720930233,0.39858045036988854,0.38762158415531694,0.8739212933925118,0.29548561928116285
0.774193548387097,3.7527736166178705,-2.895289787855016,-0.34538857015098756,0.1135008957888658,22.473747500338625,0.044496361809926555,3.866287199726378,-3.323449302704155,-0.30089220834099706,0.28219834755523526,2.6190070149749642,0.4496124031007752,0.3979315543262621,0.3816208891680285,0.8724985340243666,0.2909112633966726
0.767519466073415,3.750440906584211,-2.923783188047466,-0.34202262468983236,0.11379650338815686,22.51261146962731,0.04441954685484362,3.8642477732228095,-3.3601803021488093,-0.2976030778349923,0.2887765331021184,2.6591066327346864,0.4457364341085271,0.39727938121940665,0.3755454996908082,0.871068589418378,0.2862799675776777
0.7608453837597331,3.748089355174981,-2.948902019899044,-0.3391092661784114,0.11409381521295717,22.530959049404213,0.044383374795865294,3.862191005210383,-3.3929832065614236,-0.29472589138259764,0.29595184776602484,2.654683048408574,0.44186046511627897,0.396612723802687,0.3694811583899293,0.8696068867399633,0.2816570938315539
0.7541713014460512,3.745868837378047,-2.9562280445368954,-0.33826889703180996,0.11438893998165006,22.338201246996125,0.04476636184547189,3.860268529225392,-3.407125595577156,-0.2935025351862919,0.3037770931942501,2.5800643990202214,0.4379844961240309,0.39593964985781016,0.3635278895298902,0.8681311152817555,0.27711889109011145
0.7474972191323697,3.743618317950317,-2.935812726261606,-0.34062118167645394,0.11469136398063864,21.197815382686645,0.047174672575776455,3.8583329068633523,-3.407776098835181,-0.29344650910070413,0.3221671387510507,2.5924778004526563,0.43410852713178305,0.3952401368570759,0.35782049159542856,0.8665973739610778,0.2727681168244744
0.7408231368186877,3.741331426411726,-2.9200290349248177,-0.3424623481614617,0.11501863527743347,19.4433103305303,0.05143157121911379,3.8563641409128597,-3.4360627096083425,-0.2910307769423639,0.35508370363584474,2.7280715349593474,0.4302325581395349,0.3944686443772546,0.3517189143784461,0.8649058115545867,0.2681168579775742
0.7341490545050053,3.7390953744547413,-2.923326628006934,-0.34207604118523705,0.11537788106031538,17.697438117044907,0.05650535367810505,3.854456873375558,-3.5017599625846554,-0.28557068750706094,0.39766050399290326,2.614865248197797,0.4263565891472866,0.39360699408403194,0.3453370961510935,0.8630165705293272,0.2632519701897633
0.7274749721913238,3.736799374744164,-2.912075633691212,-0.3433976743016274,0.11577287804065625,15.860588765530602,0.06304936183537357,3.8525596070995745,-3.5669913301869767,-0.2803483124663444,0.44994788885970693,2.5611313656770114,0.42248062015503873,0.3926407869039802,0.3396908576366835,0.8608980797009579,0.25894781801600025
0.7208008898776423,3.734468237412707,-2.8619282344595187,-0.34941477146747957,0.11621947432174412,13.841186838337748,0.07224813967760113,3.8506393671552273,-3.607937916415716,-0.2771666317898962,0.5171017429650449,2.3254857121154995,0.4186046511627909,0.39152440802941224,0.3335627174423035,0.8584503247519304,0.25427631009591345
0.71412680756396,3.732077648869718,-2.8029490718032712,-0.35676709579195176,0.11673725810309363,12.132362457903488,0.08242417776997435,3.848779308191499,-3.6450731340540985,-0.2743429180220005,0.59486724715745,2.0800890403311536,0.41472868217054254,0.3901984683144444,0.3285821887730665,0.8555430899651016,0.25047963143214896
0.7074527252502785,3.729716015376516,-2.7700744672919835,-0.3610011253515495,0.11731968581589286,11.049713665390877,0.09050008265210785,3.847017545791606,-3.6968434207159304,-0.27050104269937947,0.6671791610353872,2.1090179372582196,0.4108527131782947,0.38866495256369976,0.32365547008261564,0.852180727192204,0.24672397234922072
0.7007786429365961,3.727395157262386,-2.7647258664938974,-0.3616995131847034,0.11794526810512398,10.522772955286285,0.09503198484365605,3.8452969494563005,-3.7499878827426016,-0.2666675283410882,0.7221015104715273,2.0230528292358843,0.40697674418604635,0.38696822505241646,0.3184006472650324,0.8484605088527963,0.242718198063328
0.6941045606229146,3.724950722650166,-2.7732703316953042,-0.3605851144661756,0.11858818839445115,10.287306751927275,0.09720717230607079,3.843517279585245,-3.7968251699381494,-0.2633779421601048,0.7627049436047926,1.6939465400294438,0.4031007751937985,0.38517273189105794,0.3138029309198508,0.8445237384858713,0.2392133388989561
0.6874304783092331,3.722399932972741,-2.77542057638646,-0.3603057527598139,0.11924280544402585,10.014762692828572,0.09985259068755425,3.8417440165972354,-3.8394619287552225,-0.2604531620721673,0.8060295066770449,1.5726817463050122,0.39922480620155065,0.38329311277848466,0.310071609592227,0.8404025148673497,0.23636893642422668
0.6807563959955507,3.7198422776018316,-2.7609854926631274,-0.3621895162641522,0.11992103721341738,9.531296351693191,0.10491752255949471,3.8399574322586116,-3.886936877970365,-0.2572719937047623,0.8661027965310966,1.7648411967763005,0.39534883720930225,0.3812883157599788,0.30623654693236163,0.8360068281201042,0.23344545148078163
0.6740823136818692,3.717508356024538,-2.720121526885601,-0.3676306334537003,0.12064326180744517,8.793949459422278,0.11371454937446224,3.838254119672244,-3.93830900325167,-0.25391608407932154,0.9496450600436951,2.232608216063097,0.39147286821705446,0.3790897924651504,0.30125678241792997,0.8311863801538605,0.22964935533554842
0.6674082313681868,3.715233849365288,-2.668267387478174,-0.37477503367648524,0.12143891773899419,8.055241395651354,0.124142772498395,3.8365880225602216,-3.989909340878312,-0.25063226117811155,1.0490699641920598,2.061602645651105,0.38759689922480606,0.376597633843738,0.29503257474875827,0.8257221119396447,0.2249046147616519
0.6607341490545053,3.7128597562360834,-2.623752350417603,-0.3811335318445117,0.12230033997205114,7.466693920830353,0.13392808257617617,3.834945285235658,-4.04521827071265,-0.24720544926833554,1.148588750406548,1.397803457829701,0.3837209302325582,0.3738149785024323,0.29043705321298474,0.8196209051376485,0.22140142871003657
0.654060066740823,3.710211618631754,-2.573196367244292,-0.3886217207243021,0.12322661183344816,6.923225743157618,0.1444413394996289,3.833267472717336,-4.095333109828587,-0.24418038122468033,1.2529773873923604,1.0220522109672325,0.37984496124030986,0.37072750307393404,0.28733872024931467,0.8128513545556096,0.21903955601787387
0.6473859844271415,3.7075073793027844,-2.507449673960793,-0.3988115934627672,0.12422836675068917,6.366317688312693,0.15707667272649672,3.831694112006269,-4.136762685981016,-0.24173492073617808,1.3675328092731276,0.8043592927474396,0.375968992248062,0.3672848709653654,0.2849430941295168,0.8053030929632438,0.21721335980870982
0.64071190211346,3.7047148555536045,-2.439096127824775,-0.40998794126733173,0.12532329712011986,5.86172142125642,0.1705983495520087,3.8301506177897857,-4.177291054446173,-0.23938959171533725,1.488726689284015,0.7553545761089401,0.37209302325581417,0.36340875196790495,0.28296580975454677,0.796804374763542,0.21570606733090267
0.6340378197997776,3.701903101175228,-2.396461306104141,-0.4172819304250197,0.12650554160566593,5.52350293097607,0.18104453143166666,3.8285376860972367,-4.233030012441581,-0.23623739899335305,1.597696275977981,0.8840432248560566,0.3682170542635658,0.359104245166084,0.28079671129476186,0.7873663801299036,0.21405255414208466
0.6273637374860961,3.699184305977839,-2.388227465548891,-0.4187205843770698,0.1277399093305537,5.377242662606017,0.18596891803937332,3.8268959786637007,-4.296424664685379,-0.2327516663377196,1.676993738716243,0.829572263713393,0.364341085271318,0.3544910467193975,0.2777772552268797,0.7772515529991116,0.211750809650599
0.6206896551724137,3.6963867947774145,-2.4073129674630978,-0.4154009111053938,0.1289878853392282,5.371130801701792,0.18618053384273558,3.8253245820652535,-4.36261388250988,-0.2292203772626067,1.7253832007894212,0.6459440038314485,0.36046511627906963,0.3497260650235479,0.27577005697500695,0.7668039282780195,0.2102207136943402
0.6140155728587322,3.6935886966329035,-2.43488503226102,-0.4106970089965216,0.13022507774669706,5.418560162058713,0.18455087146620563,3.8238076677053217,-4.421919431923952,-0.22614613753034973,1.7540533926065514,0.5984293530810634,0.3565891472868218,0.34492324392550766,0.2741281602493611,0.7562733374724818,0.20896908868013878
0.6073414905450498,3.6908662002304524,-2.4614917842117174,-0.40625770372832903,0.13145130075368255,5.458931640393635,0.18318602720731114,3.8223528937720235,-4.48286405336475,-0.22307167652104454,1.7752328926386998,0.6393878205051691,0.35271317829457344,0.3401101425902649,0.272489458251625,0.7457202063788191,0.20771989902091614
0.6006674082313683,3.6882230124966124,-2.493724069151351,-0.4010066760675386,0.13267027499529305,5.466988208035106,0.18291607041153846,3.820928186198404,-4.585250231168839,-0.21809060565601612,1.80230815472336,0.7033155834044897,0.3488372093023256,0.33529651345310973,0.270630403715475,0.735165918034896,0.20630273366339663
0.5939933259176868,3.6855911296725874,-2.5292602998475817,-0.39537251269086937,0.13389289457452608,5.462914330994248,0.18305247701330885,3.819506523914434,-4.709871100052775,-0.2123200356775783,1.8271703285071408,0.7420907073150317,0.34496124031007774,0.33046257264457823,0.2687229463683165,0.7245670946363717,0.2048486706325524
0.5873192436040044,3.6829174574401256,-2.5677575696704826,-0.3894448649715514,0.1351136895939134,5.526053064113344,0.1809609839786166,3.818026482918056,-4.79653388663809,-0.2084838809928442,1.8223861452616974,0.7788930364875395,0.34108527131782934,0.32565388144746304,0.266706279322872,0.7140236331429438,0.20331135657377616
0.580645161290323,3.6803528796300675,-2.6016613019386083,-0.3843697868184677,0.13630839157980246,5.631369268096946,0.17757670513017842,3.8166522137337417,-4.8357517177820455,-0.2067930816883745,1.7932871717759682,0.8030259457684871,0.3372093023255815,0.32098699436002504,0.2646736040682696,0.7037910891338592,0.20176183938754277
0.5739710789766406,3.677760131583152,-2.6325446138685904,-0.3798606089073928,0.13748401268797583,5.709796786434156,0.17513758149429925,3.8152435710546593,-4.884648359471984,-0.2047230274131948,1.764168969426407,0.8459524117546741,0.33333333333333315,0.31645094765604503,0.26258403544832,0.6938454237136102,0.2001689521414886
0.5672969966629591,3.675275082313554,-2.6640623798296836,-0.3753665858469617,0.13864615685002674,5.768237733531598,0.17336317367553278,3.8139305368208762,-4.950411427465461,-0.20200341217133655,1.7356737222512624,0.8959663787843796,0.3294573643410853,0.31203991987071344,0.2603763114044539,0.6841738728290401,0.19848599450195145
0.5606229143492776,3.672805380416617,-2.6895965437750027,-0.3718029762919173,0.13979809287051898,5.810301998898147,0.1721080935534225,3.8126303458402284,-5.007639586385214,-0.19969488273852676,1.7025815120629053,0.9461828749386111,0.32558139534883745,0.3077523498145572,0.25809128799920267,0.6747730134404026,0.1967441112230728
0.5539488320355952,3.6703448522419784,-2.709332617108663,-0.3690945857608199,0.14094348401647955,5.817234616342044,0.17190298586045571,3.8113308161937542,-5.071209932393071,-0.1971915999005205,1.670620367717607,1.0221691606902696,0.3217054263565891,0.3035875592119933,0.2556718231410149,0.6656413583712093,0.1948997426399648
0.5472747497219137,3.667809823761605,-2.716031051205748,-0.3681843031787366,0.14209268222571977,5.762284499829483,0.17354228171649488,3.8099392582754654,-5.137636736851271,-0.1946420214623572,1.6440819257854165,1.1033812866623482,0.31782945736434126,0.2995200353823966,0.2530351805503338,0.6567229689149094,0.19288981852691975
0.5406006674082313,3.6653800224290203,-2.7022504237890552,-0.37006192734639853,0.14325995496263966,5.625905559926293,0.17774916221897996,3.8086537335635167,-5.1998628345738025,-0.19231276512738305,1.624505422001311,1.1409049638467128,0.3139534883720929,0.29550673518016457,0.2502402880463307,0.6479234693402259,0.19075925981675584
0.5339265850945498,3.662965393976796,-2.6676415190882317,-0.37486296147534404,0.14446530730539475,5.402865014508267,0.18508698575935334,3.8074131604536707,-5.269370879149817,-0.1897759757159747,1.61333335681339,1.1155259877500436,0.31007751937984507,0.29149553328543254,0.2473991229901232,0.6391285704819162,0.18859342733881757
0.5272525027808674,3.6604391118192168,-2.619557750882785,-0.38174382666807105,0.14573052651893803,5.121402727812537,0.19525900483657566,3.8061248017351215,-5.362366707266997,-0.18648482183152737,1.6072182577456304,1.0426434525263255,0.3062015503875967,0.28743431247490797,0.24465353467826298,0.6302240009271562,0.18650045342873708
0.5205784204671859,3.6578423464904817,-2.566076436104074,-0.3897000050077395,0.14707165664692862,4.822719804415972,0.2073518762347213,3.804859091263334,-5.484015694204305,-0.18234812877301465,1.6006284134716677,0.9701369013674758,0.3023255813953489,0.28330597738754676,0.24207296589287047,0.6211722776533322,0.18453327462131597
0.5139043381535044,3.65526818635463,-2.5070302798774526,-0.3988783095387589,0.1484982934987117,4.53057520130099,0.22072252541197024,3.803708562364204,-5.613065020042996,-0.17815578412671584,1.5882897948188488,0.9023862785351806,0.29844961240310103,0.2791086079955465,0.23960008451016757,0.6119691908373609,0.18264818638927355
0.5072302558398221,3.6525612930488824,-2.4457121977269174,-0.40887885374633015,0.15001789725309508,4.27080775264901,0.23414774392027837,3.8025342535273308,-5.723079313099458,-0.17473110982598428,1.562885682117973,0.8474939365707116,0.2945736434108527,0.27485003882638626,0.23725814754717736,0.6026319183422844,0.1808629176578261
0.5005561735261406,3.6497544321515147,-2.387804612679203,-0.41879473500051745,0.15162373613168542,4.063834958629355,0.24607298529103616,3.8013602445477797,-5.789658810671421,-0.17272174970946708,1.5201558244157574,0.8267959288440032,0.29069767441860483,0.2705789999880191,0.23497188809469832,0.5932673050445382,0.1791200921347704
0.4938820912124582,3.6469267702508392,-2.3448280421340155,-0.42647050531257946,0.1533025199711067,3.9095654739809427,0.25578290136211557,3.800239092595797,-5.858656263579246,-0.17068760395051186,1.4697568317807879,0.8505398508035493,0.28682170542635643,0.2663507619005561,0.23263629567052158,0.583996536007226,0.17733965987285144
0.4872080088987767,3.644061234023982,-2.316259318394397,-0.43173058908325856,0.15503796840793174,3.805429601097717,0.26278242007460584,3.7991135397637215,-5.918975067132388,-0.16894816900867227,1.41587287585155,0.899326445973607,0.2829457364341086,0.2622092569488667,0.23011905241585257,0.5749159366938048,0.1754207543928894
0.4805339265850943,3.6411491941844085,-2.299621614650708,-0.4348541488865294,0.15681018297543958,3.747993628062052,0.26680941838128547,3.7979679337885517,-5.950796534909095,-0.1680447305051871,1.3608147368976353,0.9306256158090789,0.27906976744186024,0.2581866358869426,0.22744593902866603,0.566096000347197,0.1733830284330649
0.4738598442714128,3.6382414188063135,-2.300357660233918,-0.4347150085775411,0.15859938444861638,3.728764186546815,0.26818536919227753,3.7968666800843343,-6.004937041186632,-0.16652963938526,1.3126945559807957,0.9733933579695035,0.2751937984496124,0.2543048414668444,0.22471626594322727,0.5575848383041317,0.1713021867692973
0.4671857619577313,3.635350435513265,-2.3125123412190827,-0.43243012466382424,0.16038996543406822,3.7265894485741575,0.26834187500386264,3.7957655574723304,-6.094281595861738,-0.16408824965998292,1.2777713502056616,1.0323069605152566,0.27131782945736455,0.2505648925711017,0.22178200156144656,0.5493846845505892,0.1690653842706064
0.46051167964404893,3.632410073396156,-2.3245678096078572,-0.430187493721121,0.1621812559725834,3.724231952110273,0.26851173956374197,3.794619131202582,-6.1852193311940935,-0.16167575415744295,1.2556703689671465,1.0688324739195818,0.2674418604651162,0.24692714160746912,0.21875413366526145,0.5414086083927461,0.1667572274058243
0.45383759733036744,3.6295749490085827,-2.3390654702859472,-0.4275211671940724,0.1639741043381449,3.7196109089254366,0.2688453240096802,3.7935731131628843,-6.302156521945932,-0.15867584318442596,1.248149734871349,1.1125693058348018,0.26356589147286835,0.24335369839636842,0.21564184915347578,0.5335735324124472,0.16438471938786092
0.44716351501668505,3.6267617905514116,-2.354848635436487,-0.424655744302072,0.16576984761676156,3.7149891805080935,0.26917978799153097,3.7925243204938557,-6.43186267336949,-0.1554759563105108,1.2539754144170674,1.146683937846543,0.25968992248062,0.2398044530904093,0.21239867351618952,0.5257915123824316,0.1619124324957122
0.44048943270300356,3.623988985921384,-2.3658958732994755,-0.42267287046973934,0.1675671604626148,3.713365867339585,0.2692974610434611,3.7915111782725495,-6.519949995510007,-0.15337540942624628,1.2686304936210726,1.122756046669977,0.25581395348837216,0.2362456186048717,0.20914188499159114,0.5179884672664842,0.15942976844036605
0.43381535038932206,3.6211766133930334,-2.377840910166619,-0.4205495816496523,0.16936447446050054,3.7142325046300244,0.26923462619893535,3.7904911221854,-6.608732078208373,-0.15131495545074358,1.2948590247713117,1.0577150341838653,0.2519379844961243,0.23264633863561604,0.20605569994981832,0.5100967420122862,0.15707715616189422
0.4271412680756397,3.6183718019270823,-2.400408298887588,-0.41659579350039166,0.17116094857650493,3.7271799846196036,0.26829935879848854,3.789520626179447,-6.743250449749101,-0.14829643470193332,1.3338632094794556,1.0298480262157934,0.24806201550387594,0.22897497676112877,0.2031894343852208,0.5020469710943037,0.15489218945725372
0.4204671857619582,3.6155721541237886,-2.42690066152031,-0.4120481797444313,0.17294577847115897,3.7631916636063933,0.26573188117707147,3.7885232113189455,-6.8345085939973975,-0.14631629856728523,1.3766758493867142,1.0301908437892515,0.24418604651162812,0.22522640793531395,0.20032899516982533,0.4938279174162149,0.15271166420394744
0.4137931034482758,3.612835998578968,-2.459541485868627,-0.40657984658747637,0.17470798147319555,3.821215991884175,0.2616968007366989,3.7875603385817618,-6.90211883748893,-0.14488304585086098,1.423283874931475,1.0221450611714256,0.24031007751937974,0.2214008777172407,0.19752275052090007,0.4854401193870136,0.15057245170434144
0.4071190211345943,3.610078505839186,-2.5035341311987174,-0.3994353372451087,0.1764389504498469,3.9060747595322,0.2560114850745361,3.7865415182550364,-6.972340966068322,-0.14342385217054243,1.4730355791474972,1.0198701719610097,0.2364341085271319,0.21749926755681695,0.19478134896008392,0.4768855096600522,0.14848266937278912
0.4004449388209119,3.607440434960235,-2.5580989427571894,-0.3909152938870193,0.1781252649224663,4.024392514881282,0.24848470826397495,3.785594745036335,-7.0209639005970175,-0.14243058562300348,1.5198305509744425,1.03749081224133,0.23255813953488355,0.21354543014548838,0.19208513092933935,0.46821638727543613,0.1464273306427034
0.3937708565072304,3.6049051015264766,-2.6232936201436092,-0.38120017992696376,0.17975576524313697,4.168031159218568,0.2399214309586597,3.7846835946889916,-7.078205372729127,-0.14127874896831827,1.5659922015801377,1.0750326205370144,0.2286821705426357,0.20956805038896784,0.18936698460782106,0.4594956463110815,0.14435527588119967
0.38709677419354893,3.602456601238951,-2.6967923439408747,-0.3708109014202705,0.18132777568053499,4.320234071600869,0.23146893974414873,3.7837902673534205,-7.17658907604311,-0.13934196167622304,1.6152001733250796,1.1085297979699493,0.22480620155038786,0.20557676185652932,0.18661369243650897,0.4507444091810757,0.14225642928555668
0.38042269187986655,3.5999777866275298,-2.775237821122217,-0.3603294796536147,0.18284545075696318,4.4768020495640455,0.22337373619130219,3.782814841801137,-7.301628794230849,-0.13695574346235162,1.6646685736021043,1.117482603400778,0.22093023255813948,0.20157296276216077,0.18388062267446856,0.4419657415876521,0.14017299832044422
0.37374860956618505,3.5976165961435553,-2.8517478633811533,-0.3506621370145808,0.18430940508464588,4.6406751989261465,0.2154858845177099,3.7819240136650327,-7.397749098149534,-0.13517625249687626,1.7082709842359154,1.137893880885399,0.21705426356589164,0.19757017021941892,0.18123826666505943,0.4331892809436628,0.13815871884345643
0.36707452725250267,3.595245768051543,-2.920758900931531,-0.34237677053079096,0.18572179181837864,4.804349711400494,0.2081447147003157,3.7809648269305307,-7.449785327458685,-0.13423205583040954,1.7452227960896896,1.1772461917394577,0.2131782945736433,0.19357731498823658,0.1785525891224178,0.42443460869436994,0.1361114151732898
0.3604004449388212,3.5930210479301947,-2.9832023065953144,-0.33521025301877216,0.18708775500278144,4.962903625098613,0.2014949464145861,3.7801056832333786,-7.478575380753611,-0.13371530660418784,1.777872268966596,1.2070018288204518,0.20930232558139544,0.18959450209722187,0.1758579207650872,0.4157019551238653,0.13405725776598676
0.3537263626251388,3.590817503055428,-3.056106505573791,-0.3272137270661801,0.18841137953470236,5.135731244124532,0.19471423882315442,3.7792248044723467,-7.547198960991468,-0.13249948824307012,1.8083011978348242,1.250117327889872,0.2054263565891471,0.18562254018817706,0.17315162201665235,0.4069930932475818,0.13199423446096697
0.3470522803114573,3.5887179840528716,-3.1407988783006076,-0.31839033276179407,0.18968683271788478,5.33262395649735,0.18752494234692563,3.778399440585273,-7.641439778917792,-0.13086539041489686,1.8330367121542497,1.303451786931565,0.20155038759689925,0.18169704939692474,0.1703955724216871,0.39838612322105893,0.12989328586928175
0.3403781979977758,3.586574265541586,-3.2180276763035174,-0.31074934729855386,0.19091449333688587,5.5356875888255574,0.18064603248539868,3.7774884330548044,-7.68619924432112,-0.13010331481308413,1.8473101584541889,1.3604676180478708,0.1976744186046514,0.17783305237090383,0.16761093731745255,0.38991398346731215,0.1277705464195686
0.3337041156840934,3.5845162341153642,-3.2954337055609075,-0.3034501948294519,0.19209812569877996,5.745159364138767,0.17405957548227313,3.7766160932682937,-7.728535538703012,-0.12939061934724805,1.8567568116010402,1.4284380236182466,0.19379844961240303,0.1740347142098192,0.1647487693785672,0.3815858063191437,0.12558870335282812
0.3270300333704119,3.5825023191772116,-3.3883329694351736,-0.29513038093381283,0.19323786920539235,5.988572908545187,0.1669846915569959,3.7757462982678094,-7.803617935668359,-0.1281456893768791,1.8607923112808844,1.5276522095879865,0.18992248062015518,0.170312815180315,0.16182180158245368,0.37342522842145165,0.12335746307312258
0.32035595105672954,3.5805832034737017,-3.499746626369813,-0.28573497077337606,0.19432706485193227,6.2764754158518095,0.1593250883249553,3.7749095488349464,-7.910773909691754,-0.12640988244839946,1.8581705335920473,1.6887536431856356,0.18604651162790684,0.16670388994164306,0.15871493935118744,0.3655123550996162,0.12098908848317942
0.31368186874304804,3.5787148171221737,-3.62260870380027,-0.2760441664458426,0.19536456671362318,6.590865318131749,0.1517251455964299,3.774053138088676,-8.043821397302718,-0.12431902084938429,1.8509144183169506,1.7726575635797563,0.182170542635659,0.1632256879439607,0.15535100387795428,0.35788610352186284,0.11842474584293088
0.30700778642936655,3.5768692923478773,-3.7525402170419153,-0.2664861512898824,0.19635231707346404,6.946050487733248,0.14396670478655516,3.773219394052679,-8.161969618203456,-0.12251944650341784,1.8345712964249483,1.8190336585830598,0.17829457364341114,0.15988281603583349,0.1521781951314253,0.350556574592672,0.11600609993761629
0.30033370411568416,3.575088099770737,-3.8963246399475815,-0.25665212537666093,0.19728625798997315,7.374335555129369,0.13560543760507748,3.7723967006882,-8.261275202234584,-0.12104668777158167,1.805309815018167,2.042409246083267,0.1744186046511628,0.15669835715412758,0.14886960063245586,0.34357437960023557,0.1134839439627145
0.29365962180200267,3.5734684728463812,-4.046848004164262,-0.2471058954947125,0.1981624007789824,7.894733351631292,0.12666672266940715,3.7716398238123943,-8.302946429652438,-0.12043917282528582,1.7591848287307688,2.3503665751958955,0.17054263565891495,0.15369420673383907,0.14510675466881537,0.3369875261346233,0.11061551012085594
0.2869855394883203,3.5718907171000485,-4.210866087595403,-0.23748083629300254,0.198977026256973,8.513826297659818,0.11745600215908425,3.7708592400494942,-8.331609097532889,-0.12002483413391474,1.7023049689492347,2.5075644873133447,0.16666666666666657,0.15088994031989666,0.1410907662478083,0.33083893523104174,0.10755410468288694
0.2803114571746388,3.5703281624794125,-4.38503512677048,-0.22804834421850728,0.19973022283227393,9.2429705538641,0.10819032627794556,3.7700664637184214,-8.343204878425855,-0.11985801794054396,1.6350957345693369,2.621713551782856,0.16279069767441873,0.14829069152710414,0.13715953998993866,0.3251398627734284,0.10455731381048924
0.2736373748609564,3.568765760999011,-4.561951625956732,-0.21920442871646628,0.20042116854321917,10.118558858833216,0.09882830291855527,3.7692173204853483,-8.307295100016375,-0.12037612579791812,1.5538462464464886,2.9124957303531693,0.15891472868217038,0.14590332382524862,0.13310093857974223,0.3199053574988398,0.10146342430554682
0.2669632925472749,3.5673332228717918,-4.730543585351515,-0.21139219668043552,0.20104939928947385,11.110399217339818,0.09000576670902305,3.7684056231912386,-8.238153146408308,-0.1213864299713805,1.4674233730561173,3.303441543375462,0.15503875968992253,0.14373195139408823,0.1285673778052265,0.31514444009379516,0.09800747121169177
0.2602892102335934,3.5659740729867404,-4.902184453121071,-0.20399069222361277,0.20162258033466324,12.195094735592045,0.08200018299828749,3.76760835179182,-8.197359010555314,-0.12199050922527022,1.384281919151883,3.5615724461754876,0.1511627906976747,0.14175167657131035,0.1237531860956044,0.3108025203313265,0.09433759193560395
0.25361512791991103,3.564644588928867,-5.141137711722751,-0.19450947554270215,0.20214395123160891,13.630073963299637,0.07336717340585253,3.7667987930262337,-8.254754799607634,-0.1211423021368887,1.2949926330728907,3.6475958237463955,0.14728682170542634,0.1399520977231632,0.1188657552714735,0.3068567917511237,0.09061188216402555
0.24694104560622954,3.563356156292118,-5.450976111411144,-0.18345338147906887,0.20260189744352897,15.462126452343858,0.06467415740532978,3.766003701812564,-8.418980741779187,-0.11877922407370534,1.2095070019546244,3.6523324934845314,0.1434108527131785,0.13837350095751833,0.11428118484403547,0.30339558504643627,0.08711704418991825
0.24026696329254715,3.5620710958692863,-5.626580869254797,-0.1777278285404691,0.20300723253179126,16.19640172950902,0.061742108938805274,3.765186682252917,-8.621751052063347,-0.11598571960166737,1.1939964884290335,3.7776661169461976,0.13953488372093012,0.1369783571285086,0.10992374741830456,0.300336614396006,0.0837953506907629
0.23359288097886566,3.5608275211261717,-5.459756302258811,-0.1831583581095515,0.20342604127808483,14.505648177947682,0.06893866359727774,3.764397541857965,-8.755057560517155,-0.11421969451231462,1.278567689638289,4.216404796424269,0.13565891472868227,0.13553939299456438,0.10530268327842034,0.29718156402683976,0.08027269340095487
0.22691879866518327,3.559632307023287,-5.0230486157339715,-0.19908228577912723,0.20392743716267814,11.712934636397565,0.08537570054327226,3.763644766437967,-8.794565397654507,-0.11370658523577504,1.4436607403367667,4.684416375171981,0.13178294573643393,0.13382075088275602,0.09937725402331295,0.2934132960753219,0.0757557129114201
0.22024471635150178,3.558431464100848,-4.501991371707586,-0.22212392637720768,0.204565650184113,9.158690310067705,0.1091859169974061,3.7629280257751527,-8.8544149617275,-0.11293800937977494,1.6480227618413126,4.012720460399825,0.12790697674418608,0.13164088374707217,0.09285807164242874,0.28863375331332053,0.07078611183200613
0.21357063403782028,3.557098771179659,-3.9933850117549627,-0.25041412161772314,0.2053848687577491,7.217649661116585,0.13854925730009704,3.762207757510425,-8.939357376420201,-0.11186486431762432,1.8507561675866395,1.5507031562947566,0.12403100775193823,0.12885822562037239,0.08724310288316316,0.28253254040411263,0.06650579672857482
0.2068965517241379,3.55537273205314,-3.540348058047765,-0.28245810400670734,0.20641502847955367,5.839276045499742,0.17125410619535408,3.761474519248834,-8.992482461790368,-0.11120399781140122,2.0162969899969747,0.8312806499380936,0.12015503875968987,0.12538751898445874,0.08500021127997148,0.27492272303994225,0.06479603070562792
0.2002224694104564,3.5531375251538253,-3.159587706396856,-0.31649699040650603,0.20767079676035677,4.880095965238344,0.20491400315140318,3.7606994838123944,-8.961939670189265,-0.11158298725513305,2.1282831948086867,0.5856962029173373,0.11627906976744203,0.12120859158909479,0.08362812047613657,0.2657600718588301,0.06375007991894859
0.19354838709677402,3.5507006040457703,-2.8564834512083794,-0.3500807958740211,0.20915025432807074,4.216414249481871,0.2371683475177715,3.759909190617156,-8.856419416614997,-0.11291244835626912,2.1838627419587144,0.4664797691512497,0.11240310077519367,0.11637245638379437,0.08246803193859055,0.25515643706009616,0.0628657393818117
0.18687430478309253,3.5481802058356555,-2.6319800057526757,-0.37994209599401074,0.21083655890742384,3.763905775945476,0.2656814648206236,3.759147511344782,-8.75192084736818,-0.11426063117340846,2.191457163184226,0.3910316112182905,0.10852713178294582,0.11099649791269812,0.08142513692850062,0.2433691941686676,0.062070735980303014
0.18020022246941103,3.5456075311048854,-2.4809555917390957,-0.4030704956306863,0.21269661425893538,3.465286826855446,0.2885764007325893,3.7584364013360796,-8.73407489608702,-0.11449409489813434,2.1613342928515764,0.3508032655764026,0.10465116279069799,0.1052609539847743,0.0804707736132068,0.230793529799908,0.061343220674741954
0.17352614015572865,3.5429000938749735,-2.387809066996996,-0.4187939537634975,0.21468852421197454,3.2734705126698316,0.30548617931016686,3.757683646342592,-8.825519738826413,-0.11330777445328977,2.1015494777053467,0.3318181023327131,0.10077519379844962,0.09937115071910084,0.07953636623891569,0.21787963880754224,0.06063091786979118
0.16685205784204715,3.540069020552106,-2.3186794513037623,-0.4312799681895285,0.21677429407175192,3.1285512030642173,0.31963676957582265,3.756909898455972,-8.957106321009189,-0.11164319861364902,2.0186835036895854,0.318048647806763,0.09689922480620178,0.09351194818712716,0.0786152796759357,0.20503284250772566,0.059928769577232116
0.16017797552836477,3.5371078208344477,-2.2324531815825632,-0.44793772530141496,0.21895508843323136,2.96916368034984,0.33679517455304975,3.7561328841062216,-8.997454109760072,-0.11114255074835455,1.9177365476766088,0.3050686201958267,0.09302325581395342,0.0877458124902609,0.07770498484730429,0.19239010310240437,0.05923484787069779
0.15350389321468327,3.5340212344457846,-2.124168131700507,-0.47077252740791664,0.22126989150738782,2.7808411804744666,0.35960342036842974,3.7553868517446705,-8.995304780526018,-0.11116910703958638,1.8034770398509896,0.2962107071498931,0.08914728682170557,0.08204195302984298,0.07679137174300942,0.17988390960407385,0.05853839662819478
0.1468298109010009,3.530762553022527,-2.0024054391670396,-0.4993993626065958,0.22375513408887227,2.5729010291496257,0.3886663298240087,3.7546590480527686,-9.030728906014435,-0.11073303278254798,1.6784295304735553,0.29160978324355796,0.08527131782945721,0.07640827970084046,0.07584417387371936,0.16753160512535747,0.05781634357328331
0.1401557285873194,3.527305035742012,-1.8592571100302866,-0.5378492273097777,0.22645787366299203,2.338004124034227,0.42771524212476564,3.7539688607505144,-9.079849406347998,-0.11013398518491613,1.541400723522254,0.2874704508956686,0.08139534883720936,0.07084773736321419,0.07484819710796645,0.15533964652038196,0.05705710615346969
0.1334816462736379,3.523495765933027,-1.6782697002224516,-0.5958517870324727,0.22946434755438605,2.0590712673390223,0.4856558468189007,3.7532374063424436,-9.074744478450505,-0.11019594021348667,1.390247765542682,0.28609158297141146,0.07751937984496153,0.06533748436658052,0.0737813337613749,0.1432579515419424,0.05624383158481291
0.12680756395995552,3.519263249895795,-1.4575206374924148,-0.6860966316884856,0.23294048785857258,1.7388914960627178,0.575079009969425,3.752476137614831,-9.007579017777411,-0.11101762171904284,1.2202919037679347,0.28793862197737224,0.07364341085271317,0.0597941370811073,0.0725720185000909,0.13110369454075504,0.05532196530209455
0.12013348164627402,3.5144793397071292,-1.2340440083693218,-0.8103438720320923,0.2371405968531993,1.431498757237636,0.6985685421967816,3.7516946042544985,-8.946517997068474,-0.11177532983532501,1.0264741608673453,0.2852764304432861,0.06976744186046532,0.05417315700067977,0.07114258979345045,0.11877922108135157,0.05423230558275683
0.11345939933259164,3.5090453150056473,-1.048179377645099,-0.9540351788323278,0.2422650957633129,1.1875216935911754,0.8420898796180367,3.7510222752441114,-8.932934272533135,-0.11194529921425556,0.8175056326269539,0.2800446351355115,0.06589147286821696,0.04866871353832415,0.06949272974535362,0.10671026399737114,0.05297461009322031
0.10678531701891014,3.5024769822764936,-0.9062188748331952,-1.103486175107605,0.2483809511973778,1.0078456425255773,0.9922154324089583,3.7502446946610815,-8.987088391314652,-0.11127074269865034,0.6223350452614939,0.276528117295425,0.062015503875969116,0.043645142072264664,0.06757803846838704,0.09569565936988816,0.051515032606224614
0.10011123470522776,3.494504277783062,-0.7912339685473871,-1.263848671507219,0.2555093507009188,0.867102095366366,1.1532667321919945,3.7494744380718705,-9.043068028936991,-0.11058193931529559,0.4703935299633,0.2708479500113376,0.058139534883720756,0.03930965269208196,0.06542424410581321,0.08618973281703633,0.04987318579726467
0.09343715239154626,3.4848279863274763,-0.6899411924461137,-1.4493988921789196,0.26377494539793844,0.7469066315078363,1.3388554309408462,3.7486938509556507,-9.046215749001211,-0.11054346123796677,0.3760225179814378,0.2619446838165271,0.05426356589147291,0.03555185002768955,0.06301450075172603,0.07795043316816488,0.04803622795900918
0.08676307007786477,3.473773195859192,-0.6021509356929888,-1.6607131878806172,0.27338061340535624,0.6448993096584453,1.5506296642333588,3.7480144957076544,-9.084011547495983,-0.11008352364717666,0.3327951988320346,0.2515569936154505,0.05038759689922507,0.031995823867340914,0.060367183845548136,0.07015354554232797,0.04601816676884071
0.08008898776418238,3.462006856282998,-0.5303254845237526,-1.8856344437190842,0.28447300543219944,0.5628068141000697,1.7768086223316324,3.747303068012448,-9.188995656089867,-0.10882582138748376,0.3136570031916699,0.23937406379574003,0.04651162790697671,0.028191002045994795,0.05744780856311901,0.06181115242155876,0.043792714295334906
0.07341490545050089,3.449544415485338,-0.47481528960832664,-2.1060821373820886,0.29709774740755834,0.5003292133017285,1.9986840132737562,3.7466167046095085,-9.311149596908546,-0.10739812410832883,0.27297631844740583,0.22477914017764675,0.04263565891472886,0.02411541496707527,0.05435325834813639,0.05287508361026154,0.04143372520894697
0.0667408231368185,3.4352289598257384,-0.43402849908154306,-2.303996171025915,0.31115176867945804,0.4552127738036332,2.196774909553337,3.7458560160737084,-9.326508439331516,-0.10722126147260269,0.20856448102526576,0.2124850800139373,0.0387596899224805,0.020436925892227238,0.051136344371220485,0.04480968570367049,0.03898145769470466
0.06006674082313701,3.418205787136457,-0.4120366940371061,-2.426968312462833,0.32642066054953855,0.43126879940037055,2.318739499334022,3.745083451140542,-9.239683695038764,-0.10822881312884647,0.164887006598264,0.20115815747215665,0.03488372093023266,0.017487297989198656,0.047823298769881235,0.03834237746100782,0.03645590862510951
0.053392658509455515,3.3988660428418984,-0.3914454876116034,-2.5546341231354575,0.3421026852445378,0.40891631216991386,2.4454881603854375,3.744362197927808,-9.162042963435116,-0.10914596274989208,0.14620060111116753,0.18679421973301627,0.031007751937984815,0.015004105222661964,0.044613767312795385,0.03289776764067976,0.03400926883783858
0.04671857619577313,3.377918043486318,-0.3648976871984076,-2.740494212714111,0.3590634391086327,0.38000987239453743,2.6315105807613612,3.7437409708404608,-9.175689799304166,-0.10898363195275351,0.13865353265547298,0.17146644350426193,0.027131782945736455,0.012503121604125023,0.041449606336006424,0.027414149875089503,0.031597215165004036
0.040044493882091636,3.3549785452243652,-0.2955955166670729,-3.38300124195149,0.3772285216951903,0.3053833887129248,3.27457234728654,3.742998097594691,-9.23819646492322,-0.10824623656759513,0.13023267943932515,0.15845149878097373,0.02325581395348861,0.009934687736377484,0.03833719992962344,0.021782641742635864,0.029224614226259025
0.03337041156840925,3.3292328727855467,-0.20951973178356348,-4.772820161076822,0.4027729698844277,0.2144178618265703,4.663790560549661,3.742202833037702,-9.208630449144403,-0.10859378118414043,0.10672044267532517,0.14390424260591994,0.01937984496124025,0.0066873095543974565,0.034369307729161934,0.01466249087147059,0.026199872746371592
0.026696329254727758,3.2982539468372183,-0.1494337710964851,-6.691927752758971,0.4394815658849514,0.1519271910043464,6.582100237549916,3.7414324573131332,-9.067488274772353,-0.11028412386065156,0.06173704335025506,0.1242641233849328,0.015503875968992407,0.003202867587718673,0.029289166673351165,0.0070225576347924075,0.022327259127129937
0.020022246941045374,3.2575977859519796,-0.10986097232162122,-9.102413521996425,0.4906319274490567,0.11121607056382736,8.991506307769576,3.7407637462156877,-8.82694041745428,-0.113289537790763,0.003693963434954772,0.10172708277159666,0.011627906976744049,0.0006361090093939479,0.02341385342728267,0.001394722715858985,0.017848482289228827
0.013348164627363879,3.192080486217084,-0.08330363927358261,-12.00427746878907,0.5595016723290382,0.08409008261254326,11.89200877120836,3.7400383807370834,-8.686472690407781,-0.11512152695814848,0.0011071133133450182,0.0799756863253964,0.007751937984496204,0.00039919229077201983,0.01703581860021296,0.000875262805137717,0.012986478603906792
0.0066740823136823835,3.1023048445821746,-0.064945525410849,-15.397519593135087,0.6493684182771906,0.06542957816954478,15.283607627864328,3.739310071253962,-8.749569897893807,-0.11429133222202381,0.0008993459687077607,0.05529116465155231,0.00387596899224836,0.00031775245337480073,0.010610903669925606,0.0006966990849005481,0.00808873801203086
-0.0,2.9603111023614472,-0.05808217805853852,-17.216985199696595,0.7635097830458087,0.05847207388146936,17.10218115449663,3.7384667116676056,-8.851128041970732,-0.1129799495903967,0.0009001860486767247,0.046703482819381546,-0.0,0.0002143142561976607,0.0052443196489536876,0.00046990210331415493,0.003997767674770478
-0.006674082313681495,,,,,,,3.73764879571438,-8.786604262452295,-0.11380960950674535,,,-0.0038759689922478443,,,,
-0.013348164627363879,,,,,,,3.7368627158225545,-8.672242616280801,-0.11531042710021211,,,-0.007751937984496204,,,,
-0.020022246941045374,,,,,,,3.7361515405913805,-8.638056738000046,-0.11576677837746274,,,-0.011627906976744049,,,,
-0.026696329254727758,,,,,,,3.7354638508482445,-8.647341012182316,-0.11564248461939997,,,-0.015503875968992407,,,,
-0.03337041156840925,,,,,,,3.734683333887255,-8.648729704480067,-0.11562391636334723,,,-0.01937984496124025,,,,
-0.04004449388209075,,,,,,,3.7338721141847104,-8.554872380063728,-0.11689245094180478,,,-0.023255813953488098,,,,
-0.04671857619577313,,,,,,,3.733047347643008,-8.382472618660314,-0.11929654237985687,,,-0.027131782945736455,,,,
-0.05339265850945463,,,,,,,3.7322859446477277,-8.25205703052995,-0.12118190607509405,,,-0.0310077519379843,,,,
-0.06006674082313701,,,,,,,3.7314375707594754,-8.181601218783811,-0.12222546336090545,,,-0.03488372093023266,,,,
-0.0667408231368185,,,,,,,3.7306385991713067,-8.205884605432075,-0.12186376583190395,,,-0.0387596899224805,,,,
-0.0734149054505,,,,,,,3.7297982584839295,-8.291080353879057,-0.12061154364909044,,,-0.04263565891472835,,,,
-0.08008898776418238,,,,,,,3.7290054623311715,-8.327175268138781,-0.12008874171607431,,,-0.04651162790697671,,,,
-0.08676307007786388,,,,,,,3.7282183812980714,-8.292255776315319,-0.12059444703288591,,,-0.050387596899224556,,,,
-0.09343715239154626,,,,,,,3.7274394723061364,-8.234948615567598,-0.12143366603521599,,,-0.05426356589147291,,,,
-0.10011123470522776,,,,,,,3.7265928846213474,-8.161669156346338,-0.12252395690683215,,,-0.058139534883720756,,,,
-0.10678531701891014,,,,,,,3.7258075987364974,-8.09727839075067,-0.12349828568846988,,,-0.062015503875969116,,,,
-0.11345939933259164,,,,,,,3.7249817295783787,-8.049432793778253,-0.12423235594599191,,,-0.06589147286821696,,,,
-0.12013348164627313,,,,,,,3.7241198838884655,-7.960718547603747,-0.1256168013000547,,,-0.06976744186046481,,,,
-0.12680756395995552,,,,,,,3.7232478103320577,-7.872535304987903,-0.12702388255615915,,,-0.07364341085271317,,,,
-0.133481646273637,,,,,,,3.7223898912569884,-7.827263894264504,-0.1277585646157604,,,-0.077519379844961,,,,
-0.1401557285873194,,,,,,,3.7215758179582554,-7.770997712790264,-0.12868360498345055,,,-0.08139534883720936,,,,
-0.1468298109010009,,,,,,,3.7207444195968504,-7.717495019445262,-0.12957572340252455,,,-0.08527131782945721,,,,
-0.15350389321468327,,,,,,,3.7198726491539404,-7.717770467654721,-0.12957109882847817,,,-0.08914728682170557,,,,
-0.16017797552836477,,,,,,,3.7189590427065538,-7.723275572764784,-0.12947874131623394,,,-0.09302325581395342,,,,
-0.16685205784204626,,,,,,,3.718094455060465,-7.680624701184674,-0.13019774287965902,,,-0.09689922480620126,,,,
-0.17352614015572865,,,,,,,3.717223992503015,-7.561251496940976,-0.13225323881960094,,,-0.10077519379844962,,,,
-0.18020022246941014,,,,,,,3.7163381831042277,-7.449100057707904,-0.13424440432441997,,,-0.10465116279069746,,,,
-0.18687430478309253,,,,,,,3.7154620063797954,-7.407857314421532,-0.1349918009426574,,,-0.10852713178294582,,,,
-0.19354838709677402,,,,,,,3.714595394440368,-7.413535064935614,-0.13488841574780963,,,-0.11240310077519367,,,,
-0.20022246941045552,,,,,,,3.71368295488195,-7.399768474120515,-0.13513936327836973,,,-0.11627906976744151,,,,
-0.2068965517241379,,,,,,,3.712720376951045,-7.371468401155269,-0.13565818173259458,,,-0.12015503875968987,,,,
-0.2135706340378194,,,,,,,3.7117643782488687,-7.333945950717491,-0.13635224566962734,,,-0.12403100775193772,,,,
-0.22024471635150178,,,,,,,3.710886232516182,-7.242256730347693,-0.1380785074643427,,,-0.12790697674418608,,,,
-0.22691879866518327,,,,,,,3.710012925890117,-7.166015131459753,-0.1395475702541944,,,-0.13178294573643393,,,,
-0.23359288097886566,,,,,,,3.7091248462180277,-7.156692080539338,-0.13972935942280174,,,-0.13565891472868227,,,,
-0.24026696329254715,,,,,,,3.70816672906931,-7.140386752587959,-0.14004843640123,,,-0.13953488372093012,,,,
-0.24694104560622865,,,,,,,3.707207066272548,-7.075800265048057,-0.14132677047706466,,,-0.14341085271317797,,,,
-0.25361512791991103,,,,,,,3.7061997173035874,-7.000214004410755,-0.14285277555370612,,,-0.14728682170542634,,,,
-0.2602892102335925,,,,,,,3.705237846503674,-6.970289966589667,-0.1434660544673534,,,-0.15116279069767416,,,,
-0.2669632925472749,,,,,,,3.704327514099914,-6.965641627538049,-0.14356179279258185,,,-0.15503875968992253,,,,
-0.2736373748609564,,,,,,,3.7033834046332097,-6.978736470350947,-0.14329241464389497,,,-0.15891472868217038,,,,
-0.2803114571746388,,,,,,,3.7023974890255547,-6.990239038160322,-0.1430566243215594,,,-0.16279069767441873,,,,
-0.2869855394883203,,,,,,,3.7014713960108145,-6.9580721579292995,-0.14371796918783275,,,-0.16666666666666657,,,,
-0.2936596218020018,,,,,,,3.7005184786949696,-6.882291712265542,-0.1453004379657159,,,-0.17054263565891442,,,,
-0.30033370411568416,,,,,,,3.6995425569953344,-6.794252654123221,-0.14718322248336335,,,-0.1744186046511628,,,,
-0.30700778642936566,,,,,,,3.698509204044638,-6.752546605956879,-0.1480922766409094,,,-0.17829457364341064,,,,
-0.31368186874304804,,,,,,,3.6975541901760134,-6.7149879361485425,-0.14892059516841982,,,-0.182170542635659,,,,
-0.32035595105672954,,,,,,,3.696531613110276,-6.6586225999066695,-0.15018121015208408,,,-0.18604651162790684,,,,
-0.32703003337041103,,,,,,,3.6955334986144948,-6.634658820930864,-0.1507236509050358,,,-0.18992248062015468,,,,
-0.3337041156840934,,,,,,,3.694527087333721,-6.659094846021576,-0.1501705596816123,,,-0.19379844961240303,,,,
-0.3403781979977749,,,,,,,3.6935483465253847,-6.690946065211918,-0.14945569583937868,,,-0.19767441860465088,,,,
-0.3470522803114573,,,,,,,3.692524191261673,-6.6679021609986355,-0.1499722065283322,,,-0.20155038759689925,,,,
-0.3537263626251388,,,,,,,3.691505659480009,-6.6096870030631845,-0.1512930944440427,,,-0.2054263565891471,,,,
-0.3604004449388212,,,,,,,3.6905223779724716,-6.557241348489936,-0.15250315595449138,,,-0.20930232558139544,,,,
-0.36707452725250267,,,,,,,3.6895261744346635,-6.5352912934647795,-0.15301536765468882,,,-0.2131782945736433,,,,
-0.37374860956618416,,,,,,,3.6885158569061987,-6.537517299434909,-0.15296326635899504,,,-0.21705426356589114,,,,
-0.38042269187986655,,,,,,,3.687466348155075,-6.533826447958601,-0.15304967280121673,,,-0.22093023255813948,,,,
-0.38709677419354804,,,,,,,3.686392920204823,-6.526131765720811,-0.15323012711030515,,,-0.22480620155038733,,,,
-0.3937708565072304,,,,,,,3.6853570866781387,-6.529989101612984,-0.15313961240042318,,,-0.2286821705426357,,,,
-0.4004449388209119,,,,,,,3.684383632530952,-6.556588416022926,-0.15251834285589894,,,-0.23255813953488355,,,,
-0.4071190211345943,,,,,,,3.683413518894147,-6.600212912293842,-0.1515102638791177,,,-0.2364341085271319,,,,
-0.4137931034482758,,,,,,,3.6823705900477126,-6.632050672417139,-0.15078292513038605,,,-0.24031007751937974,,,,
-0.4204671857619573,,,,,,,3.681349048066088,-6.640526777024003,-0.15059046271147736,,,-0.2441860465116276,,,,
-0.4271412680756397,,,,,,,3.6803528728698316,-6.632990918078597,-0.15076155121431611,,,-0.24806201550387594,,,,
-0.4338153503893212,,,,,,,3.6793734569956316,-6.621485672763598,-0.15102350883478266,,,-0.2519379844961238,,,,
-0.44048943270300356,,,,,,,3.6783318161032894,-6.619289511247057,-0.15107361572580658,,,-0.25581395348837216,,,,
-0.44716351501668505,,,,,,,3.6773331600166506,-6.625383057883126,-0.15093466917511478,,,-0.25968992248062,,,,
-0.45383759733036655,,,,,,,3.6762893582156955,-6.644104486103186,-0.15050937294734013,,,-0.26356589147286785,,,,
-0.46051167964404893,,,,,,,3.6753319584171567,-6.649618149164753,-0.15038457510911485,,,-0.2674418604651162,,,,
-0.4671857619577304,,,,,,,3.6743320361540857,-6.635476655680544,-0.1507050739367628,,,-0.27131782945736405,,,,
-0.4738598442714128,,,,,,,3.673337616709274,-6.623868885998231,-0.1509691718255226,,,-0.2751937984496124,,,,
-0.4805339265850943,,,,,,,3.6722791732552356,-6.638084101216738,-0.15064587684520347,,,-0.27906976744186024,,,,
-0.4872080088987767,,,,,,,3.6712987365551677,-6.665866263601829,-0.15001801123139558,,,-0.2829457364341086,,,,
-0.4938820912124582,,,,,,,3.6703235523317237,-6.66783199567009,-0.1499737846798439,,,-0.28682170542635643,,,,
-0.5005561735261397,,,,,,,3.6692927791226233,-6.671937961929201,-0.14988148956211944,,,-0.2906976744186043,,,,
-0.5072302558398221,,,,,,,3.6682655824788264,-6.7247965516170725,-0.14870338341455636,,,-0.2945736434108527,,,,
-0.5139043381535036,,,,,,,3.6672987082247537,-6.801814823481077,-0.14701958608867471,,,-0.29844961240310053,,,,
-0.5205784204671859,,,,,,,3.6663647283671397,-6.826582052487532,-0.1464861906458168,,,-0.3023255813953489,,,,
-0.5272525027808674,,,,,,,3.6653541826842795,-6.787237512534909,-0.1473353478721151,,,-0.3062015503875967,,,,
-0.5339265850945498,,,,,,,3.6643635690424814,-6.775246140916063,-0.14759611373540338,,,-0.31007751937984507,,,,
-0.5406006674082313,,,,,,,3.663390995905385,-6.787164744081771,-0.1473369275251457,,,-0.3139534883720929,,,,
-0.5472747497219128,,,,,,,3.6624513753671133,-6.8002608304304175,-0.14705318294926428,,,-0.31782945736434076,,,,
-0.5539488320355952,,,,,,,3.661448282092751,-6.822691081804033,-0.14656973150476915,,,-0.3217054263565891,,,,
-0.5606229143492767,,,,,,,3.66041543240233,-6.864270394359936,-0.14568190682314253,,,-0.32558139534883695,,,,
-0.5672969966629591,,,,,,,3.6594132064179994,-6.894265313358036,-0.14504808772915112,,,-0.3294573643410853,,,,
-0.5739710789766406,,,,,,,3.6585083281836313,-6.9186678139116715,-0.1445364955937407,,,-0.33333333333333315,,,,
-0.5806451612903221,,,,,,,3.657587016835812,-7.0066366093176145,-0.14272183013889617,,,-0.337209302325581,,,,
-0.5873192436040044,,,,,,,3.65665393831998,-7.138261038015373,-0.14009014165696954,,,-0.34108527131782934,,,,
-0.5939933259176859,,,,,,,3.6556663599681536,-7.247839110897987,-0.1379721575905819,,,-0.3449612403100772,,,,
-0.6006674082313683,,,,,,,3.6547247683793143,-7.278914635526129,-0.13738311960952387,,,-0.3488372093023256,,,,
-0.6073414905450498,,,,,,,3.6538107840350156,-7.278310639247509,-0.137394520454734,,,-0.35271317829457344,,,,
-0.6140155728587322,,,,,,,3.65294727482639,-7.3383749636580555,-0.136269951447332,,,-0.3565891472868218,,,,
-0.6206896551724137,,,,,,,3.6520705223585757,-7.428002714302797,-0.13462569124732227,,,-0.36046511627906963,,,,
-0.6273637374860952,,,,,,,3.6511329665180954,-7.461251660641849,-0.13402577013653172,,,-0.3643410852713175,,,,
-0.6340378197997776,,,,,,,3.650225216515564,-7.425493600224924,-0.13467118198980188,,,-0.3682170542635658,,,,
-0.6407119021134591,,,,,,,3.6493212017690073,-7.399390520774127,-0.13514626605967806,,,-0.37209302325581367,,,,
-0.6473859844271415,,,,,,,3.648466105460644,-7.380945251399247,-0.1354840018370851,,,-0.375968992248062,,,,
-0.654060066740823,,,,,,,3.647560639567454,-7.377611067782737,-0.13554523148650333,,,-0.37984496124030986,,,,
-0.6607341490545053,,,,,,,3.6466294964440813,-7.472236886789922,-0.13382873363769932,,,-0.3837209302325582,,,,
-0.6674082313681868,,,,,,,3.6457008029440123,-7.61334535554443,-0.13134830397149244,,,-0.38759689922480606,,,,
-0.6740823136818683,,,,,,,3.6448540566640335,-7.728045036538784,-0.12939883182252743,,,-0.3914728682170539,,,,
-0.6807563959955507,,,,,,,3.6440136425892287,-7.791571750883375,-0.12834380943570523,,,-0.39534883720930225,,,,
-0.6874304783092322,,,,,,,3.6431190909342823,-7.892994670262866,-0.12669462501571616,,,-0.3992248062015501,,,,
-0.6941045606229146,,,,,,,3.6423138689870407,-8.00597092885249,-0.12490677381754267,,,-0.4031007751937985,,,,
-0.7007786429365961,,,,,,,3.6415403924866383,-8.038502415066274,-0.1244012812791766,,,-0.40697674418604635,,,,
-0.7074527252502776,,,,,,,3.6407058396032355,-8.02817880491213,-0.12456125159894782,,,-0.4108527131782942,,,,
-0.71412680756396,,,,,,,3.6398214579852586,-7.984103576060605,-0.12524887615415992,,,-0.41472868217054254,,,,
-0.7208008898776415,,,,,,,3.6389587024029306,-7.941566587556074,-0.12591974001287554,,,-0.4186046511627904,,,,
-0.7274749721913238,,,,,,,3.638162192288971,-7.882212636171365,-0.12686792987682338,,,-0.42248062015503873,,,,
-0.7341490545050053,,,,,,,3.637286455885665,-7.877971902024705,-0.12693622323570253,,,-0.4263565891472866,,,,
-0.7408231368186877,,,,,,,3.6364690509292883,-7.944615416828496,-0.12587141699543736,,,-0.4302325581395349,,,,
-0.7474972191323692,,,,,,,3.635617583326361,-7.982184951785154,-0.1252789813867139,,,-0.4341085271317828,,,,
-0.7541713014460507,,,,,,,3.634740951794844,-7.943045797221464,-0.12589629035625194,,,-0.4379844961240306,,,,
-0.7608453837597331,,,,,,,3.6339197630785796,-7.853859604957397,-0.12732593276416537,,,-0.44186046511627897,,,,
-0.7675194660734146,,,,,,,3.63310882452028,-7.82342470739924,-0.12782125953793866,,,-0.4457364341085268,,,,
-0.774193548387097,,,,,,,3.6322794095814444,-7.780124793604387,-0.12853264266686892,,,-0.4496124031007752,,,,
-0.7808676307007785,,,,,,,3.6313571005203484,-7.701489859402844,-0.12984500638913232,,,-0.453488372093023,,,,
-0.7875417130144609,,,,,,,3.6304791754107364,-7.615166067017946,-0.13131689988102835,,,-0.4573643410852714,,,,
-0.7942157953281423,,,,,,,3.6295848263274233,-7.478423253853451,-0.13371802665551513,,,-0.46124031007751926,,,,
-0.8008898776418238,,,,,,,3.6287130772872715,-7.34116084990425,-0.13621823856550463,,,-0.4651162790697671,,,,
-0.8075639599555062,,,,,,,3.6278211892036683,-7.251939746662598,-0.13789414073113448,,,-0.46899224806201545,,,,
-0.8142380422691877,,,,,,,3.626874642675867,-7.185619109296918,-0.13916685323692946,,,-0.4728682170542633,,,,
-0.8209121245828701,,,,,,,3.6259355625559277,-7.075785393013208,-0.14132706752064905,,,-0.47674418604651164,,,,
-0.8275862068965516,,,,,,,3.6249590344637848,-6.934052738861553,-0.1442158053392859,,,-0.4806201550387595,,,,
-0.8342602892102331,,,,,,,3.623992230235021,-6.778729979587122,-0.14752025866368967,,,-0.48449612403100734,,,,
-0.8409343715239155,,,,,,,3.6229851882138773,-6.6071391173432685,-0.15135143701985498,,,-0.4883720930232557,,,,
-0.847608453837597,,,,,,,3.6219777266306004,-6.430750292794332,-0.15550285028490407,,,-0.49224806201550353,,,,
-0.8542825361512794,,,,,,,3.620892374533596,-5.844971833329341,-0.17108722308938695,,,-0.4961240310077519,,,,
-0.8609566184649609,,,,,,,3.6197872500153503,-9.03118157876995,-0.1107274824759088,,,-0.4999999999999997,,,,
-0.8676307007786432,,,,,,,3.6185780422741542,6.199050486395434,0.16131502755052907,,,-0.5038759689922481,,,,
-0.8743047830923247,,,,,,,3.6172829229197103,5.165495111471003,0.19359228465424394,,,-0.5077519379844959,,,,
-0.8809788654060062,,,,,,,3.615842431274635,-5.681303333250246,-0.1760159493944684,,,-0.5116279069767438,,,,
-0.8876529477196886,,,,,,,3.614222622777523,-1.4908575246095674,-0.6707549068190701,,,-0.5155038759689922,,,,
-0.8943270300333701,,,,,,,3.612272389866051,-0.746047868902096,-1.3403965639250828,,,-0.51937984496124,,,,
-0.9010011123470525,,,,,,,3.611631548442055,-0.45767827885863704,-2.1849409207135864,,,-0.5232558139534883,,,,
-0.907675194660734,,,,,,,3.5967637141126816,-0.31207207339443055,-3.2043879771840125,,,-0.5271317829457361,,,,
-0.9143492769744164,,,,,,,3.546843505738171,-0.26611051836726785,-3.7578371803397386,,,-0.5310077519379846,,,,
-0.9210233592880979,,,,,,,,,,,,-0.5348837209302324,,,,
-0.9276974416017794,,,,,,,,,,,,-0.5387596899224802,,,,
-0.9343715239154617,,,,,,,,,,,,-0.5426356589147286,,,,
-0.9410456062291432,,,,,,,,,,,,-0.5465116279069765,,,,
-0.9477196885428256,,,,,,,,,,,,-0.5503875968992248,,,,
-0.9543937708565071,,,,,,,,,,,,-0.5542635658914726,,,,
-0.9610678531701886,,,,,,,,,,,,-0.5581395348837205,,,,
-0.967741935483871,,,,,,,,,,,,-0.5620155038759689,,,,
-0.9744160177975525,,,,,,,,,,,,-0.5658914728682167,,,,
-0.9810901001112349,,,,,,,,,,,,-0.569767441860465,,,,
-0.9877641824249164,,,,,,,,,,,,-0.5736434108527129,,,,
-0.9944382647385988,,,,,,,,,,,,-0.5775193798449613,,,,
-1.0011123470522802,,,,,,,,,,,,-0.5813953488372091,,,,
-1.0077864293659617,,,,,,,,,,,,-0.585271317829457,,,,
-1.0144605116796441,,,,,,,,,,,,-0.5891472868217054,,,,
-1.0211345939933256,,,,,,,,,,,,-0.5930232558139532,,,,
-1.027808676307008,,,,,,,,,,,,-0.5968992248062015,,,,
-1.0344827586206895,,,,,,,,,,,,-0.6007751937984493,,,,
-1.041156840934371,,,,,,,,,,,,-0.6046511627906972,,,,
-1.0478309232480534,,,,,,,,,,,,-0.6085271317829456,,,,
-1.0545050055617349,,,,,,,,,,,,-0.6124031007751934,,,,
-1.0611790878754173,,,,,,,,,,,,-0.6162790697674417,,,,
-1.0678531701890988,,,,,,,,,,,,-0.6201550387596896,,,,
-1.0745272525027811,,,,,,,,,,,,-0.624031007751938,,,,
-1.0812013348164626,,,,,,,,,,,,-0.6279069767441858,,,,
-1.0878754171301441,,,,,,,,,,,,-0.6317829457364337,,,,
-1.0945494994438265,,,,,,,,,,,,-0.635658914728682,,,,
-1.101223581757508,,,,,,,,,,,,-0.6395348837209298,,,,
-1.1078976640711904,,,,,,,,,,,,-0.6434108527131782,,,,
-1.1145717463848719,,,,,,,,,,,,-0.6472868217054261,,,,
-1.1212458286985543,,,,,,,,,,,,-0.6511627906976745,,,,
-1.1279199110122358,,,,,,,,,,,,-0.6550387596899223,,,,
-1.1345939933259173,,,,,,,,,,,,-0.6589147286821702,,,,
-1.1412680756395996,,,,,,,,,,,,-0.6627906976744184,,,,
-1.1479421579532811,,,,,,,,,,,,-0.6666666666666663,,,,
-1.1546162402669635,,,,,,,,,,,,-0.6705426356589147,,,,
-1.161290322580645,,,,,,,,,,,,-0.6744186046511625,,,,
-1.1679644048943265,,,,,,,,,,,,-0.6782945736434104,,,,
-1.174638487208009,,,,,,,,,,,,-0.6821705426356587,,,,
-1.1813125695216904,,,,,,,,,,,,-0.6860465116279065,,,,
-1.1879866518353728,,,,,,,,,,,,-0.6899224806201549,,,,
-1.1946607341490543,,,,,,,,,,,,-0.6937984496124028,,,,
-1.2013348164627367,,,,,,,,,,,,-0.6976744186046512,,,,
-1.2080088987764181,,,,,,,,,,,,-0.701550387596899,,,,
-1.2146829810900996,,,,,,,,,,,,-0.7054263565891469,,,,
-1.221357063403782,,,,,,,,,,,,-0.7093023255813952,,,,
-1.2280311457174635,,,,,,,,,,,,-0.713178294573643,,,,
-1.234705228031146,,,,,,,,,,,,-0.7170542635658914,,,,
-1.2413793103448274,,,,,,,,,,,,-0.7209302325581393,,,,
-1.2480533926585098,,,,,,,,,,,,-0.7248062015503876,,,,
-1.2547274749721913,,,,,,,,,,,,-0.7286821705426354,,,,
-1.2614015572858728,,,,,,,,,,,,-0.7325581395348832,,,,
