sto_common,p_si_original,p_si_reconstructed_deformed,si_scale_a,si_shift_b,dUdx_si_original,dUdx_si_reconstructed_deformed,x_anode_common,p_anode_reconstructed,dUdx_anode_reconstructed
0.0,1.0,1.0,0.515796598,0.08,-177.67052081056616,-503.27550203810165,2.423125573639835e-06,1.0000000000000002,-80.7914393213041
0.001001001001001001,0.8221516308202541,0.496220718680579,0.515796598,0.08,-103.3559775420618,-258.7351386161994,0.0010034217010235161,0.9191278843308297,-80.44258589777672
0.002002002002002002,0.7930811260419184,0.4820117345021033,0.515796598,0.08,-25.849677990515602,-12.732908740715715,0.002004420276473392,0.8389541722216426,-75.01372739616187
0.003003003003003003,0.7704005237321347,0.47072940989035733,0.515796598,0.08,-20.680644351403828,-10.33961628034038,0.003005418851923268,0.768950615805343,-60.46713118097165
0.004004004004004004,0.7516784346477164,0.46131180200892935,0.515796598,0.08,-17.360018854395946,-8.76479119540403,0.004006417427373145,0.7178991478742558,-43.03019181476293
0.005005005005005005,0.7356457312308416,0.45318228037002894,0.515796598,0.08,-15.045854006761715,-7.6356092322292,0.005007416002823021,0.6828042943895177,-31.853788746362
0.006006006006006006,0.7215566048043497,0.4460252970395015,0.515796598,0.08,-13.34220781636185,-6.7977103623979644,0.006008414578272897,0.6541279535586764,-27.750158735678326
0.007007007007007007,0.7089346044713585,0.4395732506154785,0.515796598,0.08,-12.037599881106985,-6.170740249115568,0.007009413153722773,0.6272485556636739,-26.108136522324628
0.008008008008008008,0.6974573057430744,0.43367146270693785,0.515796598,0.08,-11.008472629544826,-5.674320929285869,0.00801041172917265,0.6018595386256806,-24.511981017265953
0.009009009009009009,0.6868956202280254,0.4282132487550463,0.515796598,0.08,-10.178196972223645,-5.271186093030337,0.009011410304622526,0.5781756395041986,-22.728341792141407
0.01001001001001001,0.677080535027912,0.423118537595766,0.515796598,0.08,-9.496070479061075,-4.936089683612835,0.010012408880072403,0.5563574631131378,-21.079907955846693
0.011011011011011011,0.6678844681177931,0.41833118732639196,0.515796598,0.08,-8.927552196822944,-4.653119157476908,0.011013407455522279,0.5359737238353645,-19.75890944888141
0.012012012012012012,0.6592075576568951,0.41380298372694335,0.515796598,0.08,-8.447749079156267,-4.417966958078409,0.012014406030972154,0.516800182691591,-18.492951807577953
0.013013013013013013,0.6509720575489116,0.4094864086315403,0.515796598,0.08,-8.03919098528604,-4.221713012854309,0.01301540460642203,0.4989508870048669,-15.700676253037102
0.014014014014014014,0.643113081209876,0.4053511058233311,0.515796598,0.08,-7.689034459625191,-4.053423341159572,0.014016403181871907,0.48536747356581134,-12.771500701484882
0.015015015015015015,0.6355785951672797,0.4013714469875772,0.515796598,0.08,-7.386462975835684,-3.908572215773347,0.015017401757321783,0.47338237898777996,-11.522929769625506
0.016016016016016016,0.6283253675445393,0.3975261364223835,0.515796598,0.08,-7.123856292648156,-3.780781497746659,0.01601840033277166,0.4622986009970031,-10.605227771235207
0.017017017017017015,0.6213166206074235,0.3938023148599563,0.515796598,0.08,-6.895661674795576,-3.670555990471854,0.017019398908221534,0.45215074320512416,-9.795604947703822
0.018018018018018018,0.61452023906647,0.39017767598099834,0.515796598,0.08,-6.696290372244391,-3.5781535336057004,0.018020397483671412,0.4426878278003605,-9.10433760002141
0.01901901901901902,0.6079106338762036,0.38663884432220713,0.515796598,0.08,-6.522129266989566,-3.49825144281499,0.019021396059121287,0.43392388526905185,-8.433787945854817
0.02002002002002002,0.6014629232166411,0.3831741695889764,0.515796598,0.08,-6.370086976115601,-3.429345963809709,0.020022394634571165,0.42580340836146635,-7.864580138781832
0.02102102102102102,0.5951577069970932,0.3797732868371026,0.515796598,0.08,-6.237137326262086,-3.3693658727301,0.02102339321002104,0.41817901823818787,-7.400088409681814
0.022022022022022022,0.588976161802703,0.37642869236629345,0.515796598,0.08,-6.121420285579973,-3.3174660218839733,0.02202439178547092,0.41098845244887705,-7.039117702676236
0.023023023023023025,0.5829026113302664,0.3731317132197173,0.515796598,0.08,-6.020687185833083,-3.274088397281872,0.023025390360920793,0.4040867246525821,-6.734759238491222
0.024024024024024024,0.5769227340032375,0.36987396084020363,0.515796598,0.08,-5.933489528848895,-3.2378571646970897,0.024026388936370668,0.39750548364142185,-6.484820329159277
0.025025025025025023,0.5710237534146531,0.3666495166937972,0.515796598,0.08,-5.858207243163463,-3.2070823241276116,0.025027387511820546,0.3911041328295084,-6.306162307539296
0.026026026026026026,0.5651945913742814,0.36345337560671487,0.515796598,0.08,-5.793501068572027,-3.1808162679435554,0.02602838608727042,0.3848805646686168,-6.1222248837188715
0.02702702702702703,0.5594251526767712,0.36028151615737364,0.515796598,0.08,-5.7378969965983515,-3.1575873464921074,0.0270293846627203,0.3788474560551356,-5.939683434049812
0.028028028028028028,0.5537073100998103,0.35713187941754154,0.515796598,0.08,-5.690228699169211,-3.136871762543933,0.028030383238170174,0.37298933535640266,-5.774027367936839
0.029029029029029027,0.5480333034291852,0.35400149260873714,0.515796598,0.08,-5.649122550844083,-3.1177810016717444,0.029031381813620052,0.3672878697153088,-5.631282318857757
0.03003003003003003,0.5423977554434658,0.3508900756103909,0.515796598,0.08,-5.612915127438782,-3.098181376184101,0.030032380389069926,0.36171552419813735,-5.510066698079129
0.031031031031031032,0.5367962361069855,0.3477989272910512,0.515796598,0.08,-5.580091601899937,-3.0765210644551075,0.031033378964519805,0.35625673188448675,-5.39466353952497
0.03203203203203203,0.5312264008851076,0.3447308742801504,0.515796598,0.08,-5.548716446682192,-3.050386053703761,0.03203437753996968,0.3509154231619455,-5.291161241679333
0.03303303303303303,0.5256876946721863,0.34169204830465727,0.515796598,0.08,-5.51669316144671,-3.0176481287383865,0.03303537611541956,0.3456638421536935,-5.189566271934467
0.03403403403403403,0.5201819701314606,0.3386895366850786,0.515796598,0.08,-5.481595559670893,-2.9771838578720065,0.03403637469086943,0.34052592627112727,-5.054604042332926
0.035035035035035036,0.5147135293875599,0.33573172026086945,0.515796598,0.08,-5.440926083743818,-2.9274609319398905,0.03503737326631931,0.3355445392620166,-4.924314497392288
0.036036036036036036,0.5092892252190606,0.3328287540385523,0.515796598,0.08,-5.391714240910005,-2.8671769991649967,0.03603837184176919,0.33066746267721353,-4.778780585255873
0.037037037037037035,0.5039193066830354,0.32999162616844707,0.515796598,0.08,-5.3313093492196515,-2.795717259091873,0.03703937041721907,0.32597743414555924,-4.603807387996255
0.03803803803803804,0.49861593322863085,0.3272317224888188,0.515796598,0.08,-5.257418992656341,-2.711067578749123,0.03804036899266894,0.32145065340315376,-4.453102843884295
0.03903903903903904,0.493393943334374,0.3245640634482286,0.515796598,0.08,-5.167542988252535,-2.6174182776298665,0.039041367568118816,0.31706233493943936,-4.260101975892098
0.04004004004004004,0.48827050182071785,0.32199164585692724,0.515796598,0.08,-5.060840598765395,-2.5192295719816684,0.040042366143568695,0.3129219413848754,-4.035014887359324
0.04104104104104104,0.48326213032383264,0.31952056080161867,0.515796598,0.08,-4.937387302874384,-2.4168186345875426,0.041043364719018566,0.30898424663110785,-3.8390546026047616
0.04204204204204204,0.4783858425557041,0.3171531701120072,0.515796598,0.08,-4.7974130376966855,-2.3137333612792474,0.042044363294468444,0.30523616500831213,-3.6658491669449234
0.043043043043043044,0.4736576998179334,0.3148884619802388,0.515796598,0.08,-4.644787221365533,-2.20975765164485,0.04304536186991832,0.30164522704325586,-3.5070491807280177
0.044044044044044044,0.4690869692396569,0.31272923086947496,0.515796598,0.08,-4.482217182416008,-2.1086929135122148,0.0440463604453682,0.2982150625404293,-3.3461524571155508
0.04504504504504504,0.46468429204532874,0.3106668545457799,0.515796598,0.08,-4.312923122679223,-2.0157068517859216,0.04504735902081807,0.2949462393576343,-3.212241031519227
0.04604604604604605,0.4604524885135724,0.3086937817167504,0.515796598,0.08,-4.143076977482849,-1.9292289583372622,0.04604835759626795,0.2917841651473245,-3.123165257663686
0.04704704704704705,0.4563898436419596,0.30680453430886845,0.515796598,0.08,-3.9735999770027206,-1.8496013592160807,0.04704935617171783,0.2886936714100025,-3.062712881013965
0.04804804804804805,0.45249733340445786,0.30499087609269415,0.515796598,0.08,-3.80838617208272,-1.7773461185115877,0.0480503547471677,0.28565262268551056,-3.0205186127436434
0.04904904904904905,0.4487654469010533,0.3032462838213578,0.515796598,0.08,-3.6531331877765467,-1.7107657860260588,0.04905135332261758,0.28264660175305006,-2.970808244227271
0.050050050050050046,0.4451837534489493,0.3015659195641135,0.515796598,0.08,-3.505326740035315,-1.6516565718135894,0.050052351898067456,0.27970507304469805,-2.9228984735802896
0.05105105105105105,0.4417477757498315,0.29993966405796724,0.515796598,0.08,-3.367643020500566,-1.6008590315443882,0.051053350473517334,0.27679496733657305,-2.8875875009496212
0.05205205205205205,0.4384417253798791,0.2983609965780386,0.515796598,0.08,-3.242423307486945,-1.5559810603111544,0.052054349048967205,0.2739241310948231,-2.852003762600276
0.05305305305305305,0.43525643779690465,0.2968245868601471,0.515796598,0.08,-3.127793456227664,-1.5165209966166913,0.05305534762441708,0.2710852639294919,-2.8122438890803494
0.05405405405405406,0.43217987661866253,0.2953249185067339,0.515796598,0.08,-3.023371909005533,-1.481977786471873,0.05405634619986696,0.26829402684124903,-2.7394320862240136
0.055055055055055056,0.42920364118227894,0.2938576643647079,0.515796598,0.08,-2.929209695833663,-1.4522037495603115,0.05505734477531684,0.26560092869778806,-2.645134552999508
0.056056056056056056,0.42631559294331983,0.29241760369279934,0.515796598,0.08,-2.8461714922644035,-1.427387789344209,0.05605834335076671,0.26299847500239754,-2.5413020573957112
0.057057057057057055,0.42350560015672456,0.29100003115280754,0.515796598,0.08,-2.772059085946296,-1.4067494025119913,0.05705934192621659,0.2605132492193062,-2.424161107030386
0.058058058058058054,0.4207659251035875,0.2896012885726552,0.515796598,0.08,-2.7063492879956073,-1.3896600485344663,0.05806034050166647,0.2581453113728007,-2.3025020820483917
0.05905905905905906,0.4180874834640406,0.2882179289535393,0.515796598,0.08,-2.6491088682913073,-1.3756676787408537,0.05906133907711634,0.25590364661110454,-2.1792098007424414
0.06006006006006006,0.41546240384574706,0.28684719912572654,0.515796598,0.08,-2.5992322547623985,-1.3642502137730617,0.06006233765256622,0.25378253956050156,-2.05963094551322
0.06106106106106106,0.4128838152863381,0.28548669729433396,0.515796598,0.08,-2.556334436017721,-1.3552829283253232,0.061063336228016095,0.2517802713262821,-1.9432295820739682
0.062062062062062065,0.4103446171870529,0.2841339199899401,0.515796598,0.08,-2.519489589358642,-1.3484578865608796,0.06206433480346597,0.24989219947364535,-1.829862316733454
0.06306306306306306,0.4078397920844189,0.28278708190582363,0.515796598,0.08,-2.4883720192031547,-1.3431226460685934,0.06306533337891584,0.24811689218164293,-1.7259412624437118
0.06406406406406406,0.40536289142288245,0.28144498576357657,0.515796598,0.08,-2.4626083193908244,-1.338752280039472,0.06406633195436572,0.24643686998361272,-1.6281480869928942
0.06506506506506507,0.40290964529885165,0.28010689716099985,0.515796598,0.08,-2.4414034617632865,-1.3347445557091646,0.06506733052981559,0.24485734435024029,-1.5356934514459226
0.06606606606606606,0.4004751968047377,0.2787728244908855,0.515796598,0.08,-2.424110251123011,-1.3306671212924925,0.06606832910526547,0.24336241606916253,-1.4560671522366704
0.06706706706706707,0.39805657172302983,0.2774428989201741,0.515796598,0.08,-2.4100807788691725,-1.3261115237227727,0.06706932768071534,0.2419423020599438,-1.382347292447804
0.06806806806806806,0.39565021026045505,0.2761179465655146,0.515796598,0.08,-2.399166039425296,-1.320471575764543,0.06807032625616521,0.24059496072812808,-1.3139747846522312
0.06906906906906907,0.39325343650896516,0.27479931218190673,0.515796598,0.08,-2.3904003383233317,-1.3131705231380693,0.0690713248316151,0.23931172828471586,-1.253261818373474
0.07007007007007007,0.39086462399754546,0.27348897654922216,0.515796598,0.08,-2.383167133652705,-1.3035844113732935,0.07007232340706497,0.23808593413841297,-1.191377985923495
0.07107107107107107,0.38848233113628705,0.2721895335805588,0.515796598,0.08,-2.376694235379091,-1.2912558007247696,0.07107332198251486,0.2369265929512523,-1.1334593035897598
0.07207207207207207,0.38610647738016995,0.2709038798510745,0.515796598,0.08,-2.3702542860434335,-1.2763959311994597,0.07207432055796473,0.23581675184196552,-1.0873964102256082
0.07307307307307308,0.3837370773103742,0.26963418637095027,0.515796598,0.08,-2.3632867558108615,-1.2589081388631769,0.0730753191334146,0.23474962843608202,-1.04433809602952
0.07407407407407407,0.38137517256373177,0.26838354323673375,0.515796598,0.08,-2.354910077250395,-1.2382423341516926,0.07407631770886448,0.2337259899491383,-1.0022550110972333
0.07507507507507508,0.37902254262118423,0.267155222739015,0.515796598,0.08,-2.344347017547733,-1.2149554772111628,0.07507731628431435,0.2327431167593904,-0.964592594701557
0.07607607607607608,0.37668178514121375,0.26595119993901367,0.515796598,0.08,-2.330847860656206,-1.1886527257778141,0.07607831485976423,0.23179487832276677,-0.9318037129498578
0.07707707707707707,0.3743561805377884,0.2647755376023227,0.515796598,0.08,-2.3137452974518737,-1.1600865420249988,0.07707931343521411,0.23087764838086694,-0.9008232692826397
0.07807807807807808,0.37204966242359244,0.26362870435938407,0.515796598,0.08,-2.292866850807769,-1.1306911980169616,0.07808031201066398,0.22999143270419875,-0.870457687248603
0.07907907907907907,0.3697658565121472,0.2625118915602467,0.515796598,0.08,-2.268030844403995,-1.0994537359884475,0.07908131058611385,0.22913499457101644,-0.8430709850243971
0.08008008008008008,0.3675090601324934,0.2614275957788266,0.515796598,0.08,-2.239108469793564,-1.0672095712282896,0.08008230916156374,0.22830360699417362,-0.8190979725234229
0.08108108108108109,0.36528315687292084,0.26037533586209194,0.515796598,0.08,-2.2046092810698212,-1.034857991406028,0.08108330773701361,0.22749516276371684,-0.795664444328267
0.08208208208208208,0.3630954279381594,0.25935580800824404,0.515796598,0.08,-2.1657569051233736,-1.0020909292742317,0.08208430631246348,0.2267106890435562,-0.77217298053408
0.08308308308308308,0.3609473072130142,0.2583691478154969,0.515796598,0.08,-2.12428203473641,-0.969703968243607,0.08308530488791337,0.2259492746566858,-0.7506012178953512
0.08408408408408408,0.35884261105180026,0.25741445872247104,0.515796598,0.08,-2.0793602818606587,-0.9380478545223525,0.08408630346336324,0.22520798754386787,-0.7313443834051725
0.08508508508508508,0.35678442376584574,0.2564911741327695,0.515796598,0.08,-2.0316538740623002,-0.9069635208503541,0.08508730203881312,0.2244851252847821,-0.7140952891342636
0.08608608608608609,0.3547752359285524,0.25559871593798583,0.515796598,0.08,-1.9810862123208324,-0.8768878160710187,0.086088300614263,0.22377837080955018,-0.6981275866715322
0.08708708708708708,0.35281828520264086,0.2547356429694642,0.515796598,0.08,-1.9286040976415109,-0.8474299469106228,0.08708929918971287,0.22308747584530117,-0.6813047348762922
0.08808808808808809,0.3509141666640049,0.25390215948771433,0.515796598,0.08,-1.8757464102477854,-0.8192513346636616,0.08809029776516275,0.2224144006714333,-0.6652904328800417
0.0890890890890891,0.3490630371340767,0.25309550015732474,0.515796598,0.08,-1.8228256270799932,-0.7928791988226891,0.08909129634061262,0.2217555662941545,-0.6508856503937608
0.09009009009009009,0.34726486610929014,0.2523148137443256,0.515796598,0.08,-1.7701554074667456,-0.7672472000271,0.0900922949160625,0.22111132945378348,-0.6378702637319265
0.09109109109109109,0.3455191824644736,0.25155946972684007,0.515796598,0.08,-1.7173837478913185,-0.7428262848456342,0.09109329349151238,0.22047855184351947,-0.6267771679128629
0.0920920920920921,0.343826660407806,0.2508276740349249,0.515796598,0.08,-1.665685321535591,-0.7189894898830858,0.09209429206696225,0.21985652334937295,-0.6143273859868401
0.09309309309309309,0.34218447711605404,0.2501200513286757,0.515796598,0.08,-1.6140881000193872,-0.6961684913940758,0.09309529064241212,0.21924867016705413,-0.600564877715982
0.0940940940940941,0.3405952528001596,0.24943394332142324,0.515796598,0.08,-1.5641656291124946,-0.6748772758189574,0.094096289217862,0.21865419417525503,-0.5894417039926623
0.09509509509509509,0.3390530143951081,0.2487689456713805,0.515796598,0.08,-1.5170362273942715,-0.6551912631495185,0.09509728779331188,0.21806860955503934,-0.5807602096256375
0.0960960960960961,0.3375581432358068,0.24812224910090372,0.515796598,0.08,-1.4707113466172643,-0.6361717455329199,0.09609828636876175,0.21749151389022855,-0.5723538702515185
0.0970970970970971,0.33610864733481327,0.24749532856320647,0.515796598,0.08,-1.426398976790665,-0.6179495544093498,0.09709928494421163,0.2169227587374893,-0.5635887974266183
0.0980980980980981,0.33470248962861826,0.24688511285583994,0.515796598,0.08,-1.3842096648430413,-0.6006625910880956,0.0981002835196615,0.21636321072350145,-0.5534332613790127
0.0990990990990991,0.333337456814607,0.2462928008533204,0.515796598,0.08,-1.343578079882377,-0.5837169343212736,0.09910128209511139,0.21581478692499534,-0.5440784967299379
0.10010010010010009,0.3320126436228477,0.24571651038472628,0.515796598,0.08,-1.3035754570889253,-0.5683559263807609,0.10010228067056126,0.2152739671231823,-0.5370686431291034
0.1011011011011011,0.33072769613975433,0.24515495115085642,0.515796598,0.08,-1.26517005774852,-0.5532372510038783,0.10110327924601113,0.21473957703161328,-0.5308357441572156
0.1021021021021021,0.3294797706343622,0.24460892830063444,0.515796598,0.08,-1.229694447217156,-0.5387922471499138,0.10210427782146102,0.2142112354757838,-0.5249407279755047
0.1031031031031031,0.3282658453945749,0.24407628799339912,0.515796598,0.08,-1.1955489102638523,-0.5252771328806887,0.10310527639691089,0.21368864718981512,-0.5169557061093286
0.1041041041041041,0.32708627932252266,0.24355732242900144,0.515796598,0.08,-1.1621613699390991,-0.5120098119670473,0.10410627497236076,0.21317629162501156,-0.5076140647117597
0.10510510510510511,0.3259391960053074,0.2430512433247964,0.515796598,0.08,-1.1310087822151615,-0.499758906192568,0.10510727354781065,0.21267240527850548,-0.5008358492466556
0.1061061061061061,0.32482199747624607,0.24255680409828556,0.515796598,0.08,-1.1017173269670764,-0.48838969464097204,0.10610827212326052,0.21217361968175133,-0.4960725879268182
0.10710710710710711,0.3237335557110791,0.24207348617836805,0.515796598,0.08,-1.0735539707898738,-0.477506985734081,0.10710927069871039,0.21167926937083653,-0.4917737569249141
0.10810810810810811,0.3226727402774675,0.24160083415687597,0.515796598,0.08,-1.0465174015164962,-0.46695013088174164,0.10811026927416027,0.21118909002150035,-0.48526249678774036
0.1091091091091091,0.3216384257781131,0.2411386510815077,0.515796598,0.08,-1.0206013785019934,-0.45629986203053363,0.10911126784961014,0.21070777523482903,-0.4741683338649665
0.11011011011011011,0.3206294942744605,0.24068732091957762,0.515796598,0.08,-0.99526233639304,-0.4461176636209956,0.11011226642506003,0.21023980636805578,-0.4654793697684312
0.1111111111111111,0.319645908588137,0.24024552262581003,0.515796598,0.08,-0.9707063137931016,-0.43687947847462283,0.1111132650005099,0.20977588686275006,-0.46192875823901147
0.11211211211211211,0.31868613829089076,0.23981268732903782,0.515796598,0.08,-0.9477456340664787,-0.4280460344338479,0.11211426357595977,0.20931502631014262,-0.45900409874920456
0.11311311311311312,0.3177485199313473,0.23938857360792445,0.515796598,0.08,-0.9261791382842546,-0.41943868130840656,0.11311526215140966,0.2088569619648028,-0.4472926548560707
0.11411411411411411,0.3168319258018332,0.2389729702493413,0.515796598,0.08,-0.905688743349998,-0.4109229420473781,0.11411626072685953,0.2084195476895024,-0.43289265754928863
0.11511511511511512,0.31593532925396994,0.23856590505527706,0.515796598,0.08,-0.8862107482670467,-0.4027940502090246,0.1151172593023094,0.2079903120977437,-0.4277617094917332
0.11611611611611611,0.3150577301096069,0.23816657575442837,0.515796598,0.08,-0.8677178960287506,-0.395070195142182,0.11611825787775928,0.2075631699658359,-0.42024304297721926
0.11711711711711711,0.31419815628894743,0.2377749737336711,0.515796598,0.08,-0.8490153063877699,-0.38776050190696765,0.11711925645320916,0.2071489867230179,-0.40345199860908565
0.11811811811811812,0.3133579997664882,0.2373902784533133,0.515796598,0.08,-0.8306381032200818,-0.38099244348174466,0.11812025502865903,0.20675546021409572,-0.3889379843077734
0.11911911911911911,0.3125352171433617,0.237012226099073,0.515796598,0.08,-0.8138052797401087,-0.3743097195915226,0.11912125360410891,0.206370333986557,-0.36510701862947315
0.12012012012012012,0.3117287599672088,0.2366409096453223,0.515796598,0.08,-0.798132558144033,-0.367658841420635,0.12012225217955878,0.20602451700302604,-0.3306190065680852
0.12112112112112113,0.31093735416409435,0.23627617236249512,0.515796598,0.08,-0.7833287759770258,-0.3615051316781859,0.12112325075500865,0.20570843567737437,-0.303198312468254
0.12212212212212212,0.310160534189477,0.23591717564796855,0.515796598,0.08,-0.7691012860465491,-0.35545747026910135,0.12212424933045854,0.20541751484530696,-0.24760856609762527
0.12312312312312312,0.3093976118496869,0.23556454579538982,0.515796598,0.08,-0.7533399022323124,-0.3495872455995652,0.12312524790590841,0.2052127240335086,-0.19726128692103373
0.12412412412412413,0.3086523461970199,0.23521730128240384,0.515796598,0.08,-0.7383848132251671,-0.34458968145710855,0.1241262464813583,0.2050225983109082,-0.18356898878238326
0.12512512512512514,0.30791936397536224,0.23487467656324346,0.515796598,0.08,-0.725664518059034,-0.3386740248813709,0.12512724505680817,0.20484521944097278,-0.16376434072905965
0.12612612612612611,0.30719956437908397,0.23453927520656528,0.515796598,0.08,-0.7132678071892826,-0.33296991224840156,0.12612824363225805,0.2046947425673496,-0.15032676101016307
0.12712712712712712,0.30649140039740574,0.23420807013231573,0.515796598,0.08,-0.7005791760130364,-0.32848010092493496,0.1271292422077079,0.20454426569372644,-0.14875528999417043
0.12812812812812813,0.3057970034661449,0.23388165738689576,0.515796598,0.08,-0.6886572490336107,-0.32336471648814324,0.1281302407831578,0.20439693490059999,-0.13577468552274752
0.12912912912912913,0.30511270720614725,0.23356069332252966,0.515796598,0.08,-0.6775036581552456,-0.31848565690771125,0.12913123935860768,0.2042724451601456,-0.12436555206730304
0.13013013013013014,0.30444063978615443,0.23324404846415758,0.515796598,0.08,-0.6661412445182577,-0.31406576168184586,0.13013223793405754,0.2041479554196912,-0.12436555206730304
0.13113113113113112,0.3037790911010056,0.23293193303888232,0.515796598,0.08,-0.6563748135809249,-0.30913304643709694,0.13113323650950742,0.20402346567923677,-0.12326874538469212
0.13213213213213212,0.30312657609530175,0.23262516348630555,0.515796598,0.08,-0.6456023866685996,-0.304799691127144,0.1321342350849573,0.20390117174263606,-0.11892573155292041
0.13313313313313313,0.3024865938303978,0.2323217234470362,0.515796598,0.08,-0.6349993977872259,-0.30092389167744216,0.13313523366040717,0.20378537670349914,-0.11567952440377383
0.13413413413413414,0.30185530602966165,0.23202271325271706,0.515796598,0.08,-0.626886195382923,-0.2967834420982456,0.13413623223585705,0.20366958166436225,-0.11567952440378804
0.13513513513513514,0.3012315664122137,0.23172756240179446,0.515796598,0.08,-0.6167834548431301,-0.2930889222320303,0.13513723081130694,0.20355378662522533,-0.11598352147332491
0.13613613613613612,0.30062050431826404,0.23143594864364395,0.515796598,0.08,-0.6071172326713281,-0.2892756893829187,0.1361382293867568,0.20343738298482136,-0.11923302924319046
0.13713713713713713,0.3000161164969558,0.23114843189251932,0.515796598,0.08,-0.599743769234891,-0.28543121379338743,0.13713922796220668,0.2033150824403873,-0.12217853994359018
0.13813813813813813,0.29941981609156754,0.23086451478219572,0.515796598,0.08,-0.5903679632349679,-0.2820013281505709,0.13814022653765656,0.20319278189595322,-0.12217853994359018
0.13913913913913914,0.29883419865264155,0.23058386466899464,0.515796598,0.08,-0.5827050822380215,-0.27862320407855634,0.13914122511310642,0.20307048135151914,-0.1223852950041362
0.14014014014014015,0.29825323935035025,0.23030671056982624,0.515796598,0.08,-0.5744924458591072,-0.27521775965227846,0.1401422236885563,0.2029477668840429,-0.12371246180363471
0.14114114114114115,0.29768406362589656,0.23003287816318427,0.515796598,0.08,-0.5657580900880248,-0.2720106052106246,0.1411432222640062,0.20282280935545746,-0.124832873542573
0.14214214214214213,0.2971205905213452,0.2297621447936288,0.515796598,0.08,-0.5589418234729635,-0.2688108470429711,0.14214422083945608,0.20269785182687203,-0.124832873542573
0.14314314314314314,0.296565060976301,0.2294947183092444,0.515796598,0.08,-0.5510390229783013,-0.2658466591250459,0.14314521941490593,0.2025728942982866,-0.1261769795435157
0.14414414414414414,0.2960174092941614,0.2292299192498349,0.515796598,0.08,-0.5445262563339952,-0.26274053709680345,0.14414621799035582,0.20244524587331675,-0.1306313351847308
0.14514514514514515,0.29547491832097766,0.2289687112279695,0.515796598,0.08,-0.5375173118151508,-0.259875997950914,0.1451472165658057,0.20231137073742853,-0.133741584824989
0.14614614614614616,0.2949412985597967,0.2287096469816649,0.515796598,0.08,-0.5306589661088026,-0.2570504326929637,0.14614821514125556,0.2021774956015403,-0.133741584824989
0.14714714714714713,0.2944125380084475,0.2284540957471027,0.515796598,0.08,-0.5243477985333982,-0.25448403542621634,0.14714921371670545,0.20204362046565205,-0.1357373704403244
0.14814814814814814,0.29389155321738747,0.22820016943326407,0.515796598,0.08,-0.5179090168450386,-0.2515934025036586,0.14815021229215533,0.20190574977264816,-0.1385705316170771
0.14914914914914915,0.2933756831198689,0.22795040525159987,0.515796598,0.08,-0.5120809653652714,-0.24887247388403466,0.1491512108676052,0.20176620265615602,-0.1394079071785086
0.15015015015015015,0.2928663660995391,0.22770192624230504,0.515796598,0.08,-0.5060944361914608,-0.24629378077824526,0.15015220944305507,0.20162665553966388,-0.1409243133357876
0.15115115115115116,0.29236248104541146,0.22745732460940118,0.515796598,0.08,-0.5004509650944158,-0.24370290672118244,0.15115320801850496,0.20148407258236525,-0.1469099795989024
0.15215215215215216,0.2918644622655162,0.2272140325351555,0.515796598,0.08,-0.49483872549149055,-0.24119206154695405,0.15215420659395482,0.20133254217906818,-0.15137923970469558
0.15315315315315314,0.29137181292630937,0.22697445761931723,0.515796598,0.08,-0.48942858983727433,-0.23872731963325577,0.1531552051694047,0.2011810117757711,-0.1517910140199774
0.15415415415415415,0.29088462524882497,0.22673609996331717,0.515796598,0.08,-0.48411974912454525,-0.23652856537765388,0.1541562037448546,0.20102865700146802,-0.15726963237477776
0.15515515515515516,0.2904026042193533,0.2265009269579005,0.515796598,0.08,-0.47898600069649433,-0.23414997294653972,0.15515720232030444,0.20086615841983374,-0.1623364764143247
0.15615615615615616,0.28992569431649967,0.22626733124870949,0.515796598,0.08,-0.4739145940180549,-0.23212203884398264,0.15615820089575433,0.20070365983819943,-0.16329098491941352
0.15715715715715717,0.28945382625335125,0.22603621817142605,0.515796598,0.08,-0.46909515889257136,-0.22987518211594704,0.15715919947120421,0.20053925033325745,-0.17185169788434962
0.15815815815815815,0.2889865648692673,0.2258071206739028,0.515796598,0.08,-0.464201304896676,-0.2279275713634803,0.15816019804665407,0.2003596132286577,-0.17945790234416847
0.15915915915915915,0.28852449431161614,0.22557990671724493,0.515796598,0.08,-0.45972924926340397,-0.22582842979522866,0.15916119662210396,0.20017997612405797,-0.1840106470139915
0.16016016016016016,0.2880661859918631,0.22535501170534378,0.515796598,0.08,-0.4549584978973087,-0.22393122030968016,0.16016219519755384,0.19999122443760045,-0.19458393365162863
0.16116116116116116,0.2876136664879979,0.22513159596587418,0.515796598,0.08,-0.4508621125347929,-0.22198199460217438,0.1611631937730037,0.19979041964327657,-0.2006581504788869
0.16216216216216217,0.2871635591399416,0.22491060330774182,0.515796598,0.08,-0.4461642467516356,-0.22008255845454983,0.16216419234845358,0.19958950739203693,-0.2023206271934157
0.16316316316316315,0.2867204447727794,0.22469099024324243,0.515796598,0.08,-0.44245188470196695,-0.21823915630577062,0.16316519092390347,0.19938537432406708,-0.2039294290485003
0.16416416416416416,0.2862777695809787,0.22447368807990242,0.515796598,0.08,-0.4374826444881421,-0.21627205166205954,0.16416618949935333,0.19918124125609724,-0.20501319291101083
0.16516516516516516,0.285844603642673,0.2242580131628379,0.515796598,0.08,-0.4327327723674159,-0.21460062096261368,0.1651671880748032,0.19897493849596237,-0.20662333517395837
0.16616616616616617,0.2854114377043673,0.22404405720710438,0.515796598,0.08,-0.42930644571634957,-0.21288016374079177,0.1661681866502531,0.19876758192776955,-0.2083818632263501
0.16716716716716717,0.2849851312788765,0.22383182664884232,0.515796598,0.08,-0.42483804509103607,-0.21122948770467076,0.16716918522570298,0.19855775859948405,-0.21189665840962846
0.16816816816816815,0.2845609110875684,0.22362117534983778,0.515796598,0.08,-0.4217376470639067,-0.2096837260429396,0.16817018380115284,0.1983433654213483,-0.21463571417004346
0.16916916916916916,0.28414081166513494,0.2234120394095171,0.515796598,0.08,-0.41763444897387103,-0.20794883628610705,0.16917118237660272,0.19812805851123427,-0.21901317593287217
0.17017017017017017,0.28372480608461775,0.223204861363279,0.515796598,0.08,-0.4145840855743472,-0.2063799872235137,0.1701721809520526,0.1979049016671212,-0.2229342274665953
0.17117117117117117,0.28331081349581694,0.22299886626192247,0.515796598,0.08,-0.4108301735121245,-0.2047989362318816,0.17117317952750247,0.19768174482300813,-0.22976171288759417
0.17217217217217218,0.2829023232547636,0.2227948534829349,0.515796598,0.08,-0.4072992700794771,-0.20321256026386436,0.17217417810295235,0.1974449193725344,-0.23697754311125152
0.17317317317317318,0.2824953995417039,0.22259203430944227,0.515796598,0.08,-0.40400428601023464,-0.20198311067012753,0.17317517667840224,0.19720731645687217,-0.24347355976796337
0.17417417417417416,0.28209350586535376,0.22239048289100274,0.515796598,0.08,-0.4003182960396998,-0.20034539500116466,0.1741761752538521,0.1969574859995595,-0.2501173225931268
0.17517517517517517,0.28169396151159437,0.22219094242755807,0.515796598,0.08,-0.39763644905397655,-0.19902874273651605,0.17517717382930198,0.19670658228965004,-0.2577035536608179
0.17617617617617617,0.28129743689827874,0.22199202694958828,0.515796598,0.08,-0.39436965478779484,-0.1975039723877785,0.17617817240475186,0.1964415642193538,-0.26512417917601283
0.17717717717717718,0.2809044326731803,0.2217955390794344,0.515796598,0.08,-0.3915427610987763,-0.1958627104678783,0.17717917098020172,0.19617580443830504,-0.2671484140734748
0.1781781781781782,0.28051356750668954,0.22159990941111404,0.515796598,0.08,-0.3883124042584143,-0.19493928878280542,0.1781801695556516,0.19590673385551133,-0.2686621216308822
0.17917917917917917,0.2801270304624528,0.22140527023302237,0.515796598,0.08,-0.3849350810008616,-0.19327227726989804,0.1791811681311015,0.19563794363624532,-0.2683056584099859
0.18018018018018017,0.279742926703885,0.2212129779250882,0.515796598,0.08,-0.3824086889223963,-0.19203083092578765,0.18018216670655135,0.19536958669180426,-0.2676701356578519
0.18118118118118118,0.27936144750164715,0.22102082412506283,0.515796598,0.08,-0.3797446191495055,-0.19089706976335208,0.18118316528200124,0.19510206878727732,-0.2669696187814594
0.18218218218218218,0.2789826772160982,0.22083080160924565,0.515796598,0.08,-0.37694045938235377,-0.1892999069514616,0.18218416385745112,0.19483511427562697,-0.26781684527135496
0.1831831831831832,0.27860681194732817,0.22064184533236722,0.515796598,0.08,-0.3740831025527882,-0.18861561265275384,0.18318516243290098,0.19456590022608114,-0.269287362974012
0.1841841841841842,0.27823376209587236,0.220453192775106,0.515796598,0.08,-0.37127980658397064,-0.18715784219939735,0.18418616100835086,0.1942960017421797,-0.2749265327975934
0.18518518518518517,0.2778635090312442,0.2202671549575937,0.515796598,0.08,-0.3687388934962712,-0.18572019423710628,0.18518715958380075,0.1940154980907136,-0.281960361666151
0.18618618618618618,0.2774955460928768,0.22008138057443113,0.515796598,0.08,-0.3667567488498662,-0.18507222564468861,0.1861881581592506,0.1937315179014574,-0.2878996400319238
0.1871871871871872,0.277129261285799,0.21989663999133807,0.515796598,0.08,-0.363713882759896,-0.18365397026204278,0.1871891567347005,0.19343912383162462,-0.2946120233284262
0.1881881881881882,0.27676739017143553,0.21971370495829093,0.515796598,0.08,-0.3608904779754596,-0.1826173376733209,0.18819015531015038,0.19314170547013307,-0.2985632885391567
0.1891891891891892,0.2764067578263887,0.2195310397157158,0.515796598,0.08,-0.3591612722084676,-0.18170193346264796,0.18919115388560023,0.19284140097860597,-0.3014625209082311
0.19019019019019018,0.2760483485854326,0.21934993732373106,0.515796598,0.08,-0.3564655998843307,-0.18039933332475755,0.19019215246105012,0.19253817836217174,-0.30407293295830584
0.19119119119119118,0.2756931129817754,0.2191698798892398,0.515796598,0.08,-0.3542272646246545,-0.17966474055729975,0.1911931510365,0.19223264783315772,-0.3066192298614254
0.1921921921921922,0.2753391848924903,0.21899024815344617,0.515796598,0.08,-0.35189333953920254,-0.17855319192007357,0.19219414961194986,0.1919243275375781,-0.31009297347468134
0.1931931931931932,0.2749886218115267,0.21881241604155197,0.515796598,0.08,-0.349110385132434,-0.17732912501099918,0.19319514818739975,0.1916118425837474,-0.3133588617598946
0.1941941941941942,0.27464026520253554,0.21863523489016087,0.515796598,0.08,-0.3477177055931122,-0.1767210044257297,0.19419614676284963,0.1912969839891256,-0.31625668660065287
0.19519519519519518,0.27429249026879776,0.21845862023689586,0.515796598,0.08,-0.3450425311927745,-0.17563195235395312,0.19519714533829952,0.1909786975982199,-0.3201297571162627
0.1961961961961962,0.27394948936431174,0.21828361936993274,0.515796598,0.08,-0.34220147053471806,-0.17450333686639397,0.19619814391374937,0.1906560851274606,-0.3234581193239734
0.1971971971971972,0.2736074022396992,0.2181092642071333,0.515796598,0.08,-0.34155790158567356,-0.17380829352174487,0.19719914248919926,0.1903311353648979,-0.32602338995724267
0.1981981981981982,0.2732656897615376,0.21793565481833763,0.515796598,0.08,-0.33865019354203696,-0.1728828096114654,0.19820014106464914,0.19000338722963953,-0.32890353292302166
0.1991991991991992,0.2729294238742497,0.21776315247617942,0.515796598,0.08,-0.3359296214005951,-0.17190960967600688,0.199201139640099,0.18967267142906513,-0.3314550999905208
0.20020020020020018,0.2725931579869618,0.21759149143560286,0.515796598,0.08,-0.33544154025190664,-0.17112998010752278,0.20020213821554889,0.18933981506380732,-0.3336932166199915
0.2012012012012012,0.27225786923911066,0.2174205499134016,0.515796598,0.08,-0.3326792390158744,-0.17034393129119962,0.20120313679099877,0.18900461856011733,-0.3379984398947471
0.2022022022022022,0.27192713348442754,0.21725046254412897,0.515796598,0.08,-0.33033644078398083,-0.1693683361412326,0.20220413536644863,0.18866314315012947,-0.34245371014330317
0.2032032032032032,0.2715965350233269,0.2170814741653711,0.515796598,0.08,-0.3295945998695231,-0.16852828112028817,0.2032051339418985,0.18831902720809537,-0.34510873950127063
0.2042042042042042,0.27126728443563974,0.21691306858793222,0.515796598,0.08,-0.327114926160192,-0.16785506998567712,0.2042061325173484,0.1879722364368973,-0.34819097750127526
0.20520520520520522,0.2709416502862695,0.2167454279792136,0.515796598,0.08,-0.32507382068692436,-0.16697062358625203,0.20520713109279826,0.18762194986316882,-0.3518284213930656
0.2062062062062062,0.2706164859958261,0.21657879306523703,0.515796598,0.08,-0.3241198146661759,-0.16616247934518924,0.20620812966824814,0.18726787693966282,-0.3553153052619251
0.2072072072072072,0.27029276176841927,0.2164127703629069,0.515796598,0.08,-0.32189418012652027,-0.1655894449534685,0.20720912824369803,0.18691060963436337,-0.35842422518261685
0.2082082082082082,0.26997205320278,0.2162472826649298,0.515796598,0.08,-0.3199965855713174,-0.16465702455519704,0.20821012681914788,0.18655031266203378,-0.3609005751634271
0.2092092092092092,0.2696521279634717,0.2160831266701037,0.515796598,0.08,-0.3189516421443841,-0.16377624954516534,0.20921112539459777,0.1861880877111281,-0.3628195771335925
0.21021021021021022,0.2693335113766651,0.21591940228546,0.515796598,0.08,-0.3169684766644991,-0.1633023745250739,0.21021212397004765,0.18582394890232168,-0.3651204111140345
0.2112112112112112,0.26901755643861786,0.21575619498937285,0.515796598,0.08,-0.3151278024822659,-0.16241511335206837,0.2112131225454975,0.18545711768834247,-0.36824711083444583
0.2122122122122122,0.26870262488520913,0.21559424690337375,0.515796598,0.08,-0.31407374519065456,-0.16155349390072615,0.2122141211209474,0.18508671923560407,-0.37280374359949064
0.2132132132132132,0.2683887801719699,0.21543276457115318,0.515796598,0.08,-0.3122944013174447,-0.16118871290488812,0.21321511969639728,0.18471076565581152,-0.3780129408669666
0.21421421421421422,0.2680774108685576,0.21527154677743804,0.515796598,0.08,-0.31048639395834243,-0.160351156512192,0.21421611827184714,0.18432993840498518,-0.3827854515244269
0.21521521521521522,0.2677671857896709,0.21511174123479243,0.515796598,0.08,-0.3094703960405525,-0.15946225764236033,0.21521711684729702,0.18394443027245375,-0.3869117961523756
0.21621621621621623,0.2674578505161241,0.21495230301839427,0.515796598,0.08,-0.307833398656328,-0.15916004335241496,0.2162181154227469,0.18355534209143862,-0.38981704910881376
0.2172172172172172,0.2671509027092779,0.21479310250936218,0.515796598,0.08,-0.30608735146276445,-0.15845701360960618,0.21721911399819677,0.18316401765076576,-0.3921343064815517
0.2182182182182182,0.26684506302570815,0.21463507175991658,0.515796598,0.08,-0.3051156982624832,-0.1575786433183879,0.21822011257364665,0.1827702903270925,-0.3946728329322866
0.21921921921921922,0.26654006047051415,0.214477629749966,0.515796598,0.08,-0.3035516351586125,-0.15724888652236757,0.21922111114909654,0.18237388376369779,-0.39686801268035765
0.22022022022022023,0.2662373520444096,0.2143202591742862,0.515796598,0.08,-0.30195288705732537,-0.15669761745627397,0.22022210972454642,0.18197576169642316,-0.39880181889205346
0.22122122122122123,0.26593555018611514,0.2141639208061096,0.515796598,0.08,-0.30083595240969885,-0.15576601740744422,0.22122310829999628,0.1815754836585023,-0.4012864685936819
0.2222222222222222,0.26563507786541124,0.2140084152955926,0.515796598,0.08,-0.2994197612912046,-0.15535000500648266,0.22222410687544616,0.18117238732960397,-0.40455328098889254
0.22322322322322322,0.2653361112245712,0.21385290978507562,0.515796598,0.08,-0.29825005150084394,-0.15501199929764198,0.22322510545089605,0.18076556914257536,-0.40930235412756133
0.22422422422422422,0.26503798066520934,0.2136980809626644,0.515796598,0.08,-0.29683019827803037,-0.1541199070811814,0.2242261040263459,0.18035296518278404,-0.4146209783149857
0.22522522522522523,0.2647418565733639,0.21354436142255073,0.515796598,0.08,-0.29540320011889776,-0.15353262073092822,0.2252271026017958,0.17993549912528545,-0.4197616357047451
0.22622622622622623,0.26444658286717354,0.21339070834858848,0.515796598,0.08,-0.294641440878479,-0.15336538912498554,0.22622810117724568,0.1795126035840461,-0.42457835607871175
0.2272272272272272,0.26415198381885246,0.2132373236064847,0.515796598,0.08,-0.2930429041879279,-0.15259075897974128,0.22722909975269553,0.17908549446608218,-0.4285748688647004
0.22822822822822822,0.26385991038631684,0.213085221343624,0.515796598,0.08,-0.2915153365538288,-0.151876579108972,0.22823009832814542,0.17865459791763175,-0.43325119893449937
0.22922922922922923,0.2635683695314574,0.21293326639105134,0.515796598,0.08,-0.290821237326071,-0.15175662549638957,0.2292310969035953,0.17821812680019142,-0.4391663549360345
0.23023023023023023,0.26327768568696536,0.21278140427556316,0.515796598,0.08,-0.2894651378740889,-0.15111704875408805,0.23023209547904516,0.17777538812627877,-0.44436998078988665
0.23123123123123124,0.26298885974592373,0.212630729756909,0.515796598,0.08,-0.2879587752352393,-0.15039047189628718,0.23123309405449505,0.17732849936470468,-0.44853458926027656
0.23223223223223222,0.26270119164245037,0.21248032224974478,0.515796598,0.08,-0.28701524820144186,-0.15014005751517345,0.23223409262994493,0.1768774231564997,-0.4513553995120674
0.23323323323323322,0.26241425464441936,0.21233014906118292,0.515796598,0.08,-0.2862286904107805,-0.14969243284629385,0.2332350912053948,0.17642488714083832,-0.45294785811030636
0.23423423423423423,0.26212816123121757,0.21218063769950193,0.515796598,0.08,-0.2846913186964741,-0.1490924511287659,0.23423608978084468,0.1759706228350567,-0.4570498649527934
0.23523523523523523,0.26184430205443643,0.21203166567553974,0.515796598,0.08,-0.2834447884248448,-0.1486423420122378,0.23523708835629456,0.17550987461338372,-0.46240471632843594
0.23623623623623624,0.261560704197334,0.21188305543321118,0.515796598,0.08,-0.2832144632101006,-0.148315215135554,0.23623808693174442,0.1750448899104046,-0.4651993707419706
0.23723723723723725,0.2612773061320939,0.21173473831791098,0.515796598,0.08,-0.2817362951429345,-0.14779682505627534,0.2372390855071943,0.17457854679855794,-0.4669059560739015
0.23823823823823823,0.2609966675704213,0.211587165893559,0.515796598,0.08,-0.28013441636664993,-0.14727675609255186,0.2382400840826442,0.17411014551660653,-0.46870413277383705
0.23923923923923923,0.2607164764696982,0.21143988995736535,0.515796598,0.08,-0.27983796885027346,-0.14700919636928234,0.23924108265809405,0.17364020246012976,-0.4704301469314771
0.24024024024024024,0.2604364313965468,0.211292853188115,0.515796598,0.08,-0.27905608755420985,-0.1465319827800471,0.24024208123354393,0.17316834570275236,-0.47242720966214335
0.24124124124124124,0.2601578056237438,0.21114653263448235,0.515796598,0.08,-0.27740371896641136,-0.14604187434211724,0.24124307980899382,0.17269440453237864,-0.475266683174155
0.24224224224224225,0.2598810685958133,0.21100047706330594,0.515796598,0.08,-0.27646029090257684,-0.14570054335639782,0.24224407838444367,0.17221686315712015,-0.47798968560772437
0.24324324324324323,0.2596043315678828,0.21085483985499007,0.515796598,0.08,-0.2764602909025484,-0.14531749356082457,0.24324507695989356,0.1717374705436325,-0.47836548910181875
0.24424424424424424,0.2593275945399523,0.21070955115027126,0.515796598,0.08,-0.2749303118116586,-0.144941859083616,0.24424607553534344,0.17125917681084954,-0.47961857648981265
0.24524524524524524,0.25905392053322485,0.21056466596293077,0.515796598,0.08,-0.2733088119503577,-0.1445071161829503,0.24524707411079333,0.1707772755199813,-0.4836005666907113
0.24624624624624625,0.2587804297512629,0.21042024761436945,0.515796598,0.08,-0.27318036759547226,-0.14414225159825378,0.24624807268624319,0.17029100985416123,-0.4864240964835318
0.24724724724724725,0.258507012890391,0.210276092886658,0.515796598,0.08,-0.2725390418085283,-0.14378321882244904,0.24724907126169307,0.16980345586469225,-0.48738170026825856
0.24824824824824826,0.2582348060439385,0.2101323933224326,0.515796598,0.08,-0.2711215166053478,-0.1434153715859594,0.24825006983714296,0.1693152730788235,-0.48487239514437874
0.24924924924924924,0.2579642270713613,0.20998897502562505,0.515796598,0.08,-0.27020303902708065,-0.142991338025368,0.2492510684125928,0.1688327427110633,-0.4793970030549417
0.2502502502502503,0.2576938590188593,0.2098461243774369,0.515796598,0.08,-0.27004008399293866,-0.14259410735881772,0.2502520669880427,0.1683555216445576,-0.4734927688154187
0.25125125125125125,0.25742360628258654,0.20970350133721896,0.515796598,0.08,-0.2689149216435567,-0.14237696247570852,0.2512530655634926,0.1678848115369232,-0.46943260827264055
0.25225225225225223,0.25715549080736066,0.2095610854135216,0.515796598,0.08,-0.26766227983466706,-0.14197423488005256,0.25225406413894247,0.16741571890025633,-0.4682449368174275
0.25325325325325326,0.2568877458624972,0.20941926863475643,0.515796598,0.08,-0.26722578171919054,-0.14156941866437478,0.2532550627143923,0.16694738650749147,-0.4671948160962387
0.25425425425425424,0.25662050425737226,0.2092776631539332,0.515796598,0.08,-0.2666932909499735,-0.14134336200642394,0.2542560612898422,0.16648039620951655,-0.4654996655016532
0.2552552552552553,0.2563538253600949,0.2091362989410499,0.515796598,0.08,-0.2656285839435384,-0.1410963889500323,0.25525705986529207,0.16601545750341237,-0.46439049431980095
0.25625625625625625,0.2560887153005283,0.20899518790077995,0.515796598,0.08,-0.2646818624660483,-0.14067758565255417,0.25625805844074195,0.16555068776298337,-0.46478281759195283
0.25725725725725723,0.2558239317415443,0.20885466213293669,0.515796598,0.08,-0.2643173579920983,-0.14033006014332727,0.25725905701619184,0.1650849636268061,-0.4666023688534011
0.25825825825825827,0.2555595514206643,0.20871424683943196,0.515796598,0.08,-0.26354851670038215,-0.1402140867086814,0.2582600555916417,0.16461655114993576,-0.46871305366738625
0.25925925925925924,0.2552963070834854,0.20857395325063702,0.515796598,0.08,-0.26264185398297,-0.1398619464865476,0.2592610541670916,0.16414660142877446,-0.4695964211893795
0.2602602602602603,0.2550337419031809,0.20843424294256202,0.515796598,0.08,-0.2619470823368317,-0.1394509428165378,0.26026205274254144,0.16367642045264189,-0.4710136213084013
0.26126126126126126,0.2547718885002284,0.20829477218393722,0.515796598,0.08,-0.2614979854719479,-0.13927502118870905,0.2612630513179913,0.1632036335008801,-0.47364314008387964
0.26226226226226224,0.25451022241274657,0.20815541407131335,0.515796598,0.08,-0.26068110818843593,-0.13911448544591565,0.2622640498934412,0.16272818823565072,-0.47596282034341186
0.26326326326326327,0.2542500043997511,0.20801626470556706,0.515796598,0.08,-0.25986838425994563,-0.13871237740787024,0.2632650484688911,0.16225075729061836,-0.47718651776406773
0.26426426426426425,0.2539899653872011,0.2078777116140403,0.515796598,0.08,-0.2593080299611472,-0.13837827282958415,0.264266047044341,0.16177286218663928,-0.47674265930672277
0.2652652652652653,0.2537308692046337,0.2077392311263287,0.515796598,0.08,-0.2586861497347144,-0.13832364513079654,0.26526704561979086,0.16129631984497395,-0.4751841638522194
0.26626626626626626,0.25347207519754195,0.2076007873995642,0.515796598,0.08,-0.25806037701941875,-0.13806261835537725,0.2662680441952407,0.16082154484445446,-0.47357551605830395
0.26726726726726724,0.25321423181320346,0.2074628294879796,0.515796598,0.08,-0.257366266250628,-0.13763864795703284,0.2672690427706906,0.1603482230110894,-0.47241625378615026
0.2682682682682683,0.25295682741726044,0.2073252345508014,0.515796598,0.08,-0.2567790842038278,-0.13745734224097816,0.26827004134614046,0.15987576885033583,-0.47268318451189373
0.26926926926926925,0.2527001595725551,0.20718763961362321,0.515796598,0.08,-0.2561438508284368,-0.1374073505864004,0.26927103992159035,0.15940191262241835,-0.47450641996823606
0.2702702702702703,0.2524440269151014,0.20705014475983766,0.515796598,0.08,-0.2556060975167753,-0.13706195114245645,0.27027203849704023,0.15892580834947578,-0.47731254733938044
0.27127127127127126,0.25218843565360255,0.20691324131303768,0.515796598,0.08,-0.25491528556077014,-0.13670340204335218,0.2712730370724901,0.1584463342625562,-0.4803013095284143
0.27227227227227224,0.25193368600306787,0.20677646427526641,0.515796598,0.08,-0.2542293844683883,-0.13663270939674987,0.27227403564793995,0.15796424649622648,-0.48007058829097105
0.2732732732732733,0.25167946791692913,0.20663970235528648,0.515796598,0.08,-0.2536856446269553,-0.1365037861313425,0.27327503422338983,0.15748523431256692,-0.4770700739146889
0.27427427427427425,0.2514258068346455,0.2065031834221506,0.515796598,0.08,-0.2532984131409819,-0.13616492165238014,0.2742760327988397,0.15700915356746975,-0.4741579638831297
0.2752752752752753,0.251172363986717,0.206367099909536,0.515796598,0.08,-0.25263239491967227,-0.13592342814544622,0.2752770313742896,0.15653597141979644,-0.4713333058735998
0.27627627627627627,0.2509200362742457,0.2062310644468844,0.515796598,0.08,-0.25195170217654095,-0.1358746437839784,0.2762780299497395,0.15606554563198663,-0.4686295897828927
0.2772772772772773,0.2506679561745518,0.2060950786006592,0.515796598,0.08,-0.2515686731497482,-0.1356668169559896,0.2772790285251894,0.15559777631622376,-0.46605784362071745
0.2782782782782783,0.25041639528695886,0.20595945920773323,0.515796598,0.08,-0.2512829963375367,-0.13538746910768396,0.2782800271006392,0.15513249915690347,-0.4638934967824184
0.27927927927927926,0.250164887112815,0.20582403261645962,0.515796598,0.08,-0.25054784264045793,-0.1352398790390481,0.2792810256760891,0.15466906285734447,-0.46201677368112826
0.2802802802802803,0.24991479800439542,0.2056887086991466,0.515796598,0.08,-0.24982091708464793,-0.13514673561019208,0.280282024251539,0.15420754289232594,-0.46105057847036335
0.28128128128128127,0.24966474513666947,0.20555346858120396,0.515796598,0.08,-0.24962089190982795,-0.1349330444592738,0.28128302282698886,0.15374604091282612,-0.45998646959299094
0.2822822822822823,0.24941505647905046,0.20541857247400294,0.515796598,0.08,-0.24933672213421687,-0.13471851251934197,0.28228402140243875,0.1532866512907483,-0.4585645424564291
0.2832832832832833,0.2491655725197841,0.20528376184943348,0.515796598,0.08,-0.24859848375434979,-0.13461140904698254,0.28328501997788863,0.15282799600532468,-0.45608734657942307
0.28428428428428426,0.24891736181687962,0.20514908016359856,0.515796598,0.08,-0.24793975715930117,-0.13448242692585666,0.2842860185533385,0.15237356572233487,-0.451617243386508
0.2852852852852853,0.24866919662957535,0.20501452776149384,0.515796598,0.08,-0.24782507919415764,-0.13429801284074472,0.28528701712878834,0.15192385957076768,-0.4466543385632491
0.2862862862862863,0.24842121551218654,0.20488021527302647,0.515796598,0.08,-0.24754010355785283,-0.13413177281569233,0.28628801570423823,0.15147936500909429,-0.4415322505234087
0.2872872872872873,0.2481736208466768,0.20474599568378476,0.515796598,0.08,-0.24678667270185883,-0.1340360682757904,0.2872890142796881,0.15103991326318947,-0.43619213939297197
0.2882882882882883,0.24792714809936994,0.20461187479599782,0.515796598,0.08,-0.2462128652397837,-0.13389539745303125,0.288290012855138,0.15060610958878468,-0.4299137260023258
0.28928928928928926,0.24768070219754812,0.20447793683002494,0.515796598,0.08,-0.24616850372764532,-0.13374531530449474,0.2892910114305879,0.15017922720860008,-0.4230853123954432
0.2902902902902903,0.2474343182620774,0.20434411640699987,0.515796598,0.08,-0.24587352437252719,-0.13360726072167495,0.29029201000603777,0.14975909399878148,-0.41644833721359475
0.2912912912912913,0.24718846290951502,0.20421045482657812,0.515796598,0.08,-0.24511403601388793,-0.13349374697780547,0.2912930085814876,0.14934549882400153,-0.4095886376222211
0.2922922922922923,0.24694359947125882,0.20407686165829558,0.515796598,0.08,-0.24461857481792038,-0.1333801564840087,0.2922940071569375,0.14893909871322092,-0.40170785441087276
0.2932932932932933,0.24669873603300263,0.20394342748626976,0.515796598,0.08,-0.2446185748179346,-0.13327517262439414,0.29329500573238737,0.14854128084397691,-0.39386305289036727
0.29429429429429427,0.24645387259474646,0.2038100444958844,0.515796598,0.08,-0.24431853515909552,-0.13315293483800872,0.29429600430783726,0.1481505860034897,-0.3848622840272924
0.2952952952952953,0.24620960983648793,0.20367685504415164,0.515796598,0.08,-0.24359396309445458,-0.13303729507789797,0.29529700288328714,0.1477707876478655,-0.3764001035915072
0.2962962962962963,0.24596619699295574,0.2035437035647975,0.515796598,0.08,-0.2431625029868485,-0.13296492791313597,0.296298001458737,0.14739703406850113,-0.37124552896365515
0.2972972972972973,0.24572279801869648,0.2034106589922735,0.515796598,0.08,-0.24314659911526348,-0.13287612545933314,0.29729900003418686,0.147027555156596,-0.3665978435876127
0.2982982982982983,0.24547941701474696,0.2032776852956096,0.515796598,0.08,-0.24285812079487812,-0.13277498639183705,0.29829999860963674,0.14666310623011278,-0.359045586906106
0.29929929929929927,0.24523659557466268,0.20314484320370127,0.515796598,0.08,-0.24224631234301341,-0.13268582452771227,0.2993009971850866,0.14630874691456683,-0.35083145560984974
0.3003003003003003,0.2449944394124587,0.20301204800926786,0.515796598,0.08,-0.24188304516177084,-0.13263434421131137,0.3003019957605365,0.14596074265553582,-0.3447839873033587
0.3013013013013013,0.24475234523399844,0.20287930898105597,0.515796598,0.08,-0.24181690138962608,-0.13255463570193626,0.3013029943359864,0.14561849035430965,-0.3377663526651702
0.3023023023023023,0.24451032149175878,0.20274667336321797,0.515796598,0.08,-0.24153828119204945,-0.13246483685350086,0.3023039929114363,0.14528453537983035,-0.33126335790664996
0.3033033033033033,0.24426878511149178,0.20261411411248034,0.515796598,0.08,-0.24102924859049324,-0.1324055769293011,0.3033049914868861,0.14495530205558305,-0.32691011237146483
0.30430430430430433,0.24402778045353962,0.20248159713312933,0.515796598,0.08,-0.2407122668688828,-0.13237410604406818,0.304305990062336,0.1446300622662624,-0.32152402645048994
0.3053053053053053,0.24378687867131377,0.20234910088716684,0.515796598,0.08,-0.24060520551765308,-0.1323011685837514,0.3053069886377859,0.14431161187068334,-0.31572326532945283
0.3063063063063063,0.2435460883504012,0.20221672992875744,0.515796598,0.08,-0.24034975161450234,-0.13222340041328096,0.30630798721323577,0.14399798518860008,-0.31195611066783613
0.3073073073073073,0.2433056979874009,0.202084389374828,0.515796598,0.08,-0.2399334843534433,-0.1321957822030555,0.30730898578868565,0.14368707662592056,-0.30894606195170127
0.3083083083083083,0.24306574103437825,0.20195207370813067,0.515796598,0.08,-0.23965134044483705,-0.1321730878851497,0.30830998436413554,0.14337947605279108,-0.3064696088297012
0.30930930930930933,0.2428259155240479,0.2018197785882712,0.515796598,0.08,-0.23951251639896043,-0.13211461980600347,0.3093109829395854,0.14307352534220613,-0.30504626858483164
0.3103103103103103,0.24258623649704297,0.20168757997478529,0.515796598,0.08,-0.23928488813182014,-0.1320615666189866,0.31031198151503525,0.14276877429219162,-0.3033031723470856
0.3113113113113113,0.2423468666989592,0.20155539106751244,0.515796598,0.08,-0.2389517318196397,-0.13205217340188824,0.31131298009048514,0.14246631325530842,-0.301989805114971
0.3123123123123123,0.24210785465155824,0.20142321125926602,0.515796598,0.08,-0.23870056583724875,-0.13203552647227923,0.312313978665935,0.14216419156275067,-0.30157492743678915
0.3133133133133133,0.24186898768827397,0.2012910556791795,0.515796598,0.08,-0.2385390569891257,-0.13199756200683055,0.3133149772413849,0.14186256110979717,-0.30164185399532073
0.31431431431431434,0.24163029898191038,0.20115895187586896,0.515796598,0.08,-0.23833323798842798,-0.13197138417683618,0.3143159758168348,0.14156030543045992,-0.30240327505848086
0.3153153153153153,0.24139184406867747,0.20102684870385046,0.515796598,0.08,-0.2380623194529221,-0.13197065881018943,0.3153169743922847,0.14125715061470734,-0.30420603822881276
0.3163163163163163,0.2411536977417644,0.20089474635272545,0.515796598,0.08,-0.2378334347063742,-0.13196406343563183,0.3163179729677345,0.1409512858086393,-0.30611304956957497
0.3173173173173173,0.24091570105625235,0.20076265638466004,0.515796598,0.08,-0.23765059407445221,-0.13195292008565218,0.3173189715431844,0.14064431316161588,-0.3070107884960578
0.3183183183183183,0.24067792077665034,0.20063057634254391,0.515796598,0.08,-0.2374670532365286,-0.1319479620740509,0.3183199701186343,0.14033665108477472,-0.3077961506294429
0.31931931931931934,0.24044029154026333,0.20049849630042774,0.515796598,0.08,-0.23727029360104268,-0.13194899760661372,0.31932096869408416,0.1400281061449978,-0.30840527243373117
0.3203203203203203,0.2402029051738454,0.20036641418517329,0.515796598,0.08,-0.23708467777225906,-0.13196354974040503,0.32032196726953405,0.1397192246080399,-0.3087309659171069
0.3213213213213213,0.23996564754071928,0.20023430500965617,0.515796598,0.08,-0.23690340239461705,-0.1319821491840969,0.32132296584498393,0.13941002763083724,-0.3094361756997728
0.32232232232232233,0.23972862408797035,0.2001021856582782,0.515796598,0.08,-0.2367421746181293,-0.13198751415718846,0.32232396442043376,0.1390997342659036,-0.31017189408845525
0.3233233233233233,0.23949168923317546,0.19997006574207418,0.515796598,0.08,-0.23660511821893238,-0.13199508979022312,0.32332496299588365,0.138789064382583,-0.31059972857116236
0.32432432432432434,0.23925494016761217,0.19983793122426377,0.515796598,0.08,-0.23646274051058924,-0.13203633205453968,0.32432596157133353,0.1384779144942339,-0.3107016239392095
0.3253253253253253,0.23901829035327435,0.19970572874096396,0.515796598,0.08,-0.23629102586438933,-0.13207670726242782,0.3253269601467834,0.13816704061667678,-0.31049299714239
0.3263263263263263,0.23878188506077658,0.19957351339190654,0.515796598,0.08,-0.2361457408228489,-0.13208715033282203,0.3263279587222333,0.1378563083985805,-0.3103149300993522
0.32732732732732733,0.23854552610738278,0.1994412900015589,0.515796598,0.08,-0.23605373345510827,-0.1321125533567482,0.3273289572976832,0.13754579101073622,-0.3111790777096246
0.3283283283283283,0.23830930501381936,0.1993090237955967,0.515796598,0.08,-0.2359511356012547,-0.13217950727737104,0.328329955873133,0.1372333287715862,-0.31258490852106036
0.32932932932932935,0.23807315146153446,0.199176666363366,0.515796598,0.08,-0.23579262893930775,-0.13223295106543276,0.3293309544485829,0.13691999691446283,-0.3134629528566393
0.3303303303303303,0.23783724769862552,0.19904429316283304,0.515796598,0.08,-0.23565826539194745,-0.13224925529351594,0.3303319530240328,0.13660577683305458,-0.3144067687148464
0.3313313313313313,0.23760136314243147,0.1989119030895051,0.515796598,0.08,-0.2356022828678448,-0.1323045654799273,0.3313329515994827,0.1362905554592721,-0.3151470539021517
0.33233233233233234,0.23736557145664788,0.19877941915786826,0.515796598,0.08,-0.23553828010804523,-0.13239417987175273,0.33233395017493256,0.135974853329028,-0.3154553532855431
0.3333333333333333,0.237129815034107,0.1986468496763484,0.515796598,0.08,-0.23540166205800972,-0.13245581341475088,0.33333494875038244,0.13565901474075837,-0.31536176398010696
0.33433433433433435,0.2368942968579332,0.19851424235423518,0.515796598,0.08,-0.2352802245999328,-0.13248723353569858,0.33433594732583233,0.13534349997603712,-0.31509837911555394
0.3353353353353353,0.2366587835534264,0.19838160996957022,0.515796598,0.08,-0.2352512951883483,-0.13257745135558707,0.33533694590128216,0.1350281886835159,-0.31491879603591144
0.3363363363363363,0.23642332329399257,0.19824882203120098,0.515796598,0.08,-0.23522067840585237,-0.1326839988310411,0.33633794447673204,0.13471303344360847,-0.31545926659046586
0.33733733733733734,0.23618787128434565,0.19811597633827685,0.515796598,0.08,-0.23511446845716932,-0.1327527871604275,0.3373389430521819,0.13439664013057687,-0.3165532734627874
0.3383383383383383,0.23595262365744166,0.1979830506855344,0.515796598,0.08,-0.2350123792771086,-0.13281373734949398,0.3383399416276318,0.13407929469202795,-0.31749003007553256
0.33933933933933935,0.23571737603053766,0.1978500829702098,0.515796598,0.08,-0.2350017413387917,-0.13292144317398424,0.3393409402030817,0.13376102599492656,-0.3189651123002335
0.34034034034034033,0.2354821497008074,0.19771694169019105,0.515796598,0.08,-0.23499101364146213,-0.13303237260193157,0.3403419387785316,0.13344072744596647,-0.3207936265573892
0.34134134134134136,0.23524692355077503,0.19758375189392968,0.515796598,0.08,-0.2349273839613204,-0.13311177784014205,0.3413429373539814,0.13311879806853186,-0.32141601203639425
0.34234234234234234,0.23501182460779171,0.197450451644465,0.515796598,0.08,-0.23486009472978253,-0.13320398393554456,0.3423439359294313,0.13279725350561608,-0.32071666877436655
0.3433433433433433,0.23477673317093564,0.1973170772514161,0.515796598,0.08,-0.23485519160715285,-0.1333183987793518,0.3433449345048812,0.13247672421139953,-0.31991867354123826
0.34434434434434436,0.23454164404401368,0.19718354794320506,0.515796598,0.08,-0.23485390351849844,-0.1334412617108427,0.34434593308033107,0.1321567772326669,-0.32169399303137425
0.34534534534534533,0.2343065551859136,0.1970499275783213,0.515796598,0.08,-0.23483696621144645,-0.1335425935180723,0.34534693165578095,0.13183269375388915,-0.32520945079461683
0.34634634634634637,0.23407149996751433,0.19691619540362937,0.515796598,0.08,-0.23481713277614347,-0.13366332879071763,0.34634793023123084,0.1315057088387304,-0.3280936900349616
0.34734734734734735,0.23383645081599136,0.196782333326488,0.515796598,0.08,-0.23481410237144473,-0.13377690101486905,0.34734892880668067,0.13117585112121097,-0.33233580869462287
0.3483483483483483,0.2336014016644684,0.196648373779976,0.515796598,0.08,-0.23481410237144473,-0.1339173272582599,0.34834992738213055,0.1308403734965818,-0.3368734906167816
0.34934934934934936,0.23336635251294546,0.19651423056921424,0.515796598,0.08,-0.2348402888276837,-0.1340495719401389,0.34935092595758044,0.13050143135278253,-0.3394545976029235
0.35035035035035034,0.2331312509360846,0.1963800062685843,0.515796598,0.08,-0.23487523115845477,-0.1341787437089863,0.3503519245330303,0.1301607863593209,-0.3402641311973298
0.35135135135135137,0.23289613182994556,0.19624560445568273,0.515796598,0.08,-0.23488437229318038,-0.1343058058013895,0.3513529231084802,0.12982022353157208,-0.3401317317831598
0.35235235235235235,0.23266101195251462,0.1961111257764894,0.515796598,0.08,-0.23488492177425258,-0.13447307350554638,0.3523539216839301,0.12947984360136042,-0.33946869500667276
0.3533533533533533,0.23242589174631345,0.19597638909330928,0.515796598,0.08,-0.23493958312576524,-0.13463858895052283,0.3533549202593799,0.12914060817134906,-0.338144524780418
0.35435435435435436,0.23219066243674738,0.19584157905186375,0.515796598,0.08,-0.23502305756790065,-0.1347483130041809,0.3543559188348298,0.1288028792261577,-0.3349525649233982
0.35535535535535534,0.23195537511454586,0.19570662270090847,0.515796598,0.08,-0.23505716027230505,-0.1348990723896577,0.3553569174102797,0.12847003409068586,-0.3290020140161971
0.3563563563563564,0.23172007753129736,0.19557151083887148,0.515796598,0.08,-0.2350656174570247,-0.13511471011398157,0.3563579159857296,0.128144218131457,-0.3222674725177157
0.35735735735735735,0.23148477327779501,0.1954361227807603,0.515796598,0.08,-0.23513785854356684,-0.13529213758043568,0.35735891456117946,0.1278248555288777,-0.3115240969749209
0.35835835835835833,0.23124933106774667,0.19530065570858032,0.515796598,0.08,-0.23526105002495967,-0.13537257225883081,0.35835991313662935,0.12752054777687657,-0.2965567734094634
0.35935935935935936,0.23101378018465196,0.195165106620082,0.515796598,0.08,-0.23532818997669835,-0.1355845823068762,0.35936091171207923,0.12723114971343194,-0.28051086250729895
0.36036036036036034,0.2307782035602858,0.19502921510336133,0.515796598,0.08,-0.23535316438692178,-0.13584366292188577,0.36036191028752906,0.12695896582934052,-0.27737223232146135
0.3613613613613614,0.23054260267837184,0.19489314733495314,0.515796598,0.08,-0.23544035371131145,-0.1359772555995562,0.36136290886297895,0.1266758512945857,-0.28562067690430837
0.36236236236236236,0.23030685150080366,0.19475698836542424,0.515796598,0.08,-0.2355998311496279,-0.13607592513508848,0.36236390743842883,0.12638715404794004,-0.30566530382701274
0.36336336336336333,0.23007093134473897,0.19462072306040842,0.515796598,0.08,-0.23570647810592504,-0.1363664569076093,0.3633649060138787,0.1260639102271951,-0.3246165915614938
0.36436436436436437,0.22983496665975078,0.1944839824456893,0.515796598,0.08,-0.23575827496286195,-0.13664371926218166,0.3643659045893286,0.12573727255649914,-0.3280085063604332
0.36536536536536535,0.22959894280627474,0.1943471620608845,0.515796598,0.08,-0.23586122523559538,-0.13670440989507426,0.3653669031647785,0.12540723813199062,-0.33240308240457495
0.3663663663663664,0.2293627720146345,0.19421029994339686,0.515796598,0.08,-0.236049912908598,-0.1368776577861439,0.3663679017402283,0.12507180253257488,-0.3339431389038907
0.36736736736736736,0.2291263704080593,0.1940731327159673,0.515796598,0.08,-0.23619670221721378,-0.13725225975279898,0.3673689003156782,0.12473868491934254,-0.3313312147688805
0.3683683683683684,0.2288899057439294,0.1939355206445925,0.515796598,0.08,-0.23628623209698674,-0.1374744593034194,0.3683698988911281,0.12440847838460342,-0.3263732680383953
0.36936936936936937,0.22865332489835558,0.1937979085732177,0.515796598,0.08,-0.23640586787864493,-0.1374869045205429,0.369370897466578,0.12408528656659981,-0.31711938746479973
0.37037037037037035,0.22841662072315133,0.19366027158649332,0.515796598,0.08,-0.2366007046469889,-0.13781595670052127,0.37037189604202786,0.12377360627440381,-0.30744254267901994
0.3713713713713714,0.22817964981397726,0.19352200075199544,0.515796598,0.08,-0.23677056787177264,-0.13823262668046254,0.37137289461747774,0.12346978747209104,-0.2936169984673853
0.37237237237237236,0.22794260557225687,0.193383529591137,0.515796598,0.08,-0.23689959073089994,-0.13833587717245166,0.3723738931929276,0.12318578588001636,-0.28042369452786886
0.3733733733733734,0.22770537635906055,0.1932450520489475,0.515796598,0.08,-0.23704257933454187,-0.13842839738452994,0.37337489176837746,0.1229083800346015,-0.2727149467030259
0.3743743743743744,0.22746804585386937,0.19310639566243917,0.515796598,0.08,-0.23724190324951167,-0.1388543031397802,0.37437589034382734,0.12263981133370912,-0.26076337731636556
0.37537537537537535,0.22723041759379625,0.1929670654560751,0.515796598,0.08,-0.2374315988615905,-0.13920801043975928,0.37537688891927723,0.12238633249615513,-0.24887860642595427
0.3763763763763764,0.22699270731760995,0.19282770094684412,0.515796598,0.08,-0.23761192856868263,-0.13924820605471666,0.3763778874947271,0.12214155707272445,-0.22989866126638248
0.37737737737737737,0.22675471803710218,0.19268829026877832,0.515796598,0.08,-0.23779104468532353,-0.13955883295297156,0.377378886070177,0.12192607603130416,-0.20795177276366417
0.3783783783783784,0.22651664917009182,0.19254830388387523,0.515796598,0.08,-0.23798630058064418,-0.14001208467252013,0.37837988464562683,0.12172523821612703,-0.19739265993428745
0.3793793793793794,0.22627826898689063,0.19240798579495944,0.515796598,0.08,-0.2381858285095575,-0.14024002789791723,0.3793808832210767,0.12153089648850723,-0.18532202043046908
0.38038038038038036,0.2260398006645672,0.19226754306726276,0.515796598,0.08,-0.2384259677818079,-0.14036278558859294,0.3803818817965266,0.12135422405922625,-0.17649618452413307
0.3813813813813814,0.22580093972206222,0.1921269792172045,0.515796598,0.08,-0.2386526151058206,-0.14078404669727718,0.3813828803719765,0.12117755162994524,-0.16971334425704043
0.38238238238238237,0.2255620176513423,0.19198569312392486,0.515796598,0.08,-0.23883530211014659,-0.14119075958080884,0.38238387894742637,0.12101445842755398,-0.15722011155818905
0.3833833833833834,0.225322790969089,0.19184431503385957,0.515796598,0.08,-0.23903496702421023,-0.1413165013380251,0.38338487752287626,0.1208627974145416,-0.1515097191264303
0.3843843843843844,0.22508346916881128,0.1917027772053302,0.515796598,0.08,-0.2393434410115134,-0.1416254443337266,0.3843858760983261,0.12071113640152924,-0.15502533679691766
0.38538538538538536,0.22484362492101792,0.19156078061076903,0.515796598,0.08,-0.23962801517045307,-0.14202010893795602,0.38538687467377597,0.12055243713195693,-0.1645921938592707
0.3863863863863864,0.2246037334027043,0.19141845266291188,0.515796598,0.08,-0.2397896395032859,-0.14231841332576778,0.38638787324922585,0.12038162329836265,-0.17064343325115772
0.38738738738738737,0.22436356558267298,0.19127585886236909,0.515796598,0.08,-0.23998192850073963,-0.14254974331642245,0.38738887182467574,0.12021080946476835,-0.17932433493661648
0.3883883883883884,0.22412328910140153,0.19113306779140754,0.515796598,0.08,-0.2403672400573953,-0.14292164019228437,0.3883898704001256,0.12002261649073254,-0.19516282511629157
0.3893893893893894,0.22388234988686234,0.1909897294525747,0.515796598,0.08,-0.2407170365334821,-0.14330638799002315,0.3893908689755755,0.11982009404492398,-0.2027370932130097
0.39039039039039036,0.22364137311234553,0.19084616811575186,0.515796598,0.08,-0.24084910453704822,-0.14356906492579924,0.3903918675510254,0.11961673740773839,-0.20518632867286613
0.3913913913913914,0.22340016949739883,0.19070230389716772,0.515796598,0.08,-0.24103085179189065,-0.14392436336828496,0.3913928661264752,0.11940931159951733,-0.20721888453023496
0.3923923923923924,0.22315882886451385,0.19055803125215165,0.515796598,0.08,-0.24150142047651002,-0.14425024307536205,0.3923938647019251,0.11920188579129626,-0.20802491662275457
0.3933933933933934,0.22291668317011856,0.1904135146217416,0.515796598,0.08,-0.2419182815051073,-0.14464453849333836,0.393394863277375,0.11899284630912241,-0.2089750040523981
0.3943943943943944,0.2226745079806197,0.1902684525965093,0.515796598,0.08,-0.24201236384945446,-0.1450120659326899,0.3943958618528249,0.1187835184285741,-0.20465475784342146
0.39539539539539537,0.2224321739331827,0.19012320017542994,0.515796598,0.08,-0.2421872541017649,-0.14532068795610087,0.39539686042827477,0.1185831280670018,-0.19650411498443532
0.3963963963963964,0.22218964861304863,0.18997752028828888,0.515796598,0.08,-0.24275160410294916,-0.14572710567672686,0.39639785900372465,0.11839011775023517,-0.19194949246012527
0.3973973973973974,0.22194618473577934,0.18983145421811914,0.515796598,0.08,-0.24322952880358173,-0.14609529232610896,0.3973988575791745,0.11819884572997996,-0.1754322405029214
0.3983983983983984,0.2217027026094379,0.18968503722056895,0.515796598,0.08,-0.2432771999807386,-0.14648130181447527,0.39839985615462437,0.11803890290457238,-0.15978326975709223
0.3993993993993994,0.2214591432943764,0.18953819835863067,0.515796598,0.08,-0.24345835701076624,-0.1468283476490626,0.39940085473007425,0.1178789600791648,-0.1597603771318532
0.40040040040040037,0.22121529849129823,0.1893910865746249,0.515796598,0.08,-0.24412499727684178,-0.14726890051598218,0.40040185330552414,0.11771906308472774,-0.15920940754590873
0.4014014014014014,0.2209704045610895,0.18924336572496506,0.515796598,0.08,-0.24464903627850276,-0.14770398146725938,0.401402851880974,0.11756022329886145,-0.15868133058520328
0.4024024024024024,0.22072551063088078,0.18909538290802375,0.515796598,0.08,-0.2446490362785454,-0.14796192449765044,0.4024038504564239,0.11740138351299517,-0.15868697926352837
0.4034034034034034,0.22048061670067204,0.1889471456559007,0.515796598,0.08,-0.24486328754292686,-0.14845996625240332,0.40340484903187374,0.11724253241849096,-0.15927405617629375
0.4044044044044044,0.22023529383900303,0.18879816575836925,0.515796598,0.08,-0.24562614346582734,-0.14898653423080077,0.4044058476073236,0.11708251730631801,-0.1598554844106843
0.40540540540540543,0.21998887266970943,0.1886488743160993,0.515796598,0.08,-0.24617711350239802,-0.14926363061064762,0.4054068461827735,0.11692250219414506,-0.15985548441069142
0.4064064064064064,0.21974244676492413,0.1884993396710606,0.515796598,0.08,-0.24618435784201154,-0.14965600263160184,0.4064078447582234,0.11676248708197211,-0.1558802182281127
0.4074074074074074,0.21949601109244815,0.18834926269921923,0.515796598,0.08,-0.24647112057648712,-0.15025487723747233,0.4074088433336733,0.11661043044137075,-0.15190480692280062
0.4084084084084084,0.21924901108809433,0.18819852910602067,0.515796598,0.08,-0.24722828483784554,-0.15066630088051625,0.40840984190912316,0.11645837409130468,-0.15190466180006723
0.4094094094094094,0.21900105957125124,0.18804762846322218,0.515796598,0.08,-0.24773432851867483,-0.1509185193957876,0.409410840484573,0.1163063177412386,-0.13411977223477578
0.41041041041041043,0.21875304646643537,0.18789638992805116,0.515796598,0.08,-0.24780586904282131,-0.15156684315365965,0.4104118390600229,0.11618986668941135,-0.11276365128603061
0.4114114114114114,0.21850495172531964,0.1877441913397914,0.515796598,0.08,-0.2482349266673367,-0.15211927684194393,0.41141283763547276,0.11608056523263892,-0.10919241990260531
0.4124124124124124,0.21825607964628055,0.18759184683127048,0.515796598,0.08,-0.24902919317786143,-0.1522718425492826,0.41241383621092265,0.11597126377586649,-0.1091924199025982
0.4134134134134134,0.21800639478202063,0.18743934280615923,0.515796598,0.08,-0.24952199366251193,-0.15291404699510736,0.41341483478637253,0.11586196231909406,-0.10843031636541411
0.4144144144144144,0.21775653611542464,0.18728571260305202,0.515796598,0.08,-0.24967700269586146,-0.15361259373318603,0.4144158333618224,0.11575418659143177,-0.10664427021564649
0.41541541541541543,0.2175065409227697,0.18713181008597268,0.515796598,0.08,-0.2502000304973677,-0.15374861456224664,0.4154168319372723,0.11564846079396256,-0.10562032760304874
0.4164164164164164,0.21725563515346794,0.18697790756889335,0.515796598,0.08,-0.2509178186236909,-0.15433006492429513,0.41641783051272213,0.11554273499649335,-0.10562032760306295
0.4174174174174174,0.2170042029475471,0.18682284098702517,0.515796598,0.08,-0.2513436513108189,-0.15521270490887673,0.417418829088172,0.11543700919902414,-0.10562032760306295
0.4184184184184184,0.2167524446603532,0.18666717142292966,0.515796598,0.08,-0.2515704153944114,-0.15551618821690738,0.4184198276636219,0.11533128340155492,-0.0965492201046132
0.4194194194194194,0.216500558472283,0.18651149726687116,0.515796598,0.08,-0.25218526394696994,-0.15590300535353663,0.4194208262390718,0.1152437179354531,-0.08614187271879814
0.42042042042042044,0.216247569257056,0.18635505329409377,0.515796598,0.08,-0.2528685592293982,-0.15671851821362281,0.42042182481452167,0.11515882761779872,-0.08480563283143283
0.4214214214214214,0.21599431511046235,0.18619774647965665,0.515796598,0.08,-0.2532876363174097,-0.15721258926548387,0.42142282338997156,0.11507393730014433,-0.08480563283142573
0.4224224224224224,0.21574048690206618,0.18604031337564436,0.515796598,0.08,-0.25360961246573765,-0.1575205955635539,0.4224238219654214,0.11498904698248995,-0.08480563283143283
0.42342342342342343,0.21548658815857902,0.1858823899319819,0.515796598,0.08,-0.25428012048067217,-0.15829262437645752,0.42342482054087127,0.11490415666483557,-0.0846674007905861
0.4244244244244244,0.2152314175917945,0.1857234112247405,0.515796598,0.08,-0.2549654876324894,-0.15891513909446076,0.42442581911632116,0.11481954308733311,-0.08397105836720442
0.42542542542542544,0.21497614674189738,0.18556424150536638,0.515796598,0.08,-0.2553810701714383,-0.15921759426113624,0.42542681769177104,0.1147360468452264,-0.08341294798465526
0.4264264264264264,0.21472014417803784,0.18540465728227573,0.515796598,0.08,-0.2558874732513914,-0.15993568773825473,0.4264278162672209,0.11465255060311967,-0.08341294798466237
0.4274274274274274,0.21446385950816088,0.18524404993832283,0.515796598,0.08,-0.2564762308638109,-0.1606187942780366,0.4274288148426708,0.11456905436101295,-0.08341294798464816
0.42842842842842843,0.2142066782503826,0.185083098134572,0.515796598,0.08,-0.25711573061234105,-0.16096010808624328,0.42842981341812064,0.11448555811890623,-0.08341294798466237
0.4294294294294294,0.21394911330072874,0.1849218074796917,0.515796598,0.08,-0.2576382843686815,-0.16167144946338396,0.4294308119935705,0.11440206187679952,-0.08229046970320297
0.43043043043043044,0.21369088588928414,0.18475943156907979,0.515796598,0.08,-0.2582345311982266,-0.16240480665081236,0.4304318105690204,0.11432081283301422,-0.07968428302177699
0.4314314314314314,0.2134321272522838,0.184596672731642,0.515796598,0.08,-0.25876334586763505,-0.16281138368327674,0.4314328091444703,0.11424253416921842,-0.07820057462181751
0.43243243243243246,0.21317284115281243,0.18443348285299718,0.515796598,0.08,-0.2594378688866783,-0.16348335985523477,0.4324338077199202,0.11416425550542261,-0.07820057462182461
0.43343343343343343,0.2129127321193775,0.18426937871791776,0.515796598,0.08,-0.2600757526638091,-0.16420111281392735,0.43343480629537007,0.11408597684162682,-0.0782005746218104
0.4344344344344344,0.2126521689753073,0.18410475189641273,0.515796598,0.08,-0.2606691567575723,-0.16468593204602655,0.4344358048708199,0.11400769817783102,-0.07820057462183172
0.43543543543543545,0.2123908719456887,0.1839396771522601,0.515796598,0.08,-0.2611296005027981,-0.16537068108820563,0.4354368034462698,0.11392941951403521,-0.0781291798399053
0.4364364364364364,0.21212938699231867,0.18377367946180168,0.515796598,0.08,-0.26195014178520637,-0.16611213032902583,0.43643780202171967,0.1138512837823894,-0.07787276645737506
0.43743743743743746,0.21186644723741005,0.1836071203347846,0.515796598,0.08,-0.2627588606119957,-0.16668523706481153,0.43743880059716955,0.11377351845745486,-0.07768774785677834
0.43843843843843844,0.21160334322732965,0.1834399752834937,0.515796598,0.08,-0.26317729789217026,-0.1673236931345059,0.43843979917261944,0.11369575313252031,-0.07768774785677834
0.4394394394394394,0.21133956576014848,0.18327213796614697,0.515796598,0.08,-0.2637793993860953,-0.16803850761259298,0.4394407977480693,0.11361798780758577,-0.07768774785677834
0.44044044044044045,0.21107525634167182,0.18310356185483992,0.515796598,0.08,-0.2646723698937876,-0.16868862412005114,0.4404417963235192,0.11354022248265122,-0.07768774785677124
0.44144144144144143,0.21080969114574646,0.18293442300294366,0.515796598,0.08,-0.2654442369861414,-0.16933343669475676,0.44144279489896904,0.11346245715771668,-0.07780126970596513
0.44244244244244246,0.2105438364478057,0.18276455597557117,0.515796598,0.08,-0.26574294787124586,-0.1701109024471208,0.4424437934744189,0.11338446456236351,-0.07912803191158702
0.44344344344344344,0.2102776732320903,0.1825938606356821,0.515796598,0.08,-0.26659369315633796,-0.1708395720794158,0.4434447920498688,0.11330404306327338,-0.08034127226802212
0.4444444444444444,0.2100101153403856,0.182422534810247,0.515796598,0.08,-0.26762618233253477,-0.17141540218619866,0.4444457906253187,0.11322362156418327,-0.08034127226801502
0.44544544544544545,0.2097418850792724,0.18225068665733138,0.515796598,0.08,-0.268142771448467,-0.17219377924055834,0.4454467892007686,0.11314320006509314,-0.08034127226801502
0.44644644644644643,0.20947329297512338,0.18207780251947506,0.515796598,0.08,-0.2684504886085648,-0.1730103465921502,0.44644778777621846,0.11306277856600302,-0.08034127226802212
0.44744744744744747,0.2092044466636397,0.18190431959708683,0.515796598,0.08,-0.2696550880906301,-0.1734823937345027,0.4474487863516683,0.1129823570669129,-0.08038399326788692
0.44844844844844844,0.2089334429489159,0.18173049041990644,0.515796598,0.08,-0.27076500841218376,-0.17439681509476657,0.4484497849271182,0.1129018500405028,-0.08082337820400909
0.4494494494494494,0.20866237457472642,0.18155517682412434,0.515796598,0.08,-0.2708693515979519,-0.17532461877426897,0.44945078350256806,0.11282054889402238,-0.08122004214030198
0.45045045045045046,0.20839116196473584,0.18137949018212016,0.515796598,0.08,-0.27165381867074245,-0.1757176577380477,0.45045178207801795,0.11273924774754195,-0.08122004214030909
0.45145145145145144,0.20811852308589607,0.18120338972154562,0.515796598,0.08,-0.2729883511936322,-0.1767240395306402,0.45145278065346783,0.11265794660106153,-0.08122004214030198
0.45245245245245247,0.20784463873912298,0.181025688301178,0.515796598,0.08,-0.2736104624262907,-0.17764601129334778,0.4524537792289177,0.1125766454545811,-0.08122004214029488
0.45345345345345345,0.2075707543923499,0.18084774205128867,0.515796598,0.08,-0.2736372949494523,-0.17812339513142206,0.45345477780436755,0.11249534430810068,-0.08061132168253238
0.4544544544544544,0.20729681632681177,0.18066908490752148,0.515796598,0.08,-0.2752073509816739,-0.17920610106143897,0.45445577637981743,0.11241526181824242,-0.07710661592152945
0.45545545545545546,0.20701978872471896,0.18048897107819273,0.515796598,0.08,-0.2767520041954583,-0.17997817658647364,0.4554567749552673,0.11234097708271025,-0.07421063061831745
0.45645645645645644,0.20674275826035435,0.1803087682376787,0.515796598,0.08,-0.2767571346818869,-0.1805954242015133,0.4564577735307172,0.11226669234717808,-0.07421063061831745
0.4574574574574575,0.20646572038701752,0.18012741867738893,0.515796598,0.08,-0.2775457903990457,-0.1817417412562179,0.4574587721061671,0.11219240761164591,-0.07421063061830324
0.45845845845845845,0.2061871110323282,0.17994492090783637,0.515796598,0.08,-0.2789985733669482,-0.182315271782997,0.458459770681617,0.11211812287611375,-0.07421063061829614
0.45945945945945943,0.2059071646845812,0.17976242313828386,0.515796598,0.08,-0.27977070863497033,-0.18315092694139423,0.4594607692570668,0.11204383814058158,-0.07421063061831745
0.46046046046046046,0.20562700951353952,0.17957825238543118,0.515796598,0.08,-0.2800344003025117,-0.18426356384537712,0.4604617678325167,0.11196955340504941,-0.07350338263320566
0.46146146146146144,0.2053465352545461,0.17939352711456935,0.515796598,0.08,-0.28140492891087376,-0.18470635084874232,0.4614627664079666,0.1118966845779684,-0.0724793475173513
0.4624624624624625,0.20506363628248672,0.17920846990124956,0.515796598,0.08,-0.2827166744326206,-0.1857229189962908,0.46246376498341646,0.11182444995782059,-0.07216256038660873
0.46346346346346345,0.2047805359063326,0.1790217094589211,0.515796598,0.08,-0.2829688465600526,-0.1867331231263165,0.46346476355886634,0.11175221533767278,-0.07216256038660163
0.46446446446446443,0.20449713208516931,0.1788346298149106,0.515796598,0.08,-0.28400369295950156,-0.1873302026179573,0.46446576213431623,0.11167998071752498,-0.07216256038660163
0.46546546546546547,0.20421195994445174,0.17864667401824452,0.515796598,0.08,-0.2852721212357494,-0.18833846532729126,0.4654667607097661,0.11160774609737717,-0.07216256038659452
0.46646646646646645,0.20392601672733995,0.17845757583027133,0.515796598,0.08,-0.2860384031660175,-0.18915239703349584,0.46646775928521594,0.11153551147722937,-0.07223509718057386
0.4674674674674675,0.20363931048866396,0.1782679905407,0.515796598,0.08,-0.28681190661022526,-0.18998550291138372,0.46746875786066583,0.11146313163862671,-0.07530707352152177
0.46846846846846846,0.20335181871610825,0.17807722447309135,0.515796598,0.08,-0.287981059942382,-0.1909661496825663,0.4684697564361157,0.11138474693059668,-0.07830651306852587
0.4694694694694695,0.20306277183012067,0.17788567592672092,0.515796598,0.08,-0.28911204687049974,-0.19172698490393714,0.4694707550115656,0.11130636222256664,-0.07830651306852587
0.47047047047047047,0.20277301581947058,0.17769338666547582,0.515796598,0.08,-0.2896511905102841,-0.19264462438408714,0.4704717535870155,0.1112279775145366,-0.07830651306851877
0.47147147147147145,0.20248288956683683,0.17750000100302907,0.515796598,0.08,-0.29089367605342886,-0.1935656350786843,0.47147275216246537,0.11114959280650656,-0.07830651306851166
0.4724724724724725,0.20219064609764192,0.17730586787652952,0.515796598,0.08,-0.2921962428116558,-0.19443053407316313,0.4724737507379152,0.11107120809847654,-0.07830651306852587
0.47347347347347346,0.20189791210375038,0.17711075068456422,0.515796598,0.08,-0.2928740000432839,-0.1953536015204662,0.4734747493133651,0.1109928233904465,-0.07991539530387115
0.4744744744744745,0.20160431176322097,0.1769147695751873,0.515796598,0.08,-0.2939978527947744,-0.19621649738198244,0.47447574788881497,0.11091121770476516,-0.08174434748479342
0.4754754754754755,0.2013093278138709,0.17671792486397964,0.515796598,0.08,-0.2950323634611607,-0.1970933857177073,0.47547674646426485,0.11082917143967978,-0.08196441743036331
0.47647647647647645,0.20101365638091634,0.1765201882223991,0.515796598,0.08,-0.2961322138390159,-0.19807407592574577,0.47647774503971474,0.11074712517459441,-0.08196441743036331
0.4774774774774775,0.20071647052890793,0.17632138016743165,0.515796598,0.08,-0.29728498315537877,-0.19899616494318195,0.4774787436151646,0.11066507890950904,-0.0819644174303562
0.47847847847847846,0.20041849124947408,0.17612179750179208,0.515796598,0.08,-0.2981262977466912,-0.19982528498321983,0.47847974219061445,0.11058303264442366,-0.08199929411038198
0.4794794794794795,0.20011962108396963,0.17592132954684464,0.515796598,0.08,-0.2994252717664949,-0.2007796634257062,0.47948074076606434,0.11050091655632428,-0.08551240302386276
0.4804804804804805,0.19981904125594752,0.17571983621365247,0.515796598,0.08,-0.3006043620090395,-0.2016163360104457,0.4804817393415142,0.1104118370572033,-0.08899063525734618
0.48148148148148145,0.199517810549417,0.17551769323851543,0.515796598,0.08,-0.30146095549308427,-0.2026238765122912,0.4814827379169641,0.11032275755808231,-0.0889906352573604
0.4824824824824825,0.19921551581952496,0.1753141828072215,0.515796598,0.08,-0.3027642911187911,-0.20360858971730522,0.482483736492414,0.11023367805896131,-0.0889906352573604
0.48348348348348347,0.19891167583246244,0.17511006843427654,0.515796598,0.08,-0.3039732447713277,-0.20444040556714071,0.4834847350678639,0.11014459855984032,-0.08899063525733908
0.4844844844844845,0.19860696077493775,0.174904892705986,0.515796598,0.08,-0.3049469039659414,-0.20551166861426395,0.4844857336433137,0.11005551906071934,-0.09076846904995506
0.4854854854854855,0.19830117152021828,0.17469863366227598,0.515796598,0.08,-0.30616145033582143,-0.20630827324266932,0.4854867322187636,0.1099628803434108,-0.09371373487076085
0.48648648648648646,0.19799402493842963,0.1744918631299246,0.515796598,0.08,-0.307490910203839,-0.20732230938567398,0.4864877307942135,0.1098679044305079,-0.09488116689898618
0.4874874874874875,0.1976855741023928,0.1742835739838262,0.515796598,0.08,-0.30856847318740677,-0.20821714976803207,0.48748872936966336,0.10977292851760499,-0.09488116689898618
0.48848848848848847,0.1973762702373537,0.1740750119792378,0.515796598,0.08,-0.3096067845882402,-0.20905281749249127,0.48848972794511325,0.10967795260470208,-0.09488116689898618
0.4894894894894895,0.19706574069981378,0.17386504982468212,0.515796598,0.08,-0.31113331822798784,-0.21007702977692588,0.48949072652056314,0.10958297669179917,-0.09313873714151555
0.4904904904904905,0.19675338071137172,0.17365443734504973,0.515796598,0.08,-0.3123159409099827,-0.21076408567120097,0.490491725096013,0.10949148911830636,-0.08986940366922624
0.49149149149149146,0.19644048356085486,0.17344309970321825,0.515796598,0.08,-0.313171110140928,-0.21180922021893878,0.49149272367146285,0.10940305840170031,-0.088342499954436
0.4924924924924925,0.1961264115219004,0.17323039486212896,0.515796598,0.08,-0.3149509605840848,-0.2126334623650905,0.49249372224691274,0.10931462768509424,-0.08834249995442178
0.4934934934934935,0.19580995110723304,0.17301740708587068,0.515796598,0.08,-0.31627439321162854,-0.21347993434524426,0.4934947208223626,0.10922619696848819,-0.08834249995442889
0.4944944944944945,0.19549322955350878,0.17280300760618256,0.515796598,0.08,-0.3169627342528827,-0.21439025617145546,0.4944957193978125,0.10913776625188212,-0.08810130051029574
0.4954954954954955,0.19517539107869872,0.1725881973638057,0.515796598,0.08,-0.3189394112079924,-0.21514587630177573,0.4954967179732624,0.10904981841587601,-0.0853287153027793
0.4964964964964965,0.19485471221375306,0.17237228513110395,0.515796598,0.08,-0.3203626936722088,-0.21606857602345997,0.4964977165487123,0.10896693840695601,-0.08279732953940311
0.4974974974974975,0.19453402432460018,0.172155627642037,0.515796598,0.08,-0.32091065090988025,-0.21679002920447488,0.4974987151241621,0.10888405839803601,-0.08279732953942442
0.4984984984984985,0.19421224844816773,0.17193827105862253,0.515796598,0.08,-0.3229508399425498,-0.21764844246051496,0.498499713699612,0.108801178389116,-0.08279732953941021
0.4994994994994995,0.193887476096487,0.17171989502449847,0.515796598,0.08,-0.3244475793290462,-0.21840131970910193,0.4995007122750619,0.108718298380196,-0.08279732953941021
0.5005005005005005,0.19356270374480625,0.17150103117932503,0.515796598,0.08,-0.3250219825495293,-0.21918525439009784,0.5005017108505118,0.108635418371276,-0.08424880521959466
0.5015015015015015,0.19323678143672815,0.17128108570640016,0.515796598,0.08,-0.32693558738047557,-0.2199854281975604,0.5015027094259616,0.10854963251217967,-0.08950215447283227
0.5025025025025025,0.19290817804434485,0.17106061991166224,0.515796598,0.08,-0.32840318377390076,-0.22071191889529018,0.5025037080014115,0.108456235313022,-0.09330402804589966
0.5035035035035035,0.19257931760534897,0.1708392200029061,0.515796598,0.08,-0.3292125388739606,-0.22148938279180186,0.5035047065768614,0.10836283811386431,-0.09330402804589966
0.5045045045045045,0.19224909388243502,0.1706171977238909,0.515796598,0.08,-0.3310077170854271,-0.2221507699975689,0.5045057051523113,0.10826944091470664,-0.09330402804589255
0.5055055055055055,0.19191663949306584,0.1703944737166247,0.515796598,0.08,-0.332413465426157,-0.22284665612859555,0.5055067037277612,0.10817604371554897,-0.09452064843902264
0.5065065065065065,0.19158360145915937,0.17017105827218196,0.515796598,0.08,-0.3335007442680933,-0.22350485732214054,0.506507702303211,0.10808021084583053,-0.10466572053947232
0.5075075075075075,0.191248970335372,0.1699470165448086,0.515796598,0.08,-0.3351665200999321,-0.22414506645314702,0.5075087008786608,0.1079665032412321,-0.1135941722467777
0.5085085085085085,0.19091259741491529,0.16972231940040391,0.515796598,0.08,-0.3364955658932587,-0.2247899415129524,0.5085096994541107,0.10785279563663366,-0.1135941722467777
0.5095095095095095,0.1905753055387889,0.16949698663186977,0.515796598,0.08,-0.3378572501792547,-0.22538140601541556,0.5095106980295606,0.10773908803203523,-0.1135941722467706
0.5105105105105106,0.19023620652366552,0.16927110537434703,0.515796598,0.08,-0.33945136675937704,-0.22600048768292424,0.5105116966050105,0.1076253804274368,-0.11355542204518088
0.5115115115115115,0.18989572322295428,0.1690445332030751,0.515796598,0.08,-0.34065786789329877,-0.22654048426883833,0.5115126951804604,0.10751175040063156,-0.11351161564419243
0.5125125125125125,0.1895542087901454,0.1688175708713063,0.515796598,0.08,-0.3422049027385583,-0.22709081470270576,0.5125136937559103,0.1073981304963231,-0.11350655944480081
0.5135135135135135,0.1892106283225768,0.16858989693740403,0.515796598,0.08,-0.34382616944326116,-0.22759751071923517,0.5135146923313602,0.10728451059201463,-0.11350655944480081
0.5145145145145145,0.18886586811057934,0.16836192019919574,0.515796598,0.08,-0.34490724737689504,-0.228039703992593,0.51451569090681,0.10717089068770617,-0.11362675884153361
0.5155155155155156,0.18852012332282322,0.1681333609934749,0.515796598,0.08,-0.3465395435935079,-0.2284841784360765,0.5155166894822599,0.1070570301445479,-0.11381283592892544
0.5165165165165165,0.18817209525053225,0.1679044944165409,0.515796598,0.08,-0.3482772729374375,-0.22885033381380993,0.5165176880577098,0.10694303771444065,-0.11387871361957025
0.5175175175175175,0.1878228715251507,0.16767520216702084,0.515796598,0.08,-0.34948099509878716,-0.22923767037134724,0.5175186866331597,0.10682904528433339,-0.11387871361957025
0.5185185185185185,0.18747243359868282,0.1674455601415232,0.515796598,0.08,-0.3508320755744023,-0.22954522932666066,0.5185196852086096,0.10671505285422614,-0.11284945017246883
0.5195195195195195,0.18712050500748426,0.16721565215835887,0.515796598,0.08,-0.35255610113947,-0.2298613702493526,0.5195206837840594,0.1066031210066075,-0.11040583028890438
0.5205205205205206,0.1867666155783836,0.16698537721810106,0.515796598,0.08,-0.35409606376308034,-0.23010438663381194,0.5205216823595092,0.10649402069654505,-0.10899147385240582
0.5215215215215215,0.1864116039789295,0.1667549827156485,0.515796598,0.08,-0.3552542907283396,-0.23035066066438503,0.5215226809349591,0.10638492038648262,-0.10899147385239871
0.5225225225225225,0.18605539577712568,0.16652421473428847,0.515796598,0.08,-0.3569292707708911,-0.2305478038231854,0.522523679510409,0.10627582007642018,-0.10894838999880108
0.5235235235235235,0.18569703086427308,0.16629342555083734,0.515796598,0.08,-0.3585353328335543,-0.23069531981607838,0.5235246780858589,0.1061668060201099,-0.10279575580879907
0.5245245245245245,0.18533760732300447,0.1660623622421642,0.515796598,0.08,-0.359864500293682,-0.2308439218246292,0.5245256766613088,0.10607002326616638,-0.0966862054723947
0.5255255255255256,0.18497658141423567,0.16583127555719443,0.515796598,0.08,-0.3614930866049946,-0.23089955806197793,0.5255266752367587,0.10597324051222286,-0.0966862054723947
0.5265265265265265,0.18461389743991133,0.16560010086466273,0.515796598,0.08,-0.36276016592158555,-0.23095673731053523,0.5265276738122086,0.10587645775827934,-0.0966862054723947
0.5275275275275275,0.1842503348358141,0.1653688997067229,0.515796598,0.08,-0.3645620042398008,-0.23095520148503113,0.5275286723876584,0.10577967500433581,-0.09679274796673809
0.5285285285285285,0.18388404357756938,0.16513772808891694,0.515796598,0.08,-0.36638523501480336,-0.23092927516442785,0.5285296709631083,0.10568267895262216,-0.10022910932386253
0.5295295295295295,0.1835168308618105,0.16490657883552284,0.515796598,0.08,-0.36733445292645683,-0.23086083952108538,0.5295306695385582,0.10557901661303222,-0.10355892818665069
0.5305305305305306,0.1831486392674063,0.16467554422601186,0.515796598,0.08,-0.3691673523506296,-0.2307493396975815,0.5305316681140081,0.10547535427344226,-0.10355892818664358
0.5315315315315315,0.18277775708333072,0.16444461819548764,0.515796598,0.08,-0.3706598703483053,-0.2306131046891977,0.5315326666894579,0.10537169193385233,-0.10355892818665069
0.5325325325325325,0.1824065774649072,0.1642138563287362,0.515796598,0.08,-0.37190010785185734,-0.23042432989012696,0.5325336652649078,0.10526802959426237,-0.11075315819529408
0.5335335335335335,0.18203321232286654,0.16398330822573765,0.515796598,0.08,-0.3737079435903041,-0.2302105969323236,0.5335346638403576,0.1051499644266922,-0.12942782074970438
0.5345345345345345,0.1816584134136754,0.1637529742527956,0.515796598,0.08,-0.37449622793819515,-0.2299366833833858,0.5345356624158075,0.1050089154658743,-0.1409082532954642
0.5355355355355356,0.18128347012479207,0.16352297452527043,0.515796598,0.08,-0.3763892255707191,-0.22962056005749787,0.5355366609912574,0.10486786650505642,-0.1409082532954571
0.5365365365365365,0.18090488143055078,0.16329327343185965,0.515796598,0.08,-0.378210105547069,-0.22927871218773532,0.5365376595667073,0.10472681754423853,-0.13903506719281467
0.5375375375375375,0.18052629273630946,0.16306395808445415,0.515796598,0.08,-0.3790457123853628,-0.22888192067284763,0.5375386581421572,0.10458951869666124,-0.13710571415823125
0.5385385385385385,0.18014603115550504,0.16283505136845056,0.515796598,0.08,-0.38078633634084724,-0.22848083753613935,0.5385396567176071,0.10445233229512167,-0.13704954722629736
0.5395395395395395,0.1797639577286201,0.1626065389902877,0.515796598,0.08,-0.38178791173842797,-0.2280068271743687,0.539540655293057,0.1043151458935821,-0.13228462902997506
0.5405405405405406,0.17938169099186452,0.16237858124397733,0.515796598,0.08,-0.3833469794751778,-0.22752264055876026,0.5405416538685068,0.10418749884469583,-0.12193518435861961
0.5415415415415415,0.17899649630824935,0.16215103820838828,0.515796598,0.08,-0.3850425118160672,-0.22698430012125925,0.5415426524439567,0.1040710320019017,-0.11635065788359356
0.5425425425425425,0.1786108351123529,0.16192415822071154,0.515796598,0.08,-0.385965037786292,-0.22642585640875268,0.5425436510194066,0.10395456515910757,-0.11635065788358645
0.5435435435435435,0.17822379352989845,0.16169773319055294,0.515796598,0.08,-0.38743830567034365,-0.2258598646430272,0.5435446495948565,0.10383809831631344,-0.1166873625452638
0.5445445445445445,0.1778351828487486,0.1614719863195243,0.515796598,0.08,-0.38851084332284813,-0.2252107638946228,0.5445456481703063,0.10372095739174596,-0.11772210388851079
0.5455455455455456,0.1774459940437666,0.1612468607903635,0.515796598,0.08,-0.3899153107354323,-0.22460238545924938,0.5455466467457561,0.10360241899973073,-0.11842014057008043
0.5465465465465466,0.17705457161604501,0.16102233189418041,0.515796598,0.08,-0.39140439987765774,-0.22386742553237582,0.546547645321206,0.1034838806077155,-0.11842014057008043
0.5475475475475475,0.17666240165161917,0.16079867775626466,0.515796598,0.08,-0.39239539880036034,-0.22321634677101088,0.5475486438966559,0.10336534221570028,-0.12138867453686686
0.5485485485485485,0.17626899524207032,0.16057545232106527,0.515796598,0.08,-0.3936286217450089,-0.22242019372910704,0.5485496424721058,0.10324086082714119,-0.13269054045604634
0.5495495495495496,0.17587435636284038,0.16035339208313332,0.515796598,0.08,-0.39470587098719534,-0.2217226627745248,0.5495506410475557,0.10309969613175592,-0.1410238724084394
0.5505505505505506,0.17547879329815197,0.16013156310630142,0.515796598,0.08,-0.39586422249749376,-0.22087664453115963,0.5505516396230056,0.10295853143637065,-0.14102387240843228
0.5515515515515516,0.17508183539687944,0.15991119659858646,0.515796598,0.08,-0.3971197502388577,-0.21997584703694884,0.5515526381984555,0.10281736674098539,-0.14119580984925761
0.5525525525525525,0.17468375876313927,0.15969117102014138,0.515796598,0.08,-0.3981634923702444,-0.2192343846425473,0.5525536367739053,0.10267585782733345,-0.14139782631678344
0.5535535535535535,0.17428471128803014,0.15947228892162443,0.515796598,0.08,-0.39916624679703716,-0.21824220300023,0.5535546353493552,0.10253428869555577,-0.14142790534346972
0.5545545545545546,0.17388462713791997,0.1592542496928136,0.515796598,0.08,-0.4001766831832896,-0.21749398580823254,0.5545556339248051,0.1023927195637781,-0.13639257181152686
0.5555555555555556,0.17348355676714264,0.15903686552661295,0.515796598,0.08,-0.4010771230165915,-0.2164896839962438,0.555556632500255,0.1022612311553852,-0.1251854972140407
0.5565565565565566,0.17308166993468357,0.15882083691204035,0.515796598,0.08,-0.40217903782031783,-0.21560740639542075,0.5565576310757048,0.10214209855502163,-0.11901375614849741
0.5575575575575575,0.17267839352826317,0.15860521906736288,0.515796598,0.08,-0.40316390890438925,-0.21463768002807626,0.5575586296511547,0.10202296595465804,-0.11901375614850451
0.5585585585585585,0.17227453498192205,0.15839113184691908,0.515796598,0.08,-0.40397926594674516,-0.2136108210184915,0.5585596282266045,0.10190383335429445,-0.11891715602582309
0.5595595595595596,0.17186962622907048,0.15817756977603456,0.515796598,0.08,-0.4048366120067186,-0.21269733502631993,0.5595606268020544,0.10178489414710123,-0.11867970576522424
0.5605605605605606,0.17146405127420086,0.15796531135637587,0.515796598,0.08,-0.4054836316759207,-0.2115909206704174,0.5605616253775043,0.10166623692148284,-0.11853885562729971
0.5615615615615616,0.17105784718667627,0.15775396432924696,0.515796598,0.08,-0.406278319070708,-0.21065917454963312,0.5615626239529542,0.10154757969586446,-0.11853885562729971
0.5625625625625625,0.17065068126605132,0.15754357126718743,0.515796598,0.08,-0.40686780919482146,-0.20952695557063805,0.5625636225284041,0.10142892247024607,-0.12804403727924552
0.5635635635635635,0.17024329701811808,0.15733449094472116,0.515796598,0.08,-0.4075576505839109,-0.20842562638779327,0.563564621103854,0.10129123589804172,-0.15534598963728286
0.5645645645645646,0.16983475003365112,0.15712630274589054,0.515796598,0.08,-0.40821638391801685,-0.20737642910624743,0.5645656196793039,0.10111792024158853,-0.1731427603433744
0.5655655655655656,0.16942604700026415,0.1569193229184824,0.515796598,0.08,-0.4086210845189555,-0.20626423914322345,0.5655666182547537,0.10094460458513535,-0.17717477404728754
0.5665665665665666,0.16901668980438397,0.15671336132618438,0.515796598,0.08,-0.40917443132860853,-0.20522698208645807,0.5665676168302036,0.10076321684873454,-0.1842552094263752
0.5675675675675675,0.16860687896957624,0.1565084580894805,0.515796598,0.08,-0.40950520008156843,-0.20414713576045074,0.5675686154056535,0.10057572618082532,-0.1872892055049249
0.5685685685685685,0.16819685957399044,0.156304658351689,0.515796598,0.08,-0.4099387842537823,-0.2030452284459443,0.5685696139811034,0.10038826439291941,-0.17024487946305555
0.5695695695695696,0.1677861807028019,0.15610196113563474,0.515796598,0.08,-0.4102681923173179,-0.20199741028595497,0.5695706125565532,0.10023489641718501,-0.153214979017811
0.5705705705705706,0.16737550183161337,0.15590025913189726,0.515796598,0.08,-0.4104982422253016,-0.20085525894955936,0.570571611132003,0.1000815284414506,-0.153214979017811
0.5715715715715716,0.16696436240004855,0.1556998485051051,0.515796598,0.08,-0.4107694412989247,-0.1997463240254973,0.5715726097074529,0.09992816046571619,-0.14996043757757604
0.5725725725725725,0.1665531405877717,0.15550036659130567,0.515796598,0.08,-0.4108680261933131,-0.19872032536746076,0.5725736082829028,0.09978130807267262,-0.146179368072211
0.5735735735735735,0.16614180378905097,0.15530201001588098,0.515796598,0.08,-0.41097506281418816,-0.19751918969546978,0.5735746068583527,0.0996355097873153,-0.1456528400070809
0.5745745745745746,0.1657303676892448,0.15510493277810153,0.515796598,0.08,-0.4110253820781793,-0.19652414759615056,0.5745756054338026,0.09948971150195798,-0.15141214375012169
0.5755755755755756,0.1653189301512568,0.15490856827895172,0.515796598,0.08,-0.41099107183745787,-0.1953530611502714,0.5755766040092525,0.09933238310691592,-0.16174059287847342
0.5765765765765766,0.16490756274062127,0.15471383555858148,0.515796598,0.08,-0.4109445827515259,-0.19415873768672043,0.5765776025847024,0.09916590729583044,-0.16630973826377016
0.5775775775775776,0.1644962182738764,0.15451986209739674,0.515796598,0.08,-0.41079559464739646,-0.19329079038384123,0.5775786011601522,0.09899943148474497,-0.16954367060151299
0.5785785785785785,0.1640851491377236,0.15432686700926448,0.515796598,0.08,-0.4105911895976817,-0.19196628883121036,0.5785795997356021,0.09882648135033312,-0.17440849666643743
0.5795795795795796,0.16367421389029746,0.15413554520283979,0.515796598,0.08,-0.4103743283135799,-0.19099246127258596,0.579580598311052,0.09865026617132605,-0.17603939039359773
0.5805805805805806,0.1632635789108695,0.15394449971942945,0.515796598,0.08,-0.41005415414865354,-0.18990084897970405,0.5805815968865019,0.098474050992319,-0.1847463995782519
0.5815815815815816,0.16285328465276264,0.15375536332300055,0.515796598,0.08,-0.40973280454315386,-0.18853546252613285,0.5815825954619517,0.09828040440573142,-0.194090808925651
0.5825825825825826,0.16244329301588825,0.15356705134600374,0.515796598,0.08,-0.4093090372575432,-0.18800306951057166,0.5825835940374016,0.09808548174583404,-0.19774351600131013
0.5835835835835835,0.16203384714073554,0.15337898080145787,0.515796598,0.08,-0.40877601091078475,-0.18651949296142334,0.5835845926128514,0.0978845224500879,-0.2042827263634308
0.5845845845845846,0.16162492262367445,0.15319363894768256,0.515796598,0.08,-0.40820721740155363,-0.18515651192150528,0.5845855911883013,0.0976765083096764,-0.20702648299763382
0.5855855855855856,0.16121661547426594,0.1530082970939073,0.515796598,0.08,-0.4075717994200545,-0.18460639998841089,0.5855865897637512,0.09747005602096584,-0.20168040480496074
0.5865865865865866,0.16080896306527595,0.15282405656532339,0.515796598,0.08,-0.4069275463440505,-0.18316703481200136,0.5865875883392011,0.09727274471386456,-0.19711447342729116
0.5875875875875876,0.16040194571181543,0.1526415963235129,0.515796598,0.08,-0.4062574783671238,-0.18219821334781727,0.587588586914651,0.09707543340676329,-0.19391224481481828
0.5885885885885885,0.15999563478025672,0.15245929537743988,0.515796598,0.08,-0.4054737722050845,-0.18128852745603297,0.5885895854901009,0.09688453295222071,-0.1893711231209494
0.5895895895895896,0.15959018640810158,0.15227865632860593,0.515796598,0.08,-0.40471581313948946,-0.17993105502472417,0.5895905840655508,0.09669631295781246,-0.19082488895804062
0.5905905905905906,0.15918539291210954,0.15209907304505801,0.515796598,0.08,-0.4037357191235458,-0.17918874544010066,0.5905915826410006,0.09650250206820596,-0.20988696382779182
0.5915915915915916,0.15878190669013653,0.15191992010149866,0.515796598,0.08,-0.40278558684195787,-0.17801686625989532,0.5915925812164505,0.09627611985421822,-0.22661974780378102
0.5925925925925926,0.15837901536087443,0.15174268292241558,0.515796598,0.08,-0.4019241885345508,-0.1766762548890739,0.5925935797919004,0.09604880997876517,-0.25079320979521214
0.5935935935935935,0.15797725366003737,0.1515662138855045,0.515796598,0.08,-0.4008231956890711,-0.17604548270168152,0.5935945783673503,0.0957740325627432,-0.274320966804261
0.5945945945945946,0.15757656652065602,0.1513902395136034,0.515796598,0.08,-0.4000003664115468,-0.1747929417474552,0.5945955769428001,0.09549962018479098,-0.2736368028282925
0.5955955955955956,0.15717645212567988,0.15121627806619026,0.515796598,0.08,-0.3986747323073274,-0.1735186243231368,0.59559657551825,0.09522621246309967,-0.2733797101876334
0.5965965965965966,0.15677841890842914,0.15104285488032385,0.515796598,0.08,-0.39749966141788207,-0.17287661394767895,0.5965975740936998,0.09495231478388153,-0.27386426320651935
0.5975975975975976,0.15638065700772616,0.1508701787389677,0.515796598,0.08,-0.3964002793418331,-0.1717768460259066,0.5975985726691497,0.09467793698842696,-0.25950214034943286
0.5985985985985985,0.15598482475559267,0.1506989572906824,0.515796598,0.08,-0.39497173554468645,-0.17067927970687435,0.5985995712445996,0.09443279223824957,-0.24002929982864174
0.5995995995995996,0.1555899228024315,0.15052847847929426,0.515796598,0.08,-0.39409147793681143,-0.1698969120951972,0.5996005698200495,0.09419739901403755,-0.21615945402797365
0.6006006006006006,0.15519585282779122,0.15035882333253384,0.515796598,0.08,-0.3924205243609862,-0.16893319753745573,0.6006015683954994,0.09400004162714552,-0.18917088662006165
0.6016016016016016,0.15480429612703414,0.15019027387961967,0.515796598,0.08,-0.3911651440563304,-0.16785267409703408,0.6016025669709493,0.093818679437991,-0.18321963512918416
0.6026026026026026,0.1544127394262771,0.15002278194295018,0.515796598,0.08,-0.38982312290588084,-0.16697395026626793,0.6026035655463992,0.093633236439628,-0.22520134682595483
0.6036036036036035,0.1540238694545499,0.14985599169690442,0.515796598,0.08,-0.3880487479875825,-0.16611894536025318,0.603604564121849,0.09336782698326665,-0.28052384752314197
0.6046046046046046,0.15363586505593158,0.1496902114817685,0.515796598,0.08,-0.3870674305662618,-0.16508432872845447,0.6046055626972989,0.09307162849612723,-0.34625858426018397
0.6056056056056056,0.15324895968364644,0.14952549254029085,0.515796598,0.08,-0.385319410874402,-0.16419364172431017,0.6056065612727488,0.09267461828410317,-0.3976132094163276
0.6066066066066066,0.1528644548239508,0.14936149548232044,0.515796598,0.08,-0.3838781437025176,-0.16345914487230573,0.6066075598481986,0.09227560798371566,-0.3551503128634934
0.6076076076076076,0.1524804348714292,0.14919824700501097,0.515796598,0.08,-0.38234284057621437,-0.16242319282160622,0.6076085584236485,0.09196360836960936,-0.3046762051226821
0.6086086086086087,0.15209900369166607,0.14903632392512006,0.515796598,0.08,-0.3804846656170895,-0.16147220359050607,0.6086095569990984,0.09166564708911311,-0.312448676226019
0.6096096096096096,0.1517187038091327,0.14887497933015506,0.515796598,0.08,-0.3793116537943604,-0.1608236444688771,0.6096105555745482,0.09133808701000246,-0.355456266297729
0.6106106106106106,0.1513396210013871,0.14871435466692412,0.515796598,0.08,-0.3775374123993771,-0.15983976837058833,0.6106115541499981,0.09095402465671558,-0.3950244306286095
0.6116116116116116,0.1509628731536785,0.1485549797938776,0.515796598,0.08,-0.3757650579973131,-0.15887171506116715,0.611612552725448,0.09054724922534818,-0.38892306328612847
0.6126126126126126,0.1505873386029941,0.14839629317531017,0.515796598,0.08,-0.37406505068207707,-0.1582757105806536,0.6126135513008979,0.09017540179209754,-0.3376443152227324
0.6136136136136137,0.150213994173334,0.14823811150442687,0.515796598,0.08,-0.3721527551075212,-0.15741017038608618,0.6136145498763478,0.08987128626825476,-0.30476030818079636
0.6146146146146146,0.14984228804221825,0.14808115769906174,0.515796598,0.08,-0.3706789593874191,-0.1563803752376458,0.6146155484517977,0.08956527252341225,-0.3148835464930073
0.6156156156156156,0.14947189415454037,0.14792503768012727,0.515796598,0.08,-0.368828141956854,-0.15575370239078268,0.6156165470272476,0.08924089030531056,-0.3662165453978403
0.6166166166166166,0.14910389336362598,0.14776933847505616,0.515796598,0.08,-0.3668157609609466,-0.15508062790613053,0.6166175456026974,0.08883210804291342,-0.4414254974127019
0.6176176176176176,0.1487375282667307,0.14761456595258748,0.515796598,0.08,-0.365217101093279,-0.1540048839709982,0.6176185441781473,0.08835715771715581,-0.48676196867628363
0.6186186186186187,0.14837272799607187,0.14746102038902814,0.515796598,0.08,-0.3636222415597814,-0.1532724272591537,0.6186195427535972,0.08785761196845714,-0.4955870197911665
0.6196196196196196,0.14800955581115552,0.14730771424636294,0.515796598,0.08,-0.3617594521131622,-0.15292709990274034,0.619620541329047,0.08736499391551103,-0.49144418638536536
0.6206206206206206,0.1476484848486982,0.14715486002886252,0.515796598,0.08,-0.35986095177271693,-0.15176291877449444,0.6206215399044969,0.08687374210748745,-0.4910785324939724
0.6216216216216216,0.14728911346526422,0.14700388457914673,0.515796598,0.08,-0.3581231208954847,-0.15080239984766308,0.6216225384799468,0.08638185609259005,-0.49178136393101113
0.6226226226226226,0.14693152164370224,0.1468529533224608,0.515796598,0.08,-0.3563622706147953,-0.15072377732548148,0.6226235370553966,0.08588919721803195,-0.49250463289662605
0.6236236236236237,0.1465756754860554,0.14670213527519183,0.515796598,0.08,-0.3547413969967863,-0.1496843683986242,0.6236245356308465,0.08539586322072606,-0.4931826163308912
0.6246246246246246,0.14622132865672166,0.14655328491725833,0.515796598,0.08,-0.35268938243247305,-0.14852297698944028,0.6246255342062964,0.08490184702526422,-0.49387329664454427
0.6256256256256256,0.14586959063634075,0.14640479197791567,0.515796598,0.08,-0.3507275339609066,-0.14834439666394417,0.6256265327817463,0.08440713028793821,-0.4946077958036952
0.6266266266266266,0.14551917143157472,0.14625629913815133,0.515796598,0.08,-0.3496249304075718,-0.14770425657252417,0.6266275313571962,0.08391164362725241,-0.4954371171144061
0.6276276276276276,0.14516964082571499,0.14610908776055326,0.515796598,0.08,-0.34729578572495257,-0.14650934783267644,0.6276285299326461,0.08341526659102518,-0.49623680302048
0.6286286286286287,0.1448238845732665,0.1459629871304783,0.515796598,0.08,-0.34510957518666885,-0.14591053005693766,0.628629528508096,0.0829181789614338,-0.49694604842807877
0.6296296296296297,0.14447873076528117,0.14581697458726606,0.515796598,0.08,-0.34413526854253007,-0.1456555423756356,0.6296305270835458,0.08242038201792126,-0.4976732495616645
0.6306306306306306,0.14413492507668488,0.14567138444303962,0.515796598,0.08,-0.34180585264923025,-0.14464782168356294,0.6306315256589957,0.08192183853373232,-0.4984758536730425
0.6316316316316316,0.14379443476398143,0.14552738935867032,0.515796598,0.08,-0.3399218336166143,-0.14373324951380084,0.6316325242344455,0.08142243477907554,-0.4993295208581472
0.6326326326326326,0.14345440088526024,0.14538363018975872,0.515796598,0.08,-0.33869563404793723,-0.14353175195172696,0.6326335228098954,0.08092218225561422,-0.5001422194294562
0.6336336336336337,0.14311636542654815,0.14524003850391212,0.515796598,0.08,-0.3362693852001968,-0.14283792746577717,0.6336345213853453,0.08042115148073309,-0.5020521170599679
0.6346346346346347,0.14278118890287742,0.14509766837301039,0.515796598,0.08,-0.33476984968166335,-0.14191589413576366,0.6346355199607951,0.07991707534765696,-0.5057363038771499
0.6356356356356356,0.14244615551727555,0.14495592259973644,0.515796598,0.08,-0.3333351780736109,-0.14144741094848712,0.635636518536245,0.07940866884126445,-0.5006076764653642
0.6366366366366366,0.14211385120903638,0.1448144903731135,0.515796598,0.08,-0.3307379218195905,-0.14112104115621094,0.6366375171116949,0.07891486020565475,-0.46802907587783693
0.6376376376376376,0.14178401753565478,0.1446733979928171,0.515796598,0.08,-0.32950383970825214,-0.14029894604135507,0.6376385156871448,0.07847167596481877,-0.40593999950036874
0.6386386386386387,0.14145418386227313,0.14453361160225994,0.515796598,0.08,-0.32796607788971244,-0.13953126024360074,0.6386395142625947,0.07810216948321876,-0.33867686534438946
0.6396396396396397,0.1411274287911308,0.14439405613046752,0.515796598,0.08,-0.3254050162133808,-0.13924446306741345,0.6396405128380446,0.07779364584532364,-0.2934023379699582
0.6406406406406406,0.14080272236835245,0.14425484390843127,0.515796598,0.08,-0.32426824948383626,-0.13866154184368895,0.6406415114134945,0.07751477883853557,-0.27698522373367496
0.6416416416416416,0.1404782431064785,0.14411645544609578,0.515796598,0.08,-0.3226636523245361,-0.13796668566250503,0.6416425099889443,0.0772391222165675,-0.2800082983338257
0.6426426426426426,0.14015674909042547,0.14397863432752536,0.515796598,0.08,-0.3202792136009407,-0.13743383779409157,0.6426435085643942,0.07695420302304296,-0.27783148066653496
0.6436436436436437,0.13983704347964976,0.14384131262768918,0.515796598,0.08,-0.31909878964162885,-0.13706081924925684,0.6436445071398441,0.07668290438384281,-0.26183263032479687
0.6446446446446447,0.13951791267472646,0.1437042382929923,0.515796598,0.08,-0.31740243021039305,-0.1364424512082536,0.6446455057152939,0.07643001484312015,-0.22787654352541864
0.6456456456456456,0.13920160317892827,0.1435681545672122,0.515796598,0.08,-0.3150851050282739,-0.13581719245838997,0.6456465042907438,0.07622669619294808,-0.1803416716850137
0.6466466466466466,0.13888711166365886,0.14343233200178432,0.515796598,0.08,-0.31366512089745413,-0.1353839976447091,0.6466475028661937,0.07606897133021824,-0.15756751967300886
0.6476476476476476,0.13857364497893337,0.14329711553288846,0.515796598,0.08,-0.31207658683609907,-0.13490401939230878,0.6476485014416435,0.07591124646748838,-0.15414496881778206
0.6486486486486487,0.13826233371203506,0.14316225388488282,0.515796598,0.08,-0.310135759524627,-0.1344104838078124,0.6486495000170934,0.07576037354181951,-0.14682456571206615
0.6496496496496497,0.13795275256747264,0.14302802547521512,0.515796598,0.08,-0.30853629164865026,-0.13386971247021506,0.6496504985925433,0.07561730410525072,-0.14292671346159835
0.6506506506506506,0.1376446434384642,0.14289424645251003,0.515796598,0.08,-0.3070595577231785,-0.13340131111250741,0.6506514971679932,0.07547423466868193,-0.13873924393694637
0.6516516516516516,0.137338018718177,0.14276095578329817,0.515796598,0.08,-0.30535999349275755,-0.13292313036158987,0.6516524957434431,0.07533954853417098,-0.09744373481593982
0.6526526526526526,0.1370333121201604,0.14262813407941377,0.515796598,0.08,-0.30361608163391907,-0.13252374826500102,0.652653494318893,0.07527915258920738,-0.06033569521959947
0.6536536536536537,0.1367301787149059,0.14249564297395884,0.515796598,0.08,-0.3023046345768847,-0.1320151016605422,0.6536544928943429,0.07521875664424378,-0.06033569521959947
0.6546546546546547,0.13642809763652297,0.14236383958159485,0.515796598,0.08,-0.3006915611724139,-0.1315196595290331,0.6546554914697927,0.07515836069928018,-0.06033569521959947
0.6556556556556556,0.13612819360745362,0.1422323403522791,0.515796598,0.08,-0.29887623985504774,-0.13111564727830682,0.6556564900452426,0.07509796475431658,-0.06033569521959237
0.6566566566566566,0.13582974680598237,0.1421013457932499,0.515796598,0.08,-0.2977198273775059,-0.1307558094843131,0.6566574886206924,0.075037568809353,-0.06033569521960658
0.6576576576576576,0.13553215791700818,0.14197056695991814,0.515796598,0.08,-0.2960807796126943,-0.1302481172652108,0.6576584871961423,0.0749771728643894,-0.06033569521959947
0.6586586586586587,0.13523699249244342,0.14184058880172795,0.515796598,0.08,-0.29434472595907835,-0.1297468791852907,0.6586594857715922,0.0749167769194258,-0.060059263291378784
0.6596596596596597,0.13494287918635933,0.14171081344803566,0.515796598,0.08,-0.2930638540232877,-0.129443147058538,0.659660484347042,0.07485693439039492,-0.05789133402912938
0.6606606606606606,0.13465027806997437,0.14158144336217132,0.515796598,0.08,-0.2915061261606411,-0.12912310839224972,0.6606614829224919,0.07480087863363771,-0.05599983669508646
0.6616616616616616,0.13435928333818992,0.14145230872652967,0.515796598,0.08,-0.29030190855993965,-0.1285788739161262,0.6616624814979418,0.0747448228768805,-0.05599983669508646
0.6626626626626626,0.1340690930678524,0.14132402819917608,0.515796598,0.08,-0.2886050427759841,-0.12807964179954467,0.6626634800733917,0.07468876712012329,-0.05599983669508646
0.6636636636636637,0.13378149546476453,0.14119589302723126,0.515796598,0.08,-0.28694683591355385,-0.12789089228904515,0.6636644786488416,0.07463271136336609,-0.05599983669508646
0.6646646646646647,0.13349462492788527,0.1410679903767756,0.515796598,0.08,-0.28610629451226544,-0.1276260667301301,0.6646654772242915,0.07457665560660888,-0.05599983669508646
0.6656656656656657,0.1332087100903656,0.1409403853861299,0.515796598,0.08,-0.2844263375388323,-0.12701503789449475,0.6656664757997414,0.07452059984985167,-0.05599983669508646
0.6666666666666666,0.13292520283071044,0.14081370601662646,0.515796598,0.08,-0.28278980023516453,-0.1265268783540705,0.6666674743751912,0.07446454409309446,-0.05599983669509356
0.6676676676676676,0.13264256434414906,0.140687078322358,0.515796598,0.08,-0.28174652931691924,-0.1264446343916461,0.6676684729506411,0.07440848833633724,-0.05324981907655513
0.6686686686686687,0.13236114571496085,0.14056056360543198,0.515796598,0.08,-0.28055251441659834,-0.12618498887809437,0.668669471526091,0.07435793810701727,-0.04812137064415367
0.6696696696696697,0.1320808976486203,0.14043445572200142,0.515796598,0.08,-0.27879568037529623,-0.12554761688015503,0.6696704701015408,0.07431214948941026,-0.04574293983029776
0.6706706706706707,0.1318029962047,0.14030921702509133,0.515796598,0.08,-0.27735871143210034,-0.1251036883538461,0.6706714686769907,0.07426636087180324,-0.04574293983029065
0.6716716716716716,0.13152562495306055,0.1401839978874592,0.515796598,0.08,-0.27691722116485096,-0.12507612078734098,0.6716724672524406,0.07422057225419623,-0.04574293983029776
0.6726726726726726,0.13124860737353916,0.14005881438087245,0.515796598,0.08,-0.27510919564502956,-0.12482412642600593,0.6726734658278904,0.0741747836365892,-0.04574293983029776
0.6736736736736737,0.13097485579261006,0.1399340997364562,0.515796598,0.08,-0.27319021669278243,-0.12415339576114093,0.6736744644033403,0.0741289950189822,-0.04574293983029776
0.6746746746746747,0.1307016800127928,0.13981025903400326,0.515796598,0.08,-0.27267388905691803,-0.12371686175050911,0.6746754629787902,0.07408320640137518,-0.04574293983029776
0.6756756756756757,0.13042896212082444,0.1396864183315503,0.515796598,0.08,-0.2717730979043296,-0.12371686175050911,0.6756764615542401,0.07403741778376817,-0.04574293983029065
0.6766766766766766,0.13015758972669808,0.13956257762909735,0.515796598,0.08,-0.2697540557722249,-0.12350675002859646,0.67667746012969,0.07399162916616116,-0.04574293983029776
0.6776776776776777,0.12988891396112026,0.1394391575707323,0.515796598,0.08,-0.26836642863275983,-0.12293160037521034,0.6776784587051399,0.07394584054855413,-0.04572813045606949
0.6786786786786787,0.12962031959930514,0.13931646831903685,0.515796598,0.08,-0.26829118699512833,-0.12254749217197514,0.6786794572805898,0.07390008157927214,-0.04492897267832774
0.6796796796796797,0.12935179446763653,0.13919381724606367,0.515796598,0.08,-0.2666643580295869,-0.12251314960114712,0.6796804558560396,0.07385589287325926,-0.04414462427482846
0.6806806806806807,0.12908645702066734,0.1390711967482638,0.515796598,0.08,-0.26453266720004365,-0.12235503403543646,0.6806814544314895,0.07381170416724638,-0.044144624274835564
0.6816816816816816,0.12882219953830712,0.1389488622229697,0.515796598,0.08,-0.26399322487789334,-0.12185601485208508,0.6816824530069393,0.0737675154612335,-0.04414462427484267
0.6826826826826827,0.12855794205594684,0.13882724076257397,0.515796598,0.08,-0.26377614446180075,-0.12148176118802212,0.6826834515823892,0.07372332675522061,-0.04414462427484267
0.6836836836836837,0.1282941191690142,0.13870565549386452,0.515796598,0.08,-0.26164960079817945,-0.12142131679485146,0.6836844501578391,0.07367913804920773,-0.04414462427484267
0.6846846846846847,0.12803411903132586,0.13858415504326496,0.515796598,0.08,-0.2597167266137461,-0.12129300290602885,0.684685448733289,0.07363494934319484,-0.044144624274835564
0.6856856856856857,0.1277741657623801,0.1384628266592178,0.515796598,0.08,-0.25962301165235857,-0.12087248384996485,0.6856864473087388,0.07359076063718197,-0.044144624274835564
0.6866866866866866,0.12751435324223206,0.13834216808861038,0.515796598,0.08,-0.2588057833776105,-0.12052315533709645,0.6866874458841887,0.07354657193116908,-0.04414462427484267
0.6876876876876877,0.12725603606592842,0.13822153906094534,0.515796598,0.08,-0.25692056859550405,-0.12042730915408129,0.6876884444596386,0.07350238322515619,-0.044144624274835564
0.6886886886886887,0.12699999774954834,0.13810107237458819,0.515796598,0.08,-0.2556527953304695,-0.12028354036834799,0.6886894430350885,0.07345819451914332,-0.04206531973497363
0.6896896896896897,0.12674421865785943,0.13798073117232001,0.515796598,0.08,-0.25540150362093783,-0.11997328940991281,0.6896904416105384,0.07341816857489508,-0.024741692368088763
0.6906906906906907,0.12648868342798492,0.13786088560900278,0.515796598,0.08,-0.25426914945198575,-0.11967870204966857,0.6906914401859883,0.07340866172151397,-0.00949736954104452
0.6916916916916916,0.12623517131160922,0.13774113417121958,0.515796598,0.08,-0.2526667195425176,-0.1195323379432125,0.6916924387614382,0.07339915486813287,-0.00949736954104452
0.6926926926926927,0.12598284414962152,0.13762158162913649,0.515796598,0.08,-0.2517975130370971,-0.11942111547234902,0.692693437336888,0.07338964801475176,-0.009497369541051626
0.6936936936936937,0.1257310721864098,0.1375020528589626,0.515796598,0.08,-0.2514134301370561,-0.1191528795127681,0.6936944359123379,0.07338014116137065,-0.00949736954104452
0.6946946946946947,0.12547951395915696,0.13738303732580762,0.515796598,0.08,-0.2501792145664581,-0.11886809291388545,0.6946954344877877,0.07337063430798954,-0.009497369541051626
0.6956956956956957,0.12523021289798847,0.13726407869897486,0.515796598,0.08,-0.24878316865126493,-0.11873573060974252,0.6956964330632376,0.07336112745460843,-0.00949736954104452
0.6966966966966966,0.12498144955745273,0.13714532815541775,0.515796598,0.08,-0.2480662519777752,-0.1185940621028152,0.6966974316386875,0.07335162060122732,-0.00949736954104452
0.6976976976976977,0.12473358376489983,0.13702665314921947,0.515796598,0.08,-0.2475519205497534,-0.11840770075521334,0.6976984302141374,0.07334211374784622,-0.009497369541051626
0.6986986986986987,0.12448585011691266,0.13690827570145334,0.515796598,0.08,-0.2463728752466352,-0.11819735422550082,0.6986994287895872,0.07333260689446511,-0.00949736954104452
0.6996996996996997,0.1242403447754171,0.13679002180942867,0.515796598,0.08,-0.24517306567129538,-0.11803535770404494,0.6997004273650371,0.073323100041084,-0.00949736954104452
0.7007007007007007,0.12399501314860177,0.13667196867902281,0.515796598,0.08,-0.24447578868412734,-0.11787990130324033,0.700701425940487,0.07331359318770289,-0.00949736954104452
0.7017017017017017,0.12375090375703046,0.1365540260110238,0.515796598,0.08,-0.2438429165900189,-0.11773617707935102,0.7017024245159369,0.07330408633432178,-0.00949736954104452
0.7027027027027027,0.12350683914141453,0.1364362606168019,0.515796598,0.08,-0.24281497186916567,-0.11757187586690065,0.7027034230913868,0.07329457948094067,-0.009497369541051626
0.7037037037037037,0.12326478769723231,0.1363186468801591,0.515796598,0.08,-0.24179947459301587,-0.11742660968688767,0.7037044216668367,0.07328507262755957,-0.00949736954104452
0.7047047047047047,0.12302275610919629,0.13620117230912046,0.515796598,0.08,-0.24105144329017492,-0.11726714763715052,0.7047054202422866,0.07327556577417846,-0.009497369541051626
0.7057057057057057,0.12278220222517992,0.1360838778158205,0.515796598,0.08,-0.24031333013235923,-0.11713943743023947,0.7057064188177364,0.07326605892079734,-0.009497369541051626
0.7067067067067067,0.12254164834116354,0.13596665892087173,0.515796598,0.08,-0.23947368888097742,-0.11701952500992263,0.7067074173931862,0.07325655206741623,-0.009497369541051626
0.7077077077077077,0.1223027754206134,0.1358496044924773,0.515796598,0.08,-0.23863377683774445,-0.11690780709989212,0.7077084159686361,0.07324704521403512,-0.009497369541051626
0.7087087087087087,0.12206390304218906,0.13573260925700806,0.515796598,0.08,-0.23781363055409344,-0.1167496902116909,0.708709414544086,0.07323753836065401,-0.00949736954104452
0.7097097097097097,0.12182667205614074,0.13561587137894038,0.515796598,0.08,-0.23698006524073634,-0.11660926962785823,0.7097104131195359,0.0732280315072729,-0.00949736954104452
0.7107107107107107,0.12158946847714255,0.1354991572657611,0.515796598,0.08,-0.2363208379413706,-0.11653556807874565,0.7107114116949858,0.0732185246538918,-0.00949736954104452
0.7117117117117117,0.12135355726546734,0.1353825669383423,0.515796598,0.08,-0.2356436714337562,-0.11645138807622857,0.7117124102704356,0.07320901780051069,-0.00949736954104452
0.7127127127127127,0.12111770937517308,0.13526602135369656,0.515796598,0.08,-0.23477793266367541,-0.11632178786435077,0.7127134088458855,0.07319951094712958,-0.009497369541051626
0.7137137137137137,0.12088353137424876,0.1351496904861614,0.515796598,0.08,-0.2338626733042588,-0.11618831916922545,0.7137144074213354,0.07319000409374847,-0.00949736954104452
0.7147147147147147,0.12064951583502442,0.13503341210611053,0.515796598,0.08,-0.23333232586817587,-0.11612317030875374,0.7147154059967853,0.07318049724036736,-0.00949736954104452
0.7157157157157157,0.12041639959072889,0.1349172116667245,0.515796598,0.08,-0.23280595920488878,-0.11607352557680883,0.7157164045722352,0.07317099038698625,-0.00949736954104452
0.7167167167167167,0.12018343783861825,0.13480103267552632,0.515796598,0.08,-0.23195499410601172,-0.11597700821519652,0.7167174031476851,0.07316148353360515,-0.00949736954104452
0.7177177177177178,0.11995202522815429,0.13468502546409147,0.515796598,0.08,-0.23097069673675463,-0.11584579595982802,0.717718401723135,0.07315197668022404,-0.009497369541051626
0.7187187187187187,0.11972103404134746,0.13456910916009118,0.515796598,0.08,-0.23048827583073717,-0.11578628591946938,0.7187194002985848,0.07314246982684293,-0.00949736954104452
0.7197197197197197,0.11949058723850318,0.1344532210878763,0.515796598,0.08,-0.23010051283461763,-0.11575868853266513,0.7197203988740346,0.07313296297346182,-0.009497369541051626
0.7207207207207207,0.11926037235399087,0.13433736003389965,0.515796598,0.08,-0.22935065404423938,-0.11570333268535649,0.7207213974494845,0.07312345612008071,-0.009497369541051626
0.7217217217217217,0.11903142676994616,0.13422158278420193,0.515796598,0.08,-0.22831014814579476,-0.11559343081368922,0.7217223960249344,0.0731139492666996,-0.00949736954104452
0.7227227227227228,0.1188032949803256,0.13410594175399237,0.515796598,0.08,-0.22777329331253782,-0.11552216282204597,0.7227233946003843,0.0731044424133185,-0.009497369541051626
0.7237237237237237,0.11857542418073184,0.13399030718295657,0.515796598,0.08,-0.22751168204666072,-0.11551140570711027,0.7237243931758341,0.07309493555993737,-0.009497369541051626
0.7247247247247247,0.11834781613738936,0.13387468768851268,0.515796598,0.08,-0.22696592451161024,-0.11549900410334146,0.724725391751284,0.07308542870655627,-0.00949736954104452
0.7257257257257257,0.11812103794547338,0.13375907794551245,0.515796598,0.08,-0.2258820551124785,-0.11542988006755195,0.7257263903267339,0.07307592185317516,-0.009497369541051626
0.7267267267267267,0.11789559981083786,0.1336435968375266,0.515796598,0.08,-0.22517571067596975,-0.11536552597776506,0.7267273889021838,0.07306641499979405,-0.00949736954104452
0.7277277277277278,0.11767023572189786,0.13352811593154296,0.515796598,0.08,-0.22502547929162375,-0.11536441086362004,0.7277283874776337,0.07305690814641294,-0.00949736954104452
0.7287287287287287,0.11744509835079454,0.13341263705601786,0.515796598,0.08,-0.22479117428589035,-0.11536192450458316,0.7287293860530836,0.07304740129303183,-0.00949736954104452
0.7297297297297297,0.11722020334094513,0.13329716112773,0.515796598,0.08,-0.22366077978456644,-0.11534182481037192,0.7297303846285335,0.07303789443965072,-0.00949736954104452
0.7307307307307307,0.11699732902189652,0.13318172249183294,0.515796598,0.08,-0.22265144472956422,-0.1153155544347868,0.7307313832039833,0.07302838758626962,-0.00949736954104452
0.7317317317317317,0.11677445470284792,0.13306629915688956,0.515796598,0.08,-0.22260427821566253,-0.1153079116084399,0.7317323817794331,0.07301888073288851,-0.00949736954104452
0.7327327327327328,0.11655167481125456,0.13295087582194615,0.515796598,0.08,-0.222554433919953,-0.1153079116084541,0.732733380354883,0.0730093738795074,-0.00949736954104452
0.7337337337337337,0.11632890028058572,0.13283545248700274,0.515796598,0.08,-0.22161597982122316,-0.11531705970242001,0.7337343789303329,0.07299986702612629,-0.00949736954104452
0.7347347347347347,0.11610799917597683,0.1327200108375569,0.515796598,0.08,-0.2204231351826067,-0.11533676872386422,0.7347353775057828,0.07299036017274518,-0.00949736954104452
0.7357357357357357,0.1158876127226626,0.1326045480451131,0.515796598,0.08,-0.22016606686092643,-0.1153475267089874,0.7357363760812327,0.07298085331936408,-0.009497369541051626
0.7367367367367368,0.11566722626934835,0.13248908485815955,0.515796598,0.08,-0.22016606686091222,-0.11534814785390779,0.7367373746566825,0.07297134646598297,-0.00949736954104452
0.7377377377377378,0.11544683981603412,0.13237362082218232,0.515796598,0.08,-0.2197333035464979,-0.11536291122297371,0.7377383732321324,0.07296183961260186,-0.00949736954104452
0.7387387387387387,0.11522731975574174,0.1322581280789344,0.515796598,0.08,-0.21868815908229777,-0.11542105666944735,0.7387393718075823,0.07295233275922075,-0.009497369541051626
0.7397397397397397,0.11500902568373723,0.1321425476356569,0.515796598,0.08,-0.21806756414918738,-0.11546992545713408,0.7397403703830322,0.07294282590583963,-0.009046010800929594
0.7407407407407407,0.11479074805574338,0.13202695705699818,0.515796598,0.08,-0.21802805851892515,-0.11548097404148905,0.7407413689584821,0.07293422267137027,-0.00807074043090239
0.7417417417417418,0.11457253307408974,0.13191135449443273,0.515796598,0.08,-0.21799591542407626,-0.11548766743041483,0.741742367533932,0.07292666830649132,-0.007546828800990113
0.7427427427427428,0.1143543197966361,0.13179575051559592,0.515796598,0.08,-0.21710786274202576,-0.11557294947354535,0.7427433661093819,0.07291911394161237,-0.007546828800990113
0.7437437437437437,0.11413788269822983,0.13167997721820943,0.515796598,0.08,-0.21622066130787232,-0.11567087221955319,0.7437443646848317,0.07291155957673341,-0.007546828800983008
0.7447447447447447,0.11392144559982356,0.13156417719783906,0.515796598,0.08,-0.21613349535735438,-0.11570007209454047,0.7447453632602815,0.07290400521185446,-0.007546828800997218
0.7457457457457457,0.11370518300782473,0.13144834544224437,0.515796598,0.08,-0.21602114989300958,-0.11572292203067036,0.7457463618357314,0.07289645084697549,-0.007546828800997218
0.7467467467467468,0.11348897082526298,0.13133249967625613,0.515796598,0.08,-0.2155881377329294,-0.11580076358836777,0.7467473604111813,0.07288889648209654,-0.007546828800990113
0.7477477477477478,0.1132735751244755,0.13121651208170707,0.515796598,0.08,-0.21484456243247507,-0.1159260813935532,0.7477483589866312,0.07288134211721758,-0.007546828800983008
0.7487487487487487,0.11305885158115392,0.131100415429222,0.515796598,0.08,-0.21445607524780996,-0.1159998722401383,0.748749357562081,0.07287378775233863,-0.007546828800990113
0.7497497497497497,0.11284423363248791,0.13098428010525032,0.515796598,0.08,-0.21428350115253636,-0.11604431059330977,0.7497503561375309,0.07286623338745968,-0.007546828800990113
0.7507507507507507,0.11262985558285056,0.13086809448709324,0.515796598,0.08,-0.21412747584414404,-0.11611303039515519,0.7507513547129808,0.07285867902258072,-0.007546828800983008
0.7517517517517518,0.1124155499971643,0.1307518215859407,0.515796598,0.08,-0.21351583803630803,-0.11625997513262121,0.7517523532884307,0.07285112465770177,-0.007546828800990113
0.7527527527527528,0.11220239644764271,0.130635341784125,0.515796598,0.08,-0.21294039597207615,-0.1163786944309777,0.7527533518638806,0.07284357029282282,-0.007546828800990113
0.7537537537537538,0.11198924289812112,0.13051883120669952,0.515796598,0.08,-0.21276437443601992,-0.11645038851347067,0.7537543504393305,0.07283601592794386,-0.007546828800990113
0.7547547547547547,0.1117764417440671,0.13040220787318715,0.515796598,0.08,-0.2125442973094991,-0.11653462477900689,0.7547553490147804,0.07282846156306491,-0.007546828800997218
0.7557557557557557,0.1115637287893934,0.1302855286545894,0.515796598,0.08,-0.2122363974695105,-0.11667872263161883,0.7557563475902302,0.07282090719818594,-0.007546828800997218
0.7567567567567568,0.11135154405143545,0.13016861683688763,0.515796598,0.08,-0.21174394562787313,-0.11682011888609622,0.75675734616568,0.07281335283330699,-0.007546828800997218
0.7577577577577578,0.11113981698633456,0.13005165454270531,0.515796598,0.08,-0.21144878362949981,-0.11693666906998601,0.7577583447411299,0.07280579846842804,-0.007546828800990113
0.7587587587587588,0.11092822316328832,0.12993450939130208,0.515796598,0.08,-0.2111939750051519,-0.11704406176055215,0.7587593433165798,0.07279824410354908,-0.007546828800983008
0.7597597597597597,0.11071700622556349,0.12981733209673824,0.515796598,0.08,-0.21100572078710655,-0.1171914303256898,0.7597603418920297,0.07279068973867013,-0.007546828800990113
0.7607607607607607,0.11050578928783866,0.12969989191317258,0.515796598,0.08,-0.21062702002851807,-0.11735797059569109,0.7607613404674796,0.07278313537379118,-0.007546828800990113
0.7617617617617618,0.11029533050979068,0.12958238120465476,0.515796598,0.08,-0.21024103067320965,-0.11750070188224981,0.7617623390429294,0.07277558100891222,-0.007546828800983008
0.7627627627627628,0.11008488632352792,0.12946465527276763,0.515796598,0.08,-0.21004211571023035,-0.11766096244718938,0.7627633376183793,0.07276802664403327,-0.007546828800990113
0.7637637637637638,0.10987482577363407,0.12934682372227801,0.515796598,0.08,-0.20976546607774793,-0.11780595375827829,0.7637643361938292,0.07276047227915432,-0.007546828800990113
0.7647647647647647,0.10966493544048939,0.1292288075174958,0.515796598,0.08,-0.2095640189337331,-0.11796965493202549,0.7647653347692791,0.07275291791427536,-0.007546828800990113
0.7657657657657657,0.10945527818818117,0.12911064823692864,0.515796598,0.08,-0.20927162910738417,-0.11814153026422503,0.765766333344729,0.07274536354939641,-0.007546828800997218
0.7667667667667668,0.10924597322005418,0.12899228793738723,0.515796598,0.08,-0.20906788422463052,-0.1183569642106761,0.7667673319201789,0.07273780918451744,-0.007546828800990113
0.7677677677677678,0.10903672386540912,0.12887369735762796,0.515796598,0.08,-0.2087823147734582,-0.11853217030852647,0.7677683304956288,0.07273025481963849,-0.007546828800983008
0.7687687687687688,0.10882799060789511,0.1287549862951279,0.515796598,0.08,-0.2085245242565108,-0.11869418623177808,0.7687693290710785,0.07272270045475954,-0.007546828800990113
0.7697697697697697,0.10861925735038108,0.12863607135916594,0.515796598,0.08,-0.20835734229670066,-0.11888838373165811,0.7697703276465284,0.07271514608988058,-0.007546828800983008
0.7707707707707707,0.1084108587914853,0.12851697151288236,0.515796598,0.08,-0.20814573798044478,-0.11917193504568502,0.7707713262219783,0.07270759172500163,-0.007546828800990113
0.7717717717717718,0.10820254916623605,0.12839748890662203,0.515796598,0.08,-0.2079667661705784,-0.11940244734266514,0.7717723247974282,0.07270003736012268,-0.007546828800990113
0.7727727727727728,0.1079945089092619,0.12827792757425838,0.515796598,0.08,-0.20768538194461428,-0.11955416957778198,0.7727733233728781,0.07269248299524372,-0.007546828800983008
0.7737737737737738,0.1077867626157964,0.12815814121977964,0.515796598,0.08,-0.20751554166780295,-0.11971513810811985,0.773774321948328,0.07268492863036477,-0.007546828800990113
0.7747747747747747,0.10757906237939643,0.12803825762809598,0.515796598,0.08,-0.20737175899121496,-0.1200838385235059,0.7747753205237778,0.07267737426548582,-0.007546828800990113
0.7757757757757757,0.1073716039391373,0.1279177331346475,0.515796598,0.08,-0.20725098181889479,-0.12042311288620056,0.7757763190992277,0.07266981990060686,-0.007546828800990113
0.7767767767767768,0.10716414549887814,0.1277971703150105,0.515796598,0.08,-0.20702950659386232,-0.12052425834973945,0.7767773176746776,0.07266226553572791,-0.007546828800997218
0.7777777777777778,0.10695713045246288,0.1276764433281415,0.515796598,0.08,-0.20676541094749012,-0.12066841983494214,0.7777783162501275,0.07265471117084894,-0.007546828800990113
0.7787787787787788,0.1067502007322165,0.12755559189692253,0.515796598,0.08,-0.20667732512714565,-0.12107502042302798,0.7787793148255774,0.07264715680596999,-0.007546828800990113
0.7797797797797797,0.10654336203378993,0.12743405089486215,0.515796598,0.08,-0.20658840424980696,-0.12146607412356047,0.7797803134010273,0.07263960244109104,-0.007546828800990113
0.7807807807807807,0.106336610333318,0.12731241657335185,0.515796598,0.08,-0.20650245506964637,-0.12158588229991807,0.7807813119764772,0.07263204807621208,-0.007546828800990113
0.7817817817817818,0.10612994370532218,0.12719063571508255,0.515796598,0.08,-0.20626895022825664,-0.12171467224151655,0.7817823105519269,0.07262449371133313,-0.007546828800997218
0.7827827827827828,0.10592365948201016,0.1270687435558513,0.515796598,0.08,-0.20607793908871486,-0.12216191571025092,0.7827833091273768,0.07261693934645418,-0.007546828800990113
0.7837837837837838,0.10571737525869813,0.12694606731526223,0.515796598,0.08,-0.2060363221997008,-0.12264522183296833,0.7837843077028267,0.07260938498157522,-0.007546828800983008
0.7847847847847848,0.10551117435248124,0.12682320757620572,0.515796598,0.08,-0.20598720999279152,-0.12276363701239035,0.7847853062782766,0.07260183061669627,-0.007546828800990113
0.7857857857857857,0.10530498845190578,0.12670029426819038,0.515796598,0.08,-0.2058786254187268,-0.12279581548410334,0.7857863048537265,0.07259427625181732,-0.007546828800990113
0.7867867867867868,0.10509900493222353,0.12657737010776907,0.515796598,0.08,-0.2056810589883895,-0.12336518600906743,0.7867873034291764,0.07258672188693836,-0.007546828800983008
0.7877877877877878,0.10489321456003711,0.12645331691882286,0.515796598,0.08,-0.2055816397327206,-0.12400067888341937,0.7877883020046262,0.07257916752205941,-0.007546828800997218
0.7887887887887888,0.10468743007790378,0.12632912050039485,0.515796598,0.08,-0.20556448187939225,-0.12407222200958046,0.7887893005800761,0.07257161315718044,-0.007546828800997218
0.7897897897897898,0.10448167405577406,0.12620492408196685,0.515796598,0.08,-0.2055502661075863,-0.12409544311232423,0.789790299155526,0.07256405879230149,-0.007546828800990113
0.7907907907907907,0.10427591803364435,0.12608068117484467,0.515796598,0.08,-0.20544805717733539,-0.1247041321714093,0.7907912977309759,0.07255650442742254,-0.007546828800990113
0.7917917917917918,0.1040703666339976,0.12595526615970176,0.515796598,0.08,-0.2053250443004231,-0.1253939717096273,0.7917922963064258,0.07254895006254358,-0.007546828800983008
0.7927927927927928,0.10386485688389373,0.125829642192443,0.515796598,0.08,-0.2053030930003743,-0.12551310832225937,0.7927932948818757,0.07254139569766463,-0.007546828800983008
0.7937937937937938,0.10365934943079366,0.12570398866556312,0.515796598,0.08,-0.20530073937572269,-0.12560275587248526,0.7937942934573254,0.07253384133278568,-0.007546828800990113
0.7947947947947948,0.10345384439265104,0.12557818522372932,0.515796598,0.08,-0.20529247527241523,-0.12619654683643233,0.7947952920327753,0.07252628696790672,-0.007546828800983008
0.7957957957957957,0.10324835348430235,0.12545134292615084,0.515796598,0.08,-0.20524347395772935,-0.1268354574996451,0.7957962906082252,0.07251873260302777,-0.007546828800990113
0.7967967967967968,0.10304294654688982,0.1253242603838902,0.515796598,0.08,-0.20520153047510092,-0.12703460485825246,0.7967972891836751,0.07251117823814882,-0.007546828800990113
0.7977977977977978,0.10283753960947731,0.12519701939290107,0.515796598,0.08,-0.20520153047509382,-0.12721826205764586,0.797798287759125,0.07250362387326986,-0.007546828800983008
0.7987987987987988,0.10263213267206481,0.12506956916855957,0.515796598,0.08,-0.2052015304750867,-0.12783784324527403,0.7987992863345749,0.07249606950839091,-0.007546828800997218
0.7997997997997998,0.10242672573465231,0.12494108777479242,0.515796598,0.08,-0.20521748550714136,-0.1284567241880339,0.7998002849100248,0.07248851514351194,-0.007546828800997218
0.8008008008008007,0.10222128685523371,0.12481239854956452,0.515796598,0.08,-0.20525255960841804,-0.12868972046660332,0.8008012834854746,0.07248096077863299,-0.007546828800990113
0.8018018018018018,0.10201580969940022,0.1246834506967812,0.515796598,0.08,-0.20527180193310812,-0.12896497636346993,0.8018022820609245,0.07247340641375404,-0.007546828800990113
0.8028028028028028,0.10181033229680905,0.12455421040869669,0.515796598,0.08,-0.20527291107465118,-0.12962898339113593,0.8028032806363744,0.07246585204887508,-0.007546828800983008
0.8038038038038038,0.101604852920472,0.12442393321251467,0.515796598,0.08,-0.20527389696071197,-0.13023691520967873,0.8038042792118243,0.07245829768399613,-0.009647462396706885
0.8048048048048048,0.10139937354413496,0.12429347584371236,0.515796598,0.08,-0.20535911990265987,-0.13049622744783562,0.8048052777872742,0.07244653785664346,-0.012594482717069866
0.8058058058058059,0.10119372355129751,0.1241626795039104,0.515796598,0.08,-0.20547017632729592,-0.13090762062784478,0.8058062763627241,0.0724330835654795,-0.01344086944170897
0.8068068068068068,0.10098802183977598,0.12403139852513809,0.515796598,0.08,-0.20550169335939472,-0.13156832878888025,0.8068072749381738,0.07241962927431554,-0.01344086944170897
0.8078078078078078,0.10078230874977721,0.123899279446275,0.515796598,0.08,-0.20551502955565581,-0.13214648480485636,0.8078082735136237,0.07240617498315159,-0.013440869441701864
0.8088088088088088,0.10057658033916406,0.12376684099800124,0.515796598,0.08,-0.2055375414411671,-0.13247611494931277,0.8088092720890736,0.07239272069198764,-0.013440869441701864
0.8098098098098098,0.10037082218032543,0.12363406199892904,0.515796598,0.08,-0.20571180439562653,-0.1330282043932911,0.8098102706645235,0.07237926640082368,-0.01344086944170897
0.8108108108108109,0.10016474489492856,0.12350051826648314,0.515796598,0.08,-0.20587120811146065,-0.13366957544361924,0.8108112692399734,0.07236581210965973,-0.01344086944170897
0.8118118118118118,0.0999586676095317,0.12336645524128415,0.515796598,0.08,-0.2059005853931879,-0.13422191454931465,0.8118122678154233,0.07235235781849576,-0.01344086944170897
0.8128128128128128,0.09975253151075802,0.12323180572484288,0.515796598,0.08,-0.2059398427023993,-0.13463751305693705,0.8128132663908731,0.07233890352733181,-0.01344086944170897
0.8138138138138138,0.09954637563214953,0.1230969106705996,0.515796598,0.08,-0.20604224601638066,-0.13530200439838325,0.813814264966323,0.07232544923616785,-0.013440869441701864
0.8148148148148148,0.09934003452173626,0.12296093084116244,0.515796598,0.08,-0.20626666746827738,-0.13599526934351758,0.8148152635417729,0.0723119949450039,-0.013440869441701864
0.8158158158158159,0.09913342935093176,0.12282464786911108,0.515796598,0.08,-0.20640499526822964,-0.13655351729393317,0.8158162621172228,0.07229854065383995,-0.01344086944170897
0.8168168168168168,0.09892681130798603,0.12268755042615956,0.515796598,0.08,-0.20648407759618692,-0.13716810698448967,0.8168172606926727,0.07228508636267598,-0.013440869441701864
0.8178178178178178,0.09872004781420267,0.12255003704431731,0.515796598,0.08,-0.20655673028958432,-0.13777406336356535,0.8178182592681226,0.07227163207151203,-0.01344086944170897
0.8188188188188188,0.09851328432041931,0.12241172647548175,0.515796598,0.08,-0.20675341043160955,-0.13852161308048494,0.8188192578435723,0.07225817778034807,-0.01344086944170897
0.8198198198198198,0.09830612707259785,0.12227271649760965,0.515796598,0.08,-0.20701491273971584,-0.13923994366808046,0.8198202564190222,0.07224472348918412,-0.013440869441701864
0.8208208208208209,0.09809884005067013,0.1221329678294996,0.515796598,0.08,-0.20713680976030702,-0.1399364494104134,0.8208212549944721,0.07223126919802017,-0.01344086944170897
0.8218218218218218,0.0978914387647694,0.12199256344573693,0.515796598,0.08,-0.20726990966412018,-0.14046492702153301,0.821822253569922,0.0722178149068562,-0.013440869441701864
0.8228228228228228,0.0976838852765678,0.12185175676439143,0.515796598,0.08,-0.20737688814348587,-0.14130883062381372,0.8228232521453719,0.07220436061569226,-0.01344086944170897
0.8238238238238238,0.0974762698195372,0.12170966288392751,0.515796598,0.08,-0.20766219750218795,-0.14215721755574862,0.8238242507208218,0.07219090632452829,-0.01344086944170897
0.8248248248248248,0.09726814514142829,0.12156715773024579,0.515796598,0.08,-0.20791655343082027,-0.1426411664558529,0.8248252492962717,0.07217745203336434,-0.01344086944170897
0.8258258258258259,0.09706002046331934,0.12142409498311499,0.515796598,0.08,-0.20807673047327313,-0.1433862980565621,0.8258262478717215,0.07216399774220038,-0.01344086944170897
0.8268268268268268,0.09685157511045074,0.12128009807447687,0.515796598,0.08,-0.20827832833271742,-0.1443906194196245,0.8268272464471714,0.07215054345103643,-0.013440869441694758
0.8278278278278278,0.09664304683302362,0.1211350246739666,0.515796598,0.08,-0.20846316358723982,-0.14512873933878012,0.8278282450226213,0.07213708915987248,-0.01344086944170897
0.8288288288288288,0.09643423143960542,0.12098955004777262,0.515796598,0.08,-0.20875882526784295,-0.14550310560522206,0.8288292435980712,0.07212363486870851,-0.01344086944170897
0.8298298298298298,0.09622511124690182,0.12084372716524745,0.515796598,0.08,-0.20896296200825049,-0.14669755372789695,0.8298302421735211,0.07211018057754456,-0.01344086944170897
0.8308308308308309,0.09601588717132062,0.12069586125152057,0.515796598,0.08,-0.209247873685797,-0.14782828874331244,0.830831240748971,0.0720967262863806,-0.013440869441701864
0.8318318318318318,0.09580619658486818,0.1205477746352308,0.515796598,0.08,-0.20948089586599394,-0.14808219966984382,0.8318322393244207,0.07208327199521665,-0.013440869441716075
0.8328328328328328,0.09559650599841574,0.12039940039132069,0.515796598,0.08,-0.20973973297056858,-0.14910962772667347,0.8328332378998706,0.07206981770405269,-0.01344086944170897
0.8338338338338338,0.09538629721956174,0.12024925686200423,0.515796598,0.08,-0.21003205516202428,-0.15042368775642245,0.8338342364753205,0.07205636341288874,-0.013440869441701864
0.8348348348348348,0.09517602140349678,0.12009825186728382,0.515796598,0.08,-0.2102937197720962,-0.15094170696703912,0.8348352350507704,0.07204290912172479,-0.01344086944170897
0.8358358358358359,0.09496528877156954,0.11994707126247062,0.515796598,0.08,-0.21067710522164873,-0.15164109746901033,0.8358362336262203,0.07202945483056082,-0.01344086944170897
0.8368368368368369,0.09475424541706703,0.11979466608656505,0.515796598,0.08,-0.21092261909768695,-0.15316297229247056,0.8368372322016702,0.07201600053939687,-0.013440869441701864
0.8378378378378378,0.09454302126586847,0.11964043868530852,0.515796598,0.08,-0.21121094203189017,-0.15407317385528074,0.83783823077712,0.07200254624823291,-0.01344086944170897
0.8388388388388388,0.09433140068827447,0.11948621128405199,0.515796598,0.08,-0.21142851210046132,-0.1543751226285366,0.8388392293525699,0.07198909195706896,-0.01344086944170897
0.8398398398398398,0.09411974096136305,0.1193313793807469,0.515796598,0.08,-0.21195011413456655,-0.1560464331466207,0.8398402279280198,0.07197563766590499,-0.01713834863263486
0.8408408408408409,0.0939070761354525,0.11917380601248719,0.515796598,0.08,-0.21245216108461307,-0.15743512815353,0.8408412265034697,0.0719547810319353,-0.02116517305502441
0.8418418418418419,0.09369441130954198,0.11901619393899807,0.515796598,0.08,-0.21264862050851008,-0.15771363519017,0.8418422250789196,0.07193326504975053,-0.02149451828649518
0.8428428428428428,0.0934813531714715,0.11885806299909346,0.515796598,0.08,-0.21290279302940007,-0.15914832134660628,0.8428432236543695,0.07191174906756577,-0.021494518286488073
0.8438438438438438,0.09326817949166531,0.11869757868104691,0.515796598,0.08,-0.21329702532982964,-0.1606084153611036,0.8438442222298193,0.071890233085381,-0.02149451828649518
0.8448448448448448,0.09305433209974014,0.11853652463000217,0.515796598,0.08,-0.21395199985078506,-0.1609826255793081,0.8448452208052691,0.07186871710319624,-0.02149451828649518
0.8458458458458459,0.09283984715963171,0.1183752911423496,0.515796598,0.08,-0.2143242040346749,-0.16254665166297144,0.845846219380719,0.07184720112101148,-0.02149451828649518
0.8468468468468469,0.0926252546141852,0.11821110590795417,0.515796598,0.08,-0.21452442064298083,-0.16425171364149804,0.8468472179561689,0.07182568513882671,-0.021494518286502284
0.8478478478478478,0.09241036884002615,0.11804645888280707,0.515796598,0.08,-0.21469230569102393,-0.16482419733616638,0.8478482165316188,0.07180416915664194,-0.021494518286502284
0.8488488488488488,0.09219544018837736,0.1178811275349088,0.515796598,0.08,-0.21547665823334938,-0.166239105987934,0.8488492151070687,0.07178265317445717,-0.021494518286502284
0.8498498498498498,0.0919789841388583,0.1177136478598082,0.515796598,0.08,-0.21623959346955957,-0.1678003986977501,0.8498502136825186,0.07176113719227241,-0.02149451828649518
0.8508508508508509,0.0917625280893392,0.11754519080077916,0.515796598,0.08,-0.21635062808852012,-0.16861030382398212,0.8508512122579684,0.07173962121008765,-0.02149451828649518
0.8518518518518519,0.09154584974829068,0.1173760896939944,0.515796598,0.08,-0.21648900343456035,-0.1702186744153451,0.8518522108334183,0.07171810522790288,-0.02149451828649518
0.8528528528528528,0.0913291166710518,0.11720441267382152,0.515796598,0.08,-0.21706703097989077,-0.17194802847603796,0.8528532094088682,0.07169658924571812,-0.021494518286502284
0.8538538538538538,0.09111128111770032,0.11703184939674509,0.515796598,0.08,-0.21801588484229484,-0.1729364782568723,0.8538542079843181,0.07167507326353334,-0.021494518286502284
0.8548548548548548,0.0908926484331293,0.11685819349813209,0.515796598,0.08,-0.2184371952573656,-0.17460019250738412,0.854855206559768,0.07165355728134858,-0.02149451828649518
0.8558558558558559,0.09067396941548338,0.11668229946179537,0.515796598,0.08,-0.2184984808873196,-0.17641796276129895,0.8558562051352179,0.07163204129916381,-0.02149451828649518
0.8568568568568569,0.09045521403695847,0.11650500438349484,0.515796598,0.08,-0.21873580937808157,-0.1778294414936923,0.8568572037106676,0.07161052531697905,-0.02149451828649518
0.8578578578578578,0.09023605988719895,0.1163262845639101,0.515796598,0.08,-0.2198667301327788,-0.1794108119247113,0.8578582022861175,0.07158900933479428,-0.02149451828649518
0.8588588588588588,0.09001504040305902,0.11614582357884078,0.515796598,0.08,-0.22079846465578612,-0.18117242399628708,0.8588592008615674,0.07156749335260952,-0.021494518286502284
0.8598598598598598,0.0897940209189191,0.11596357700836199,0.515796598,0.08,-0.22079846465579323,-0.18284411401525347,0.8598601994370173,0.07154597737042474,-0.021494518286502284
0.8608608608608609,0.08957300143477914,0.11577976929652796,0.515796598,0.08,-0.22079846465578612,-0.18438947266268713,0.8608611980124672,0.07152446138823998,-0.02149451828649518
0.8618618618618619,0.08935198195063922,0.11559442891494318,0.515796598,0.08,-0.22183551194940065,-0.18623503028513255,0.8618621965879171,0.07150294540605522,-0.024862590600442047
0.8628628628628628,0.08912888629574131,0.11540692639305422,0.515796598,0.08,-0.22310294892338334,-0.1881398910993255,0.862863195163367,0.07147468655269391,-0.031154773750152742
0.8638638638638638,0.08890532940024207,0.1152177724763059,0.515796598,0.08,-0.22335473693227925,-0.19000649907847134,0.8638641937388168,0.07144057363777048,-0.034078884585923674
0.8648648648648649,0.08868172966524625,0.11502653300150573,0.515796598,0.08,-0.22338696315171092,-0.19196322087127982,0.8648651923142667,0.07140646072284705,-0.034078884585923674
0.8658658658658659,0.08845810825279117,0.11483346172381081,0.515796598,0.08,-0.22404388016188648,-0.1935656723486403,0.8658661908897166,0.07137234780792362,-0.034078884585923674
0.8668668668668669,0.08823319336862587,0.1146390141379449,0.515796598,0.08,-0.2253097165179625,-0.19590945052994613,0.8668671894651665,0.07133823489300019,-0.034078884585923674
0.8678678678678678,0.08800703774925171,0.11444125061163876,0.515796598,0.08,-0.22598430139090908,-0.19813928002680825,0.8678681880406164,0.07130412197807676,-0.034078884585923674
0.8688688688688688,0.08778077234482025,0.114242338902656,0.515796598,0.08,-0.22612825542360326,-0.19997976801315787,0.8688691866160662,0.07127000906315333,-0.034078884585937885
0.8698698698698699,0.08755432852918443,0.11404089071571653,0.515796598,0.08,-0.22653499459991622,-0.20246461135386795,0.869870185191516,0.0712358961482299,-0.034078884585923674
0.8708708708708709,0.08732724883210768,0.11383700434539097,0.515796598,0.08,-0.22778458118075662,-0.20426197524916034,0.8708711837669659,0.07120178323330646,-0.03407888458593078
0.8718718718718719,0.08709830334163537,0.11363195783233485,0.515796598,0.08,-0.22875769821732206,-0.20699226591261066,0.8718721823424158,0.07116767031838303,-0.03407888458593078
0.8728728728728729,0.08686927546230325,0.113422605414635,0.515796598,0.08,-0.22903084216261504,-0.20942040964158792,0.8728731809178657,0.0711335574034596,-0.034078884585923674
0.8738738738738738,0.08663978313710563,0.11321269775297231,0.515796598,0.08,-0.22932638072745704,-0.21175767599644502,0.8738741794933156,0.07109944448853617,-0.034078884585923674
0.8748748748748749,0.086410163588975,0.11299866612335083,0.515796598,0.08,-0.23054470627314316,-0.2146878789980562,0.8748751780687655,0.07106533157361274,-0.034078884585923674
0.8758758758758759,0.0861782321735958,0.11278289218941262,0.515796598,0.08,-0.23169948396383688,-0.21683315250044188,0.8758761766442154,0.0710312186586893,-0.03865573583919257
0.8768768768768769,0.08594630075821659,0.11256456571794454,0.515796598,0.08,-0.23210973560716752,-0.22004912063508186,0.8768771752196652,0.07098794290059673,-0.04961225933679003
0.8778778778778779,0.0857135480182261,0.11234235340936242,0.515796598,0.08,-0.23253019440993938,-0.2225804521974979,0.8778781737951151,0.07093189505684734,-0.0559919315811257
0.8788788788788788,0.08548077484348199,0.11211895920703865,0.515796598,0.08,-0.23360275930764374,-0.22568893507693844,0.878879172370565,0.07087584721309795,-0.0559919315811328
0.8798798798798799,0.085245874826419,0.1118905237095087,0.515796598,0.08,-0.23477430979865233,-0.22888301196623217,0.8798801709460149,0.07081979936934854,-0.0559919315811328
0.8808808808808809,0.08501075620524642,0.11166073495885799,0.515796598,0.08,-0.23538711056697537,-0.23181624545602375,0.8808811695214648,0.07076375152559915,-0.05599193158111859
0.8818818818818819,0.08477462935981846,0.11142642712200916,0.515796598,0.08,-0.23597371914558352,-0.2351151311389259,0.8818821680969146,0.07070770368184975,-0.0559919315811257
0.8828828828828829,0.08453833634709712,0.1111900339956169,0.515796598,0.08,-0.23696626462105286,-0.23846940017048723,0.8828831666723644,0.07065165583810036,-0.0559919315811257
0.8838838838838838,0.08430022242364019,0.11094901090545164,0.515796598,0.08,-0.23807492591347312,-0.242132052067646,0.8838841652478143,0.07059560799435097,-0.0559919315811257
0.8848848848848849,0.08406170986879186,0.11070528514262862,0.515796598,0.08,-0.23889286729011872,-0.2459290664184408,0.8848851638232642,0.07053956015060156,-0.058373112902110336
0.8858858858858859,0.08382195842506135,0.11045666042213143,0.515796598,0.08,-0.23966518509039503,-0.25003579445282753,0.8858861623987141,0.07047874518863179,-0.06125857553725922
0.8868868868868869,0.0835818996884307,0.11020471298156191,0.515796598,0.08,-0.24065358947132154,-0.25382115648465486,0.886887160974164,0.0704169206569078,-0.06176285685141636
0.8878878878878879,0.08334016945715081,0.10994850995869869,0.515796598,0.08,-0.24170363474561185,-0.25776669119372286,0.8878881595496139,0.07035509612518383,-0.06176285685140215
0.8888888888888888,0.08309800852777885,0.10968866354974266,0.515796598,0.08,-0.24272407494675718,-0.26184585492943313,0.8888891581250637,0.07029327159345986,-0.06176285685140215
0.8898898898898899,0.08285423537317331,0.10942429403291404,0.515796598,0.08,-0.24372272203988388,-0.2665799378711853,0.8898901567005136,0.07023144706173588,-0.061762856851409254
0.8908908908908909,0.0826100751503216,0.10915496998043094,0.515796598,0.08,-0.24473950384928855,-0.27119836306275147,0.8908911552759635,0.07016962253001191,-0.061762856851409254
0.8918918918918919,0.08236426639649806,0.10888135436712276,0.515796598,0.08,-0.24572689089353617,-0.2757402003751963,0.8918921538514134,0.07010779799828794,-0.06187688300833116
0.8928928928928929,0.08211812942280701,0.10860293754724737,0.515796598,0.08,-0.24701240382262313,-0.2807018346804355,0.8928931524268633,0.07004574518652266,-0.06508034941595753
0.8938938938938938,0.08186974706952585,0.1083193887321269,0.515796598,0.08,-0.24829074226363446,-0.2858397768557026,0.8938941510023131,0.06997750732417762,-0.06816978966666909
0.8948948948948949,0.08162105085971663,0.10803068574173043,0.515796598,0.08,-0.2492212001433245,-0.2913865311354513,0.894895149577763,0.06990926946183257,-0.06816978966666909
0.8958958958958959,0.08137080572789755,0.10773603231343729,0.515796598,0.08,-0.2500686233930196,-0.2969534227333881,0.8958961481532128,0.06984103159948751,-0.0681697896666762
0.8968968968968969,0.08112041297504594,0.10743618439491685,0.515796598,0.08,-0.251581203691579,-0.3029149539079654,0.8968971467286627,0.06977279373714246,-0.0681697896666762
0.8978978978978979,0.08086713965444094,0.10712959596927721,0.515796598,0.08,-0.25309961928338254,-0.30912460830612787,0.8978981453041126,0.0697045558747974,-0.06816978966666909
0.8988988988988988,0.08061370703053466,0.10681731631021991,0.515796598,0.08,-0.25378732756310285,-0.31521232712410097,0.8988991438795625,0.06963631801245235,-0.06816978966666909
0.8998998998998999,0.08035905691657685,0.10649854025931904,0.515796598,0.08,-0.2547856043554404,-0.3225918512663952,0.8999001424550124,0.06956808015010729,-0.07381328751689153
0.9009009009009009,0.08010362574053376,0.10617148677815504,0.515796598,0.08,-0.25652327089935056,-0.3297756795592761,0.9009011410304623,0.06948854402114499,-0.0795833569957125
0.9019019019019019,0.07984549681467627,0.10583832868862982,0.515796598,0.08,-0.25806226622572126,-0.33689980601808145,0.9019021396059121,0.06940875449614284,-0.07970992862431103
0.9029029029029029,0.0795869845669087,0.10549701269203277,0.515796598,0.08,-0.25859587278311835,-0.3454677535921604,0.902903138181362,0.06932896497114069,-0.07970992862431103
0.9039039039039038,0.07932778735965502,0.10514670155431119,0.515796598,0.08,-0.2599573972971143,-0.35411673074848693,0.9039041367568119,0.06924917544613854,-0.07970992862431103
0.9049049049049049,0.07906654933708462,0.10478807028813186,0.515796598,0.08,-0.2619928665821263,-0.3626281944139649,0.9049051353322618,0.06916938592113639,-0.07970992862431103
0.9059059059059059,0.07880327711624735,0.10442071918311203,0.515796598,0.08,-0.26325014878813846,-0.3725786036469998,0.9059061339077117,0.06908959639613424,-0.08985900276828573
0.9069069069069069,0.07853952201218345,0.10404216717772748,0.515796598,0.08,-0.26360931193655546,-0.3833051872243871,0.9069071324831615,0.0689894884536116,-0.10062954306766869
0.9079079079079079,0.078275530746004,0.10365334143091108,0.515796598,0.08,-0.265725706042403,-0.39359734214536246,0.9079081310586113,0.06888813633761644,-0.10125100922306984
0.9089089089089089,0.07800753861670318,0.1032541845107698,0.515796598,0.08,-0.2680933147763298,-0.4044200456597693,0.9089091296340612,0.06878678422162128,-0.10125100922306274
0.9099099099099099,0.07773880739309844,0.10284369168985047,0.515796598,0.08,-0.26861694688543736,-0.41623173503204214,0.9099101282095111,0.06868543210562614,-0.10183526653505481
0.9109109109109109,0.07746976695126682,0.10242088774393886,0.515796598,0.08,-0.2694892457581446,-0.4291794343320632,0.910911126784961,0.06858291030815698,-0.10489999067920053
0.9119119119119119,0.07719928938357264,0.10198447360309962,0.515796598,0.08,-0.27219756853155275,-0.44313080397738247,0.9119121253604109,0.06847542262315696,-0.10738045751135417
0.9129129129129129,0.07692482687412659,0.1015337389872274,0.515796598,0.08,-0.2741880469365938,-0.45779045599562096,0.9129131239358608,0.06836793493815693,-0.10738045751136127
0.9139139139139139,0.07665036436468056,0.10106797619369899,0.515796598,0.08,-0.2741880469366009,-0.4733987834652851,0.9139141225113107,0.06826044725315691,-0.10738045751135417
0.914914914914915,0.07637590185523449,0.10058599367498455,0.515796598,0.08,-0.2764357344705033,-0.49029948442913707,0.9149151210867605,0.0681529595681569,-0.11217026744190406
0.9159159159159159,0.07609693947084568,0.10008639564429128,0.515796598,0.08,-0.2794121734918491,-0.5087526274804048,0.9159161196622104,0.06803588269732255,-0.11891446674646033
0.9169169169169169,0.07581651812452009,0.09956746989624501,0.515796598,0.08,-0.28019568399258077,-0.5247931855505286,0.9169171182376603,0.06791489314452971,-0.12086885612046672
0.9179179179179179,0.07553598715054022,0.09903575863618215,0.515796598,0.08,-0.28117893518086134,-0.5312681235260825,0.9179181168131102,0.06779390359173687,-0.12086885612046672
0.9189189189189189,0.07525359733336723,0.09850387004934598,0.515796598,0.08,-0.2840661049629034,-0.5314910010986011,0.91891911538856,0.06767291403894403,-0.12079488674501704
0.91991991991992,0.07496728623970357,0.09797171258793667,0.515796598,0.08,-0.2862226562294339,-0.5318536057789203,0.9199201139640099,0.0675520725726301,-0.12069352813558254
0.9209209209209209,0.07468057900257755,0.09743909806580456,0.515796598,0.08,-0.2865320570516019,-0.5324042089766792,0.9209211125394597,0.06743128593948455,-0.12066613890160482
0.9219219219219219,0.07439364848784852,0.0969058382956911,0.515796598,0.08,-0.28931544659516106,-0.5331623655742064,0.9219221111149096,0.067310499306339,-0.12066613890161193
0.9229229229229229,0.07410136889928394,0.09637170594253289,0.515796598,0.08,-0.2922804410512754,-0.5341282853375802,0.9229231096903595,0.06718971267319346,-0.12067394741928439
0.9239239239239239,0.07380850245971785,0.09583651239911939,0.515796598,0.08,-0.2929766419622766,-0.5352745382650284,0.9239241082658094,0.06706891040741778,-0.12068446169051583
0.924924924924925,0.07351482907553562,0.09530008524530559,0.515796598,0.08,-0.2951689324280409,-0.5366009145904442,0.9249251068412593,0.06694810272473117,-0.12068716744407482
0.9259259259259259,0.07321757366606808,0.09476223629383317,0.515796598,0.08,-0.29787786078043155,-0.5381152899870685,0.9259261054167092,0.06682729504204457,-0.12068716744406771
0.9269269269269269,0.07291847700190114,0.09422277735744361,0.515796598,0.08,-0.2996347443511169,-0.5398295263128574,0.926927103992159,0.06670648735935798,-0.12276828960189334
0.9279279279279279,0.0726177043080078,0.09368149650141507,0.515796598,0.08,-0.3016294689236716,-0.541783272077069,0.9279281025676089,0.06658151327604074,-0.12552024593335886
0.9289289289289289,0.07231461420125317,0.09313812616209415,0.515796598,0.08,-0.3041306731392197,-0.5439250434759657,0.9289291011430588,0.06645519618461916,-0.12619108010699165
0.92992992992993,0.07200883409151285,0.09259255747543713,0.515796598,0.08,-0.3065660614288035,-0.5462151920002754,0.9299300997185087,0.06632887909319758,-0.12619108010699165
0.9309309309309309,0.0717008683325268,0.09204460225418563,0.515796598,0.08,-0.3086077776577554,-0.5486933395958218,0.9309310982939586,0.066202562001776,-0.13703690694960358
0.9319319319319319,0.07139100070280864,0.09149407231108116,0.515796598,0.08,-0.31124083578257,-0.551359486262541,0.9319320968694084,0.06605453159591636,-0.14853003584984492
0.9329329329329329,0.07107776355618534,0.09094077945886525,0.515796598,0.08,-0.314274127071279,-0.5542809710976755,0.9329330954448583,0.0659052052931816,-0.14917733790744592
0.933933933933934,0.0707618232712345,0.09038440069727197,0.515796598,0.08,-0.316560696900801,-0.557422430355345,0.9339340940203081,0.06575587899044684,-0.15187817014187033
0.934934934934935,0.07044400840723475,0.08982481863733298,0.515796598,0.08,-0.3190688540064812,-0.5606964380084705,0.934935092595758,0.0656011456292737,-0.15563669160454197
0.9359359359359359,0.07012304678673706,0.08926188530586364,0.515796598,0.08,-0.3221805264541544,-0.5641383578028965,0.9359360911712079,0.06544429477727907,-0.1566943808327821
0.9369369369369369,0.0697990023482675,0.08869541251560549,0.515796598,0.08,-0.324733206531441,-0.5677682766685308,0.9369370897466578,0.06528744392528446,-0.16860125425423433
0.9379379379379379,0.06947293025714459,0.08812521207930005,0.515796598,0.08,-0.3271127296935248,-0.5716213823995488,0.9379380883221077,0.06510675554662397,-0.18696996711670977
0.938938938938939,0.06914412200854071,0.08755102536365442,0.515796598,0.08,-0.3304747796731391,-0.5757506676580064,0.9389390868975576,0.064913130583813,-0.1936845700523122
0.93993993993994,0.06881131908662776,0.08697255808999468,0.515796598,0.08,-0.33353262243943504,-0.5800446526149159,0.9399400854730074,0.064718999589206,-0.19525472620019002
0.9409409409409409,0.06847638903068401,0.08638977480786882,0.515796598,0.08,-0.33562843065638504,-0.5844503446082498,0.9409410840484573,0.06452223117826049,-0.19657211885348858
0.9419419419419419,0.0681393902965249,0.08580248733001823,0.515796598,0.08,-0.3394112507586513,-0.5890440356727922,0.9419420826239072,0.06432546276731498,-0.19659490837089777
0.9429429429429429,0.06779688702716319,0.08521050746918457,0.515796598,0.08,-0.3430597676912086,-0.5938257258085002,0.9429430811993571,0.06412864873182056,-0.19662684975693878
0.943943943943944,0.06745258395480073,0.08461364703810928,0.515796598,0.08,-0.3450967936427034,-0.5989216172418068,0.9439440797748069,0.0639318163743112,-0.1966418383862063
0.944944944944945,0.06710600255540601,0.08401146519242414,0.515796598,0.08,-0.3491324702544105,-0.6042386159937863,0.9449450783502568,0.0637349723316237,-0.19666371744272126
0.9459459459459459,0.06675362005038751,0.08340396011920283,0.515796598,0.08,-0.3528639209856408,-0.6096293000120028,0.9459460769257066,0.0635380961723055,-0.1966797597386325
0.9469469469469469,0.0663995682791585,0.08279098611332106,0.515796598,0.08,-0.3556054721045925,-0.6151867632753962,0.9469470755011565,0.06334122001298731,-0.1967247295159673
0.9479479479479479,0.06604169718331127,0.08217235498752037,0.515796598,0.08,-0.3598571310728147,-0.6209322256100123,0.9479480740766064,0.06314425382430301,-0.19677952975419188
0.948948948948949,0.065679133582316,0.08154787855454222,0.515796598,0.08,-0.36285386547833554,-0.6269352791067959,0.9489490726520563,0.06294726795506402,-0.19680445624129206
0.94994994994995,0.06531526301818945,0.08091722930362284,0.515796598,0.08,-0.36700938241469316,-0.6332401038595776,0.9499500712275062,0.06275025186362357,-0.19684462510554823
0.950950950950951,0.06494438006396828,0.08028013059886742,0.515796598,0.08,-0.3717125863806743,-0.6396752240140486,0.9509510698029561,0.06255318557643277,-0.1968696979436011
0.9519519519519519,0.06457109367608602,0.07963659822451567,0.515796598,0.08,-0.3740827185574602,-0.6461964594763501,0.951952068378406,0.06235611928924198,-0.19675152579271682
0.9529529529529529,0.06419546571250193,0.07898644399330919,0.515796598,0.08,-0.3794294175710853,-0.6529056940098386,0.9529530669538558,0.062159289582360576,-0.19662473341977105
0.953953953953954,0.06381147522249024,0.07832947971798943,0.515796598,0.08,-0.3836064995216475,-0.6598029276145354,0.9539540655293057,0.06196247713313917,-0.1992762823964611
0.954954954954955,0.06342748473247858,0.07766551721129805,0.515796598,0.08,-0.3875035847790187,-0.6670843040065577,0.9549550641047556,0.061760339032760965,-0.20476048688818338
0.955955955955956,0.06303569226997971,0.07699397560586421,0.515796598,0.08,-0.39324023331099767,-0.6745768422528187,0.9559560626802055,0.061552547221772176,-0.22263291028025023
0.9569569569569569,0.06264021699812225,0.07631501302260375,0.515796598,0.08,-0.3964818238400589,-0.682073124275604,0.9569570612556553,0.0613146285806834,-0.3125276761169751
0.9579579579579579,0.06224193486489452,0.07562846384555272,0.515796598,0.08,-0.4020541564490756,-0.6897461310080146,0.9579580598311052,0.06092686770460869,-0.40978246773513405
0.958958958958959,0.06183530377199795,0.07493413988745254,0.515796598,0.08,-0.40674114246048276,-0.6976071368115981,0.958959058406555,0.060494245247788986,-0.4077062822487143
0.95995995995996,0.06142763828339202,0.07423185296104497,0.515796598,0.08,-0.41189950681843257,-0.705771216434691,0.9599600569820049,0.060110640889142836,-0.3538431588939055
0.960960960960961,0.061010680134723834,0.07352118449919494,0.515796598,0.08,-0.4179462389214663,-0.7142515806817755,0.9609610555574548,0.05978585225181801,-0.30326179439730794
0.9619619619619619,0.060590909076342056,0.07280191986658699,0.515796598,0.08,-0.42269954362251383,-0.7228167576732076,0.9619620541329047,0.05950351164078267,-0.2843195497234099
0.9629629629629629,0.06016443480214625,0.07207410390325261,0.515796598,0.08,-0.42902391430677156,-0.731453536604505,0.9629630527083546,0.059216645323326635,-0.28711752639063093
0.963963963963964,0.05973200234099314,0.07133754842193328,0.515796598,0.08,-0.4346452551017421,-0.7402783146069751,0.9639640512838045,0.05892870317097524,-0.287923687718763
0.964964964964965,0.05929427413127186,0.07059206523537072,0.515796598,0.08,-0.4410239454984257,-0.7493008411439916,0.9649650498592544,0.05864022292083712,-0.2876302803287345
0.965965965965966,0.0588490715191745,0.06983744663786125,0.515796598,0.08,-0.44731631122978754,-0.7587690313919069,0.9659660484347042,0.05835286816924461,-0.28645720711053
0.9669669669669669,0.05839874598066169,0.06907300811546704,0.515796598,0.08,-0.45378967093400036,-0.7684273596691327,0.9669670470101541,0.058066736408347135,-0.2893490765090476
0.9679679679679679,0.05794058368947682,0.06829905352541057,0.515796598,0.08,-0.4606280091643704,-0.7780279107993096,0.967968045585604,0.057773592142458016,-0.30235780199992845
0.968968968968969,0.0574765677841364,0.06751539468043334,0.515796598,0.08,-0.46740677078723536,-0.7878164610006948,0.9689690441610538,0.05746141695019099,-0.3559765517226836
0.96996996996997,0.057004834398611454,0.066721843393277,0.515796598,0.08,-0.47487992641807253,-0.7977930102732671,0.9699700427365037,0.057060928100122116,-0.42379502835482086
0.970970970970971,0.05652585722073688,0.06591821147668309,0.515796598,0.08,-0.48214641822178095,-0.8081291943831914,0.9709710413119536,0.05661298051085915,-0.42957384952233113
0.9719719719719719,0.05603957630407338,0.06510396712824562,0.515796598,0.08,-0.49018659033831824,-0.8187850981245859,0.9719720398874034,0.05620092247727736,-0.36823605248544666
0.9729729729729729,0.05554450268552505,0.0642790020710283,0.515796598,0.08,-0.4980953466355338,-0.829469253592471,0.9729730384628533,0.055875772982924704,-0.31033312577652694
0.973973973973974,0.05504238842292113,0.06344336802195434,0.515796598,0.08,-0.5066207478334803,-0.8402215759927394,0.9739740370383032,0.05557963644364293,-0.33792529398251503
0.974974974974975,0.05453024693410664,0.0625968767937655,0.515796598,0.08,-0.5153453699554831,-0.8511618974641983,0.9749750356137531,0.05519924750715474,-0.4195667741942266
0.975975975975976,0.05401066596054782,0.06173934019920323,0.515796598,0.08,-0.5242581727211828,-0.8623320696556682,0.975976034189203,0.054739664957093884,-0.49178517628746476
0.9769769769769769,0.05348068102275294,0.06087048626392435,0.515796598,0.08,-0.53399288158327,-0.8739757993978792,0.9769770327646529,0.0542146949853725,-0.5346115824284574
0.9779779779779779,0.052941611142563315,0.05998963889910741,0.515796598,0.08,-0.543179778225948,-0.8857775649839219,0.9779780313401027,0.053669374092234094,-0.5423789713485689
0.978978978978979,0.052393234019297553,0.05909715780549803,0.515796598,0.08,-0.5541411500121995,-0.8974936595830876,0.9789790299155526,0.05312885383002471,-0.5394979493793741
0.97997997997998,0.05183221945084716,0.058192854795837905,0.515796598,0.08,-0.5634866165921011,-0.9093977532534652,0.9799800284910025,0.05258930073466032,-0.5393127318748832
0.980980980980981,0.05126513268477886,0.05727654168286851,0.515796598,0.08,-0.5758986279860636,-0.9214898459950263,0.9809810270664524,0.05204915127736723,-0.5398704545079553
0.9819819819819819,0.050679269244668874,0.056348030279331385,0.515796598,0.08,-0.588982995456881,-0.9340092129523399,0.9819820256419022,0.05150848162288048,-0.539313982869043
0.9829829829829829,0.05008598754872907,0.05540665336864965,0.515796598,0.08,-0.5993801797218481,-0.9468406561880123,0.9829830242173521,0.050969446220223064,-0.5209056224891455
0.983983983983984,0.049479308924905374,0.05445245339006604,0.515796598,0.08,-0.6139625958788315,-0.9596327117717891,0.983984022792802,0.05046563005076954,-0.5472045678774577
0.984984984984985,0.04885683320262526,0.05348546675849585,0.515796598,0.08,-0.6275229749663076,-0.9725005776410569,0.9849850213682518,0.04987394423437305,-0.671361264358552
0.985985985985986,0.0482230066727206,0.05250550528668058,0.515796598,0.08,-0.6418189526522795,-0.9855564425815082,0.9859860199437017,0.049121566712299246,-0.7837188664962795
0.986986986986987,0.0475719103744926,0.05151238078736174,0.515796598,0.08,-0.6584004434713329,-0.9988853387879679,0.9869870185191516,0.04830494129654111,-0.7910649420117757
0.9879879879879879,0.04690488766677202,0.05050573483865667,0.515796598,0.08,-0.6741051679552541,-1.0127046080244533,0.9879880170946015,0.047537856952214984,-0.7655690121288217
0.988988988988989,0.046222350478686246,0.04948494413466007,0.515796598,0.08,-0.6900768123840919,-1.0266387325587942,0.9889890156700514,0.04677227431544205,-0.7599287237928252
0.98998998998999,0.04552335250684386,0.04845040204074109,0.515796598,0.08,-0.7086359187518347,-1.0404703706269665,0.9899900142455013,0.04601648181229485,-0.7858522892644579
0.990990990990991,0.04480365995065458,0.047401920369641165,0.515796598,0.08,-0.7275246645644842,-1.0544900077663222,0.9909910128209511,0.04519900027130655,-0.7955375044544404
0.991991991991992,0.04406684667187996,0.04633931093410185,0.515796598,0.08,-0.7471699071028084,-1.0686976439768685,0.991992011396401,0.044423817994943146,-0.7202161192036449
0.992992992992993,0.04330782430079906,0.045262385546864584,0.515796598,0.08,-0.7687481329401677,-1.08341127214209,0.9929930099718509,0.04375712965262876,-0.6813647094146695
0.993993993993994,0.042527811370698394,0.04417031939828178,0.515796598,0.08,-0.7911124199361339,-1.0984182548720582,0.9939940085473007,0.0430597277879714,-0.7707139462851842
0.994994994994995,0.04172401565227831,0.043063350001575226,0.515796598,0.08,-0.8152489614995098,-1.1133071322112045,0.9949950071227506,0.04221416252800718,-0.9017557267502667
0.995995995995996,0.04089568131764636,0.04194147629075189,0.515796598,0.08,-0.8403780607894653,-1.128290541549454,0.9959960056982005,0.041254415392209816,-0.9774220658797219
0.996996996996997,0.04004157709213928,0.04080451007855335,0.515796598,0.08,-0.8673079812547684,-1.1434619499588976,0.9969970042736503,0.04025736633688941,-0.9903739568217951
0.997997997997998,0.03915932900282194,0.03965226317772099,0.515796598,0.08,-0.8966992859547496,-1.1589606485408872,0.9979980028491002,0.03927168955232725,-0.9842680353174948
0.998998998998999,0.03824638332646404,0.03848426853993288,0.515796598,0.08,-0.9287348369095767,-1.1749554572716612,0.9989990014245501,0.03828686453446207,-0.9848613178301058
1.0,0.0373,0.0373,0.515796598,0.08,-0.9454369431375956,-1.1830842713929721,1.0,0.037299999999999986,-0.985880058838795
