x_gr,p_gr,dUdx_gr,x_nmc,p_nmc,dUdx_nmc,p_gr_1mV,x_gr_1mV,dxdU_gr_1mV,p_nmc_1mV,x_nmc_1mV,dxdU_nmc_1mV
3.2655830539958612e-06,1.0000000000000002,-62.27324820511404,0.0,4.298644599402112,-4.741595492233573,0.037299999999999986,1.0,-1.0730470202735534,3.4197271313886373,1.0,-0.023745320210546823
1.099909317717776e-05,0.9995184092046026,-62.273248205114214,0.001001001001001,4.293898257568045,-4.114837391202855,0.03829999999999999,0.9989269529797264,-1.0728688229285126,3.420727131388637,0.9999762546797895,-0.02374532021048026
1.8732603300357875e-05,0.9990368184092049,-62.27324820512149,0.002002002002002,4.290406686707012,-2.9849291754158003,0.03929999999999999,0.997854262354143,-1.0698790922118064,3.421727131388637,0.999952509359579,-0.02374532021048026
2.646611342353799e-05,0.9985552276138072,-62.27324820512149,0.003003003003003,4.287922423383028,-2.1022369321790393,0.04029999999999999,0.9967871947953029,-1.0585713830017767,3.422727131388637,0.9999287640393685,-0.023745320210537102
3.419962354671989e-05,0.9980736368184095,-62.27324820512149,0.004004004004004,4.2861980041601075,-1.46676066148666,0.04129999999999999,0.9957371195881394,-1.0797075098613504,3.423727131388637,0.9999050187191579,-0.02374532021048026
4.1933133669900005e-05,0.9975920460230119,-62.273248205128766,0.005005005005005,4.284985965602274,-1.0271605681905385,0.04229999999999999,0.9946277797755801,-1.2271434435509718,3.4247271313886367,0.9998812733989475,-0.023745320210537102
4.966664379308012e-05,0.9971104552276142,-62.273248205128766,0.006006006006006,4.284141626646212,-1.1165464267205607,0.04329999999999999,0.9932828327010375,-1.5282037702210687,3.4257271313886366,0.999857528078737,-0.023745320210593945
5.7400153916260236e-05,0.9966288644322165,-62.273248205128766,0.007007007007007,4.282750637420651,-1.4172615906691135,0.04429999999999999,0.991571372235138,-1.5718378893678278,3.4267271313886365,0.9998337827585264,-0.02374532021048026
6.513366403944214e-05,0.9961472736368189,-62.273248205114214,0.008008008008008,4.281304266104333,-1.4325234986918076,0.04529999999999999,0.9901391569223018,-1.3935512844628875,3.4277271313886364,0.999810037438316,-0.02374532021048026
7.286717416262225e-05,0.9956656828414212,-62.273248205128766,0.009009009009009,4.279882722508355,-1.3974966570385732,0.046299999999999994,0.9887842696662122,-1.4049953888015807,3.4287271313886363,0.9997862921181054,-0.023745320210537102
8.060068428580237e-05,0.9951840920460235,-62.273248205128766,0.01001001001001,4.27850647499915,-1.3937254523452793,0.047299999999999995,0.9873291661446987,-1.4413183796734188,3.429727131388636,0.9997625467978949,-0.02374532021048026
8.833419440898248e-05,0.9947025012506259,-62.27324820512149,0.011011011011011,4.277092481362519,-1.414980011395528,0.048299999999999996,0.9859016329068654,-1.3759867411093865,3.430727131388636,0.9997388014776845,-0.02374532021048026
9.606770453216438e-05,0.9942209104552283,-62.27324820510694,0.012012012012012,4.275673682183543,-1.4182415790041887,0.0493,0.9845771926624799,-1.4611236029444399,3.431727131388636,0.9997150561574739,-0.023745320210537102
0.0001038012146553445,0.9937393196598306,-62.273248205128766,0.013013013013013,4.27425315888203,-1.420284288730727,0.0503,0.9829793857009765,-1.9443539595281436,3.432727131388636,0.9996913108372634,-0.02374532021048026
0.00011153472477852461,0.993257728864433,-62.273248205128766,0.014014014014014,4.272830270194091,-1.409371592675143,0.0513,0.9806884847434236,-2.2183125031325517,3.4337271313886357,0.9996675655170529,-0.02374532021048026
0.00011926823490170651,0.9927761380690353,-62.27324820510694,0.015015015015015,4.27143159413193,-1.379287849494176,0.0523,0.9785427606947114,-2.1453139918518787,3.4347271313886356,0.9996438201968424,-0.023745320210537102
0.00012700174502488663,0.9922945472736376,-62.273248205128766,0.016016016016016,4.270068933158067,-1.3550684705523963,0.0533,0.9763978567597198,-2.135396425915701,3.4357271313886355,0.9996200748766318,-0.023745320210537102
0.00013473525514806674,0.99181295647824,-62.27324820512149,0.017017017017017,4.268718744341033,-1.3906009835109217,0.0543,0.9742719678428801,-2.301411655204447,3.4367271313886354,0.9995963295564214,-0.023745320210537102
0.00014246876527124685,0.9913313656828424,-62.27324820512149,0.018018018018018,4.267284947205092,-1.4122146195127243,0.0553,0.971795033449311,-3.062728255973468,3.4377271313886353,0.9995725842362109,-0.023745320210537102
0.00015020227539442875,0.9908497748874447,-62.27324820512149,0.019019019019019,4.265891487845512,-1.3737793036366384,0.0563,0.9681465113309331,-3.2245253520752613,3.438727131388635,0.9995488389160003,-0.02374532021048026
0.00015793578551760888,0.9903681840920471,-62.27324820513604,0.02002002002002,4.264534638288903,-1.3618107710049117,0.057300000000000004,0.9653459827451604,-3.3809412103959176,3.439727131388635,0.9995250935957899,-0.02374532021048026
0.000165669295640789,0.9898865932966494,-62.273248205128766,0.021021021021021,4.263165139955612,-1.3598358552617356,0.058300000000000005,0.9613846289101412,-4.131297438032789,3.440727131388635,0.9995013482755793,-0.023745320210537102
0.0001734028057639691,0.9894050025012517,-62.27324820513604,0.022022022022022,4.2618122441842745,-1.3725860202525837,0.059300000000000005,0.9570833878690949,-4.126314274157721,3.441727131388635,0.9994776029553688,-0.02374532021048026
0.000181136315887151,0.9889234117058541,-62.27324820512149,0.023023023023023,4.260417219995147,-1.3864895132242054,0.060300000000000006,0.9531320003618258,-3.431896358145991,3.4427271313886347,0.9994538576351584,-0.02374532021048026
0.00018886982601033114,0.9884418209104564,-62.27324821265938,0.024024024024024,4.259036489403045,-1.3771002392904848,0.06130000000000001,0.9502195951528029,-4.460168556550343,3.4437271313886346,0.9994301123149478,-0.023745320210537102
0.00019660333613351124,0.9879602301149424,-62.273248212652106,0.025025025025025,4.25766026255913,-1.3622203996133067,0.06230000000000001,0.9442116632487251,-6.222793961906291,3.4447271313886345,0.9994063669947373,-0.02374532021048026
0.00020433684625669314,0.9874786393195447,-62.273248205114214,0.026026026026026,4.256309321435851,-1.35885511979086,0.06330000000000001,0.9377740072289902,-6.437366512933352,3.4457271313886344,0.9993826216745268,-0.023745320210537102
0.00021207035637987325,0.986997048524147,-62.273248205114214,0.027027027027027,4.254939831888879,-1.3710773162483747,0.06430000000000001,0.9313369302228584,-6.520916857766679,3.4467271313886343,0.9993588763543163,-0.023745320210593945
0.00021980386650305336,0.9865154577287496,-62.27324820509966,0.028028028028028,4.253564421903823,-1.3641357710039301,0.06530000000000001,0.9247321735134568,-7.600956894642877,3.447727131388634,0.9993351310341058,-0.02374532021048026
0.0002275373766262335,0.986033866933352,-62.273248205114214,0.029029029029029,4.252208829344327,-1.3483161975000257,0.06630000000000001,0.9161350164335725,-9.572012336434454,3.448727131388634,0.9993113857138953,-0.02374532021048026
0.0002352708867494154,0.9855522761379544,-62.27324820512149,0.03003003003003,4.250865090177096,-1.3316914617362272,0.06730000000000001,0.9055881488405879,-10.75468101663597,3.449727131388634,0.9992876403936848,-0.023745320210537102
0.0002430043968725955,0.9850706853425566,-62.27324820513604,0.031031031031031,4.249542780371882,-1.319098356369068,0.06830000000000001,0.8946256544003006,-12.182636051658221,3.450727131388634,0.9992638950734742,-0.02374532021048026
0.00025073790699577564,0.9845890945471588,-62.27324820512149,0.032032032032032,4.248224252626808,-1.338429596707556,0.06930000000000001,0.8812228767372714,-16.233789798837392,3.4517271313886337,0.9992401497532638,-0.02374532021048026
0.0002584714171189575,0.9841075037517614,-62.27324820510694,0.033033033033033,4.246863241639734,-1.3535662953113388,0.07030000000000002,0.8621580748026259,-23.30933795428672,3.4527271313886336,0.9992164044330533,-0.023745320210537102
0.00026620492724213765,0.9836259129563636,-62.27324820514332,0.034034034034034,4.245514410193753,-1.3495023983546162,0.07130000000000002,0.834604200828698,-48.76950062879729,3.4537271313886335,0.9991926591128427,-0.02374532021048026
0.00027393843736531773,0.9831443221609659,-62.27324820513604,0.035035035035035,4.244161535136522,-1.3461167270297665,0.07230000000000002,0.7646190735450311,-111.28318549169819,3.4547271313886334,0.9991689137926323,-0.02374532021048026
0.00028167194748849786,0.9826627313655681,-62.273248205114214,0.036036036036036,4.242819481811311,-1.3192725674966823,0.07330000000000002,0.6120378298453013,-97.74131449513692,3.4557271313886333,0.9991451684724217,-0.023745320210537102
0.00028940545761167974,0.9821811405701708,-62.27324820509966,0.037037037037037,4.241520348815207,-1.3125461188965346,0.07430000000000002,0.5691364445547571,-33.08048924486559,3.456727131388633,0.9991214231522112,-0.023745320210537102
0.00029713896773485987,0.981699549774773,-62.27324820514332,0.038038038038038,4.24019176185356,-1.333204770604425,0.07530000000000002,0.5458768513555701,-16.179515917887215,3.457727131388633,0.9990976778320008,-0.023745320210537102
0.00030487247785804,0.9812179589793752,-62.273248205128766,0.039039039039039,4.238851270195378,-1.3444303085502725,0.07630000000000002,0.5367774127189826,-6.823792818827997,3.458727131388633,0.9990739325117902,-0.023745320210537102
0.0003126059879812201,0.9807363681839777,-62.273248205114214,0.04004004004004,4.23750020968429,-1.3466763399319461,0.07730000000000002,0.5322292657179141,-4.2858081425108026,3.459727131388633,0.9990501871915797,-0.02374532021048026
0.000320339498104402,0.98025477738858,-62.27324820510694,0.041041041041041,4.236155221466786,-1.322942894435073,0.07830000000000002,0.528205796433961,-3.2299556146566033,3.4607271313886327,0.9990264418713692,-0.02374532021048026
0.00032807300822758215,0.9797731865931826,-62.27324820512149,0.042042042042042,4.234851675361097,-1.3100873856428734,0.07930000000000002,0.5257693544886008,-2.2783431133291856,3.4617271313886326,0.9990026965511587,-0.02503099630058614
0.00033580651835076223,0.9792915957977849,-62.27324820512149,0.043043043043043,4.233532423897932,-1.327486070019404,0.08030000000000002,0.5236491102073026,-2.1328908122409302,3.4627271313886325,0.9989763798787681,-0.026553798757618097
0.00034354002847394416,0.9788100050023872,-62.273248205128766,0.044044044044044,4.232194045591288,-1.3340882229176714,0.08130000000000003,0.5215035728641191,-2.145630511144759,3.4637271313886324,0.9989495889536435,-0.026790925124601017
0.00035127353859712424,0.9783284142069895,-62.27324820513604,0.045045045045045,4.230861576604804,-1.3519529811824214,0.08230000000000003,0.5193578491850132,-2.1457240427172337,3.4647271313886323,0.9989227980285189,-0.02679092512448733
0.0003590070487203044,0.9778468234115918,-62.273248205128766,0.046046046046046,4.229487433016349,-1.3489831816391415,0.08330000000000003,0.5172121247786846,-2.1457242227246525,3.465727131388632,0.9988960071033944,-0.02679092512448733
0.0003667405588434845,0.9773652326161941,-62.27324820512149,0.047047047047047,4.228160909574496,-1.3428668335086513,0.08430000000000003,0.5150664007395638,-2.145723728371479,3.466727131388632,0.9988692161782698,-0.026790925124544174
0.0003744740689666664,0.9768836418207966,-62.27324820509966,0.048048048048048,4.226799010927242,-1.3452796940932785,0.08530000000000003,0.5129206773219416,-2.1457236244968385,3.467727131388632,0.9988424252531454,-0.026790925124544174
0.0003822075790898465,0.976402051025399,-62.27324820512149,0.049049049049049,4.225467656933668,-1.3509510796534414,0.08630000000000003,0.5107749534905701,-2.1456403502756984,3.468727131388632,0.9988156343280208,-0.026790925124601017
0.0003899410892130266,0.9759204602300013,-62.273248205114214,0.0500500500500501,4.2240944041611685,-1.3562143752615157,0.08730000000000003,0.5086293966213902,-2.130463962555183,3.4697271313886318,0.9987888434028962,-0.026790925124544174
0.00039767459933620674,0.9754388694346038,-62.27324820512149,0.0510510510510511,4.22275251303925,-1.3059585697192233,0.08830000000000003,0.5065140255654598,-2.275499384049766,3.4707271313886316,0.9987620524777717,-0.026790925124544174
0.0004054081094593886,0.974957278639206,-62.273248205114214,0.0520520520520521,4.221479872490058,-1.2893623687850777,0.08930000000000003,0.5040783978532907,-3.0963512188235427,3.4717271313886315,0.9987352615526471,-0.026790925124601017
0.00041314161958256874,0.9744756878438086,-62.27324820512149,0.0530530530530531,4.220171206995636,-1.3118132700315073,0.09030000000000003,0.5003213231278126,-3.2478451764609986,3.4727271313886314,0.9987084706275225,-0.026790925124544174
0.0004208751297057489,0.9739940970484108,-62.27324820513604,0.0540540540540541,4.218853619697203,-1.2977816771381185,0.09130000000000003,0.49758270750036865,-3.196367500532034,3.4737271313886313,0.9986816797023981,-0.026790925124544174
0.00042860863982893075,0.973512506253013,-62.27324820512149,0.0550550550550551,4.217573045479844,-1.3091518487462963,0.09230000000000003,0.4939285881267486,-3.3182503492887463,3.474727131388631,0.9986548887772735,-0.026790925124544174
0.0004363421499521109,0.9730309154576154,-62.273248205114214,0.0560560560560561,4.216232695075088,-1.3318551175584616,0.09330000000000004,0.49094620680179113,-4.334445493147939,3.475727131388631,0.998628097852149,-0.02679092512448733
0.00044407566007529097,0.9725493246622179,-62.273248205114214,0.0570570570570571,4.214906668868116,-1.3284217939749396,0.09430000000000004,0.4852596971404527,-5.106212377578515,3.476727131388631,0.9986013069270244,-0.026790925124544174
0.0004518091701984711,0.9720677338668203,-62.27324820512149,0.0580580580580581,4.213573191984047,-1.327192374446895,0.09530000000000004,0.48073378204663414,-4.5254228591274455,3.477727131388631,0.9985745160018998,-0.026790925124544174
0.00045954268032165303,0.9715861430714225,-62.27324820512149,0.0590590590590591,4.212249627077431,-1.3326547750580175,0.09630000000000004,0.4762088514221978,-5.331129393267673,3.4787271313886308,0.9985477250767754,-0.026790925124544174
0.0004672761904448331,0.9711045522760249,-62.273248205128766,0.0600600600600601,4.210905214456403,-1.3302772924957935,0.09730000000000004,0.47007152326009877,-6.089115234431915,3.4797271313886307,0.9985209341516508,-0.026790925124601017
0.00047500970056801325,0.9706229614806271,-62.273248205128766,0.0610610610610611,4.209586409274636,-1.3012212323728818,0.09830000000000004,0.46403062095333397,-6.541340421857399,3.4807271313886305,0.9984941432265262,-0.026790925124544174
0.0004827432106911934,0.9701413706852295,-62.273248205128766,0.0620620620620621,4.208300166944145,-1.309673121945707,0.09930000000000004,0.45698884241638393,-7.649110710403193,3.4817271313886304,0.9984673523014017,-0.026790925124544174
0.0004904767208143753,0.9696597798898318,-62.27324820508511,0.0630630630630631,4.206964441062533,-1.3154234517242003,0.10030000000000004,0.4487323995325276,-7.562916870440176,3.4827271313886303,0.9984405613762771,-0.026790925124601017
0.0004982102309375553,0.9691781890944345,-62.273248205114214,0.0640640640640641,4.205666686560313,-1.2821174425575919,0.10130000000000004,0.4418630086755036,-8.62923039085453,3.48372713138863,0.9984137704511525,-0.026790925124544174
0.0005059437410607355,0.9686965982990368,-62.27324820513604,0.0650650650650651,4.204397639375731,-1.2834863954713,0.10230000000000004,0.43147393875081846,-9.583104698532651,3.48472713138863,0.9983869795260281,-0.026790925124544174
0.0005136772511839173,0.9682150075036391,-62.27324820510694,0.0660660660660661,4.203097144227037,-1.306798972253091,0.10330000000000004,0.42269679927843823,-9.634962309124688,3.48572713138863,0.9983601886009035,-0.026790925124544174
0.0005214107613070975,0.9677334167082415,-62.273248205128766,0.0670670670670671,4.2017814252170655,-1.3045361543136096,0.10430000000000005,0.4122040141325691,-9.770818970715027,3.48672713138863,0.998333397675779,-0.02679092512448733
0.0005291442714302776,0.9672518259128438,-62.27324820513604,0.0680680680680681,4.200485460234417,-1.3024547638315198,0.10530000000000005,0.4031551613370082,-10.6966213526363,3.4877271313886298,0.9983066067506544,-0.026790925124544174
0.0005368777815534578,0.9667702351174461,-62.273248205128766,0.0690690690690691,4.199173908172357,-1.3057054990667893,0.10630000000000005,0.3908107714272965,-11.634682738488465,3.4887271313886297,0.9982798158255298,-0.026790925124544174
0.0005446112916766396,0.9662886443220484,-62.273248205114214,0.0700700700700701,4.197871435211261,-1.2988251851056702,0.10730000000000005,0.37988579586003124,-11.073766718698266,3.4897271313886296,0.9982530249004054,-0.026790925124544174
0.0005523448017998198,0.9658070535266507,-62.27324820512149,0.0710710710710711,4.196573657551525,-1.2845554048963095,0.10830000000000005,0.3686632379898999,-12.745714494210233,3.4907271313886294,0.9982262339752808,-0.026790925124601017
0.0005600783119229999,0.9653254627312532,-62.27324820510694,0.0720720720720721,4.1952997527189755,-1.301178091181555,0.10930000000000005,0.35439436687161074,-13.825207155418383,3.4917271313886293,0.9981994430501562,-0.026790925124544174
0.00056781182204618,0.9648438719358557,-62.273248205128766,0.0730730730730731,4.193968696408018,-1.2972046849827166,0.11030000000000005,0.3410128236790631,-14.191244439496643,3.4927271313886292,0.9981726521250317,-0.026790925124544174
0.0005755453321693619,0.9643622811404579,-62.27324820512149,0.0740740740740741,4.1927027463426345,-1.2835429255151212,0.11130000000000005,0.32601187799261744,-15.870284130668324,3.493727131388629,0.9981458611999071,-0.026790925124544174
0.000583278842292542,0.9638806903450603,-62.27324820512149,0.0750750750750751,4.191399040901482,-1.2909335132740125,0.11230000000000005,0.3092722554177264,-16.000707407374392,3.494727131388629,0.9981190702747826,-0.026790925124544174
0.0005910123524157221,0.9633990995496625,-62.273248205114214,0.0760760760760761,4.190118294864609,-1.2862453792822635,0.11330000000000005,0.2940104631778686,-15.40634048739767,3.495727131388629,0.998092279349658,-0.026790925124601017
0.000598745862538904,0.9629175087542649,-62.27324820509966,0.0770770770770771,4.188823975077093,-1.2830057933774697,0.11430000000000005,0.27845957444293107,-14.926789451129224,3.496727131388629,0.9980654884245335,-0.026790925124544174
0.0006064793726620842,0.9624359179588675,-62.27324820510694,0.0780780780780781,4.187549714697687,-1.2891329621534169,0.11530000000000006,0.2641568842756101,-12.47807789489984,3.4977271313886287,0.998038697499409,-0.02679092512448733
0.0006142128827852642,0.9619543271634698,-62.27324820514332,0.0790790790790791,4.186243128306015,-1.3122884747635908,0.11630000000000006,0.25350341865313136,-8.65306661434569,3.4987271313886286,0.9980119065742844,-0.027774878958553018
0.0006219463929084443,0.9614727363680721,-62.27324820513604,0.0800800800800801,4.184922510544006,-1.318668390685616,0.11730000000000006,0.24685075104691873,-6.447091370947618,3.4997271313886285,0.9979831477414919,-0.029821169881358855
0.0006296799030316262,0.9609911455726743,-62.27324820510694,0.0810810810810811,4.183603151547886,-1.308192154716835,0.11830000000000006,0.2406092359112361,-5.362901125521006,3.5007271313886283,0.9979522642345218,-0.030883506970099006
0.0006374134131548064,0.9605095547772768,-62.27324820510694,0.0820820820820821,4.18230350723126,-1.2973202448297343,0.11930000000000006,0.2361249487958767,-4.510611371789665,3.5017271313886282,0.9979213807275517,-0.030883506970099006
0.0006451469232779865,0.9600279639818793,-62.27324820514332,0.0830830830830831,4.181005913820499,-1.2585977891890252,0.12030000000000006,0.23158801316765676,-5.247528274045635,3.502727131388628,0.9978904972205815,-0.030883506970099006
0.0006528804334011666,0.9595463731864813,-62.27324820514332,0.0840840840840841,4.179783791937589,-1.2518294435521966,0.12130000000000006,0.22562989224778543,-5.092780252240772,3.503727131388628,0.9978596137136114,-0.030883506970099006
0.0006606139435243485,0.9590647823910837,-62.27324820509966,0.0850850850850851,4.178499748768343,-1.2745484021365883,0.12230000000000006,0.2214024526631752,-3.3746932371273175,3.504727131388628,0.9978287302066413,-0.03088350697015585
0.0006683474536475286,0.9585831915956862,-62.273248205114214,0.0860860860860861,4.177232143484864,-1.2873684328851596,0.12330000000000006,0.21888050577353077,-2.148829690555104,3.505727131388628,0.9977978466996712,-0.03088350697015585
0.0006760809637707088,0.9581016008002886,-62.273248205114214,0.0870870870870871,4.175922434588392,-1.2967822648520269,0.12430000000000006,0.217104793282065,-1.5721510072731206,3.5067271313886277,0.9977669631927011,-0.03088350697015585
0.0006838144738938906,0.957620010004891,-62.273248205114214,0.0880880880880881,4.17463598279447,-1.2934326239151233,0.12530000000000008,0.21573620375898453,-1.3572976662902505,3.5077271313886276,0.9977360796857309,-0.03088350697015585
0.0006915479840170708,0.9571384192094934,-62.27324820513604,0.0890890890890891,4.173332979885859,-1.3077916166826071,0.12630000000000008,0.21439019794948447,-1.6340048616584113,3.5087271313886275,0.9977051961787607,-0.030883506970099006
0.0006992814941402509,0.9566568284140956,-62.273248205114214,0.0900900900900901,4.17201778135967,-1.2956003643994336,0.12730000000000008,0.21246819403566772,-1.700427683129874,3.5097271313886274,0.9976743126717906,-0.030883506970099006
0.0007070150042634309,0.956175237618698,-62.27324820509966,0.0910910910910911,4.170739185362536,-1.2820258860092508,0.12830000000000008,0.21098934258322471,-1.2879190632592241,3.5107271313886272,0.9976434291648205,-0.03088350697015585
0.0007147485143866129,0.9556936468233004,-62.27324820513604,0.0920920920920921,4.169451162969261,-1.2698428089925073,0.12930000000000008,0.20989235590914926,-1.0468136596768574,3.511727131388627,0.9976125456578504,-0.03088350697015585
0.0007224820245097929,0.9552120560279027,-62.273248205128766,0.0930930930930931,4.168196957516706,-1.2459806240958642,0.13030000000000008,0.208895715263871,-1.0034643620498827,3.512727131388627,0.9975816621508803,-0.030883506970099006
0.0007302155346329731,0.9547304652325052,-62.273248205114214,0.0940940940940941,4.166956707265365,-1.2504952639155817,0.13130000000000008,0.2078854271850495,-1.0734238337338553,3.513727131388627,0.9975507786439102,-0.030883506970099006
0.0007379490447561551,0.9542488744371075,-62.27324820513604,0.0950950950950951,4.165693463494852,-1.277598237375969,0.13230000000000008,0.2067488675964033,-1.1626772817070048,3.514727131388627,0.9975198951369401,-0.03088350697015585
0.0007456825548793351,0.9537672836417098,-62.27324820513604,0.0960960960960961,4.164398953036384,-1.2918103868964863,0.13330000000000009,0.20556007262163548,-1.2018394567550104,3.5157271313886267,0.9974890116299698,-0.03088350697015585
0.0007534160650025152,0.953285692846312,-62.27324820513604,0.0970970970970971,4.1631072565140785,-1.289034041521063,0.13430000000000009,0.20434518868289325,-1.2445360259171423,3.5167271313886266,0.9974581281229997,-0.03088350697015585
0.0007611495751256954,0.9528041020509144,-62.27324820512149,0.0980980980980981,4.161818304304611,-1.2751913559254717,0.1353000000000001,0.2030710005698012,-1.2861741175791224,3.5177271313886265,0.9974272446160296,-0.03088350697015585
0.0007688830852488772,0.9523225112555167,-62.27324820510694,0.0990990990990991,4.16055432086658,-1.269793063565885,0.1363000000000001,0.20177284044773502,-1.323742543167313,3.5187271313886264,0.9973963611090595,-0.030883506970099006
0.0007766165953720574,0.9518409204601191,-62.273248205114214,0.1001001001001,4.159276176049224,-1.2688690705631416,0.1373000000000001,0.20042351548346657,-1.3902440136911878,3.5197271313886263,0.9973654776020894,-0.030883506970099006
0.0007843501054952375,0.9513593296647216,-62.273248205114214,0.101101101101101,4.158014042447035,-1.2810539498805156,0.1383000000000001,0.19899235242035263,-1.4562297577501937,3.520727131388626,0.9973345940951193,-0.030883506970099006
0.0007920836156184176,0.950877738869324,-62.27324820512149,0.102102102102102,4.156711503476891,-1.2858627745922604,0.1393000000000001,0.19751105596796617,-1.5206562078920314,3.521727131388626,0.9973037105881492,-0.030883506970099006
0.0007998171257415995,0.9503961480739264,-62.27324820510694,0.103103103103103,4.155439742598001,-1.2702516896574707,0.1403000000000001,0.19595104000456856,-1.6058038959310323,3.522727131388626,0.997272827081179,-0.03088350697015585
0.0008075506358647796,0.9499145572785288,-62.27324820513604,0.104104104104104,4.15416845705115,-1.257313771378449,0.1413000000000001,0.19429944817610412,-1.7181792858784064,3.523727131388626,0.9972419435742089,-0.030883506970212693
0.0008152841459879598,0.9494329664831309,-62.27324820514332,0.105105105105105,4.152922597910557,-1.2698961856849564,0.1423000000000001,0.19251468143281175,-1.8065551697989264,3.5247271313886257,0.9972110600672387,-0.03088350697015585
0.0008230176561111417,0.9489513756877332,-62.273248205114214,0.106106106106106,4.151626122345075,-1.2811749658058034,0.1433000000000001,0.19068633783650624,-1.8167094015156238,3.5257271313886256,0.9971801765602686,-0.030883506970099006
0.0008307511662343218,0.9484697848923356,-62.273248205114214,0.107107107107107,4.150357683064098,-1.262189744643365,0.1443000000000001,0.1888812626297805,-1.747733021828921,3.5267271313886255,0.9971492930532985,-0.030883506970099006
0.0008384846763575018,0.947988194096938,-62.27324820512149,0.108108108108108,4.149099215949393,-1.2336280886415807,0.1453000000000001,0.1871908717928484,-1.6243550344979525,3.5277271313886254,0.9971184095463284,-0.030883506970099006
0.000846218186480682,0.9475066033015405,-62.273248205128766,0.109109109109109,4.147887957160911,-1.2311390467848469,0.1463000000000001,0.1856325525607846,-1.4848460701644939,3.5287271313886253,0.9970875260393582,-0.030883506970099006
0.0008539516966038639,0.9470250125061427,-62.273248205128766,0.11011011011011,4.146634473112988,-1.2473480370426842,0.1473000000000001,0.1842211796525194,-1.3684083711031718,3.529727131388625,0.9970566425323881,-0.03088350697015585
0.000861685206727044,0.9465434217107451,-62.27324820512149,0.111111111111111,4.145390763893558,-1.2540435335040456,0.1483000000000001,0.18289573581857824,-1.2687947374011088,3.530727131388625,0.997025759025418,-0.031082052854401354
0.0008694187168502241,0.9460618309153476,-62.273248205128766,0.112112112112112,4.144123875448316,-1.2564620716761965,0.1493000000000001,0.18168359017771718,-1.1731673368029902,3.531727131388625,0.9969944784266794,-0.03397239233055416
0.0008771522269734042,0.9455802401199498,-62.273248205114214,0.113113113113113,4.142875324310623,-1.2307536869288924,0.1503000000000001,0.18054940114497225,-1.1090183843730017,3.532727131388625,0.9969578142407569,-0.0366641859225183
0.0008848857370965861,0.9450986493245523,-62.27324820510694,0.114114114114114,4.141659904103112,-1.2246355314186985,0.1513000000000001,0.1794655534089712,-1.0743439941265223,3.5337271313886247,0.9969211500548344,-0.0366641859225183
0.0008926192472197662,0.9446170585291547,-62.27324820513604,0.115115115115115,4.140423601525,-1.2546163010069904,0.1523000000000001,0.1784007131567192,-1.0616147166309418,3.5347271313886246,0.9968844858689119,-0.0366641859225183
0.0009003527573429464,0.9441354677337569,-62.27324820510694,0.116116116116116,4.139148159756751,-1.2627208544868154,0.1533000000000001,0.17734232397570932,-1.0737777566071571,3.5357271313886245,0.9968478216829894,-0.0366641859225183
0.0009080862674661282,0.9436538769383596,-62.273248205114214,0.117117117117117,4.137895631846348,-1.2497331197828316,0.1543000000000001,0.1762531576435049,-1.109209023415218,3.5367271313886244,0.9968111574970668,-0.0366641859225183
0.0009158197775893084,0.9431722861429617,-62.27324820514332,0.118118118118118,4.136646191548977,-1.2327733109100336,0.1553000000000001,0.17512390592887886,-1.1396265148324574,3.5377271313886243,0.9967744933111443,-0.0366641859225183
0.0009235532877124885,0.942690695347564,-62.27324820513604,0.119119119119119,4.135427617209891,-1.229176447079226,0.1563000000000001,0.17397390461384,-1.1547408477960914,3.538727131388624,0.9967378291252218,-0.03666418592257514
0.0009312867978356687,0.9422091045521662,-62.27324820513604,0.12012012012012,4.134185377841111,-1.230526386744259,0.1573000000000001,0.1728144242332867,-1.1615870545644356,3.539727131388624,0.9967011649392992,-0.03666418592257514
0.0009390203079588505,0.9417275137567686,-62.273248205114214,0.121121121121121,4.132964100920113,-1.2386828445710307,0.1583000000000001,0.1716507305047111,-1.1839007955144893,3.540727131388624,0.9966645007533766,-0.0366641859225183
0.0009467538180820307,0.9412459229613709,-62.27324820509966,0.122122122122122,4.131705532306434,-1.2398628656919755,0.1593000000000001,0.17044662264225768,-1.2348976190529726,3.541727131388624,0.9966278365674541,-0.0366641859225183
0.0009544873282052107,0.9407643321659735,-62.273248205114214,0.123123123123123,4.130481892980789,-1.2006719102400893,0.1603000000000001,0.16918093526660516,-1.276958618047729,3.5427271313886237,0.9965911723815316,-0.0366641859225183
0.0009622208383283908,0.9402827413705759,-62.273248205128766,0.124124124124124,4.129301784738385,-1.2016310424783114,0.1613000000000001,0.16789270540616225,-1.2883878226582226,3.5437271313886236,0.9965545081956091,-0.0366641859225183
0.0009699543484515728,0.9398011505751781,-62.27324820513604,0.125125125125125,4.128076225228081,-1.232158436644113,0.1623000000000001,0.16660415962128872,-1.299540282344097,3.5447271313886235,0.9965178440096866,-0.0366641859225183
0.0009776878585747528,0.9393195597797805,-62.27324820510694,0.126126126126126,4.1268350010814405,-1.2427843612945253,0.1633000000000001,0.16529362484147403,-1.3314184115353669,3.5457271313886234,0.996481179823764,-0.0366641859225183
0.000985421368697933,0.938837968984383,-62.273248205114214,0.127127127127127,4.1255881684487115,-1.2482905800825392,0.1643000000000001,0.163941322798218,-1.3629864636221924,3.5467271313886233,0.9964445156378415,-0.0366641859225183
0.0009931548788211148,0.9383563781889853,-62.273248205128766,0.128128128128128,4.124335920841035,-1.2357752049847477,0.1653000000000001,0.16256765191422964,-1.3850407568373555,3.547727131388623,0.996407851451919,-0.03666418592257514
0.001000888388944295,0.9378747873935875,-62.8510238749368,0.129129129129129,4.123114144014307,-1.2180619570763156,0.16630000000000011,0.16117124128454327,-1.3870225241668948,3.548727131388623,0.9963711872659964,-0.03666418592257514
0.001008482258338756,0.9373931965981899,-63.42698654685955,0.13013013013013,4.121897358364405,-1.2153918360040734,0.16730000000000012,0.15979360686589586,-1.3667125782521907,3.549727131388623,0.9963345230800739,-0.0366641859225183
0.0010160740642979733,0.9369116058027922,-63.435603858248214,0.131131131131131,4.12068092712541,-1.2224389262587465,0.16830000000000012,0.1584378161280389,-1.3188864455352416,3.550727131388623,0.9962978588941513,-0.0366641859225183
0.001023665870257192,0.9364300150073946,-63.435603858226386,0.132132132132132,4.119450033186711,-1.2050843420593083,0.16930000000000012,0.15715583397482538,-1.2492673919851,3.5517271313886227,0.9962611947082288,-0.0366641859225183
0.0010312576762164093,0.9359484242119972,-63.43560385825549,0.133133133133133,4.118268345860026,-1.1697034760245515,0.17030000000000012,0.15593928134406868,-1.2177161650158865,3.5527271313886226,0.9962245305223063,-0.0366641859225183
0.0010388494821756264,0.9354668334165992,-63.43560385827004,0.134134134134134,4.117108284485961,-1.1748992532602642,0.17130000000000012,0.1547204016447936,-1.22111725955304,3.5537271313886225,0.9961878663363838,-0.03666418592257514
0.0010464412881348434,0.9349852426212018,-63.435603858248214,0.135135135135135,4.115916195202849,-1.1985304404302042,0.17230000000000012,0.1534970468249626,-1.2203805911115921,3.5547271313886224,0.9961512021504613,-0.03666418592257514
0.0010540330940940624,0.934503651825804,-63.435603858248214,0.136136136136136,4.114708824144759,-1.206977351929254,0.17330000000000012,0.15227964046257042,-1.2161827278298745,3.5557271313886223,0.9961145379645387,-0.0366641859225183
0.0010616249000532795,0.9340220610304064,-63.435603858248214,0.137137137137137,4.113499824127915,-1.2122541157859814,0.17430000000000012,0.15106468136930284,-1.2088742441607963,3.556727131388622,0.9960778737786162,-0.0366641859225183
0.0010692167060124967,0.9335404702350089,-63.43560385825549,0.138138138138138,4.1122818889780195,-1.2069173882368887,0.17530000000000012,0.14986189197424882,-1.2056664345148391,3.557727131388622,0.9960412095926937,-0.03666418592257514
0.0010768085119717155,0.9330588794396111,-63.43560385825549,0.139139139139139,4.111083573100414,-1.1953164758147068,0.17630000000000012,0.14865334850027317,-1.2126943286055933,3.558727131388622,0.9960045454067711,-0.040026127678629564
0.0010844003179309326,0.9325772886442135,-63.43560385825549,0.14014014014014,4.109888863000412,-1.2031143778990554,0.17730000000000012,0.14743650331703761,-1.2206077410897507,3.559727131388622,0.9959611573373364,-0.044410400964125074
0.0010919921238901498,0.9320956978488159,-63.435603858248214,0.141141141141141,4.108674935707223,-1.2066937619415512,0.17830000000000013,0.14621213301809366,-1.2470449711394735,3.5607271313886217,0.9959157246048428,-0.04543273249367985
0.0010995839298493669,0.9316141070534182,-63.43560385825549,0.142142142142142,4.107473059673202,-1.184891264752423,0.17930000000000013,0.1449424133747587,-1.2854592866448087,3.5617271313886216,0.9958702918723491,-0.04543273249362301
0.001107175735808586,0.9311325162580205,-63.435603858248214,0.143143143143143,4.106302781023034,-1.1699781439292565,0.18030000000000013,0.14364121444480404,-1.3239149415251603,3.5627271313886215,0.9958248591398555,-0.045432732493566164
0.001114767541767803,0.9306509254626228,-63.43560385825549,0.144144144144144,4.105130761086757,-1.1761600079889831,0.18130000000000013,0.14229458349170834,-1.360485297264887,3.5637271313886214,0.995779426407362,-0.04543273249362301
0.00112235934772702,0.9301693346672253,-63.435603858226386,0.145145145145145,4.103948106332365,-1.1879018553881906,0.18230000000000013,0.14092024385027427,-1.3724381434348913,3.5647271313886213,0.9957339936748684,-0.045432732493566164
0.001129951153686239,0.9296877438718278,-63.43560385825549,0.146146146146146,4.102752579194088,-1.2023630806338588,0.18330000000000013,0.13954970720483856,-1.374130954628896,3.565727131388621,0.9956885609423748,-0.045432732493566164
0.001137542959645456,0.92920615307643,-63.43560385827732,0.147147147147147,4.101540973037802,-1.199287350008035,0.18430000000000013,0.13817198194101646,-1.406041417411359,3.566727131388621,0.9956431282098812,-0.04543273249367985
0.0011451347656046733,0.9287245622810323,-63.435603858248214,0.148148148148148,4.100351603518396,-1.1773883187318006,0.18530000000000013,0.13673762437001585,-1.4649100902714451,3.567727131388621,0.9955976954773875,-0.04543273249362301
0.0011527265715638904,0.9282429714856346,-63.43560385824094,0.149149149149149,4.099183839266567,-1.1736565653275193,0.18630000000000013,0.13524216176047357,-1.502869745534852,3.568727131388621,0.995552262744894,-0.045432732493566164
0.0011603183775231092,0.9277613806902371,-63.43560385824094,0.15015015015015,4.098001940724948,-1.1868531289646853,0.18730000000000013,0.13373188487894613,-1.5355695226550097,3.5697271313886207,0.9955068300124004,-0.04543273249362301
0.0011679101834823264,0.9272797898948394,-63.43560385824094,0.151151151151151,4.096807756926298,-1.1756924875251116,0.18830000000000013,0.13217102271516357,-1.5933642054166626,3.5707271313886206,0.9954613972799068,-0.045432732493566164
0.0011755019894415435,0.9267981990994418,-63.43560385824094,0.152152152152152,4.0956482020111835,-1.1616831590342827,0.18930000000000013,0.13054515646811282,-1.6634107990421114,3.5717271313886205,0.9954159645474132,-0.045432732493566164
0.0011830937954007605,0.9263166083040444,-63.43560385825549,0.153153153153153,4.094482064916219,-1.179756333872092,0.19030000000000014,0.12884420111707934,-1.7348345940920495,3.5727271313886204,0.9953705318149196,-0.04543273249362301
0.0011906856013599795,0.9258350175086465,-63.43560385827004,0.154154154154154,4.093286327468897,-1.1892870802080324,0.19130000000000014,0.1270754872799287,-1.8200894640634573,3.5737271313886203,0.995325099082426,-0.04543273249362301
0.0011982774073191966,0.9253534267132488,-63.43560385827004,0.155155155155155,4.092101109800688,-1.179263927238253,0.19230000000000014,0.1252040221889524,-1.9208316722489087,3.57472713138862,0.9952796663499324,-0.04543273249362301
0.0012058692132784138,0.9248718359178512,-63.435603858248214,0.156156156156156,4.0909254387256775,-1.1526278916676347,0.19330000000000014,0.12323382393543089,-2.0742775803886744,3.57572713138862,0.9952342336174388,-0.045432732493566164
0.0012134610192376326,0.9243902451224535,-63.43560385824094,0.157157157157157,4.089793546454006,-1.1373923837957136,0.19430000000000014,0.12105546702817506,-2.3252841923325605,3.57672713138862,0.9951888008849452,-0.045432732493566164
0.00122105282519685,0.9239086543270559,-63.435603858248214,0.158158158158158,4.0886483768962565,-1.1438820426267284,0.19530000000000014,0.11858325555076576,-2.4593517187491187,3.57772713138862,0.9951433681524516,-0.04543273249362301
0.001228644631156067,0.9234270635316583,-63.43560385825549,0.159159159159159,4.087503492314613,-1.1595706820135092,0.19630000000000014,0.11613676359067682,-2.5707362072530913,3.5787271313886198,0.9950979354199581,-0.045432732493566164
0.001236236437115284,0.9229454727362607,-63.43560385825549,0.16016016016016,4.086326914069403,-1.178234033253375,0.19730000000000014,0.11344178313625958,-3.0131136658859674,3.5797271313886196,0.9950525026874645,-0.04543273249362301
0.001243828243074503,0.9224638819408629,-63.435603858248214,0.161161161161161,4.085144665421213,-1.1494664446781826,0.19830000000000014,0.11011053625890486,-3.5793827310865183,3.5807271313886195,0.9950070699549708,-0.052093387790421275
0.00125142004903372,0.9219822911454654,-63.435603858248214,0.162162162162162,4.084025679945923,-1.1318986748945008,0.19930000000000014,0.10628301767408653,-4.028196252305243,3.5817271313886194,0.9949483159118837,-0.0611650897503182
0.0012590118549929373,0.9215007003500678,-63.435603858248214,0.163163163163163,4.082878602008011,-1.182468897667377,0.20030000000000014,0.10205414375429438,-4.923252077838086,3.5827271313886193,0.9948847397754702,-0.0635761364134737
0.0012666036609521544,0.92101910955467,-63.43560385825549,0.164164164164164,4.081658374845488,-1.1888419751992387,0.20130000000000015,0.09643651351841034,-6.302250052558776,3.583727131388619,0.9948211636390567,-0.06357613641353055
0.0012741954669113732,0.9205375187592724,-63.43560385824094,0.165165165165165,4.080498537993598,-1.1455838811054946,0.20230000000000015,0.08944964364917682,-7.5518348979400045,3.584727131388619,0.9947575875026431,-0.06357613641358739
0.0012817872728705904,0.9200559279638748,-63.43560385824094,0.166166166166166,4.079364913622054,-1.1185670527991078,0.20330000000000015,0.08133284372253033,-8.381508734430426,3.585727131388619,0.9946940113662296,-0.06357613641353055
0.0012893790788298075,0.9195743371684773,-63.43560385825549,0.167167167167167,4.07825916451452,-1.1215506115413518,0.20430000000000015,0.07268662618031595,-7.234018863476848,3.586727131388619,0.9946304352298161,-0.06357613641358739
0.0012969708847890265,0.9190927463730796,-63.43560385825549,0.168168168168168,4.077119567052401,-1.1285819415109017,0.20530000000000015,0.06686480599557662,-3.8823503555414405,3.5877271313886188,0.9945668590934025,-0.06357613641353055
0.0013045626907482435,0.9186111555776818,-63.43560385827004,0.169169169169169,4.075999741208192,-1.1311206746891003,0.20630000000000015,0.06492192546923306,-1.4377075212024408,3.5887271313886187,0.994503282956989,-0.0635761364134737
0.0013121544967074606,0.918129564782284,-63.435603858248214,0.17017017017017,4.074855061197168,-1.128391992069055,0.20730000000000015,0.06398939095317173,-0.788601987379348,3.5897271313886185,0.9944397068205755,-0.06357613641353055
0.0013197463026666779,0.9176479739868867,-63.43560385824094,0.171171171171171,4.073740698181027,-1.1150534823962062,0.20830000000000015,0.06334472149447436,-0.5975671686125352,3.5907271313886184,0.994376130684162,-0.06357613641358739
0.0013273381086258966,0.917166383191489,-63.435603858262766,0.172172172172172,4.0726227218930715,-1.1224802969766188,0.20930000000000015,0.06279425661594666,-0.513913013279808,3.5917271313886183,0.9943125545477484,-0.06357613641358739
0.001334929914585114,0.9166847923960912,-63.43560385827004,0.173173173173173,4.071493490379272,-1.154919401267989,0.21030000000000015,0.06231689546791474,-0.4560427727248282,3.592727131388618,0.9942489784113349,-0.0635761364134737
0.001342521720544331,0.9162032016006935,-63.435603858248214,0.174174174174174,4.070310570939582,-1.1549046521834043,0.21130000000000015,0.061882171070497004,-0.410311107939517,3.593727131388618,0.9941854022749214,-0.0635761364134737
0.001350113526503548,0.915721610805296,-63.43560385823366,0.175175175175175,4.069181368953479,-1.1212416076486988,0.21230000000000016,0.06149627325203571,-0.3845288025197071,3.594727131388618,0.9941218261385079,-0.06357613641358739
0.001357705332462767,0.9152400200098983,-63.43560385824094,0.176176176176176,4.068065842996341,-1.122931020642227,0.21330000000000016,0.061113113465457586,-0.3663983710023615,3.595727131388618,0.9940582500020942,-0.06357613641358739
0.001365297138421984,0.9147584292145008,-63.435603858262766,0.177177177177177,4.0669332588020435,-1.1302041879882836,0.21430000000000016,0.06076347651003098,-0.3454109866925599,3.5967271313886178,0.9939946738656807,-0.08243284943705476
0.0013728889443812013,0.9142768384191031,-63.435603858262766,0.178178178178178,4.065803171949318,-1.1267079528370232,0.21530000000000016,0.06042229149207246,-0.3404758598052844,3.5977271313886177,0.9938933843032202,-0.10149339245498368
0.0013804807503404201,0.9137952476237053,-63.435603858248214,0.179179179179179,4.064677587224792,-1.1124560755836228,0.21630000000000016,0.060082524790420415,-0.33039991974255045,3.5987271313886176,0.9937916870807708,-0.10169722244938839
0.0013880725562996372,0.9133136568283079,-63.43560385825549,0.18018018018018,4.06357603265886,-1.1101392524908533,0.21730000000000016,0.059761491652587366,-0.31961495040343024,3.5997271313886174,0.9936899898583214,-0.10169722244938839
0.0013956643622588544,0.9128320660329101,-63.435603858248214,0.181181181181181,4.0624550862188045,-1.1408754343267447,0.21830000000000016,0.05944329488961355,-0.3181967629738125,3.6007271313886173,0.993588292635872,-0.10169722244938839
0.0014032561682180715,0.9123504752375126,-63.435603858226386,0.182182182182182,4.061291997755303,-1.1363601815230595,0.21930000000000016,0.05912509812663974,-0.3091784698020952,3.601727131388617,0.9934865954134227,-0.10169722244944523
0.0014108479741772905,0.9118688844421151,-63.43560385827004,0.183183183183183,4.0601800908604,-1.1171339560371507,0.22030000000000016,0.058824937950009364,-0.29779832258778427,3.602727131388617,0.9933848981909732,-0.10169722244938839
0.0014184397801365075,0.911387293646717,-63.43560385827004,0.184184184184184,4.059055493338812,-1.1224408476500685,0.22130000000000016,0.05852950148146417,-0.29543646854519423,3.603727131388617,0.9932832009685238,-0.10169722244938839
0.0014260315860957246,0.9109057028513196,-63.435603858248214,0.185185185185185,4.057932962036276,-1.1204216563439786,0.22230000000000016,0.05823406501291897,-0.29257218615432734,3.604727131388617,0.9931815037460744,-0.10169722244944523
0.0014336233920549419,0.9104241120559219,-63.43560385825549,0.186186186186186,4.056812406939725,-1.1286684181079636,0.22330000000000017,0.05794435710915551,-0.2854867225333919,3.605727131388617,0.993079806523625,-0.10945766227587228
0.0014412151980141607,0.9099425212605242,-63.43560385824094,0.187187187187187,4.055673365603627,-1.1199470901299264,0.22430000000000017,0.05766309156785219,-0.2812655413033234,3.6067271313886167,0.9929625884215226,-0.16248316058772616
0.001448807003973378,0.9094609304651267,-63.43560385823366,0.188188188188188,4.054570270623149,-1.1005362783962482,0.22530000000000017,0.057381826026548864,-0.2809908724224748,3.6077271313886166,0.9927548402024496,-0.2077482190730393
0.001456398809932595,0.9089793396697291,-63.43560385824094,0.189189189189189,4.053470089771002,-1.0889558435553681,0.22630000000000017,0.057101109823007236,-0.27659002592328363,3.6087271313886164,0.9925470919833767,-0.20774821907298247
0.0014639906158918138,0.9084977488743314,-63.43560385824094,0.19019019019019,4.052390178844259,-1.1009875396696316,0.22730000000000017,0.0568286459747023,-0.27133369851960154,3.6097271313886163,0.9923393437643037,-0.20774821907298247
0.001471582421851031,0.9080161580789338,-63.43560385825549,0.191191191191191,4.051265910512405,-1.1052614608418025,0.22830000000000017,0.05655844242596803,-0.27020354873426555,3.6107271313886162,0.9921315955452307,-0.4908625641646154
0.001479174227810248,0.9075345672835361,-63.43560385827004,0.192192192192192,4.050177443186918,-1.0709810952655516,0.22930000000000017,0.05628823887723377,-0.26959264546153605,3.611727131388616,0.9913576186359746,-1.8147962864116494
0.0014867660337694651,0.9070529764881383,-63.43560385825549,0.193193193193193,4.049121804215577,-1.0668931645927842,0.23030000000000017,0.05601925713504496,-0.2666354073564392,3.612727131388616,0.9885020029724079,-2.0338816218694546
0.0014943578397286841,0.9065713856927408,-63.43560385825549,0.194194194194194,4.048041520935481,-1.107413017365161,0.23130000000000017,0.055754968062520886,-0.2641183141122312,3.613727131388616,0.9872898553922361,-1.2745573222433677
0.0015019496456879012,0.906089794897343,-63.435603858248214,0.195195195195195,4.046904761137769,-1.133251972480366,0.23230000000000017,0.0554910205068205,-0.2639475557003763,3.614727131388616,0.9859528883279214,-1.4524367971550305
0.0015095414516471185,0.9056082041019455,-63.435603858248214,0.196196196196196,4.045772748217803,-1.1161589449145595,0.23330000000000017,0.055227072951120136,-0.26291276965746135,3.6157271313886157,0.9843849817979263,-1.6123045409177053
0.0015171332576063372,0.9051266133065478,-63.43560385823366,0.197197197197197,4.044670208695498,-1.092689175870646,0.23430000000000017,0.05496519496750557,-0.2599417019108543,3.6167271313886156,0.9827282792460863,-1.7318163226660772
0.0015247250635655545,0.9046450225111504,-63.435603858248214,0.198198198198198,4.043585182300144,-1.0988136959915664,0.23530000000000018,0.054707189547298425,-0.258005420207148,3.6177271313886155,0.9809213491525945,-1.863033962212171
0.0015323168695247716,0.9041634317157525,-63.43560385827004,0.199199199199199,4.042470381476296,-1.0984621333182076,0.23630000000000018,0.05444918412709128,-0.258005420207148,3.6187271313886153,0.9790022113216624,-1.9712756047493372
0.0015399086754839886,0.9036818409203549,-63.43560385823366,0.2002002002002,4.041386058910118,-1.0992364294502295,0.23730000000000018,0.05419117870688413,-0.25464355210424827,3.6197271313886152,0.9769787979430964,-2.105377994352864
0.0015475004814432076,0.9032002501249574,-63.43560385824094,0.201201201201201,4.040269707943863,-1.0986138475766438,0.23830000000000018,0.05393989702288278,-0.24746805006705586,3.620727131388615,0.9747914553329571,-2.2222769637102715
0.0015550922874024247,0.9027186593295596,-63.435603858262766,0.202202202202202,4.039186631787842,-1.081608113834136,0.23930000000000018,0.053696242606750016,-0.24365441613277738,3.621727131388615,0.9725342440156763,-2.3249688351833697
0.001562684093361642,0.9022370685341621,-63.43560385825549,0.203203203203203,4.038104326334586,-1.096662805459573,0.24030000000000018,0.053452588190617226,-0.24365441613278094,3.622727131388615,0.9701415176625909,-2.428122092821013
0.001570275899320859,0.9017554777387643,-63.435603858248214,0.204204204204204,4.036991110655792,-1.1029662165626632,0.24130000000000018,0.053208933774484456,-0.2431970159741219,3.623727131388615,0.9676779998300348,-2.4653043203020957
0.0015778677052800778,0.9012738869433667,-63.43560385824094,0.205205205205205,4.035896185760887,-1.0730013789839177,0.24230000000000018,0.05296619415866898,-0.24192730106722138,3.6247271313886147,0.9652109090219873,-2.4907605354506472
0.001585459511239295,0.9007922961479691,-63.43560385825549,0.206206206206206,4.034842959746915,-1.057232167890561,0.24330000000000018,0.05272507917235001,-0.24111498631897632,3.6257271313886146,0.962696478759134,-2.5642713279827944
0.001593051317198512,0.9003107053525714,-63.435603858262766,0.207207207207207,4.033779604844189,-1.0609345233644945,0.24430000000000018,0.052483964186031025,-0.24111498631897987,3.6267271313886145,0.9600823663660222,-2.5964307492076273
0.001600643123157731,0.8998291145571736,-63.435603858248214,0.208208208208208,4.032718966707146,-1.0657259185970815,0.24530000000000018,0.05224284919971205,-0.24041062851999584,3.6277271313886144,0.9575036172607194,-2.657326740334554
0.0016082349291169481,0.8993475237617761,-63.43560385824094,0.209209209209209,4.031646019421572,-1.0689974714703112,0.24630000000000019,0.05200314292899103,-0.2371433947709285,3.6287271313886142,0.9547677128853537,-2.760130475544031
0.0016158267350761652,0.8988659329663785,-63.43560385824094,0.21021021021021,4.030578831629128,-1.086199792374373,0.2473000000000002,0.051768562410170194,-0.2345618830325833,3.629727131388614,0.9519833563096319,-2.768188368117535
0.0016234185410353825,0.8983843421709811,-63.43560385824094,0.211211211211211,4.029471445262664,-1.0983386805812643,0.2483000000000002,0.05153401916292587,-0.23454324724431785,3.630727131388614,0.9492313361491193,-2.761986564683241
0.0016310103469946013,0.8979027513755834,-63.43560385825549,0.212212212212212,4.028379955391728,-1.0801666043330442,0.2493000000000002,0.051299475915681556,-0.23433029102151437,3.631727131388614,0.946459383180266,-2.7760232048524927
0.0016386021529538185,0.8974211605801856,-63.435603858262766,0.213213213213213,4.027308949558294,-1.0848158830235661,0.2503000000000002,0.05106535858088284,-0.23207432565710562,3.632727131388614,0.9436792897394148,-2.880477983153469
0.0016461939589130356,0.896939569784788,-63.43560385827004,0.214214214214214,4.026208151822111,-1.0742542059692823,0.2513000000000002,0.05083532726436735,-0.22966304273770533,3.6337271313886137,0.9406984272139598,-2.98684810293031
0.0016537857648722526,0.8964579789893902,-63.435603858248214,0.215215215215215,4.025158290487284,-1.061675396822693,0.2523000000000002,0.050606032495407426,-0.2292947689599032,3.6347271313886136,0.9377055935335549,-2.8891992574713754
0.0016613775708314716,0.8959763881939927,-63.43560385824094,0.216216216216216,4.0240826755521955,-1.0728509734922227,0.2533000000000002,0.05037673772644754,-0.2292947689599032,3.6357271313886135,0.9349200286990176,-2.87083069205994
0.0016689693767906887,0.8954947973985949,-63.435603858248214,0.217217217217217,4.023010440690503,-1.0684882660052608,0.2543000000000002,0.050147442957487624,-0.2281801114118558,3.6367271313886134,0.9319639321494356,-2.933876068629104
0.0016765611827499057,0.8950132066031975,-63.435603858248214,0.218218218218218,4.021943559904537,-1.0623573204604781,0.2553000000000002,0.049920377503623825,-0.22624241969167258,3.6377271313886133,0.92905227656176,-2.9291280122729404
0.0016841529887091247,0.8945316158077997,-63.435603858248214,0.219219219219219,4.0208835992081,-1.058790017292722,0.2563000000000002,0.049694958118104274,-0.22541938551954743,3.638727131388613,0.9261056761248905,-2.9102828637837774
0.0016917447946683418,0.8940500250124022,-63.43560385825549,0.22022022022022,4.019823860170217,-1.0635672986484224,0.2573000000000002,0.04946953873258473,-0.22541938551954388,3.639727131388613,0.9232317108341932,-2.8199933210179893
0.001699336600627559,0.8935684342170045,-63.435603858248214,0.221221221221221,4.018754335346942,-1.0682812493844267,0.2583000000000002,0.049244119347065185,-0.22502013110083752,3.640727131388613,0.920465689482855,-2.8713341430835158
0.001706928406586776,0.8930868434216068,-63.435603858262766,0.222222222222222,4.017685158970249,-1.0458082775246567,0.2593000000000002,0.049019498470383054,-0.22227100960141044,3.641727131388613,0.9174890425480268,-3.0760881344249356
0.001714520212545995,0.892605252626209,-63.43560385825549,0.223223223223223,4.016660625081627,-1.0401770475864396,0.2603000000000002,0.048799577327862366,-0.21989546947070693,3.6427271313886127,0.9143135132140059,-2.9834691190571334
0.0017221120185052122,0.8921236618308115,-63.435603858248214,0.224224224224224,4.015602722438544,-1.062413655602768,0.2613000000000002,0.04857970753144164,-0.21986979642074544,3.6437271313886126,0.9115221043099131,-2.8365658432244913
0.0017297038244644292,0.8916420710354139,-63.43560385825549,0.225225225225225,4.0145336708161565,-1.05828514639893,0.2623000000000002,0.04835983773502087,-0.21986979642075966,3.6447271313886125,0.9086403815275576,-2.8814697892958065
0.0017372956304236465,0.8911604802400163,-63.435603858248214,0.226226226226226,4.0134840334567645,-1.0481130287469114,0.2633000000000002,0.04813996793860012,-0.2180325420170135,3.6457271313886124,0.9057591647313221,-2.7545640659410537
0.0017448874363828653,0.8906788894446186,-63.43560385825549,0.227227227227227,4.012435346434281,-1.0595388287692913,0.2643000000000002,0.047923772650986844,-0.2148753943115871,3.6467271313886123,0.903131253395676,-2.634380505048
0.0017524792423420825,0.8901972986492208,-63.435603858248214,0.228228228228228,4.011362834600369,-1.0626474592120303,0.2653000000000002,0.04771021714997695,-0.21355550100989262,3.647727131388612,0.9004904037212268,-2.6801597209117745
0.0017600710483012996,0.8897157078538233,-63.43560385824094,0.229229229229229,4.010307924093516,-1.0417885968877272,0.2663000000000002,0.04749666164896706,-0.21355550100989262,3.648727131388612,0.8977709339538531,-2.7677733040008548
0.0017676628542605184,0.8892341170584256,-63.43560385825549,0.23023023023023,4.009277171743737,-1.0472865788060517,0.2673000000000002,0.04728310614795716,-0.21342623765116286,3.649727131388612,0.8949548571132256,-2.7892814705809883
0.0017752546602197356,0.8887525262630279,-63.435603858248214,0.231231231231231,4.008211254266077,-1.0880779349402019,0.2683000000000002,0.04706980917366473,-0.2105467396420977,3.650727131388612,0.8921923710126917,-2.6808092838484754
0.0017828464661789527,0.8882709354676304,-63.435603858248214,0.232232232232232,4.007098837539653,-1.0693334910668,0.2693000000000002,0.046862012668672966,-0.20731284598649324,3.6517271313886117,0.8895932385455293,-2.658099548438315
0.0017904382721381697,0.8877893446722327,-63.43560385824094,0.233233233233233,4.006070446476153,-1.0346089366555589,0.2703000000000002,0.04665518348169175,-0.20682918698120645,3.6527271313886116,0.8868761719158157,-2.780537422285647
0.0017980300780973887,0.8873077538768351,-63.435603858248214,0.234234234234234,4.005027548377179,-1.061190389161311,0.2713000000000002,0.04644835429471055,-0.2068291869812171,3.6537271313886115,0.8840321637009586,-2.7698746267687966
0.0018056218840566058,0.8868261630814374,-63.435603858262766,0.235235235235235,4.003945941192547,-1.0705865402544532,0.2723000000000002,0.04624152510772932,-0.20680001447308882,3.6547271313886114,0.8813364226622786,-2.6415160302674394
0.001813213690015823,0.8863445722860398,-63.435603858248214,0.236236236236236,4.002884231980274,-1.0585781375075385,0.2733000000000002,0.04603475426576437,-0.20626841451437627,3.6557271313886113,0.8787491316404243,-2.546655608608546
0.0018208054959750401,0.885862981490642,-63.435603858248214,0.237237237237237,4.001826665641981,-1.0463310807142534,0.2743000000000002,0.045828988278700564,-0.20576598706381333,3.656727131388611,0.8762431114450622,-2.555906936086842
0.0018283973019342591,0.8853813906952445,-63.43560385823366,0.238238238238238,4.000789475061927,-1.0421080607745807,0.2753000000000002,0.04562322229163675,-0.20576598706380622,3.657727131388611,0.8736373177682512,-2.6320979396775215
0.0018359891078934762,0.8848997998998469,-63.435603858262766,0.239239239239239,3.9997403632180077,-1.034052822176136,0.2763000000000002,0.045417456304572945,-0.20576598706382043,3.658727131388611,0.8709789155657077,-2.6469014695418878
0.0018435809138526932,0.8844182091044491,-63.43560385825549,0.24024024024024,3.9987192992417544,-1.032036676791904,0.2773000000000002,0.04521169031750911,-0.20506988182691188,3.659727131388611,0.8683435148291679,-2.5575504280866994
0.0018511727198119122,0.8839366183090516,-63.43560385824094,0.241241241241241,3.997674223724931,-1.06680758458333,0.2783000000000002,0.04500731654091912,-0.20159139328294629,3.6607271313886107,0.8658638147095349,-2.3980938200928676
0.0018587645257711293,0.883455027513654,-63.43560385825549,0.242242242242242,3.996583548321668,-1.056129545955173,0.2793000000000002,0.04480850753094321,-0.19877979718665628,3.6617271313886106,0.8635473271889827,-2.3802556357407525
0.0018663563317303463,0.8829734367182562,-63.435603858262766,0.243243243243243,3.9955598502595553,-1.0327840130057666,0.2803000000000002,0.044609756946545814,-0.198750584397402,3.6627271313886105,0.8611033034380539,-2.5485983455313885
0.0018739481376895636,0.8824918459228586,-63.43560385825549,0.244244244244244,3.9945159126599945,-1.0569269355753477,0.2813000000000002,0.04441100636214841,-0.19875058439740556,3.6637271313886104,0.8584501304979205,-2.580823925002676
0.0018815399436487824,0.8820102551274609,-63.43560385823366,0.245245245245245,3.993443880418564,-1.0673394801835911,0.2823000000000002,0.044212255777751,-0.19782476936447324,3.6647271313886103,0.855941655588049,-2.4755686177791745
0.0018891317496079996,0.8815286643320636,-63.435603858248214,0.246246246246246,3.992379096883851,-1.0449919777706782,0.2833000000000002,0.04401535682341946,-0.19338318685082356,3.66572713138861,0.8534989932623628,-2.4522488357808925
0.0018967235555672167,0.8810470735366657,-63.435603858262766,0.247247247247247,3.991351804386991,-1.0210000614852106,0.2843000000000002,0.04382548940404935,-0.18965648312001449,3.66672713138861,0.8510371579164878,-2.5449122418551724
0.0019043153615264357,0.8805654827412681,-63.43560385824094,0.248248248248248,3.990335052716713,-1.0393198766234946,0.2853000000000002,0.04363604385717943,-0.1894455468699121,3.66772713138861,0.848409168778653,-2.552163421170235
0.0019119071674856528,0.8800838919458704,-63.435603858262766,0.249249249249249,3.9892710839132706,-1.047285698300584,0.2863000000000002,0.043446598310309524,-0.1894455468699192,3.66872713138861,0.845932831074148,-2.4181878253584728
0.0019194989734448698,0.8796023011504728,-63.435603858262766,0.25025025025025,3.988238384652047,-1.032907092130472,0.2873000000000002,0.043257152763439596,-0.1894030761908425,3.6697271313886097,0.8435727931279365,-2.3982386117768897
0.001927090779404087,0.8791207103550752,-63.43560385825549,0.251251251251251,3.9872032018469437,-1.0611763661293026,0.2883000000000002,0.043067792157927845,-0.18869581921831724,3.6707271313886096,0.8411363538505947,-2.4474530013445133
0.0019346825853633059,0.8786391195596774,-63.43560385825549,0.252252252252252,3.9861139074425798,-1.073956745697842,0.2893000000000002,0.04287976112500296,-0.18787634438693956,3.6717271313886095,0.838677887125248,-2.4718556003234653
0.0019422743913225231,0.8781575287642798,-63.435603858248214,0.253253253253253,3.9850531382919923,-1.058878247673647,0.2903000000000002,0.04269203946915396,-0.1877216558489856,3.6727271313886094,0.8361926426499483,-2.41077140137304
0.0019498661972817402,0.8776759379688822,-63.435603858248214,0.254254254254254,3.983994031070861,-1.0502197508014888,0.2913000000000002,0.042504317813304986,-0.1877216558489856,3.6737271313886093,0.8338563443225026,-2.400708733542274
0.0019574580032409574,0.8771943471734847,-63.435603858262766,0.255255255255255,3.982950596248345,-1.042650899599721,0.2923000000000002,0.04231659615745599,-0.18772165584899625,3.674727131388609,0.8313912251828642,-2.466975917644902
0.001965049809200176,0.876712756378087,-63.43560385824094,0.256256256256256,3.9819066418824733,-1.0320459278914313,0.2933000000000002,0.042128874501606996,-0.18628989385792494,3.675727131388609,0.8289223924872132,-2.483705538102015
0.0019726416151593933,0.8762311655826893,-63.435603858262766,0.257257257257257,3.980884438234549,-1.0194391386114603,0.29430000000000023,0.04194401636974014,-0.18362585507432527,3.676727131388609,0.8264238141066608,-2.4437198208538575
0.0019802334211186105,0.8757495747872915,-63.43560385827004,0.258258258258258,3.9798657226860534,-1.0135575313415757,0.29530000000000023,0.04176162279145834,-0.18239357828180403,3.677727131388609,0.8240349528455061,-2.372544532493521
0.001987825227077829,0.8752679839918939,-63.435603858226386,0.259259259259259,3.97885529402766,-1.01111579056942,0.29630000000000023,0.041579229213176534,-0.18239357828180758,3.6787271313886087,0.8216787250416743,-2.397999218448774
0.0019954170330370464,0.8747863931964964,-63.213624565651116,0.26026026026026,3.9778414668490765,-1.0177393223291347,0.29730000000000023,0.04139683563489473,-0.18239357828180403,3.6797271313886086,0.819238954408609,-2.448327539166314
0.002003062535820789,0.8743048024010989,-61.637961686566996,0.261261261261261,3.9768177778668408,-1.041992503155143,0.29830000000000023,0.04121444205661293,-0.18216809662154887,3.6807271313886085,0.8167820699633421,-2.470993858579277
0.0020110592294378363,0.8738232116057012,-60.22373976802919,0.262262262262262,3.9757553957716896,-1.0545568224931685,0.29930000000000023,0.04103249944165163,-0.17759471657632275,3.6817271313886084,0.814296966691451,-2.401098530667923
0.0020190559230548856,0.8733416208103034,-60.223739768021915,0.263263263263263,3.974706552996984,-1.0509871369206394,0.30030000000000023,0.040859252623460275,-0.1732468181913589,3.6827271313886083,0.8119798729020069,-2.377231568746197
0.0020270526166719332,0.8728600300149059,-60.22373976801464,0.264264264264264,3.9736513174194967,-1.0293639854235153,0.30130000000000023,0.04068600580526891,-0.17324681819136956,3.683727131388608,0.8095425035539592,-2.479546150768897
0.0020350493102889804,0.8723784392195081,-60.22373976802919,0.265265265265265,3.972645764237377,-1.0182347688737536,0.30230000000000024,0.04051275898707754,-0.17324681819136245,3.684727131388608,0.8070207806004696,-2.4954986087552697
0.0020430460039060276,0.8718968484241104,-60.22373976801464,0.266266266266266,3.9716128093737035,-1.0258715964394014,0.30330000000000024,0.040339512168886184,-0.1732468181913589,3.685727131388608,0.8045515063364492,-2.4029100851756198
0.002051042697523077,0.8714152576287129,-60.22373976800736,0.267267267267267,3.9705919672475085,-1.0145662234733663,0.30430000000000024,0.04016626535069482,-0.17322752354086646,3.686727131388608,0.8022149604301189,-2.3238748823505375
0.002059039391140124,0.8709336668333152,-60.22373976801464,0.268268268268268,3.9695816457631454,-1.0089375976610881,0.30530000000000024,0.039993057121804454,-0.1731564340122027,3.6877271313886077,0.7999037565717486,-2.3183790858792577
0.0020670360847571717,0.8704520760379177,-60.22373976801464,0.269269269269269,3.9685720721570963,-1.0221044859767972,0.30630000000000024,0.039819952482670416,-0.1731046391340456,3.6887271313886076,0.7975782022583608,-2.375226406093134
0.0020750327783742206,0.8699704852425199,-60.223739768021915,0.27027027027027,3.967535390535965,-1.0246216903146887,0.30730000000000024,0.039646847843536365,-0.17310463913404917,3.6897271313886075,0.795153303759563,-2.454113844896142
0.0020830294719912682,0.8694888944471224,-60.22373976801464,0.271271271271271,3.966520777481791,-1.0268117043917755,0.30830000000000024,0.03947374320440231,-0.17310463913404917,3.6907271313886074,0.7926699745685691,-2.48057529377877
0.0020910261656083154,0.8690073036517245,-60.22373976802919,0.272272272272272,3.9654797114480944,-1.0391742321880884,0.30930000000000024,0.03930063856526826,-0.17310463913405272,3.6917271313886073,0.7901921531720059,-2.432412781483265
0.002099022859225363,0.8685257128563271,-60.22373976800009,0.273273273273273,3.964440348588521,-1.0522222429970043,0.31030000000000024,0.03912753392613421,-0.17212228095914384,3.692727131388607,0.7878051490056032,-2.3984673726628216
0.002107019552842412,0.8680441220609293,-60.22373976801464,0.274274274274274,3.9633731604110634,-1.0364306528949783,0.31130000000000024,0.03895639400334998,-0.1701124564026344,3.693727131388607,0.7853952184266808,-2.4704814323509368
0.0021150162464594596,0.8675625312655317,-60.22373976800736,0.275275275275275,3.962365412346489,-1.021741738638866,0.31230000000000024,0.03878730901332894,-0.1690849900210445,3.694727131388607,0.7828641861409018,-2.4582392095771866
0.0021230129400765067,0.8670809404701342,-60.22373976802919,0.276276276276276,3.9613276314047785,-1.0280352881011368,0.31330000000000024,0.03861822402330788,-0.1690849900210516,3.695727131388607,0.7804787400075269,-2.4262339622525246
0.0021310096336935543,0.8665993496747364,-60.22373976801464,0.277277277277277,3.9603072836415825,-1.0322079453392234,0.31430000000000025,0.03844913903328684,-0.16908499002104804,3.6967271313886068,0.7780117182163974,-2.4323277735321085
0.0021390063273106033,0.8661177588793388,-60.22373976800736,0.278278278278278,3.959261149031726,-1.0254688462498507,0.31530000000000025,0.03828005404326579,-0.1690849900210516,3.6977271313886066,0.7756140844604633,-2.4880186586369177
0.002147003020927651,0.8656361680839412,-60.22373976801464,0.279279279279279,3.9582542929584,-0.9997038330693613,0.31630000000000025,0.038110969053244736,-0.16734543569095806,3.6987271313886065,0.773035680899124,-2.4574797739232963
0.002154999714544698,0.8651545772885435,-60.223739768021915,0.28028028028028,3.957259739956513,-1.003886850649451,0.31730000000000025,0.03794536317188387,-0.16428646150801995,3.6997271313886064,0.7706991249126173,-2.4514680463916534
0.0021629964081617474,0.8646729864931458,-60.22373976800736,0.281281281281281,3.9562445094736156,-1.017187355105989,0.31830000000000025,0.03778239613022869,-0.16296704165517184,3.7007271313886063,0.7681327448063413,-2.5543737364732806
0.0021709931017787946,0.8641913956977483,-60.223739768021915,0.282282282282282,3.95522332883518,-1.0088710113059278,0.31930000000000025,0.037619429088573526,-0.1629670416551683,3.701727131388606,0.7655903774396713,-2.5824893128606163
0.0021789897953958417,0.8637098049023506,-60.223739768021915,0.283283283283283,3.954224747689219,-1.0159718162919944,0.32030000000000025,0.037456462046918354,-0.1629670416551683,3.702727131388606,0.7629677661806206,-2.572588405380202
0.0021869864890128893,0.8632282141069529,-60.22373976800736,0.284284284284284,3.953189351224986,-1.0275367637641466,0.32130000000000025,0.03729349500526319,-0.1629670416551754,3.703727131388606,0.7604452006289114,-2.603217438450315
0.0021949831826299387,0.8627466233115553,-60.22373976800009,0.285285285285285,3.952167617031033,-1.014476933475862,0.32230000000000025,0.037130527963608,-0.1631525873832942,3.704727131388606,0.7577613313037206,-2.6217159473748097
0.002202979876246986,0.8622650325161578,-60.22373976800736,0.286286286286286,3.951158366373182,-1.0042205667139115,0.32330000000000025,0.0369671898304966,-0.16358781376816722,3.7057271313886058,0.7552017687341623,-2.518947758181696
0.002210976569864033,0.8617834417207602,-60.22373976804374,0.287287287287287,3.9501571654460204,-1.0072116227145216,0.32430000000000025,0.03680335233607167,-0.16383749442493922,3.7067271313886057,0.7527234357873577,-2.494388628650256
0.0022189732634810807,0.8613018509253623,-60.22373976802919,0.288288288288288,3.949141926688069,-0.9958429153061843,0.32530000000000026,0.03663951484164672,-0.16383749442493567,3.7077271313886055,0.7502129914768624,-2.5295005201618324
0.0022269699570981296,0.8608202601299647,-60.22373976801464,0.289289289289289,3.948163485935897,-0.9750086643589384,0.32630000000000026,0.0364756773472218,-0.16383749442493567,3.7087271313886054,0.7476644347470346,-2.6075210556388697
0.002234966650715177,0.860338669334567,-60.22373976800009,0.29029029029029,3.9471899573900537,-1.0026145470549181,0.32730000000000026,0.03631183985279685,-0.16383749442493922,3.7097271313886053,0.7449979493655853,-2.735901092150357
0.0022429633443322244,0.8598570785391696,-60.22373976800009,0.291291291291291,3.946156249605456,-1.020104209150304,0.32830000000000026,0.03614800235837192,-0.16252699024071404,3.710727131388605,0.7421926325627345,-2.797157554588466
0.0022509600379492737,0.859375487743772,-60.22373976801464,0.292292292292292,3.945147706721084,-1.0080019790070764,0.32930000000000026,0.03598678587231542,-0.15838770220597453,3.711727131388605,0.7394036342564089,-2.6759208616568912
0.002258956731566321,0.8588938969483741,-60.22373976805102,0.293293293293293,3.944138227625463,-1.0254564425674744,0.33030000000000026,0.03583122695395997,-0.1555589183554602,3.712727131388605,0.7368407908394213,-2.5557431637705577
0.0022669534251833685,0.8584123061529764,-60.22373976801464,0.294294294294294,3.9430947408700976,-1.0521226236276107,0.33130000000000026,0.035675668035604506,-0.15555891835545665,3.713727131388605,0.7342921479288683,-2.623252310797909
0.0022749501188004157,0.8579307153575788,-60.22373976800736,0.295295295295295,3.9420318760266095,-1.0357705074336536,0.33230000000000026,0.03552010911724906,-0.1555589183554531,3.7147271313886048,0.7315942862178261,-2.750710054825788
0.002282946812417465,0.8574491245621813,-60.22373976799281,0.296296296296296,3.9410211262406,-1.0005572951447448,0.33330000000000026,0.0353645501988936,-0.15555891835546376,3.7157271313886047,0.7287907278192174,-2.8129997029039373
0.002290943506034512,0.8569675337667837,-60.22373976802919,0.297297297297297,3.9400287583186118,-0.9929187339037071,0.33430000000000026,0.03520899128053813,-0.1555589183554602,3.7167271313886046,0.7259682868120187,-2.780150076938753
0.00229894019965156,0.8564859429713859,-60.223739768021915,0.298298298298298,3.9390333009475,-1.0086345153988532,0.33530000000000026,0.035053432362182675,-0.1547344431820754,3.7177271313886044,0.7232304276653405,-2.8015659183752177
0.002306936893268607,0.8560043521759882,-60.22373976801464,0.299299299299299,3.9380094699994945,-0.9938543145303811,0.33630000000000027,0.03489952239417398,-0.15379938209790822,3.7187271313886043,0.720365154975269,-2.7783291127423695
0.0023149335868856563,0.8555227613805907,-60.22373976801464,0.3003003003003,3.937043602620112,-0.9822313437111916,0.33730000000000027,0.03474583359798686,-0.15368879618711162,3.7197271313886042,0.7176737694398564,-2.748636953868413
0.0023229302805027035,0.8550411705851929,-60.223739768021915,0.301301301301301,3.936043040882955,-0.9882745093123049,0.33830000000000027,0.03459214480179976,-0.15368879618711162,3.720727131388604,0.7148678810675327,-2.8787104967492496
0.0023309269741197507,0.8545595797897954,-60.22373976800736,0.302302302302302,3.9350650750739415,-0.9970712716358321,0.33930000000000027,0.034438456005612635,-0.15368879618711517,3.721727131388604,0.7119163484463585,-2.9567145198368507
0.0023389236677368,0.8540779889943977,-60.22373976800009,0.303303303303303,3.934046902201002,-1.002935704073252,0.34030000000000027,0.034284767209425526,-0.15368879618711517,3.722727131388604,0.7089544520278597,-2.8963651961216215
0.002346920361353847,0.8535963981990002,-60.22373976800736,0.304304304304304,3.9330571957865073,-0.9911864732912363,0.34130000000000027,0.034131078413238404,-0.15222544427458118,3.723727131388604,0.7061236180541159,-2.8298924096421842
0.002354917054970895,0.8531148074036026,-60.22373976801464,0.305305305305305,3.9320625448971156,-0.9925489541687966,0.34230000000000027,0.033980316320876364,-0.14825504779395615,3.7247271313886037,0.7032946672085759,-2.8756230544932464
0.002362913748587942,0.8526332166082049,-60.22373976801464,0.306306306306306,3.931070110793177,-0.9896595026764317,0.34330000000000027,0.03383456831765049,-0.145748003225858,3.7257271313886036,0.70037237194513,-3.0034964650587312
0.0023709104422049913,0.8521516258128072,-60.22373976802919,0.307307307307307,3.930081244591457,-0.984580715626862,0.3443000000000003,0.03368882031442465,-0.14574800322585446,3.7267271313886035,0.6972876742784592,-2.9973620896496413
0.0023789071358220385,0.8516700350174093,-60.223739768021915,0.308308308308308,3.92909897822936,-0.9873688122629574,0.3453000000000003,0.03354307231119878,-0.14574800322586157,3.7277271313886033,0.6943776477658314,-3.040097505012909
0.002386903829439086,0.8511884442220119,-60.22373976801464,0.309309309309309,3.928104530252591,-0.9812558415244439,0.3463000000000003,0.033397324307972924,-0.1457480032258509,3.7287271313886032,0.6912074792684341,-3.1418943127057446
0.002394900523056135,0.8507068534266141,-60.223739768021915,0.31031031031031,3.927134502070152,-0.9826379097871722,0.3473000000000003,0.03325157630474708,-0.145748003225858,3.729727131388603,0.6880938591404206,-3.0193674249227342
0.0024028972166731826,0.8502252626312166,-60.22373976800736,0.311311311311311,3.9261372871899547,-0.9845868406657701,0.3483000000000003,0.03310582830152121,-0.14463701016050834,3.730727131388603,0.6851687444185892,-2.971916137351002
0.00241089391029023,0.8497436718358189,-60.223739768021915,0.312312312312312,3.925163357243994,-0.992546278551572,0.3493000000000003,0.032962302284426065,-0.14241742207438435,3.731727131388603,0.6821500268657192,-3.02737203380741
0.0024188906039072774,0.8492620810404213,-60.22373976799281,0.313313313313313,3.9241502075532155,-0.9856145692717746,0.3503000000000003,0.03282099345737244,-0.14130882705362424,3.732727131388603,0.679114000350975,-3.0522573617851094
0.0024268872975243263,0.8487804902450238,-60.22373976800736,0.314314314314314,3.9231901549031085,-0.9606357836619281,0.3513000000000003,0.03267968463031882,-0.1413088270536207,3.7337271313886027,0.6760455121421497,-3.0260169209127525
0.002434883991141374,0.8482988994496261,-60.223739768021915,0.315315315315315,3.9222270127911294,-0.9813109809911111,0.3523000000000003,0.03253837580326519,-0.14130882705362424,3.7347271313886026,0.6730619665091502,-3.1040771520137014
0.002442880684758421,0.8478173086542284,-60.22373976802919,0.316316316316316,3.9212255683545783,-0.9859356850649874,0.3533000000000003,0.032397066976211565,-0.1413088270536278,3.7357271313886025,0.669837357838123,-3.385623094605478
0.0024508773783754683,0.8473357178588307,-60.223739768021915,0.317317317317317,3.9202531675757832,-0.9505429404955521,0.3543000000000003,0.03225575814915794,-0.14130882705362424,3.7367271313886024,0.66629072031994,-3.339656234778488
0.0024588740719925176,0.8468541270634331,-60.22373976801464,0.318318318318318,3.919322579484718,-0.9619055158536867,0.3553000000000003,0.03211444932210432,-0.14035394695301484,3.7377271313886022,0.6631580453685668,-3.048436208537396
0.0024668707656095652,0.8463725362680354,-60.223739768021915,0.319319319319319,3.918327430807307,-0.9823942748832906,0.3563000000000003,0.03197505025525191,-0.13806273510986244,3.738727131388602,0.6601938479028658,-3.0408256223441867
0.0024748674592266124,0.8458909454726378,-60.22373976800736,0.32032032032032,3.9173558241796465,-0.9844384698310478,0.3573000000000003,0.03183832385188459,-0.1367264033673088,3.739727131388602,0.6570763941238791,-3.232639250875934
0.0024828641528436618,0.8454093546772403,-60.22373976800736,0.321321321321321,3.916356583019858,-0.9804794286189917,0.3583000000000003,0.03170159744851729,-0.13672640336730524,3.740727131388602,0.6537285694011147,-3.4748728294883335
0.002490860846460709,0.8449277638818425,-60.22373976802919,0.322322322322322,3.9153929024006286,-0.9872999418835207,0.3593000000000003,0.03156487104514998,-0.1367264033673088,3.741727131388602,0.6501266484649032,-3.325746782143824
0.002498857540077756,0.8444461730864449,-60.22373976802919,0.323323323323323,3.914380006559631,-0.9949765683265923,0.3603000000000003,0.031428144641782674,-0.13672640336730524,3.7427271313886017,0.6470770758368278,-3.139377959049625
0.0025068542336948037,0.8439645822910472,-60.22373976801464,0.324324324324324,3.913400957318894,-0.9696208140485396,0.3613000000000003,0.03129141823841537,-0.1367264033673088,3.7437271313886016,0.6438478925468046,-3.520452221325911
0.0025148509273118526,0.8434829914956495,-60.22373976801464,0.325325325325325,3.912438823748723,-0.9663980837242434,0.3623000000000003,0.031154691835048057,-0.1364197524911539,3.7447271313886015,0.6400361713941768,-3.497674573674715
0.0025228476209289002,0.8430014007002519,-60.22373976800009,0.326326326326326,3.911466226420548,-0.9649709167840683,0.3633000000000003,0.031018578733433062,-0.1339806750573871,3.7457271313886014,0.636852543399456,-3.2071629471457754
0.0025308443145459474,0.8425198099048544,-60.223739768021915,0.327327327327327,3.9105069500414467,-0.9464483770584593,0.3643000000000003,0.030886730484933282,-0.13178109362721457,3.7467271313886013,0.6336218454998859,-3.3792571528843496
0.002538841008162995,0.8420382191094568,-60.22373976801464,0.328328328328328,3.909571434874885,-0.9548976434068663,0.3653000000000003,0.030755016546178633,-0.13171393875466464,3.747727131388601,0.630094029093688,-3.5332477197184744
0.002546837701780044,0.8415566283140591,-60.223739768021915,0.329329329329329,3.90859524304764,-0.9448080738577573,0.3663000000000003,0.03062330260742395,-0.13171393875467352,3.748727131388601,0.6265553500604497,-3.3404604960766164
0.0025548343953970916,0.8410750375186614,-60.22373976800736,0.33033033033033,3.9076799272195135,-0.9199059705747459,0.3673000000000003,0.030491588668669287,-0.13171393875466286,3.749727131388601,0.6234131081015355,-3.1454774486765587
0.0025628310890141387,0.8405934467232639,-60.22373976801464,0.331331331331331,3.9067535894528964,-0.9057952995879077,0.3683000000000003,0.030359874729914624,-0.1317139387546682,3.750727131388601,0.6202643951630973,-3.332098755032007
0.002570827782631188,0.8401118559278661,-60.223739768021915,0.332332332332332,3.905866523216334,-0.9138898507469548,0.3693000000000003,0.03022816079115995,-0.13171393875466642,3.7517271313886007,0.6167489105914722,-3.313064840569666
0.0025788244762482353,0.8396302651324683,-60.223739768021915,0.333333333333333,3.9049239801420916,-0.934837555007789,0.3703000000000003,0.03009644685240529,-0.1301416266875428,3.7527271313886006,0.6136382654819588,-3.207546608546295
0.002586821169865283,0.8391486743370709,-60.22373976800009,0.334334334334334,3.9039949765596624,-0.9385604919850721,0.3713000000000003,0.029967877537784862,-0.12697004076161278,3.7537271313886005,0.6103338173743803,-3.396572380949692
0.00259481786348233,0.8386670835416732,-60.22373976801464,0.335335335335335,3.903044980158137,-0.9500189355057955,0.3723000000000003,0.029842506770882068,-0.12537076690279392,3.7547271313886004,0.6068451207200601,-3.407280243065543
0.0026028145570993794,0.8381854927462756,-60.22373976801464,0.336336336336336,3.90209303674884,-0.9541385134441498,0.3733000000000003,0.029717136003979277,-0.1253707669028028,3.7557271313886003,0.60351925688825,-3.2756853711887857
0.0026108112507164266,0.8377039019508777,-60.22373976802919,0.337337337337337,3.9011347929440348,-0.9519104716093807,0.3743000000000003,0.02959176523707646,-0.1253707669028028,3.7567271313886,0.6002937499776833,-3.1896073745177773
0.0026188079443334737,0.8372223111554802,-60.223739768021915,0.338338338338338,3.9001873100789504,-0.9541462945476269,0.3753000000000003,0.02946639447017367,-0.12537076690279392,3.7577271313886,0.5971400421392151,-3.2308650043759144
0.0026268046379505213,0.8367407203600825,-60.22373976800009,0.339339339339339,3.8992245901521483,-0.9438267931504924,0.3763000000000003,0.029341023703270873,-0.12537076690279392,3.7587271313886,0.5938320199689321,-3.33086637787153
0.0026348013315675707,0.836259129564685,-60.22373976800009,0.34034034034034,3.8982977669495193,-0.9130092829984733,0.3773000000000003,0.029215652936368082,-0.1253707669028099,3.7597271313886,0.5904783093834728,-3.220848035036454
0.002642798025184618,0.8357775387692874,-60.223739768021915,0.341341341341341,3.8973967437397388,-0.914173504367227,0.3783000000000003,0.029090282169465253,-0.12438555132261264,3.7607271313885997,0.5873903238988599,-3.144298908418307
0.002650794718801665,0.8352959479738896,-60.22373976801464,0.342342342342342,3.896467589763599,-0.9357392156555306,0.3793000000000003,0.028966881833722858,-0.12245913514564144,3.7617271313885996,0.5841897115666369,-3.3109045927685656
0.0026587914124187144,0.8348143571784921,-60.223739768021915,0.343343343343343,3.895523391956644,-0.9354152928144686,0.3803000000000003,0.02884536389917397,-0.12151793454887994,3.7627271313885995,0.5807685147133236,-3.3957233992014153
0.0026667881060357616,0.8343327663830943,-60.223739768021915,0.344344344344344,3.8945948864746818,-0.937182443047277,0.3813000000000003,0.028723845964625096,-0.12151793454887816,3.7637271313885994,0.5773982647682349,-3.285759603704662
0.002674784799652809,0.8338511755876967,-60.22373976800736,0.345345345345345,3.8936471508294215,-0.9389819276052549,0.3823000000000003,0.028602328030076212,-0.12151793454888882,3.7647271313885993,0.574196995505915,-3.1249927765792904
0.0026827814932698564,0.8333695847922991,-60.22373976801464,0.346346346346346,3.8927150427757726,-0.9246961076173648,0.3833000000000003,0.028480810095527317,-0.12151793454888171,3.765727131388599,0.5711482792150769,-3.042759777455217
0.0026907781868869057,0.8328879939969014,-60.22373976801464,0.347347347347347,3.891795907370729,-0.893578005250447,0.3843000000000003,0.02835929216097845,-0.12151793454887283,3.766727131388599,0.5681114759510052,-3.0487394812525963
0.002698774880503953,0.8324064032015037,-60.22373976801464,0.348348348348348,3.8909260978203157,-0.8872012999829622,0.3853000000000003,0.028237774226429573,-0.12151793454888349,3.767727131388599,0.5650508002525724,-3.0504893603788332
0.0027067715741210005,0.8319248124061062,-60.22373976800009,0.349349349349349,3.890019728591985,-0.8982947667661847,0.3863000000000003,0.028116256291880682,-0.12076131766577092,3.768727131388599,0.5620104972302482,-2.981949473131806
0.0027147682677380477,0.8314432216107086,-60.22373976801464,0.35035035035035,3.8891277098988613,-0.8818207998560865,0.3873000000000003,0.02799625159109803,-0.11826150281093817,3.7697271313885987,0.5590869013063094,-2.9839819523428446
0.002722764961355097,0.8309616308153108,-60.22373976801464,0.351351351351351,3.8882543215852663,-0.8898681971343194,0.3883000000000003,0.027879733286258805,-0.11646194774004925,3.7707271313885986,0.5560425333255631,-3.095099634243013
0.002730761654972144,0.8304800400199133,-60.223739768021915,0.352352352352352,3.8873461919866816,-0.8976106110742421,0.3893000000000003,0.027763327695617932,-0.11640559064087519,3.7717271313885985,0.5528967020378242,-3.1255456031923927
0.002738758348589192,0.8299984492245156,-60.22373976800009,0.353353353353353,3.886457303344877,-0.8871044046031784,0.3903000000000003,0.027646922104977056,-0.11640559064087519,3.7727271313885984,0.5497914421191791,-3.0749298064147865
0.0027467550422062407,0.829516858429118,-60.22373976801464,0.354354354354354,3.885570207192681,-0.8922970377147976,0.3913000000000003,0.02753051651433618,-0.11640559064087164,3.7737271313885983,0.5467468424249952,-2.934729851045347
0.0027547517358232883,0.8290352676337204,-60.22373976802919,0.355355355355355,3.8846709228889917,-0.8947663119306526,0.3923000000000003,0.02741411092369531,-0.11640559064086631,3.774727131388598,0.543921982417089,-2.8698431014837524
0.0027627484294403355,0.8285536768383226,-60.223739768021915,0.356356356356356,3.883778883244872,-0.882843852904216,0.3933000000000003,0.027297705333054447,-0.11640559064086986,3.775727131388598,0.5410071562220283,-2.865386434013601
0.0027707451230573827,0.828072086042925,-60.22373976801464,0.357357357357357,3.882903467728023,-0.8681882669200149,0.3943000000000003,0.02718129974241357,-0.11640559064087341,3.776727131388598,0.5381912095490624,-2.8096734824655414
0.002778741816674432,0.8275904952475274,-60.22373976801464,0.358358358358358,3.8820407685963825,-0.8721342795652163,0.3953000000000003,0.0270648941517727,-0.11617554931398288,3.777727131388598,0.5353878092570978,-2.755389308481085
0.002786738510291479,0.8271089044521297,-60.22373976803647,0.359359359359359,3.8811574531543194,-0.8837584368386615,0.3963000000000003,0.026948948643785605,-0.11583459413713548,3.7787271313885977,0.5326804309321008,-2.840395361386811
0.002794735203908527,0.8266273136567319,-60.22373976800009,0.36036036036036,3.880271482436546,-0.8764076421141453,0.3973000000000003,0.02683322496349843,-0.11572368028717861,3.7797271313885976,0.5297070185343249,-2.883623276846606
0.002802731897525576,0.8261457228613345,-60.22373976800736,0.361361361361361,3.8794028833002363,-0.8793304091971095,0.3983000000000003,0.026717501283211247,-0.11572368028717861,3.7807271313885975,0.5269131843784083,-2.6875682696537524
0.0028107285911426233,0.8256641320659366,-60.223739768021915,0.362362362362362,3.878511061196913,-0.8893135546804842,0.3993000000000003,0.026601777602924072,-0.11572368028717683,3.7817271313885974,0.524331881995018,-2.6666431826578787
0.0028187252847596705,0.8251825412705391,-60.22373976800736,0.363363363363363,3.877622475783358,-0.8684008465629631,0.4003000000000003,0.026486053922636893,-0.11572368028718039,3.7827271313885973,0.5215798980130931,-2.6342846811305662
0.002826721978376718,0.8247009504751416,-60.22373976800736,0.364364364364364,3.8767725209635535,-0.8498064669579435,0.4013000000000003,0.02637033024234971,-0.11572368028718039,3.783727131388597,0.5190633126327574,-2.618702208216064
0.002834718671993767,0.8242193596797439,-60.22373976800736,0.365365365365365,3.8759211615351945,-0.8612411132505713,0.4023000000000003,0.02625460656206253,-0.11572368028718039,3.784727131388597,0.5163424935966615,-2.7117125839264418
0.0028427153656108146,0.8237377688843464,-60.22373976801464,0.366366366366366,3.8750483145306185,-0.8718514096474337,0.4033000000000003,0.02613888288177535,-0.11566322727341394,3.785727131388597,0.5136398874649051,-2.61513566570423
0.002850712059227862,0.8232561780889486,-60.22373976804374,0.367367367367367,3.8741757132676327,-0.8746267280303073,0.4043000000000003,0.026023280107515704,-0.11348220175537449,3.786727131388597,0.5111122222652537,-2.46490300318672
0.0028587087528449094,0.8227745872935509,-60.22373976801464,0.368368368368368,3.8732973100700967,-0.8716367243505374,0.4053000000000003,0.0259119184782646,-0.111355362073434,3.7877271313885967,0.5087100814585322,-2.4871399194814785
0.0028667054464619583,0.8222929964981532,-60.22373976801464,0.369369369369369,3.8724306948004648,-0.8680205486784871,0.4063000000000003,0.025800569383368836,-0.11134909489575762,3.7887271313885966,0.5061379424262913,-2.5036810820976143
0.002874702140079006,0.8218114057027556,-60.22373976800736,0.37037037037037,3.8715595311938635,-0.8691527962917007,0.40730000000000033,0.025689220288473084,-0.11134909489575229,3.7897271313885965,0.5037027192943375,-2.488367815737945
0.002882698833696053,0.821329814907358,-60.22373976801464,0.371371371371371,3.8706906491622424,-0.8669883418617701,0.40830000000000033,0.02557787119357733,-0.11134909489575406,3.7907271313885964,0.5011612067948159,-2.4541426864380185
0.0028906955273131025,0.8208482241119603,-60.22373976800736,0.372372372372372,3.869823818797744,-0.8391153507545823,0.40930000000000033,0.02546652209868158,-0.11134909489575406,3.7917271313885963,0.49879443392146205,-2.393518650153794
0.0028986922209301496,0.8203666333165628,-60.223739768021915,0.373373373373373,3.869010738550122,-0.7777899276059088,0.41030000000000033,0.025355173003785824,-0.11134909489575406,3.792727131388596,0.49637416949450885,-2.374875935150527
0.0029066889145471972,0.819885042521165,-60.22373976801464,0.374374374374374,3.8682666818055393,-0.760624998067442,0.41130000000000033,0.02524382390889007,-0.11134909489575229,3.793727131388596,0.49404468205116153,-2.3252505243042094
0.0029146856081642444,0.8194034517257675,-60.22373976801464,0.375375375375375,3.8674879657812182,-0.7897796485096933,0.41230000000000033,0.025132474813994318,-0.11117120214421838,3.794727131388596,0.49172366844590093,-2.223412029915295
0.0029226823017812938,0.8189218609303698,-60.22373976800736,0.376376376376376,3.866685541368082,-0.80294582943975,0.41330000000000033,0.025021481504601633,-0.1097809520226285,3.795727131388596,0.48959785799133143,-2.1725937800212307
0.002930678995398341,0.8184402701349722,-60.223739768021915,0.377377377377377,3.8658804666231807,-0.8127852308828096,0.41430000000000033,0.02491291290994906,-0.10844375833180742,3.7967271313885957,0.487378480885859,-2.2127112371075555
0.002938675689015388,0.8179586793395744,-60.223739768021915,0.378378378378378,3.8650583437086574,-0.8408121600364211,0.41530000000000034,0.024804593987938016,-0.10831892201104232,3.7977271313885956,0.4851724355171168,-2.193518845097657
0.0029466723826324357,0.817477088544177,-60.223739767985535,0.379379379379379,3.8641971589954798,-0.8498497594405308,0.41630000000000034,0.024696275065926976,-0.10831892201103344,3.7987271313885955,0.48299144319566417,-2.171604465279586
0.0029546690762494846,0.8169954977487796,-60.22373976802919,0.38038038038038,3.8633569427888568,-0.8423638711949479,0.41730000000000034,0.02458795614391595,-0.10831892201103344,3.7997271313885954,0.4808292265865581,-2.1606519062028156
0.0029626657698665322,0.8165139069533816,-60.22373976803647,0.381381381381381,3.862510744838932,-0.8346540573422772,0.41830000000000034,0.02447963722190491,-0.10831892201103877,3.8007271313885953,0.478670139383259,-2.1565206031254434
0.0029706624634835794,0.8160323161579839,-60.22373976801464,0.382382382382382,3.8616859636950784,-0.803959624479603,0.41930000000000034,0.024371318299893873,-0.10831892201103699,3.801727131388595,0.4765161853803077,-2.1246348292129085
0.0029786591571006288,0.8155507253625862,-60.22373976800736,0.383383383383383,3.860901216061196,-0.7708631601710749,0.42030000000000034,0.024262999377882837,-0.10831892201103521,3.802727131388595,0.47442086972483366,-2.089944889849363
0.002986655850717676,0.8150691345671887,-60.22373976801464,0.384384384384384,3.860142694105146,-0.7729283609869526,0.42130000000000034,0.0241546804558718,-0.108231663691992,3.803727131388595,0.4723362956006094,-2.1149099003934566
0.0029946525443347236,0.8145875437717911,-60.22373976800736,0.385385385385385,3.8593538119350965,-0.7945834357321928,0.42230000000000034,0.024046536050498852,-0.10591534697392291,3.804727131388595,0.4701910499240472,-2.0449956855507025
0.0030026492379517707,0.8141059529763934,-56.07566045039857,0.386386386386386,3.858551936476052,-0.7905127867204556,0.42330000000000034,0.023942849761923957,-0.10297459434956302,3.8057271313885948,0.46824630422950847,-1.9168523341543278
0.0030120560182985497,0.8136243621809957,-51.02035863751371,0.387387387387387,3.857771203753474,-0.7932462850308184,0.42430000000000034,0.023840586861799726,-0.10226290012423078,3.8067271313885946,0.46635734525573896,-1.9153720726668269
0.0030215280667424817,0.8131427713855981,-50.843362789819366,0.388388388388388,3.8569638558253403,-0.8153264407048937,0.42530000000000034,0.023738323961675495,-0.10226290012423078,3.8077271313885945,0.4644155600841752,-1.9608797091603947
0.003031000115186413,0.8126611805902005,-50.84336278982664,0.389389389389389,3.8561389185868973,-0.800128580643559,0.42630000000000035,0.023636061061551264,-0.10226290012423433,3.8087271313885944,0.4624355858374186,-1.951370130534741
0.0030404721636303447,0.8121795897948029,-50.84336278983392,0.39039039039039,3.855361996805033,-0.7723621323507359,0.42730000000000035,0.023533798161427026,-0.10226290012423078,3.8097271313885943,0.4605128198231062,-1.845184426651855
0.003049944212074279,0.8116979989994051,-50.84336278982664,0.391391391391391,3.8545926480516615,-0.7753573273914753,0.42830000000000035,0.023431535261302802,-0.10226290012422545,3.810727131388594,0.4587452169841153,-1.7707823195586627
0.0030594162605182104,0.8112164082040074,-50.843362789819366,0.392392392392392,3.8538097298833276,-0.7766121918127737,0.42930000000000035,0.023329272361178575,-0.102262900124229,3.811727131388594,0.45697125518398923,-1.8470679056841277
0.003068888308962142,0.81073481740861,-50.843362789819366,0.393393393393393,3.853037868888874,-0.770940824809486,0.43030000000000035,0.023227009461054344,-0.10226290012423433,3.812727131388594,0.45505108117274745,-1.9049632680640798
0.003078360357406076,0.8102532266132122,-50.84336278983392,0.394394394394394,3.852266304808633,-0.7771404781128695,0.43130000000000035,0.023124746560930106,-0.10205125728001896,3.813727131388594,0.4531613286478615,-1.8831921564823517
0.0030878324058500077,0.8097716358178145,-50.84336278983392,0.395395395395395,3.851482032095855,-0.7871874663603649,0.43230000000000035,0.023022906946494306,-0.0995224826935992,3.8147271313885938,0.4512846968597832,-1.8332295092014306
0.003097304454293939,0.8092900450224167,-50.843362789819366,0.396396396396396,3.85069035392503,-0.7795806156266281,0.43330000000000035,0.022925701595542906,-0.09700808597774113,3.8157271313885937,0.44949486962945906,-1.7619497463723803
0.003106776502737871,0.8088084542270193,-50.84336278981209,0.397397397397397,3.8499213101426477,-0.7658288043282937,0.43430000000000035,0.022828890774538823,-0.09681082100408567,3.8167271313885935,0.4477607973670388,-1.761819279466721
0.003116248551181805,0.8083268634316216,-50.84336278982664,0.398398398398398,3.8491571631255743,-0.7497910067916109,0.43530000000000035,0.022732079953534736,-0.09681082100408922,3.8177271313885934,0.445971231070526,-1.7371986522250893
0.0031257205996257365,0.8078452726362241,-50.843362789819366,0.399399399399399,3.848420227045967,-0.721758197570125,0.43630000000000035,0.022635269132530642,-0.09681082100408567,3.8187271313885933,0.444286400062589,-1.6723497076926037
0.0031351926480696684,0.8073636818408265,-50.84336278983392,0.4004004004004,3.8477122017690775,-0.7154071087102238,0.43730000000000036,0.022538458311526562,-0.09681082100408567,3.819727131388593,0.44262653165514115,-1.695776520065266
0.0031446646965136,0.8068820910454286,-50.84336278983392,0.401401401401401,3.846987980582083,-0.7138631031350542,0.43830000000000036,0.022441647490522472,-0.09681082100408922,3.820727131388593,0.44089484702245885,-1.7266068501357381
0.0031541367449575337,0.8064005002500311,-50.843362789819366,0.402402402402402,3.846283046407445,-0.7034559925371013,0.43930000000000036,0.022344836669518385,-0.09681082100408567,3.821727131388593,0.4391733179548701,-1.7259249846056548
0.0031636087934014657,0.8059189094546334,-50.84336278982664,0.403403403403403,3.845579660276704,-0.699489070719892,0.44030000000000036,0.0222480258485143,-0.09681082100408567,3.822727131388593,0.4374429970532479,-1.6992298103652104
0.003173080841845397,0.8054373186592358,-50.843362789819366,0.404404404404404,3.8448826678874846,-0.7161298382186487,0.44130000000000036,0.02215121502751021,-0.09681082100408567,3.8237271313885928,0.43577485833414004,-1.646518935332125
0.003182552890289331,0.8049557278638382,-50.84336278982664,0.405405405405405,3.844145966906897,-0.7365377147061736,0.44230000000000036,0.022054404206506128,-0.09521689054919769,3.8247271313885927,0.43414995918258403,-1.5951745279395482
0.003192024938733263,0.8044741370684405,-50.84336278982664,0.406406406406406,3.8434081179080932,-0.7346705281950108,0.44330000000000036,0.021960781246411817,-0.09282184194509213,3.8257271313885926,0.43258450927826125,-1.5694500600662593
0.0032014969871771944,0.803992546273043,-50.84336278983392,0.407407407407407,3.8426751550386378,-0.7228315922695856,0.44430000000000036,0.021868760522615945,-0.09202072379587456,3.8267271313885924,0.43101105906245185,-1.5483959965659153
0.003210969035621126,0.8035109554776452,-50.843362789819366,0.408408408408408,3.8419610076132593,-0.719830732971559,0.44530000000000036,0.02177673979882007,-0.09202072379587989,3.8277271313885923,0.4294877172851298,-1.4971651808007493
0.00322044108406506,0.8030293646822476,-50.843362789819366,0.409409409409409,3.8412340524701265,-0.7265012928289707,0.44630000000000036,0.021684719075024183,-0.09202072379587989,3.828727131388592,0.42801672870085067,-1.4820304818516377
0.0032299131325089917,0.80254777388685,-50.84336278983392,0.41041041041041,3.840506550570558,-0.7315881456165698,0.44730000000000036,0.021592698351228307,-0.09202072379588166,3.829727131388592,0.42652365632142686,-1.5484042967071332
0.0032393851809529232,0.8020661830914523,-50.84336278983392,0.411411411411411,3.8397694115379615,-0.7174139884257329,0.44830000000000036,0.02150067762743242,-0.09202072379588166,3.830727131388592,0.42491992010743673,-1.5873203865850485
0.0032488572293968574,0.8015845922960545,-50.843362789819366,0.412412412412412,3.839070286329465,-0.6917998201411137,0.44930000000000037,0.021408656903636546,-0.09202072379587634,3.831727131388592,0.4233490155482571,-1.5705355688366467
0.003258329277840789,0.801103001500657,-50.843362789819366,0.413413413413413,3.8383844269130543,-0.6827041167318839,0.45030000000000037,0.021316636179840667,-0.09202072379587456,3.832727131388592,0.4217788489697638,-1.5402045664988577
0.003267801326284721,0.8006214107052594,-50.84336278982664,0.414414414414414,3.8377035113209934,-0.6874263751949456,0.45130000000000037,0.021224615456044794,-0.09202072379588344,3.8337271313885917,0.4202686064152597,-1.481422135578896
0.0032772733747286524,0.8001398199098618,-50.84336278981209,0.415415415415415,3.8370081979336845,-0.6763690768839297,0.45230000000000037,0.0211325947322489,-0.092020723795887,3.8347271313885916,0.41881600469860636,-1.4531831443484293
0.003286745423172586,0.7996582291144642,-50.84336278982664,0.416416416416416,3.83634941907498,-0.6580260405169156,0.45330000000000037,0.021040574008453022,-0.09114939114435572,3.8357271313885914,0.4173622401265632,-1.4867572084582719
0.003296217471616518,0.7991766383190664,-50.84336278983392,0.417417417417417,3.8356908284832,-0.6720290767011647,0.45430000000000037,0.02095029594996019,-0.0900429586092315,3.8367271313885913,0.4158424902816901,-1.4912745610972138
0.0033056895200604497,0.7986950475236688,-50.84336278982664,0.418418418418418,3.8350040155180207,-0.6912694192662912,0.45530000000000037,0.020860488091234558,-0.08980785872562258,3.8377271313885912,0.41437969100436906,-1.4646243226252977
0.0033151615685043812,0.798213456728271,-50.843362789819366,0.419419419419419,3.8343069057219066,-0.6895765809003933,0.45630000000000037,0.020770680232508942,-0.08980785872562436,3.838727131388591,0.41291324163643983,-1.453871633260377
0.0033246336169483154,0.7977318659328736,-50.843362789819366,0.42042042042042,3.8336234818225234,-0.6764576344025954,0.4573000000000004,0.02068087237378331,-0.08980785872562436,3.839727131388591,0.4114719477378486,-1.4031689072563154
0.003334105665392247,0.7972502751374758,-50.84336278982664,0.421421421421421,3.8329526361835637,-0.6505426490846276,0.4583000000000004,0.020591064515057694,-0.08980785872562258,3.840727131388591,0.41010690382192755,-1.3707484949721902
0.0033435777138361785,0.7967686843420783,-50.843362789819366,0.422422422422422,3.8323210941366677,-0.6359641853721314,0.4593000000000004,0.020501256656332064,-0.08980785872562969,3.841727131388591,0.40873045074790454,-1.3852400312663917
0.0033530497622801126,0.7962870935466806,-50.84336278981209,0.423423423423423,3.8316794346112473,-0.6429149782395598,0.4603000000000004,0.020411448797606434,-0.08980785872562969,3.8427271313885907,0.40733642375939505,-1.3784165914428286
0.003362521810724044,0.795805502751283,-50.843362789819366,0.424424424424424,3.8310339770631154,-0.6320411087674529,0.4613000000000004,0.020321640938880805,-0.08980785872562258,3.8437271313885906,0.4059736175650192,-1.3603411666699117
0.0033719938591679757,0.7953239119558855,-50.84336278983392,0.425425425425425,3.8304140870461465,-0.6203382314270129,0.4623000000000004,0.02023183308015519,-0.0898078587256208,3.8447271313885905,0.40461574142605555,-1.3900414292162395
0.0033814659076119077,0.7948423211604876,-50.84336278982664,0.426426426426426,3.82979205868188,-0.6445886117617192,0.4633000000000004,0.020142025221429563,-0.08980785872562969,3.8457271313885903,0.40319353470658703,-1.4219681075320523
0.0033909379560558414,0.79436073036509,-50.84336278982664,0.427427427427427,3.8291236193549327,-0.6702905936215302,0.4643000000000004,0.02005221736270393,-0.08834525268038362,3.8467271313885902,0.40177180521099176,-1.4071208469832754
0.003400410004499773,0.7938791395696924,-50.843362789819366,0.428428428428428,3.828450135571526,-0.678136297961828,0.4653000000000004,0.019965334716068796,-0.08606522594033983,3.84772713138859,0.4003792930126208,-1.394641305461363
0.003409882052943705,0.7933975487742948,-50.843362789819366,0.429429429429429,3.8277659891287836,-0.6750573592798901,0.4663000000000004,0.019880086910823252,-0.08524780524555098,3.84872713138859,0.39898252260006933,-1.3637647375730921
0.0034193541013876365,0.7929159579788972,-50.84336278982664,0.43043043043043,3.827098669386781,-0.6532708174570416,0.4673000000000004,0.019794839105577694,-0.0852478052455492,3.84972713138859,0.3976517635374749,-1.3163138868113151
0.00342882614983157,0.7924343671834994,-50.84336278983392,0.431431431431431,3.826458139644385,-0.6350828877721142,0.4683000000000004,0.019709591300332154,-0.0852478052455492,3.85072713138859,0.396349894826447,-1.2845994565141439
0.003438298198275502,0.7919527763881018,-50.84336278982664,0.432432432432432,3.8258272321740248,-0.644250793235642,0.4693000000000004,0.019624343495086596,-0.08524780524555453,3.8517271313885897,0.3950825646244469,-1.2766805833399815
0.0034477702467194337,0.7914711855927041,-50.843362789819366,0.433433433433433,3.8251683482665353,-0.6369987799855608,0.4703000000000004,0.019539095689841045,-0.08524780524554743,3.8527271313885896,0.3937965336597673,-1.291526487734302
0.0034572422951633674,0.7909895947973066,-50.84336278982664,0.434434434434434,3.824551959341221,-0.6147688176652082,0.4713000000000004,0.019453847884595497,-0.08524780524554743,3.8537271313885895,0.39249951164897856,-1.2900593859680214
0.0034667143436072994,0.7905080040019088,-50.84336278982664,0.435435435435435,3.823937579862801,-0.6168917960642375,0.4723000000000004,0.019368600079349946,-0.08524780524555275,3.8547271313885894,0.39121641488783154,-1.2897838474946468
0.003476186392051231,0.7900264132065112,-50.843362789819366,0.436436436436436,3.823316940730482,-0.6030222402198433,0.4733000000000004,0.019283352274104392,-0.08524780524555098,3.8557271313885892,0.3899199439539896,-1.2703893550141458
0.0034856584404951625,0.7895448224111137,-50.843362789819366,0.437437437437437,3.8227303281306293,-0.5805096611265981,0.4743000000000004,0.019198104468858845,-0.08524780524554743,3.856727131388589,0.38867563617780354,-1.2389564312044854
0.0034951304889390966,0.789063231615716,-50.843362789819366,0.438438438438438,3.8221547592267244,-0.5784476523692774,0.4753000000000004,0.019112856663613297,-0.08517513562724766,3.857727131388589,0.3874420310915809,-1.253974970487718
0.003504602537383028,0.7885816408203183,-50.84336278983392,0.439439439439439,3.821572274772533,-0.5834955420596089,0.4763000000000004,0.01902775419760435,-0.08419166759080454,3.858727131388589,0.38616768623682834,-1.2651726393060017
0.0035140745858269597,0.7881000500249207,-50.84336278983392,0.44044044044044,3.8209865999833625,-0.5780472380897663,0.4773000000000004,0.018944473328431688,-0.08308985500036492,3.859727131388589,0.38491168581296914,-1.277283999254763
0.0035235466342708917,0.7876184592295229,-50.843362789819366,0.441441441441441,3.820415023044625,-0.5735427342740422,0.4783000000000004,0.01886157448760362,-0.08289884082806509,3.8607271313885887,0.3836131182383191,-1.2896334348199616
0.0035330186827148254,0.7871368684341253,-50.843362789819366,0.442442442442442,3.819838366281113,-0.5901622985852555,0.4793000000000004,0.01877867564677556,-0.08289884082805976,3.8617271313885886,0.38233241894332953,-1.2438545296104166
0.003542490731158757,0.7866552776387279,-50.843362789819366,0.443443443443443,3.8192335169413507,-0.6024850048454482,0.4803000000000004,0.0186957768059475,-0.08289884082806509,3.8627271313885885,0.38112540917909854,-1.1965334515001587
0.003551962779602689,0.7861736868433301,-50.84336278982664,0.444444444444444,3.818632190095236,-0.6044108649607551,0.4813000000000004,0.01861287796511943,-0.08289884082806509,3.8637271313885884,0.37993935204032947,-1.1810225130275
0.0035614348280466226,0.7856920960479326,-50.843362789819366,0.445445445445445,3.818023485179668,-0.5858680875942355,0.4823000000000004,0.01852997912429137,-0.08289884082805798,3.8647271313885883,0.37876336415304385,-1.187638319665325
0.003570906876490554,0.7852105052525349,-50.84336278982664,0.446446446446446,3.8174592810109624,-0.5563511965158341,0.4833000000000004,0.018447080283463313,-0.08289884082806331,3.865727131388588,0.37756407540099907,-1.219435055799039
0.003580378924934486,0.7847289144571371,-50.84336278982664,0.447447447447447,3.816909668970428,-0.5657991712835155,0.4843000000000004,0.018364181442635245,-0.08289884082806687,3.866727131388588,0.376324494041446,-1.2480678026770988
0.0035898509733784177,0.7842473236617397,-50.843362789819366,0.448448448448448,3.816326549937321,-0.577670126813473,0.4853000000000004,0.01828128260180718,-0.08289884082806154,3.867727131388588,0.3750679397956452,-1.284787886468905
0.0035993230218223514,0.7837657328663419,-50.84336278983392,0.449449449449449,3.8157531722200506,-0.5730680466092508,0.4863000000000004,0.018198383760979122,-0.08289884082806154,3.868727131388588,0.3737549182685085,-1.288266712156826
0.0036087950702662834,0.7832841420709442,-50.843362789819366,0.45045045045045,3.8151792665607265,-0.5576500651213792,0.4873000000000004,0.018115484920151054,-0.08282216375046225,3.8697271313885877,0.37249140637133177,-1.2127882375513366
0.003618267118710215,0.7828025512755467,-50.843362789819366,0.451451451451451,3.8146367556732605,-0.5328449864841787,0.4883000000000004,0.018032739433478197,-0.08113839197874562,3.8707271313885876,0.3713293417934061,-1.156807584558777
0.0036277391671541465,0.7823209604801491,-50.84336278982664,0.452452452452452,3.814112509831029,-0.5336843161305751,0.4893000000000004,0.017953208136193565,-0.07907929408108849,3.8717271313885875,0.3701777912022145,-1.1511886658884976
0.0036372112155980806,0.7818393696847513,-50.84336278983392,0.453453453453453,3.813568318603929,-0.5360731250771096,0.4903000000000004,0.01787458084531602,-0.07862729087754161,3.8727271313885874,0.36902696446162936,-1.1496169291457363
0.003646683264042012,0.7813577788893536,-50.84336278983392,0.454454454454454,3.8130392903614054,-0.525852853559627,0.4913000000000004,0.01779595355443848,-0.07862729087753983,3.8737271313885873,0.3678785573439233,-1.1460770780360292
0.0036561553124859437,0.780876188093956,-50.843362789819366,0.455455455455455,3.812515560138345,-0.5141665019098127,0.4923000000000004,0.01771732626356094,-0.07862729087754872,3.874727131388587,0.36673481030555755,-1.1453368740160954
0.003665627360929878,0.7803945972985583,-50.84336278982664,0.456456456456456,3.812009927995219,-0.5272304132561203,0.4933000000000004,0.017638698972683383,-0.07862729087754694,3.875727131388587,0.36558788359589134,-1.1585391702752759
0.0036750994093738094,0.7799130065031608,-50.84336278982664,0.457457457457457,3.8114600437954897,-0.5586878706883454,0.4943000000000004,0.017560071681805844,-0.07862729087753806,3.876727131388587,0.36441773196500726,-1.1712079472753487
0.003684571457817741,0.7794314157077631,-50.84336278981209,0.458458458458458,3.810891433759607,-0.570502816003227,0.4953000000000004,0.017481444390928306,-0.07862729087754161,3.877727131388587,0.36324546770134086,-1.148945800206917
0.003694043506261673,0.7789498249123658,-50.84336278981209,0.459459459459459,3.810317896015703,-0.5672113217649439,0.4963000000000004,0.01740281710005076,-0.07862729087754694,3.8787271313885867,0.36211984036459366,-1.1288900245547495
0.0037035155547056066,0.778468234116968,-50.843362789841194,0.46046046046046,3.8097558755578764,-0.5552185156254836,0.4973000000000004,0.01732418980917321,-0.07862729087754161,3.8797271313885866,0.36098768765223166,-1.1371441397186857
0.003712987603149538,0.7779866433215702,-50.84336278983392,0.461461461461461,3.8092063474358713,-0.5204620182412327,0.4983000000000004,0.017245562518295676,-0.07862729087754161,3.8807271313885865,0.35984555208515656,-1.1369528443323134
0.00372245965159347,0.7775050525261725,-50.843362789841194,0.462462462462462,3.808713909555392,-0.49614897839137484,0.4993000000000004,0.01716693522741813,-0.07862729087754694,3.8817271313885864,0.35871378196356724,-1.1417946920787472
0.0037319317000374017,0.7770234617307749,-50.84336278981209,0.463463463463463,3.8082130561878413,-0.5053629622404969,0.5003000000000004,0.017088307936540585,-0.07832396048472212,3.8827271313885863,0.35756196270099927,-1.149124762870457
0.0037414037484813354,0.7765418709353774,-50.84336278982664,0.464464464464464,3.807702171893248,-0.509978176072309,0.5013000000000004,0.017010287306448685,-0.07660818444576556,3.883727131388586,0.3564155324378266,-1.1345867521153252
0.0037508757969252674,0.7760602801399796,-50.843362789841194,0.465465465465465,3.8071920788583675,-0.5154473770453478,0.5023000000000004,0.016935091567649052,-0.07506472440872969,3.884727131388586,0.3552927891967689,-1.1191258236811734
0.003760347845369199,0.775578689344582,-50.84336278982664,0.466466466466466,3.806670245212476,-0.5297231752722382,0.5033000000000004,0.016860157857631224,-0.07493371001783444,3.885727131388586,0.3541772807904645,-1.1216481687311557
0.0037698198938131327,0.7750970985491843,-50.84336278983392,0.467467467467467,3.806131572000966,-0.52871128705101,0.5043000000000004,0.016785224147613385,-0.07493371001784155,3.886727131388586,0.3530494928593068,-1.1224126246699484
0.0037792919422570646,0.7746155077537866,-50.84336278982664,0.468468468468468,3.80561176415732,-0.5197450239400041,0.5053000000000004,0.016710290437595542,-0.07493371001783089,3.8877271313885857,0.35193245554112484,-1.120017295761727
0.003788763990700996,0.7741339169583891,-50.84336278982664,0.469469469469469,3.8050910414225063,-0.5122627931298211,0.5063000000000004,0.01663535672757772,-0.07493371001783622,3.8887271313885856,0.3508094582677836,-1.1273804749828855
0.0037982360391449277,0.7736523261629914,-50.84336278982664,0.47047047047047,3.8045862130199235,-0.490217530568998,0.5073000000000004,0.016560423017559868,-0.0749337100178451,3.8897271313885855,0.3496776945911593,-1.1206849469779172
0.003807708087588862,0.7731707353675936,-50.84336278982664,0.471471471471471,3.80410962494489,-0.45919524653413646,0.5083000000000004,0.016485489307542033,-0.07493371001783267,3.8907271313885854,0.348568088373828,-1.1255989662026877
0.0038171801360327934,0.772689144572196,-50.84336278981209,0.472472472472472,3.8036669032170525,-0.4582885445688589,0.5093000000000004,0.016410555597524204,-0.07493371001783267,3.8917271313885853,0.3474264966587542,-1.1173620602881158
0.003826652184476725,0.7722075537767986,-50.84336278981209,0.473473473473473,3.803192130361169,-0.482557956688197,0.5103000000000004,0.016335621887506365,-0.074933710017838,3.892727131388585,0.34633336425325206,-1.0828135002340389
0.003836124232920659,0.771725962981401,-50.84336278983392,0.474474474474474,3.80270082122168,-0.48154539447637035,0.5113000000000004,0.016260688177488526,-0.07493371001783977,3.893727131388585,0.34526086965828634,-1.0657950969578849
0.0038455962813645907,0.7712443721860032,-50.843362789841194,0.475475475475475,3.8022280755173723,-0.47678137021625844,0.5123000000000004,0.016185754467470687,-0.07493371001783622,3.894727131388585,0.3442017740593365,-1.0667613829569689
0.003855068329808522,0.7707627813906055,-50.84336278982664,0.476476476476476,3.8017463039639905,-0.482058951052295,0.5133000000000004,0.016110820757452855,-0.07493371001783444,3.895727131388585,0.3431273468923727,-1.0695212261132667
0.003864540378252454,0.7702811905952078,-50.84336278981209,0.477477477477477,3.801262992532282,-0.46496627243686817,0.5143000000000004,0.016035887047435016,-0.07342840056607347,3.8967271313885847,0.3420627316071102,-1.0765265536068682
0.003874012426696388,0.7697995997998103,-50.84336278982664,0.478478478478478,3.8008154405557093,-0.4539308782416356,0.5153000000000004,0.015963963956320708,-0.07137985471222308,3.8977271313885846,0.34097429378515914,-1.0930598293178377
0.0038834844751403194,0.7693180090044126,-50.84336278983392,0.479479479479479,3.8003542220052715,-0.4648924135681227,0.5163000000000004,0.01589312733801057,-0.07083661831013544,3.8987271313885845,0.3398766119484748,-1.0787392300173906
0.0038929565235842514,0.7688364182090148,-50.84336278982664,0.48048048048048,3.7998847250130305,-0.4604569505570453,0.5173000000000004,0.015822290719700437,-0.07083661831013188,3.8997271313885844,0.3388168153251246,-1.0542932396691072
0.003902428572028183,0.7683548274136173,-50.84336278981209,0.481481481481481,3.7994323862684207,-0.4562072304540834,0.5183000000000004,0.015751454101390307,-0.07083661831013277,3.9007271313885843,0.3377680254691368,-1.0491233973996827
0.003911900620472117,0.7678732366182197,-50.84336278982664,0.482482482482482,3.7989713972243333,-0.4702293425366406,0.5193000000000004,0.01568061748308017,-0.07083661831013544,3.901727131388584,0.3367185685303255,-1.049230649498753
0.003921372668916049,0.767391645822822,-50.84336278983392,0.483483483483483,3.7984909861832628,-0.4709835693838613,0.5203000000000004,0.015609780864770035,-0.07083661831013544,3.902727131388584,0.33566956417013954,-1.0510043085514553
0.00393084471735998,0.7669100550274244,-50.84336278982664,0.484484484484485,3.7980284871755163,-0.4500424091613695,0.5213000000000004,0.0155389442464599,-0.07083661831013455,3.903727131388584,0.3346165599132228,-1.062063190492779
0.003940316765803914,0.7664284642320266,-50.84336278981209,0.485485485485485,3.7975900003791367,-0.44741621562707223,0.5223000000000004,0.015468107628149767,-0.07083661831013366,3.904727131388584,0.3335454377891542,-1.0680952320780648
0.0039497888142478454,0.7659468734366293,-50.843362789819366,0.486486486486487,3.7971327590161024,-0.45576323479826897,0.5233000000000004,0.015397271009839633,-0.07083661831013366,3.9057271313885837,0.3324803694490669,-1.092125060207934
0.003959260862691777,0.7654652826412314,-50.84336278982664,0.487487487487487,3.796677561470632,-0.44658527432125084,0.5243000000000004,0.0153264343915295,-0.07083661831013544,3.9067271313885836,0.33136118766873857,-1.1008310984234697
0.003968732911135709,0.7649836918458339,-50.84336278981209,0.488488488488488,3.7962386944028474,-0.44785371528178075,0.5253000000000004,0.015255597773219361,-0.07083661831013366,3.9077271313885835,0.3302787072522202,-1.0835492611768132
0.003978204959579643,0.7645021010504363,-50.84336278983392,0.48948948948949,3.7957809574360337,-0.476986904603109,0.5263000000000004,0.015184761154909231,-0.07083661831013277,3.9087271313885834,0.3291940891463852,-1.0584870778668005
0.003987677008023575,0.7640205102550385,-50.84336278982664,0.49049049049049,3.7952837656649043,-0.47541197901796295,0.5273000000000004,0.015113924536599096,-0.07083661831013455,3.9097271313885833,0.32816173309648683,-1.0482600797490988
0.003997149056467506,0.7635389194596409,-49.042837655273615,0.491491491491492,3.794829181702264,-0.44683308523281084,0.5283000000000004,0.015043087918288962,-0.06990691821015282,3.910727131388583,0.3270975689868872,-1.0519655954545328
0.004007374092475444,0.7630573286642431,-43.626188833051856,0.492492492492492,3.794389204933708,-0.436969081101779,0.5293000000000004,0.01497411070017879,-0.06836690207568896,3.911727131388583,0.326057801905578,-1.0360990507034273
0.00401957142165413,0.7625757378688457,-39.483299035597156,0.493493493493493,3.7939543687270856,-0.42333462551573575,0.5303000000000004,0.014906354114137585,-0.06775658604120505,3.912727131388583,0.3250253708854806,-1.033482482708024
0.004031768750832812,0.7620941470734479,-39.483299035600794,0.494494494494495,3.7935416881659085,-0.42432367601736587,0.5313000000000004,0.01483859752809638,-0.06775658604120505,3.913727131388583,0.3239908369401622,-1.0225479828718278
0.004043966080011494,0.7616125562780504,-39.48329903558624,0.495495495495495,3.793104871878202,-0.4331389034496169,0.5323000000000004,0.014770840942055174,-0.06775658604121126,3.9147271313885827,0.32298027491973713,-1.0078436324539268
0.004056163409190181,0.7611309654826529,-39.48329903560807,0.496496496496497,3.792674543214057,-0.41759082859130103,0.5333000000000004,0.014703084356013958,-0.06775658604121126,3.9157271313885826,0.32197514967525453,-1.0150772843257982
0.004068360738368863,0.760649374687255,-39.48329903562262,0.497497497497497,3.792268854203345,-0.4120331189087665,0.5343000000000004,0.014635327769972752,-0.0677565860412015,3.9167271313885825,0.3209501203510858,-1.0186849288441238
0.0040805580675475454,0.7601677838918574,-39.483299035600794,0.498498498498498,3.791849652085111,-0.4163972556191311,0.5353000000000004,0.014567571183931554,-0.06775658604120238,3.9177271313885824,0.31993777981756655,-1.0164260968038263
0.004092755396726228,0.7596861930964598,-39.483299035600794,0.4994994994995,3.791435226063967,-0.4270280595162603,0.5363000000000004,0.014499814597890346,-0.06775658604121038,3.9187271313885823,0.31891726815747834,-1.0273119032050317
0.004104952725904914,0.7592046023010621,-39.48329903560443,0.500500500500501,3.7909947410550475,-0.42254013468777885,0.5373000000000004,0.014432058011849134,-0.06775658604121038,3.919727131388582,0.3178831560111567,-1.0439274311218867
0.0041171500550835965,0.7587230115056645,-39.483299035600794,0.501501501501502,3.790589299868396,-0.3888618009473248,0.5383000000000004,0.014364301425807925,-0.06775658604120594,3.920727131388582,0.31682941329523484,-1.0340903193798852
0.004129347384262279,0.7582414207102669,-39.483299035600794,0.502502502502503,3.7902162389510488,-0.39044785895930545,0.5393000000000004,0.014296544839766721,-0.06775658604120416,3.921727131388582,0.31581497537239717,-1.016937541422294
0.004141544713440962,0.7577598299148692,-39.48329903560807,0.503503503503503,3.789807622473082,-0.4061237710104706,0.5403000000000004,0.014228788253725517,-0.06775658604120594,3.922727131388582,0.3147955382123904,-1.030270384117756
0.004153742042619648,0.7572782391194715,-39.48329903560443,0.504504504504504,3.789403178348426,-0.4167505695977525,0.5413000000000004,0.01416103166768431,-0.06775658604120949,3.9237271313885818,0.31375443460416186,-1.0261154169972428
0.00416593937179833,0.7567966483240738,-39.48329903560443,0.505505505505506,3.7889732869984116,-0.40933955254035936,0.5423000000000004,0.014093275081643097,-0.06775658604120505,3.9247271313885816,0.3127433073783962,-1.0107834639476323
0.004178136700977013,0.7563150575286762,-39.483299035600794,0.506506506506507,3.7885836797447414,-0.38816749658485605,0.5433000000000004,0.014025518495601899,-0.06626868883432557,3.9257271313885815,0.31173286767626684,-1.0120398621320135
0.004190334030155699,0.7558334667332786,-39.48329903560443,0.507507507507508,3.7881961748931365,-0.3860201503098324,0.5443000000000005,0.013960737703974447,-0.06447649214945983,3.9267271313885814,0.3107192276541324,-1.0170546138791963
0.0042025313593343815,0.7553518759378809,-39.48329903558988,0.508508508508508,3.7878108666310077,-0.40016603848562227,0.5453000000000005,0.013896565511302979,-0.06417219267146113,3.9277271313885813,0.30969875844850864,-1.0183110897114318
0.0042147286885130635,0.7548702851424836,-39.48329903560443,0.509509509509509,3.787395041682956,-0.4159886246379756,0.5463000000000005,0.013832393318631524,-0.06417219267145402,3.928727131388581,0.30868260547470977,-1.0152919915717575
0.004226926017691746,0.7543886943470857,-39.48329903560807,0.510510510510511,3.7869780565716713,-0.4167935205609865,0.5473000000000005,0.013768221125960071,-0.06417219267145846,3.929727131388581,0.3076681744653654,-1.0145554585629384
0.004239123346870432,0.7539071035516881,-39.48329903560443,0.511511511511512,3.7865606202203717,-0.4035381235107707,0.5483000000000005,0.013704048933288608,-0.06417219267146201,3.930727131388581,0.3066534945575841,-1.0122801462699158
0.0042513206760491145,0.7534255127562903,-39.48329903560443,0.512512512512513,3.7861701724405186,-0.3937103746638968,0.5493000000000005,0.013639876740617148,-0.0641721926714558,3.931727131388581,0.30564361417282576,-1.0085093189246095
0.004263518005227797,0.7529439219608929,-39.48329903560443,0.513513513513513,3.785772411262085,-0.37783205167443157,0.5503000000000005,0.013575704547945695,-0.06417219267145491,3.9327271313885808,0.3046364759197351,-1.0084454071024425
0.00427571533440648,0.752462331165495,-39.48329903560807,0.514514514514514,3.785413751916647,-0.3667692599763086,0.5513000000000005,0.013511532355274237,-0.06417219267145935,3.9337271313885807,0.3036267233586211,-1.000964740294421
0.004287912663585166,0.7519807403700974,-39.48329903558988,0.515515515515516,3.785038138469339,-0.37565720224438337,0.5523000000000005,0.013447360162602777,-0.06417219267146024,3.9347271313885805,0.3026345464391465,-1.0010357854256142
0.0043001099927638484,0.7514991495746999,-39.483299035600794,0.516516516516517,3.784661685445687,-0.3681382601976111,0.5533000000000005,0.013383187969931317,-0.06417219267145846,3.9357271313885804,0.3016246517877701,-1.008817985495483
0.004312307321942531,0.7510175587793022,-39.483299035597156,0.517517517517518,3.7843011249354097,-0.3567930163615074,0.5543000000000005,0.013319015777259859,-0.06417219267145757,3.9367271313885803,0.30061691046815575,-1.0163718766903287
0.004324504651121217,0.7505359679839047,-39.483299035600794,0.518518518518518,3.783947385112631,-0.37883704255818884,0.5553000000000005,0.0132548435845884,-0.06417219267145757,3.93772713138858,0.2995919080343897,-1.0096348742901853
0.0043367019802998995,0.7500543771885069,-39.48329903561171,0.519519519519519,3.783542692417777,-0.3975109985551626,0.5563000000000005,0.013190671391916944,-0.06417219267145402,3.93872713138858,0.29859764071957556,-0.9956520342838928
0.004348899309478582,0.7495727863931092,-39.483299035600794,0.520520520520521,3.783151567297705,-0.396874988977288,0.5573000000000005,0.013126499199245493,-0.06417219267146113,3.93972713138858,0.2976006039658221,-1.0023959853328392
0.004361096638657264,0.7490911955977115,-39.48329903559352,0.521521521521522,3.7827481478953,-0.38151629738672455,0.5583000000000005,0.013062327006574023,-0.06380629022481266,3.94072713138858,0.2965928487489101,-1.001751662841741
0.00437329396783595,0.7486096048023141,-39.48329903559352,0.522522522522523,3.7823877709065403,-0.35913964022984146,0.5593000000000005,0.012998886618795868,-0.06237333071994833,3.9417271313885798,0.29559710064013883,-0.9761708059078273
0.0043854912970146325,0.7481280140069164,-39.48329903560807,0.523523523523523,3.7820291496165606,-0.36594092353948326,0.5603000000000005,0.012937580345134125,-0.06127856831174672,3.9427271313885797,0.29464050713709466,-0.9547244842707698
0.004397688626193315,0.7476464232115188,-39.48329903560443,0.524524524524524,3.7816551564450007,-0.3917438633909569,0.5613000000000005,0.012876329482172374,-0.06125086296174409,3.9437271313885796,0.2936876516715975,-0.9655858538719144
0.004409885955372001,0.7471648324161211,-39.483299035600794,0.525525525525526,3.7812448776177794,-0.39720166760230313,0.5623000000000005,0.012815078619210636,-0.06125086296174409,3.9447271313885794,0.29270933542935107,-0.985225554660218
0.004422083284550684,0.7466832416207234,-39.48329903560443,0.526526526526527,3.7808599579112627,-0.36402974352813544,0.5633000000000005,0.012753827756248885,-0.06125086296174498,3.9457271313885793,0.2917172005622773,-0.9854315364222828
0.0044342806137293665,0.7462016508253257,-39.48329903560807,0.527527527527528,3.780516089342448,-0.3437340316525024,0.5643000000000005,0.012692576893287146,-0.061250862961742314,3.9467271313885792,0.29073847235650674,-0.9896215168007245
0.004446477942908049,0.7457200600299281,-39.48329903560443,0.528528528528528,3.780171801691738,-0.36178278374245565,0.5653000000000005,0.0126313260303254,-0.06125086296174764,3.947727131388579,0.28973795752867604,-1.0129123445993002
0.004458675272086735,0.7452384692345304,-39.48329903560443,0.529529529529529,3.779791799485107,-0.37198603914316664,0.5663000000000005,0.01257007516736365,-0.06125086296174409,3.948727131388579,0.28871264766730836,-1.0133335010795577
0.0044708726012654175,0.7447568784391327,-39.48329903560807,0.530530530530531,3.779427084896656,-0.34502725162815295,0.5673000000000005,0.012508824304401913,-0.061250862961742314,3.949727131388579,0.28771129052651717,-0.9976062540801252
0.0044830699304441,0.7442752876437351,-39.48329903560807,0.531531531531532,3.779101054236602,-0.3234327774571284,0.5683000000000005,0.012447573441440167,-0.061250862961741426,3.950727131388579,0.2867174351591483,-0.994560073369172
0.004495267259622783,0.7437936968483374,-39.48329903559352,0.532532532532533,3.778779571828674,-0.33786581618278433,0.5693000000000005,0.01238632257847843,-0.06125086296174587,3.9517271313885787,0.28572217037977904,-0.9901552384877732
0.004507464588801469,0.74331210605294,-39.483299035597156,0.533533533533533,3.778424646196196,-0.36555692717092825,0.5703000000000005,0.012325071715516675,-0.06125086296174498,3.9527271313885786,0.284737124682173,-0.9789007068040121
0.0045196619179801506,0.7428305152575423,-39.483299035618984,0.534534534534535,3.7780477261286323,-0.3761329574017509,0.5713000000000005,0.01226382085255494,-0.06125086296173965,3.9537271313885785,0.28376436896617124,-0.9787212606610183
0.004531859247158833,0.7423489244621445,-39.483299035597156,0.535535535535536,3.777671627262459,-0.3661264887064135,0.5723000000000005,0.012202569989593195,-0.06125086296174764,3.9547271313885783,0.28277968216085114,-0.9879667760939412
0.004544056576337519,0.7418673336667471,-39.483299035597156,0.536536536536537,3.7773147401652563,-0.3536963011397347,0.5733000000000005,0.012141319126631444,-0.0612508629617432,3.9557271313885782,0.2817884354139836,-0.9871291801652831
0.004556253905516202,0.7413857428713493,-39.48329903560807,0.537537537537538,3.7769635265594768,-0.3562521328190087,0.5743000000000005,0.012080068263669709,-0.061175454994819134,3.956727131388578,0.2808054238005208,-0.9892884055244906
0.0045684512346948845,0.7409041520759517,-39.483299035600794,0.538538538538539,3.7766015226821352,-0.3633009153779767,0.5753000000000005,0.012018968216641807,-0.05958616522352145,3.957727131388578,0.2798098586029348,-0.9981166500123777
0.004580648563873567,0.7404225612805542,-39.483299035600794,0.53953953953954,3.7762361973995615,-0.36232816724509576,0.5763000000000005,0.011960895933222667,-0.05778879727266695,3.958727131388578,0.2788091905004963,-0.9887293525926282
0.004592845893052253,0.7399409704851565,-39.48329903560807,0.540540540540541,3.7758761409659285,-0.3395187518087823,0.5773000000000005,0.011903390622096471,-0.05750531112619228,3.959727131388578,0.27783239989774977,-0.9719001291874179
0.0046050432222309355,0.7394593796897587,-39.48329903561171,0.541541541541542,3.7755564801787234,-0.33901303910715797,0.5783000000000005,0.011845885310970281,-0.05750531112619228,3.9607271313885777,0.27686539024212165,-0.9707324734991971
0.004617240551409618,0.738977788894361,-39.48329903560807,0.542542542542543,3.775197436182931,-0.3479972234742945,0.5793000000000005,0.011788379999844088,-0.057505311126195835,3.9617271313885776,0.27589093495075157,-0.9747061158247163
0.004629437880588301,0.7384961980989634,-39.48329903560443,0.543543543543544,3.7748597890406366,-0.34392433708171666,0.5803000000000005,0.011730874688717889,-0.05750531112619672,3.9627271313885775,0.27491597801047246,-0.9743391595046091
0.004641635209766987,0.7380146073035657,-39.48329903559352,0.544544544544545,3.7745088989715563,-0.34756747598657967,0.5813000000000005,0.011673369377591693,-0.05750531112619406,3.9637271313885774,0.2739422566317426,-0.9594513334041324
0.0046538325389456695,0.7375330165081683,-39.483299035600794,0.545545545545546,3.77416395825788,-0.3573893256618703,0.5823000000000005,0.011615864066465502,-0.057505311126195835,3.9647271313885772,0.2729970753436644,-0.9539412185448839
0.004666029868124351,0.7370514257127705,-39.483299035597156,0.546546546546547,3.773793404826087,-0.350530283958733,0.5833000000000005,0.011558358755339301,-0.05750531112619406,3.965727131388577,0.27203437419465304,-0.9646947671317605
0.004678227197303038,0.736569834917373,-39.483299035600794,0.547547547547548,3.773462195927632,-0.32811979629127563,0.5843000000000005,0.011500853444213113,-0.057505311126191394,3.966727131388577,0.2710676858094011,-0.9746227097986662
0.00469042452648172,0.7360882441219753,-39.48329903561171,0.548548548548549,3.773136508337015,-0.324268632070698,0.5853000000000005,0.011443348133086919,-0.057505311126191394,3.967727131388577,0.2700851287750559,-0.9760795576059991
0.0047026218556604025,0.7356066533265777,-39.48329903561171,0.54954954954955,3.7728130094770407,-0.33910055036949416,0.5863000000000005,0.01138584282196073,-0.05750531112619761,3.968727131388577,0.2691155266941893,-0.9805019943903233
0.004714819184839085,0.7351250625311798,-39.48329903561171,0.550550550550551,3.772457628356295,-0.33606602916938755,0.5873000000000005,0.011328337510834523,-0.05750531112619761,3.9697271313885767,0.26812412478627545,-0.9903982563812406
0.004727016514017771,0.7346434717357823,-39.48329903559352,0.551551551551552,3.7721402046138386,-0.3139853078218948,0.5883000000000005,0.011270832199708335,-0.05750531112618873,3.9707271313885766,0.267134730181427,-0.9843220246592921
0.0047392138431964536,0.7341618809403847,-39.48329903560443,0.552552552552553,3.7718290291414367,-0.303475015299,0.5893000000000005,0.011213326888582146,-0.05750531112619495,3.9717271313885765,0.2661554807369571,-0.9752318574403489
0.004751411172375136,0.733680290144987,-39.48329903560807,0.553553553553554,3.7715326470256523,-0.3143776045235427,0.5903000000000005,0.011155821577455944,-0.05750531112619939,3.9727271313885764,0.2651842664665465,-0.9815669646901028
0.004763608501553819,0.7331986993495894,-39.483299035600794,0.554554554554555,3.771199644547796,-0.3224317974040787,0.5913000000000005,0.011098316266329747,-0.05750531112619406,3.9737271313885763,0.2641923468075771,-0.9703214674403853
0.004775805830732505,0.7327171085541918,-39.483299035597156,0.555555555555556,3.77088713792174,-0.32038231357705627,0.5923000000000005,0.011040810955203557,-0.056724872857826014,3.974727131388576,0.26324362353166597,-0.9515547049918212
0.0047880031599111875,0.7322355177587941,-39.48329903560807,0.556556556556557,3.7705582385146093,-0.321134160501515,0.5933000000000005,0.010984866520614095,-0.05510499373676225,3.975727131388576,0.2622892373975937,-0.9484765301953928
0.00480020048908987,0.7317539269633965,-39.483299035600794,0.557557557557558,3.770244226689505,-0.3239845553378018,0.5943000000000005,0.010930600967730032,-0.05426555288406476,3.976727131388576,0.2613466704712754,-0.9585878447179823
0.004812397818268556,0.7312723361679989,-39.483299035597156,0.558558558558559,3.7699096207862053,-0.3398354712883247,0.5953000000000005,0.010876335414845966,-0.05426555288406565,3.977727131388576,0.2603720617081579,-0.9804349950381948
0.0048245951474472385,0.7307907453726012,-39.483299035600794,0.55955955955956,3.7695638753956344,-0.3497523551327504,0.5963000000000005,0.010822069861961901,-0.054265552884062096,3.9787271313885757,0.25938580048119925,-0.988252629166368
0.0048367924766259205,0.7303091545772036,-39.483299035615346,0.560560560560561,3.7692094158710243,-0.3451139527214764,0.5973000000000005,0.01076780430907784,-0.05426555288405943,3.9797271313885756,0.2583955564498254,-0.9869859012954123
0.004848989805804603,0.7298275637818059,-39.48329903560443,0.561561561561562,3.7688729565713674,-0.3304735350318424,0.5983000000000005,0.010713538756193781,-0.05426555288406387,3.9807271313885755,0.2574118286786086,-0.9817565618483286
0.004861187134983289,0.7293459729864082,-39.483299035597156,0.562562562562563,3.768547807192282,-0.3298596222434753,0.5993000000000005,0.010659273203309713,-0.05426555288406387,3.9817271313885754,0.25643204332612896,-0.9711514979018716
0.004873384464161972,0.7288643821910107,-39.48329903561171,0.563563563563564,3.7682125769472563,-0.3350376509806665,0.6003000000000005,0.010605007650425654,-0.054265552884062096,3.9827271313885753,0.2554695256828051,-0.9608717580074568
0.004885581793340654,0.7283827913956128,-39.48329903561171,0.564564564564565,3.767877061144273,-0.3217640960292556,0.6013000000000005,0.01055074209754159,-0.05426555288406831,3.983727131388575,0.25451029981011425,-0.9540756861805164
0.004897779122519337,0.7279012006002152,-39.483299035600794,0.565565565565566,3.7675684045828333,-0.3201433065114543,0.6023000000000005,0.010496476544657516,-0.054265552884062096,3.984727131388575,0.2535613743104443,-0.9465320383825713
0.004909976451698023,0.7274196098048176,-39.483299035597156,0.566566566566567,3.7672361336037095,-0.33428773565196934,0.6033000000000005,0.010442210991773464,-0.054265552884062096,3.985727131388575,0.2526172357333493,-0.9363203869519765
0.0049221737808767055,0.72693801900942,-39.48329903559352,0.567567567567568,3.7668991598668136,-0.32645942467888744,0.6043000000000005,0.010387945438889393,-0.05426555288406654,3.986727131388575,0.25168873353654053,-0.936306917955207
0.004934371110055388,0.7264564282140226,-39.48329903560443,0.568568568568569,3.76658256118193,-0.31483180677309974,0.6053000000000005,0.010333679886005332,-0.054265552884062096,3.9877271313885747,0.2507446218974391,-0.9561140758420095
0.004946568439234074,0.7259748374186247,-39.48329903560443,0.56956956956957,3.76626886595936,-0.3301777771109755,0.6063000000000005,0.010279414333121269,-0.054265552884062984,3.9887271313885746,0.24977650538485674,-0.96221516075191
0.0049587657684127566,0.7254932466232271,-39.483299035597156,0.570570570570571,3.7659215446111376,-0.3417493584679505,0.6073000000000005,0.010225148780237205,-0.05426555288406387,3.9897271313885745,0.24882019157593552,-0.9571310262679305
0.004970963097591439,0.7250116558278296,-39.483299035600794,0.571571571571572,3.765584683059524,-0.3335208587004672,0.6083000000000005,0.01017088322735314,-0.05426555288406476,3.9907271313885744,0.24786224333232107,-0.969332793345302
0.004983160426770121,0.7245300650324319,-39.48329903560807,0.572572572572573,3.7652538351843097,-0.32506752401627637,0.6093000000000005,0.010116617674469076,-0.05426555288405943,3.9917271313885743,0.24688152598924512,-0.9715918351262616
0.004995357755948808,0.7240484742370341,-38.134292576487496,0.573573573573574,3.764933897225658,-0.32564038901023196,0.6103000000000005,0.010062352121585022,-0.054148361699764,3.992727131388574,0.24591905966206876,-0.9503819658426664
0.0050084864608780765,0.7235668834416364,-33.26056926190358,0.574574574574575,3.7646019024735784,-0.32135946844368846,0.6113000000000005,0.010008320951069547,-0.05276690748833257,3.993727131388574,0.24498076205756,-0.9386734161861483
0.005025138668363821,0.723085292646239,-28.920537761121523,0.575575575575576,3.7642905349264715,-0.3140669369790885,0.6123000000000005,0.009956818306608356,-0.05143675436357675,3.994727131388574,0.2440417128296967,-0.9505455234918685
0.005041790875849569,0.7226037018508413,-28.92053776112516,0.576576576576577,3.7639731398369833,-0.30823580699598097,0.6133000000000005,0.009905447442342393,-0.05137086426596493,3.995727131388574,0.24307967101057648,-0.9656241884754024
0.005058443083335314,0.7221221110554437,-28.920537761132437,0.577577577577578,3.763673446223777,-0.2890895927330348,0.6143000000000005,0.009854076578076427,-0.051370864265963156,3.9967271313885737,0.2421104644527461,-0.944553065217633
0.005075095290821058,0.721640520260046,-28.920537761136075,0.578578578578579,3.763394381893574,-0.2824765664361166,0.6153000000000005,0.009802705713810467,-0.05137086426596493,3.9977271313885736,0.2411905648801414,-0.9389512323942455
0.005091747498306803,0.7211589294646482,-28.920537761132437,0.57957957957958,3.7631079275722534,-0.3067024755555394,0.6163000000000005,0.009751334849544496,-0.051370864265964045,3.9987271313885735,0.2402325619879578,-0.9691769024202728
0.005108399705792551,0.7206773386692507,-28.92053776112516,0.580580580580581,3.7627803629234933,-0.3052413918194361,0.6173000000000005,0.00969996398527854,-0.05137086426596138,3.9997271313885734,0.2392522110753011,-0.9674195362358091
0.005125051913278295,0.720195747873853,-28.92053776112516,0.581581581581582,3.762496833694737,-0.2866474253287379,0.6183000000000005,0.009648593121012574,-0.05137086426596227,4.000727131388573,0.2382977229154864,-0.9594562633305088
0.005141704120764039,0.7197141570784554,-28.92053776112516,0.582582582582583,3.7622064942041162,-0.29661866581227514,0.6193000000000005,0.009597222256746614,-0.051370864265959604,4.001727131388574,0.23733329854863983,-0.9563944104582163
0.0051583563282497835,0.7192325662830579,-28.9205377611288,0.583583583583584,3.7619030025319495,-0.29667165494265646,0.6203000000000005,0.009545851392480655,-0.051370864265964045,4.002727131388573,0.23638493409457018,-0.9458824938835306
0.0051750085357355315,0.7187509754876601,-28.920537761132437,0.584584584584585,3.761612556956984,-0.3010417281811897,0.6213000000000005,0.009494480528214687,-0.05137086426596582,4.0037271313885725,0.2354415335608738,-0.9363356417160418
0.005191660743221276,0.7182693846922624,-28.92053776112516,0.585585585585586,3.761300316389445,-0.3127209921224221,0.6223000000000005,0.009443109663948722,-0.05137086426596493,4.004727131388573,0.2345122628111383,-0.93938874241924
0.005208312950707021,0.7177877938968649,-28.9205377611288,0.586586586586587,3.760986488904687,-0.3181015317672973,0.6233000000000005,0.009391738799682756,-0.05137086426596227,4.005727131388573,0.2335627560760347,-0.95911220573565
0.005224965158192769,0.7173062031014671,-28.92053776112516,0.587587587587588,3.760663476486007,-0.32409020210911876,0.6243000000000005,0.009340367935416798,-0.051370864265963156,4.006727131388573,0.23259403839966727,-0.94794500134131
0.005241617365678513,0.7168246123060695,-28.9205377611288,0.588588588588589,3.7603376596712352,-0.3216687440087753,0.6253000000000005,0.00928899707115083,-0.05137086426596582,4.007727131388572,0.23166686607335313,-0.9236331783632323
0.005258269573164258,0.7163430215106719,-28.9205377611288,0.58958958958959,3.76001949501652,-0.3234090761848165,0.6263000000000005,0.009237626206884866,-0.05137086426595783,4.008727131388572,0.230746772042941,-0.9368039890374718
0.005274921780650002,0.7158614307152743,-28.920537761121523,0.590590590590591,3.759690194053248,-0.3178673902716582,0.6273000000000005,0.009186255342618915,-0.05137086426596049,4.009727131388573,0.22979325809527756,-0.9576635968815879
0.00529157398813575,0.7153798399198767,-28.920537761121523,0.591591591591592,3.7593831238648243,-0.3039930672034643,0.6283000000000005,0.009134884478352945,-0.05137086426596582,4.010727131388572,0.22883144484917806,-0.9525183955485943
0.005308226195621495,0.7148982491244791,-28.920537761132437,0.592592592592593,3.759081599324112,-0.2935224332809412,0.6293000000000005,0.009083513614086982,-0.05137086426596049,4.011727131388572,0.22788822130418143,-0.9413672479830666
0.0053248784031072385,0.7144166583290814,-28.920537761139713,0.593593593593594,3.7587954913657633,-0.2862675002938886,0.6303000000000005,0.009032142749821023,-0.05083713193938877,4.012727131388572,0.2269487103532121,-0.9469143701112444
0.005341530610592983,0.7139350675336836,-28.9205377611288,0.594594594594595,3.7585084912154154,-0.30139919269117854,0.6313000000000005,0.008981839350208205,-0.04986613038013754,4.013727131388572,0.2259943925639583,-0.952315471132323
0.005358182818078731,0.7134534767382862,-28.920537761121523,0.595595595595596,3.758192089578594,-0.30053213259725453,0.6323000000000005,0.008932410489060748,-0.049428861147458036,4.014727131388572,0.2250440794109477,-0.9439428391057874
0.0053748350255644756,0.7129718859428884,-28.920537761132437,0.596596596596597,3.757906825284289,-0.3078178520668189,0.6333000000000005,0.008882981627913289,-0.04942886114745626,4.015727131388571,0.2241065068857478,-0.9429174436845642
0.00539148723305022,0.7124902951474908,-28.920537761132437,0.597597597597598,3.7575758376225044,-0.32346319212979324,0.6343000000000005,0.008833552766765836,-0.04942886114745182,4.0167271313885715,0.22315824452357874,-0.9617903681725579
0.005408139440535968,0.7120087043520931,-28.9205377611288,0.598598598598599,3.7572592513260714,-0.3133941580372266,0.6353000000000005,0.008784123905618385,-0.049428861147449155,4.017727131388572,0.22218292614940202,-0.9557769938513161
0.005424791648021713,0.7115271135566954,-28.9205377611288,0.5995995995996,3.7569484218906983,-0.3146559618810443,0.6363000000000005,0.008734695044470938,-0.049428861147453595,4.018727131388571,0.22124669053587628,-0.9360872516568008
0.005441443855507457,0.7110455227612978,-28.9205377611288,0.600600600600601,3.7566293094604437,-0.32488784440397467,0.6373000000000005,0.008685266183323478,-0.049428861147453595,4.019727131388571,0.22031075164608946,-0.9398380107128332
0.005458096062993201,0.7105639319659001,-28.92053776112516,0.601601601601602,3.756297995775775,-0.3109058272891616,0.6383000000000005,0.008635837322176031,-0.04942886114745537,4.020727131388571,0.21936701451445081,-0.9440718109286053
0.00547474827047895,0.7100823411705026,-28.920537761117885,0.602602602602603,3.756006875371777,-0.29800432994716175,0.6393000000000005,0.008586408461028566,-0.049428861147458036,4.021727131388571,0.2184226080242316,-0.941991158596835
0.0054914004779646934,0.709600750375105,-28.920537761132437,0.603603603603604,3.7557013905106156,-0.3077384807818362,0.6403000000000005,0.008536979599881114,-0.04942886114744738,4.022727131388571,0.21748303219725737,-0.9372341001144093
0.005508052685450438,0.7091191595797074,-28.9205377611288,0.604604604604605,3.7553907823171584,-0.2995297263444172,0.6413000000000005,0.008487550738733671,-0.049428861147448266,4.02372713138857,0.2165481398240038,-0.9332833995858323
0.0055247048929361825,0.7086375687843096,-28.9205377611288,0.605605605605606,3.7551017313988146,-0.2949535244690651,0.6423000000000005,0.008438121877586217,-0.049428861147454484,4.024727131388571,0.21561646539808588,-0.9376458848868197
0.0055413571004219305,0.708155977988912,-28.920537761121523,0.606606606606607,3.754800284770674,-0.30392490398958216,0.6433000000000005,0.008388693016438763,-0.04942886114745271,4.025727131388571,0.21467284805422954,-0.93709040565669
0.005558009307907675,0.7076743871935144,-28.9205377611288,0.607607607607608,3.754493273132569,-0.2940268105751329,0.6443000000000005,0.008339264155291312,-0.049428861147453595,4.02672713138857,0.21374228458677272,-0.9252413937679194
0.00557466151539342,0.7071927963981167,-28.9205377611288,0.608608608608609,3.7542116425072605,-0.27445576686704953,0.6453000000000005,0.008289835294143856,-0.04942886114745537,4.02772713138857,0.21282236526669474,-0.9242330472864637
0.005591313722879168,0.706711205602719,-28.9205377611288,0.60960960960961,3.75394381213784,-0.28337974097257757,0.6463000000000005,0.008240406432996401,-0.04942886114745626,4.02872713138857,0.2118938184922,-0.9211383511086524
0.005607965930364912,0.7062296148073214,-28.9205377611288,0.610610610610611,3.7536443156985064,-0.3024762269535586,0.6473000000000005,0.008190977571848944,-0.04942886114745093,4.0297271313885705,0.2109800885644768,-0.9113552587557336
0.005624618137850657,0.7057480240119238,-28.9205377611288,0.611611611611612,3.7533382541259215,-0.2956133103250522,0.6483000000000005,0.0081415487107015,-0.049428861147453595,4.03072713138857,0.21007110797468873,-0.923276187055265
0.0056412703453364,0.7052664332165262,-28.92053776112516,0.612612612612613,3.7530524972594166,-0.3012704661709904,0.6493000000000005,0.008092119849554037,-0.04942886114745271,4.031727131388569,0.20913353619036731,-0.9353026837349034
0.005657922552822149,0.7047848424211286,-28.92053776112516,0.613613613613614,3.752735110049503,-0.32036160925213153,0.6503000000000005,0.008042690988406594,-0.04918461085096215,4.03272713138857,0.2082005026072191,-0.9384029919853987
0.005674574760307893,0.7043032516257308,-28.920537761136075,0.614614614614615,3.7524111326763294,-0.31415844026673767,0.6513000000000005,0.007993750627852111,-0.04839732752626569,4.03372713138857,0.2072567302063959,-0.9426300418227953
0.0056912269677936375,0.7038216608303333,-28.920537761132437,0.615615615615616,3.7521061642231435,-0.32276169978990765,0.6523000000000005,0.007945896333354062,-0.04784706691980034,4.0347271313885695,0.20631524252357375,-0.9454266592528597
0.005707879175279382,0.7033400700349354,-28.9205377611288,0.616616616616617,3.751764963107181,-0.3134134856672972,0.6533000000000005,0.00789805649401251,-0.04783983934155378,4.035727131388569,0.20536587688789124,-0.9348517458912653
0.00572453138276513,0.7028584792395379,-28.920537761114247,0.617617617617618,3.7514787097973827,-0.2761633285563221,0.6543000000000005,0.007850216654670955,-0.047839839341549784,4.036727131388569,0.20444553903179144,-0.9117504244882753
0.005741183590250875,0.7023768884441404,-28.9205377611288,0.618618618618619,3.751212083570532,-0.27014166202411616,0.6553000000000005,0.0078023768153294105,-0.04783983934154756,4.03772713138857,0.20354237603891406,-0.9091774039397507
0.005757835797736619,0.7018952976487426,-28.920537761132437,0.61961961961962,3.7509378856491864,-0.30039413106351276,0.6563000000000005,0.007754536975987859,-0.047839839341551116,4.038727131388569,0.20262718422391215,-0.9198572776982985
0.005774488005222367,0.701413706853345,-28.920537761121523,0.620620620620621,3.750610693918753,-0.3248876537677461,0.6573000000000006,0.007706697136646308,-0.04783983934155378,4.0397271313885685,0.20170266148351848,-0.9180709800321125
0.005791140212708112,0.7009321160579474,-28.92053776112516,0.621621621621622,3.750287459915918,-0.3154992234194651,0.6583000000000006,0.007658857297304752,-0.04783983934155067,4.040727131388569,0.20079104226384814,-0.9086625272403523
0.005807792420193855,0.7004505252625498,-28.920537761139713,0.622622622622623,3.7499790638418373,-0.31339683153578335,0.6593000000000006,0.007611017457963207,-0.04783983934154623,4.041727131388569,0.19988533642903716,-0.911191862994599
0.0058244446276796,0.6999689344671519,-28.920537761132437,0.623623623623624,3.7496600388317622,-0.31779804060965944,0.6603000000000006,0.007563177618621659,-0.04783983934155067,4.042727131388569,0.1989686585378592,-0.9090473287667891
0.005841096835165348,0.6994873436717544,-28.920537761121523,0.624624624624625,3.749342831528305,-0.30770143868994637,0.6613000000000006,0.007515337779280105,-0.04783983934155067,4.043727131388568,0.1980672417715046,-0.9115708654399555
0.0058577490426510925,0.6990057528763568,-28.9205377611288,0.625625625625626,3.749044019935486,-0.3196770738907162,0.6623000000000006,0.0074674979399385576,-0.047839839341551116,4.044727131388568,0.19714551680697945,-0.9148149169600401
0.005874401250136837,0.6985241620809591,-28.9205377611288,0.626626626626627,3.7487028373863818,-0.3127050763293937,0.6633000000000006,0.007419658100597003,-0.04783983934155245,4.045727131388569,0.1962376119375839,-0.8966247955599016
0.005891053457622585,0.6980425712855616,-28.92053776112516,0.627627627627628,3.7484179837466383,-0.27508513844418303,0.6643000000000006,0.007371818261255453,-0.04783983934155023,4.046727131388568,0.19535226721585983,-0.8832872580009763
0.00590770566510833,0.6975609804901639,-28.920537761132437,0.628628628628629,3.7481521163884954,-0.27661558399904607,0.6653000000000006,0.007323978421913902,-0.04783983934154801,4.047727131388568,0.19447103742158292,-0.8966831700387701
0.005924357872594074,0.6970793896947662,-28.9205377611288,0.62962962962963,3.7478641987936876,-0.2913897344610632,0.6663000000000006,0.007276138582572356,-0.04783983934155067,4.048727131388568,0.19355890087578245,-0.9259203790122257
0.005941010080079819,0.6965977988993686,-28.92053776112516,0.630630630630631,3.7475687535567417,-0.29113430345796587,0.6673000000000006,0.007228298743230802,-0.047839839341551116,4.049727131388568,0.19261919666355787,-0.9361127054162921
0.005957662287565567,0.696116208103971,-28.92053776112516,0.631631631631632,3.747281347335314,-0.28273769958923367,0.6683000000000006,0.007180458903889254,-0.04783983934155156,4.050727131388568,0.1916866754649501,-0.9193285225820631
0.005974314495051311,0.6956346173085732,-28.9205377611288,0.632632632632633,3.7470027121161222,-0.2784712271288754,0.6693000000000006,0.007132619064547698,-0.04783983934155289,4.051727131388567,0.19078053961839478,-0.9044082181654431
0.005990966702537055,0.6951530265131757,-28.55659253736303,0.633633633633634,3.746723847381102,-0.28359871021439176,0.6703000000000006,0.007084779225206148,-0.047839839341548895,4.0527271313885675,0.1898778590286194,-0.9126100421721901
0.006008054615999834,0.6946714357177781,-25.763949137939562,0.634634634634635,3.7464349469305076,-0.29390070994350026,0.6713000000000006,0.0070369393858646006,-0.047105860685987544,4.053727131388568,0.18895531953404981,-0.9160068904792666
0.006029205210405568,0.6941898449223803,-22.76961044967902,0.635635635635636,3.7461354575714054,-0.32037745090315184,0.6723000000000006,0.006990567503834173,-0.045145034303392784,4.054727131388567,0.18804584524766108,-0.9076911301558965
0.006050355804811297,0.6937082541269827,-22.76961044967902,0.636636636636637,3.745793550632403,-0.32459716022003704,0.6733000000000006,0.006946649317257815,-0.043918186576357154,4.055727131388567,0.187139937273739,-0.8923590240207062
0.006071506399217026,0.6932266633315851,-22.76961044967902,0.637637637637638,3.7454856134068004,-0.31217516279025403,0.6743000000000006,0.006902731130681458,-0.04391818657635982,4.056727131388567,0.18626112719961987,-0.8854409466510589
0.006092656993622759,0.6927450725361874,-22.76961044967902,0.638638638638639,3.745168575331522,-0.31957714646023305,0.6753000000000006,0.006858812944105095,-0.04391818657635671,4.057727131388567,0.18536905538043633,-0.8920655054339477
0.006113807588028488,0.6922634817407897,-22.76961044968266,0.63963963963964,3.7448458193197927,-0.3108741645291957,0.6763000000000006,0.006814894757528745,-0.04391818657635316,4.058727131388567,0.1844769961887522,-0.891347140793485
0.006134958182434216,0.6917818909453921,-22.769610449673564,0.640640640640641,3.7445462046317637,-0.27907725179079534,0.6773000000000006,0.006770976570952388,-0.043918186576359375,4.059727131388566,0.18358636109885035,-0.8931447979122424
0.006156108776839945,0.6913003001499947,-22.769610449677202,0.641641641641642,3.7442871061029943,-0.2595952583615144,0.6783000000000006,0.006727058384376026,-0.043918186576357154,4.060727131388567,0.1826907065929279,-0.8893362654921049
0.006177259371245679,0.6908187093545969,-22.76961044968084,0.642642642642643,3.7440264944048143,-0.24996548450553746,0.6793000000000006,0.006683140197799674,-0.0439181865763576,4.061727131388567,0.18180768856786553,-0.8762303681624672
0.006198409965651408,0.6903371185591992,-22.76961044968266,0.643643643643644,3.7437866747025823,-0.2655515905548782,0.6803000000000006,0.006639222011223311,-0.04391818657635982,4.0627271313885664,0.18093824585660317,-0.882407161369045
0.006219560560057137,0.6898555277638015,-22.76961044967902,0.644644644644645,3.7434948595888886,-0.2921201287394979,0.6813000000000006,0.006595303824646954,-0.04391818657635804,4.063727131388566,0.1800428742451284,-0.9015635584064938
0.006240711154462865,0.689373936968404,-22.769610449677202,0.645645645645646,3.743201849620021,-0.315121893404239,0.6823000000000006,0.0065513856380705945,-0.043918186576357154,4.064727131388566,0.17913511873979035,-0.8985359730541944
0.006261861748868599,0.6888923461730063,-22.76961044967902,0.646646646646647,3.7428639849274186,-0.32773676188185163,0.6833000000000006,0.00650746745149424,-0.043918186576354934,4.065727131388567,0.17824580229901943,-0.8876796797746067
0.0062830123432743275,0.6884107553776087,-22.76961044968266,0.647647647647648,3.7425457199666043,-0.32157909096667936,0.6843000000000006,0.006463549264917885,-0.043918186576356266,4.066727131388566,0.17735975938024132,-0.885132949276425
0.006304162937680056,0.687929164582211,-22.769610449677202,0.648648648648649,3.7422201829435013,-0.3376931259908815,0.6853000000000006,0.006419631078341527,-0.04391818657636071,4.0677271313885655,0.17647553640046756,-0.8884903647696376
0.00632531353208579,0.6874475737868134,-22.76961044968266,0.64964964964965,3.741869657652308,-0.3244863532929685,0.6863000000000006,0.006375712891765163,-0.043918186576357154,4.068727131388566,0.1755827786507022,-0.892080977042454
0.006346464126491518,0.6869659829914155,-22.76961044968448,0.650650650650651,3.7415705606145866,-0.2884948263952083,0.6873000000000006,0.006331794705188813,-0.04391818657635538,4.069727131388566,0.17469137444638205,-0.8805515298133457
0.006367614720897247,0.686484392196018,-22.76961044967902,0.651651651651652,3.7412920904322977,-0.2768410520868656,0.6883000000000006,0.006287876518612453,-0.04391818657635804,4.070727131388566,0.1738216755910757,-0.8626555238533058
0.006388765315302976,0.6860028014006203,-22.76961044967902,0.652652652652653,3.7410163242740726,-0.2716226935049235,0.6893000000000006,0.0062439583320360965,-0.04391818657635671,4.071727131388565,0.1729660633986764,-0.8714942077630923
0.00640991590970871,0.6855212106052228,-22.769610449671745,0.653653653653654,3.740748301256111,-0.2751686694000455,0.6903000000000006,0.006200040145459739,-0.043918186576354934,4.072727131388565,0.17207868717554967,-0.8913724729336394
0.006431066504114439,0.6850396198098252,-22.76961044968084,0.654654654654655,3.740465436047045,-0.29378657012307485,0.6913000000000006,0.006156121958883386,-0.04391818657635982,4.073727131388566,0.17118331845280851,-0.8968006255825145
0.006452217098520167,0.6845580290144275,-22.76961044967902,0.655655655655656,3.7401601399545634,-0.3089168124704429,0.6923000000000006,0.00611220377230702,-0.04391818657636026,4.074727131388565,0.17028508592438488,-0.8878785784218763
0.006473367692925896,0.68407643821903,-22.76961044968266,0.656656656656657,3.7398469839700272,-0.29919230177688405,0.6933000000000006,0.006068285585730666,-0.043918186576354934,4.075727131388565,0.16940756129596574,-0.8830617418662996
0.006494518287331629,0.6835948474236322,-22.76961044967902,0.657657657657658,3.739561156367423,-0.29292556435052575,0.6943000000000006,0.0060243673991543095,-0.04120042973538851,4.076727131388565,0.16851896244065243,-0.8865331131577392
0.006515668881737358,0.6831132566282345,-22.76961044968448,0.658658658658659,3.7392605464037594,-0.32494185083919547,0.6953000000000006,0.005985884726259889,-0.03653008827228854,4.077727131388565,0.16763449506964967,-0.8877157183322169
0.006536819476143087,0.6826316658328367,-22.76961044967902,0.65965965965966,3.738910622131509,-0.3465344421483678,0.6963000000000006,0.005951307222609732,-0.03457750365015855,4.078727131388565,0.16674353100398823,-0.8940853020516784
0.006557970070548821,0.6821500750374392,-22.769610449673564,0.660660660660661,3.7385667837568155,-0.3491970897853207,0.6973000000000006,0.0059167297189595715,-0.03457750365016077,4.079727131388564,0.1658463244655473,-0.8878270592366704
0.00657912066495455,0.6816684842420416,-22.76961044967902,0.661661661661662,3.7382115288586655,-0.33638423568118014,0.6983000000000006,0.005882152215309411,-0.03457750365016121,4.0807271313885645,0.1649678768855151,-0.8692820177531502
0.0066002712593602785,0.681186893446644,-22.76961044968266,0.662662662662663,3.73789334184354,-0.3266940602404702,0.6993000000000006,0.005847574711659249,-0.03457750365016077,4.081727131388565,0.16410776043004044,-0.8402281664769617
0.006621421853766007,0.6807053026512463,-22.76961044968266,0.663663663663664,3.7375574866960215,-0.33185992118183094,0.7003000000000006,0.005812997208009089,-0.03457750365015855,4.082727131388564,0.16328742055256135,-0.8425344871851479
0.00664257244817174,0.6802237118558486,-22.769610449669926,0.664664664664665,3.7372289576169497,-0.3207575868364074,0.7013000000000006,0.005778419704358932,-0.0345775036501581,4.083727131388564,0.1624226914556711,-0.876374820921697
0.006663723042577469,0.6797421210604512,-22.769610449675383,0.665665665665666,3.7369153293650177,-0.3072025282690447,0.7023000000000006,0.005743842200708772,-0.034577503650164765,4.084727131388564,0.1615346709107181,-0.8773499148755235
0.006684873636983198,0.6792605302650535,-22.76961044968448,0.666666666666667,3.736613937540335,-0.28927421227490413,0.7033000000000006,0.005709264697058602,-0.034577503650161656,4.085727131388564,0.16066799162591947,-0.8575024195063037
0.006706024231388927,0.6787789394696557,-22.76961044968448,0.667667667667668,3.736336201812916,-0.28725907951024965,0.7043000000000006,0.005674687193408449,-0.03457750365015633,4.086727131388564,0.1598196660717057,-0.8521828294535538
0.00672717482579466,0.6782973486742581,-22.769610449673564,0.668668668668669,3.736038844288062,-0.27978057723476013,0.7053000000000006,0.0056401096897582895,-0.03457750365015988,4.087727131388563,0.1589636259670133,-0.8651738927123489
0.006748325420200389,0.6778157578788605,-22.769610449675383,0.66966966966967,3.7357760805371707,-0.2772033923934032,0.7063000000000006,0.00560553218610813,-0.03457750365015988,4.088727131388564,0.15808931828628117,-0.8742074601671277
0.0067694760146061175,0.677334167083463,-22.769610449677202,0.670670670670671,3.735483882541528,-0.29430565219422533,0.7073000000000006,0.00557095468245797,-0.03457750365015899,4.089727131388564,0.15721521104667846,-0.8788934608952417
0.0067906266090118515,0.6768525762880653,-22.76961044967902,0.671671671671672,3.735186880032277,-0.30992251435714024,0.7083000000000006,0.005536377178807812,-0.03457750365015855,4.090727131388563,0.1563315313644909,-0.8708198250355963
0.00681177720341758,0.6763709854926676,-22.76961044968448,0.672672672672673,3.73486341704732,-0.336611909033536,0.7093000000000006,0.005501799675157653,-0.03457750365016077,4.091727131388563,0.15547357139660822,-0.8525480838176946
0.006832927797823309,0.6758893946972698,-22.76961044968448,0.673673673673674,3.7345129823164935,-0.34682393731077354,0.7103000000000006,0.0054672221715074895,-0.0345775036501621,4.092727131388563,0.1546264351968557,-0.8442161675193915
0.006854078392229038,0.6754078039018722,-22.76961044967902,0.674674674674675,3.7341690748304814,-0.3262420208227468,0.7113000000000006,0.005432644667857329,-0.034577503650159436,4.0937271313885635,0.15378513906156888,-0.8418223873989348
0.006875228986634771,0.6749262131064746,-22.769610449673564,0.675675675675676,3.733859845137669,-0.33388243717922705,0.7123000000000006,0.005398067164207171,-0.03457750365015766,4.094727131388563,0.15294279042205805,-0.850561865240735
0.0068963795810405,0.6744446223110769,-22.769610449677202,0.676676676676677,3.7335006415228156,-0.34097265703780977,0.7133000000000006,0.0053634896605570135,-0.034577503650160324,4.095727131388562,0.15208401533108834,-0.8610191085760022
0.006917530175446229,0.6739630315156795,-22.76961044967902,0.677677677677678,3.7331772171956517,-0.32102881274704487,0.7143000000000006,0.00532891215690685,-0.03457750365015855,4.096727131388563,0.15122075220490622,-0.8517558391528439
0.006938680769851957,0.6734814407202817,-22.76961044968266,0.678678678678679,3.732857941196996,-0.3097233602773031,0.7153000000000006,0.005294334653256696,-0.03457750365016077,4.097727131388563,0.15038050365278208,-0.8423986988924526
0.006959831364257691,0.672999849924884,-22.769610449677202,0.67967967967968,3.7325571504083093,-0.30902024990632526,0.7163000000000006,0.005259757149606529,-0.03457750365016388,4.0987271313885625,0.1495359548071215,-0.8485307396254029
0.00698098195866342,0.6725182591294864,-22.76961044967902,0.680680680680681,3.7322392820380244,-0.3284931162229441,0.7173000000000006,0.005225179645956368,-0.03457750365015988,4.099727131388562,0.14868344217353222,-0.8519298165486049
0.007002132553069149,0.6720366683340888,-22.06191496703832,0.681681681681682,3.731899506531987,-0.3537436108686052,0.7183000000000006,0.005190602142306208,-0.0345775036501581,4.100727131388562,0.14783209517402449,-0.8450473764395667
0.007024736517394006,0.6715550775386911,-21.106254299864304,0.682682682682683,3.73153108662087,-0.33991657601586667,0.7193000000000006,0.005156024638656052,-0.034577503650159436,4.101727131388563,0.1469933474206525,-0.8324623195795624
0.007047775743674197,0.6710734867432935,-20.903080231115382,0.683683683683684,3.7312189928662898,-0.32011153080748045,0.7203000000000006,0.00512144713500589,-0.034577503650162544,4.102727131388562,0.14616717053486553,-0.8315912595333259
0.007070814969954388,0.6705918959478958,-20.903080231113563,0.684684684684685,3.730890222695329,-0.33268266418053827,0.7213000000000006,0.005086869631355727,-0.0345775036501581,4.1037271313885615,0.14533016490158676,-0.840696762912259
0.00709385419623458,0.6701103051524983,-20.903080231108106,0.685685685685686,3.7305529615065693,-0.34588973923177946,0.7223000000000006,0.0050522921277055734,-0.0345775036501581,4.104727131388562,0.1444857770090412,-0.847684915645118
0.007116893422514777,0.6696287143571006,-20.9030802311172,0.686686686686687,3.7301977507449147,-0.3448997969589982,0.7233000000000006,0.00501771462405541,-0.031652403034878596,4.105727131388562,0.14363479507029597,-0.8528015480052602
0.007139932648794968,0.6691471235617028,-20.9030802311172,0.687687687687688,3.729862471422567,-0.3340765835189359,0.7243000000000006,0.004988987321635816,-0.02702723333724588,4.106727131388562,0.14278017391303086,-0.8521302384273923
0.007162971875075159,0.6686655327663052,-20.903080231108106,0.688688688688689,3.729528928755888,-0.3296242241710843,0.7253000000000006,0.004963660157380919,-0.025327164254897117,4.107727131388561,0.14193053459344213,-0.8410365912984901
0.0071860111013553555,0.6681839419709077,-20.903080231113563,0.68968968968969,3.7292025630658676,-0.31710179698711727,0.7263000000000006,0.004938332993126022,-0.025327164254900225,4.108727131388561,0.14109810073043405,-0.8285155125710872
0.007209050327635547,0.66770235117551,-20.903080231115382,0.690690690690691,3.728894090323481,-0.3156171822943179,0.7273000000000006,0.004913005828871118,-0.02532716425490289,4.109727131388562,0.14027350356829937,-0.8301564907962984
0.0072320895539157385,0.6672207603801124,-20.903080231115382,0.691691691691692,3.728570696835048,-0.3248827312645517,0.7283000000000006,0.0048876786646162166,-0.02532716425489756,4.110727131388561,0.13943778774884166,-0.8359771553288624
0.00725512878019593,0.6667391695847147,-20.903080231108106,0.692692692692693,3.7282436744450735,-0.3112936562292816,0.7293000000000006,0.004862351500361323,-0.025327164254895784,4.111727131388561,0.13860154925764256,-0.8327935367651662
0.007278168006476127,0.6662575787893171,-20.903080231111744,0.693693693693694,3.7279474863120665,-0.30903494934341325,0.7303000000000006,0.0048370243361064245,-0.025327164254897117,4.112727131388561,0.13777220067531148,-0.8263064706211907
0.007301207232756317,0.6657759879939195,-20.903080231115382,0.694694694694695,3.7276249858577994,-0.33532371243518355,0.7313000000000006,0.004811697171851529,-0.02532716425489845,4.113727131388561,0.13694893631639962,-0.825621307459997
0.007324246459036509,0.6652943971985218,-20.903080231115382,0.695695695695696,3.7272761675684527,-0.3464146610699572,0.7323000000000006,0.004786370007596627,-0.025327164254901557,4.114727131388561,0.1361209580603917,-0.8285265621648819
0.0073472856853167,0.6648128064031241,-20.903080231111744,0.696696696696697,3.7269314630128147,-0.3450558776221442,0.7333000000000006,0.0047610428433417255,-0.025327164254899337,4.11572713138856,0.13529188319207078,-0.8333842548701682
0.007370324911596897,0.6643312156077265,-20.90308023111902,0.697697697697698,3.7265853650106506,-0.33516241568122496,0.7343000000000006,0.004735715679086829,-0.025327164254898893,4.1167271313885605,0.13445418955065153,-0.8458717684322181
0.007393364137877089,0.6638496248123287,-20.903080231111744,0.698698698698699,3.7262604671856256,-0.3194627408950055,0.7353000000000006,0.004710388514831927,-0.02532716425489756,4.117727131388561,0.13360013965520579,-0.8548455899044001
0.007416403364157279,0.6633680340169312,-20.903080231108106,0.6996996996997,3.7259457999638133,-0.3197135134421387,0.7363000000000006,0.0046850613505770335,-0.025327164254898005,4.11872713138856,0.13274449837084293,-0.8466761733129005
0.007439442590437476,0.6628864432215336,-20.903080231113563,0.700700700700701,3.7256204000916475,-0.3283107628187736,0.7373000000000006,0.004659734186322132,-0.025327164254901557,4.11972713138856,0.1319067873085809,-0.8256943588854
0.007462481816717667,0.662404852426136,-20.903080231115382,0.701701701701702,3.725288521159371,-0.34168152534857654,0.7383000000000006,0.00463440702206723,-0.025327164254898893,4.12072713138856,0.1310931096530723,-0.818288718595511
0.007485521042997859,0.6619232616307382,-20.903080231115382,0.702702702702703,3.7249363529938524,-0.35262603090086486,0.7393000000000006,0.004609079857812334,-0.02532716425489623,4.12172713138856,0.13027020987138935,-0.8228003398172348
0.0075085602692780504,0.6614416708353407,-20.903080231108106,0.703703703703704,3.72458256313955,-0.3508423663392932,0.7403000000000006,0.004583752693557438,-0.025327164254898893,4.12272713138856,0.12944750897343804,-0.821650460061818
0.007531599495558247,0.660960080039943,-20.903080231111744,0.704704704704705,3.724233965874054,-0.35355070116270326,0.7413000000000006,0.004558425529302536,-0.025327164254901557,4.123727131388559,0.12862690895126663,-0.8160501342943434
0.007554638721838438,0.6604784892445454,-20.903080231113563,0.705705705705706,3.7238747539280133,-0.35604538772372507,0.7423000000000006,0.004533098365047635,-0.025327164254897117,4.12472713138856,0.12781540870484953,-0.80567307490319
0.007577677948118629,0.6599968984491478,-20.903080231115382,0.706706706706707,3.7235211622950275,-0.3553287376928438,0.7433000000000006,0.004507771200792742,-0.025327164254898893,4.12572713138856,0.12701556280145973,-0.8013405015426827
0.007600717174398821,0.6595153076537501,-20.903080231111744,0.707707707707708,3.723163385083783,-0.35307405296566685,0.7443000000000006,0.004482444036537837,-0.025327164254900225,4.126727131388559,0.12621272770176437,-0.8044532545499905
0.0076237564006790175,0.6590337168583524,-20.9030802311172,0.708708708708709,3.7228143073341355,-0.3517362902161949,0.7453000000000006,0.004457116872282941,-0.02532716425489756,4.127727131388559,0.12540665629236064,-0.8096218024271309
0.007646795626959209,0.6585521260629547,-20.9030802311172,0.70970970970971,3.722459208326594,-0.34188152126989735,0.7463000000000006,0.004431789708028042,-0.025327164254898005,4.128727131388559,0.12459348409691026,-0.8216615797589597
0.0076698348532394,0.6580705352675571,-20.903080231111744,0.710710710710711,3.7221298598441055,-0.3315241801465163,0.7473000000000006,0.004406462543773145,-0.025327164254897117,4.1297271313885595,0.12376333313284217,-0.8354894122921337
0.007692874079519596,0.6575889444721594,-20.903080231111744,0.711711711711712,3.7217954962542286,-0.33405418632355577,0.7483000000000006,0.004381135379518247,-0.02532716425490067,4.130727131388559,0.12292250527232619,-0.8291949070794686
0.007715913305799788,0.6571073536767619,-20.903080231113563,0.712712712712713,3.721461082694309,-0.33542819839499316,0.7493000000000006,0.004355808215263344,-0.025327164254899337,4.131727131388558,0.12210494331868414,-0.8064553626757771
0.007738952532079979,0.6566257628813642,-20.903080231111744,0.713713713713714,3.721123968329514,-0.34000540903116416,0.7503000000000006,0.004330481051008449,-0.02532716425489756,4.132727131388559,0.12130959454697482,-0.8046142415234385
0.007761991758360171,0.6561441720859666,-20.903080231108106,0.714714714714715,3.720780391184737,-0.34547936901526555,0.7513000000000006,0.004305153886753549,-0.025327164254901113,4.133727131388559,0.12049571483563672,-0.8130107027886666
0.007785030984640368,0.655662581290569,-20.903080231113563,0.715715715715716,3.7204323179410945,-0.3550650201798362,0.7523000000000006,0.0042798267224986464,-0.025327164254899337,4.1347271313885585,0.11968357314139769,-0.8113162015161848
0.007808070210920558,0.6551809904951713,-20.9030802311172,0.716716716716717,3.720069550303496,-0.3600948338071248,0.7533000000000006,0.00425449955824375,-0.025327164254898005,4.135727131388558,0.11887308243260525,-0.8151503735453076
0.00783110943720075,0.6546993996997735,-20.903080231115382,0.717717717717718,3.7197114073629023,-0.3650023732270711,0.7543000000000006,0.004229172393988851,-0.02532716425489845,4.136727131388558,0.11805327239430723,-0.8104847839873912
0.00785414866348094,0.654217808904376,-20.903080231111744,0.718718718718719,3.7193388148215605,-0.3765254381564773,0.7553000000000006,0.004203845229733953,-0.025327164254898893,4.137727131388559,0.11725211286462991,-0.8003384477839077
0.007877187889761137,0.6537362181089783,-20.903080231113563,0.71971971971972,3.718957602681909,-0.3689548999911949,0.7563000000000006,0.004178518065479053,-0.02532716425489978,4.138727131388558,0.1164525954987396,-0.7951946279072288
0.007900227116041329,0.6532546273135807,-20.903080231113563,0.720720720720721,3.718600166373129,-0.35760135044461094,0.7573000000000006,0.004153190901224154,-0.02532716425489756,4.1397271313885575,0.11566172360881634,-0.7916201819678861
0.00792326634232152,0.6527730365181831,-20.903080231111744,0.721721721721722,3.7182416840624,-0.34519543914257156,0.7583000000000006,0.004127863736969257,-0.02532716425489756,4.140727131388558,0.114869355134804,-0.8014884157687163
0.007946305568601717,0.6522914457227854,-20.9030802311172,0.722722722722723,3.7179090844128835,-0.34532522566905755,0.7593000000000006,0.004102536572714358,-0.025327164254900225,4.141727131388558,0.11405874677727837,-0.8170963288418349
0.007969344794881908,0.6518098549273877,-20.903080231115382,0.723723723723724,3.7175503422692686,-0.36253629902989815,0.7603000000000006,0.004077209408459457,-0.025327164254896672,4.142727131388558,0.11323516247712052,-0.8142765095967235
0.0079923840211621,0.6513282641319901,-20.793117803210407,0.724724724724725,3.7171832860164273,-0.3673149905405353,0.7613000000000006,0.004051882244204564,-0.02532716425489756,4.143727131388557,0.11243019375808583,-0.7998491652943329
0.008015669547959167,0.6508466733365924,-20.45902205472703,0.725725725725726,3.7168149769228407,-0.36504959084913935,0.7623000000000006,0.004026555079949662,-0.024830249630678036,4.144727131388557,0.11163546414653203,-0.7949042338599241
0.008039474032514772,0.650365082541195,-20.23109529100293,0.726726726726727,3.7164524560047174,-0.3511915289609533,0.7633000000000006,0.004002221744943209,-0.022187573133149785,4.145727131388558,0.11084038529036545,-0.7996743085834197
0.008063278517070373,0.6498834917457973,-20.231095291012025,0.727727727727728,3.716111890778775,-0.3509081707356927,0.7643000000000006,0.003982179933683362,-0.01985503092306984,4.146727131388557,0.11003611552936537,-0.8014223714974875
0.008087083001625972,0.6494019009503995,-20.231095291006568,0.728728728728729,3.715749937144386,-0.36471592373277417,0.7653000000000006,0.003962511683097069,-0.01966825058629218,4.147727131388557,0.10923754054737136,-0.8102557992014923
0.008110887486181573,0.648920310155002,-20.231095290999292,0.72972972972973,3.7153817287693,-0.3621500247666063,0.7663000000000006,0.003942843432510778,-0.019668250586291514,4.148727131388557,0.10841560393096253,-0.8144422457638498
0.008134691970737178,0.6484387193596044,-20.231095291006568,0.730730730730731,3.7150249120697776,-0.35064542925374553,0.7673000000000006,0.003923175181924486,-0.01966825058629218,4.149727131388557,0.10760865605584312,-0.8000252528643799
0.008158496455292779,0.6479571285642067,-20.231095291012025,0.731731731731732,3.714679735917941,-0.35685291717709333,0.7683000000000006,0.0039035069313381934,-0.01966825058629129,4.150727131388557,0.10681555342523395,-0.7902692129121434
0.008182300939848378,0.647475537768809,-20.231095291008387,0.732732732732733,3.714310491815169,-0.3706141876109541,0.7693000000000006,0.0038838386807519033,-0.019668250586291736,4.151727131388556,0.10602811763001971,-0.7797648959666148
0.008206105424403984,0.6469939469734113,-20.23109529100475,0.733733733733734,3.7139377655723735,-0.37477707109428593,0.7703000000000007,0.00386417043016561,-0.01966825058629107,4.1527271313885565,0.10525602363330089,-0.7847124703568582
0.008229909908959585,0.6465123561780137,-20.231095291006568,0.734734734734735,3.7135601873685338,-0.3891230837716648,0.7713000000000007,0.003844502179579321,-0.019668250586289737,4.153727131388557,0.10445869268930547,-0.7959078212575434
0.008253714393515185,0.6460307653826161,-20.231095291006568,0.735735735735736,3.713158740379637,-0.39589077512869153,0.7723000000000007,0.00382483392899303,-0.019668250586292624,4.154727131388556,0.10366420799078598,-0.7908964271418526
0.008277518878070784,0.6455491745872185,-20.23109529100293,0.736736736736737,3.7127676132441523,-0.38989111524369946,0.7733000000000007,0.003805165678406736,-0.01966825058629218,4.155727131388556,0.10287689983502264,-0.7870579682142917
0.00830132336262639,0.6450675837918208,-20.23109529100293,0.737737737737738,3.7123781775863565,-0.3916565320889731,0.7743000000000007,0.003785497427820446,-0.019668250586290847,4.156727131388556,0.10209009205435755,-0.7776538144979668
0.008325127847181991,0.6445859929964233,-20.231095291006568,0.738738738738739,3.711983516082813,-0.38993415992899827,0.7753000000000007,0.003765829177234154,-0.019668250586290625,4.157727131388556,0.1013215922060262,-0.7772716989819486
0.00834893233173759,0.6441044022010256,-20.231095291006568,0.73973973973974,3.71159752861753,-0.37133540077752514,0.7763000000000007,0.0037461609266478645,-0.019668250586291958,4.158727131388556,0.10053554865639384,-0.787332751101161
0.008372736816293197,0.6436228114056278,-20.23109529100475,0.740740740740741,3.7112401018670416,-0.3527108453531582,0.7773000000000007,0.00372649267606157,-0.01966825058629129,4.159727131388555,0.09974692670382475,-0.7866526948196579
0.008396541300848796,0.6431412206102303,-20.23109529100475,0.741741741741742,3.7108914007990053,-0.3563371443553933,0.7783000000000007,0.0037068244254752822,-0.019668250586290625,4.160727131388556,0.09896224326675471,-0.7883124927090179
0.008420345785404397,0.6426596298148326,-20.231095291008387,0.742742742742743,3.7105267141906544,-0.35541970449139626,0.7793000000000007,0.0036871561748889887,-0.019668250586292846,4.161727131388556,0.09817030171840618,-0.78497039313892
0.008444150269959996,0.642178039019435,-20.23109529100293,0.743743743743744,3.710179849839063,-0.3542760742086557,0.7803000000000007,0.003667487924302696,-0.01966825058629218,4.162727131388555,0.09739230248047703,-0.7767885150501712
0.008467954754515603,0.6416964482240374,-20.23109529100475,0.744744744744745,3.709817452780827,-0.3593738548934198,0.7813000000000007,0.0036478196737164043,-0.019668250586290847,4.163727131388555,0.0966167246883067,-0.7749877827633824
0.008491759239071202,0.6412148574286397,-20.231095291006568,0.745745745745746,3.7094603826620993,-0.3631319505857391,0.7823000000000007,0.0036281514231301147,-0.01966825058629129,4.164727131388555,0.09584232691495043,-0.7741541045384821
0.008515563723626803,0.640733266633242,-20.231095291010206,0.746746746746747,3.7090904618887635,-0.3827351359234399,0.7833000000000007,0.0036084831725438217,-0.019668250586291514,4.1657271313885555,0.09506841647922923,-0.7831578449253271
0.008539368208182402,0.6402516758378443,-20.231095291008387,0.747747747747748,3.708694146153744,-0.39211644663168954,0.7843000000000007,0.0035888149219575317,-0.019668250586290403,4.166727131388555,0.09427601122509999,-0.798064301708294
0.008563172692738008,0.6397700850424466,-20.231095291006568,0.748748748748749,3.7083054439775887,-0.3901691599937749,0.7853000000000007,0.0035691466713712408,-0.019668250586291958,4.167727131388554,0.09347228787581352,-0.8030290983870572
0.008586977177293608,0.6392884942470489,-20.231095290999292,0.74974974974975,3.707913026714317,-0.3966585596015193,0.7863000000000007,0.0035494784207849477,-0.01966825058629329,4.168727131388555,0.09266995302832604,-0.7973338628344493
0.008610781661849209,0.6388069034516516,-20.23109529100111,0.750750750750751,3.7075113327471554,-0.39063982808693254,0.7873000000000007,0.003529810170198654,-0.019668250586291736,4.169727131388555,0.0918776201501441,-0.7847470283053894
0.008634586146404815,0.6383253126562538,-20.231095291008387,0.751751751751752,3.7071309649964252,-0.3977945779001857,0.7883000000000007,0.003510141919612364,-0.01966825058628996,4.1707271313885546,0.09110045897171543,-0.7799914406059116
0.008658390630960414,0.6378437218608561,-20.231095291008387,0.752752752752753,3.7067149472058136,-0.41609475991890577,0.7893000000000007,0.003490473669026074,-0.019668250586291958,4.171727131388554,0.09031763726893315,-0.7751285119298998
0.008682195115516014,0.6373621310654585,-20.23109529100293,0.753753753753754,3.706297942454045,-0.40744261187637676,0.7903000000000007,0.00347080541843978,-0.019668250586292402,4.172727131388554,0.0895502019478558,-0.7656728497161751
0.008705999600071615,0.6368805402700609,-20.231095290999292,0.754754754754755,3.7058992462811364,-0.3916649687987501,0.7913000000000007,0.0034511371678534893,-0.019668250586291736,4.173727131388555,0.08878629156950028,-0.766518746000564
0.008729804084627221,0.6363989494746632,-20.23109529100293,0.755755755755756,3.7055138284023963,-0.3914943131687778,0.7923000000000007,0.0034314689172671967,-0.019668250586290847,4.174727131388554,0.08801716445585485,-0.7736185551254522
0.00875360856918282,0.6359173586792657,-20.231095291006568,0.756756756756757,3.7051154738824,-0.392337062804927,0.7933000000000007,0.0034118006666809075,-0.019668250586290403,4.175727131388554,0.08723905445925023,-0.7725506454900497
0.008777413053738421,0.6354357678838679,-20.231095291008387,0.757757757757758,3.7047283688172015,-0.3664963355861346,0.7943000000000007,0.0033921324160946158,-0.019668250586290847,4.176727131388554,0.08647206316487492,-0.771924909942264
0.00880121753829402,0.6349541770884704,-20.231095291006568,0.758758758758759,3.70438174748483,-0.36768550677652456,0.7953000000000007,0.003372464165508326,-0.01966825058629129,4.177727131388554,0.0856952046393652,-0.7821193273700473
0.008825022022849627,0.6344725862930726,-20.231095291006568,0.75975975975976,3.7039922616965275,-0.38794944949745513,0.7963000000000007,0.003352795914922033,-0.019668250586293068,4.178727131388554,0.08490782451013502,-0.7834748572826626
0.008848826507405226,0.6339909954976749,-20.231095291008387,0.760760760760761,3.703605071910261,-0.382450535437556,0.7973000000000007,0.0033331276643357396,-0.019668250586293512,4.179727131388553,0.08412825492480074,-0.7981998205318703
0.008872630991960827,0.6335094047022771,-20.231095290999292,0.761761761761762,3.7032265949589145,-0.39768643804495696,0.7983000000000007,0.003313459413749446,-0.019668250586291514,4.1807271313885535,0.08331142486907141,-0.8007699427468182
0.008896435476516432,0.6330278139068798,-20.23109529100111,0.762762762762763,3.702808902865126,-0.40807650135843687,0.7993000000000007,0.003293791163163157,-0.019668250586289737,4.181727131388554,0.08252671503930657,-0.7778114927027104
0.008920239961072033,0.6325462231114821,-20.231095291008387,0.763763763763764,3.702409624986225,-0.3881593846317628,0.8003000000000007,0.0032741229125768665,-0.019668250586291514,4.182727131388553,0.08175580188366616,-0.7698488881599914
0.008944044445627632,0.6320646323160845,-20.23109529100475,0.764764764764765,3.702031806999997,-0.3732349423898995,0.8013000000000007,0.003254454661990574,-0.01966825058629218,4.183727131388553,0.08098701726298743,-0.7637435725602515
0.008967848930183233,0.6315830415206869,-20.23109529100111,0.765765765765766,3.7016624078843434,-0.3838846994760843,0.8023000000000007,0.003234786411404282,-0.019668250586291736,4.184727131388553,0.08022831473854583,-0.7584115863109204
0.008991653414738838,0.6311014507252892,-20.125125596032376,0.766766766766767,3.7012632690631073,-0.3993592175265803,0.8033000000000007,0.0032151181608179903,-0.01966825058629107,4.185727131388553,0.07947019409036508,-0.7600198717246656
0.009015711268778471,0.6306198599298916,-19.74601253723995,0.767767767767768,3.7008628899313374,-0.3859716825782016,0.8043000000000007,0.0031954499102317,-0.01966825058629107,4.186727131388553,0.07870827499509668,-0.7657432478810833
0.00904045100416058,0.6301382691344939,-19.466287248407752,0.768768768768769,3.7004905529818695,-0.38715229814511076,0.8053000000000007,0.003175781659645408,-0.019668250586291736,4.187727131388552,0.07793870759460376,-0.7775609603651787
0.009065190739542687,0.6296566783390962,-19.466287248404115,0.76976976976977,3.700087810255371,-0.39521791293145725,0.8063000000000007,0.0031561134090591163,-0.019668250586290625,4.188727131388553,0.07715315307436649,-0.780056760187783
0.0090899304749248,0.6291750875436986,-19.466287248404115,0.770770770770771,3.699699325928954,-0.4048668483037545,0.8073000000000007,0.0031364451584728267,-0.01966825058629129,4.189727131388553,0.07637859407422767,-0.776464657949262
0.009114670210306907,0.6286934967483009,-19.466287248402296,0.771771771771772,3.699277266014523,-0.43411880842108985,0.8083000000000007,0.0031167769078865337,-0.019668250586294622,4.190727131388552,0.07560022375846813,-0.7777154462227429
0.009139409945689016,0.6282119059529033,-19.466287248400477,0.772772772772773,3.698830219205388,-0.41935281077803666,0.8093000000000007,0.0030971086573002376,-0.019668250586291514,4.191727131388552,0.07482316318178305,-0.7727156076745274
0.00916414968107113,0.6277303151575058,-19.466287248402296,0.773773773773774,3.6984377208478,-0.390268957396529,0.8103000000000007,0.0030774404067139506,-0.01966825058629018,4.192727131388552,0.07405479254311925,-0.7795409610637876
0.009188889416453237,0.6272487243621081,-19.466287248405933,0.774774774774775,3.698048899971361,-0.3859024745370334,0.8113000000000007,0.003057772156127657,-0.019668250586291514,4.1937271313885525,0.07326408125965495,-0.7760445797433491
0.009213629151835346,0.6267671335667104,-19.46628724840957,0.775775775775776,3.6976651433211996,-0.4013644514634507,0.8123000000000007,0.0030381039055413675,-0.019668250586290625,4.194727131388552,0.07250270338363271,-0.7639160676794603
0.009238368887217453,0.6262855427713127,-19.466287248405933,0.776776776776777,3.6972453675359986,-0.42069246785581527,0.8133000000000007,0.0030184356549550757,-0.019338384722179525,4.195727131388551,0.07173624912429688,-0.7750048252098551
0.009263108622599566,0.625803951975915,-19.466287248402296,0.777777777777778,3.6968229161583253,-0.41573488319113494,0.8143000000000007,0.0029994271360970085,-0.017806633242517078,4.196727131388552,0.07095269373321314,-0.7774373628551601
0.009287848357981675,0.6253223611805173,-19.466287248400477,0.778778778778779,3.696413065467548,-0.40289456303798943,0.8153000000000007,0.0029828223884700413,-0.016604747626967287,4.197727131388552,0.07018137439858604,-0.7701296863775227
0.009312588093363782,0.6248407703851199,-19.466287248400477,0.77977977977978,3.6960163204365273,-0.4050450323818495,0.8163000000000007,0.002966217640843074,-0.016604747626964844,4.1987271313885515,0.06941243436045828,-0.7672678042971768
0.00933732782874589,0.6243591795897222,-19.466287248405933,0.780780780780781,3.6956021645018184,-0.42506530641298923,0.8173000000000007,0.0029496128932161116,-0.01660474762696551,4.199727131388551,0.06864683878999253,-0.7655163266592098
0.009362067564128005,0.6238775887943244,-19.466287248405933,0.781781781781782,3.695165338842107,-0.4215215038968836,0.8183000000000007,0.0029330081455891427,-0.016604747626967953,4.200727131388551,0.06788140170714002,-0.7689176341498722
0.009386807299510112,0.6233959979989268,-19.466287248405933,0.782782782782783,3.69475827760713,-0.3946350331445956,0.8193000000000007,0.002916403397962176,-0.016604747626966176,4.201727131388552,0.06710900352169227,-0.766914658615427
0.00941154703489222,0.6229144072035292,-19.466287248404115,0.783783783783784,3.6943752787156914,-0.39164570295611156,0.8203000000000007,0.0028997986503352105,-0.0166047476269664,4.202727131388551,0.06634757238990933,-0.7639216811851313
0.009436286770274334,0.6224328164081314,-19.466287248400477,0.784784784784785,3.6939742021257365,-0.40271088962617796,0.8213000000000007,0.002883193902708243,-0.016604747626967065,4.2037271313885505,0.06558116015932286,-0.7712022721592149
0.009461026505656441,0.6219512256127341,-19.466287248402296,0.785785785785786,3.693569050708432,-0.40891661699220094,0.8223000000000007,0.0028665891550812765,-0.0166047476269664,4.204727131388551,0.06480516784559105,-0.781859595948859
0.00948576624103855,0.6214696348173363,-19.46628724840957,0.786786786786787,3.6931555502398665,-0.4168695662472146,0.8233000000000007,0.00284998440745431,-0.01660474762696551,4.205727131388551,0.06401744096742462,-0.7795299882218849
0.009510505976420657,0.6209880440219386,-19.466287248400477,0.787787787787788,3.6927344770022312,-0.42187845433750226,0.8243000000000007,0.002833379659827345,-0.016604747626966843,4.206727131388551,0.06324610786914744,-0.7629713085413314
0.00953524571180277,0.6205064532265411,-19.466287248400477,0.788788788788789,3.6923109487296815,-0.4209730465543089,0.8253000000000007,0.0028167749122003766,-0.016604747626966843,4.20772713138855,0.062491498350342796,-0.7581626060350146
0.00955998544718488,0.6200248624311434,-19.466287248404115,0.78978978978979,3.691891688120241,-0.41390838242637074,0.8263000000000007,0.0028001701645734116,-0.016604747626965732,4.20872713138855,0.06172978265707757,-0.7686241736902382
0.009584725182566986,0.6195432716357459,-19.466287248405933,0.790790790790791,3.6914823033194186,-0.41110393838107484,0.8273000000000007,0.002783565416946445,-0.016604747626967065,4.209727131388551,0.060954250002961806,-0.7672768926971116
0.0096094649179491,0.619061680840348,-19.466287248407752,0.791791791791792,3.6910686572125715,-0.4010665390048871,0.8283000000000007,0.0027669606693194776,-0.01660474762696529,4.21072713138855,0.06019522887168351,-0.7530797781058496
0.009634204653331207,0.6185800900449504,-19.466287248404115,0.792792792792793,3.690679367305395,-0.395833968053239,0.8293000000000007,0.0027503559216925143,-0.01660474762696551,4.21172713138855,0.05944809044675094,-0.7486511524492663
0.009658944388713316,0.6180984992495527,-19.466287248404115,0.793793793793794,3.690276196816068,-0.40038062399980845,0.8303000000000007,0.0027337511740655462,-0.016604747626967287,4.21272713138855,0.05869792656678513,-0.7527950354504043
0.009683684124095423,0.6176169084541552,-19.466287248402296,0.794794794794795,3.6898778044945844,-0.40913551170842766,0.8313000000000007,0.00271714642643858,-0.016604747626967287,4.21372713138855,0.05794250037584962,-0.7530480611351926
0.009708423859477537,0.6171353176587575,-19.466287248402296,0.795795795795796,3.689457106702538,-0.41471580696247656,0.8323000000000007,0.002700541678811612,-0.016604747626967065,4.21472713138855,0.05719183044451492,-0.7524002313281528
0.009733163594859645,0.6166537268633598,-19.46628724840957,0.796796796796797,3.6890475426187836,-0.40959964957801276,0.8333000000000007,0.0026839369311846455,-0.0166047476269664,4.215727131388549,0.05643769991319415,-0.7525147524225559
0.009757903330241752,0.6161721360679621,-19.466287248402296,0.797797797797798,3.688637087384063,-0.41955380769604744,0.8343000000000007,0.0026673321835576787,-0.01660474762696662,4.2167271313885495,0.055686800939669975,-0.75154547071892
0.009782643065623861,0.6156905452725646,-19.466287248402296,0.798798798798799,3.6882075950558284,-0.4328730524241564,0.8353000000000007,0.0026507274359307124,-0.01660474762696529,4.21772713138855,0.05493460897175581,-0.7669366659851882
0.009807382801005975,0.615208954477167,-19.466287248402296,0.7997997997998,3.687770474666497,-0.42680942871379557,0.8363000000000007,0.0026341226883037482,-0.016604747626966176,4.218727131388549,0.0541529276076998,-0.77209079617732
0.009832122536388082,0.6147273636817694,-19.466287248405933,0.800800800800801,3.6873531217250703,-0.429986634841498,0.8373000000000007,0.0026175179406767797,-0.016604747626965732,4.219727131388549,0.05339042737940202,-0.7625511485374261
0.00985686227177019,0.6142457728863716,-19.466287248407752,0.801801801801802,3.686909640562711,-0.4423894234621457,0.8383000000000007,0.002600913193049817,-0.016604747626965732,4.220727131388549,0.052627825310625105,-0.7664289487544096
0.009881602007152305,0.6137641820909739,-19.466287248400477,0.802802802802803,3.6864674572136344,-0.4334477381701163,0.8393000000000007,0.0025843084454228483,-0.016604747626967065,4.221727131388549,0.05185756948189269,-0.7784051054931567
0.009906341742534411,0.6132825912955764,-19.466287248400477,0.803803803803804,3.686041877323131,-0.4230525253774431,0.8403000000000007,0.002567703697795883,-0.016604747626965954,4.222727131388549,0.05107101509963898,-0.7667737835207014
0.00993108147791652,0.6128010005001788,-19.466287248404115,0.804804804804805,3.685620505210877,-0.42215743351221136,0.8413000000000007,0.0025510989501689165,-0.016604747626966176,4.223727131388548,0.050324021914852135,-0.741088499401485
0.009955821213298627,0.6123194097047812,-19.466287248407752,0.805805805805806,3.68519671729608,-0.40322257626826286,0.8423000000000007,0.00253449420254195,-0.016604747626967065,4.224727131388549,0.04958883810083618,-0.7350315600137627
0.009980560948680741,0.6118378189093833,-19.466287248404115,0.806806806806807,3.6848132528059354,-0.39278342172065095,0.8433000000000007,0.002517889454914982,-0.016604747626967287,4.225727131388549,0.04885395879482412,-0.7433731034003408
0.01000530068406285,0.6113562281139857,-19.05108238795765,0.807807807807808,3.6844103640994414,-0.3975446869069401,0.8443000000000007,0.002501284707288016,-0.016604747626964622,4.226727131388548,0.04810209189403568,-0.7440415154043052
0.010031169109784039,0.6108746373185882,-18.52289805702094,0.808808808808809,3.6840173675468626,-0.394092589636557,0.8453000000000007,0.002484679959661053,-0.016604747626965954,4.227727131388548,0.04736587576401633,-0.7411592823588897
0.010057302900560165,0.6103930465231907,-18.427896646262525,0.80980980980981,3.6836213899460146,-0.39961769579849715,0.8463000000000007,0.0024680752120340836,-0.01660474762696884,4.228727131388548,0.046619773329318055,-0.7472195309733713
0.0100834366913363,0.6099114557277929,-18.4278966462698,0.810810810810811,3.6832173321198387,-0.4089768474784705,0.8473000000000007,0.0024514704644071155,-0.01660474762696551,4.2297271313885485,0.045871436702069085,-0.7383955346407518
0.010109570482112426,0.6094298649323951,-18.427896646267982,0.811811811811812,3.6828026174785906,-0.4317292811419975,0.8483000000000007,0.0024348657167801526,-0.01660474762696529,4.230727131388548,0.0451429822600367,-0.7383145418697907
0.010135704272888554,0.6089482741369977,-18.427896646267982,0.812812812812813,3.68235300923467,-0.43814972028349075,0.8493000000000007,0.0024182609691531846,-0.01660474762696751,4.231727131388547,0.044394807618330326,-0.7488220913896164
0.010161838063664688,0.6084666833415998,-18.427896646266163,0.813813813813814,3.6819254408614057,-0.4187947547945896,0.8503000000000007,0.002401656221526218,-0.016604747626966843,4.232727131388548,0.04364533807725762,-0.749750840550444
0.010187971854440816,0.6079850925462024,-18.427896646262525,0.814814814814815,3.6815145812971433,-0.4082110463009485,0.8513000000000007,0.002385051473899251,-0.01660474762696529,4.233727131388548,0.042895305937228935,-0.7543982533774454
0.010214105645216942,0.6075035017508047,-18.4278966462698,0.815815815815816,3.681108201529472,-0.4001760886048942,0.8523000000000007,0.002368446726272287,-0.016604747626965066,4.2347271313885475,0.042136541570502915,-0.7627659577317232
0.01024023943599307,0.607021910955407,-18.427896646266163,0.816816816816817,3.680713427966603,-0.40813167629153213,0.8533000000000007,0.002351841978645321,-0.01660474762696751,4.235727131388547,0.04136977402176633,-0.7605708666942235
0.010266373226769203,0.6065403201600094,-18.427896646264344,0.817817817817818,3.680291121096456,-0.40898852436635025,0.8543000000000007,0.002335237231018352,-0.016604747626967287,4.236727131388547,0.040615399837114645,-0.7489301587396753
0.01029250701754533,0.6060587293646117,-18.427896646264344,0.818818818818819,3.6798946321220254,-0.39738752383755127,0.8553000000000007,0.002318632483391386,-0.01660474762696662,4.237727131388548,0.039871913704286485,-0.7421931657195451
0.010318640808321457,0.6055771385692141,-18.427896646267982,0.81981981981982,3.679495550478163,-0.402482069520147,0.8563000000000007,0.0023020277357644185,-0.016604747626965732,4.238727131388547,0.03913101350567572,-0.7434583647014676
0.010344774599097585,0.6050955477738165,-18.427896646267982,0.820820820820821,3.679088862213076,-0.4139631714197094,0.8573000000000007,0.0022854229881374547,-0.016604747626967065,4.2397271313885465,0.03838499697488437,-0.7481702190070934
0.010370908389873718,0.6046139569784187,-18.427896646266163,0.821821821821822,3.6786667953802255,-0.4349187247478312,0.8583000000000007,0.0022688182405104845,-0.016604747626965066,4.240727131388547,0.03763467306766169,-0.7536444696033406
0.010397042180649846,0.6041323661830211,-18.427896646262525,0.822822822822823,3.678218154055423,-0.42752061211785986,0.8593000000000007,0.0022522134928835247,-0.01660474762696551,4.241727131388547,0.036877708035677186,-0.7637398391466412
0.010423175971425974,0.6036507753876236,-18.427896646264344,0.823823823823824,3.6778108982588678,-0.40180265908088586,0.8603000000000007,0.0022356087452565536,-0.016604747626969507,4.242727131388547,0.03610719338936859,-0.7593315418024709
0.010449309762202107,0.6031691845922259,-18.427896646266163,0.824824824824825,3.677413744327533,-0.40683837082883656,0.8613000000000007,0.0022190039976295855,-0.016604747626964622,4.243727131388546,0.035359044952073086,-0.7453233388553322
0.010475443552978234,0.6026875937968282,-18.4278966462698,0.825825825825826,3.6769964070259773,-0.433611248463194,0.8623000000000007,0.0022023992500026244,-0.01660474762696551,4.244727131388546,0.03461654671165809,-0.7414382751088375
0.010501577343754362,0.6022060030014305,-18.4278966462698,0.826826826826827,3.676545653740019,-0.4253288016789156,0.8633000000000007,0.0021857945023756545,-0.016604747626967287,4.245727131388547,0.033876168401854916,-0.7412514562672925
0.01052771113453049,0.6017244122060328,-18.427896646262525,0.827827827827828,3.6761448979135074,-0.39031579422612594,0.8643000000000007,0.0021691897547486895,-0.016604747626966176,4.246727131388546,0.03313404379912367,-0.7392559733112272
0.010553844925306623,0.6012428214106353,-18.427896646260706,0.828828828828829,3.6757642407385647,-0.3884489630420376,0.8653000000000007,0.002152585007121722,-0.016604747626966843,4.247727131388546,0.03239765645523328,-0.7418938439102796
0.01057997871608275,0.6007612306152377,-18.427896646266163,0.82982982982983,3.6753672223118214,-0.4032017262084082,0.8663000000000007,0.002135980259494756,-0.016604747626965954,4.248727131388546,0.03165025611130327,-0.7530904417558837
0.010606112506858877,0.6002796398198401,-18.4278966462698,0.830830830830831,3.674957030075485,-0.4100132596686308,0.8673000000000007,0.00211937551186779,-0.0166047476269664,4.249727131388546,0.03089147557172101,-0.7578949882214499
0.010632246297635005,0.5997980490244423,-18.427896646267982,0.831831831831832,3.6745463749451175,-0.4062128014636528,0.8683000000000007,0.002102770764240823,-0.01660474762696662,4.250727131388546,0.030134466134860538,-0.7518059604290901
0.010658380088411138,0.5993164582290447,-18.427896646262525,0.832832832832833,3.674143791233716,-0.4046371801073292,0.8693000000000007,0.002086166016613857,-0.016604747626965732,4.251727131388545,0.029387863650863662,-0.7440816809624344
0.010684513879187266,0.5988348674336471,-18.427896646262525,0.833833833833834,3.673736290500458,-0.4069875984509963,0.8703000000000007,0.0020695612689868915,-0.0166047476269664,4.2527271313885455,0.028646302772935832,-0.7391264687814498
0.010710647669963392,0.5983532766382496,-18.427896646264344,0.834834834834835,3.6733290012468274,-0.42516921086394177,0.8713000000000007,0.002052956521359924,-0.016604747626967953,4.253727131388546,0.027909610713300267,-0.7322378918358865
0.010736781460739525,0.5978716858428519,-18.427896646267982,0.835835835835836,3.672885100889119,-0.44309381680500337,0.8723000000000007,0.002036351773732956,-0.016604747626966176,4.254727131388545,0.02718182698926422,-0.7290222566314064
0.010762915251515653,0.5973900950474541,-18.427896646266163,0.836836836836837,3.6724419265385086,-0.41252009247705246,0.8733000000000007,0.0020197470261059916,-0.016604747626964178,4.255727131388545,0.026451566200038263,-0.7326918983833686
0.010789049042291781,0.5969085042520565,-18.427896646266163,0.837837837837838,3.672059234838114,-0.38882353072517617,0.8743000000000007,0.002003142278479027,-0.01621324997785567,4.256727131388545,0.025716443192497634,-0.7375891674978039
0.010815182833067908,0.5964269134566588,-18.427896646264344,0.838838838838839,3.6716635010515706,-0.4066798734170334,0.8753000000000007,0.0019873205261502803,-0.01579288515599886,4.257727131388545,0.024976387865042162,-0.7337035378856669
0.010841316623844043,0.5959453226612613,-18.427896646264344,0.83983983983984,3.671245060917359,-0.4106301732188058,0.8763000000000007,0.0019715565081670295,-0.01576401798325211,4.258727131388545,0.024249036116726453,-0.7265324678112517
0.010867450414620169,0.5954637318658635,-18.42789664627344,0.840840840840841,3.6708414186227043,-0.3949902274980559,0.8773000000000007,0.001955792490183776,-0.015764017983253886,4.259727131388544,0.023523322929420463,-0.7241951618702895
0.010893584205396297,0.5949821410704659,-18.427896646267982,0.841841841841842,3.6704542896911363,-0.39862184609705764,0.8783000000000007,0.0019400284722005216,-0.01576401798325311,4.260727131388545,0.022800645792986032,-0.7201140678831521
0.01091971799617243,0.5945005502750682,-18.427896646262525,0.842842842842843,3.6700433768887764,-0.4218722042155605,0.8793000000000007,0.0019242644542172697,-0.01576401798325222,4.261727131388545,0.02208309479365368,-0.7277721817884544
0.010945851786948558,0.5940189594796706,-18.427896646264344,0.843843843843844,3.6696097006937074,-0.42366009516717895,0.8803000000000007,0.0019085004362340173,-0.015764017983252776,4.262727131388544,0.021345101429409305,-0.7364237689596767
0.010971985577724684,0.593537368684273,-18.427896646267982,0.844844844844845,3.669195208530083,-0.42289948101347363,0.8813000000000007,0.0018927364182507642,-0.01576401798325444,4.263727131388544,0.02061024725573514,-0.7335455498848784
0.010998119368500812,0.5930557778888754,-18.16137825034457,0.845845845845846,3.668763055086073,-0.42235373706580503,0.8823000000000008,0.0018769724002675083,-0.01576401798325333,4.264727131388544,0.01987801032963971,-0.7349880242030551
0.011025043741086362,0.5925741870934778,-17.641750153205066,0.846846846846847,3.6683496555029245,-0.4054804738802886,0.8833000000000008,0.0018612083822842575,-0.015764017983252998,4.2657271313885445,0.019140271207328537,-0.7296407644246639
0.011052737769611213,0.5920925962980801,-17.3896981064172,0.847847847847848,3.6679512823655918,-0.3986512149256214,0.8843000000000008,0.0018454443643010022,-0.015764017983253442,4.266727131388544,0.01841872880079053,-0.7154813493019798
0.011080431798136066,0.5916110055026824,-17.38969810641902,0.848848848848849,3.6675515549725435,-0.3917563769246044,0.8853000000000008,0.0018296803463177505,-0.015764017983252554,4.267727131388543,0.01770930850872537,-0.7039648803659961
0.011108125826660917,0.5911294147072848,-17.38969810641538,0.84984984984985,3.667166985314691,-0.3753136037303193,0.8863000000000008,0.001813916328334497,-0.015764017983252332,4.268727131388544,0.0170107990400587,-0.7199439995577244
0.011135819855185775,0.590647823911887,-17.38969810641538,0.850850850850851,3.666800176386497,-0.37925495034187406,0.8873000000000008,0.001798152310351246,-0.01576401798325311,4.269727131388544,0.016269420509609445,-0.7391453672362394
0.011163513883710625,0.5901662331164895,-17.389698106411743,0.851851851851852,3.666407716144837,-0.4026610977209657,0.8883000000000008,0.001782388292367991,-0.01576401798325411,4.2707271313885435,0.015532508305586383,-0.732957431211199
0.011191207912235476,0.589684642321092,-17.389698106411743,0.852852852852853,3.665994048062731,-0.41317416661468087,0.8893000000000008,0.0017666242743847376,-0.015764017983253553,4.271727131388543,0.014803505647187859,-0.7223400840339727
0.011218901940760334,0.5892030515256943,-17.3896981064172,0.853853853853854,3.6655805406360997,-0.41198765842523244,0.8903000000000008,0.0017508602564014837,-0.015764017983252776,4.272727131388543,0.014087828137518606,-0.7102163663970193
0.011246595969285185,0.5887214607302966,-17.3896981064172,0.854854854854855,3.665169247945763,-0.40919318451506115,0.8913000000000008,0.001735096238418232,-0.015764017983252665,4.273727131388544,0.013383072914393347,-0.704404806494229
0.011274289997810036,0.588239869934899,-17.3896981064172,0.855855855855856,3.664761335061495,-0.40307521089403053,0.8923000000000008,0.0017193322204349783,-0.015764017983252998,4.274727131388543,0.012679018524530303,-0.7043853774203086
0.011301984026334887,0.5877582791395013,-17.38969810641538,0.856856856856857,3.664362290566596,-0.39521176202765673,0.8933000000000008,0.0017035682024517259,-0.015764017983252443,4.2757271313885425,0.01197430215955351,-0.7051216376109464
0.011329678054859744,0.5872766883441035,-17.3896981064172,0.857857857857858,3.663970120322701,-0.4010217051734344,0.8943000000000008,0.0016878041844684735,-0.01576401798325333,4.276727131388543,0.011268775249308565,-0.7062877844187447
0.011357372083384595,0.586795097548706,-17.389698106409924,0.858858858858859,3.663559444309993,-0.39496421004469084,0.8953000000000008,0.0016720401664852193,-0.01576401798325433,4.277727131388543,0.010561726590715548,-0.7096288199809369
0.011385066111909448,0.5863135067533085,-17.38969810641538,0.85985985985986,3.6631794011834717,-0.3642159239659577,0.8963000000000008,0.0016562761485019648,-0.015764017983252776,4.278727131388543,0.009849517609346855,-0.7197749040026507
0.011412760140434299,0.5858319159579108,-17.38969810641538,0.860860860860861,3.662830283301052,-0.38711911235577645,0.8973000000000008,0.0016405121305187137,-0.01576401798325111,4.279727131388542,0.009122176782711044,-0.717555816884131
0.011440454168959157,0.5853503251625131,-17.3896981064172,0.861861861861862,3.6624043879455224,-0.408083867041114,0.8983000000000008,0.0016247481125354626,-0.015764017983253886,4.280727131388542,0.008414405975578767,-0.7034121553341794
0.011468148197484008,0.5848687343671154,-17.38969810641538,0.862862862862863,3.662013298582251,-0.4043937742858361,0.8993000000000008,0.0016089840945522058,-0.015764017983254774,4.281727131388543,0.007715352472042217,-0.6955654866722707
0.011495842226008858,0.5843871435717178,-17.38969810641356,0.863863863863864,3.661594790799805,-0.4267725614079154,0.9003000000000008,0.0015932200765689528,-0.015764017983252332,4.282727131388542,0.007023275002234373,-0.7055311116368164
0.011523536254533716,0.5839055527763201,-17.38969810641902,0.864864864864865,3.661158899059912,-0.4338387096204315,0.9013000000000008,0.0015774560585857013,-0.015764017983252332,4.283727131388542,0.006304290248769366,-0.8557053213628807
0.011551230283058567,0.5834239619809224,-17.38969810641538,0.865865865865866,3.6607262448345987,-0.4145013403979192,0.9023000000000008,0.0015616920406024482,-0.015764017983252554,4.284727131388542,0.005311864359508556,-0.9557004156571125
0.011578924311583418,0.5829423711855248,-17.38969810641356,0.866866866866867,3.6603290665466033,-0.39699531157407364,0.9033000000000008,0.001545928022619196,-0.01576401798325333,4.285727131388542,0.004392889417454503,-0.8075056187701637
0.011606618340108269,0.5824607803901273,-17.389698106409924,0.867867867867868,3.6599314594260424,-0.4133943528454438,0.9043000000000008,0.0015301640046359415,-0.01576401798325422,4.286727131388542,0.003696853121968209,-0.6382610851033159
0.011634312368633127,0.5819791895947296,-17.38969810641902,0.868868868868869,3.6595014502245906,-0.407277200908311,0.9053000000000008,0.0015143999866526875,-0.015764017983253997,4.287727131388541,0.003116367247248578,-0.5090482754992587
0.011662006397157977,0.5814975987993319,-17.3896981064172,0.86986986986987,3.6591160896544537,-0.36598495974476464,0.9063000000000008,0.0014986359686694334,-0.015764017983253553,4.288727131388542,0.0026787565709699306,-0.4202737153714491
0.011689700425682828,0.5810160080039343,-17.3896981064172,0.870870870870871,3.6587687476024793,-0.3660853109513482,0.9073000000000008,0.0014828719506861804,-0.015764017983251666,4.289727131388542,0.002275819816505399,-0.3843115444121096
0.011717394454207681,0.5805344172085366,-17.389698106411743,0.871871871871872,3.6583831861290257,-0.3695722994289099,0.9083000000000008,0.0014671079327029301,-0.01576401798325222,4.290727131388541,0.0019101334821457633,-0.3261885324670165
0.011745088482732537,0.580052826413139,-17.38969810641538,0.872872872872873,3.658028863119138,-0.37433782983885067,0.9093000000000008,0.001451343914719676,-0.015764017983254552,4.291727131388541,0.0016234427515717273,-0.2866907305741947
0.01177278251125739,0.5795712356177414,-17.3896981064172,0.873873873873874,3.6576337610442633,-0.38894404671441407,0.9103000000000008,0.001435579896736421,-0.015764017983254885,4.292727131388541,0.0013367520209974367,-0.2866907305741947
0.01180047653978224,0.5790896448223438,-17.38969810641356,0.874874874874875,3.6572501963589485,-0.3862769533550363,0.9113000000000008,0.0014198158787531662,-0.01576401798325211,4.2937271313885415,0.0010500612904231464,-0.25528003679240385
0.011828170568307098,0.578608054026946,-17.3896981064172,0.875875875875876,3.6568604338103197,-0.3761808245353677,0.9123000000000008,0.0014040518607699166,-0.015764017983250778,4.294727131388541,0.0008261919474126295,-0.21738440900801714
0.011855864596831949,0.5781264632315485,-17.38969810641538,0.876876876876877,3.656497081595114,-0.3820762306806955,0.9133000000000008,0.0013882878427866647,-0.01576401798325333,4.29572713138854,0.0006152924724073531,-0.21089947500539322
0.0118835586253568,0.5776448724361508,-17.3896981064172,0.877877877877878,3.6560955164315794,-0.41199267555953156,0.9143000000000008,0.00137252382480341,-0.015764017983253886,4.296727131388541,0.0004043929974018894,-0.2108994750053933
0.01191125265388165,0.5771632816407531,-17.389698106409924,0.878878878878879,3.6556722714338337,-0.41166034250113626,0.9153000000000008,0.0013567598068201568,-0.015764017983254663,4.297727131388541,0.0001934935223964256,
0.011938946682406509,0.5766816908453556,-17.38969810641538,0.87987987987988,3.655271371601747,-0.38401237793459586,0.9163000000000008,0.0013409957888369007,-0.01576401798325222,4.2987271313885405,,
0.01196664071093136,0.5762001000499578,-17.38969810641902,0.880880880880881,3.654903477884415,-0.37731979616455646,0.9173000000000008,0.0013252317708536522,-0.015764017983252887,,,
0.01199433473945621,0.5757185092545601,-17.191904439965583,0.881881881881882,3.6545159766144306,-0.379547433174821,0.9183000000000008,0.0013094677528703949,-0.01576401798325322,,,
0.012022681199521235,0.5752369184591626,-16.664475822472014,0.882882882882883,3.6541436231633444,-0.3691647544344505,0.9193000000000008,0.001293703734887146,-0.015764017983252,,,
0.012052179051333779,0.574755327663765,-16.326300588196318,0.883883883883884,3.653776908036984,-0.35102121728232305,0.9203000000000008,0.001277939716903891,-0.015764017983253886,,,
0.012081676903146314,0.5742737368683674,-16.326300588201775,0.884884884884885,3.6534408779836003,-0.3531121759508551,0.9213000000000008,0.001262175698920638,-0.01576401798325311,,,
0.012111174754958851,0.5737921460729697,-16.326300588199956,0.885885885885886,3.6530699767537986,-0.3583693760110691,0.9223000000000008,0.0012464116809373846,-0.01576401798325333,,,
0.012140672606771393,0.5733105552775719,-16.326300588198137,0.886886886886887,3.6527234217753697,-0.35013200464572947,0.9233000000000008,0.0012306476629541313,-0.01576401798325322,,,
0.01217017045858393,0.5728289644821744,-16.326300588196318,0.887887887887888,3.652369011779533,-0.36328054174509816,0.9243000000000008,0.001214883644970878,-0.01576401798325333,,,
0.012199668310396468,0.5723473736867768,-16.326300588198137,0.888888888888889,3.651996133403508,-0.37721047298919075,0.9253000000000008,0.0011991196269876246,-0.015764017983251555,,,
0.012229166162209003,0.5718657828913791,-16.326300588199956,0.88988988988989,3.651613835657433,-0.3820566137358128,0.9263000000000008,0.001183355609004375,-0.015764017983252998,,,
0.012258664014021547,0.5713841920959815,-16.326300588199956,0.890890890890891,3.6512312552979305,-0.38991370816165727,0.9273000000000008,0.0011675915910211187,-0.01576401798325555,,,
0.012288161865834082,0.5709026013005838,-16.326300588199956,0.891891891891892,3.650833227633085,-0.3753599379163006,0.9283000000000008,0.001151827573037864,-0.015764017983252665,,,
0.012317659717646619,0.5704210105051861,-16.326300588199956,0.892892892892893,3.650479783950751,-0.35993190620797577,0.9293000000000008,0.0011360635550546133,-0.015764017983252443,,,
0.012347157569459156,0.5699394197097885,-16.3263005881945,0.893893893893894,3.6501126432362723,-0.3645395176158672,0.9303000000000008,0.001120299537071359,-0.015764017983253664,,,
0.012376655421271698,0.569457828914391,-16.326300588196318,0.894894894894895,3.6497499751066753,-0.37163699481993717,0.9313000000000008,0.0011045355190881059,-0.015764017983252665,,,
0.012406153273084235,0.5689762381189932,-16.326300588203594,0.895895895895896,3.649368625228625,-0.3599056105665568,0.9323000000000008,0.0010887715011048535,-0.015764017983252776,,,
0.01243565112489677,0.5684946473235956,-16.326300588196318,0.896896896896897,3.6490294433537893,-0.3423613624506743,0.9333000000000008,0.0010730074831216004,-0.015764017983253664,,,
0.012465148976709315,0.568013056528198,-16.326300588196318,0.897897897897898,3.6486832170955905,-0.3579227864429413,0.9343000000000008,0.0010572434651383463,-0.01576401798325422,,,
0.012494646828521852,0.5675314657328003,-16.326300588199956,0.898898898898899,3.6483128812187684,-0.36697206690519124,0.9353000000000008,0.001041479447155092,-0.015764017983252,,,
0.012524144680334387,0.5670498749374027,-16.326300588203594,0.8998998998999,3.6479485382829675,-0.36946216820638256,0.9363000000000008,0.0010257154291718421,-0.015764017983252665,,,
0.012553642532146924,0.5665682841420049,-16.326300588198137,0.900900900900901,3.647573217218355,-0.3796297607248107,0.9373000000000008,0.0010099514111885865,-0.015827607371696195,,,
0.012583140383959466,0.5660866933466073,-16.326300588196318,0.901901901901902,3.647188518741977,-0.3782983570988563,0.9383000000000008,0.0009940602144284498,-0.015974728293977836,,,
0.012612638235772003,0.5656051025512098,-16.326300588199956,0.902902902902903,3.646815863150089,-0.38042999452500226,0.9393000000000008,0.0009780019546006308,-0.01605825982781811,,,
0.01264213608758454,0.5651235117558121,-16.326300588196318,0.903903903903904,3.6464268971313163,-0.3883044105143654,0.9403000000000008,0.0009619436947728134,-0.016058259827819055,,,
0.012671633939397083,0.5646419209604145,-16.326300588199956,0.904904904904905,3.646038476942853,-0.3762470652211505,0.9413000000000008,0.0009458854349449926,-0.016058259827818944,,,
0.01270113179120962,0.5641603301650168,-16.326300588201775,0.905905905905906,3.6456736497534963,-0.34805887760649057,0.9423000000000008,0.0009298271751171756,-0.016058259827815113,,,
0.012730629643022155,0.5636787393696191,-16.326300588198137,0.906906906906907,3.6453416623730703,-0.34382308565977837,0.9433000000000008,0.0009137689152893623,-0.01605825982781628,,,
0.012760127494834692,0.5631971485742215,-16.326300588196318,0.907907907907908,3.644985315247671,-0.35423645238643076,0.9443000000000008,0.0008977106554615429,-0.016058259827818,,,
0.012789625346647236,0.5627155577788239,-16.326300588198137,0.908908908908909,3.6446324802862105,-0.3417546536879854,0.9453000000000008,0.0008816523956337263,-0.016058259827817223,,,
0.012819123198459771,0.5622339669834263,-16.326300588199956,0.90990990990991,3.644301121746795,-0.3409620888367044,0.9463000000000008,0.0008655941358059085,-0.016058259827818,,,
0.012848621050272308,0.5617523761880286,-16.326300588201775,0.910910910910911,3.6439498735017524,-0.3576675091924244,0.9473000000000008,0.0008495358759780903,-0.016058259827818333,,,
0.012878118902084843,0.561270785392631,-16.326300588198137,0.911911911911912,3.6435850706773403,-0.36850353221120713,0.9483000000000008,0.0008334776161502718,-0.016058259827818,,,
0.012907616753897387,0.5607891945972333,-16.326300588196318,0.912912912912913,3.6432121286925208,-0.36172546833699926,0.9493000000000008,0.0008174193563224543,-0.01605825982781567,,,
0.012937114605709924,0.5603076038018358,-16.326300588199956,0.913913913913914,3.642860895565555,-0.34281383384814035,0.9503000000000008,0.0008013610964946404,-0.016058259827816557,,,
0.01296661245752246,0.559826013006438,-16.326300588199956,0.914914914914915,3.642525814710843,-0.316202865173409,0.9513000000000008,0.0007853028366668211,-0.016058259827819277,,,
0.012996110309335004,0.5593444222110403,-16.165019387768552,0.915915915915916,3.6422278567964392,-0.30825390256768515,0.9523000000000008,0.0007692445768390018,-0.016058259827818333,,,
0.01302620888052788,0.5588628314156426,-15.794521512918436,0.916916916916917,3.6419086897807773,-0.31809396311541605,0.9533000000000008,0.0007531863170111844,-0.01605825982781567,,,
0.013057113617838937,0.5583812406202451,-15.583073577048708,0.917917917917918,3.6415910320454574,-0.3189984612315584,0.9543000000000008,0.0007371280571833704,-0.0160582598278165,,,
0.013088018355149993,0.5578996498248475,-15.58307357704689,0.918918918918919,3.641270054222756,-0.33320646591073455,0.9553000000000008,0.0007210697973555514,-0.01605825982781839,,,
0.013118923092461057,0.55741805902945,-15.583073577050527,0.91991991991992,3.6409239520336243,-0.3531928304971643,0.9563000000000008,0.0007050115375277337,-0.01605825982781639,,,
0.013149827829772113,0.5569364682340522,-15.583073577050527,0.920920920920921,3.6405629614690085,-0.36448751166471993,0.9573000000000008,0.0006889532776999186,-0.016058259827817445,,,
0.013180732567083171,0.5564548774386546,-15.583073577054165,0.921921921921922,3.6401942473055664,-0.361126398244096,0.9583000000000008,0.0006728950178720987,-0.01605825982782,,,
0.013211637304394227,0.5559732866432568,-15.583073577052346,0.922922922922923,3.639839985696748,-0.3596912485161283,0.9593000000000008,0.0006568367580442786,-0.016058259827816612,,,
0.01324254204170529,0.5554916958478592,-15.583073577048708,0.923923923923924,3.6394741447059342,-0.3544916288683453,0.9603000000000008,0.0006407784982164655,-0.0160582598278165,,,
0.013273446779016347,0.5550101050524616,-15.583073577050527,0.924924924924925,3.639130292746061,-0.3441787392303013,0.9613000000000008,0.0006247202383886456,-0.01605825982781678,,,
0.013304351516327403,0.554528514257064,-15.583073577050527,0.925925925925926,3.638785098180949,-0.3336673227495339,0.9623000000000008,0.0006086619785608319,-0.016058259827818,,,
0.013335256253638468,0.5540469234616663,-15.583073577050527,0.926926926926927,3.638462290097913,-0.3201142781026647,0.9633000000000008,0.0005926037187330094,-0.016058259827819,,,
0.013366160990949524,0.5535653326662686,-15.583073577050527,0.927927927927928,3.6381442287553183,-0.34522349963071974,0.9643000000000008,0.0005765454589051938,-0.0160582598278165,,,
0.01339706572826058,0.5530837418708711,-15.583073577050527,0.928928928928929,3.6377711519605143,-0.36479294818741437,0.9653000000000008,0.0005604871990773765,-0.0160582598278175,,,
0.013427970465571638,0.5526021510754734,-15.583073577050527,0.92992992992993,3.6374139125427307,-0.34170014285427897,0.9663000000000008,0.0005444289392495588,-0.016058259827817334,,,
0.0134588752028827,0.5521205602800757,-15.583073577050527,0.930930930930931,3.6370870675904357,-0.3379242364105721,0.9673000000000008,0.0005283706794217418,-0.016058259827816612,,,
0.013489779940193758,0.551638969484678,-15.583073577052346,0.931931931931932,3.636737387544911,-0.33491653566284185,0.9683000000000008,0.0005123124195939256,-0.016058259827816584,,,
0.013520684677504814,0.5511573786892805,-15.583073577050527,0.932932932932933,3.6364165640155353,-0.3438616061278026,0.9693000000000008,0.0004962541597661086,-0.016058259827819193,,,
0.013551589414815872,0.5506757878938828,-15.583073577050527,0.933933933933934,3.6360489759210317,-0.3468017353086452,0.9703000000000008,0.00048019589993828713,-0.016058259827818167,,,
0.013582494152126935,0.5501941970984852,-15.583073577050527,0.934934934934935,3.6357222662471496,-0.3480643579976004,0.9713000000000008,0.00046413764011047216,-0.016058259827815696,,,
0.01361339888943799,0.5497126063030875,-15.583073577052346,0.935935935935936,3.635352150379495,-0.35977812521491614,0.9723000000000008,0.0004480793802826557,-0.016058259827817833,,,
0.013644303626749048,0.5492310155076898,-15.583073577050527,0.936936936936937,3.635001989720193,-0.3536966190883959,0.9733000000000008,0.00043202112045483647,-0.016058259827817223,,,
0.013675208364060111,0.5487494247122923,-15.583073577050527,0.937937937937938,3.634644049039979,-0.3597090371649756,0.9743000000000008,0.0004159628606270212,-0.016058259827816862,,,
0.013706113101371169,0.5482678339168945,-15.583073577050527,0.938938938938939,3.6342818515076507,-0.33273114160965633,0.9753000000000008,0.00039990460079920273,-0.01605825982781789,,,
0.013737017838682225,0.547786243121497,-15.583073577050527,0.93993993993994,3.633977920628348,-0.3171354567450635,0.9763000000000008,0.00038384634097138543,-0.01605825982781886,,,
0.013767922575993281,0.5473046523260994,-15.583073577050527,0.940940940940941,3.6336469456883416,-0.3263567658696047,0.9773000000000008,0.000367788081143565,-0.016058259827818222,,,
0.013798827313304346,0.5468230615307017,-15.583073577052346,0.941941941941942,3.63332455372971,-0.3342340576739389,0.9783000000000008,0.0003517298213157489,-0.01605825982781578,,,
0.013829732050615402,0.5463414707353039,-15.583073577050527,0.942942942942943,3.632977808435741,-0.3434159767991787,0.9793000000000008,0.00033567156148793336,-0.016058259827817445,,,
0.01386063678792646,0.5458598799399064,-15.583073577052346,0.943943943943944,3.6326370342566388,-0.33571813181788457,0.9803000000000008,0.00031961330166011405,-0.016058259827818944,,,
0.013891541525237515,0.5453782891445086,-15.583073577048708,0.944944944944945,3.6323057000637333,-0.3569495363203714,0.9813000000000008,0.00030355504183229544,-0.016058259827816335,,,
0.01392244626254858,0.5448966983491111,-15.58307357704689,0.945945945945946,3.631922420570312,-0.3816263494481973,0.9823000000000008,0.00028749678200448134,-0.016058259827816612,,,
0.013953350999859636,0.5444151075537135,-15.583073577052346,0.946946946946947,3.631541683348121,-0.36919443156875786,0.9833000000000008,0.0002714385221766622,-0.0160582598278175,,,
0.013984255737170692,0.5439335167583158,-15.566979084958803,0.947947947947948,3.631183292579183,-0.3554386995774621,0.9843000000000008,0.0002553802623488463,-0.016058259827816015,,,
0.01401522451102357,0.5434519259629182,-15.165133308957593,0.948948948948949,3.630830094359978,-0.358730652118993,0.9853000000000008,0.00023932200252103013,-0.016058259827816765,,,
0.014047855459188581,0.5429703351675205,-14.75871289312272,0.94994994994995,3.6304651130954615,-0.37167405048330693,0.9863000000000008,0.00022326374269321272,-0.016058259827818652,,,
0.014080486407353593,0.5424887443721228,-14.758712893117263,0.950950950950951,3.630086002166818,-0.3626993827133447,0.9873000000000008,0.0002072054828653928,-0.016058259827159513,,,
0.014113117355518606,0.5420071535767252,-14.758712893115444,0.951951951951952,3.629738988205145,-0.3621100865104836,0.9883000000000008,0.00019114722303889366,-0.016058259826882942,,,
0.014145748303683623,0.5415255627813276,-14.758712893117263,0.952952952952953,3.6293610570486785,-0.36758673986923895,0.9893000000000008,0.0001750889632116269,-0.016058259827541346,,,
0.014178379251848635,0.54104397198593,-14.758712893117263,0.953953953953954,3.6290030788160172,-0.34836121707348866,0.9903000000000008,0.00015903070338381094,-0.016058259827816584,,,
0.014211010200013648,0.5405623811905323,-14.758712893117263,0.954954954954955,3.6286636371946774,-0.3509237515447694,0.9913000000000008,0.0001429724435559937,-0.016058259827817334,,,
0.014243641148178665,0.5400807903951347,-14.758712893119082,0.955955955955956,3.6283005287628747,-0.3631995759694746,0.9923000000000008,0.00012691418372817625,-0.016058259827817375,,,
0.014276272096343677,0.539599199599737,-14.758712893119082,0.956956956956957,3.6279365109164603,-0.37333480904476346,0.9933000000000008,0.0001108559239003589,-0.016058259827816737,,,
0.01430890304450869,0.5391176088043393,-14.758712893119082,0.957957957957958,3.6275531117277495,-0.3810058504270728,0.9943000000000008,9.479766407254274e-05,-0.016058259827817327,,,
0.0143415339926737,0.5386360180089417,-14.758712893119082,0.958958958958959,3.627173736441131,-0.3894337949693636,0.9953000000000009,7.873940424472421e-05,-0.01605825982781732,,,
0.01437416494083872,0.538154427213544,-14.758712893115444,0.95995995995996,3.6267734644905736,-0.3891951413679635,0.9963000000000009,6.268114441690807e-05,-0.016058259827816442,,,
0.014406795889003732,0.5376728364181464,-14.758712893119082,0.960960960960961,3.626394566988943,-0.38120168447426295,0.9973000000000009,4.662288458909129e-05,-0.01605825982781657,,,
0.014439426837168742,0.5371912456227488,-14.758712893119082,0.961961961961962,3.62601029795509,-0.3846994218436066,0.9983000000000009,3.056462476127489e-05,-0.016058259827816442,,,
0.014472057785333755,0.5367096548273512,-14.758712893117263,0.962962962962963,3.6256243979762424,-0.4050220751885263,0.9993000000000009,1.4506364933458377e-05,,,,
0.014504688733498765,0.5362280640319537,-14.758712893119082,0.963963963963964,3.625199442949708,-0.3998658547316154,1.0003000000000009,,,,,
0.014537319681663784,0.5357464732365559,-14.758712893117263,0.964964964964965,3.6248238657345375,-0.3842600655843853,,,,,,
0.014569950629828804,0.5352648824411582,-14.7587128931209,0.965965965965966,3.6244301535291186,-0.3970304702681915,,,,,,
0.014602581577993816,0.5347832916457604,-14.758712893119082,0.966966966966967,3.624029009938205,-0.4126529375384962,,,,,,
0.014635212526158826,0.5343017008503629,-14.758712893118172,0.967967967967968,3.623604021522034,-0.41349476936420615,,,,,,
0.014667843474323839,0.5338201100549652,-14.758712893117263,0.968968968968969,3.6232011925821204,-0.403648132814169,,,,,,
0.01470047442248885,0.5333385192595677,-14.758712893119082,0.96996996996997,3.622795917152036,-0.4029209083232672,,,,,,
0.014733105370653862,0.53285692846417,-14.758712893116353,0.970970970970971,3.6223945441170087,-0.4130608602633856,,,,,,
0.01476573631881888,0.5323753376687724,-14.758712893115444,0.971971971971972,3.6219689684828404,-0.4276284868710718,,,,,,
0.014798367266983891,0.5318937468733748,-14.758712893118172,0.972972972972973,3.6215384310301797,-0.44781608534844963,,,,,,
0.01483099821514891,0.5314121560779771,-14.758712893117263,0.973973973973974,3.621072439783444,-0.4439652386874968,,,,,,
0.014863629163313923,0.5309305652825794,-14.758712893117263,0.974974974974975,3.620649611733508,-0.43987637555892434,,,,,,
0.014896260111478933,0.5304489744871819,-14.758712893118172,0.975975975975976,3.620191806398942,-0.46033300384078757,,,,,,
0.014928891059643946,0.5299673836917842,-14.758712893119082,0.976976976976977,3.6197280241382312,-0.4767899988044064,,,,,,
0.014961522007808956,0.5294857928963865,-14.758712893117263,0.977977977977978,3.6192372718668007,-0.4940974677165286,,,,,,
0.014994152955973976,0.529004202100989,-14.640648231347768,0.978978978978979,3.6187388400186786,-0.5009565789571298,,,,,,
0.015027318886203303,0.5285226113055913,-14.32166495634101,0.97997997997998,3.6182343557928123,-0.5213976754057512,,,,,,
0.015061433149558566,0.5280410205101935,-14.11699236716504,0.980980980980981,3.6176950008286775,-0.5384086472943181,,,,,,
0.01509554741291382,0.527559429714796,-14.116992367165949,0.981981981981982,3.617156460603034,-0.556640390023631,,,,,,
0.015129661676269075,0.5270778389193983,-14.116992367165949,0.982982982982983,3.616580605653455,-0.591868178999448,,,,,,
0.015163775939624329,0.5265962481240007,-14.11699236716504,0.983983983983984,3.615971539323756,-0.6089783418356092,,,,,,
0.015197890202979585,0.5261146573286031,-14.116992367166858,0.984984984984985,3.615361429793924,-0.6324159022026379,,,,,,
0.01523200446633484,0.5256330665332054,-14.116992367165949,0.985985985985986,3.614705441421448,-0.6941530578931179,,,,,,
0.0152661187296901,0.5251514757378077,-14.11699236716413,0.986986986986987,3.6139717339823263,-0.7702968860864985,,,,,,
0.015300232993045363,0.5246698849424102,-14.11699236716504,0.987987987987988,3.6131633055133676,-0.8280915470215859,,,,,,
0.015334347256400618,0.5241882941470124,-14.116992367166858,0.988988988988989,3.612313893047348,-0.6226776218120449,,,,,,
0.015368461519755874,0.5237067033516148,-14.116992367165949,0.98998998998999,3.611916703667898,-0.1983960950351502,,,,,,
0.015402575783111128,0.5232251125562172,-14.116992367165949,0.990990990990991,3.611916703667898,-0.25853516759548256,,,,,,
0.015436690046466382,0.5227435217608196,-14.116992367165949,0.991991991991992,3.611399115744784,-2.665294668259776,,,,,,
0.015470804309821637,0.522261930965422,-14.116992367165949,0.992992992992993,3.6065807784061166,-7.323314623383567,,,,,,
0.0155049185731769,0.5217803401700243,-14.11699236716504,0.993993993993994,3.5967378252074793,-12.781141242701324,,,,,,
0.015539032836532154,0.5212987493746266,-14.116992367165949,0.994994994994995,3.5809929080503586,-18.869867390934132,,,,,,
0.015573147099887417,0.520817158579229,-14.11699236716504,0.995995995995996,3.558960312913318,-24.642567560532143,,,,,,
0.015607261363242671,0.5203355677838313,-14.116992367165949,0.996996996996997,3.5316584384597047,-29.82715748793771,,,,,,
0.015641375626597925,0.5198539769884337,-14.116992367165949,0.997997997997998,3.4992462839084353,-34.85290719564182,,,,,,
0.01567548988995318,0.519372386193036,-14.116992367166858,0.998998998998999,3.4618828484784374,-39.71981668363992,,,,,,
0.015709604153308434,0.5188907953976385,-14.11699236716413,1.0,3.4197271313886373,-42.113561372711295,,,,,,
0.015743718416663697,0.5184092046022408,-14.116992367168677,,,,,,,,,
0.015777832680018953,0.517927613806843,-14.116992367165949,,,,,,,,,
0.015811946943374216,0.5174460230114454,-14.11699236716413,,,,,,,,,
0.01584606120672947,0.5169644322160478,-14.11699236716413,,,,,,,,,
0.015880175470084724,0.5164828414206502,-14.116992367166858,,,,,,,,,
0.015914289733439977,0.5160012506252526,-14.116992367165949,,,,,,,,,
0.015948403996795233,0.5155196598298549,-14.11699236716413,,,,,,,,,
0.015982518260150496,0.5150380690344573,-14.109626026740443,,,,,,,,,
0.01601666818144347,0.5145564782390596,-13.734132764775495,,,,,,,,,
0.016052755566453063,0.5140748874436619,-13.345128644531542,,,,,,,,,
0.016088842951462647,0.5135932966482643,-13.345128644531542,,,,,,,,,
0.01612493033647223,0.5131117058528667,-13.345128644529723,,,,,,,,,
0.016161017721481815,0.5126301150574691,-13.345128644532451,,,,,,,,,
0.0161971051064914,0.5121485242620714,-13.345128644532451,,,,,,,,,
0.016233192491500983,0.5116669334666738,-13.345128644529723,,,,,,,,,
0.016269279876510574,0.5111853426712761,-13.345128644531542,,,,,,,,,
0.016305367261520168,0.5107037518758784,-13.345128644531542,,,,,,,,,
0.01634145464652975,0.5102221610804808,-13.345128644530632,,,,,,,,,
0.016377542031539336,0.5097405702850831,-13.345128644530632,,,,,,,,,
0.01641362941654892,0.5092589794896856,-13.345128644530632,,,,,,,,,
0.016449716801558503,0.5087773886942879,-13.345128644532451,,,,,,,,,
0.016485804186568087,0.5082957978988902,-13.345128644532451,,,,,,,,,
0.016521891571577678,0.5078142071034926,-13.345128644530632,,,,,,,,,
0.016557978956587262,0.5073326163080949,-13.345128644528813,,,,,,,,,
0.016594066341596856,0.5068510255126973,-13.345128644527904,,,,,,,,,
0.01663015372660644,0.5063694347172998,-13.345128644530632,,,,,,,,,
0.016666241111616024,0.5058878439219021,-13.34512864453427,,,,,,,,,
0.016702328496625608,0.5054062531265043,-13.345128644532451,,,,,,,,,
0.01673841588163519,0.5049246623311068,-13.345128644529723,,,,,,,,,
0.016774503266644782,0.5044430715357091,-13.345128644528813,,,,,,,,,
0.016810590651654366,0.5039614807403116,-13.345128644529723,,,,,,,,,
0.01684667803666396,0.5034798899449138,-13.345128644531542,,,,,,,,,
0.016882765421673544,0.5029982991495162,-13.345128644532451,,,,,,,,,
0.016918852806683128,0.5025167083541184,-13.345128644532451,,,,,,,,,
0.016954940191692712,0.5020351175587209,-13.345128644528813,,,,,,,,,
0.016991027576702296,0.5015535267633233,-13.254970114840944,,,,,,,,,
0.017027612702651684,0.5010719359679255,-12.944730595590045,,,,,,,,,
0.01706547888220537,0.5005903451725279,-12.718230385899915,,,,,,,,,
0.017103345061759055,0.5001087543771303,-12.718230385902643,,,,,,,,,
0.017141211241312723,0.49962716358173265,-12.718230385902643,,,,,,,,,
0.017179077420866405,0.4991455727863351,-12.718230385902643,,,,,,,,,
0.01721694360042008,0.4986639819909374,-12.718230385902643,,,,,,,,,
0.017254809779973762,0.4981823911955398,-12.718230385903553,,,,,,,,,
0.017292675959527437,0.49770080040014214,-12.718230385904462,,,,,,,,,
0.017330542139081116,0.4972192096047444,-12.718230385904462,,,,,,,,,
0.01736840831863479,0.49673761880934686,-12.718230385901734,,,,,,,,,
0.017406274498188472,0.4962560280139492,-12.718230385902643,,,,,,,,,
0.01744414067774215,0.4957744372185516,-12.718230385902643,,,,,,,,,
0.017482006857295826,0.49529284642315397,-12.718230385902643,,,,,,,,,
0.017519873036849508,0.4948112556277563,-12.718230385904462,,,,,,,,,
0.017557739216403183,0.49432966483235863,-12.718230385905372,,,,,,,,,
0.01759560539595686,0.49384807403696085,-12.718230385903553,,,,,,,,,
0.01763347157551054,0.49336648324156324,-12.718230385900824,,,,,,,,,
0.017671337755064218,0.4928848924461657,-12.718230385899915,,,,,,,,,
0.017709203934617893,0.4924033016507682,-12.718230385902643,,,,,,,,,
0.017747070114171575,0.4919217108553704,-12.718230385903553,,,,,,,,,
0.01778493629372525,0.49144012005997284,-12.718230385903553,,,,,,,,,
0.01782280247327893,0.4909585292645751,-12.718230385902643,,,,,,,,,
0.01786066865283261,0.4904769384691774,-12.718230385903553,,,,,,,,,
0.017898534832386286,0.48999534767377984,-12.718230385902643,,,,,,,,,
0.017936401011939964,0.48951375687838217,-12.718230385901734,,,,,,,,,
0.017974267191493642,0.4890321660829846,-12.718230385903553,,,,,,,,,
0.01801213337104732,0.48855057528758683,-12.44550710772728,,,,,,,,,
0.018051736997133846,0.48806898449218933,-12.11177826167659,,,,,,,,,
0.018091660315825778,0.48758739369679155,-12.062894848845644,,,,,,,,,
0.018131583634517702,0.48710580290139394,-12.062894848843825,,,,,,,,,
0.018171506953209633,0.4866242121059964,-12.062894848842916,,,,,,,,,
0.01821143027190156,0.4861426213105987,-12.062894848845644,,,,,,,,,
0.018251353590593492,0.485661030515201,-12.062894848844735,,,,,,,,,
0.018291276909285423,0.4851794397198033,-12.062894848842916,,,,,,,,,
0.01833120022797735,0.48469784892440576,-12.062894848843825,,,,,,,,,
0.018371123546669282,0.48421625812900804,-12.062894848843825,,,,,,,,,
0.018411046865361207,0.4837346673336105,-12.062894848842916,,,,,,,,,
0.01845097018405314,0.48325307653821287,-12.062894848844735,,,,,,,,,
0.018490893502745066,0.4827714857428152,-12.062894848845644,,,,,,,,,
0.018530816821436997,0.48228989494741753,-12.062894848844735,,,,,,,,,
0.018570740140128925,0.48180830415201986,-12.062894848845644,,,,,,,,,
0.018610663458820856,0.4813267133566222,-12.062894848842916,,,,,,,,,
0.018650586777512787,0.4808451225612247,-12.062894848842916,,,,,,,,,
0.018690510096204715,0.480363531765827,-12.062894848846554,,,,,,,,,
0.018730433414896646,0.47988194097042924,-12.062894848844735,,,,,,,,,
0.01877035673358857,0.4794003501750317,-12.062894848843825,,,,,,,,,
0.0188102800522805,0.4789187593796341,-12.062894848843825,,,,,,,,,
0.01885020337097243,0.4784371685842364,-12.062894848845644,,,,,,,,,
0.01889012668966436,0.4779555777888387,-12.062894848842916,,,,,,,,,
0.018930050008356288,0.4774739869934412,-12.062894848843825,,,,,,,,,
0.01896997332704822,0.47699239619804346,-12.062894848846554,,,,,,,,,
0.019009896645740147,0.47651080540264573,-11.935258620136665,,,,,,,,,
0.019050692718792422,0.47602921460724823,-11.76778708202528,,,,,,,,,
0.019091747277126533,0.47554762381185056,-11.730507279567064,,,,,,,,,
0.01913280183546064,0.47506603301645295,-11.730507279567064,,,,,,,,,
0.01917385639379475,0.4745844422210552,-11.730507279567973,,,,,,,,,
0.019214910952128853,0.4741028514256576,-11.730507279566154,,,,,,,,,
0.019255965510462963,0.47362126063026,-11.730507279567973,,,,,,,,,
0.01929702006879707,0.4731396698348623,-11.730507279567064,,,,,,,,,
0.019338074627131177,0.47265807903946466,-11.730507279566154,,,,,,,,,
0.019379129185465284,0.4721764882440671,-11.730507279566154,,,,,,,,,
0.019420183743799394,0.4716948974486693,-11.730507279567064,,,,,,,,,
0.019461238302133504,0.47121330665327177,-11.730507279566154,,,,,,,,,
0.019502292860467608,0.4707317158578741,-11.730507279567064,,,,,,,,,
0.019543347418801718,0.4702501250624765,-11.730507279567064,,,,,,,,,
0.019584401977135825,0.4697685342670788,-11.730507279566154,,,,,,,,,
0.019625456535469935,0.46928694347168115,-11.730507279567064,,,,,,,,,
0.01966651109380404,0.46880535267628354,-11.730507279565245,,,,,,,,,
0.01970756565213815,0.468323761880886,-11.730507279567064,,,,,,,,,
0.019748620210472256,0.4678421710854883,-11.730507279567064,,,,,,,,,
0.019789674768806366,0.4673605802900906,-11.730507279567064,,,,,,,,,
0.01983072932714047,0.46687898949469303,-11.730507279565245,,,,,,,,,
0.01987178388547458,0.4663973986992954,-11.730507279567064,,,,,,,,,
0.01991283844380869,0.46591580790389764,-11.730507279567973,,,,,,,,,
0.019953893002142793,0.4654342171085001,-11.730507279567064,,,,,,,,,
0.019994947560476903,0.46495262631310236,-11.612095000558838,,,,,,,,,
0.020036857029092876,0.46447103551770474,-11.315855885603014,,,,,,,,,
0.02008010766720951,0.46398944472230697,-11.134883006788186,,,,,,,,,
0.02012335830532614,0.46350785392690946,-11.134883006786367,,,,,,,,,
0.020166608943442774,0.4630262631315119,-11.134883006786367,,,,,,,,,
0.020209859581559405,0.46254467233611424,-11.134883006788186,,,,,,,,,
0.020253110219676042,0.46206308154071657,-11.134883006789096,,,,,,,,,
0.020296360857792673,0.46158149074531885,-11.134883006790005,,,,,,,,,
0.020339611495909307,0.4610998999499212,-11.134883006787277,,,,,,,,,
0.02038286213402594,0.4606183091545236,-11.134883006787277,,,,,,,,,
0.020426112772142572,0.46013671835912595,-11.134883006788186,,,,,,,,,
0.02046936341025921,0.4596551275637284,-11.134883006787277,,,,,,,,,
0.02051261404837584,0.45917353676833067,-11.134883006789096,,,,,,,,,
0.020555864686492474,0.45869194597293306,-11.134883006786367,,,,,,,,,
0.020599115324609105,0.4582103551775355,-11.134883006789096,,,,,,,,,
0.02064236596272574,0.4577287643821378,-11.134883006789096,,,,,,,,,
0.02068561660084237,0.4572471735867401,-11.134883006789096,,,,,,,,,
0.020728867238959003,0.4567655827913425,-11.134883006786367,,,,,,,,,
0.02077211787707564,0.4562839919959448,-11.134883006787277,,,,,,,,,
0.02081536851519227,0.45580240120054716,-11.134883006790005,,,,,,,,,
0.020858619153308906,0.45532081040514943,-11.134883006786367,,,,,,,,,
0.020901869791425536,0.454839219609752,-11.134883006786367,,,,,,,,,
0.02094512042954217,0.45435762881435426,-11.134883006790005,,,,,,,,,
0.0209883710676588,0.4538760380189566,-11.101562368774466,,,,,,,,,
0.021031882906580653,0.4533944472235589,-10.968499117558167,,,,,,,,,
0.021076199240146577,0.45291285642816137,-10.867117305208012,,,,,,,,,
0.0211205155737125,0.45243126563276365,-10.867117305208922,,,,,,,,,
0.021164831907278425,0.45194967483736603,-10.867117305207103,,,,,,,,,
0.02120914824084435,0.4514680840419685,-10.867117305206193,,,,,,,,,
0.021253464574410276,0.45098649324657086,-10.867117305209831,,,,,,,,,
0.021297780907976196,0.4505049024511732,-10.867117305209831,,,,,,,,,
0.021342097241542124,0.4500233116557754,-10.867117305208922,,,,,,,,,
0.021386413575108048,0.4495417208603778,-10.867117305207103,,,,,,,,,
0.021430729908673972,0.44906013006498025,-10.867117305207103,,,,,,,,,
0.021475046242239896,0.4485785392695826,-10.867117305209831,,,,,,,,,
0.02151936257580582,0.44809694847418485,-10.867117305208012,,,,,,,,,
0.021563678909371744,0.44761535767878735,-10.867117305207103,,,,,,,,,
0.02160799524293767,0.4471337668833896,-10.86711730521165,,,,,,,,,
0.021652311576503592,0.4466521760879919,-10.867117305207103,,,,,,,,,
0.02169662791006952,0.44617058529259435,-10.867117305207103,,,,,,,,,
0.021740944243635443,0.44568899449719673,-10.867117305208012,,,,,,,,,
0.021785260577201367,0.4452074037017991,-10.867117305208922,,,,,,,,,
0.02182957691076729,0.44472581290640134,-10.867117305208922,,,,,,,,,
0.021873893244333215,0.4442442221110038,-10.867117305207103,,,,,,,,,
0.021918209577899143,0.4437626313156061,-10.86711730521074,,,,,,,,,
0.021962525911465063,0.44328104052020845,-10.867117305208012,,,,,,,,,
0.02200684224503099,0.44279944972481083,-10.690336976220351,,,,,,,,,
0.022052675268887413,0.4423178589294132,-10.419226140948922,,,,,,,,,
0.022099298469177873,0.4418362681340156,-10.329423814697293,,,,,,,,,
0.022145921669468334,0.44135467733861783,-10.329423814698202,,,,,,,,,
0.022192544869758787,0.44087308654322027,-10.329423814695474,,,,,,,,,
0.022239168070049244,0.44039149574782266,-10.329423814697293,,,,,,,,,
0.0222857912703397,0.43990990495242493,-10.329423814698202,,,,,,,,,
0.022332414470630158,0.43942831415702727,-10.329423814696383,,,,,,,,,
0.02237903767092061,0.43894672336162976,-10.329423814695474,,,,,,,,,
0.022425660871211072,0.43846513256623204,-10.329423814698202,,,,,,,,,
0.022472284071501526,0.43798354177083443,-10.329423814696383,,,,,,,,,
0.022518907271791986,0.43750195097543676,-10.329423814698202,,,,,,,,,
0.02256553047208244,0.4370203601800392,-10.329423814697293,,,,,,,,,
0.0226121536723729,0.4365387693846414,-10.329423814698202,,,,,,,,,
0.02265877687266336,0.43605717858924375,-10.329423814696383,,,,,,,,,
0.022705400072953814,0.4355755877938462,-10.329423814696383,,,,,,,,,
0.02275202327324427,0.4350939969984486,-10.329423814696383,,,,,,,,,
0.022798646473534728,0.43461240620305097,-10.329423814697293,,,,,,,,,
0.022845269673825185,0.43413081540765325,-10.329423814698202,,,,,,,,,
0.022891892874115638,0.43364922461225563,-10.329423814696383,,,,,,,,,
0.0229385160744061,0.43316763381685797,-10.329423814699112,,,,,,,,,
0.022985139274696552,0.43268604302146024,-10.275755300297533,,,,,,,,,
0.023032254653269153,0.4322044522260627,-10.005020613511078,,,,,,,,,
0.023081503524679654,0.43172286143066513,-9.778717391987811,,,,,,,,,
0.023130752396090148,0.4312412706352674,-9.77871739199054,,,,,,,,,
0.02318000126750065,0.43075967983986974,-9.778717391986902,,,,,,,,,
0.023229250138911146,0.4302780890444722,-9.778717391986902,,,,,,,,,
0.023278499010321647,0.4297964982490745,-9.778717391987811,,,,,,,,,
0.02332774788173214,0.4293149074536769,-9.77871739198963,,,,,,,,,
0.023376996753142643,0.42883331665827923,-9.778717391986902,,,,,,,,,
0.023426245624553137,0.4283517258628816,-9.77871739199145,,,,,,,,,
0.023475494495963638,0.42787013506748384,-9.778717391988721,,,,,,,,,
0.023524743367374132,0.4273885442720862,-9.778717391988721,,,,,,,,,
0.023573992238784633,0.42690695347668867,-9.778717391987811,,,,,,,,,
0.023623241110195134,0.426425362681291,-9.778717391987811,,,,,,,,,
0.023672489981605628,0.42594377188589333,-9.778717391988721,,,,,,,,,
0.02372173885301613,0.4254621810904957,-9.778717391986902,,,,,,,,,
0.023770987724426623,0.42498059029509805,-9.77871739198963,,,,,,,,,
0.023820236595837124,0.42449899949970044,-9.778717391988721,,,,,,,,,
0.023869485467247622,0.42401740870430277,-9.778717391988721,,,,,,,,,
0.023918734338658123,0.42353581790890504,-9.778717391985992,,,,,,,,,
0.023967983210068617,0.4230542271135076,-9.778717391987811,,,,,,,,,
0.024017232081479118,0.42257263631810993,-9.547136888159457,,,,,,,,,
0.02406899525758999,0.42209104552271215,-9.2680042331599,,,,,,,,,
0.024121160653397904,0.42160945472731454,-9.2319973411295,,,,,,,,,
0.024173326049205815,0.4211278639319169,-9.2319973411295,,,,,,,,,
0.024225491445013722,0.4206462731365193,-9.231997341129954,,,,,,,,,
0.024277656840821636,0.42016468234112164,-9.231997341130864,,,,,,,,,
0.024329822236629543,0.419683091545724,-9.231997341131319,,,,,,,,,
0.024381987632437454,0.41920150075032636,-9.231997341130409,,,,,,,,,
0.02443415302824536,0.41871990995492864,-9.231997341130409,,,,,,,,,
0.024486318424053275,0.4182383191595311,-9.231997341129045,,,,,,,,,
0.024538483819861182,0.41775672836413347,-9.231997341130864,,,,,,,,,
0.024590649215669093,0.41727513756873585,-9.231997341130409,,,,,,,,,
0.024642814611477007,0.41679354677333813,-9.231997341131319,,,,,,,,,
0.024694980007284914,0.41631195597794046,-9.231997341131319,,,,,,,,,
0.024747145403092828,0.4158303651825428,-9.231997341130864,,,,,,,,,
0.024799310798900732,0.41534877438714524,-9.231997341129954,,,,,,,,,
0.024851476194708646,0.4148671835917475,-9.2319973411295,,,,,,,,,
0.024903641590516553,0.41438559279635,-9.2319973411295,,,,,,,,,
0.024955806986324467,0.41390400200095234,-9.231997341131319,,,,,,,,,
0.025007972382132374,0.4134224112055546,-9.14748117587169,,,,,,,,,
0.02506112004133265,0.412940820410157,-9.021249124588849,,,,,,,,,
0.0251147447405103,0.41245922961475934,-8.980764513049508,,,,,,,,,
0.025168369439687956,0.4119776388193617,-8.980764513049962,,,,,,,,,
0.02522199413886561,0.411496048023964,-8.980764513049962,,,,,,,,,
0.025275618838043263,0.41101445722856644,-8.980764513048598,,,,,,,,,
0.02532924353722092,0.41053286643316883,-8.980764513050872,,,,,,,,,
0.02538286823639857,0.41005127563777105,-8.980764513049962,,,,,,,,,
0.025436492935576226,0.4095696848423735,-8.980764513048598,,,,,,,,,
0.025490117634753874,0.4090880940469759,-8.980764513049962,,,,,,,,,
0.025543742333931533,0.4086065032515782,-8.980764513049962,,,,,,,,,
0.02559736703310918,0.40812491245618054,-8.980764513050872,,,,,,,,,
0.025650991732286837,0.4076433216607829,-8.980764513049962,,,,,,,,,
0.02570461643146449,0.4071617308653853,-8.980764513049962,,,,,,,,,
0.025758241130642144,0.4066801400699876,-8.980764513049962,,,,,,,,,
0.025811865829819803,0.4061985492745899,-8.980764513048598,,,,,,,,,
0.02586549052899745,0.4057169584791924,-8.980764513049508,,,,,,,,,
0.025919115228175107,0.40523536768379476,-8.980764513049962,,,,,,,,,
0.02597273992735276,0.40475377688839714,-8.97965100165402,,,,,,,,,
0.026026377929169484,0.4042721860929994,-8.813133284492324,,,,,,,,,
0.026082109388405324,0.40379059529760175,-8.641273743787224,,,,,,,,,
0.026137840847641175,0.4033090045022041,-8.641273743787224,,,,,,,,,
0.026193572306877015,0.40282741370680647,-8.641273743786769,,,,,,,,,
0.026249303766112862,0.40234582291140886,-8.641273743786314,,,,,,,,,
0.026305035225348713,0.4018642321160112,-8.641273743786769,,,,,,,,,
0.026360766684584553,0.4013826413206136,-8.641273743787224,,,,,,,,,
0.0264164981438204,0.40090105052521585,-8.641273743786769,,,,,,,,,
0.026472229603056244,0.4004194597298183,-8.64127374378586,,,,,,,,,
0.02652796106229209,0.3999378689344207,-8.641273743786769,,,,,,,,,
0.02658369252152793,0.39945627813902307,-8.641273743787224,,,,,,,,,
0.02663942398076378,0.39897468734362534,-8.641273743787224,,,,,,,,,
0.02669515543999962,0.39849309654822773,-8.641273743787679,,,,,,,,,
0.02675088689923547,0.39801150575283,-8.641273743787679,,,,,,,,,
0.026806618358471312,0.3975299149574324,-8.64127374378586,,,,,,,,,
0.02686234981770716,0.39704832416203484,-8.64127374378586,,,,,,,,,
0.026918081276943007,0.39656673336663717,-8.641273743788133,,,,,,,,,
0.02697381273617885,0.39608514257123945,-8.64012429054037,,,,,,,,,
0.02702955902801578,0.39560355177584183,-8.614881370301646,,,,,,,,,
0.027085618889001246,0.3951219609804443,-8.590652686821159,,,,,,,,,
0.02714167874998672,0.39464037018504655,-8.590652686821613,,,,,,,,,
0.027197738610972185,0.39415877938964894,-8.590652686821159,,,,,,,,,
0.02725379847195766,0.39367718859425127,-8.590652686820249,,,,,,,,,
0.027309858332943127,0.3931955977988537,-8.590652686820249,,,,,,,,,
0.0273659181939286,0.39271400700345604,-8.590652686822523,,,,,,,,,
0.027421978054914073,0.39223241620805827,-8.590652686821159,,,,,,,,,
0.02747803791589954,0.3917508254126607,-8.590652686821159,,,,,,,,,
0.02753409777688501,0.391269234617263,-8.590652686820704,,,,,,,,,
0.02759015763787048,0.3907876438218655,-8.590652686821159,,,,,,,,,
0.027646217498855954,0.3903060530264677,-8.590652686821159,,,,,,,,,
0.027702277359841418,0.3898244622310702,-8.590652686820704,,,,,,,,,
0.027758337220826892,0.3893428714356725,-8.590652686821613,,,,,,,,,
0.02781439708181236,0.3888612806402748,-8.590652686821159,,,,,,,,,
0.02787045694279783,0.3883796898448772,-8.590652686820249,,,,,,,,,
0.0279265168037833,0.3878980990494796,-8.590652686821159,,,,,,,,,
0.027982576664768773,0.3874165082540819,-8.555395403390321,,,,,,,,,
0.028039102433692387,0.3869349174586843,-8.37706263930022,,,,,,,,,
0.028097624352446858,0.3864533266632866,-8.229237961559193,,,,,,,,,
0.028156146271201336,0.385971735867889,-8.229237961559647,,,,,,,,,
0.028214668189955806,0.3854901450724914,-8.229237961559647,,,,,,,,,
0.028273190108710284,0.38500855427709374,-8.229237961560102,,,,,,,,,
0.028331712027464755,0.3845269634816961,-8.229237961559647,,,,,,,,,
0.028390233946219232,0.3840453726862984,-8.229237961561466,,,,,,,,,
0.028448755864973703,0.38356378189090073,-8.229237961560102,,,,,,,,,
0.02850727778372818,0.383082191095503,-8.229237961560557,,,,,,,,,
0.02856579970248265,0.38260060030010545,-8.229237961557828,,,,,,,,,
0.02862432162123713,0.3821190095047079,-8.229237961559647,,,,,,,,,
0.028682843539991607,0.38163741870931017,-8.229237961560102,,,,,,,,,
0.028741365458746077,0.3811558279139126,-8.229237961558283,,,,,,,,,
0.028799887377500555,0.380674237118515,-8.229237961561466,,,,,,,,,
0.028858409296255026,0.3801926463231172,-8.229237961560557,,,,,,,,,
0.0289169312150095,0.37971105552771967,-8.229237961558738,,,,,,,,,
0.02897545313376397,0.37922946473232205,-8.218256420521357,,,,,,,,,
0.029034131870517323,0.3787478739369244,-8.093440523205118,,,,,,,,,
0.029094509277869652,0.3782662831415266,-7.976341093735755,,,,,,,,,
0.029154886685221988,0.37778469234612905,-7.976341093733936,,,,,,,,,
0.029215264092574324,0.3773031015507315,-7.976341093735755,,,,,,,,,
0.02927564149992665,0.3768215107553338,-7.976341093736664,,,,,,,,,
0.029336018907278986,0.37633991995993615,-7.976341093735755,,,,,,,,,
0.029396396314631316,0.37585832916453854,-7.976341093735755,,,,,,,,,
0.02945677372198365,0.37537673836914087,-7.976341093738029,,,,,,,,,
0.029517151129335978,0.3748951475737431,-7.976341093736664,,,,,,,,,
0.029577528536688314,0.3744135567783455,-7.976341093734845,,,,,,,,,
0.02963790594404064,0.373931965982948,-7.976341093734845,,,,,,,,,
0.029698283351392976,0.37345037518755037,-7.976341093736664,,,,,,,,,
0.029758660758745305,0.37296878439215264,-7.976341093736664,,,,,,,,,
0.029819038166097638,0.372487193596755,-7.976341093734845,,,,,,,,,
0.029879415573449974,0.37200560280135736,-7.97634109373621,,,,,,,,,
0.029939792980802304,0.3715240120059597,-7.976341093736664,,,,,,,,,
0.030000170388154637,0.37104242121056197,-7.878148789715397,,,,,,,,,
0.030062091851076996,0.3705608304151645,-7.685944350981572,,,,,,,,,
0.030125524071606815,0.37007923961976685,-7.592210888649788,,,,,,,,,
0.03018895629213663,0.36959764882436913,-7.592210888648879,,,,,,,,,
0.03025238851266645,0.3691160580289715,-7.592210888648879,,,,,,,,,
0.03031582073319626,0.36863446723357385,-7.592210888647969,,,,,,,,,
0.030379252953726083,0.3681528764381763,-7.592210888647514,,,,,,,,,
0.030442685174255902,0.3676712856427786,-7.592210888648879,,,,,,,,,
0.030506117394785714,0.36718969484738095,-7.592210888649333,,,,,,,,,
0.030569549615315533,0.3667081040519833,-7.592210888648879,,,,,,,,,
0.030632981835845348,0.3662265132565856,-7.592210888649333,,,,,,,,,
0.030696414056375167,0.36574492246118795,-7.592210888647514,,,,,,,,,
0.03075984627690498,0.3652633316657905,-7.592210888647969,,,,,,,,,
0.030823278497434797,0.3647817408703928,-7.592210888650243,,,,,,,,,
0.030886710717964613,0.36430015007499505,-7.592210888649333,,,,,,,,,
0.03095014293849443,0.3638185592795974,-7.592210888649333,,,,,,,,,
0.031013575159024243,0.3633369684841998,-7.491699158665142,,,,,,,,,
0.031078757041147737,0.36285537768880216,-7.3513345948599635,,,,,,,,,
0.03114460321849726,0.36237378689340444,-7.313876291425913,,,,,,,,,
0.031210449395846777,0.3618921960980069,-7.313876291424549,,,,,,,,,
0.0312762955731963,0.3614106053026092,-7.3138762914254585,,,,,,,,,
0.03134214175054582,0.3609290145072116,-7.3138762914254585,,,,,,,,,
0.03140798792789534,0.3604474237118139,-7.3138762914254585,,,,,,,,,
0.031473834105244854,0.35996583291641626,-7.3138762914254585,,,,,,,,,
0.03153968028259438,0.35948424212101865,-7.3138762914254585,,,,,,,,,
0.0316055264599439,0.359002651325621,-7.313876291425004,,,,,,,,,
0.03167137263729342,0.35852106053022337,-7.3138762914254585,,,,,,,,,
0.031737218814642934,0.3580394697348257,-7.313876291426368,,,,,,,,,
0.03180306499199246,0.35755787893942803,-7.3138762914254585,,,,,,,,,
0.031868911169341985,0.35707628814403036,-7.313876291425004,,,,,,,,,
0.0319347573466915,0.3565946973486328,-7.313876291424549,,,,,,,,,
0.03200060352404102,0.3561131065532352,-7.251462352033741,,,,,,,,,
0.03206760321921454,0.3556315157578375,-7.1327607549615095,,,,,,,,,
0.032135656249632015,0.35514992496243986,-7.076698751596723,,,,,,,,,
0.03220370928004947,0.35466833416704224,-7.0766987515976325,,,,,,,,,
0.03227176231046694,0.3541867433716445,-7.076698751597178,,,,,,,,,
0.03233981534088439,0.3537051525762469,-7.076698751596723,,,,,,,,,
0.032407868371301864,0.3532235617808493,-7.076698751595359,,,,,,,,,
0.03247592140171933,0.35274197098545174,-7.076698751597178,,,,,,,,,
0.03254397443213679,0.352260380190054,-7.076698751597178,,,,,,,,,
0.032612027462554254,0.35177878939465634,-7.076698751597178,,,,,,,,,
0.03268008049297171,0.35129719859925873,-7.076698751596723,,,,,,,,,
0.03274813352338918,0.35081560780386106,-7.076698751597178,,,,,,,,,
0.03281618655380664,0.35033401700846345,-7.076698751596723,,,,,,,,,
0.0328842395842241,0.3498524262130658,-7.076698751597178,,,,,,,,,
0.03295229261464156,0.34937083541766817,-7.076698751596723,,,,,,,,,
0.03302034564505903,0.3488892446222705,-6.989632109376089,,,,,,,,,
0.033090137971214906,0.34840765382687283,-6.880804624627672,,,,,,,,,
0.033160328868016065,0.3479260630314753,-6.861157462652955,,,,,,,,,
0.03323051976481723,0.34744447223607766,-6.861157462654319,,,,,,,,,
0.03330071066161838,0.34696288144067994,-6.8611574626547736,,,,,,,,,
0.03337090155841955,0.34648129064528227,-6.861157462654319,,,,,,,,,
0.0334410924552207,0.3459996998498846,-6.861157462653864,,,,,,,,,
0.033511283352021866,0.345518109054487,-6.861157462653864,,,,,,,,,
0.03358147424882302,0.3450365182590893,-6.861157462653864,,,,,,,,,
0.033651665145624184,0.34455492746369176,-6.861157462653409,,,,,,,,,
0.033721856042425336,0.3440733366682941,-6.8611574626547736,,,,,,,,,
0.0337920469392265,0.3435917458728964,-6.861157462653864,,,,,,,,,
0.03386223783602765,0.34311015507749876,-6.8611574626547736,,,,,,,,,
0.03393242873282882,0.3426285642821011,-6.861157462652955,,,,,,,,,
0.034002619629629985,0.34214697348670353,-6.762404455618707,,,,,,,,,
0.034074923187264045,0.34166538269130586,-6.584567977413371,,,,,,,,,
0.0341489382968635,0.3411837918959082,-6.506655168165253,,,,,,,,,
0.03422295340646296,0.34070220110051064,-6.506655168165253,,,,,,,,,
0.03429696851606242,0.34022061030511297,-6.506655168166617,,,,,,,,,
0.03437098362566187,0.33973901950971525,-6.506655168165253,,,,,,,,,
0.034444998735261335,0.33925742871431763,-6.506655168165253,,,,,,,,,
0.03451901384486079,0.33877583791892,-6.506655168165253,,,,,,,,,
0.03459302895446025,0.3382942471235224,-6.506655168165253,,,,,,,,,
0.03466704406405972,0.3378126563281247,-6.506655168166162,,,,,,,,,
0.03474105917365917,0.337331065532727,-6.506655168164798,,,,,,,,,
0.03481507428325863,0.33684947473732946,-6.506655168164798,,,,,,,,,
0.034889089392858084,0.3363678839419318,-6.506655168164798,,,,,,,,,
0.03496310450245755,0.33588629314653423,-6.505540796908917,,,,,,,,,
0.03503714497769065,0.33540470235113645,-6.466652520707157,,,,,,,,,
0.035112060720912656,0.3349231115557389,-6.428432458722455,,,,,,,,,
0.035186976464134656,0.33444152076034117,-6.428432458723364,,,,,,,,,
0.035261892207356656,0.33395992996494356,-6.428432458722,,,,,,,,,
0.035336807950578655,0.333478339169546,-6.428432458722,,,,,,,,,
0.03541172369380066,0.3329967483741483,-6.428432458722455,,,,,,,,,
0.03548663943702267,0.33251515757875066,-6.428432458722455,,,,,,,,,
0.03556155518024466,0.33203356678335305,-6.428432458723364,,,,,,,,,
0.03563647092346667,0.3315519759879553,-6.428432458722455,,,,,,,,,
0.03571138666668867,0.3310703851925577,-6.428432458722909,,,,,,,,,
0.03578630240991067,0.33058879439716005,-6.428432458722455,,,,,,,,,
0.03586121815313267,0.3301072036017625,-6.428432458722455,,,,,,,,,
0.03593613389635467,0.3296256128063648,-6.428432458722455,,,,,,,,,
0.036011049639576666,0.32914402201096715,-6.32025238019969,,,,,,,,,
0.03608862253611167,0.32866243121556954,-6.156366696953228,,,,,,,,,
0.03616752516536773,0.32818084042017187,-6.103608966372121,,,,,,,,,
0.03624642779462379,0.32769924962477426,-6.103608966372576,,,,,,,,,
0.03632533042387986,0.32721765882937653,-6.103608966372576,,,,,,,,,
0.03640423305313591,0.3267360680339789,-6.103608966371667,,,,,,,,,
0.036483135682391976,0.32625447723858136,-6.103608966372576,,,,,,,,,
0.03656203831164803,0.32577288644318364,-6.103608966372576,,,,,,,,,
0.0366409409409041,0.32529129564778597,-6.103608966372121,,,,,,,,,
0.03671984357016016,0.32480970485238847,-6.103608966371667,,,,,,,,,
0.03679874619941623,0.32432811405699075,-6.103608966373486,,,,,,,,,
0.03687764882867228,0.323846523261593,-6.103608966372576,,,,,,,,,
0.036956551457928345,0.32336493246619546,-6.103608966371439,,,,,,,,,
0.037035454087184415,0.3228833416707978,-6.119622463324504,,,,,,,,,
0.03711394592445826,0.32240175087540013,-6.135881340701417,,,,,,,,,
0.037192429351672586,0.32192016008000246,-6.136210057220296,,,,,,,,,
0.037270912778886896,0.3214385692846049,-6.136210057220524,,,,,,,,,
0.03734939620610121,0.32095697848920723,-6.136210057221433,,,,,,,,,
0.03742787963331552,0.32047538769380957,-6.136210057220751,,,,,,,,,
0.03750636306052984,0.31999379689841195,-6.136210057221206,,,,,,,,,
0.03758484648774415,0.3195122061030143,-6.136210057220978,,,,,,,,,
0.03766332991495847,0.31903061530761667,-6.136210057220751,,,,,,,,,
0.03774181334217278,0.31854902451221895,-6.136210057220978,,,,,,,,,
0.0378202967693871,0.3180674337168214,-6.136210057220524,,,,,,,,,
0.037898780196601416,0.3175858429214237,-6.136210057220978,,,,,,,,,
0.037977263623815725,0.3171042521260261,-6.11054786132604,,,,,,,,,
0.0380564118653753,0.3166226613306284,-6.000638035871361,,,,,,,,,
0.038137841640209336,0.3161410705352308,-5.914185522176922,,,,,,,,,
0.038219271415043374,0.3156594797398332,-5.914185522177377,,,,,,,,,
0.03830070118987741,0.3151778889444355,-5.9141855221778314,,,,,,,,,
0.03838213096471145,0.3146962981490379,-5.914185522177149,,,,,,,,,
0.03846356073954548,0.31421470735364027,-5.9141855221778314,,,,,,,,,
0.038544990514379526,0.31373311655824254,-5.914185522177377,,,,,,,,,
0.03862642028921357,0.31325152576284493,-5.914185522177377,,,,,,,,,
0.0387078500640476,0.31276993496744726,-5.914185522177149,,,,,,,,,
0.03878927983888165,0.3122883441720497,-5.914185522177604,,,,,,,,,
0.03887070961371568,0.311806753376652,-5.9141855221778314,,,,,,,,,
0.038952139388549724,0.31132516258125437,-5.914185522177604,,,,,,,,,
0.039033569163383755,0.3108435717858567,-5.850735100542352,,,,,,,,,
0.03911680472914767,0.31036198099045903,-5.7813686659005725,,,,,,,,,
0.03920017032999525,0.3098803901950615,-5.776852688653662,,,,,,,,,
0.03928353593084285,0.30939879939966375,-5.776852688654117,,,,,,,,,
0.03936690153169043,0.3089172086042662,-5.776852688653662,,,,,,,,,
0.03945026713253802,0.3084356178088685,-5.776852688653889,,,,,,,,,
0.039533632733385615,0.30795402701347085,-5.776852688654344,,,,,,,,,
0.0396169983342332,0.3074724362180732,-5.776852688653207,,,,,,,,,
0.039700363935080786,0.3069908454226757,-5.776852688653435,,,,,,,,,
0.039783729535928375,0.30650925462727796,-5.7768526886545715,,,,,,,,,
0.039867095136775964,0.3060276638318803,-5.776852688654344,,,,,,,,,
0.039950460737623546,0.3055460730364827,-5.776852688654117,,,,,,,,,
0.04003382633847114,0.30506448224108496,-5.774659616424742,,,,,,,,,
0.04011725530783596,0.3045828914456873,-5.772288333613233,,,,,,,,,
0.04020068938080886,0.3041013006502898,-5.772111779249599,,,,,,,,,
0.04028412345378174,0.3036197098548921,-5.772111779250736,,,,,,,,,
0.04036755752675464,0.30313811905949445,-5.772111779249826,,,,,,,,,
0.04045099159972753,0.30265652826409684,-5.772111779250736,,,,,,,,,
0.040534425672700415,0.3021749374686991,-5.772111779250736,,,,,,,,,
0.04061785974567331,0.3016933466733015,-5.772111779250054,,,,,,,,,
0.04070129381864619,0.3012117558779039,-5.772111779250281,,,,,,,,,
0.04078472789161909,0.3007301650825062,-5.772111779250281,,,,,,,,,
0.04086816196459197,0.3002485742871086,-5.772111779250281,,,,,,,,,
0.04095159603756487,0.29976698349171094,-5.772111779250281,,,,,,,,,
0.04103503011053775,0.29928539269631327,-5.640543447542768,,,,,,,,,
0.041122551825159774,0.29880380190091566,-5.49260720098664,,,,,,,,,
0.04121039089359994,0.29832221110551804,-5.482649166819556,,,,,,,,,
0.04129822996204009,0.2978406203101204,-5.482649166819556,,,,,,,,,
0.041386069030480255,0.2973590295147227,-5.482649166819556,,,,,,,,,
0.0414739080989204,0.2968774387193251,-5.482649166819783,,,,,,,,,
0.041561747167360566,0.2963958479239275,-5.482649166820011,,,,,,,,,
0.04164958623580072,0.29591425712852976,-5.482649166819783,,,,,,,,,
0.041737425304240884,0.29543266633313214,-5.482649166819556,,,,,,,,,
0.04182526437268104,0.29495107553773453,-5.4826491668193285,,,,,,,,,
0.0419131034411212,0.29446948474233686,-5.482649166820238,,,,,,,,,
0.04200094250956135,0.29398789394693914,-5.441014296498224,,,,,,,,,
0.04209014693239278,0.2935063031515416,-5.36312370795531,,,,,,,,,
0.04218055195394647,0.29302471235614397,-5.327035900452074,,,,,,,,,
0.042270956975500144,0.2925431215607463,-5.327035900453438,,,,,,,,,
0.04236136199705383,0.29206153076534863,-5.327035900452984,,,,,,,,,
0.0424517670186075,0.291579939969951,-5.327035900452302,,,,,,,,,
0.04254217204016118,0.2910983491745534,-5.327035900452984,,,,,,,,,
0.04263257706171485,0.29061675837915574,-5.327035900453211,,,,,,,,,
0.04272298208326854,0.290135167583758,-5.327035900452074,,,,,,,,,
0.042813387104822215,0.28965357678836046,-5.327035900452302,,,,,,,,,
0.04290379212637589,0.2891719859929628,-5.327035900452756,,,,,,,,,
0.042994197147929576,0.2886903951975652,-5.3158626466633905,,,,,,,,,
0.04308498381647322,0.28820880440216756,-5.291634077027311,,,,,,,,,
0.04317621904807485,0.2877272136067699,-5.278561658072022,,,,,,,,,
0.04326745427967647,0.2872456228113722,-5.278561658072249,,,,,,,,,
0.0433586895112781,0.28676403201597456,-5.2785616580713395,,,,,,,,,
0.043449924742879724,0.286282441220577,-5.2785616580713395,,,,,,,,,
0.04354115997448135,0.28580085042517933,-5.278561658072249,,,,,,,,,
0.04363239520608298,0.2853192596297816,-5.278561658072022,,,,,,,,,
0.043723630437684596,0.284837668834384,-5.278561658071794,,,,,,,,,
0.04381486566928622,0.28435607803898644,-5.278561658071794,,,,,,,,,
0.04390610090088785,0.2838744872435887,-5.278561658071794,,,,,,,,,
0.043997336132489476,0.2833928964481911,-5.217506697512135,,,,,,,,,
0.04409075842201292,0.28291130565279343,-5.093959288142742,,,,,,,,,
0.0441864748740386,0.2824297148573958,-5.031431746638191,,,,,,,,,
0.0442821913260643,0.28194812406199815,-5.031431746637963,,,,,,,,,
0.044377907778089996,0.28146653326660054,-5.031431746638418,,,,,,,,,
0.04447362423011568,0.28098494247120287,-5.031431746638191,,,,,,,,,
0.04456934068214138,0.28050335167580526,-5.031431746638418,,,,,,,,,
0.044665057134167074,0.28002176088040753,-5.031431746638873,,,,,,,,,
0.04476077358619276,0.2795401700850099,-5.031431746638418,,,,,,,,,
0.04485649003821844,0.2790585792896123,-5.031431746637963,,,,,,,,,
0.04495220649024414,0.2785769884942147,-5.028766094915909,,,,,,,,,
0.0450480245249038,0.278095397698817,-4.944390837603578,,,,,,,,,
0.04514711953027963,0.2776138069034194,-4.85988969445134,,,,,,,,,
0.04524621453565547,0.2771322161080217,-4.859889694451567,,,,,,,,,
0.04534530954103132,0.27665062531262413,-4.85988969445043,,,,,,,,,
0.04544440454640716,0.2761690345172265,-4.8598896944511125,,,,,,,,,
0.045543499551783,0.2756874437218288,-4.859889694451567,,,,,,,,,
0.04564259455715885,0.2752058529264312,-4.859889694450885,,,,,,,,,
0.045741689562534694,0.2747242621310335,-4.859889694450885,,,,,,,,,
0.045840784567910534,0.2742426713356359,-4.859889694451567,,,,,,,,,
0.045939879573286366,0.27376108054023823,-4.85988969445134,,,,,,,,,
0.04603897457866222,0.2732794897448406,-4.848313512764435,,,,,,,,,
0.046138545072817276,0.27279789894944295,-4.835794835780462,,,,,,,,,
0.046238152105487,0.27231630815404534,-4.834907561140653,,,,,,,,,
0.04633775913815673,0.27183471735864767,-4.834907561139744,,,,,,,,,
0.04643736617082648,0.27135312656325006,-4.834907561140199,,,,,,,,,
0.0465369732034962,0.2708715357678524,-4.834907561140653,,,,,,,,,
0.046636580236165924,0.2703899449724548,-4.834907561140653,,,,,,,,,
0.04673618726883566,0.2699083541770571,-4.834907561140426,,,,,,,,,
0.0468357943015054,0.26942676338165944,-4.834907561140426,,,,,,,,,
0.04693540133417513,0.2689451725862618,-4.834907561140199,,,,,,,,,
0.04703500836684485,0.2684635817908642,-4.768659413619844,,,,,,,,,
0.047137463219236106,0.2679819909954665,-4.691587391600251,,,,,,,,,
0.047240309582829015,0.2675004002000688,-4.682623464490234,,,,,,,,,
0.047343155946421904,0.26701880940467126,-4.682623464490007,,,,,,,,,
0.047446002310014807,0.26653721860927365,-4.682623464490689,,,,,,,,,
0.04754884867360771,0.26605562781387593,-4.682623464490916,,,,,,,,,
0.047651695037200605,0.2655740370184783,-4.682623464490916,,,,,,,,,
0.04775454140079349,0.26509244622308065,-4.682623464490689,,,,,,,,,
0.047857387764386396,0.264610855427683,-4.682623464490462,,,,,,,,,
0.0479602341279793,0.26412926463228537,-4.672570278098647,,,,,,,,,
0.04806352496286284,0.26364767383688775,-4.606019517379991,,,,,,,,,
0.04816941223300502,0.2631660830414901,-4.548146295120887,,,,,,,,,
0.04827529950314721,0.26268449224609247,-4.5481462951206595,,,,,,,,,
0.048381186773289404,0.2622029014506948,-4.548146295120887,,,,,,,,,
0.04848707404343159,0.2617213106552972,-4.548146295120432,,,,,,,,,
0.04859296131357378,0.2612397198598996,-4.5481462951206595,,,,,,,,,
0.048698848583715974,0.26075812906450185,-4.548146295121342,,,,,,,,,
0.04880473585385815,0.2602765382691042,-4.548146295120887,,,,,,,,,
0.04891062312400033,0.25979494747370663,-4.548146295120887,,,,,,,,,
0.04901651039414252,0.2593133566783089,-4.509408036759851,,,,,,,,,
0.04912424900849911,0.2588317658829113,-4.453148287776685,,,,,,,,,
0.04923280890966951,0.2583501750875137,-4.436175698444231,,,,,,,,,
0.049341368810839906,0.25786858429211607,-4.436175698444231,,,,,,,,,
0.049449928712010316,0.2573869934967184,-4.4361756984440035,,,,,,,,,
0.049558488613180726,0.25690540270132073,-4.436175698444231,,,,,,,,,
0.04966704851435112,0.2564238119059231,-4.436175698443549,,,,,,,,,
0.04977560841552153,0.2559422211105255,-4.436175698443776,,,,,,,,,
0.04988416831669194,0.25546063031512783,-4.436175698444686,,,,,,,,,
0.04999272821786234,0.25497903951973017,-4.418394651888548,,,,,,,,,
0.050102168997860415,0.2544974487243325,-4.380921915957288,,,,,,,,,
0.05021259524802434,0.2540158579289349,-4.361198489333447,,,,,,,,,
0.050323021498188264,0.2535342671335372,-4.361198489333447,,,,,,,,,
0.05043344774835218,0.2530526763381396,-4.361198489333674,,,,,,,,,
0.05054387399851609,0.25257108554274194,-4.361198489333901,,,,,,,,,
0.05065430024868001,0.25208949474734427,-4.361198489332992,,,,,,,,,
0.05076472649884394,0.2516079039519467,-4.361198489333447,,,,,,,,,
0.05087515274900785,0.25112631315654904,-4.361198489333219,,,,,,,,,
0.05098557899917178,0.25064472236115143,-4.341159945974823,,,,,,,,,
0.05109703423545065,0.25016313156575376,-4.292461770767204,,,,,,,,,
0.051209988104446186,0.24968154077035612,-4.26360601615761,,,,,,,,,
0.05132294197344172,0.24919994997495845,-4.26360601615761,,,,,,,,,
0.05143589584243726,0.2487183591795608,-4.26360601615761,,,,,,,,,
0.051548849711432795,0.24823676838416314,-4.263606016157382,,,,,,,,,
0.05166180358042834,0.24775517758876556,-4.26360601615761,,,,,,,,,
0.05177475744942387,0.24727358679336786,-4.26360601615761,,,,,,,,,
0.05188771131841941,0.24679199599797028,-4.263606016157382,,,,,,,,,
0.05200066518741495,0.24631040520257258,-4.231781259863283,,,,,,,,,
0.05211534412116083,0.24582881440717494,-4.173597046861914,,,,,,,,,
0.05223146287920448,0.2453472236117773,-4.147398779589139,,,,,,,,,
0.052347581637248126,0.24486563281637969,-4.147398779589366,,,,,,,,,
0.052463700395291774,0.244384042020982,-4.147398779589139,,,,,,,,,
0.05257981915333542,0.2439024512255844,-4.147398779588912,,,,,,,,,
0.05269593791137907,0.24342086043018676,-4.147398779589366,,,,,,,,,
0.052812056669422715,0.2429392696347891,-4.147398779589366,,,,,,,,,
0.05292817542746636,0.24245767883939146,-4.147398779589366,,,,,,,,,
0.05304429418551001,0.24197608804399381,-4.127497564200212,,,,,,,,,
0.053161543660938365,0.2414944972485962,-4.105788668716059,,,,,,,,,
0.0532788853850059,0.2410129064531985,-4.104173508823578,,,,,,,,,
0.05339622710907343,0.2405313156578009,-4.104173508823578,,,,,,,,,
0.05351356883314096,0.2400497248624032,-4.104173508823351,,,,,,,,,
0.05363091055720849,0.23956813406700564,-4.1041735088231235,,,,,,,,,
0.05374825228127603,0.239086543271608,-4.104173508823919,,,,,,,,,
0.053865594005343555,0.23860495247621027,-4.104173508823578,,,,,,,,,
0.05398293572941109,0.2381233616808127,-4.058175103310759,,,,,,,,,
0.054102999965978095,0.23764177088541502,-3.944657697952607,,,,,,,,,
0.054227253001512564,0.23716018009001738,-3.8758875654514213,,,,,,,,,
0.05435150603704703,0.23667858929461974,-3.8758875654517624,,,,,,,,,
0.054475759072581495,0.2361969984992221,-3.875887565451876,,,,,,,,,
0.05460001210811596,0.2357154077038244,-3.8758875654516487,,,,,,,,,
0.05472426514365042,0.23523381690842682,-3.8758875654513076,,,,,,,,,
0.05484851817918488,0.2347522261130292,-3.8758875654516487,,,,,,,,,
0.05497277121471934,0.23427063531763154,-3.860986162614381,,,,,,,,,
0.05509799084484788,0.23378904452223392,-3.8175154318238356,,,,,,,,,
0.055225105558140884,0.23330745372683628,-3.788631409548657,,,,,,,,,
0.05535222027143389,0.23282586293143862,-3.788631409548998,,,,,,,,,
0.0554793349847269,0.23234427213604092,-3.788631409548202,,,,,,,,,
0.055606449698019915,0.23186268134064336,-3.788631409548202,,,,,,,,,
0.05573356441131293,0.23138109054524567,-3.788631409548316,,,,,,,,,
0.05586067912460593,0.23089949974984805,-3.788631409548543,,,,,,,,,
0.05598779383789894,0.23041790895445038,-3.768181854402542,,,,,,,,,
0.0561163034525337,0.22993631815905272,-3.724356506278582,,,,,,,,,
0.0562464309944879,0.22945472736365513,-3.700913643378726,,,,,,,,,
0.0563765585364421,0.2289731365682575,-3.700913643378726,,,,,,,,,
0.056506686078396304,0.22849154577285982,-3.700913643378726,,,,,,,,,
0.05663681362035051,0.22800995497746218,-3.7009136433789536,,,,,,,,,
0.056766941162304706,0.22752836418206454,-3.7009136433786125,,,,,,,,,
0.05689706870425892,0.2270467733866669,-3.700913643378385,,,,,,,,,
0.05702719624621312,0.2265651825912693,-3.645204780029303,,,,,,,,,
0.05716142865592225,0.22608359179587162,-3.5716222260233508,,,,,,,,,
0.05729688355167646,0.22560200100047392,-3.555359093638913,,,,,,,,,
0.057432338447430675,0.22512041020507634,-3.5553590936385717,,,,,,,,,
0.057567793343184896,0.22463881940967867,-3.555359093638799,,,,,,,,,
0.05770324823893911,0.22415722861428103,-3.555359093638799,,,,,,,,,
0.057838703134693324,0.2236756378188834,-3.555359093638799,,,,,,,,,
0.05797415803044754,0.22319404702348575,-3.5222294428417626,,,,,,,,,
0.058112210401463193,0.22271245622808808,-3.437424896588709,,,,,,,,,
0.05825448988533934,0.2222308654326905,-3.3848224795137867,,,,,,,,,
0.05839676936921551,0.22174927463729283,-3.3848224795137867,,,,,,,,,
0.058539048853091656,0.22126768384189519,-3.3848224795139004,,,,,,,,,
0.05868132833696781,0.22078609304649754,-3.3848224795141277,,,,,,,,,
0.05882360782084396,0.22030450225109988,-3.3848224795139004,,,,,,,,,
0.05896588730472012,0.21982291145570226,-3.3415617139211236,,,,,,,,,
0.059111950026286914,0.21934132066030465,-3.221781992044953,,,,,,,,,
0.05926519065846043,0.21885972986490698,-3.1427095318449574,,,,,,,,,
0.05941843129063395,0.2183781390695093,-3.1427095318448437,,,,,,,,,
0.05957167192280747,0.2178965482741117,-3.1427095318449574,,,,,,,,,
0.05972491255498099,0.21741495747871398,-3.1427095318448437,,,,,,,,,
0.05987815318715452,0.21693336668331636,-3.1427095318446163,,,,,,,,,
0.06003139381932803,0.21645177588791875,-3.0580288608330193,,,,,,,,,
0.06019363437924518,0.21597018509252114,-2.9497865848203446,,,,,,,,,
0.06035794594342158,0.21548859429712344,-2.9309610544552243,,,,,,,,,
0.060522257507597974,0.21500700350172583,-2.9309610544552243,,,,,,,,,
0.060686569071774374,0.2145254127063282,-2.9309610544551106,,,,,,,,,
0.060850880635950774,0.21404382191093055,-2.9309610544551106,,,,,,,,,
0.061015192200127175,0.2135622311155329,-2.8101753059476096,,,,,,,,,
0.061195025855492635,0.21308064032013527,-2.6353813437119697,,,,,,,,,
0.061380870692827626,0.21259904952473763,-2.591359557271744,,,,,,,,,
0.06156671553016263,0.21211745872933996,-2.5913595572716304,,,,,,,,,
0.06175256036749762,0.21163586793394235,-2.591359557271744,,,,,,,,,
0.06193840520483261,0.21115427713854465,-2.499781259370309,,,,,,,,,
0.06213898948729432,0.21067268634314706,-2.258314778893123,,,,,,,,,
0.06236888222226695,0.2101910955477494,-2.0948499980001998,,,,,,,,,
0.06259877495723958,0.20970950475235173,-2.0948499980000292,,,,,,,,,
0.0628286676922122,0.20922791395695411,-2.0948499980000292,,,,,,,,,
0.06305856042718481,0.20874632316155647,-1.8664543470645754,,,,,,,,,
0.06336733341473773,0.20826473236615883,-1.5557425265521942,,,,,,,,,
0.06367768219934992,0.20778314157076117,-1.5517727771978116,,,,,,,,,
0.06398803098396215,0.20730155077536352,-1.377482999780682,,,,,,,,,
0.06441036723512181,0.20681995997996588,-1.0969944117311172,,,,,,,,,
0.0648690422883784,0.20633836918456827,-0.9173913858455478,,,,,,,,,
0.06553280549881974,0.20585677838917063,-0.6291749146718502,,,,,,,,,
0.06652575751558872,0.20537518759377296,-0.40241058533661445,,,,,,,,,
0.0686974273212367,0.2048935967983753,-0.19492017652322247,,,,,,,,,
0.0717646681193732,0.2044120060029777,-0.14151472765462358,,,,,,,,,
0.07572879954170122,0.20393041520758004,-0.1163228584055851,,,,,,,,,
0.08008106136336342,0.20344882441218237,-0.11491928947560481,,,,,,,,,
0.08413178700155902,0.20296723361678473,-0.12066031321608861,,,,,,,,,
0.08806699103842279,0.2024856428213871,-0.12859813423808575,,,,,,,,,
0.09165384005093435,0.20200405202598948,-0.13831564191891843,,,,,,,,,
0.0950419556940495,0.2015224612305918,-0.15133174028815688,,,,,,,,,
0.09806093661974032,0.20104087043519417,-0.16841778347212255,,,,,,,,,
0.1007901067210593,0.20055927963979656,-0.19186669569090498,,,,,,,,,
0.10313795247063588,0.20007768884439892,-0.22671249212216082,,,,,,,,,
0.105105199144451,0.19959609804900125,-0.2481436634844485,,,,,,,,,
0.10702087053922979,0.19911450725360363,-0.2546506524235497,,,,,,,,,
0.10888876982473589,0.198632916458206,-0.26535902751882645,,,,,,,,,
0.11065615456742046,0.19815132566280833,-0.2823934000024906,,,,,,,,,
0.11230742742347728,0.1976697348674107,-0.3097475912871346,,,,,,,,,
0.11378495988831813,0.19718814407201302,-0.3440132097953068,,,,,,,,,
0.115121383089263,0.1967065532766154,-0.38143003760892213,,,,,,,,,
0.11632417232116449,0.1962249624812178,-0.4059717200388917,,,,,,,,,
0.11749478887129533,0.19574337168582012,-0.409377728471398,,,,,,,,,
0.11867708253301296,0.19526178089042245,-0.40424078751655657,,,,,,,,,
0.11987776541321753,0.19478019009502487,-0.4044434096160927,,,,,,,,,
0.12105890234912053,0.19429859929962723,-0.42420468216053564,,,,,,,,,
0.1221547104656149,0.19381700850422953,-0.4592634712491446,,,,,,,,,
0.12316334334675308,0.19333541770883192,-0.49031315372359074,,,,,,,,,
0.12412170016544673,0.19285382691343422,-0.5061830228326301,,,,,,,,,
0.12506637280122856,0.1923722361180366,-0.5173985120583637,,,,,,,,,
0.12598406716136085,0.19189064532263897,-0.5316382197547256,,,,,,,,,
0.1268786841768746,0.19140905452724133,-0.5463397694980472,,,,,,,,,
0.12774777751333857,0.1909274637318437,-0.5619992031138565,,,,,,,,,
0.1285931870553997,0.19044587293644608,-0.5754514500714549,,,,,,,,,
0.12942189500195628,0.1899642821410484,-0.5848790084214812,,,,,,,,,
0.13024012522262093,0.18948269134565077,-0.5937965159210563,,,,,,,,,
0.13104421498185068,0.1890011005502531,-0.6089750018550291,,,,,,,,,
0.1318226037130214,0.1885195097548555,-0.6244106426452163,,,,,,,,,
0.1325870134062665,0.18803791895945784,-0.6352926229898799,,,,,,,,,
0.133338932225819,0.1875563281640602,-0.6464519003149576,,,,,,,,,
0.13407721387921068,0.18707473736866254,-0.6588253214624444,,,,,,,,,
0.13480118055839127,0.18659314657326487,-0.6649856097683937,,,,,,,,,
0.1355256389257569,0.18611155577786728,-0.6650701784479622,,,,,,,,,
0.1362494217232853,0.18562996498246961,-0.67066975426809,,,,,,,,,
0.13696196370029934,0.18514837418707195,-0.6856533441460329,,,,,,,,,
0.137654742161641,0.18466678339167433,-0.7022069678960179,,,,,,,,,
0.13833388391782497,0.1841851925962767,-0.718411832899676,,,,,,,,,
0.13899588952515238,0.18370360180087905,-0.7281182327336921,,,,,,,,,
0.13965672279270602,0.18322201100548138,-0.7290708294672186,,,,,,,,,
0.14031699838745126,0.18274042021008374,-0.7297316897752069,,,,,,,,,
0.1409766353786915,0.1822588294146861,-0.7285722897271114,,,,,,,,,
0.14163902221244404,0.18177723861928846,-0.7275195247262616,,,,,,,,,
0.1423005618807626,0.1812956478238908,-0.7310663236403059,,,,,,,,,
0.14295657098030298,0.18081405702849318,-0.742281699419209,,,,,,,,,
0.14359846463820836,0.18033246623309557,-0.7548845139649529,,,,,,,,,
0.1442325977481687,0.17985087543769793,-0.7674466207041633,,,,,,,,,
0.14485377889428033,0.17936928464230026,-0.7784991190150379,,,,,,,,,
0.14546986852881036,0.17888769384690262,-0.7845745009468033,,,,,,,,,
0.14608146020202287,0.17840610305150498,-0.7998948963863484,,,,,,,,,
0.14667457062190087,0.1779245122561073,-0.814700902903553,,,,,,,,,
0.14726373827684291,0.1774429214607097,-0.8223634488556115,,,,,,,,,
0.14784589054922526,0.17696133066531203,-0.8240825544530139,,,,,,,,,
0.1484325658816858,0.1764797398699144,-0.8175063631769888,,,,,,,,,
0.14902412565607628,0.1759981490745168,-0.823111274683157,,,,,,,,,
0.1496030120846818,0.17551655827911913,-0.8342295750603341,,,,,,,,,
0.1501787193374187,0.17503496748372147,-0.8335100200780516,,,,,,,,,
0.15075861535026386,0.17455337668832382,-0.8291659016046822,,,,,,,,,
0.15134035228324028,0.17407178589292624,-0.8251325670329663,,,,,,,,,
0.1519259461026417,0.17359019509752854,-0.8214340722570341,,,,,,,,,
0.15251291655657584,0.17310860430213093,-0.819864300270865,,,,,,,,,
0.15310075349258132,0.17262701350673323,-0.8222304619192755,,,,,,,,,
0.1536843722643528,0.17214542271133562,-0.823711060522129,,,,,,,,,
0.1542700806862216,0.17166383191593795,-0.8151504627424515,,,,,,,,,
0.15486615381538585,0.17118224112054037,-0.8129110488050912,,,,,,,,,
0.15545502311418669,0.1707006503251427,-0.8226132801357267,,,,,,,,,
0.1560371125110285,0.17021905952974506,-0.8253788701835276,,,,,,,,,
0.15662199339706706,0.16973746873434742,-0.821441825671485,,,,,,,,,
0.1572096758718884,0.16925587793894975,-0.804890830855669,,,,,,,,,
0.15781947093391116,0.16877428714355217,-0.7785584278230431,,,,,,,,,
0.15844733816143095,0.1682926963481545,-0.7539497843113452,,,,,,,,,
0.15909778242552244,0.16781110555275686,-0.7376147116188321,,,,,,,,,
0.15975318159283639,0.1673295147573592,-0.7324634799250589,,,,,,,,,
0.16041279871826367,0.16684792396196155,-0.7268029265294587,,,,,,,,,
0.1610784676158154,0.16636633316656388,-0.7192593832877492,,,,,,,,,
0.16175202124259216,0.1658847423711663,-0.7156261173371803,,,,,,,,,
0.16242439817904195,0.16540315157576863,-0.7181616776494764,,,,,,,,,
0.16309321666057003,0.16492156078037098,-0.7262162168175053,,,,,,,,,
0.1637508869586115,0.16443996998497334,-0.7336355125846552,,,,,,,,,
0.16440611420240842,0.16395837918957568,-0.7360909364532091,,,,,,,,,
0.16505940167659874,0.16347678839417806,-0.7460871927331993,,,,,,,,,
0.16569745102818292,0.16299519759878037,-0.7588073683595553,,,,,,,,,
0.1663288083394868,0.16251360680338278,-0.7693284594377587,,,,,,,,,
0.16694960618261162,0.1620320160079851,-0.7759460521758115,,,,,,,,,
0.16757010816636167,0.1615504252125875,-0.7762045953331835,,,,,,,,,
0.16819049243080322,0.16106883441718983,-0.7755764091248807,,,,,,,,,
0.1688120014984733,0.16058724362179222,-0.7767299506852225,,,,,,,,,
0.16943055346399707,0.16010565282639455,-0.7811168968830771,,,,,,,,,
0.17004510990972066,0.1596240620309969,-0.7955442362192571,,,,,,,,,
0.17064180072113724,0.15914247123559927,-0.8125523387568307,,,,,,,,,
0.17123059306187804,0.15866088044020163,-0.8389458391124833,,,,,,,,,
0.17179126164551564,0.158179289644804,-0.8590668102284837,,,,,,,,,
0.17235178830559306,0.15769769884940635,-0.85940621089253,,,,,,,,,
0.1729120142271167,0.1572161080540087,-0.8607250978847674,,,,,,,,,
0.17347082696883195,0.15673451725861107,-0.8627654409640115,,,,,,,,,
0.17402840565737634,0.1562529264632134,-0.8663344795457704,,,,,,,,,
0.17458263664371854,0.15577133566781579,-0.8698670786498042,,,,,,,,,
0.17513568264334067,0.15528974487241812,-0.8770442989500964,,,,,,,,,
0.17568095970444575,0.1548081540770205,-0.8849702983432621,,,,,,,,,
0.17622406858956416,0.1543265632816228,-0.9001446020602941,,,,,,,,,
0.1767514514944204,0.1538449724862252,-0.9162468521611231,,,,,,,,,
0.17727531711867447,0.15336338169082755,-0.9327899879977792,,,,,,,,,
0.17778445288257128,0.15288179089542994,-0.9453216152390382,,,,,,,,,
0.17829421089380346,0.15240020010003227,-0.9427890532769254,,,,,,,,,
0.1788060917152076,0.15191860930463463,-0.9399564570560699,,,,,,,,,
0.17931892138465502,0.15143701850923696,-0.9367673161958407,,,,,,,,,
0.1798343016322909,0.15095542771383935,-0.9286336137475075,,,,,,,,,
0.1803562064842573,0.1504738369184417,-0.9114234485991233,,,,,,,,,
0.18089142518897422,0.14999224612304404,-0.8902917742855436,,,,,,,,,
0.18143833071733798,0.1495106553276464,-0.8698759658544191,,,,,,,,,
0.18199903193445185,0.1490290645322488,-0.8396044508149743,,,,,,,,,
0.18258678982325605,0.14854747373685112,-0.8103014375512743,,,,,,,,,
0.1831880073484583,0.14806588294145348,-0.7744504049914553,,,,,,,,,
0.1838336481844184,0.14758429214605584,-0.7398056812509424,,,,,,,,,
0.1844901263550387,0.14710270135065817,-0.7266117901568521,,,,,,,,,
0.185159477496461,0.14662111055526053,-0.6997237889789716,,,,,,,,,
0.18586897954420778,0.1461395197598629,-0.6635910704777359,,,,,,,,,
0.18661254197970328,0.14565792896446528,-0.6336177035286426,,,,,,,,,
0.1873906804998169,0.14517633816906764,-0.6093832097511154,,,,,,,,,
0.18819392322341932,0.14469474737367,-0.5872066772879521,,,,,,,,,
0.18903247555713143,0.14421315657827236,-0.5647439893294859,,,,,,,,,
0.18990045689920237,0.1437315657828747,-0.5520092171943105,,,,,,,,,
0.1907774333433566,0.14324997498747707,-0.5479654198340995,,,,,,,,,
0.19165821493166987,0.1427683841920794,-0.546828202239567,,,,,,,,,
0.19253883044024475,0.14228679339668177,-0.5499781655762916,,,,,,,,,
0.1934096336557382,0.14180520260128412,-0.5598719442017455,,,,,,,,,
0.19425969109083857,0.14132361180588648,-0.5805430804594636,,,,,,,,,
0.19507058401482105,0.14084202101048884,-0.6040182053570504,,,,,,,,,
0.1958551810826511,0.1403604302150912,-0.6222179295149743,,,,,,,,,
0.19661911638194784,0.1398788394196936,-0.6382986657990415,,,,,,,,,
0.19736461406046538,0.13939724862429592,-0.6551624827103097,,,,,,,,,
0.1980898178895531,0.13891565782889828,-0.6722628997068085,,,,,,,,,
0.19879777453847425,0.13843406703350064,-0.6846627245553805,,,,,,,,,
0.19949673023588818,0.137952476238103,-0.6929738745217975,,,,,,,,,
0.20018778908585408,0.13747088544270536,-0.7111863258846967,,,,,,,,,
0.20085211520705687,0.13698929464730772,-0.7339229356995247,,,,,,,,,
0.20150054814630453,0.13650770385191005,-0.7528825675306194,,,,,,,,,
0.20213189640884618,0.1360261130565124,-0.7675341939318656,,,,,,,,,
0.20275554640490015,0.1355445222611148,-0.7736811784752149,,,,,,,,,
0.20337683880377483,0.1350629314657171,-0.7773851523985087,,,,,,,,,
0.20399456867536025,0.1345813406703195,-0.7911757065600966,,,,,,,,,
0.20459474982982484,0.13409974987492185,-0.8085732991624468,,,,,,,,,
0.20518591631731448,0.1336181590795242,-0.832873721195341,,,,,,,,,
0.20575226894968476,0.13313656828412657,-0.8487169019080625,,,,,,,,,
0.2063207925498807,0.13265497748872893,-0.8382607744558044,,,,,,,,,
0.20690155332680474,0.13217338669333126,-0.8487302022068519,,,,,,,,,
0.20745678916361554,0.13169179589793364,-0.8913172493482477,,,,,,,,,
0.2079836658531593,0.13121020510253598,-0.9453934908160022,,,,,,,,,
0.20847771380832478,0.13072861430713836,-1.0007276516634533,,,,,,,,,
0.20894738000961874,0.1302470235117407,-1.018206976452774,,,,,,,,,
0.2094237678631288,0.12976543271634308,-1.0021717422557117,,,,,,,,,
0.2099086235294213,0.12928384192094544,-0.9713061147013633,,,,,,,,,
0.21041646744992812,0.12880225112554777,-0.9166139507399009,,,,,,,,,
0.21096214074601946,0.12832066033015013,-0.8256509482617247,,,,,,,,,
0.2115962135958151,0.12783906953475246,-0.705445624141106,,,,,,,,,
0.21234703936902025,0.12735747873935485,-0.5704150891000452,,,,,,,,,
0.2133621446571993,0.1268758879439572,-0.5073208181920279,,,,,,,,,
0.2142599390150701,0.12639429714855957,-0.6441160866018123,,,,,,,,,
0.21492519246960792,0.1259127063531619,-0.7376250966558331,,,,,,,,,
0.21556659676221154,0.1254311155577643,-0.7621085752204522,,,,,,,,,
0.21618956759705177,0.12494952476236665,-0.7516276996346676,,,,,,,,,
0.2168502744981917,0.12446793396696901,-0.6960748032568773,,,,,,,,,
0.21758016795442062,0.12398634317157133,-0.6149112382422004,,,,,,,,,
0.21843675691059633,0.12350475237617371,-0.5167805578207023,,,,,,,,,
0.21948048285825594,0.12302316158077606,-0.43427206673837304,,,,,,,,,
0.22067487178378725,0.12254157078537842,-0.37106182604522076,,,,,,,,,
0.22212536280186196,0.12205997998998078,-0.2917463915286618,,,,,,,,,
0.2241764463691243,0.12157838919458314,-0.21536266897815892,,,,,,,,,
0.2266907902100199,0.1210967983991855,-0.17453718097229043,,,,,,,,,
0.22983236193320014,0.12061520760378787,-0.16745205839968946,,,,,,,,,
0.23251473845039866,0.12013361680839021,-0.20689873273837023,,,,,,,,,
0.23462323258242657,0.11965202601299256,-0.2314494785493082,,,,,,,,,
0.2366776623092218,0.1191704352175949,-0.23477690620589442,,,,,,,,,
0.23872579168642377,0.11868884442219728,-0.2217269394924628,,,,,,,,,
0.24105847116061824,0.11820725362679964,-0.18539370910632869,,,,,,,,,
0.24410943822973927,0.11772566283140197,-0.1565733458817391,,,,,,,,,
0.24721093294026192,0.11724407203600436,-0.155458437199254,,,,,,,,,
0.25030520493131225,0.1167624812406067,-0.1503255051655863,,,,,,,,,
0.2536355676680195,0.11628089044520906,-0.12517148835119407,,,,,,,,,
0.2586599104315386,0.11579929964981144,-0.0938556929105765,,,,,,,,,
0.2639076469258435,0.1153177088544138,-0.08272988454464514,,,,,,,,,
0.27068563553609426,0.11483611805901614,-0.07028973343060407,,,,,,,,,
0.2776139641283725,0.1143545272636185,-0.06709088237238436,,,,,,,,,
0.285082487523098,0.11387293646822085,-0.06415717019363676,,,,,,,,,
0.2926275893491013,0.11339134567282322,-0.06496070089364014,,,,,,,,,
0.2999183485777284,0.11290975487742556,-0.06635828095864493,,,,,,,,,
0.30714305697168465,0.11242816408202794,-0.06359097652827028,,,,,,,,,
0.3151437569881342,0.11194657328663027,-0.059230449187837486,,,,,,,,,
0.32341355073243505,0.11146498249123261,-0.06097896302968575,,,,,,,,,
0.33099817672872117,0.110983391695835,-0.06506169198476996,,,,,,,,,
0.33823407995568355,0.11050180090043736,-0.06972164781717538,,,,,,,,,
0.34486545472680025,0.1100202101050397,-0.07525125401374488,,,,,,,,,
0.35106293819517326,0.10953861930964207,-0.07479089936651295,,,,,,,,,
0.3577865574550858,0.10905702851424441,-0.06919439090697654,,,,,,,,,
0.36502008356475557,0.10857543771884678,-0.07137742330380092,,,,,,,,,
0.37138997961496933,0.10809384692344914,-0.08555318909611209,,,,,,,,,
0.37653571868084146,0.10761225612805148,-0.09339981284067811,,,,,,,,,
0.38170252307131836,0.10713066533265385,-0.09321252822606318,,,,,,,,,
0.38686889612471403,0.10664907453725621,-0.09094569199209879,,,,,,,,,
0.3923071927052978,0.10616748374185855,-0.08339911351442186,,,,,,,,,
0.3985206408470133,0.10568589294646093,-0.08048944232950106,,,,,,,,,
0.4043044791615846,0.1052043021510633,-0.10255468385133426,,,,,,,,,
0.4084433410215653,0.10472271135566566,-0.11441488027925573,,,,,,,,,
0.4127278380677993,0.104241120560268,-0.1038809421080753,,,,,,,,,
0.4178701539518977,0.10375952976487034,-0.09443608384347968,,,,,,,,,
0.4229285160855606,0.10327793896947271,-0.10592537889398912,,,,,,,,,
0.42712306462471217,0.10279634817407507,-0.11480161459140703,,,,,,,,,
0.43131848180923593,0.1023147573786774,-0.10579980363527852,,,,,,,,,
0.43639164783577955,0.10183316658327979,-0.09460719722158117,,,,,,,,,
0.4414995680977137,0.10135157578788213,-0.12289827919718377,,,,,,,,,
0.44489320771283225,0.10086998499248451,-0.14833018091747263,,,,,,,,,
0.4480156075851692,0.10038839419708685,-0.1405003394318669,,,,,,,,,
0.45192084588632103,0.0999068034016892,-0.11998699558768067,,,,,,,,,
0.4560561453204074,0.09942521260629157,-0.1259843325587653,,,,,,,,,
0.4596434705077022,0.09894362181089392,-0.1386728282655767,,,,,,,,,
0.4630152031422957,0.09846203101549628,-0.15166459095403084,,,,,,,,,
0.4660332418170593,0.09798044022009864,-0.1657362233194597,,,,,,,,,
0.46884178231786244,0.09749884942470097,-0.16673031991452092,,,,,,,,,
0.47182007566417367,0.09701725862930335,-0.157698095628783,,,,,,,,,
0.47495785053134604,0.09653566783390571,-0.17271412997834545,,,,,,,,,
0.47751428983867045,0.09605407703850807,-0.21410060964846167,,,,,,,,,
0.479565889041528,0.09557248624311043,-0.23402897299361314,,,,,,,,,
0.48163001717823,0.09509089544771279,-0.2337485079713204,,,,,,,,,
0.48368650661930646,0.09460930465231515,-0.21703378276185248,,,,,,,,,
0.4861359818170445,0.0941277138569175,-0.175440265296114,,,,,,,,,
0.4894086246214541,0.09364612306151986,-0.19429416375157516,,,,,,,,,
0.491547995000204,0.09316453226612222,-0.3097139661132431,,,,,,,,,
0.49287731249246125,0.09268294147072456,-0.36327663423160317,,,,,,,,,
0.49419940661807454,0.09220135067532692,-0.3180364716843407,,,,,,,,,
0.4961186237323208,0.0917197598799293,-0.2700080304049557,,,,,,,,,
0.4977983680339958,0.09123816908453164,-0.3362955551508193,,,,,,,,,
0.49908507160664545,0.09075657828913401,-0.3718202192664464,,,,,,,,,
0.5003890480933938,0.09027498749373634,-0.324841447529284,,,,,,,,,
0.5022259262309833,0.08979339669833872,-0.2633438774427077,,,,,,,,,
0.5040466951496699,0.08931180590294108,-0.3275856558966197,,,,,,,,,
0.5053399236582585,0.08883021510754342,-0.4142868229982497,,,,,,,,,
0.5064124380726605,0.0883486243121458,-0.4643098851547691,,,,,,,,,
0.5074185932098892,0.08786703351674814,-0.4737246079459325,,,,,,,,,
0.5084460961694403,0.08738544272135049,-0.4674210018986358,,,,,,,,,
0.5094792539277146,0.08690385192595286,-0.4660889949205185,,,,,,,,,
0.5105126148384259,0.08642226113055522,-0.46604315799917373,,,,,,,,,
0.5115459758058567,0.08594067033515757,-0.46604317930768957,,,,,,,,,
0.5125793366220729,0.08545907953975994,-0.4660432472826628,,,,,,,,,
0.5136126972880609,0.08497748874436228,-0.46604329231474395,,,,,,,,,
0.5146460579045773,0.08449589794896464,-0.46604328629089053,,,,,,,,,
0.5156794185972787,0.084014307153567,-0.46604320737480975,,,,,,,,,
0.5167127795637575,0.08353271635816936,-0.4660430890094247,,,,,,,,,
0.5177461407813638,0.08305112556277171,-0.4660430426726876,,,,,,,,,
0.5187795019533282,0.08256953476737407,-0.46604310297445295,,,,,,,,,
0.5198128629035194,0.08208794397197643,-0.46604319677586403,,,,,,,,,
0.5208462236595106,0.08160635317657879,-0.466043258121843,,,,,,,,,
0.521879584337656,0.08112476238118113,-0.46604325032856764,,,,,,,,,
0.5229129451282074,0.0806431715857835,-0.4661022125603509,,,,,,,,,
0.5239460444309252,0.08016158079038585,-0.4688680572432631,,,,,,,,,
0.5249673505347315,0.07967998999498821,-0.47267503326954596,,,,,,,,,
0.5259837923546483,0.07919839919959058,-0.45839476571773474,,,,,,,,,
0.5270736704654164,0.07871680840419291,-0.40837385751492405,,,,,,,,,
0.5283817569631862,0.07823521760879529,-0.3233484099522137,,,,,,,,,
0.5302350826283395,0.07775362681339765,-0.2447391600301927,,,,,,,,,
0.5323521978250441,0.07727203601799999,-0.2323501918457147,,,,,,,,,
0.5343839789697116,0.07679044522260237,-0.22319623111079423,,,,,,,,,
0.536706169305334,0.07630885442720473,-0.17624621594427303,,,,,,,,,
0.5405810865024202,0.07582726363180707,-0.11847836909515763,,,,,,,,,
0.5448795461480301,0.07534567283640944,-0.09281768155713088,,,,,,,,,
0.5553954905454375,0.07486408204101179,-0.04417577416390106,,,,,,,,,
0.5667466434329453,0.07438249124561416,-0.03887874836307814,,,,,,,,,
0.5806985023790324,0.0739009004502165,-0.03391456064979037,,,,,,,,,
0.5951655545983712,0.07341930965481885,-0.028695340757463522,,,,,,,,,
0.6632701222352076,0.07293771885942121,-0.006426754838410431,,,,,,,,,
0.7490390746097844,0.07245612806402356,-0.008438812445576427,,,,,,,,,
0.7970969566212354,0.07197453726862593,-0.01374704175032515,,,,,,,,,
0.8270644220013715,0.07149294647322829,-0.021918179552510075,,,,,,,,,
0.8458835692074388,0.07101135567783065,-0.03604993180884053,,,,,,,,,
0.8572505390829369,0.07052976488243301,-0.044704254401316756,,,,,,,,,
0.8675368108824428,0.07004817408703537,-0.049425627475221834,,,,,,,,,
0.8768370583944967,0.06956658329163773,-0.056642625690216164,,,,,,,,,
0.8847601721470155,0.06908499249624007,-0.07031042830700596,,,,,,,,,
0.8909536321859667,0.06860340170084243,-0.08026545165653509,,,,,,,,,
0.8967822484857723,0.0681218109054448,-0.08834654292317712,,,,,,,,,
0.9019380567590691,0.06764022011004714,-0.09330813919920722,,,,,,,,,
0.907104861121603,0.0671586293146495,-0.09320863444564065,,,,,,,,,
0.9122716658342778,0.06667703851925187,-0.09545153337154222,,,,,,,,,
0.917206318377753,0.06619544772385423,-0.10772601160950401,,,,,,,,,
0.9213496234785206,0.06571385692845656,-0.11937044686997211,,,,,,,,,
0.9252857783421652,0.06523226613305892,-0.13926953361066374,,,,,,,,,
0.9284372295044735,0.0647506753376613,-0.15412946182034304,,,,,,,,,
0.9315358440917036,0.06426908454226364,-0.15538454228974352,,,,,,,,,
0.9346359265216926,0.063787493746866,-0.15534773964881587,,,,,,,,,
0.9377360089152966,0.06330590295146836,-0.15534773123049206,,,,,,,,,
0.9408360916812738,0.06282431215607072,-0.1553477212070309,,,,,,,,,
0.9439361744749294,0.06234272136067308,-0.15521136967681493,,,,,,,,,
0.9470417136151897,0.06186113056527543,-0.159765718643051,,,,,,,,,
0.949974736265852,0.0613795397698778,-0.2709024707779477,,,,,,,,,
0.9514572875267873,0.06089794897448016,-0.34932912706133834,,,,,,,,,
0.9527561307077502,0.0604163581790825,-0.34293129065802574,,,,,,,,,
0.9543118044652754,0.05993476738368486,-0.2749377529904784,,,,,,,,,
0.9564250430628845,0.05945317658828723,-0.2303055430804104,,,,,,,,,
0.9584948946140516,0.058971585792889566,-0.23284557081465884,,,,,,,,,
0.9605616160303014,0.05848999499749194,-0.23194238784889443,,,,,,,,,
0.9626477521531295,0.05800840420209429,-0.23470357476246484,,,,,,,,,
0.9646675787728587,0.05752681340669665,-0.29441157039344645,,,,,,,,,
0.966108027613075,0.057045222611299004,-0.359262632306816,,,,,,,,,
0.9673716124255688,0.05656363181590137,-0.36183293605961,,,,,,,,,
0.9687871630445684,0.05608204102050372,-0.29711966730007333,,,,,,,,,
0.970839692998852,0.055600450225106075,-0.28037154151846977,,,,,,,,,
0.972371005439206,0.05511885942970844,-0.3683320476245129,,,,,,,,,
0.9735465859291835,0.054637268634310794,-0.4390553385659999,,,,,,,,,
0.9745823693292559,0.054155677838913154,-0.46960611822565923,,,,,,,,,
0.9755980223635692,0.05367408704351552,-0.4709592937730953,,,,,,,,,
0.9766277102121744,0.05319249624811787,-0.46687590245150545,,,,,,,,,
0.9776610710059064,0.05271090545272022,-0.46604319404748296,,,,,,,,,
0.9786944319304561,0.05222931465732258,-0.4660431565412999,,,,,,,,,
0.9797277928905135,0.051747723861924944,-0.4660431516692931,,,,,,,,,
0.9807611538366687,0.0512661330665273,-0.46406172310058835,,,,,,,,,
0.9818034155225264,0.05078454227112965,-0.43817205273387216,,,,,,,,,
0.982974216556693,0.05030295147573201,-0.5041297202092778,,,,,,,,,
0.9838176632027231,0.04982136068033436,-0.6317882236792656,,,,,,,,,
0.9845231360985068,0.04933976988493673,-0.7101715976827379,,,,,,,,,
0.9851777304902526,0.04885817908954482,-0.7593542590892781,,,,,,,,,
0.9857938818764126,0.04837658829414712,-0.7478807131246867,,,,,,,,,
0.9864714254232241,0.047894997498749425,-0.700508629296337,,,,,,,,,
0.9871694672788822,0.04741340670335173,-0.7001684963583656,,,,,,,,,
0.987847641509678,0.046931815907954026,-0.6893342642252733,,,,,,,,,
0.988569447807753,0.04645022511255633,-0.6836285581773538,,,,,,,,,
0.9892581224768792,0.04596863431715863,-0.7338905957791013,,,,,,,,,
0.9898872503730862,0.04548704352176093,-0.7541755828415759,,,,,,,,,
0.9905358474175627,0.045005452726363235,-0.7238679819827709,,,,,,,,,
0.9912197208517729,0.04452386193096553,-0.6721106785399051,,,,,,,,,
0.9919762231685674,0.04404227113556783,-0.5878279141860219,,,,,,,,,
0.9928863453280844,0.04356068034017013,-0.6002507718788834,,,,,,,,,
0.9936188312116804,0.04307908954477243,-0.7021959984846262,,,,,,,,,
0.9942680224125496,0.042597498749374726,-0.7866961338531624,,,,,,,,,
0.9948503974140452,0.04211590795397703,-0.8693329962257792,,,,,,,,,
0.9953808179074494,0.04163431715857932,-0.9233693375210592,,,,,,,,,
0.9958940778625597,0.041152726363181624,-0.9457804797643661,,,,,,,,,
0.996399342115307,0.04067113556778392,-0.9550260238401762,,,,,,,,,
0.9969026252734576,0.04018954477238622,-0.9469691566020657,,,,,,,,,
0.99741669099183,0.03970795397698851,-0.9345761749988242,,,,,,,,,
0.9979332451923189,0.03922636318159081,-0.9322743060905765,,,,,,,,,
0.9984498435607934,0.0387447723861931,-0.9322287374827667,,,,,,,,,
0.9989664482594851,0.0382631815907954,-0.9320310432947423,,,,,,,,,
0.999483265869516,0.03778159079539769,-0.9319142579960626,,,,,,,,,
1.0,0.037299999999999986,-0.9319895222453974,,,,,,,,,
