Q_exp,V_fit,dqdv_fit,dvdq_fit,V_fit_anode,dqdv_fit_anode,dvdq_fit_anode,V_fit_cathode,dqdv_fit_cathode,dvdq_fit_cathode,dqdv_fit_si,dqdv_fit_gr,SoCs,Q_si,Q_gr,x_si,x_gr
4.598442714126808,,,,,,,,,,,,2.882845188284519,,,,
4.591768631813126,,,,,,,,,,,,2.878661087866109,,,,
4.585094549499444,,,,,,,,,,,,2.8744769874476988,,,,
4.578420467185762,,,,,,,,,,,,2.8702928870292883,,,,
4.57174638487208,,,,,,,,,,,,2.8661087866108788,,,,
4.565072302558399,,,,,,,,,,,,2.8619246861924688,,,,
4.558398220244717,,,,,,,,,,,,2.857740585774059,,,,
4.551724137931035,,,,,,,,,,,,2.8535564853556488,,,,
4.545050055617352,,,,,,,,,,,,2.8493723849372383,,,,
4.538375973303671,,,,,,,,,,,,2.8451882845188283,,,,
4.531701890989989,,,,,,,,,,,,2.8410041841004188,,,,
4.525027808676308,,,,,,,,,,,,2.8368200836820088,,,,
4.5183537263626254,,,,,,,,,,,,2.8326359832635983,,,,
4.511679644048943,,,,,,,,,,,,2.8284518828451883,,,,
4.505005561735262,,,,,,,,,,,,2.8242677824267783,,,,
4.49833147942158,,,,,,,,,,,,2.8200836820083683,,,,
4.491657397107899,,,,,,,,,,,,2.815899581589959,,,,
4.484983314794216,,,,,,,,,,,,2.8117154811715483,,,,
4.478309232480534,,,,,,,,,,,,2.807531380753138,,,,
4.471635150166852,,,,,,,,,,,,2.8033472803347284,,,,
4.464961067853171,,,,,,,,,,,,2.7991631799163184,,,,
4.458286985539488,,,,,,,,,,,,2.794979079497908,,,,
4.451612903225807,,,,,,,,,,,,2.7907949790794984,,,,
4.4449388209121246,,,,,,,,,,,,2.786610878661088,,,,
4.438264738598443,,,,,,,,,,,,2.782426778242678,,,,
4.431590656284762,,,,,,,,,,,,2.7782426778242684,,,,
4.424916573971079,,,,,,,,,,,,2.774058577405858,,,,
4.418242491657397,,,,,,,,,,,,2.7698744769874475,,,,
4.411568409343715,,,,,,,,,,,,2.7656903765690375,,,,
4.404894327030034,,,,,,,,,,,,2.761506276150628,,,,
4.398220244716352,,,,,,,,,,,,2.757322175732218,,,,
4.39154616240267,,,,,,,,,,,,2.7531380753138075,,,,
4.3848720800889875,,,,,,,,,,,,2.7489539748953975,,,,
4.378197997775306,,,,,,,,,,,,2.7447698744769875,,,,
4.3715239154616246,,,,,,,,,,,,2.7405857740585775,,,,
4.364849833147943,,,,,,,,,,,,2.736401673640168,,,,
4.358175750834261,,,,,,,,,,,,2.7322175732217575,,,,
4.351501668520578,,,,,,,,,,,,2.728033472803347,,,,
4.344827586206897,,,,,,,,,,,,2.7238493723849375,,,,
4.338153503893215,,,,,,,,,,,,2.7196652719665275,,,,
4.331479421579533,,,,,,,,,,,,2.715481171548117,,,,
4.324805339265851,,,,,,,,,,,,2.7112970711297075,,,,
4.318131256952169,,,,,,,,,,,,2.707112970711297,,,,
4.3114571746384875,,,,,,,,,,,,2.702928870292887,,,,
4.304783092324806,,,,,,,,,,,,2.6987447698744775,,,,
4.298109010011124,,,,,,,,,,,,2.694560669456067,,,,
4.291434927697441,,,,,,,,,,,,2.6903765690376567,,,,
4.28476084538376,,,,,,,,,,,,2.686192468619247,,,,
4.278086763070078,,,,,,,,,,,,2.682008368200837,,,,
4.271412680756397,,,,,,,,,,,,2.677824267782427,,,,
4.264738598442714,,,,,,,,,,,,2.673640167364017,,,,
4.258064516129032,,,,,,,,,,,,2.6694560669456067,,,,
4.2513904338153505,,,,,,,,,,,,2.6652719665271967,,,,
4.244716351501669,,,,,,,,,,,,2.661087866108787,,,,
4.238042269187987,,,,,,,,,,,,2.6569037656903767,,,,
4.231368186874305,,,,,,,,,,,,2.6527196652719667,,,,
4.224694104560623,,,,,,,,,,,,2.6485355648535562,,,,
4.218020022246941,,,,,,,,,,,,2.6443514644351467,,,,
4.21134593993326,,,,,,,,,,,,2.6401673640167367,,,,
4.204671857619577,,,,,,,,,,,,2.6359832635983262,,,,
4.197997775305896,,,,,,,,,,,,2.6317991631799167,,,,
4.1913236929922135,,,,,,,,,,,,2.6276150627615062,,,,
4.184649610678532,,,,,,,,,,,,2.6234309623430963,,,,
4.1779755283648505,,,,,,,,,,,,2.6192468619246867,,,,
4.171301446051168,,,,,,,,,,,,2.6150627615062763,,,,
4.164627363737486,,,,,,,,,,,,2.610878661087866,,,,
4.157953281423804,,,,,,,,,,,,2.6066945606694563,,,,
4.151279199110123,,,,,,,,,,,,2.6025104602510463,,,,
4.144605116796441,,,,,,,,,,,,2.5983263598326363,,,,
4.137931034482759,,,,,,,,,,,,2.5941422594142263,,,,
4.1312569521690765,,,,,,,,,,,,2.589958158995816,,,,
4.124582869855395,,,,,,,,,,,,2.585774058577406,,,,
4.1179087875417135,,,,,,,,,,,,2.5815899581589963,,,,
4.111234705228031,,,,,,,,,,,,2.577405857740586,,,,
4.10456062291435,,,,,,,,,,,,2.573221757322176,,,,
4.097886540600667,,,,,,,,,,,,2.5690376569037654,,,,
4.091212458286986,,,,,,,,,,,,2.564853556485356,,,,
4.084538375973304,,,,,,,,,,,,2.560669456066946,,,,
4.077864293659622,,,,,,,,,,,,2.5564853556485354,,,,
4.07119021134594,,,,,,,,,,,,2.552301255230126,,,,
4.064516129032258,,,,,,,,,,,,2.5481171548117154,,,,
4.0578420467185765,,,,,,,,,,,,2.5439330543933054,,,,
4.051167964404895,,,,,,,,,,,,2.539748953974896,,,,
4.044493882091213,,,,,,,,,,,,2.5355648535564854,,,,
4.03781979977753,,,,,,,,,,,,2.531380753138075,,,,
4.031145717463849,,,,,,,,,,,,2.5271966527196654,,,,
4.024471635150167,,,,,,,,,,,,2.5230125523012554,,,,
4.017797552836486,,,,,,,,,,,,2.518828451882846,,,,
4.011123470522803,,,,,,,,,,,,2.5146443514644354,,,,
4.004449388209121,,,,,,,,,,,,2.510460251046025,,,,
3.9977753058954395,,,,,,,,,,,,2.506276150627615,,,,
3.991101223581758,,,,,,,,,,,,2.5020920502092054,,,,
3.9844271412680756,,,,,,,,,,,,2.497907949790795,,,,
3.977753058954394,,,,,,,,,,,,2.493723849372385,,,,
3.971078976640712,,,,,,,,,,,,2.489539748953975,,,,
3.9644048943270302,,,,,,,,,,,,2.485355648535565,,,,
3.9577308120133483,,,,,,,,,,,,2.481171548117155,,,,
3.9510567296996664,,,,,,,,,,,,2.476987447698745,,,,
3.944382647385985,,,,,,,,,,,,2.472803347280335,,,,
3.937708565072303,,,,,,,,,,,,2.468619246861925,,,,
3.931034482758621,,,,,,,,,,,,2.464435146443515,,,,
3.924360400444939,,,,,,,,,,,,2.4602510460251046,,,,
3.917686318131257,,,,,,,,,,,,2.4560669456066946,,,,
3.911012235817575,,,,,,,,,,,,2.4518828451882846,,,,
3.9043381535038932,,,,,,,,,,,,2.4476987447698746,,,,
3.8976640711902117,,,,,,,,,,,,2.4435146443514646,,,,
3.89098998887653,,,,,,,,,,,,2.4393305439330546,,,,
3.884315906562848,,,,,,,,,,,,2.4351464435146446,,,,
3.877641824249166,,,,,,,,,,,,2.4309623430962346,,,,
3.870967741935484,,,,,,,,,,,,2.426778242677824,,,,
3.8642936596218025,,,,,,,,,,,,2.4225941422594146,,,,
3.85761957730812,,,,,,,,,,,,2.418410041841004,,,,
3.8509454949944386,,,,,,,,,,,,2.414225941422594,,,,
3.8442714126807567,,,,,,,,,,,,2.410041841004184,,,,
3.8375973303670747,,,,,,,,,,,,2.405857740585774,,,,
3.830923248053393,,,,,,,,,,,,2.401673640167364,,,,
3.824249165739711,,,,,,,,,,,,2.397489539748954,,,,
3.8175750834260294,,,,,,,,,,,,2.393305439330544,,,,
3.8109010011123474,,,,,,,,,,,,2.389121338912134,,,,
3.8042269187986655,,,,,,,,,,,,2.384937238493724,,,,
3.7975528364849835,,,,,,,,,,,,2.3807531380753137,,,,
3.7908787541713016,,,,,,,,,,,,2.3765690376569037,,,,
3.7842046718576197,,,,,,,,,,,,2.3723849372384938,,,,
3.7775305895439377,,,,,,,,,,,,2.3682008368200838,,,,
3.7708565072302562,,,,,,,,,,,,2.3640167364016738,,,,
3.7641824249165743,,,,,,,,,,,,2.3598326359832638,,,,
3.7575083426028923,,,,,,,,,,,,2.3556485355648538,,,,
3.7508342602892104,,,,,,,,,,,,2.3514644351464438,,,,
3.7441601779755285,,,,,,,,,,,,2.3472803347280333,,,,
3.737486095661847,,,,,,,,,,,,2.3430962343096238,,,,
3.7308120133481646,,,,,,,,,,,,2.3389121338912133,,,,
3.724137931034483,,,,,,,,,,,,2.3347280334728033,,,,
3.717463848720801,,,,,,,,,,,,2.3305439330543933,,,,
3.710789766407119,,,,,,,,,,,,2.3263598326359833,,,,
3.7041156840934373,,,,,,,,,,,,2.3221757322175733,,,,
3.6974416017797553,,,,,,,,,,,,2.3179916317991633,,,,
3.690767519466074,,,,,,,,,,,,2.3138075313807533,,,,
3.684093437152392,,,,,,,,,,,,2.3096234309623433,,,,
3.67741935483871,,,,,,,,,,,,2.3054393305439334,,,,
3.670745272525028,,,,,,,,,,,,2.3012552301255234,,,,
3.664071190211346,,,,,,,,,,,,2.297071129707113,,,,
3.657397107897664,,,,,,,,,,,,2.292887029288703,,,,
3.650723025583982,,,,,,,,,,,,2.288702928870293,,,,
3.6440489432703007,,,,,,,,,,,,2.284518828451883,,,,
3.6373748609566188,,,,,,,,,,,,2.280334728033473,,,,
3.630700778642937,,,,,,,,,,,,2.276150627615063,,,,
3.624026696329255,,,,,,,,,,,,2.271966527196653,,,,
3.617352614015573,,,,,,,,,,,,2.267782426778243,,,,
3.6106785317018915,,,,,,,,,,,,2.263598326359833,,,,
3.604004449388209,,,,,,,,,,,,2.2594142259414225,,,,
3.5973303670745276,,,,,,,,,,,,2.255230125523013,,,,
3.5906562847608456,,,,,,,,,,,,2.2510460251046025,,,,
3.5839822024471637,,,,,,,,,,,,2.2468619246861925,,,,
3.5773081201334818,,,,,,,,,,,,2.2426778242677825,,,,
3.5706340378198,,,,,,,,,,,,2.2384937238493725,,,,
3.5639599555061183,,,,,,,,,,,,2.2343096234309625,,,,
3.557285873192436,,,,,,,,,,,,2.230125523012552,,,,
3.5506117908787544,,,,,,,,,,,,2.2259414225941425,,,,
3.5439377085650725,,,,,,,,,,,,2.2217573221757325,,,,
3.5372636262513906,,,,,,,,,,,,2.217573221757322,,,,
3.530589543937709,,,,,,,,,,,,2.2133891213389125,,,,
3.5239154616240267,,,,,,,,,,,,2.209205020920502,,,,
3.517241379310345,,,,,,,,,,,,2.205020920502092,,,,
3.5105672969966633,,,,,,,,,,,,2.200836820083682,,,,
3.5038932146829813,,,,,,,,,,,,2.196652719665272,,,,
3.4972191323692994,,,,,,,,,,,,2.192468619246862,,,,
3.4905450500556174,,,,,,,,,,,,2.188284518828452,,,,
3.483870967741936,,,,,,,,,,,,2.184100418410042,,,,
3.4771968854282536,,,,,,,,,,,,2.1799163179916317,,,,
3.470522803114572,,,,,,,,,,,,2.175732217573222,,,,
3.46384872080089,,,,,,,,,,,,2.1715481171548117,,,,
3.457174638487208,,,,,,,,,,,,2.1673640167364017,,,,
3.4505005561735262,,,,,,,,,,,,2.1631799163179917,,,,
3.4438264738598443,,,,,,,,,,,,2.1589958158995817,,,,
3.437152391546163,,,,,,,,,,,,2.1548117154811717,,,,
3.4304783092324804,,,,,,,,,,,,2.1506276150627612,,,,
3.423804226918799,,,,,,,,,,,,2.1464435146443517,,,,
3.417130144605117,,,,,,,,,,,,2.1422594142259417,,,,
3.410456062291435,,,,,,,,,,,,2.1380753138075312,,,,
3.4037819799777536,,,,,,,,,,,,2.1338912133891217,,,,
3.397107897664071,,,,,,,,,,,,2.1297071129707112,,,,
3.3904338153503897,,,,,,,,,,,,2.1255230125523012,,,,
3.3837597330367077,,,,,,,,,,,,2.1213389121338913,,,,
3.377085650723026,,,,,,,,,,,,2.1171548117154813,,,,
3.370411568409344,,,,,,,,,,,,2.1129707112970713,,,,
3.363737486095662,,,,,,,,,,,,2.1087866108786613,,,,
3.3570634037819804,,,,,,,,,,,,2.1046025104602513,,,,
3.350389321468298,,,,,,,,,,,,2.100418410041841,,,,
3.3437152391546165,,,,,,,,,,,,2.0962343096234313,,,,
3.3370411568409346,,,,,,,,,,,,2.0920502092050213,,,,
3.3303670745272527,,,,,,,,,,,,2.087866108786611,,,,
3.3236929922135707,,,,,,,,,,,,2.083682008368201,,,,
3.317018909899889,,,,,,,,,,,,2.079497907949791,,,,
3.3103448275862073,,,,,,,,,,,,2.075313807531381,,,,
3.303670745272525,,,,,,,,,,,,2.071129707112971,,,,
3.2969966629588434,,,,,,,,,,,,2.066945606694561,,,,
3.2903225806451615,,,,,,,,,,,,2.062761506276151,,,,
3.2836484983314795,,,,,,,,,,,,2.058577405857741,,,,
3.276974416017798,,,,,,,,,,,,2.054393305439331,,,,
3.2703003337041157,,,,,,,,,,,,2.0502092050209204,,,,
3.263626251390434,,,,,,,,,,,,2.046025104602511,,,,
3.2569521690767522,,,,,,,,,,,,2.0418410041841004,,,,
3.2502780867630703,,,,,,,,,,,,2.0376569037656904,,,,
3.2436040044493883,,,,,,,,,,,,2.0334728033472804,,,,
3.2369299221357064,,,,,,,,,,,,2.0292887029288704,,,,
3.230255839822025,,,,,,,,,,,,2.0251046025104604,,,,
3.2235817575083425,,,,,,,,,,,,2.02092050209205,,,,
3.216907675194661,,,,,,,,,,,,2.0167364016736404,,,,
3.210233592880979,,,,,,,,,,,,2.0125523012552304,,,,
3.203559510567297,,,,,,,,,,,,2.00836820083682,,,,
3.196885428253615,,,,,,,,,,,,2.00418410041841,,,,
3.1902113459399333,,,,,,,,,,,,2.0,,,,
3.183537263626252,,,,,,,,,,,,1.9958158995815902,,,,
3.1768631813125694,,,,,,,,,,,,1.9916317991631798,,,,
3.170189098998888,,,,,,,,,,,,1.98744769874477,,,,
3.163515016685206,,,,,,,,,,,,1.98326359832636,,,,
3.156840934371524,,,,,,,,,,,,1.9790794979079498,,,,
3.1501668520578425,,,,,,,,,,,,1.97489539748954,,,,
3.14349276974416,,,,,,,,,,,,1.9707112970711296,,,,
3.1368186874304786,,,,,,,,,,,,1.9665271966527198,,,,
3.1301446051167967,,,,,,,,,,,,1.9623430962343098,,,,
3.1234705228031148,,,,,,,,,,,,1.9581589958158998,,,,
3.116796440489433,,,,,,,,,,,,1.9539748953974896,,,,
3.110122358175751,,,,,,,,,,,,1.9497907949790796,,,,
3.1034482758620694,,,,,,,,,,,,1.9456066945606698,,,,
3.096774193548387,,,,,,,,,,,,1.9414225941422594,,,,
3.0901001112347055,,,,,,,,,,,,1.9372384937238496,,,,
3.0834260289210236,,,,,,,,,,,,1.9330543933054394,,,,
3.0767519466073416,,,,,,,,,,,,1.9288702928870294,,,,
3.0700778642936597,,,,,,,,,,,,1.9246861924686194,,,,
3.0634037819799778,,,,,,,,,,,,1.9205020920502092,,,,
3.0567296996662963,,,,,,,,,,,,1.9163179916317994,,,,
3.050055617352614,,,,,,,,,,,,1.912133891213389,,,,
3.0433815350389324,,,,,,,,,,,,1.9079497907949792,,,,
3.0367074527252504,,,,,,,,,,,,1.9037656903765692,,,,
3.0300333704115685,,,,,,,,,,,,1.899581589958159,,,,
3.023359288097887,,,,,,,,,,,,1.8953974895397492,,,,
3.0166852057842046,,,,,,,,,,,,1.891213389121339,,,,
3.010011123470523,,,,,,,,,,,,1.887029288702929,,,,
3.003337041156841,,,,,,,,,,,,1.882845188284519,,,,
2.9966629588431593,,,,,,,,,,,,1.878661087866109,,,,
2.9899888765294773,,,,,,,,,,,,1.8744769874476988,,,,
2.9833147942157954,,,,,,,,,,,,1.8702928870292888,,,,
2.976640711902114,,,,,,,,,,,,1.866108786610879,,,,
2.9699666295884315,,,,,,,,,,,,1.8619246861924685,,,,
2.96329254727475,,,,,,,,,,,,1.8577405857740588,,,,
2.956618464961068,,,,,,,,,,,,1.8535564853556488,,,,
2.949944382647386,,,,,,,,,,,,1.8493723849372385,,,,
2.943270300333704,,,,,,,,,,,,1.8451882845188285,,,,
2.9365962180200222,,,,,,,,,,,,1.8410041841004183,,,,
2.9299221357063407,,,,,,,,,,,,1.8368200836820086,,,,
2.9232480533926584,,,,,,,,,,,,1.8326359832635983,,,,
2.916573971078977,,,,,,,,,,,,1.8284518828451883,,,,
2.909899888765295,,,,,,,,,,,,1.8242677824267783,,,,
2.903225806451613,,,,,,,,,,,,1.8200836820083683,,,,
2.8965517241379315,,,,,,,,,,,,1.8158995815899583,,,,
2.889877641824249,,,,,,,,,,,,1.8117154811715481,,,,
2.8832035595105676,,,,,,,,,,,,1.8075313807531384,,,,
2.8765294771968857,,,,,,,,,,,,1.8033472803347281,,,,
2.8698553948832037,,,,,,,,,,,,1.7991631799163181,,,,
2.863181312569522,,,,,,,,,,,,1.794979079497908,,,,
2.85650723025584,,,,,,,,,,,,1.790794979079498,,,,
2.8498331479421584,,,,,,,,,,,,1.7866108786610881,,,,
2.843159065628476,,,,,,,,,,,,1.7824267782426777,,,,
2.8364849833147945,,,,,,,,,,,,1.778242677824268,,,,
2.8298109010011125,,,,,,,,,,,,1.774058577405858,,,,
2.8231368186874306,,,,,,,,,,,,1.7698744769874477,,,,
2.8164627363737487,,,,,,,,,,,,1.7656903765690377,,,,
2.8097886540600667,,,,,,,,,,,,1.7615062761506275,,,,
2.8031145717463852,,,,,,,,,,,,1.7573221757322177,,,,
2.796440489432703,,,,,,,,,,,,1.7531380753138075,,,,
2.7897664071190214,,,,,,,,,,,,1.7489539748953977,,,,
2.7830923248053394,,,,,,,,,,,,1.7447698744769875,,,,
2.7764182424916575,,,,,,,,,,,,1.7405857740585775,,,,
2.769744160177976,,,,,,,,,,,,1.7364016736401677,,,,
2.7630700778642936,,,,,,,,,,,,1.7322175732217573,,,,
2.756395995550612,,,,,,,,,,,,1.7280334728033475,,,,
2.74972191323693,,,,,,,,,,,,1.7238493723849373,,,,
2.743047830923248,,,,,,,,,,,,1.7196652719665273,,,,
2.7363737486095663,,,,,,,,,,,,1.7154811715481173,,,,
2.7296996662958843,,,,,,,,,,,,1.711297071129707,,,,
2.723025583982203,,,,,,,,,,,,1.7071129707112973,,,,
2.7163515016685205,,,,,,,,,,,,1.7029288702928869,,,,
2.709677419354839,,,,,,,,,,,,1.698744769874477,,,,
2.703003337041157,,,,,,,,,,,,1.694560669456067,,,,
2.696329254727475,,,,,,,,,,,,1.6903765690376569,,,,
2.689655172413793,,,,,,,,,,,,1.6861924686192469,,,,
2.682981090100111,,,,,,,,,,,,1.6820083682008369,,,,
2.6763070077864297,,,,,,,,,,,,1.6778242677824269,,,,
2.6696329254727473,,,,,,,,,,,,1.6736401673640167,,,,
2.662958843159066,,,,,,,,,,,,1.6694560669456069,,,,
2.656284760845384,,,,,,,,,,,,1.6652719665271967,,,,
2.649610678531702,,,,,,,,,,,,1.6610878661087867,,,,
2.6429365962180205,,,,,,,,,,,,1.656903765690377,,,,
2.636262513904338,,,,,,,,,,,,1.6527196652719665,,,,
2.6295884315906566,,,,,,,,,,,,1.6485355648535567,,,,
2.6229143492769746,,,,,,,,,,,,1.6443514644351467,,,,
2.6162402669632927,,,,,,,,,,,,1.6401673640167365,,,,
2.6095661846496108,,,,,,,,,,,,1.6359832635983265,,,,
2.602892102335929,,,,,,,,,,,,1.6317991631799162,,,,
2.596218020022247,,,,,,,,,,,,1.6276150627615062,,,,
2.5895439377085654,,,,,,,,,,,,1.6234309623430965,,,,
2.5828698553948835,,,,,,,,,,,,1.6192468619246863,,,,
2.5761957730812015,,,,,,,,,,,,1.6150627615062763,,,,
2.5695216907675196,,,,,,,,,,,,1.6108786610878663,,,,
2.5628476084538376,,,,,,,,,,,,1.606694560669456,,,,
2.5561735261401557,,,,,,,,,,,,1.602510460251046,,,,
2.549499443826474,,,,,,,,,,,,1.5983263598326363,,,,
2.5428253615127923,,,,,,,,,,,,1.594142259414226,,,,
2.5361512791991103,,,,,,,,,,,,1.589958158995816,,,,
2.5294771968854284,,,,,,,,,,,,1.5857740585774058,,,,
2.5228031145717464,,,,,,,,,,,,1.5815899581589958,,,,
2.5161290322580645,,,,,,,,,,,,1.5774058577405858,,,,
2.509454949944383,,,,,,,,,,,,1.5732217573221758,,,,
2.502780867630701,,,,,,,,,,,,1.5690376569037658,,,,
2.496106785317019,,,,,,,,,,,,1.5648535564853558,,,,
2.489432703003337,,,,,,,,,,,,1.5606694560669456,,,,
2.4827586206896552,,,,,,,,,,,,1.5564853556485356,,,,
2.4760845383759733,,,,,,,,,,,,1.5523012552301254,,,,
2.4694104560622914,,,,,,,,,,,,1.5481171548117154,,,,
2.46273637374861,,,,,,,,,,,,1.5439330543933056,,,,
2.456062291434928,,,,,,,,,,,,1.5397489539748956,,,,
2.449388209121246,,,,,,,,,,,,1.5355648535564854,,,,
2.442714126807564,,,,,,,,,,,,1.5313807531380754,,,,
2.436040044493882,,,,,,,,,,,,1.5271966527196652,,,,
2.4293659621802,,,,,,,,,,,,1.5230125523012552,,,,
2.4226918798665187,,,,,,,,,,,,1.5188284518828454,,,,
2.4160177975528367,,,,,,,,,,,,1.5146443514644352,,,,
2.409343715239155,,,,,,,,,,,,1.5104602510460252,,,,
2.402669632925473,,,,,,,,,,,,1.5062761506276152,,,,
2.395995550611791,,,,,,,,,,,,1.502092050209205,,,,
2.389321468298109,,,,,,,,,,,,1.497907949790795,,,,
2.3826473859844275,,,,,,,,,,,,1.4937238493723852,,,,
2.3759733036707456,,,,,,,,,,,,1.489539748953975,,,,
2.3692992213570636,,,,,,,,,,,,1.485355648535565,,,,
2.3626251390433817,,,,,,,,,,,,1.4811715481171548,,,,
2.3559510567296997,,,,,,,,,,,,1.4769874476987448,,,,
2.349276974416018,,,,,,,,,,,,1.4728033472803348,,,,
2.342602892102336,,,,,,,,,,,,1.4686192468619246,,,,
2.3359288097886544,,,,,,,,,,,,1.4644351464435148,,,,
2.3292547274749724,,,,,,,,,,,,1.4602510460251048,,,,
2.3225806451612905,,,,,,,,,,,,1.4560669456066946,,,,
2.3159065628476085,,,,,,,,,,,,1.4518828451882846,,,,
2.3092324805339266,,,,,,,,,,,,1.4476987447698746,,,,
2.3025583982202447,,,,,,,,,,,,1.4435146443514644,,,,
2.295884315906563,,,,,,,,,,,,1.4393305439330546,,,,
2.2892102335928812,,,,,,,,,,,,1.4351464435146446,,,,
2.2825361512791993,,,,,,,,,,,,1.4309623430962344,,,,
2.2758620689655173,,,,,,,,,,,,1.4267782426778244,,,,
2.2691879866518354,,,,,,,,,,,,1.4225941422594142,,,,
2.2625139043381535,,,,,,,,,,,,1.4184100418410042,,,,
2.255839822024472,,,,,,,,,,,,1.4142259414225944,,,,
2.24916573971079,,,,,,,,,,,,1.4100418410041842,,,,
2.242491657397108,,,,,,,,,,,,1.4058577405857742,,,,
2.235817575083426,,,,,,,,,,,,1.4016736401673642,,,,
2.229143492769744,,,,,,,,,,,,1.397489539748954,,,,
2.2224694104560623,,,,,,,,,,,,1.393305439330544,,,,
2.2157953281423803,,,,,,,,,,,,1.3891213389121337,,,,
2.209121245828699,,,,,,,,,,,,1.384937238493724,,,,
2.202447163515017,,,,,,,,,,,,1.380753138075314,,,,
2.195773081201335,,,,,,,,,,,,1.3765690376569037,,,,
2.189098998887653,,,,,,,,,,,,1.3723849372384938,,,,
2.182424916573971,,,,,,,,,,,,1.3682008368200838,,,,
2.175750834260289,,,,,,,,,,,,1.3640167364016735,,,,
2.1690767519466077,,,,,,,,,,,,1.3598326359832638,,,,
2.1624026696329257,,,,,,,,,,,,1.3556485355648538,,,,
2.1557285873192438,,,,,,,,,,,,1.3514644351464435,,,,
2.149054505005562,,,,,,,,,,,,1.3472803347280335,,,,
2.14238042269188,,,,,,,,,,,,1.3430962343096235,,,,
2.135706340378198,,,,,,,,,,,,1.3389121338912133,,,,
2.1290322580645165,,,,,,,,,,,,1.3347280334728036,,,,
2.1223581757508345,,,,,,,,,,,,1.3305439330543936,,,,
2.1156840934371526,,,,,,,,,,,,1.3263598326359833,,,,
2.1090100111234706,,,,,,,,,,,,1.3221757322175733,,,,
2.1023359288097887,,,,,,,,,,,,1.3179916317991631,,,,
2.0956618464961068,,,,,,,,,,,,1.3138075313807531,,,,
2.088987764182425,,,,,,,,,,,,1.3096234309623431,,,,
2.0823136818687433,,,,,,,,,,,,1.3054393305439331,,,,
2.0756395995550614,,,,,,,,,,,,1.3012552301255231,,,,
2.0689655172413794,,,,,,,,,,,,1.2970711297071131,,,,
2.0622914349276975,,,,,,,,,,,,1.292887029288703,,,,
2.0556173526140156,,,,,,,,,,,,1.288702928870293,,,,
2.0489432703003336,,,,,,,,,,,,1.2845188284518827,,,,
2.042269187986652,,,,,,,,,,,,1.280334728033473,,,,
2.03559510567297,,,,,,,,,,,,1.276150627615063,,,,
2.0289210233592883,,,,,,,,,,,,1.2719665271966527,,,,
2.0222469410456063,,,,,,,,,,,,1.2677824267782427,,,,
2.0155728587319244,,,,,,,,,,,,1.2635983263598327,,,,
2.0088987764182424,,,,,,,,,,,,1.2594142259414225,,,,
2.002224694104561,,,,,,,,,,,,1.2552301255230127,,,,
1.995550611790879,,,,,,,,,,,,1.2510460251046027,,,,
1.988876529477197,,,,,,,,,,,,1.2468619246861925,,,,
1.9822024471635151,,,,,,,,,,,,1.2426778242677825,,,,
1.9755283648498332,,,,,,,,,,,,1.2384937238493725,,,,
1.9688542825361512,,,,,,,,,,,,1.2343096234309623,,,,
1.9621802002224693,,,,,,,,,,,,1.2301255230125523,,,,
1.9555061179087878,,,,,,,,,,,,1.2259414225941425,,,,
1.9488320355951059,,,,,,,,,,,,1.2217573221757323,,,,
1.942157953281424,,,,,,,,,,,,1.2175732217573223,,,,
1.935483870967742,,,,,,,,,,,,1.213389121338912,,,,
1.92880978865406,,,,,,,,,,,,1.209205020920502,,,,
1.9221357063403781,,,,,,,,,,,,1.205020920502092,,,,
1.9154616240266966,,,,,,,,,,,,1.200836820083682,,,,
1.9087875417130147,,,,,,,,,,,,1.196652719665272,,,,
1.9021134593993327,,,,,,,,,,,,1.192468619246862,,,,
1.8954393770856508,,,,,,,,,,,,1.1882845188284519,,,,
1.8887652947719689,,,,,,,,,,,,1.1841004184100419,,,,
1.882091212458287,,,,,,,,,,,,1.1799163179916317,,,,
1.8754171301446054,,,,,,,,,,,,1.1757322175732219,,,,
1.8687430478309235,,,,,,,,,,,,1.1715481171548119,,,,
1.8620689655172415,,,,,,,,,,,,1.1673640167364017,,,,
1.8553948832035596,,,,,,,,,,,,1.1631799163179917,,,,
1.8487208008898777,,,,,,,,,,,,1.1589958158995817,,,,
1.8420467185761957,,,,,,,,,,,,1.1548117154811715,,,,
1.8353726362625138,,,,,,,,,,,,1.1506276150627615,,,,
1.8286985539488323,,,,,,,,,,,,1.1464435146443517,,,,
1.8220244716351504,,,,,,,,,,,,1.1422594142259415,,,,
1.8153503893214684,,,,,,,,,,,,1.1380753138075315,,,,
1.8086763070077865,,,,,,,,,,,,1.1338912133891215,,,,
1.8020022246941045,,,,,,,,,,,,1.1297071129707112,,,,
1.7953281423804226,,,,,,,,,,,,1.1255230125523012,,,,
1.788654060066741,,,,,,,,,,,,1.1213389121338915,,,,
1.7819799777530592,,,,,,,,,,,,1.1171548117154813,,,,
1.7753058954393772,,,,,,,,,,,,1.1129707112970713,,,,
1.7686318131256953,,,,,,,,,,,,1.108786610878661,,,,
1.7619577308120133,,,,,,,,,,,,1.104602510460251,,,,
1.7552836484983314,,,,,,,,,,,,1.100418410041841,,,,
1.74860956618465,,,,,,,,,,,,1.096234309623431,,,,
1.741935483870968,,,,,,,,,,,,1.092050209205021,,,,
1.735261401557286,,,,,,,,,,,,1.087866108786611,,,,
1.728587319243604,,,,,,,,,,,,1.0836820083682008,,,,
1.7219132369299222,,,,,,,,,,,,1.0794979079497908,,,,
1.7152391546162402,,,,,,,,,,,,1.0753138075313806,,,,
1.7085650723025587,,,,,,,,,,,,1.0711297071129708,,,,
1.7018909899888768,,,,,,,,,,,,1.0669456066945608,,,,
1.6952169076751948,,,,,,,,,,,,1.0627615062761506,,,,
1.688542825361513,,,,,,,,,,,,1.0585774058577406,,,,
1.681868743047831,,,,,,,,,,,,1.0543933054393306,,,,
1.675194660734149,,,,,,,,,,,,1.0502092050209204,,,,
1.668520578420467,,,,,,,,,,,,1.0460251046025104,,,,
1.6618464961067856,,,,,,,,,,,,1.0418410041841006,,,,
1.6551724137931036,,,,,,,,,,,,1.0376569037656904,,,,
1.6484983314794217,,,,,,,4.289267846790056,-1.9094554230907064,-0.5237095288568547,,,1.0334728033472804,,,,
1.6418242491657398,4.244286583829171,-0.958670217574312,-1.0431115744163444,0.04070562653240988,1.8190673391922771,0.5497322602933608,4.285073435957774,-1.9140402753480301,-0.5224550459462876,0.6366310790031567,0.3737159733329449,1.0292887029288704,1.1159516088122312,0.5280724725133646,0.9963853650109206,0.9963631556855936
1.6351501668520578,4.237907476398836,-0.9771283494162492,-1.0234070074800456,0.0443745848880942,1.9007812434377602,0.5260994674965311,4.282176077275095,-1.9231027592463024,-0.5199930139936555,0.6243006051504325,0.3744141225340618,1.0251046025104602,1.1115195026021665,0.5254707319750251,0.9924281273233628,0.9914542112736323
1.628476084538376,4.231043988427371,-1.0160370293769498,-0.9842160975306342,0.04772808883492205,2.08367852812688,0.4799204802954651,4.278689993547711,-1.9319010677888482,-0.517624849777917,0.5994044717548855,0.3884880122836796,1.0209205020920502,1.1074111998408114,0.5229580761427779,0.9887599998578672,0.9867133512127884
1.6218020022246944,4.224360630503266,-1.0576843761065176,-0.945461635427705,0.05078064246712142,2.2940268433631408,0.4359146898795472,4.275196296287684,-1.9404267514580373,-0.5153505532989584,0.5719239764003963,0.4453035361257155,1.0167364016736404,1.103630592288379,0.520360835082362,0.9853844574003382,0.981812896381815
1.6151279199110125,4.218071733328189,-1.1023612762757455,-0.9071436211714854,0.0535467498789203,2.537542328156743,0.39408209624877255,4.271703673187631,-1.9486715070602156,-0.5131701245576323,0.5423678684323264,0.5544163804753244,1.0125523012552302,1.1001771617088845,0.5172112492357099,0.9823010372400753,0.9758702815768112
1.6084538375973305,4.2122597362686065,-1.1504010724053757,-0.8692620547624301,0.05604091516454669,2.821489711815738,0.35442269940316784,4.268324615996171,-1.967250792982551,-0.5083235973609135,0.5112232123778737,0.6540374350568384,1.0083682008368202,1.0970453238855662,0.5135500935112998,0.9795047534692555,0.9689624405873579
1.6017797552836486,4.206611223737085,-1.1998193562648372,-0.8334587992588354,0.058277642418228484,3.14975942954148,0.3174845642562527,4.26488159181418,-1.9584836632620075,-0.5105991021310956,0.47890285750662404,0.7454950898566735,1.00418410041841,1.0942261189505869,0.5095851826012588,0.9769876062058811,0.9614814766061487
1.5951056729699666,4.20132572864552,-1.2623978418767892,-0.7921433060383833,0.06027875139488603,3.562425738784144,0.280707605807188,4.261514120221828,-1.955280007922989,-0.5114357002311181,0.4457600649477483,0.7725290078323082,1.0,1.0916976942557184,0.5051963388471907,0.9747300841568913,0.9532006393343221
1.5884315906562847,4.195991958132553,-1.3328924524879777,-0.7502480775049776,0.062024573752695995,4.071640641447662,0.24560124236417202,4.258096367261096,-1.9815838134028074,-0.504646835140818,0.4121516468727339,0.8552672954751654,0.9958158995815899,1.089489250540965,0.5013735074559967,0.9727582594115759,0.945987749916975
1.5817575083426032,4.191199900996376,-1.3916085496020216,-0.718592883240035,0.063557077210648,4.613394359615491,0.21676013842513697,4.254730045912726,-1.9926957942303722,-0.501832744815033,0.38808686107514795,1.0255308877775624,0.9916317991631801,1.0875482841791129,0.49614315332150305,0.9710252537313507,0.9361191572103831
1.5750834260289213,4.186432098819409,-1.4465728521943606,-0.6912890688381594,0.0649179237650448,5.215526910105601,0.19173518174403448,4.251373108780455,-2.001786045179117,-0.4995538870941232,0.3723924534098478,1.0428453452962185,0.98744769874477,1.0857602246501115,0.4914916751129694,0.969428772009028,0.9273427832320177
1.5684093437152393,4.181963915035437,-1.5040825887582352,-0.664857107896978,0.06611638998142491,5.9561984128631735,0.1678923250508868,4.248099928285018,-2.012215019087083,-0.49696478284596424,0.3560680523212758,1.195360353449823,0.9832635983263599,1.0841066775575139,0.48647983524828664,0.9679523906763516,0.9178864816005408
1.5617352614015574,4.17765769264834,-1.5584207019250809,-0.6416752541625783,0.06715897815949493,6.830355820479099,0.1464052571026757,4.244755775347561,-2.019100704537671,-0.49526999705989283,0.3361484263172337,1.2677471861262843,0.9790794979079499,1.0825934121442058,0.4807635928039496,0.9666012608430409,0.907101118498018
1.5550611790878754,4.173453339942728,-1.6086810416947803,-0.6216272673584058,0.06807063145554296,7.884594856215464,0.1268295985064718,4.241480268051039,-2.021028115027287,-0.49479766885207255,0.3109517553075535,1.2357016863373396,0.9748953974895398,1.081218539623681,0.47558498731939947,0.9653736960925724,0.8973301647535838
1.5483870967741935,4.169316452197355,-1.653760330963906,-0.6046825415247099,0.06885192051998178,9.064979110885622,0.1103146502344563,4.238176309519293,-2.0227850910583056,-0.49436789129032377,0.2878019988841968,1.3128701566815153,0.9707112970711297,1.0799996036656911,0.4705115151319454,0.9642853604157956,0.8877575757206516
1.5417130144605116,4.165344527008948,-1.6984994287727746,-0.5887549816384308,0.06954312956768255,10.540342865601504,0.09487357410957742,4.234892099790329,-2.0247775776850543,-0.49388140752887466,0.2596464952687314,1.4607574040745894,0.9665271966527196,1.078888108312096,0.46492814663738596,0.9632929538500856,0.8772229181837471
1.53503893214683,4.161503702978602,-1.7438311334954804,-0.573450020929215,0.07011830860598281,12.522791922403371,0.07985439718206866,4.231609892076914,-2.02594989073953,-0.49359562374712596,0.23007140116954283,1.5114921515097155,0.9623430962343098,1.0779386808496478,0.459000570083637,0.9624452507586141,0.8660388114785603
1.5283648498331481,4.157671239625165,-1.78401897200327,-0.5605321555953537,0.07060903920748765,14.830884736740044,0.06742686075381155,4.228283202050956,-2.027964433684654,-0.4931052948414276,0.20170959795490342,1.443037551331741,0.9581589958158997,1.077112610139872,0.45335109795142814,0.9617076876248856,0.8553794300970342
1.5216907675194662,4.153894018681119,-1.82642346889147,-0.5475181506548097,0.07101833344363102,18.218223846263967,0.0548900929332401,4.224949638186769,-2.0299290394153338,-0.4926280577216744,0.16955834519899304,1.5678790822155049,0.9539748953974896,1.0764119502543326,0.448173776316274,0.9610820984413683,0.8456108987099509
1.5150166852057843,4.150322273259908,-1.8680046073597296,-0.5353305854065411,0.07134172120437184,22.982925559431834,0.04351056167388645,4.221675056479248,-2.033264104235307,-0.491820023732771,0.13916220188072514,1.8657406005319495,0.9497907949790795,1.0758474766933455,0.44147614541456975,0.960578104190487,0.8329738592727731
1.5083426028921023,4.146854514323393,-1.9031941297509927,-0.5254324739488538,0.07159911958388313,28.42279246781308,0.03518303140454737,4.218448905540128,-2.0397779440816364,-0.49024944254421143,0.11630224285697331,1.9401952828707798,0.9456066945606695,1.0753953777034688,0.4348425782330319,0.9601744443780971,0.8204576947793054
1.5016685205784204,4.143404764190575,-1.9325738891321191,-0.5174446398264649,0.07181135009964945,34.61582322225429,0.02888852284631227,4.21519116565207,-2.0468477729468484,-0.48855611697996437,0.09816116598884171,1.847066095128111,0.9414225941422594,1.075019140758899,0.42784326332056605,0.9598385185347311,0.8072514402274831
1.4949944382647389,4.13992998801636,-1.9618923602177885,-0.509711959879894,0.07198472834267707,42.73169073177288,0.023401835566886575,4.211906987295293,-2.0563010104151234,-0.4863101243130359,0.08090150984149896,1.9029093746609207,0.9372384937238496,1.0747066400572458,0.42192239506283497,0.9595595000511122,0.7960799906845942
1.488320355951057,4.136555807159051,-1.9859248466405273,-0.5035437275945469,0.07212372165337874,52.146595492079996,0.01917670732985588,4.208654819294134,-2.0645501410341294,-0.4843670202648127,0.0676896222406654,1.986223015281289,0.9330543933054395,1.0744561155026022,0.41457122925847084,0.9593358174130376,0.7822098665254167
1.481646273637375,4.1331998687272264,-2.0011583696181687,-0.49971057522589035,0.07224070218912676,59.573000030627114,0.01678612793523726,4.205420893718459,-2.0707172842673094,-0.48292444729065664,0.06032594186483613,1.7701498425330737,0.9288702928870294,1.074245267250465,0.40838428896741813,0.959147560045058,0.7705363942781474
1.474972191323693,4.129881661739005,-2.0103142762366923,-0.49743466074966136,0.07234778565251428,66.14142430003672,0.01511911801995236,4.202224699586388,-2.073331484074656,-0.4823155427296797,0.05505710757967454,1.5958298931463144,0.9246861924686193,1.0740522576959806,0.402720791276103,0.9589752300856969,0.7598505495775528
1.4682981090100111,4.12654012579985,-2.0202176858052847,-0.4949961615653251,0.07244251466547763,74.32018416394745,0.013455294967973153,4.199001325434205,-2.076666944316468,-0.4815408665972427,0.04982828595682904,1.7442110387902936,0.9205020920502092,1.073877875043828,0.397710703544097,0.958819531289132,0.7503975538567867
1.4616240266963292,4.123276325004121,-2.03380873197647,-0.4916883206751663,0.07252738914485653,83.46402349517102,0.011981210084580418,4.1958068759532,-2.0846053308837575,-0.4797071105905957,0.0446499950038333,2.2116069698685474,0.9163179916317992,1.0737212433959586,0.3902643480710343,0.9586796816035343,0.7363478265491212
1.4549499443826477,4.120009857542022,-2.0428101029492587,-0.48952176149720117,0.07260244183012164,90.23646007763556,0.01108199500667073,4.1926097598058245,-2.090127263741394,-0.47843976649056685,0.041761066911912975,2.135979051813864,0.9121338912133893,1.0735827373826536,0.38318009556394594,0.9585560155202264,0.7229813123848037
1.4482758620689657,4.116749156937443,-2.0445639611291817,-0.4891018422567299,0.07267531343860519,94.4991577202679,0.01058210490044953,4.1894184105159695,-2.089777958846581,-0.47851973735618003,0.03984690095040551,2.0380740245304243,0.9079497907949792,1.0734482564385208,0.37630171575286336,0.9584359432486792,0.7100032372695535
1.4416017797552838,4.113491124798073,-2.045883775416756,-0.4887863191526094,0.07274369350843687,98.34669067909843,0.010168110315607493,4.186229729691323,-2.0893480054383837,-0.4786182088369628,0.03838645242732194,1.9633755629652048,0.9037656903765692,1.0733220644065045,0.36984729404324895,0.9583232717915217,0.6978250831004696
1.4349276974416019,4.110171942884485,-2.049336779837485,-0.48796274474676693,0.07281103904904711,97.00329768683301,0.010308927880250174,4.18297989909246,-2.0935664380535193,-0.47765381686656383,0.038951312655945904,1.992266817541857,0.8995815899581591,1.073197781546926,0.3634905219540959,0.9582123049526123,0.6858311734982941
1.42825361512792,4.10696885341363,-2.0542290486286077,-0.48680063241613425,0.07288129877491407,99.37276792604773,0.010063119110702345,4.179846160936328,-2.0975903344934768,-0.47673751330546565,0.037992102935893945,1.9155166608880854,0.895397489539749,1.0730681207027957,0.35685867877137434,0.9580965363417817,0.6733182618327818
1.421579532814238,4.103735275959604,-2.0618619719619318,-0.4849985176497853,0.07294536321960154,109.65705716910938,0.009119340111944041,4.176684191293707,-2.1013737250998874,-0.4758791775377631,0.03484730965678333,1.5063392950989036,0.8912133891213389,1.0729498929432304,0.3509602169616202,0.9579909758421699,0.6621890886068306
1.414905450500556,4.100443421766053,-2.0641838133712658,-0.48445298016690685,0.07300302522802123,104.38482529939488,0.009579936519813259,4.173479193045389,-2.1058259957647323,-0.4748730436471078,0.036522242860082904,1.4541706483337091,0.8870292887029287,1.0728416851871716,0.34663842659371397,0.9578943617742604,0.6540347671579508
1.4082313681868746,4.097156479117999,-2.055061874980971,-0.48660335349234174,0.07307323778938771,81.4394600956983,0.0122790597926965,4.170279106342568,-2.108262244381587,-0.47432429369968077,0.04589375925882643,1.8169290125323925,0.882845188284519,1.072708760874925,0.3413759673118394,0.9577756793526115,0.6441055987015837
1.4015572858731926,4.09396227300427,-2.0383327496387738,-0.490597033373092,0.07316692813960338,59.24426316056709,0.01687927145434731,4.167171756174073,-2.110961590187107,-0.473717761918806,0.061644852545652634,2.4405131083664298,0.8786610878661089,1.0725313891180173,0.33435383845741606,0.9576173117125153,0.6308562989762567
1.3948832035595107,4.090720247324892,-2.024982899281764,-0.49383133080021935,0.0732985450835503,48.62182155297608,0.020566897085713798,4.16401658643993,-2.1129836276757215,-0.4732644337145189,0.07859032006772665,2.9195868340297966,0.8744769874476989,1.0722822158730356,0.32448909638213114,0.9573948356009245,0.6122435780794927
1.3882091212458287,4.087467619202781,-2.0174523712018186,-0.4956746509977279,0.07344145846777753,42.416431063278026,0.023575769458495266,4.160850814263052,-2.1182003158738785,-0.472098881539182,0.08881395772711287,0.9822448444131374,0.8702928870292888,1.0720116565466198,0.31508510667856,0.9571532647737675,0.5945002012803018
1.3815350389321468,4.084070357236848,-1.994952277970631,-0.5012651235032308,0.07361323833549907,31.843211112977496,0.03140386804748019,4.157708154427106,-2.128287847505033,-0.4698612554557826,0.1127336869019327,0.9375649807674108,0.8661087866108786,1.0716840280297213,0.31235015281240774,0.9568607393122511,0.589339910966807
1.3748609566184649,4.080529230291279,-1.9362497283558753,-0.5164623061556881,0.07386064246841131,20.754704196240247,0.04818184786180435,4.154544439398103,-2.135472412501285,-0.46828045829386156,0.16410134529144077,1.3385303235241175,0.8619246861924685,1.0712048900428106,0.30841116450845113,0.9564329375382237,0.5819078575631154
1.3681868743047834,4.077001557021873,-1.8435875716893482,-0.5424206668325837,0.07425637757280901,13.310181386139417,0.07513045622664105,4.151405844248317,-2.139997751511408,-0.4672902106059382,0.2510284963520353,1.887625337542692,0.8577405857740588,1.0704335939576672,0.30231210705759065,0.9557442803193457,0.570400201995454
1.3615127919911014,4.073455268791917,-1.74028213953244,-0.5746194696158113,0.07486349616665344,9.160375132601096,0.10916583497122012,4.14832029031863,-2.148441704110033,-0.46545363464457523,0.36414021368048805,1.9789591811635288,0.8535564853556487,1.0692244443147845,0.294366928827447,0.9546646824239146,0.5554092996744283
1.3548387096774195,4.069883106550393,-1.6439133342541745,-0.6083045737041175,0.07571354110968849,6.8622391133278935,0.14572502990427605,4.145248262195592,-2.16179036320008,-0.46257954379984767,0.4846191420066993,1.1195733480706516,0.8493723849372385,1.067483546528986,0.2870459445713944,0.9531103094008804,0.5415961218328196
1.3481646273637375,4.065761125575231,-1.5604282165738792,-0.6408497291824347,0.07680865785614324,5.540594501262132,0.18048604707891958,4.142168080890853,-2.172195676753993,-0.4603636821036048,0.6021866998437616,0.756107766386395,0.8451882845188284,1.0651530980108026,0.2831827851410738,0.9510295517953593,0.5343071417756109
1.3414905450500556,4.061204742483346,-1.4902426682597336,-0.6710316522930952,0.07812269857904006,4.718076243724869,0.2119507927261708,4.139083901870483,-2.1782655041275274,-0.4590808595669955,0.7127454293147325,0.5062708699863703,0.8410041841004184,1.062227533993369,0.28027182734377465,0.948417441065508,0.5288147685731597
1.3348164627363737,4.05635081789742,-1.4339373097792207,-0.6973805571416278,0.07963781193035245,4.18046272796691,0.2392079693260012,4.136011664031527,-2.1825836520855724,-0.458172587815568,0.8211988882085611,0.41739317428883965,0.8368200836820083,1.0586752353246,0.27827987675337224,0.9452457458255357,0.5250563712327778
1.3281423804226922,4.051475642391945,-1.3993875182963003,-0.7145983417212847,0.08131568593378082,3.8814104068792745,0.25763830545402655,4.132976162897623,-2.1883751764568413,-0.45696003626721904,0.9199755565943606,0.4088477365372195,0.8326359832635986,1.0545059026818657,0.27637905504946875,0.9415231273945229,0.5214699151876768
1.3214682981090102,4.046681317820267,-1.3914959969790348,-0.7186510073841532,0.08307681044586773,3.79327381433326,0.26362452302319994,4.129939593206362,-2.1976742769260915,-0.45502648436087156,0.9978008050348468,0.4171748990817333,0.8284518828451884,1.0498545956073377,0.2743762448907817,0.9373701746494086,0.5176910280958146
1.3147942157953283,4.041980074447759,-1.407429525063126,-0.7105151499185354,0.08483458946690477,3.883350513955932,0.25750959034117926,4.126923197029453,-2.207478426827543,-0.4530055595773774,1.0485126342784385,0.4119174225681873,0.8242677824267783,1.0449161259071034,0.27237723939059705,0.9329608267027708,0.5139193196049001
1.3081201334816464,4.037288699257327,-1.4422814503530366,-0.6933459483620368,0.08651409085086682,4.126634469172254,0.2423282235125095,4.1238492201302845,-2.217207761254596,-0.45101772484963476,1.0694458256469597,0.3956153979241936,0.8200836820083682,1.039908110413847,0.2704672540116627,0.9284893842980776,0.5103155736069107
1.3014460511679644,4.032721491404196,-1.4869688192629855,-0.6725090580551978,0.08806922648820636,4.4707747996667315,0.2236748762372338,4.120841781551729,-2.227994302816782,-0.4488341818180288,1.0695899547499956,0.4094915880109155,0.8158995815899581,1.0350191922880032,0.26870796749474135,0.9241242788285743,0.5069961650844176
1.2947719688542825,4.028332542883568,-1.5284784063075967,-0.6542454220310105,0.08949973992188666,4.823702313851266,0.20730964204165314,4.117877201295212,-2.2374579185043846,-0.44693577998930323,1.066072153997042,0.48237520616012297,0.8117154811715481,1.030305736204973,0.26676816784560764,0.9199158358972972,0.5033361657464295
1.2880978865406005,4.024115234215104,-1.5645915316232295,-0.6391444538642759,0.09083642971901823,5.160978014770554,0.19376172445184459,4.114942346360787,-2.245259939286718,-0.44538272941247214,1.062216812837502,0.5385296308627789,0.807531380753138,1.0257090433810376,0.2644020149563976,0.9158116458759263,0.4988717263328256
1.281423804226919,4.019877556754193,-1.601206727531491,-0.6245289773055447,0.09208610331835172,5.518903888314387,0.18119540043402083,4.111951157794629,-2.2556378586452697,-0.44333357687150965,1.0545772477040996,0.48419625941499667,0.8033472803347281,1.0212427846673744,0.26216910355471806,0.9118239148815842,0.49465868595229817
1.274749721913237,4.015661473941384,-1.6357412469523631,-0.6113436351031396,0.09325505575373255,5.890093940588562,0.16977657913212774,4.108983992954095,-2.264661700817167,-0.4415670559709497,1.0444455133473005,0.5379464533155461,0.7991631799163181,1.0169165468505243,0.26030730717194134,0.9079612025451109,0.49114586258856857
1.2680756395995552,4.011754902912852,-1.6669382728513038,-0.599902237705237,0.09435230904647804,6.275196224647417,0.1593575665526199,4.106051010542373,-2.2699173670260757,-0.44054467115256557,1.0310169486009144,0.685643019519959,0.794979079497908,1.0127184156836562,0.2570466302542168,0.9042128711461215,0.48499364198908834
1.2614015572858732,4.007779754678576,-1.6959702039468116,-0.5896330004341053,0.09538218678669302,6.6698336767817805,0.14992877610742816,4.10313009315236,-2.2742560673168852,-0.4397042243267606,1.0150488715602923,0.6105326485628102,0.7907949790794979,1.0086584938020393,0.2546022079114746,0.9005879408946779,0.48038152436127274
1.2547274749721913,4.003792347089367,-1.7226969377529724,-0.5804851556213748,0.09635358303233917,7.010694993439602,0.1426392106539751,4.100172189985329,-2.2839083277896006,-0.437845944967421,1.0064281322913395,0.6754764931800753,0.7866108786610878,1.0047273822490337,0.25223994016210194,0.8970780198652085,0.4759244154001923
1.2480533926585093,3.9999809009516722,-1.749680368615269,-0.5715329599265146,0.09728615845281952,7.358550856013407,0.13589632246447003,4.097257905771128,-2.295491044614605,-0.43563663746198245,0.9967591064741163,0.7663677833335101,0.7824267782426777,1.000860192845786,0.24918327534522336,0.8936251721837375,0.47015712329287423
1.2413793103448278,3.9961963451349125,-1.7766855215270123,-0.5628458091674702,0.0981675495168482,7.77259578543477,0.1286571471880631,4.09437150775008,-2.3031462761858115,-0.4341886619794195,0.9796058186949151,0.7710388287812584,0.7782426778242679,0.9971209312908602,0.2463761514683306,0.8902865457954108,0.46486066314779356
1.234705228031146,3.992423917404892,-1.7978313407915842,-0.5562257022172616,0.0990034952339727,8.091536740891007,0.12358591847534317,4.0914405356637795,-2.3113916879096443,-0.4326397837418767,0.9721171520441624,0.8599250330886764,0.7740585774058578,0.9934984600331649,0.2433746638328848,0.8870521964581829,0.4591974789299713
1.228031145717464,3.9888242072306053,-1.8237840862525487,-0.5483105196157112,0.09981719470228105,8.45971850523382,0.11820724287472739,4.08861256454996,-2.3250229748944555,-0.4301032767409083,0.9602535190981918,0.8972216012960965,0.7698744769874478,0.9899033958488007,0.2399258554621858,0.8838423177221434,0.45269029332487887
1.221357063403782,3.9851741399097476,-1.8542407462304358,-0.5393042958596084,0.10058134497201135,8.916837195983808,0.11214738791579659,4.085734973086342,-2.3410601149207566,-0.42715690794375405,0.9427032591900325,0.7939504794327781,0.7656903765690377,0.9864664377452291,0.23678524269151252,0.8807736051296687,0.4467646088519104
1.2146829810901,3.981542062597866,-1.8720735111661353,-0.5341670580965001,0.10131415649870994,9.184759385533972,0.10887601493132237,4.08291289823481,-2.351330967512729,-0.42529104316514577,0.9390402295764259,0.8567604207789583,0.7615062761506276,0.9831160794232167,0.23413452338597346,0.8777822137707291,0.44176325167164804
1.2080088987764181,3.9779790185992785,-1.8880028782251137,-0.529660209490828,0.10203463994328596,9.41787460982729,0.10618106966050789,4.080000296841974,-2.3613914026566825,-0.4234791398304196,0.9378530908720716,1.0470503190553782,0.7573221757322175,0.9797709623883223,0.23016272391241624,0.8747955021324305,0.4342692904007853
1.2013348164627367,3.9745169712252952,-1.9074829559822368,-0.5242510801282947,0.10273147889684794,9.71869527752776,0.10289447003367513,4.077223359155405,-2.373286608166194,-0.4213566100946764,0.9320547552005836,0.9603309650863457,0.7531380753138077,0.9764850696061386,0.22667473464873047,0.871861669291195,0.4276881785825103
1.1946607341490547,3.971029605695041,-1.922391819291154,-0.5201853180839748,0.10340809226854075,9.996269778128868,0.1000373161384589,4.074433461349099,-2.3801136632075814,-0.420148001945563,0.9256659912086066,0.9911504573311389,0.7489539748953976,0.9732483573181918,0.22342757281836007,0.8689717476055283,0.4215614581478492
1.1879866518353728,3.967623031836229,-1.9351599364411607,-0.516753153663899,0.10406679346154374,10.26542480532928,0.09741438069672981,4.071665423727856,-2.3847067442013827,-0.419338772967194,0.9191908438328705,0.9879793580766494,0.7447698744769875,0.9700573244055611,0.21973230927458526,0.8661226110763938,0.4145892627822363
1.1813125695216908,3.9641108681987562,-1.9459505660472154,-0.5138876688071718,0.10470839545915339,10.47732011298409,0.09544425379928434,4.068827575987489,-2.389809384337155,-0.41844341500791415,0.917205188775127,0.921192126808469,0.7405857740585774,0.9669077974280557,0.21654247265583665,0.8633105334179068,0.40857070312422006
1.174638487208009,3.9606612698282104,-1.9545655639730215,-0.5116226431244968,0.10534079907399249,10.56536913226287,0.09464884638496507,4.06604437321207,-2.3982322338223816,-0.4169737967395122,0.9239259599489204,1.024385265074792,0.7364016736401674,0.9637658073674786,0.21341254017744485,0.8605051851495344,0.40266517014612235
1.167964404894327,3.957331358682958,-1.966165918991906,-0.5086040757499859,0.10597178384248998,10.761486292179635,0.0929239672708313,4.063289099048479,-2.4056960619519048,-0.41568010847913683,0.9223775123038224,1.1694648590431531,0.7322175732217573,0.9605977616992522,0.20926101196958888,0.8576765729457607,0.39483209805582803
1.161290322580645,3.953940326347956,-1.9814671078181214,-0.5046765581191721,0.10658116348695132,11.108603756370035,0.09002031415753464,4.060485437314578,-2.411636179515723,-0.4146562439616446,0.9103551394950788,1.0620982635170355,0.7280334728033472,0.9575026677343906,0.20544695923693368,0.8549130961914201,0.3876357721451579
1.1546162402669635,3.950555137257097,-1.9965520098968228,-0.5008634861716814,0.10717338981567173,11.374385871552487,0.08791683448167653,4.057714683138541,-2.4216203131993383,-0.4129466516899356,0.9042177787558121,1.0003624503122044,0.7238493723849374,0.9544645697728739,0.20205939862571154,0.8522005087257801,0.3812441483503991
1.1479421579532816,3.947166405431533,-2.013211184349938,-0.4967188776685134,0.10775469186712938,11.645125259314153,0.08587284187434285,4.054940683537066,-2.4340018227679034,-0.41084603579417944,0.8985300473797969,1.024334948944028,0.7196652719665273,0.9514573150094416,0.1987573193717313,0.8495154598298585,0.3750138101353421
1.1412680756395996,3.943884978190832,-2.0256716589054298,-0.4936634205270707,0.10831963464603006,11.918361006085263,0.08390415422803699,4.052239958336705,-2.440457317858972,-0.4097592662990337,0.8915018218304365,1.1473437857973767,0.7154811715481172,0.9485065468831442,0.19525387345676307,0.8468808454313786,0.3684035348240812
1.1345939933259177,3.94066551383067,-2.0339378268631814,-0.4916571130112857,0.10887465833068495,12.126903776562322,0.08246127935250058,4.049540864705514,-2.4438176485297274,-0.40919583365871404,0.8862537726591831,1.2670396262371026,0.7112970711297071,0.9455825836069258,0.1910786580297145,0.8442701639347551,0.3605257698673858
1.1279199110122358,3.9374301183788765,-2.053039427675769,-0.48708270602094217,0.10942034137821027,12.477915410355365,0.08014159153299794,4.046822761345376,-2.4573579920977777,-0.4069411144878927,0.876092559075506,1.188314841166758,0.7071129707112971,0.942690150170454,0.18693855163307838,0.8416876340807624,0.3527142483642988
1.1212458286985538,3.9341479532511,-2.074774015891614,-0.48198020234519845,0.10994440148796636,12.972314186056717,0.07708724793875632,4.044082289738066,-2.4697885925574443,-0.40489295440647766,0.8578125924733848,1.1333384532685857,0.702928870292887,0.9398849887860172,0.18329573993439457,0.839183025701801,0.3458410187441407
1.1145717463848723,3.9309095469036692,-2.0888433224932714,-0.4787338472118563,0.11044931465436719,13.364100030026348,0.07482733575423772,4.041373490958917,-2.475820447636273,-0.4039065114575351,0.8437587717498339,1.1781895218619447,0.6987447698744771,0.9371691940742232,0.17964710471206702,0.836758208994842,0.3389568013435227
1.1078976640711904,3.927701754326169,-2.096665444571056,-0.4769478137722558,0.1109432090842409,13.579565083439212,0.0736400609191481,4.038666401626811,-2.4794960992589465,-0.40330775285303844,0.839149548630905,1.2499139912756039,0.6945606694560671,0.9344928254322753,0.17574901791548628,0.83436859413596,0.3316019205952571
1.1012235817575085,3.924502086989538,-2.1037963797274664,-0.4753311725584126,0.11143227431068509,13.700618186785855,0.07298940721992331,4.035950845532142,-2.4854491533056935,-0.40234176533846266,0.8391361026773431,1.3289115348187677,0.690376569037657,0.931826831296551,0.17168219798190892,0.8319882422290633,0.323928675437564
1.0945494994438265,3.9214273130908195,-2.1148780541322205,-0.47284050162897984,0.11191748370786614,13.850111738059912,0.07220158356210327,4.033334678353778,-2.4960131302886905,-0.4006389180670453,0.8392254380628164,1.363815866334173,0.6861924686192469,0.9291686902805935,0.1672909374446216,0.8296149020362441,0.31564327819739924
1.0878754171301446,3.9183247086497706,-2.128410275605986,-0.46983422860768087,0.1123960329344284,14.086959803870503,0.07098763778152062,4.030697396311576,-2.507229654210178,-0.39884659082616736,0.8344928070256231,1.2641050942274428,0.6820083682008368,0.9265299839084115,0.16306873255141657,0.8272589142039387,0.3076768538705973
1.0812013348164626,3.9151320721675766,-2.1392833604506927,-0.4674462572313587,0.11286503838348157,14.240389767177257,0.07022279701254419,4.027996202922237,-2.5174746714341474,-0.39722346021869726,0.8339568129815063,1.20377402037066,0.6778242677824267,0.9239348142749114,0.15931226252865252,0.8249417984597422,0.3005891745823632
1.0745272525027811,3.91198378592282,-2.145796121045898,-0.4660274991608162,0.11333337838954577,14.167488546893203,0.07058414034993454,4.025339159757225,-2.5288071672442882,-0.39544335881083725,0.8448347551721014,1.2322412958627627,0.6736401673640169,0.921326359614489,0.15555772991119535,0.8226128210843652,0.2935051507758403
1.0678531701890992,3.9088569417775547,-2.143055014408235,-0.46662357861873716,0.1138072071089534,13.809626772412937,0.07241325319505876,4.022693437061551,-2.536716913554738,-0.39421032542361445,0.8687722675137683,1.2795666595088955,0.6694560669456068,0.9186787256105897,0.15163950414163402,0.8202488621523122,0.28611227196534716
1.0611790878754173,3.9057527059223647,-2.1291286172901183,-0.4696757123450652,0.11429996241439641,13.206509621061466,0.07572023408859074,4.020071265030653,-2.5383578987796183,-0.39395547825654376,0.9064422794511915,1.2817286715938085,0.6652719665271968,0.9159104423258821,0.14758388338040215,0.817777180648109,0.27846015732151347
1.0545050055617353,3.902623352343657,-2.1130993313189514,-0.4732385199212672,0.11481793325919043,12.520330421986365,0.07987009657859723,4.017443417976936,-2.5421460917034633,-0.393368423342622,0.952708965362041,1.2652172420664216,0.6610878661087867,0.9129888564641521,0.14360204156545814,0.8151686218429929,0.27094724823671346
1.0478309232480534,3.899518753065547,-2.095229203963523,-0.47727475261814334,0.11536608161233097,11.718801180505777,0.08533296064989138,4.014848653379767,-2.551399265126562,-0.39194179196817913,1.012657926641546,1.141048147641967,0.6569037656903766,0.9098823743606937,0.13959168879351083,0.8123949771077622,0.26338054489341667
1.0411568409343714,3.896333434337657,-2.067287685328733,-0.4837256116296089,0.11595697166608554,10.79718089786958,0.09261676816004005,4.012247900236443,-2.5568330062011424,-0.39110884346951025,1.0882545755141497,0.9733352581107106,0.6527196652719665,0.9065195957038503,0.1362179230032762,0.809392496164152,0.25701494906278527
1.0344827586206895,3.8930906683353155,-2.036541407989541,-0.4910285624819153,0.11660234548098558,9.993092618683319,0.10006912155806269,4.009643930398792,-2.5578100828997914,-0.39095944092389345,1.1646993858042956,0.7983510202721344,0.6485355648535563,0.9028313243222956,0.13324867678360444,0.8060993967163353,0.25141259770491403
1.027808676307008,3.8897046504869635,-2.0137511280593325,-0.4965856932697079,0.1172927107747582,9.44529402160262,0.10587282912663909,4.006982018492049,-2.5594243030449566,-0.3907128641430404,1.2246256072986983,0.7306626637843865,0.6443514644351466,0.8988696934571475,0.13085577803946416,0.8025622263010245,0.24689769441408332
1.021134593993326,3.8863903918852984,-1.9973347290921113,-0.5006672068705029,0.11801555343373268,9.06084805356016,0.11036494532176633,4.004396966576048,-2.562116847676096,-0.3903022615486975,1.2710848403265582,0.6632702785541479,0.6401673640167365,0.8947058264250256,0.1284046515548966,0.798844487879487,0.24227292746206908
1.0144605116796441,3.8829812976632834,-1.984502651329018,-0.5039045925840924,0.11876588023400314,8.745548475507787,0.11434388624115854,4.001772301395793,-2.5669940107349816,-0.3895607063429338,1.312741116619307,0.5583610906995147,0.6359832635983264,0.8903691403847408,0.12635103040737303,0.7949724467720899,0.2383981705799491
1.0077864293659622,3.8795880348903276,-1.9718264526087952,-0.5071440230842654,0.11954183445141221,8.475542206061935,0.11798655185561735,3.999207546139471,-2.569653864906607,-0.38915747122865696,1.3496964021701405,0.5471314644840025,0.6317991631799164,0.8858712169143024,0.1245994497464085,0.7909564436734842,0.2350933014083179
1.0011123470522802,3.876174843897901,-1.9569906060481956,-0.5109886562099177,0.12034078415198693,8.201653781893397,0.12192662926197606,3.996593107199868,-2.570284249646838,-0.3890620269479541,1.387051045566348,0.6531771765448519,0.6276150627615062,0.8812288048273201,0.1226212518635803,0.7868114328815358,0.231360852572793
0.9944382647385983,3.8728696515941916,-1.9422393508696172,-0.5148696011911511,0.12116933117126064,7.90516998280381,0.12649949364470459,3.99402208500276,-2.574863462889587,-0.3883701075465069,1.430301090407052,0.6851857712233397,0.6234309623430961,0.8764051093894114,0.11994541453051713,0.7825045619548315,0.22631210288776815
0.9877641824249168,3.869472601947197,-1.9283735902275152,-0.5185717150803839,0.12202932021843457,7.620079985897222,0.1312322182773329,3.9914236565837764,-2.5817145120841696,-0.3873394968031221,1.474424962855263,0.45095084443361333,0.6192468619246864,0.8713929616847664,0.11779564927507795,0.7780294300756843,0.22225594202844895
0.9810901001112349,3.866006744623997,-1.913704061229827,-0.5225468348315871,0.12292104042524057,7.362911144045165,0.1358158451781346,3.9888585544456507,-2.585776745990912,-0.3867309896534721,1.5144813443902279,0.3223124429564813,0.6150627615062763,0.8661937941152371,0.11645888887894355,0.7733873161743188,0.21973375260178027
0.9744160177975529,3.862443226451744,-1.8972515152626273,-0.5270782455332892,0.12384221247887686,7.1124397549843845,0.1405987304566203,3.986256738293627,-2.587459259779103,-0.386479515076644,1.552834802329319,0.24166895126187776,0.6108786610878661,0.8608252119952398,0.11545335997354725,0.768593939281464,0.21783652825197594
0.967741935483871,3.8588193640925654,-1.8807838302113482,-0.5316932142529254,0.1247977754257739,6.840675567123906,0.1461843921974566,3.983641049489483,-2.5939743600891827,-0.3855088220554421,1.5970403088602854,0.20464153896550727,0.606694560669456,0.8552638882599953,0.11469081091700987,0.76362847166071,0.21639775644718842
0.9610678531701891,3.855233073811888,-1.867784469863243,-0.5353936795893901,0.12579350581187965,6.59165499174674,0.1517069690771251,3.9810810094742033,-2.6062930317944724,-0.3836867105121655,1.6412766963366068,0.2131551106129119,0.602510460251046,0.8494840474732578,0.11399449303065295,0.7584678995296944,0.21508394911443954
0.9543937708565071,3.8517199390167183,-1.8597574283691933,-0.5377045332610351,0.12682278502413377,6.4399919058841375,0.15527969826892374,3.97857435338188,-2.6148929371197203,-0.38242483499209357,1.6664804241558502,0.2570147664391985,0.5983263598326359,0.8435304141057453,0.11313440448164921,0.7531521554515582,0.2134611405314136
0.9477196885428256,3.848178212310681,-1.8568388327000585,-0.5385497019931904,0.1278662047876606,6.376332924166961,0.15682995412769252,3.9760246889524025,-2.619722992042112,-0.3817197478655885,1.6718029416535647,0.21515679024863757,0.594142259414226,0.8375227402334084,0.11212705796974329,0.7477881609226861,0.21156048673536468
0.9410456062291437,3.8445392113547046,-1.855275623372062,-0.5390034706446727,0.12891617707033204,6.334823148687772,0.157857603366109,3.973434188399178,-2.6236674350950255,-0.381145867278633,1.6707538378140099,0.17037715382697197,0.589958158995816,0.8315124087614749,0.1114570554410387,0.7424217935370311,0.21029633102082773
0.9343715239154617,3.8409463417807275,-1.8531884254984723,-0.5396105362200387,0.1299733140650725,6.288317112633843,0.1590250590242821,3.9709131850448562,-2.6275306335079414,-0.3805854771957229,1.6688959150591895,0.1572098827664471,0.5857740585774059,0.8255021557308286,0.1108856101684169,0.7370554961882397,0.20921813239323941
0.9276974416017798,3.837362711370388,-1.8482912126807516,-0.5410402825805818,0.13103886973806442,6.230104063464836,0.16051096254784802,3.9684116448113635,-2.627918395129508,-0.3805293200326787,1.6660291836414525,0.16403068661810305,0.5815899581589958,0.8194916684375825,0.11032449954107833,0.7316889896764128,0.2081594330963742
0.9210233592880979,3.833741712767667,-1.8412233395426343,-0.5431171648347686,0.13211584081765784,6.160596911808364,0.1623219331365835,3.9658709843628874,-2.626083303460158,-0.3807952316982437,1.6623150546955392,0.18129277903478064,0.5774058577405857,0.8134702910552755,0.10969298654363493,0.7263127598707816,0.20696789913893382
0.9143492769744159,3.8300667263184205,-1.8383884296886055,-0.5439546854466357,0.1332055696242035,6.099827893163846,0.16393905164450828,3.963278863664745,-2.6314706844942584,-0.38001563380220205,1.6580681611807926,0.19175239731184798,0.5732217573221756,0.8074405402839208,0.10900569524707551,0.7209290538249292,0.20567112310768965
0.907675194660734,3.8264492179527054,-1.841518002709634,-0.5430302601052972,0.13430412626786264,6.0667130649430545,0.1648339041743334,3.960753193773792,-2.644129125831118,-0.37819635593086787,1.650151825828745,0.19978756904758183,0.5690376569037656,0.8014313390100953,0.1083002245566726,0.7155636955447279,0.20434004633334452
0.9010011123470525,3.822820176788534,-1.8440372191861534,-0.5422884037239442,0.13540579971329356,6.043052341158894,0.16547928820491187,3.95822207674264,-2.653863611082386,-0.376809115518995,1.6375212530903727,0.20835967978884262,0.5648535564853557,0.7954790980017862,0.10755529034886582,0.7102491946444519,0.20293451009219965
0.8943270300333706,3.81922161099434,-1.843153840164234,-0.5425483094297192,0.1365129710492407,6.011552116169701,0.1663463911940859,3.955732077848708,-2.658146999063325,-0.3762019182356653,1.6220066821876742,0.2169573445268346,0.5606694560669457,0.7895776171412152,0.10679153177699226,0.7049800153046564,0.20149345618300424
0.8876529477196886,3.8155921882990316,-1.8420091221264747,-0.542885476509241,0.1376262187281201,5.9785186341959955,0.16726551528671152,3.9532191565921693,-2.6622653299502814,-0.37561996122252594,1.605571616897698,0.23022881111003837,0.5564853556485356,0.783731903182576,0.10598139357800301,0.6997606278415857,0.1999648935434019
0.8809788654060067,3.811966787389421,-1.8423504368588277,-0.5427849012834827,0.13874565868376856,5.946348171457935,0.16817044195291686,3.9507172131891237,-2.6694111107913185,-0.3746144593305303,1.5894341258347444,0.243552991726644,0.5523012552301255,0.7779422469974735,0.10512005321662314,0.6945912919620298,0.19833972305023234
0.8743047830923247,3.8083689365367355,-1.8405825346225368,-0.5433062528788355,0.13987098547276416,5.909337775663036,0.1692236995012184,3.948251511864256,-2.673206731965478,-0.3740825533776615,1.571538860755738,0.25827798413391045,0.5481171548117154,0.7722155165079959,0.10421457533253384,0.689478139739282,0.19663127421232798
0.8676307007786428,3.8047518041909596,-1.8360565355146379,-0.544645538226689,0.1410044844835624,5.856276456382457,0.17075696604284296,3.9457735631123967,-2.674593647403658,-0.3738885721839438,1.5544445070417232,0.2791958368370924,0.5439330543933053,0.7665445366056124,0.10324242657666637,0.6844147648264396,0.19479703127672898
0.8609566184649613,3.80108882442393,-1.8301670020262548,-0.5463982242565066,0.14215027756677315,5.780268202358073,0.17300235300362843,3.9432524582636814,-2.678122810101528,-0.37339587125285334,1.5410637598523955,0.30012122525473217,0.5397489539748955,0.7609142869070807,0.10217640814154066,0.6793877561670363,0.19278567573875596
0.8542825361512794,3.797388790799987,-1.8226878429773463,-0.5486402972691735,0.14331374837237607,5.676226463454273,0.17617337969835845,3.940705289419457,-2.684802200748523,-0.3724669175707618,1.5325557585410565,0.30800628938605285,0.5355648535564854,0.7553047607722656,0.10105049009268247,0.6743792506895228,0.190661302061665
0.8476084538375974,3.7937345115197925,-1.8126457098918864,-0.5516797874746544,0.14450186884194594,5.543466590124027,0.18039253664512955,3.9382268535673743,-2.6933324474943015,-0.3712872508294822,1.52905553668166,0.2979580015092038,0.5313807531380753,0.7496908730678222,0.09992077592827353,0.6693668509534126,0.1885297659024029
0.8409343715239155,3.7900872493168487,-1.7983607882217985,-0.5560619462731893,0.14572165764906303,5.387556311521411,0.1856129091145604,3.935791618818722,-2.6994266408949987,-0.3704490371586644,1.5263636049715608,0.2751404480941971,0.5271966527196653,0.7440449688188172,0.09885249775659642,0.664325865016801,0.18651414671055927
0.8342602892102335,3.786364732927865,-1.7850179344801307,-0.5602184609373353,0.146979460509771,5.218658006991224,0.19162014423254803,3.9333278832431136,-2.712980376415085,-0.3685983167048903,1.5279134176545328,0.25408881271628325,0.5230125523012552,0.7383616679426578,0.0978705503492114,0.6592514892345158,0.18466141575322903
0.8275862068965516,3.782611304011852,-1.7735695405129233,-0.5638346719186416,0.1482794348801983,5.048828220433996,0.19806576027933076,3.930876384314519,-2.733966633518368,-0.3657689116392362,1.5320288842900076,0.23521864568376621,0.5188284518828451,0.7326191448631254,0.09694834692690263,0.6541242364849333,0.1829214092960427
0.8209121245828701,3.7788228546316756,-1.758811375986751,-0.568565801684656,0.14962327488502342,4.886681907800711,0.20463783378322198,3.9284373539598234,-2.747796509750631,-0.36392796790136117,1.5308013318842326,0.21943578720457074,0.5146443514644353,0.7268313313003765,0.09609453180647329,0.6489565458039075,0.18131043737070432
0.8142380422691882,3.7749974713269117,-1.739926909839336,-0.5747367859793258,0.15101097437452377,4.7394879506097904,0.21099325716638617,3.926006070984187,-2.7491898021211596,-0.36374352881290406,1.5211810208590681,0.211242855972647,0.5104602510460252,0.7210015288116035,0.09528067457978355,0.6437513650103602,0.1797748576977048
0.8075639599555062,3.7711273788798887,-1.7214764835114065,-0.5808966951208276,0.15243964761694406,4.612209712727775,0.21681581330537014,3.9235702022635834,-2.7466424356422876,-0.36408088181531184,1.5050667501651998,0.21109792663583785,0.5062761506276151,0.7151614182036096,0.09447380177326853,0.638536980538937,0.17825245617597835
0.8008898776418243,3.76724260859116,-1.7074922253593892,-0.5856542039537089,0.15390506754433964,4.502294758204647,0.2221089585877678,3.9211540487640386,-2.750689254630002,-0.36354524536596955,1.4875704275743997,0.21973811581567218,0.502092050209205,0.7093312720263584,0.09364339041456436,0.633331492880677,0.17668564229163086
0.7942157953281423,3.7633751874195234,-1.6986559966322705,-0.588700715143375,0.15540439456138594,4.405098433175549,0.22700968324994264,3.9187822536031085,-2.7647906965374998,-0.36169103189342877,1.4701091176631218,0.23227806271395837,0.49790794979079495,0.7035320987037188,0.09275213166231927,0.6281536595568917,0.17500402200437598
0.7875417130144604,3.7594102517687342,-1.6936852786306997,-0.5904284654398566,0.1569352301683656,4.320270907168765,0.2314669661897053,3.9163446618939775,-2.785814083373743,-0.3589614992501424,1.4526040323552531,0.24062279466026304,0.4937238493723849,0.6977785192505093,0.09181610301562926,0.6230165350450975,0.1732379302181684
0.7808676307007785,3.755410537730521,-1.689130935878169,-0.5920204163924723,0.15849405373188258,4.246917046662367,0.23546492408790876,3.9139083193669753,-2.8046125261922827,-0.3565554923045511,1.4326222829947122,0.2522819191480323,0.4895397489539748,0.6920832064652045,0.09085515084574144,0.6179314343439325,0.17142481291649328
0.774193548387097,3.7514301224490034,-1.6840105378432442,-0.5938205121214537,0.16007825473906068,4.177024339034584,0.23940487745185735,3.9115136976087155,-2.8215459538976018,-0.3544156346695786,1.4126026235350575,0.269321448500943,0.48535564853556495,0.6864563402177518,0.08981672351923216,0.6129074466229927,0.16946551607402294
0.767519466073415,3.7474645487706093,-1.6783392110565685,-0.5958271089730829,0.16168966944870375,4.103297198961449,0.24370645154660053,3.909160846854963,-2.83993562692,-0.35212065742649656,1.3955929633942639,0.28066464191905033,0.4811715481171549,0.6808856078713813,0.08871707099648171,0.6079335784565904,0.1673906999933617
0.7608453837597331,3.7435147270360525,-1.6697811589653695,-0.5988808740779064,0.16333128857505538,4.025823015888398,0.2483964138645387,3.906855475272724,-2.8531935464160214,-0.3504844602134085,1.3795172756043956,0.29213072579148375,0.4769874476987448,0.6753564413706572,0.08758365077687726,0.6029968226523724,0.16525217127712688
0.7541713014460512,3.739582923791363,-1.6608504436726605,-0.602101172811615,0.16500530567381444,3.947064005696918,0.25335287154114283,3.9045900751737284,-2.8673974793781296,-0.34874830127034784,1.3656207981481483,0.306575634549234,0.47280334728033474,0.6698574440130638,0.08637776459425865,0.5980870035830926,0.1629769143287899
0.7474972191323692,3.735557050639632,-1.652627721904901,-0.6050969536244679,0.16671308441320193,3.868514720221387,0.25849714226827913,3.902255977905546,-2.885171795354102,-0.34659981135621365,1.3547939146676051,0.3111670916064491,0.46861924686192463,0.6643808324130444,0.08511756428192796,0.593197171797361,0.1605991778904301
0.7408231368186873,3.731470871513292,-1.6427413089683651,-0.6087385728602612,0.1684557680845145,3.791029581506365,0.2637805847989849,3.8999001850183337,-2.8989037349733824,-0.3449579880613669,1.3458919000054845,0.29805954063721407,0.4644351464435145,0.6589147841581988,0.08386440990945426,0.5883167715698203,0.15823473567821558
0.7341490545050058,3.727391421735135,-1.6325554151887285,-0.6125366347116596,0.170234071084601,3.7201760492252265,0.26880448311263727,3.8976060928243164,-2.909241964559584,-0.34373215159894244,1.3382198125988192,0.28695063105876295,0.46025104602510475,0.6534447530570132,0.08269005321892965,0.583432815229476,0.15601896833760312
0.7274749721913238,3.7232703822458304,-1.625593893963036,-0.6151597909623661,0.1720438145776753,3.6625370640925214,0.2730347795805237,3.895303276253839,-2.9229081965138586,-0.3421250113817109,1.332369682022399,0.2868104783625033,0.45606694560669464,0.6479731868009255,0.08151821222296991,0.578547488215112,0.15380794759050925
0.7208008898776419,3.7191150771712924,-1.624040999265384,-0.6157480017144508,0.17387858427143785,3.618334846049117,0.2763702207085412,3.89298863981814,-2.9465688562050927,-0.33937778100590776,1.3304484476629324,0.2879157503721513,0.4518828451882846,0.6425043187550712,0.0803348969137119,0.5736645703170278,0.1515752771956828
0.71412680756396,3.7150320969162527,-1.6272765922428738,-0.6145236800965108,0.17573284978179382,3.590174032275872,0.2785380293573354,3.8907666806804344,-2.976317583206119,-0.3359856507391896,1.3310337113957234,0.2906801244870762,0.4476987447698745,0.6370380907876985,0.079151802338092,0.5687840096318736,0.14934302327941887
0.707452725250278,3.7109601272819828,-1.6349764388758816,-0.6116296089792854,0.17759655574228106,3.581788765734807,0.27919011013896267,3.888564116014688,-3.008066139819275,-0.33243949884030144,1.3326268182059822,0.2988186150443598,0.44351464435146437,0.6315861747473195,0.07795016629068387,0.5639162274529638,0.1470757854541205
0.7007786429365961,3.7068867634250875,-1.6451801284648204,-0.6078361771444065,0.17945952533426054,3.5928291783033175,0.27833218624444633,3.8863555477916947,-3.0348646074619943,-0.32950399090003657,1.3337633316026685,0.31293509812405135,0.4393305439330543,0.6261583887232177,0.07671081230200998,0.5590699899314443,0.14473738170190562
0.6941045606229146,3.702835235829311,-1.6566255754050077,-0.603636702732615,0.18131177958536593,3.6197560909557893,0.27626170793622506,3.88414986754977,-3.054601041297961,-0.32737499479640064,1.3345598628341986,0.3273145758237275,0.4351464435146445,0.6207646909974723,0.0754075532740144,0.5542541883906003,0.14227840240380074
0.6874304783092327,3.698849203811153,-1.6666769050053047,-0.5999963142207321,0.18314711209202983,3.6582074034461876,0.273357929093347,3.881993487147675,-3.0614895417459396,-0.32663838512729626,1.3344117515330118,0.33394563490556795,0.43096234309623443,0.6154052892360076,0.07407248808223502,0.5494690082464353,0.1397594114759151
0.6807563959955507,3.6948576042519923,-1.6799880306861024,-0.5952423360966463,0.1849606062250992,3.7134114944853573,0.26929415215228936,3.8798172591945423,-3.0679723012988203,-0.3259481839443765,1.3349064198756742,0.34512619037863884,0.4267782426778243,0.6100775449352831,0.07273299808174032,0.544712093692217,0.1372320718523402
0.6740823136818688,3.690891447310251,-1.7044253657676884,-0.586708001467457,0.18674169476814495,3.786519282512179,0.26409478610565706,3.877629275092657,-3.0996870319716643,-0.3226132153619119,1.3417124488517869,0.36235313305728123,0.4225941422594142,0.604799036354644,0.07132627150288996,0.5399991396023607,0.13457787076016972
0.6674082313681868,3.687032595461127,-1.7337326643878153,-0.5767901940943716,0.18848578690726595,3.8709445994892087,0.25833487777943276,3.875518116906288,-3.14015797120755,-0.3184553163150099,1.3517166147131188,0.3810179522155932,0.41841004184100417,0.5995703595480226,0.06989434923506478,0.5353306781678773,0.1318761306321977
0.6607341490545049,3.683170851796328,-1.7634469413754752,-0.5670712152076476,0.19018999124573477,3.9759537681864345,0.25151197883674925,3.8733577713731666,-3.1689771197985652,-0.31555923637074557,1.3576072006826743,0.40587921957778206,0.41422594142259406,0.5943923921014573,0.06838775558245741,0.5307074929477297,0.12903350109897624
0.654060066740823,3.6793696190217444,-1.7979920170394195,-0.5561759955122625,0.19184301020653294,4.106870041872092,0.24349443488700118,3.8712114748355657,-3.1981418987435526,-0.312681560625208,1.361034294544302,0.4338271305825542,0.410041841004184,0.5892942950106537,0.06681845443262568,0.5261556205452265,0.126072555533256
0.6473859844271415,3.6756750245656904,-1.8418719673839576,-0.5429259024015209,0.1934401950484533,4.268258793668027,0.23428757447498327,3.8691164471221593,-3.2400382892103394,-0.3086383279265874,1.363526728578272,0.48321142298257425,0.4058577405857742,0.584288457822559,0.06516026702857743,0.5216861230558562,0.12294390005391967
0.6407119021134595,3.6722616915233397,-1.8937846561644973,-0.5280431419406,0.19497031932077066,4.478957937182803,0.2232662181750662,3.8672156225783696,-3.28108830434064,-0.3047769237655302,1.3589567343362212,0.5343916588162002,0.40167364016736407,0.5794128024373226,0.06328398370706287,0.517332859319038,0.11940374284351483
0.6340378197997776,3.66879388113421,-1.9525896266941345,-0.5121403833805402,0.19642038928438305,4.7551852285789336,0.21029675016441907,3.865215524647951,-3.312973639181901,-0.3018436332161514,1.3427802819597108,0.5757054325560588,0.397489539748954,0.5747087544666357,0.06139312626800091,0.5131328164880675,0.11583608729811493
0.6273637374860956,3.665317816619331,-2.0244890782762544,-0.49395178799949235,0.19777739496256494,5.121383413168455,0.19525974123099843,3.863121512446884,-3.347929785272787,-0.29869204676839445,1.3141399334085246,0.670413313909939,0.3933054393305439,0.5702296678437948,0.059327290390270286,0.5091336320033881,0.11193828375522695
0.6206896551724137,3.662037475744737,-2.109923986896084,-0.4739507234434086,0.19902674845543086,5.63649331890691,0.1774152728338425,3.8610992613987127,-3.37227807988696,-0.29653545060955366,1.262454967734996,0.7650529877528326,0.38912133891213385,0.5660367134969972,0.056901463579779474,0.505389922765176,0.10736125203731976
0.6140155728587318,3.6589283712241443,-2.1998906543451073,-0.4545680477458518,0.20014556323175975,6.305853379501553,0.15858281818773357,3.859179771065859,-3.3785469683492253,-0.29598522955819817,1.1934014153663302,0.8535113214185707,0.38493723849372374,0.562223182741041,0.05448773759189387,0.5019849845902151,0.10280705206017711
0.6073414905450503,3.655925791901933,-2.2726865235131575,-0.4400078891893031,0.201143538019672,6.8979357307322555,0.14497090709974536,3.8572169975679813,-3.3894056023686803,-0.2950369820894707,1.1452396047453197,1.0422853384061994,0.3807531380753139,0.5587738677474504,0.051631188801009496,0.49890523906022355,0.09741733736039528
0.6006674082313683,3.6530222514275,-2.319540101809073,-0.43111994451834335,0.20208065876590534,7.134857634999717,0.1401569661452733,3.8552420836607935,-3.4368633617631565,-0.29096297837310203,1.145536450325214,1.2448229177183383,0.37656903765690386,0.555492524162408,0.04827413802508899,0.49597546800215,0.09108327929262072
0.5939933259176859,3.650249382838495,-2.3326554961232584,-0.42869596546165667,0.203014376277451,6.953693841004604,0.14380845962806,3.8533271055517773,-3.5101574464411875,-0.28488750583363753,1.195325220273579,1.4583862153266018,0.3723849372384935,0.5521809156046553,0.04437968974776943,0.4930186746470136,0.08373526367503666
0.5873192436040044,3.6475183752217424,-2.2963080183176925,-0.43548164794225386,0.20400023775982834,6.460137239215069,0.15479547306358832,3.8514070727659564,-3.562697736831077,-0.2806861748786673,1.2815964305036096,1.4263062025415407,0.3682008368200837,0.5486381736169257,0.039831655651465375,0.4898555121579693,0.0751540672669158
0.580645161290323,3.644725882088352,-2.228424404477162,-0.44874755364861585,0.20508061173547432,5.858654755667734,0.17068764788240642,3.8494902589753,-3.5963473311423018,-0.278059905766213,1.391594970468822,0.6123389651565556,0.36401673640167387,0.5446995453146108,0.03596267738371187,0.48633887974518825,0.06785410827115447
0.5739710789766406,3.641710806012993,-2.1533784705223074,-0.46438655057113465,0.20627860458362018,5.277943166329481,0.18946774690176227,3.8476879367341787,-3.637437623955343,-0.27491880366943633,1.5177978895422075,0.23684883830559092,0.3598326359832635,0.5402597256036646,0.03442424951385003,0.482374755003272,0.06495141417707552
0.5672969966629591,3.6383938226664414,-2.087018063534902,-0.4791525370442855,0.20760965841269477,4.794819415496803,0.20855842803339186,3.845929302646803,-3.6955719533400964,-0.2705941090109718,1.6518389948536183,0.16249978265561454,0.3556485355648537,0.535240185669228,0.03380842384480759,0.4778930229189535,0.06378947895246714
0.5606229143492767,3.635029015657351,-2.033603409607939,-0.4917379638898183,0.2090624768154341,4.448444673950007,0.22479767048828947,3.844166354430474,-3.7461560683016475,-0.2669402934014329,1.773412538846431,0.12857753104177883,0.3514644351464433,0.5296495743652657,0.033341049706688115,0.47290140568327294,0.06290764095601531
0.5539488320355952,3.631627598372455,-1.999541720939771,-0.5001145960235363,0.2106102947262204,4.236743240958565,0.2360303523547369,3.8423596901446286,-3.7866704431425693,-0.2640842436687194,1.8717431347244142,0.10816525351668661,0.34728033472803355,0.5235705862955966,0.03294944959522434,0.46747373776392553,0.062168772821178005
0.5472747497219137,3.6282607354958847,-1.9953083157678952,-0.5011756790153754,0.21221304881571962,4.160472846165186,0.24035729518622517,3.840571191420653,-3.834085562982795,-0.2608183838291893,1.944850663805666,0.09816748186228166,0.3430962343096237,0.517138185502484,0.03261080858791197,0.461730522770075,0.061529827524362195
0.5406006674082313,3.6249471093687498,-2.0221240324303364,-0.49452950657934025,0.213818623471754,4.216537072838554,0.23716143904951004,3.838809277531465,-3.885485909723456,-0.2573680675298533,1.9863787790747789,0.09050876289422968,0.33891213389121333,0.5105556172596576,0.03229168893381669,0.45585322969612285,0.06092771496946545
0.5339265850945498,3.6217220294637547,-2.0659116905042882,-0.4840477957486655,0.21537871874741504,4.349117679105581,0.22993169506640143,3.837112517371245,-3.9352091320289486,-0.25411610068215396,2.006731958472197,0.08481987831495047,0.33472803347280355,0.5040266579631639,0.032009579932455685,0.45002380175282486,0.06039543383482204
0.5272525027808674,3.6185786420087696,-2.1063666303785262,-0.4747511594504772,0.2168877895905491,4.464846900394919,0.22397184546496973,3.835471475396019,-3.9875697245827495,-0.25077931398544706,2.031359482883929,0.08132276691304766,0.33054393305439317,0.4975905334844876,0.03174310750538557,0.44427726203972107,0.059892655670538815
0.5205784204671859,3.6153969594641113,-2.1397107912613547,-0.46735287969011097,0.218368331812576,4.544951614375886,0.22002434455780673,3.8337678287041594,-4.04320512174098,-0.2473285351323966,2.064873404877674,0.07876030706728233,0.3263598326359834,0.4911538077520463,0.031493422521863206,0.43853018549289846,0.05942155192804378
0.5139043381535036,3.6123309025009984,-2.168156545578284,-0.46122130896839053,0.21982471076373447,4.6176462427786245,0.21656054782539158,3.832155418218202,-4.087292115533673,-0.24466076114293855,2.094094276140119,0.07557985684599283,0.322175732217573,0.4847091003546016,0.031251638533459906,0.43277598245946564,0.058965355723509257
0.5072302558398221,3.6093237249069725,-2.1941706533251697,-0.45575306482407996,0.22125901765674147,4.685663732276659,0.21341693666824924,3.8305829391567863,-4.126499864507017,-0.24233612815578454,2.121154921101102,0.07332188754795631,0.3179916317991632,0.4782615699798721,0.03102705285492149,0.42701925891060005,0.05854160916022923
0.5005561735261406,3.6063181775957203,-2.2235018610849537,-0.4497410222593885,0.2226734351686498,4.749908399789795,0.21053037571087785,3.828990929564943,-4.180415940630266,-0.23921064654854263,2.151804099244658,0.07175185899144569,0.3138075313807534,0.4718050024210569,0.030805581482095144,0.4212544664473722,0.05812373864546253
0.4938820912124582,3.60325221768025,-2.2533903737570595,-0.4437757485990801,0.22406921177079098,4.81074118115863,0.20786817713588945,3.8273212669139354,-4.238948304192042,-0.2359075714632013,2.182728564037705,0.07010220978164312,0.309623430962343,0.465343751455975,0.03059584230235559,0.4154854923714062,0.05772800434406715
0.4872080088987767,3.600289738501685,-2.2852550066866306,-0.4375879265438698,0.22544809381784975,4.867647784606415,0.20543803583374043,3.825737728768389,-4.307561795272405,-0.2321498907102182,2.2155124024206483,0.06962300192602171,0.30543933054393324,0.45887531364966927,0.030390291339515096,0.409710101472919,0.05734017233870772
0.4805339265850943,3.5973688373398587,-2.314949679328228,-0.4319748325113437,0.22681143249382196,4.9209254091561085,0.20321380977231485,3.824180105307653,-4.371374056763032,-0.22876102273903598,2.246357971276437,0.0683510653429184,0.30125523012552285,0.45240288727284844,0.030189149083793998,0.4039311493507575,0.056960658648667915
0.4738598442714128,3.5945264859490926,-2.342099768763612,-0.42696729376643816,0.22816062520524444,4.970774842199715,0.20117587936400483,3.822687355093478,-4.428866361667935,-0.22579141440235162,2.2743830289729843,0.06747704659635176,0.297071129707113,0.44592256591428925,0.029995934054761024,0.3981451481377582,0.05659610199011514
0.4671857619577304,3.591756578984873,-2.376973408300842,-0.42070306571702076,0.22949676125062735,5.016801651741542,0.1993301847309148,3.821253625341438,-4.517265148042247,-0.22137288098605268,2.3099048070914283,0.06745848609670659,0.2928870292887027,0.4394406338524636,0.029804588843202286,0.3923577087968425,0.05623507328906091
0.46051167964404893,3.5890091032707434,-2.41993722679996,-0.41323385950897773,0.2308213173262356,5.058604719644203,0.19768296900461024,3.819830211243463,-4.6392756608901,-0.21555089050434617,2.3528955888418595,0.06731996849759854,0.28870292887029286,0.4329508973030662,0.029617097047635103,0.3865633011634519,0.05588131518421717
0.45383759733036744,3.586202894346902,-2.4551470886309477,-0.40730757217386326,0.2321354660649268,5.095940131736096,0.19623464447164096,3.818338250621764,-4.73769900709767,-0.21107292770221875,2.3876773192285454,0.06739847732092068,0.2845188284518831,0.42646228712272166,0.029433257883510828,0.3807698992167157,0.05553444883681288
0.44716351501668505,3.583495373212013,-2.474970322794756,-0.40404524886213267,0.23344068966623524,5.128367102591626,0.19499384111848173,3.8169358834472753,-4.783512394361021,-0.20905140774357278,2.408036767689813,0.06704492802706204,0.2803347280334727,0.4199695123510456,0.029250667276530695,0.37497277888486213,0.055189938257605084
0.44048943270300356,3.5807728919149455,-2.4938235414596264,-0.40099068092632706,0.2347382759574984,5.1561174372674,0.19394438008184167,3.8155111480960584,-4.829837557690282,-0.2070463008445813,2.4272470374766764,0.06643549000914378,0.27615062761506287,0.41347510088897,0.029071622219310016,0.3691741972222946,0.05485211739492456
0.4338153503893212,3.5781402140285086,-2.5146409079958816,-0.3976710936421455,0.23602949118011968,5.17890346348472,0.19309106783912355,3.8141695873157806,-4.888062732784165,-0.2045800258030681,2.448749313575546,0.06639673020369728,0.27196652719665254,0.4069776716211215,0.028895057740482174,0.363372921090287,0.054518976868834286
0.4271412680756397,3.575535352719833,-2.5335785677892773,-0.39469863406390004,0.2373156873190886,5.196781872864992,0.19242677958478538,3.812850467265044,-4.943841557074914,-0.2022718544790223,2.468395925442115,0.06552289596398764,0.2677824267782427,0.40047666857564995,0.028719179585571325,0.3575684540854017,0.054187131293530796
0.4204671857619582,3.5729558869445284,-2.553725402094826,-0.39158478009409237,0.23859803551273068,5.210256752665939,0.19192912124499983,3.8115535540808847,-5.008623375686361,-0.19965565884916714,2.4890801507800786,0.06403158020737082,0.26359832635983294,0.3939729025650614,0.028549658057642043,0.3517615201473762,0.053867279354041585
0.4137931034482758,3.570271994590421,-2.573450095089219,-0.3885834047873118,0.2398775888262521,5.219117466138019,0.19160327516827635,3.810149651847037,-5.076654188082424,-0.1969801296191349,2.5091178182846368,0.06367517166002389,0.25941422594142255,0.38746637386676447,0.02838442058541813,0.3459521195238968,0.053555510538524774
0.4071190211345943,3.567671918914455,-2.5907835302398725,-0.3859836178236833,0.24115558757281896,5.223109927462389,0.19145681670265802,3.8088277777357655,-5.140679815005002,-0.19452680112095777,2.5265878698235964,0.06392638277012441,0.2552301255230128,0.3809584123818024,0.028219383865059153,0.34014143962660925,0.05324412050011161
0.4004449388209119,3.565147150353729,-2.6083569534316804,-0.3833831096945346,0.2424331859346302,5.222401106555042,0.19148280256467132,3.807580679534269,-5.211039080428956,-0.19190030712985617,2.5442386208640095,0.06403218858522493,0.2510460251046024,0.37444894498813047,0.028055062947947275,0.3343294151679736,0.05293408103386278
0.3937708565072304,3.56257717117679,-2.629607109884192,-0.3802849468428917,0.24371153154476127,5.216891279522135,0.1916850373948371,3.806289086878795,-5.302229481053278,-0.18859990944815763,2.565371916832651,0.06441326510016512,0.24686192468619259,0.36793836373420863,0.02789170195726951,0.32851639619125766,0.05262585274956511
0.38709677419354804,3.5600096794236573,-2.6547945380608686,-0.3766769840992765,0.24499182937037886,5.206510785493279,0.1920672099222891,3.8050016879183377,-5.416831283490692,-0.18460977417697677,2.5902520538947273,0.06502020191554043,0.2426778242677822,0.36142683534825026,0.02772809149113427,0.3227025315609377,0.05231715375685711
0.38042269187986655,3.557548245145415,-2.6813373858156497,-0.3729482180385162,0.24627527628232254,5.191220526705532,0.19263292608272664,3.80382344597581,-5.5458413379899145,-0.18031529195576468,2.6164470171268723,0.0649706099955047,0.2384937238493724,0.3549147098284215,0.02756478604347662,0.3168881337753763,0.0520090302707106
0.37374860956618505,3.5550827541280716,-2.703125962753302,-0.3699420647720899,0.24756312538038175,5.170796575161335,0.19339380025190778,3.8026460684347185,-5.664173492263055,-0.17654826452013594,2.6379233567703135,0.0649964629370514,0.2343096234309626,0.3484016964771053,0.02740462950838225,0.3110729432831297,0.05170684812902311
0.36707452725250267,3.552606484680928,-2.7109429209279785,-0.36887534306981706,0.2488567285659965,5.145160411159758,0.19435739998135304,3.8014634560287712,-5.730069827223675,-0.17451794308840363,2.645413776130907,0.06549575135927493,0.23012552301255224,0.34188851789910213,0.027243824385728418,0.3052576052670554,0.05140344223722343
0.3604004449388212,3.5501710107557516,-2.7167718951508375,-0.3680839019959308,0.25015743995187933,5.114555866482363,0.19552039827219048,3.800328568877623,-5.794968104034097,-0.17256350372383622,2.6511375987046595,0.06539978779517601,0.22594142259414243,0.3353761851524312,0.027082135657476934,0.29944302245752785,0.05109836916505082
0.3537263626251388,3.547723693684201,-2.7210797617440896,-0.3675011714316838,0.2514665670301414,5.079071339790959,0.19688638593549612,3.7991908049342276,-5.86115674026211,-0.17061478549629783,2.655245831967653,0.06522086712902803,0.22175732217573205,0.32886282657156146,0.026922481187307636,0.29362752372460843,0.050797134315674786
0.3470522803114573,3.5452452313617586,-2.7171476141103335,-0.368033004466497,0.2527855118442331,5.038494174311203,0.19847199687130868,3.798031511682376,-5.897582316726601,-0.16956100759523451,2.6515589277153633,0.0655346181012801,0.21757322175732224,0.322350965361411,0.026762194799706082,0.2878133619298312,0.050494707169256754
0.3403781979977749,3.542805727047077,-2.7140016698959717,-0.36845961116830495,0.25411580391830124,4.992731229711074,0.20029117410709674,3.7969220612877166,-5.9464190633813185,-0.16816843706124018,2.648238307778239,0.06575385902428388,0.21338912133891189,0.31583687493141654,0.02660052942240658,0.2819972097601933,0.05018967815548411
0.3337041156840934,3.5403521868756123,-2.716353239919967,-0.36814063255980045,0.25545903140962267,4.941911086061997,0.20235086843637617,3.7958119547316986,-6.031735465016889,-0.16578976412341717,2.650216579973113,0.06592275462992109,0.20920502092050208,0.30932624001136994,0.026438800232723863,0.27618414286729454,0.04988452874098842
0.3270300333704119,3.5378348089501017,-2.7180406474453527,-0.36791208436852685,0.25681681662267986,4.88596302710763,0.20466794252267917,3.7946524466070053,-6.1257940940041244,-0.16324414184583702,2.652065337917842,0.06645736556335384,0.20502092050209228,0.3028137020187356,0.02627658254527458,0.27036937680244244,0.04957845763259354
0.32035595105672954,3.5354034056574437,-2.7215109006017424,-0.36744295228760393,0.2581909728003592,4.824754084297032,0.207264449654474,3.793594881726252,-6.243035011321262,-0.16017850263318678,2.654685648385756,0.06713858686624186,0.2008368200836819,0.29630207627901745,0.026112408981448985,0.2645554252491227,0.04926869619141318
0.31368186874304804,3.5329523987176494,-2.7238421451465187,-0.3671284702683124,0.2595834166180678,4.758724646274973,0.21014033681960953,3.7925364009163394,-6.3699082091884724,-0.15698813344869222,2.6557454759761945,0.06728541524229441,0.1966527196652721,0.2897933020509792,0.025947280156188166,0.25874401968837424,0.04895713237016635
0.30700778642936566,3.5305167155781088,-2.7159380142480436,-0.36819691567109203,0.26099596061107694,4.687617018863953,0.2133280078077604,3.7915139988159883,-6.457074010505727,-0.15486890786337426,2.647711573498982,0.06751034540811618,0.19246861924686173,0.28328761304700506,0.025782675003293683,0.25293536879196876,0.04864655660998808
0.30033370411568416,3.5280524205786223,-2.705844827129345,-0.36957034267959443,0.2624309539859134,4.610988946267676,0.2168732156275155,3.790485091380493,-6.548911687508776,-0.1526971270520221,2.637527614124821,0.06823799528534763,0.18828451882845193,0.2767804596774669,0.02561545380166276,0.2471254104263097,0.04833104490879766
0.29365962180200267,3.525612447788526,-2.6999848693735924,-0.37037244591374474,0.26389081999653863,4.529079728415753,0.220795406564811,3.7895047972966274,-6.6855180738491535,-0.14957703934891242,2.630963700737206,0.06834414949460135,0.18410041841004213,0.27027645204923934,0.025446028939582078,0.2413182607582494,0.04801137535770203
0.2869855394883203,3.523119011556237,-2.682753957088726,-0.37275129064954626,0.26537816742170617,4.44199240100454,0.22512420322327742,3.7884991437725484,-6.77382462414795,-0.14762708742637187,2.6142967902069043,0.06837615619747113,0.17991631799163174,0.2637735197898687,0.0252775677555481,0.23551207124095416,0.047693524067071884
0.2803114571746388,3.520627338959233,-2.65890615531159,-0.3760945071349511,0.2668958149227671,4.350034064941299,0.22988325725065195,3.787524959920535,-6.83941899676674,-0.1462112498843453,2.5908188931828144,0.06913273803952995,0.17573221757322194,0.25726891788375994,0.025105793710151997,0.22970439096764278,0.047369422094626405
0.2736373748609564,3.518051872040422,-2.632752959441694,-0.37983054825321005,0.2684466869845624,4.253617829851805,0.2350939929257443,3.7864993294738305,-6.9091045986148245,-0.14473655532736984,2.5631514936428084,0.06890450486985272,0.17154811715481158,0.2507671454927251,0.02493045938381272,0.22389923704707598,0.047038602610967394
0.2669632925472749,3.5155112123937737,-2.599645146023887,-0.3846678849724867,0.2700338882432443,4.152264693612473,0.24083243092337625,3.7855477520749186,-6.952388801574333,-0.14383545404905362,2.528687795850674,0.06862991825655822,0.16736401673640178,0.24427351687466034,0.02475641827479349,0.2181013543523753,0.04671022315998771
0.2602892102335925,3.5129616822752063,-2.5656792550711693,-0.3897603326773833,0.2716613579201358,4.045681938674717,0.2471771175189268,3.7846271450322218,-7.01344824416043,-0.14258321515848138,2.494450477736115,0.06949716241544611,0.16317991631799142,0.23778327676407585,0.024578015912836225,0.21230649711078198,0.04637361492987967
0.25361512791991103,3.5103804874411706,-2.5334984832764946,-0.3947111105852059,0.2733332491000043,3.9339925136446086,0.25419468810162016,3.783718650010515,-7.116605890794108,-0.14051642248358576,2.462153472399566,0.07039044239181322,0.1589958158995816,0.23129588409551885,0.02439479374789802,0.2065141822281418,0.04602791273188305
0.24694104560622954,3.5076757011989113,-2.499312158459299,-0.4001100849349086,0.2750543904643174,3.8171750380251557,0.2619738393022075,3.782735672598006,-7.239229612908535,-0.13813624563266558,2.4281540486554114,0.071388086853357,0.15481171548117179,0.22481097713175174,0.02420709300149477,0.20072408672477832,0.045673760380178806
0.24026696329254715,3.505005126012884,-2.4568567384616333,-0.4070241395622247,0.27683011903507265,3.695619360038783,0.27059063788146887,3.781840646657839,-7.329578055828924,-0.13643350168086954,2.3854398367945775,0.0721157443642888,0.15062761506276143,0.21832772887303706,0.024013439194171766,0.19493547220806878,0.04530837583805993
0.23359288097886566,3.50219877334083,-2.406083921523624,-0.41561310104543736,0.2786662788453827,3.569364725164408,0.280161899104872,3.780870182046604,-7.382732568427332,-0.1354512019406684,2.3326555185460385,0.07187021407911152,0.14644351464435162,0.21185070376890752,0.02381526378980728,0.1891524140793817,0.04493445998076845
0.22691879866518327,3.49942611951284,-2.3501556949097213,-0.42550372393026237,0.2805697661866393,3.4381183104717943,0.2908567738795398,3.7800035182006297,-7.426829940251176,-0.13464695005069416,2.2752778240891587,0.07198298542699677,0.14225941422594127,0.2053865903015121,0.023614754602429337,0.18338088419777865,0.04455614075930064
0.22024471635150178,3.4965709330697643,-2.2918455088482665,-0.4363295851047724,0.2825486829461108,3.301738440752791,0.3028707506497703,3.7791296604350832,-7.492947200410883,-0.13345883445504114,2.2173122942352035,0.07188241910397594,0.13807531380753144,0.19892769604595784,0.023406299845347388,0.17761401432674806,0.04416282989688186
0.2135706340378194,3.493654939978976,-2.230567620883052,-0.4483163794891425,0.2846125348271257,3.161324755715162,0.3163230851851466,3.7782807872523665,-7.576142449304975,-0.13199329430398166,2.1563483311456926,0.07133350293978233,0.13389121338912108,0.1924724229559245,0.023196128968588598,0.1718503776392183,0.04376628107280867
0.2068965517241379,3.4905804905642186,-2.1611506576894084,-0.4627164683970477,0.2867710155625978,3.0167002694293736,0.3314880202497399,3.7773678877600134,-7.620298907118269,-0.1312284481473398,2.0864111980703925,0.07182307493704243,0.12970711297071127,0.18602349440520702,0.022979404250018553,0.16609240571893483,0.04335736650946897
0.2002224694104564,3.4874266578378466,-2.0872996882716226,-0.4790878883463279,0.28903729149341784,2.867268706054537,0.34876396407786814,3.7764844393832027,-7.673188216310249,-0.13032392426845263,2.0108825059853204,0.07264468512313202,0.12552301255230147,0.17958547265443028,0.02275241091645804,0.16034417201288417,0.042929077200864224
0.19354838709677402,3.4841701909460383,-2.0105701535958307,-0.497371354195991,0.29142637437120117,2.7141270567928624,0.36844258911800765,3.7756236405900987,-7.7562210372138924,-0.1289287650780011,1.9323160902671568,0.07358527087912149,0.1213389121338911,0.1731634322317787,0.022514715141755723,0.1546102073498024,0.04248059460708627
0.18687430478309253,3.480778812629636,-1.9293040414264047,-0.5183216219568294,0.29395532382869727,2.5572152560358847,0.39105038093279987,3.7747687992255154,-7.857234611324248,-0.12727124102400467,1.8503360038143501,0.07389331479486731,0.1171548117154813,0.16675619688786347,0.022263696977511186,0.14888946150702095,0.04200697542926639
0.18020022246941014,3.477201847493333,-1.8438348576431662,-0.5423479200725296,0.29664617923348546,2.396850011650115,0.41721425835551074,3.7738939278521073,-7.99145478745236,-0.12513366171702955,1.7639693428876253,0.0741569879437075,0.11297071129707094,0.16036109156702263,0.022003526822348785,0.1431795460419845,0.04151608834405431
0.17352614015572865,3.473489959430463,-1.7504037539507973,-0.5712967638140185,0.29952436843411023,2.2327753784996824,0.4478730863970526,3.773072412741423,-8.102173107525589,-0.12342367741700855,1.6683097902599187,0.07366729045744588,0.10878661087866112,0.1539852099692571,0.021726623011899933,0.1374867946154081,0.0409936283243395
0.16685205784204715,3.4695382440489864,-1.6493181410069722,-0.6063111628599813,0.3026244629228785,2.0655102915049133,0.48414186272168536,3.772245734414419,-8.185362434490477,-0.12216930013829597,1.5656829704879134,0.07325922689132353,0.10460251046025132,0.14763729566954634,0.02144196981357595,0.13181901399066637,0.04045654681806783
0.16017797552836477,3.465388354428498,-1.5396815609271473,-0.6494849489512831,0.30598677372071786,1.8941140172840565,0.527951322293621,3.7714870412435877,-8.228175423558879,-0.1215336266575946,1.456781853532512,0.0745393196640938,0.10041841004184095,0.14131236918609372,0.021133311904497833,0.12617175820186938,0.03987417340471289
0.15350389321468327,3.4608764831372385,-1.420799487051641,-0.7038290829307243,0.30967164408808817,1.7159548513366458,0.5827659155606852,3.7706877052479753,-8.260150644699065,-0.1210631673699254,1.3419875820320426,0.075288972930816,0.09623430962343114,0.1350063764246505,0.020795241782242155,0.12054140752200936,0.0392363052495135
0.1468298109010009,3.45595945569405,-1.2901567241196803,-0.7750996303819875,0.31376562910083833,1.5287547926704927,0.6541271398097521,3.769883422208062,-8.266342168122401,-0.12097249057222825,1.222373610058781,0.07534097765776904,0.09205020920502079,0.12870428815048773,0.020425931359662756,0.11491454299150689,0.03853949313143916
0.1401557285873194,3.4505021886027474,-1.1484386417659216,-0.8707474336306973,0.31840304083749543,1.335279255192509,0.7489070141030751,3.769025983425633,-8.207456966061393,-0.12184041952764346,1.096343200164275,0.07516931623008509,0.08786610878661097,0.12236335741609185,0.02001577005097939,0.10925299769293914,0.03776560386977243
0.133481646273637,3.444460894030363,-1.0072349120341946,-0.9928170559342675,0.32376216321567375,1.1492495096264423,0.8701330665131586,3.768207680058657,-8.151022841030025,-0.12268398942109116,0.9663191394344507,0.07551967365062842,0.08368200836820061,0.11596801666378502,0.019552479188629394,0.10354287202123662,0.03689147016722527
0.12680756395995552,3.4376745965940207,-0.8809276828408336,-1.1351669603288883,0.33001772025702597,0.9877862648318122,1.0123647550113155,3.767407583580934,-8.143176235427477,-0.12280220531755504,0.8360779410304979,0.07503430726505392,0.0794979079497908,0.10955921484285944,0.019013823185288877,0.09782072753826734,0.03587513808545071
0.12013348164627402,3.429879872919235,-0.7785761108154278,-1.2843959455070717,0.3372753746285048,0.8600805617372864,1.1626817817857535,3.766597309609432,-8.215970676092764,-0.12171416372137855,0.7143809017263073,0.07322643533294361,0.07531380753138099,0.10327971012984151,0.018417297668094457,0.0922140269016442,0.03474961824168765
0.11345939933259164,3.4208935100400524,-0.7016852998512925,-1.4251403018018607,0.34553738808953904,0.7657140226773826,1.3059705978785878,3.76577911062909,-8.391394516209733,-0.1191697039232622,0.6132596640491896,0.07116239836132668,0.07112970711297063,0.09726899425882281,0.017759490939714222,0.08684731630252035,0.03350847347115891
0.10678531701891014,3.4105805263003557,-0.6461340850401317,-1.5476663793984642,0.35470768516748497,0.6987393001646367,1.4311489274531723,3.764968374722317,-8.582405324740147,-0.1165174519452421,0.5405420787529379,0.06845705621501558,0.06694560669456082,0.09156838199311738,0.017065018777256764,0.08175748392242622,0.032198148636333516
0.10011123470522776,3.3991058049489014,-0.6045111658486828,-1.6542291631554633,0.3646405995794592,0.6497474971122653,1.5390594106855282,3.764175749822034,-8.682835367391894,-0.11516975246996708,0.4972887633925015,0.06543895850237137,0.06276150627615046,0.0860790141857107,0.016346190449575825,0.07685626266581312,0.030841868772784574
0.09343715239154626,3.386947569851114,-0.5664232870497626,-1.7654641376214215,0.37525130355260905,0.605805638304458,1.650694441865582,3.7634415276237263,-8.713101428161588,-0.11476969575585372,0.4777957083747446,0.062355874095382846,0.05857740585774065,0.0805878938443669,0.015620424777998132,0.07195347664675615,0.02947249958112855
0.08676307007786388,3.374452764594774,-0.5231368441461569,-1.9115457287894912,0.38667434073895557,0.5562543947765495,1.7977386055560167,3.762695171378665,-8.786796217913695,-0.11380712323352782,0.46928975176540383,0.059563540752189476,0.05439330543933028,0.07482493989178066,0.014877506604586631,0.06680798204623273,0.02807076717846534
0.08008898776418238,3.361663172467582,-0.47387648704298213,-2.1102545227345217,0.3992478144165382,0.5006265614316965,1.997496890976361,3.7619728424136474,-8.868579309504483,-0.1127576317582566,0.45190623955624326,0.05750881822502986,0.050209205020920473,0.06862062898153207,0.014102142856671128,0.061268418733510764,0.02660781671070024
0.07341490545050089,3.3480882934282965,-0.42422928640155166,-2.3572158548560367,0.4133372580823538,0.4454925733878218,2.2447063312309226,3.761225220858468,-8.888136468627781,-0.1125095236250786,0.408127565011103,0.05515963111087582,0.04602510460251067,0.062113719310398524,0.013259205971137993,0.055458677955712965,0.025017369756864135
0.0667408231368185,3.3328125357765037,-0.3792962210994738,-2.6364618057656344,0.42921052406589477,0.3963139712740446,2.5232519479070206,3.760432570218105,-8.833153039103712,-0.11320985785857829,0.3421877892150146,0.05123886935718081,0.041841004184100306,0.05575835423434274,0.012369363887736514,0.04978424485209173,0.023338422429691533
0.06006674082313701,3.314681358258142,-0.3415856269189512,-2.9275236461786847,0.4470180404793331,0.35546948790346117,2.813180973416152,3.7596355017444156,-8.74564128894319,-0.1143426727625183,0.2800768330755523,0.04749087589839232,0.037656903765690496,0.04995980915157661,0.011457881569312661,0.04460697245676483,0.021618644470401245
0.05339265850945463,3.292919983626931,-0.3128131241749947,-3.1967968180279343,0.46676132682562155,0.32450485851922883,3.0816179596298525,3.7588963385334315,-8.682148910901239,-0.11517885839811015,0.23900705118246574,0.04440259608550283,0.03347280334728013,0.04470652040143144,0.010515602700062219,0.03991653607270664,0.01984075981143815
0.04671857619577313,3.268078570312933,-0.3384213338323525,-2.954896456070884,0.48815198432311335,0.3521394596268946,2.8397839908641274,3.75815873332956,-8.68715649694139,-0.11511246520677787,0.2164189832809487,0.04085608267664201,0.029288702928870324,0.039725581682233564,0.009563803097558173,0.03546926935913711,0.01804491150482674
0.040044493882091636,3.241519884047294,-0.3170292174389856,-3.154283406678303,0.5046672310418258,0.3289421386213264,3.0400483324855685,3.7573902099415677,-8.785511863664395,-0.11382376070037026,0.2095847959073856,0.03850122817150891,0.025104602510460518,0.036084355377704116,0.008881584266504318,0.032218174444378675,0.016757706163215695
0.03337041156840925,3.213813555500381,-0.23215276976339125,-4.30750837484814,0.5287310499402748,0.238421074530678,4.194260100406218,3.756610838077586,-8.907741385523314,-0.11226190307064599,0.2047974665254718,0.03570883886212286,0.020920502092050153,0.030920768903303367,0.00795687105189668,0.027607829377949433,0.015012964248861659
0.026696329254727758,3.1844135843277286,-0.17648182020336092,-5.666306018646537,0.5606529053520308,0.18005021135520996,5.554006254550636,3.7558464462081105,-8.942162375100699,-0.11182977428194363,0.19075087577219538,0.03215723958243045,0.016736401673640343,0.02435826596071609,0.006845461231522577,0.021748451750639365,0.012915964587778446
0.020022246941045374,3.151774774078972,-0.13532488072852575,-7.389624100287165,0.6028668397674266,0.13739183107913366,7.27845310849689,3.755103300118982,-8.939878688734327,-0.1118583411271743,0.15655134028432666,0.028357299414580945,0.01255230125522998,0.016621888007602007,0.005546829835779181,0.014840971435358934,0.010465716671281473
0.013348164627363879,3.112921085696146,-0.10551347339678219,-9.477462619769057,0.6578068956767942,0.10675092118630532,9.367600662244087,3.754362601221491,-8.969846983337213,-0.11148462196263154,0.10140228121409106,0.02332905473269319,0.008368200836820171,0.008909981994175632,0.004071697084319953,0.007955341066228241,0.007682447328905571
0.006674082313681495,3.061324304797652,-0.08382355038067715,-11.929821577093662,0.7279071155704655,0.08459199943452089,11.821448915793248,3.7536642640269724,-9.00179532976109,-0.11108895096668903,0.028935070322651916,0.014081230748556751,0.004184100418409807,0.0029583114142305578,0.0025957435359410105,0.0026413494769915694,0.004897629313096246
-0.0,2.907954957088925,-0.07548804246958075,-13.247131165216897,0.8156015419387725,0.0761061174589486,13.13954821751874,3.7529246523496935,-8.973292614417868,-0.11144181327523484,0.02353859576755223,0.011508576743905295,-0.0,0.0008772066384056336,0.0015782421411592276,0.0007832202128621728,0.002977815360677788
-0.006674082313681495,,,,,,,3.7521451347136145,-8.898841086524673,-0.1123741833657732,,,-0.004184100418409807,,,,
-0.013348164627363879,,,,,,,3.751387623575562,-8.852847149473819,-0.11295801035709019,,,-0.008368200836820171,,,,
-0.020022246941045374,,,,,,,3.750672521509381,-8.88587172452466,-0.11253819895239303,,,-0.01255230125522998,,,,
-0.026696329254727758,,,,,,,3.749889594537538,-8.946578042043624,-0.11177457965499116,,,-0.016736401673640343,,,,
-0.03337041156840925,,,,,,,3.749118765710994,-8.947346831379573,-0.11176497556715503,,,-0.020920502092050153,,,,
-0.040044493882091636,,,,,,,3.74835968781838,-8.953123375288264,-0.11169286494589414,,,-0.025104602510460518,,,,
-0.04671857619577313,,,,,,,3.7476607323303472,-9.044176496250108,-0.11056838623335352,,,-0.029288702928870324,,,,
-0.05339265850945463,,,,,,,3.746958626982634,-9.169193553736507,-0.10906084533382909,,,-0.03347280334728013,,,,
-0.06006674082313701,,,,,,,3.746247017857375,-9.210628898715115,-0.10857021936249112,,,-0.037656903765690496,,,,
-0.0667408231368185,,,,,,,3.7454548896313207,-9.152920307820143,-0.10925474781481626,,,-0.041841004184100306,,,,
-0.07341490545050089,,,,,,,3.7446761417562957,-9.096825020767803,-0.10992846380105448,,,-0.04602510460251067,,,,
-0.08008898776418238,,,,,,,3.7440179257188797,-9.08603210044685,-0.11005904325946858,,,-0.050209205020920473,,,,
-0.08676307007786388,,,,,,,3.743346848487585,-9.11429306614725,-0.10971777983684206,,,-0.05439330543933028,,,,
-0.09343715239154626,,,,,,,3.7425538196151455,-9.128249273111988,-0.10955003200291458,,,-0.05857740585774065,,,,
-0.10011123470522776,,,,,,,3.7417368702120495,-9.050152797870973,-0.11049537199363613,,,-0.06276150627615046,,,,
-0.10678531701891014,,,,,,,3.7410402134761154,-8.861427811699293,-0.1128486313097028,,,-0.06694560669456082,,,,
-0.11345939933259164,,,,,,,3.7403485742042855,-8.661769189377617,-0.11544985535130081,,,-0.07112970711297063,,,,
-0.12013348164627402,,,,,,,3.7396034038490766,-8.647773771515483,-0.11563669753871864,,,-0.07531380753138099,,,,
-0.12680756395995552,,,,,,,3.738800042715792,-8.761949646403817,-0.11412985013106436,,,-0.0794979079497908,,,,
-0.133481646273637,,,,,,,3.7379598386824884,-8.752489300532108,-0.11425321021977197,,,-0.08368200836820061,,,,
-0.1401557285873194,,,,,,,3.737147281354469,-8.624942655258941,-0.11594279985041567,,,-0.08786610878661097,,,,
-0.1468298109010009,,,,,,,3.736411236491158,-8.542377795497911,-0.11706342472081133,,,-0.09205020920502079,,,,
-0.15350389321468327,,,,,,,3.7357178616304103,-8.554898954442189,-0.11689208783474214,,,-0.09623430962343114,,,,
-0.16017797552836477,,,,,,,3.734970594834301,-8.573334786384292,-0.11664072673193004,,,-0.10041841004184095,,,,
-0.16685205784204715,,,,,,,3.7341263808386,-8.501995256255258,-0.11761944930094614,,,-0.10460251046025132,,,,
-0.17352614015572865,,,,,,,3.7333041689789055,-8.34927329985663,-0.11977090269846258,,,-0.10878661087866112,,,,
-0.18020022246941014,,,,,,,3.7325327106089516,-8.210581276351848,-0.12179405651585284,,,-0.11297071129707094,,,,
-0.18687430478309253,,,,,,,3.731698239841033,-8.129341899322506,-0.12301118742260542,,,-0.1171548117154813,,,,
-0.19354838709677402,,,,,,,3.7308849251811504,-8.126379106747958,-0.12305603601112125,,,-0.1213389121338911,,,,
-0.2002224694104564,,,,,,,3.7300351007411976,-8.214704284541774,-0.12173292736559915,,,-0.12552301255230147,,,,
-0.2068965517241379,,,,,,,3.72921740344745,-8.262531527140546,-0.12102828252034215,,,-0.12970711297071127,,,,
-0.2135706340378194,,,,,,,3.72843205934863,-8.222958690184853,-0.12161072889659863,,,-0.13389121338912108,,,,
-0.22024471635150178,,,,,,,3.727659380764423,-8.1700083960935,-0.12239889502171764,,,-0.13807531380753144,,,,
-0.22691879866518327,,,,,,,3.7268059125939454,-8.102181188727172,-0.12342355431292162,,,-0.14225941422594127,,,,
-0.23359288097886566,,,,,,,3.725998610504147,-8.043282652159377,-0.12432734783124033,,,-0.14644351464435162,,,,
-0.24026696329254715,,,,,,,3.7251823140568088,-7.990904384628248,-0.1251422807565632,,,-0.15062761506276143,,,,
-0.24694104560622954,,,,,,,3.7243137977499416,-7.900084922815395,-0.12658091777115033,,,-0.15481171548117179,,,,
-0.25361512791991103,,,,,,,3.723435152096283,-7.802561170308567,-0.128163045206918,,,-0.1589958158995816,,,,
-0.2602892102335925,,,,,,,3.722562253792655,-7.759154921910432,-0.12888001464904164,,,-0.16317991631799142,,,,
-0.2669632925472749,,,,,,,3.7217355618302155,-7.709514050990878,-0.12970986152771502,,,-0.16736401673640178,,,,
-0.2736373748609564,,,,,,,3.7209011128809717,-7.644523908832354,-0.1308125936848228,,,-0.17154811715481158,,,,
-0.2803114571746388,,,,,,,3.7200272738997158,-7.6424329836989955,-0.13084838324823522,,,-0.17573221757322194,,,,
-0.2869855394883203,,,,,,,3.7191148702871835,-7.6558322646385415,-0.13061937166764892,,,-0.17991631799163174,,,,
-0.29365962180200267,,,,,,,3.718222771018259,-7.6208497570020866,-0.13121896269916533,,,-0.18410041841004213,,,,
-0.30033370411568416,,,,,,,3.7173571698316707,-7.508268669737989,-0.13318649664608984,,,-0.18828451882845193,,,,
-0.30700778642936566,,,,,,,3.716454020207878,-7.390851950302836,-0.13530239906361885,,,-0.19246861924686173,,,,
-0.31368186874304804,,,,,,,3.715578685026478,-7.341706896152049,-0.13620810720789223,,,-0.1966527196652721,,,,
-0.32035595105672954,,,,,,,3.7147023428441304,-7.346257016767273,-0.13612374270564942,,,-0.2008368200836819,,,,
-0.3270300333704119,,,,,,,3.7137852554778723,-7.340423709952474,-0.13623191787200994,,,-0.20502092050209228,,,,
-0.3337041156840934,,,,,,,3.7128171584800387,-7.309643168501252,-0.1368055836582016,,,-0.20920502092050208,,,,
-0.3403781979977749,,,,,,,3.7118512237092975,-7.267652574684385,-0.13759601050321635,,,-0.21338912133891189,,,,
-0.3470522803114573,,,,,,,3.7109569050122078,-7.177118379829738,-0.13933168537533902,,,-0.21757322175732224,,,,
-0.3537263626251388,,,,,,,3.710077813903826,-7.099453008395257,-0.14085592211364428,,,-0.22175732217573205,,,,
-0.3604004449388212,,,,,,,3.709182583682772,-7.091098500143508,-0.14102187411157274,,,-0.22594142259414243,,,,
-0.36707452725250267,,,,,,,3.7082189633317415,-7.074811487232698,-0.1413465223496928,,,-0.23012552301255224,,,,
-0.37374860956618505,,,,,,,3.7072489589652307,-7.014093477353733,-0.14257009879162297,,,-0.2343096234309626,,,,
-0.38042269187986655,,,,,,,3.7062344699346204,-6.942684913581242,-0.144036494878776,,,-0.2384937238493724,,,,
-0.38709677419354804,,,,,,,3.7052634184972857,-6.90957828257552,-0.14472663295845223,,,-0.2426778242677822,,,,
-0.3937708565072304,,,,,,,3.7043435696459523,-6.90050576647586,-0.14491691389611105,,,-0.24686192468619259,,,,
-0.4004449388209119,,,,,,,3.7033903121317318,-6.912473460247746,-0.1446660165497633,,,-0.2510460251046024,,,,
-0.4071190211345943,,,,,,,3.702395705398325,-6.924181669103174,-0.14442139848267743,,,-0.2552301255230128,,,,
-0.4137931034482758,,,,,,,3.7014603428571355,-6.889584078450947,-0.14514664290516066,,,-0.25941422594142255,,,,
-0.4204671857619582,,,,,,,3.700499614561533,-6.813968109094298,-0.14675736428313257,,,-0.26359832635983294,,,,
-0.4271412680756397,,,,,,,3.6995114782815435,-6.731311695436191,-0.14855945545917848,,,-0.2677824267782427,,,,
-0.4338153503893212,,,,,,,3.6984712857879924,-6.688855605607067,-0.14950240503947043,,,-0.27196652719665254,,,,
-0.44048943270300356,,,,,,,3.6975039937786365,-6.649394894811751,-0.15038962429201774,,,-0.27615062761506287,,,,
-0.44716351501668505,,,,,,,3.6964731886035316,-6.594973200246212,-0.15163063891793627,,,-0.2803347280334727,,,,
-0.45383759733036744,,,,,,,3.695461194204576,-6.574026761934705,-0.15211377078509258,,,-0.2845188284518831,,,,
-0.46051167964404893,,,,,,,3.694454894343982,-6.5979293711963,-0.15156270152959905,,,-0.28870292887029286,,,,
-0.4671857619577304,,,,,,,3.6934609053873313,-6.626863418589899,-0.1509009522053475,,,-0.2928870292887027,,,,
-0.4738598442714128,,,,,,,3.6924249004482976,-6.602992519842231,-0.15144648384728043,,,-0.297071129707113,,,,
-0.4805339265850943,,,,,,,3.6913994264001624,-6.541795465698076,-0.15286323231038068,,,-0.30125523012552285,,,,
-0.4872080088987767,,,,,,,3.6904093368068365,-6.49052670635243,-0.1540707010759661,,,-0.30543933054393324,,,,
-0.4938820912124582,,,,,,,3.689400104402512,-6.475118080467759,-0.1544373380643833,,,-0.309623430962343,,,,
-0.5005561735261406,,,,,,,3.6883757033216424,-6.4786625830456295,-0.1543528447703011,,,-0.3138075313807534,,,,
-0.5072302558398221,,,,,,,3.6873185306877114,-6.474085325202425,-0.15446197412740048,,,-0.3179916317991632,,,,
-0.5139043381535036,,,,,,,3.6862344908050755,-6.466700833533539,-0.15463835822038163,,,-0.322175732217573,,,,
-0.5205784204671859,,,,,,,3.6851902675001336,-6.475207597041665,-0.15443520304381764,,,-0.3263598326359834,,,,
-0.5272525027808674,,,,,,,3.6842192772851368,-6.504010499405958,-0.15375128931469817,,,-0.33054393305439317,,,,
-0.5339265850945498,,,,,,,3.6832352558373582,-6.540452360985143,-0.152894623308498,,,-0.33472803347280355,,,,
-0.5406006674082313,,,,,,,3.6821712707982295,-6.570156943315461,-0.15220336570763493,,,-0.33891213389121333,,,,
-0.5472747497219137,,,,,,,3.68115109019018,-6.580429876590692,-0.15196575584786842,,,-0.3430962343096237,,,,
-0.5539488320355952,,,,,,,3.6801468498285974,-6.5772527880155955,-0.1520391616728034,,,-0.34728033472803355,,,,
-0.5606229143492767,,,,,,,3.6791566642492084,-6.555094123595044,-0.1525531107784559,,,-0.3514644351464433,,,,
-0.5672969966629591,,,,,,,3.678094880579767,-6.5500453386124935,-0.15267069894997576,,,-0.3556485355648537,,,,
-0.5739710789766406,,,,,,,3.677091516757908,-6.571258956794155,-0.15217784089395536,,,-0.3598326359832635,,,,
-0.580645161290323,,,,,,,3.6760529639129724,-6.588068668775644,-0.15178955324790877,,,-0.36401673640167387,,,,
-0.5873192436040044,,,,,,,3.6750756066585626,-6.584637325534531,-0.15186865282953477,,,-0.3682008368200837,,,,
-0.5939933259176859,,,,,,,3.6740703046637755,-6.564303802907671,-0.15233907966859306,,,-0.3723849372384935,,,,
-0.6006674082313683,,,,,,,3.673040579087934,-6.567516369358691,-0.15226456148104717,,,-0.37656903765690386,,,,
-0.6073414905450498,,,,,,,3.6720120808904517,-6.589137974417329,-0.15176492037085154,,,-0.38075313807531364,,,,
-0.6140155728587322,,,,,,,3.671007490712031,-6.603346777290192,-0.1514383590210855,,,-0.384937238493724,,,,
-0.6206896551724137,,,,,,,3.6700182337998295,-6.603797407991535,-0.15142802515259746,,,-0.38912133891213385,,,,
-0.6273637374860961,,,,,,,3.6689672963798854,-6.622623101548877,-0.15099757070066744,,,-0.3933054393305442,,,,
-0.6340378197997776,,,,,,,3.6679525581345156,-6.697826809202991,-0.14930215851893536,,,-0.397489539748954,,,,
-0.6407119021134591,,,,,,,3.6669959760546313,-6.752891308753006,-0.14808471723864614,,,-0.4016736401673638,,,,
-0.6473859844271415,,,,,,,3.666020680648854,-6.753393776584035,-0.14807369939944692,,,-0.4058577405857742,,,,
-0.654060066740823,,,,,,,3.6650040314303767,-6.722564025860342,-0.14875276697301842,,,-0.410041841004184,,,,
-0.6607341490545053,,,,,,,3.664019361462813,-6.719387914048107,-0.1488230792434706,,,-0.41422594142259433,,,,
-0.6674082313681868,,,,,,,3.6630593570578527,-6.734417870373708,-0.14849093407156033,,,-0.41841004184100417,,,,
-0.6740823136818692,,,,,,,3.662086330496841,-6.749367860392253,-0.1481620235679202,,,-0.4225941422594145,,,,
-0.6807563959955507,,,,,,,3.6610366003675976,-6.782748135297815,-0.14743286645068565,,,-0.4267782426778243,,,,
-0.6874304783092322,,,,,,,3.660030033705713,-6.803558314764252,-0.1469819106025625,,,-0.43096234309623416,,,,
-0.6941045606229146,,,,,,,3.6590391562876783,-6.82420643349323,-0.14653718490870915,,,-0.4351464435146445,,,,
-0.7007786429365961,,,,,,,3.658138383612647,-6.883914758385225,-0.14526617994243907,,,-0.4393305439330543,,,,
-0.7074527252502785,,,,,,,3.6571877125232746,-7.003467884033159,-0.14278640475811244,,,-0.44351464435146465,,,,
-0.71412680756396,,,,,,,3.656244206765364,-7.1269572983780805,-0.14031233219645856,,,-0.4476987447698745,,,,
-0.7208008898776415,,,,,,,3.6552349010166725,-7.185468946762931,-0.13916976155752536,,,-0.4518828451882843,,,,
-0.7274749721913238,,,,,,,3.654304277317131,-7.2081646466359075,-0.1387315702432943,,,-0.45606694560669464,,,,
-0.7341490545050053,,,,,,,3.6534268006522743,-7.242901707731346,-0.13806621163070076,,,-0.46025104602510447,,,,
-0.7408231368186877,,,,,,,3.6525436066010526,-7.317126479119284,-0.1366656709917038,,,-0.4644351464435148,,,,
-0.7474972191323692,,,,,,,3.6516227144056423,-7.369648599532976,-0.13569168007052212,,,-0.46861924686192463,,,,
-0.7541713014460516,,,,,,,3.6506755260943735,-7.370399005664544,-0.13567786482542488,,,-0.472803347280335,,,,
-0.7608453837597331,,,,,,,3.649780585668417,-7.3479578095606675,-0.13609223486542987,,,-0.4769874476987448,,,,
-0.7675194660734146,,,,,,,3.6488961439336403,-7.3160458174767005,-0.13668585803702626,,,-0.4811715481171546,,,,
-0.774193548387097,,,,,,,3.648001580373173,-7.305139326108669,-0.13688992849540682,,,-0.48535564853556495,,,,
-0.7808676307007785,,,,,,,3.647067842581169,-7.348829835774855,-0.13607608590035625,,,-0.4895397489539748,,,,
-0.7875417130144609,,,,,,,3.646118787461442,-7.479703837221951,-0.1336951330911802,,,-0.49372384937238517,,,,
-0.7942157953281423,,,,,,,3.6452480683356994,-7.604764055315017,-0.13149651885663616,,,-0.49790794979079495,,,,
-0.8008898776418247,,,,,,,3.6443899063003165,-7.680325633646601,-0.13020281270615897,,,-0.5020920502092053,,,,
-0.8075639599555062,,,,,,,3.6435099342755244,-7.774094460567777,-0.12863234490811237,,,-0.5062761506276151,,,,
-0.8142380422691877,,,,,,,3.6426360965664726,-7.881378171097885,-0.12688136240780068,,,-0.5104602510460249,,,,
-0.8209121245828701,,,,,,,3.641864125474619,-7.940094552983701,-0.12594308459767944,,,-0.5146443514644353,,,,
-0.8275862068965516,,,,,,,3.6410590354485524,-7.936385823253432,-0.12600193869985787,,,-0.5188284518828451,,,,
-0.834260289210234,,,,,,,3.6401662212322843,-7.9163933701912494,-0.12632015025496912,,,-0.5230125523012554,,,,
-0.8409343715239155,,,,,,,3.639285534447531,-7.876108271695648,-0.12696625865260103,,,-0.5271966527196653,,,,
-0.847608453837597,,,,,,,3.6384565865752165,-7.823577553230782,-0.127818762349591,,,-0.5313807531380751,,,,
-0.8542825361512794,,,,,,,3.637597053972796,-7.804121392276103,-0.12813742248931703,,,-0.5355648535564854,,,,
-0.8609566184649609,,,,,,,3.6367525101372244,-7.832709469667539,-0.1276697423634232,,,-0.5397489539748953,,,,
-0.8676307007786432,,,,,,,3.63590974417802,-7.897939251490733,-0.12661530662080622,,,-0.5439330543933056,,,,
-0.8743047830923247,,,,,,,3.6350385556073284,-7.9031038269630045,-0.1265325651661442,,,-0.5481171548117154,,,,
-0.8809788654060071,,,,,,,3.634170921469778,-7.821743902338476,-0.1278487268933759,,,-0.5523012552301257,,,,
-0.8876529477196886,,,,,,,3.6333779434876736,-7.765284829752951,-0.1287782768982879,,,-0.5564853556485356,,,,
-0.8943270300333701,,,,,,,3.632536373159753,-7.730206089204549,-0.12936265714785122,,,-0.5606694560669454,,,,
-0.9010011123470525,,,,,,,3.6316280285362446,-7.668613513774593,-0.13040166885497229,,,-0.5648535564853557,,,,
-0.907675194660734,,,,,,,3.6307415403239407,-7.576162102746385,-0.13199295189809845,,,-0.5690376569037656,,,,
-0.9143492769744164,,,,,,,3.6298389154881083,-7.453491340581996,-0.13416531318085845,,,-0.573221757322176,,,,
-0.9210233592880979,,,,,,,3.6289414880966464,-7.307216581711363,-0.1368510141745105,,,-0.5774058577405857,,,,
-0.9276974416017802,,,,,,,3.6280636049738737,-7.206005267116235,-0.13877314308433597,,,-0.5815899581589962,,,,
-0.9343715239154617,,,,,,,3.627125596503905,-7.140845659775084,-0.14003943617393588,,,-0.5857740585774059,,,,
-0.9410456062291432,,,,,,,3.626167971789282,-7.032485731660357,-0.142197231271723,,,-0.5899581589958157,,,,
-0.9477196885428256,,,,,,,3.625177250472236,-6.904921876745277,-0.1448242308675276,,,-0.594142259414226,,,,
-0.9543937708565071,,,,,,,3.624218149364426,-6.7564832627424805,-0.14800599085538124,,,-0.5983263598326359,,,,
-0.9610678531701895,,,,,,,3.6232020345349323,-6.577681128501017,-0.15202926083890134,,,-0.6025104602510463,,,,
-0.967741935483871,,,,,,,3.622195663960165,-6.418313312879322,-0.15580417334774666,,,-0.606694560669456,,,,
-0.9744160177975525,,,,,,,3.621101922671234,-5.882254699519608,-0.17000283923130155,,,-0.6108786610878659,,,,
-0.9810901001112349,,,,,,,3.6200034452834657,-7.9600833274620735,-0.12562682560746907,,,-0.6150627615062763,,,,
-0.9877641824249164,,,,,,,3.618800869002812,8.443067415103007,0.11844036661500468,,,-0.619246861924686,,,,
-0.9944382647385988,,,,,,,3.617509224818314,6.442085752409256,0.15522922830172092,,,-0.6234309623430965,,,,
-1.0011123470522802,,,,,,,3.6160845987008794,-5.766881351542828,-0.17340394903953893,,,-0.6276150627615062,,,,
-1.0077864293659626,,,,,,,3.6144972276555123,-1.647688711735384,-0.6069107549731143,,,-0.6317991631799166,,,,
-1.0144605116796441,,,,,,,3.612523533524042,-0.8375940441417942,-1.1938957863825408,,,-0.6359832635983264,,,,
-1.0211345939933256,,,,,,,3.611801486523558,-0.5169671077766465,-1.9343590432682731,,,-0.6401673640167362,,,,
-1.027808676307008,,,,,,,3.599769312458519,-0.35356921619104126,-2.828300525630823,,,-0.6443514644351466,,,,
-1.0344827586206895,,,,,,,3.5545531101073298,-0.30178285860202364,-3.3136408231812484,,,-0.6485355648535563,,,,
-1.0411568409343719,,,,,,,,,,,,-0.6527196652719668,,,,
-1.0478309232480534,,,,,,,,,,,,-0.6569037656903766,,,,
-1.0545050055617358,,,,,,,,,,,,-0.6610878661087869,,,,
-1.0611790878754173,,,,,,,,,,,,-0.6652719665271968,,,,
-1.0678531701890988,,,,,,,,,,,,-0.6694560669456066,,,,
-1.0745272525027811,,,,,,,,,,,,-0.6736401673640169,,,,
-1.0812013348164626,,,,,,,,,,,,-0.6778242677824267,,,,
-1.087875417130145,,,,,,,,,,,,-0.6820083682008371,,,,
-1.0945494994438265,,,,,,,,,,,,-0.6861924686192469,,,,
-1.101223581757508,,,,,,,,,,,,-0.6903765690376567,,,,
-1.1078976640711904,,,,,,,,,,,,-0.6945606694560671,,,,
-1.1145717463848719,,,,,,,,,,,,-0.6987447698744769,,,,
-1.1212458286985543,,,,,,,,,,,,-0.7029288702928872,,,,
-1.1279199110122358,,,,,,,,,,,,-0.7071129707112971,,,,
-1.1345939933259181,,,,,,,,,,,,-0.7112970711297074,,,,
-1.1412680756395996,,,,,,,,,,,,-0.7154811715481172,,,,
-1.1479421579532811,,,,,,,,,,,,-0.719665271966527,,,,
-1.1546162402669635,,,,,,,,,,,,-0.7238493723849374,,,,
-1.161290322580645,,,,,,,,,,,,-0.7280334728033472,,,,
-1.1679644048943274,,,,,,,,,,,,-0.7322175732217575,,,,
-1.174638487208009,,,,,,,,,,,,-0.7364016736401674,,,,
-1.1813125695216904,,,,,,,,,,,,-0.7405857740585772,,,,
-1.1879866518353728,,,,,,,,,,,,-0.7447698744769875,,,,
-1.1946607341490543,,,,,,,,,,,,-0.7489539748953974,,,,
-1.2013348164627367,,,,,,,,,,,,-0.7531380753138077,,,,
-1.2080088987764181,,,,,,,,,,,,-0.7573221757322175,,,,
-1.2146829810901005,,,,,,,,,,,,-0.7615062761506278,,,,
-1.221357063403782,,,,,,,,,,,,-0.7656903765690377,,,,
-1.2280311457174635,,,,,,,,,,,,-0.7698744769874475,,,,
-1.234705228031146,,,,,,,,,,,,-0.7740585774058578,,,,
-1.2413793103448274,,,,,,,,,,,,-0.7782426778242677,,,,
-1.2480533926585098,,,,,,,,,,,,-0.782426778242678,,,,
-1.2547274749721913,,,,,,,,,,,,-0.7866108786610878,,,,
-1.2614015572858737,,,,,,,,,,,,-0.7907949790794983,,,,
-1.2680756395995552,,,,,,,,,,,,-0.794979079497908,,,,
-1.2747497219132367,,,,,,,,,,,,-0.7991631799163178,,,,
-1.281423804226919,,,,,,,,,,,,-0.8033472803347281,,,,
-1.2880978865406005,,,,,,,,,,,,-0.807531380753138,,,,
-1.294771968854283,,,,,,,,,,,,-0.8117154811715483,,,,
-1.3014460511679644,,,,,,,,,,,,-0.8158995815899581,,,,
-1.308120133481646,,,,,,,,,,,,-0.820083682008368,,,,
-1.3147942157953283,,,,,,,,,,,,-0.8242677824267783,,,,
-1.3214682981090098,,,,,,,,,,,,-0.8284518828451881,,,,
-1.3281423804226922,,,,,,,,,,,,-0.8326359832635986,,,,
-1.3348164627363737,,,,,,,,,,,,-0.8368200836820083,,,,
-1.341490545050056,,,,,,,,,,,,-0.8410041841004187,,,,
-1.3481646273637375,,,,,,,,,,,,-0.8451882845188284,,,,
-1.354838709677419,,,,,,,,,,,,-0.8493723849372383,,,,
-1.3615127919911014,,,,,,,,,,,,-0.8535564853556487,,,,
-1.368186874304783,,,,,,,,,,,,-0.8577405857740584,,,,
-1.3748609566184653,,,,,,,,,,,,-0.8619246861924689,,,,
-1.3815350389321468,,,,,,,,,,,,-0.8661087866108786,,,,
-1.3882091212458292,,,,,,,,,,,,-0.870292887029289,,,,
-1.3948832035595107,,,,,,,,,,,,-0.8744769874476989,,,,
-1.4015572858731922,,,,,,,,,,,,-0.8786610878661086,,,,
