sto_common,p_si_original,p_si_reconstructed_deformed,si_scale_a,si_shift_b,dUdx_si_original,dUdx_si_reconstructed_deformed,x_anode_common,p_anode_reconstructed,dUdx_anode_reconstructed
0.0,1.0,1.0,0.44,0.08,-177.67052081056616,-564.2853651514308,2.652158612913766e-06,1.0000000000000002,-74.99913883697037
0.001001001001001001,0.8221516308202541,0.4351497846332025,0.44,0.08,-103.3559775420618,-288.22627601930674,0.0010036505048004883,0.9249259860587006,-74.93073619667916
0.002002002002002002,0.7930811260419184,0.42297041837976634,0.44,0.08,-25.849677990515602,-10.908092091477101,0.002004648850988063,0.8499889139770137,-70.83007442600376
0.003003003003003003,0.7704005237321347,0.41331176242804313,0.44,0.08,-20.680644351403828,-8.848842923964298,0.0030056471971756375,0.7831244113371555,-59.50883308222325
0.004004004004004004,0.7516784346477164,0.4052550171305886,0.44,0.08,-17.360018854395946,-7.49679584741628,0.004006645543363213,0.7308524269792979,-44.55051349281251
0.005005005005005005,0.7356457312308416,0.39830316213291544,0.44,0.08,-15.045854006761715,-6.530221369183579,0.005007643889550787,0.6939344306809303,-32.0936929761412
0.006006006006006006,0.7215566048043497,0.3921815008759668,0.44,0.08,-13.34220781636185,-5.8125018295254165,0.006008642235738362,0.6666009597949597,-26.25429854776263
0.007007007007007007,0.7089346044713585,0.38666652183356526,0.44,0.08,-12.037599881106985,-5.274159596952501,0.007009640581925936,0.6413734118276799,-24.6896821476314
0.008008008008008008,0.6974573057430744,0.38162262280398984,0.44,0.08,-11.008472629544826,-4.849278904190811,0.00801063892811351,0.617172297799608,-23.504734721888667
0.009009009009009009,0.6868956202280254,0.3769582557591092,0.44,0.08,-10.178196972223645,-4.504419070605621,0.009011637274301085,0.5943170106593035,-22.01363485528958
0.01001001001001001,0.677080535027912,0.37260476680678134,0.44,0.08,-9.496070479061075,-4.21938544268707,0.01001263562048866,0.573101073632164,-20.447222721972878
0.011011011011011011,0.6678844681177931,0.3685110376556316,0.44,0.08,-8.927552196822944,-3.9774467370612,0.011013633966676234,0.5533817384016558,-19.141685088718987
0.012012012012012012,0.6592075576568951,0.3646419104763285,0.44,0.08,-8.447749079156267,-3.7749545830815237,0.012014632312863809,0.5347794833980619,-18.064282964022937
0.013013013013013013,0.6509720575489116,0.3609535710228357,0.44,0.08,-8.03919098528604,-3.607334501364136,0.013015630659051383,0.5172171036575532,-17.004150659451
0.014014014014014014,0.643113081209876,0.35742001958270664,0.44,0.08,-7.689034459625191,-3.4636494701463505,0.014016629005238958,0.5007372300211923,-15.93568881507153
0.015015015015015015,0.6355785951672797,0.35401933784936956,0.44,0.08,-7.386462975835684,-3.340036029002732,0.015017627351426532,0.4853139073590603,-15.013344660941101
0.016016016016016016,0.6283253675445393,0.35073326076588435,0.44,0.08,-7.123856292648156,-3.232072766866594,0.016018625697614107,0.47068056366850014,-14.285419053996321
0.017017017017017015,0.6213166206074235,0.3475487216994865,0.44,0.08,-6.895661674795576,-3.138004450701942,0.01701962404380168,0.4567145456637668,-13.67496807398959
0.018018018018018018,0.61452023906647,0.34445096957328786,0.44,0.08,-6.696290372244391,-3.0581555451884697,0.018020622389989256,0.4433033228160372,-12.660520266895958
0.01901901901901902,0.6079106338762036,0.3414262881755856,0.44,0.08,-6.522129266989566,-2.9901186521342993,0.01902162073617683,0.4313682259656925,-10.975327101942213
0.02002002002002002,0.6014629232166411,0.3384647460454915,0.44,0.08,-6.370086976115601,-2.93148059298818,0.020022619082364405,0.42133075426021355,-9.631935439659514
0.02102102102102102,0.5951577069970932,0.3355574581595933,0.44,0.08,-6.237137326262086,-2.8810191072313387,0.02102361742855198,0.4120851230743232,-8.968362892213406
0.022022022022022022,0.588976161802703,0.33269694002500827,0.44,0.08,-6.121420285579973,-2.8369873642127175,0.022024615774739555,0.4033761214139823,-8.433326579027266
0.023023023023023025,0.5829026113302664,0.3298778037767851,0.44,0.08,-6.020687185833083,-2.7995727373610464,0.02302561412092713,0.3952016311573912,-8.009551184184232
0.024024024024024024,0.5769227340032375,0.3270921898000613,0.44,0.08,-5.933489528848895,-2.7687205040362812,0.024026612467114704,0.387341026435836,-7.598361327495269
0.025025025025025023,0.5710237534146531,0.3243348197847205,0.44,0.08,-5.858207243163463,-2.7426430651779015,0.02502761081330228,0.37998973691227445,-7.162978561657525
0.026026026026026026,0.5651945913742814,0.32160141289279814,0.44,0.08,-5.793501068572027,-2.7203930872242097,0.026028609159489853,0.3730007670478435,-6.7832303494656685
0.02702702702702703,0.5594251526767712,0.31888858737786524,0.44,0.08,-5.7378969965983515,-2.701003829738738,0.027029607505677428,0.36640973218902545,-6.425786269071921
0.028028028028028028,0.5537073100998103,0.31619399781824614,0.44,0.08,-5.690228699169211,-2.6833135909759562,0.028030605851865002,0.3601363641912519,-6.136588587384892
0.029029029029029027,0.5480333034291852,0.31351658819673217,0.44,0.08,-5.649122550844083,-2.6665919634282034,0.029031604198052577,0.35412430213461377,-5.893533445952642
0.03003003003003003,0.5423977554434658,0.3108554753689404,0.44,0.08,-5.612915127438782,-2.649642492481064,0.03003260254424015,0.3483375297260524,-5.679406063151845
0.031031031031031032,0.5367962361069855,0.3082119986221955,0.44,0.08,-5.580091601899937,-2.6307278686049926,0.031033600890427726,0.3427541499815284,-5.459510537927599
0.03203203203203203,0.5312264008851076,0.30558875290927084,0.44,0.08,-5.548716446682192,-2.6082410941927776,0.0320345992366153,0.33740760768713407,-5.2854267541705156
0.03303303303303303,0.5256876946721863,0.3029902947299177,0.44,0.08,-5.51669316144671,-2.579952444165542,0.033035597582802875,0.33217274310188794,-5.165604049549955
0.03403403403403403,0.5201819701314606,0.3004236829509815,0.44,0.08,-5.481595559670893,-2.544049077988319,0.03403659592899045,0.3270660854658154,-5.033390244467569
0.035035035035035036,0.5147135293875599,0.29789710338259373,0.44,0.08,-5.440926083743818,-2.4999171501537205,0.035037594275178024,0.32209591248103053,-4.960542492926436
0.036036036036036036,0.5092892252190606,0.2954188438115346,0.44,0.08,-5.391714240910005,-2.446922617012433,0.0360385926213656,0.3171350958025903,-4.891546961119843
0.037037037037037035,0.5039193066830354,0.2929983594045909,0.44,0.08,-5.3313093492196515,-2.3845399929662676,0.037039590967553174,0.31230305164427086,-4.787479325815497
0.03803803803803804,0.49861593322863085,0.2906449899717623,0.44,0.08,-5.257418992656341,-2.3130447468808484,0.03804058931374075,0.30755057802749325,-4.723951440550735
0.03903903903903904,0.493393943334374,0.28836763919061525,0.44,0.08,-5.167542988252535,-2.2318365297113587,0.03904158765992832,0.30284571648534747,-4.66305649210139
0.04004004004004004,0.48827050182071785,0.28617684877113897,0.44,0.08,-5.060840598765395,-2.1446868074747556,0.0400425860061159,0.2982151543539478,-4.538267254556644
0.04104104104104104,0.48326213032383264,0.2840739719083835,0.44,0.08,-4.937387302874384,-2.056355341185764,0.04104358435230347,0.29376012045261063,-4.375058622085106
0.04204204204204204,0.4783858425557041,0.28206002126125757,0.44,0.08,-4.7974130376966855,-1.9678800948872492,0.04204458269849105,0.28945630146358603,-4.239442491170195
0.043043043043043044,0.4736576998179334,0.2801342720187193,0.44,0.08,-4.644787221365533,-1.880463263424275,0.04304558104467862,0.28527277060777323,-4.086350480246836
0.044044044044044044,0.4690869692396569,0.27829533004319096,0.44,0.08,-4.482217182416008,-1.7957378250263218,0.044046579390866196,0.2812754413182463,-3.888865265843009
0.04504504504504504,0.46468429204532874,0.27653920129794596,0.44,0.08,-4.312923122679223,-1.7150047844085918,0.04504757773705377,0.27748727520846295,-3.682937035280929
0.04604604604604605,0.4604524885135724,0.27486188703136194,0.44,0.08,-4.143076977482849,-1.6401680409232426,0.046048576083241345,0.2739022135553879,-3.5117395251663197
0.04704704704704705,0.4563898436419596,0.2732555815963979,0.44,0.08,-3.9735999770027206,-1.5728805423571544,0.04704957442942892,0.2704567842945969,-3.368135261254082
0.04804804804804805,0.45249733340445786,0.2717129770366529,0.44,0.08,-3.80838617208272,-1.512182513893947,0.048050572775616494,0.26715921790288516,-3.2264133329672404
0.04904904904904905,0.4487654469010533,0.2702281891761898,0.44,0.08,-3.6531331877765467,-1.4572981864722294,0.04905157112180407,0.2639975154737614,-3.099149784857616
0.050050050050050046,0.4451837534489493,0.26879546314982167,0.44,0.08,-3.505326740035315,-1.4074047012630047,0.050052569467991644,0.26095473028442506,-3.0023415090240064
0.05105105105105105,0.4417477757498315,0.2674105621466343,0.44,0.08,-3.367643020500566,-1.3633302723800114,0.05105356781417922,0.2579868377033147,-2.9367851511972134
0.05205205205205205,0.4384417253798791,0.26606607321512693,0.44,0.08,-3.242423307486945,-1.3254234121348247,0.05205456616036679,0.2550752961255118,-2.88734367102343
0.05305305305305305,0.43525643779690465,0.26475706182204006,0.44,0.08,-3.127793456227664,-1.2923677821829074,0.05305556450655437,0.2522063852241755,-2.852951351636449
0.05405405405405406,0.43217987661866253,0.2634787503278738,0.44,0.08,-3.023371909005533,-1.264035159326312,0.05405656285274194,0.2493636969560284,-2.8231354050765987
0.055055055055055056,0.42920364118227894,0.2622264609024679,0.44,0.08,-2.929209695833663,-1.2396594921569033,0.05505756119892952,0.24655447748108497,-2.779712824056986
0.056056056056056056,0.42631559294331983,0.2609969495427749,0.44,0.08,-2.8461714922644035,-1.2183845819861574,0.05605855954511709,0.2437987210765135,-2.7301378040634603
0.057057057057057055,0.42350560015672456,0.2597872525301232,0.44,0.08,-2.772059085946296,-1.2007798105764778,0.057059557891304666,0.24108875062762158,-2.675026375724727
0.058058058058058054,0.4207659251035875,0.2585929859580372,0.44,0.08,-2.7063492879956073,-1.186745050374327,0.05806055623749224,0.23844332712029634,-2.5772832919286373
0.05905905905905906,0.4180874834640406,0.25741138656340784,0.44,0.08,-2.6491088682913073,-1.175301376428834,0.059061554583679815,0.2359290380018667,-2.455880317683622
0.06006006006006006,0.41546240384574706,0.256240030249471,0.44,0.08,-2.5992322547623985,-1.1660907365146187,0.06006255292986739,0.2335266628474245,-2.3394909520743425
0.06106106106106106,0.4128838152863381,0.2550768705743896,0.44,0.08,-2.556334436017721,-1.1587415301192863,0.061063551276054964,0.23124538485397228,-2.2184697922295697
0.062062062062062065,0.4103446171870529,0.2539202273863693,0.44,0.08,-2.519489589358642,-1.1529885623386065,0.06206454962224254,0.22908529366124672,-2.097171144234707
0.06306306306306306,0.4078397920844189,0.2527685851643023,0.44,0.08,-2.4883720192031547,-1.1485455336661943,0.06306554796843011,0.2270468551598698,-1.9696828624011857
0.06406406406406406,0.40536289142288245,0.2516208369285792,0.44,0.08,-2.4626083193908244,-1.1449110160637588,0.0640665463146177,0.22514199508569152,-1.846225075047201
0.06506506506506507,0.40290964529885165,0.2504764710180285,0.44,0.08,-2.4414034617632865,-1.1415694120187396,0.06506754466080528,0.22335071866624523,-1.7289593247687804
0.06606606606606606,0.4004751968047377,0.24933541268029338,0.44,0.08,-2.424110251123011,-1.1381206353457998,0.06606854300699284,0.2216806242362533,-1.6192299030601163
0.06706706706706707,0.39805657172302983,0.24819795122754645,0.44,0.08,-2.4100807788691725,-1.134005171567523,0.06706954135318041,0.22010902575612395,-1.516684145196649
0.06806806806806806,0.39565021026045505,0.24706513205653458,0.44,0.08,-2.399166039425296,-1.1287643410716441,0.068070539699368,0.21864422759419172,-1.4200967355415202
0.06906906906906907,0.39325343650896516,0.24593816275693256,0.44,0.08,-2.3904003383233317,-1.122022669620108,0.06907153804555557,0.21726599678871708,-1.3390690241502483
0.07007007007007007,0.39086462399754546,0.24481884042566346,0.44,0.08,-2.383167133652705,-1.1134033721777001,0.07007253639174314,0.21596341583698095,-1.2603376634056218
0.07107107107107107,0.38848233113628705,0.24370912697679703,0.44,0.08,-2.376694235379091,-1.1026645206381147,0.07107353473793071,0.2147428049553032,-1.1937812577082383
0.07207207207207207,0.38610647738016995,0.24261130384780938,0.44,0.08,-2.3702542860434335,-1.089618554637596,0.07207453308411829,0.21357346970762958,-1.1242753130353265
0.07307307307307308,0.3837370773103742,0.24152770844899402,0.44,0.08,-2.3632867558108615,-1.073672651424431,0.07307553143030587,0.21249200949728744,-1.0572167939907047
0.07407407407407407,0.38137517256373177,0.24046180905016284,0.44,0.08,-2.354910077250395,-1.0548360118100675,0.07407652977649344,0.21145692518293677,-1.0022635121185175
0.07507507507507508,0.37902254262118423,0.23941592464156647,0.44,0.08,-2.344347017547733,-1.0342054215631151,0.07507752812268101,0.2104854812611379,-0.9342852489636755
0.07607607607607608,0.37668178514121375,0.23839132772571217,0.44,0.08,-2.330847860656206,-1.0118428333778695,0.07607852646886859,0.20958648920477657,-0.8831865650858788
0.07707707707707707,0.3743561805377884,0.2373902132634326,0.44,0.08,-2.3137452974518737,-0.9876614428447539,0.07707952481505617,0.2087173446790858,-0.8141851898843697
0.07807807807807808,0.37204966242359244,0.2364140275398368,0.44,0.08,-2.292866850807769,-0.9617923692633497,0.07808052316124374,0.20795649314764725,-0.7460452041109278
0.07907907907907907,0.3697658565121472,0.2354647030146571,0.44,0.08,-2.268030844403995,-0.9338571904326187,0.07908152150743131,0.2072237646480934,-0.6811129338046698
0.08008008008008008,0.3675090601324934,0.23454444357500678,0.44,0.08,-2.239108469793564,-0.9057418862712581,0.08008251985361889,0.20659290730703633,-0.5876209289454408
0.08108108108108109,0.36528315687292084,0.23365140594504497,0.44,0.08,-2.2046092810698212,-0.8784512901610384,0.08108351819980647,0.2060473494919742,-0.48730787621256866
0.08208208208208208,0.3630954279381594,0.23278578233344313,0.44,0.08,-2.1657569051233736,-0.8510447415247882,0.08208451654599404,0.20561731855069046,-0.3765788388817981
0.08308308308308308,0.3609473072130142,0.23194761266871908,0.44,0.08,-2.12428203473641,-0.8236553680701775,0.0830855148921816,0.20529343990211438,-0.27065663771220727
0.08408408408408408,0.35884261105180026,0.23113682263760693,0.44,0.08,-2.0793602818606587,-0.7958356110174947,0.08408651323836919,0.2050754648572212,-0.2132474805942195
0.08508508508508508,0.35678442376584574,0.2303543481821976,0.44,0.08,-2.0316538740623002,-0.7686265669617143,0.08508751158455677,0.2048665191513074,-0.18601995721503783
0.08608608608608609,0.3547752359285524,0.22959803071175763,0.44,0.08,-1.9810862123208324,-0.7431413785449763,0.08608850993074434,0.20470305351816098,-0.16330260061768342
0.08708708708708708,0.35281828520264086,0.22886657765458002,0.44,0.08,-1.9286040976415109,-0.7188147615515277,0.0870895082769319,0.20453958788501456,-0.15971203807869472
0.08808808808808809,0.3509141666640049,0.2281589621200629,0.44,0.08,-1.8757464102477854,-0.69550983905755,0.08809050662311949,0.2043833105461949,-0.14335551010620406
0.0890890890890891,0.3490630371340767,0.2274741655643747,0.44,0.08,-1.8228256270799932,-0.6727119091152929,0.08909150496930707,0.20425259062794818,-0.1305895446726879
0.09009009009009009,0.34726486610929014,0.2268121915312435,0.44,0.08,-1.7701554074667456,-0.6505141305212874,0.09009250331549463,0.20412187070970145,-0.1305895446726737
0.09109109109109109,0.3455191824644736,0.2261718349727405,0.44,0.08,-1.7173837478913185,-0.6294293774936222,0.0910935016616822,0.20399115079145472,-0.12775115146213523
0.0920920920920921,0.343826660407806,0.2255520726573824,0.44,0.08,-1.665685321535591,-0.6094326743680085,0.09209450000786978,0.2038661133270271,-0.1224494717111213
0.09309309309309309,0.34218447711605404,0.2249517495385703,0.44,0.08,-1.6140881000193872,-0.5907536206424311,0.09309549835405737,0.20374600735410595,-0.11998618517066006
0.0940940940940941,0.3405952528001596,0.22436938272616633,0.44,0.08,-1.5641656291124946,-0.5729049380238109,0.09409649670024493,0.20362590138118478,-0.11998618517063164
0.09509509509509509,0.3390530143951081,0.22380479270568981,0.44,0.08,-1.5170362273942715,-0.5558561035400231,0.0950974950464325,0.20350579540826363,-0.12194570350408185
0.0960960960960961,0.3375581432358068,0.22325655769405417,0.44,0.08,-1.4707113466172643,-0.5395396036100806,0.09609849339262008,0.2033817664861202,-0.1256734288899679
0.0970970970970971,0.33610864733481327,0.22272463333910306,0.44,0.08,-1.426398976790665,-0.5239329492883229,0.09709949173880766,0.2032541976193065,-0.12744163594236113
0.0980980980980981,0.33470248962861826,0.22220764288066414,0.44,0.08,-1.3842096648430413,-0.5095745161303995,0.09810049008499523,0.20312662875249277,-0.1274416359423327
0.0990990990990991,0.333337456814607,0.22170446413764078,0.44,0.08,-1.343578079882377,-0.4958305538325476,0.0991014884311828,0.20299905988567907,-0.12851501011145672
0.10010010010010009,0.3320126436228477,0.2212149891192376,0.44,0.08,-1.3035754570889253,-0.4824635766218819,0.10010248677737038,0.20286934212732902,-0.12994518987893855
0.1011011011011011,0.33072769613975433,0.22073857109135073,0.44,0.08,-1.26517005774852,-0.46938309923075394,0.10110348512355796,0.20273891004535138,-0.13030199547722532
0.1021021021021021,0.3294797706343622,0.22027528321487172,0.44,0.08,-1.229694447217156,-0.45710612718669097,0.10210448346974553,0.20260847796337378,-0.1306040511235551
0.1031031031031031,0.3282658453945749,0.21982344370959558,0.44,0.08,-1.1955489102638523,-0.4457692498672543,0.1031054818159331,0.20247744116699123,-0.13579005323404658
0.1041041041041041,0.32708627932252266,0.21938285228420656,0.44,0.08,-1.1621613699390991,-0.4349064233778819,0.10410648016212068,0.20233662672594174,-0.14067399969819405
0.10510510510510511,0.3259391960053074,0.21895276017930954,0.44,0.08,-1.1310087822151615,-0.42465540596838025,0.10510747850830826,0.20219581228489225,-0.14067399969822247
0.1061061061061061,0.32482199747624607,0.21853269131129688,0.44,0.08,-1.1017173269670764,-0.4147612460977683,0.10610847685449583,0.20205499784384276,-0.1427450951047433
0.10710710710710711,0.3237335557110791,0.21812240733426896,0.44,0.08,-1.0735539707898738,-0.4052394133011745,0.1071094752006834,0.20191003707663976,-0.14599027825831
0.10810810810810811,0.3226727402774675,0.2177214011945778,0.44,0.08,-1.0465174015164962,-0.39629097174749006,0.10811047354687098,0.20176272578965065,-0.14716436600535587
0.1091091091091091,0.3216384257781131,0.21732903201545514,0.44,0.08,-1.0206013785019934,-0.387745680945514,0.10911147189305856,0.20161541450266154,-0.14979402915683693
0.11011011011011011,0.3206294942744605,0.21694513356505726,0.44,0.08,-0.99526233639304,-0.37943693146903,0.11011247023924613,0.20146283863874115,-0.15692046789385472
0.1111111111111111,0.319645908588137,0.21656939851902063,0.44,0.08,-0.9707063137931016,-0.37147226645181775,0.1111134685854337,0.20130126024497208,-0.16141724347941988
0.11211211211211211,0.31868613829089076,0.2162014453439325,0.44,0.08,-0.9477456340664787,-0.36360582614720727,0.11211446693162128,0.20113968185120298,-0.16396159820220646
0.11311311311311312,0.3177485199313473,0.21584145892713433,0.44,0.08,-0.9261791382842546,-0.3560206931941252,0.11311546527780886,0.2009730096676947,-0.17051142366700844
0.11411411411411411,0.3168319258018332,0.21548869120340372,0.44,0.08,-0.905688743349998,-0.34906484673589944,0.11411646362399643,0.2007983185450095,-0.17451689440900964
0.11511511511511512,0.31593532925396994,0.21514263040514053,0.44,0.08,-0.8862107482670467,-0.34250031974531225,0.11511746197018399,0.2006236274223243,-0.18121517008344767
0.11611611611611611,0.3150577301096069,0.21480300487758727,0.44,0.08,-0.8677178960287506,-0.3359441353194086,0.11611846031637157,0.2004355263738942,-0.19181960978920642
0.11711711711711711,0.31419815628894743,0.21447006957367026,0.44,0.08,-0.8490153063877699,-0.3296905492867239,0.11711945866255916,0.20023960519799364,-0.19807071367570472
0.11811811811811812,0.3133579997664882,0.21414296373787411,0.44,0.08,-0.8306381032200818,-0.3239401682828458,0.11812045700874672,0.20003898946025908,-0.2115812496143974
0.11911911911911911,0.3125352171433617,0.21382154070823914,0.44,0.08,-0.8138052797401087,-0.3181413674343361,0.11912145535493429,0.19981602023609704,-0.22276924634088857
0.12012012012012012,0.3117287599672088,0.21350604408335094,0.44,0.08,-0.798132558144033,-0.31250067488529965,0.12012245370112187,0.19959300616592168,-0.22440843020839907
0.12112112112112113,0.31093735416409435,0.2131959137314918,0.44,0.08,-0.7833287759770258,-0.30750306927600946,0.12112345204730945,0.19936675530107872,-0.226025213432834
0.12212212212212212,0.310160534189477,0.21289042232303862,0.44,0.08,-0.7691012860465491,-0.3024854444648213,0.12212445039349702,0.19914050443623577,-0.22737440663152597
0.12312312312312312,0.3093976118496869,0.21259033726609677,0.44,0.08,-0.7533399022323124,-0.2972244154520354,0.12312544873968459,0.19891155249107165,-0.22889875377298097
0.12412412412412413,0.3086523461970199,0.21229537844825977,0.44,0.08,-0.7383848132251671,-0.29256387754091406,0.12412644708587217,0.19868224988829344,-0.23221798104717095
0.12512512512512514,0.30791936397536224,0.2120046237975464,0.44,0.08,-0.725664518059034,-0.288247102567027,0.12512744543205975,0.19844665286110516,-0.23622391266003717
0.12612612612612611,0.30719956437908397,0.2117183071718493,0.44,0.08,-0.7132678071892826,-0.28355003308624305,0.1261284437782473,0.19820933039648816,-0.24094061215777174
0.12712712712712712,0.30649140039740574,0.21143695606364,0.44,0.08,-0.7005791760130364,-0.27927382088884656,0.1271294421244349,0.19796429055250647,-0.24604239664598992
0.12812812812812813,0.3057970034661449,0.2111592004233231,0.44,0.08,-0.6886572490336107,-0.2753843686795818,0.12813044047062247,0.19771675433221883,-0.2544990482649183
0.12912912912912913,0.30511270720614725,0.21088563600622343,0.44,0.08,-0.6775036581552456,-0.27080098317851764,0.12913143881681005,0.19745478429966748,-0.26339937157867155
0.13013013013013014,0.30444063978615443,0.2106170563128556,0.44,0.08,-0.6661412445182577,-0.26674809847257563,0.13013243716299763,0.19718942966154462,-0.2731527466532526
0.13113113113113112,0.3037790911010056,0.21035160577905113,0.44,0.08,-0.6563748135809249,-0.26322875814737756,0.1311334355091852,0.1969079334043545,-0.2836928933292029
0.13213213213213212,0.30312657609530175,0.21009007181206005,0.44,0.08,-0.6456023866685996,-0.25944403108606195,0.13213443385537277,0.1966214774274492,-0.2922927748698072
0.13313313313313313,0.3024865938303978,0.20983219830940936,0.44,0.08,-0.6349993977872259,-0.2561233611601921,0.13313543220156035,0.19632276423585998,-0.2994247910528429
0.13413413413413414,0.30185530602966165,0.20957731233025784,0.44,0.08,-0.626886195382923,-0.2526942982383247,0.1341364305477479,0.19602202998614632,-0.300785853534947
0.13513513513513514,0.3012315664122137,0.20932630381844172,0.44,0.08,-0.6167834548431301,-0.24923747659472895,0.13513742889393549,0.19572059195196978,-0.2994470135591456
0.13613613613613612,0.30062050431826404,0.20907833840314127,0.44,0.08,-0.6071172326713281,-0.2461508626774105,0.13613842724012307,0.19542253805545928,-0.2967300238268251
0.13713713713713713,0.3000161164969558,0.208833509298567,0.44,0.08,-0.599743769234891,-0.24309516869563197,0.13713942558631065,0.19512653942574007,-0.2945013862194088
0.13813813813813813,0.29941981609156754,0.2085916613887356,0.44,0.08,-0.5903679632349679,-0.24003987821829753,0.13814042393249823,0.19483294725434813,-0.2937843765593442
0.13913913913913914,0.29883419865264155,0.20835294898181367,0.44,0.08,-0.5827050822380215,-0.23720795110179438,0.13914142227868578,0.19453838407559676,-0.29542581260341194
0.14014014014014015,0.29825323935035025,0.20811677059573902,0.44,0.08,-0.5744924458591072,-0.2343922338715032,0.14014242062487337,0.19424150575467386,-0.30116141339851765
0.14114114114114115,0.29768406362589656,0.2078836952603492,0.44,0.08,-0.5657580900880248,-0.23154191399800084,0.14114341897106095,0.1939354599221019,-0.30957698436137093
0.14214214214214213,0.2971205905213452,0.20765322322036767,0.44,0.08,-0.5589418234729635,-0.22879337942869427,0.1421444173172485,0.19362173365594693,-0.31618399717643797
0.14314314314314314,0.296565060976301,0.20742565045668812,0.44,0.08,-0.5510390229783013,-0.22636085203842526,0.14314541566343608,0.19330246060557274,-0.322045382563644
0.14414414414414414,0.2960174092941614,0.20720004834141187,0.44,0.08,-0.5445262563339952,-0.22378679768245036,0.14414641400962366,0.19297699986525982,-0.3253308180157575
0.14514514514514515,0.29547491832097766,0.20697762883970625,0.44,0.08,-0.5375173118151508,-0.22130443419162305,0.14514741235581125,0.19265114938397748,-0.32586240583283654
0.14614614614614616,0.2949412985597967,0.2067569964211083,0.44,0.08,-0.5306589661088026,-0.21888426499957347,0.14614841070199883,0.19232462440661308,-0.327490422268923
0.14714714714714713,0.2944125380084475,0.20653942210297035,0.44,0.08,-0.5243477985333982,-0.2165217210769299,0.14714940904818638,0.19199551464181056,-0.3296354865882165
0.14814814814814814,0.29389155321738747,0.20632351950203537,0.44,0.08,-0.5179090168450386,-0.21429637575302252,0.14815040739437396,0.19166469525277402,-0.3312374783658214
0.14914914914914915,0.2933756831198689,0.20611040032969102,0.44,0.08,-0.5120809653652714,-0.21208284974271407,0.14915140574056154,0.1913323783057315,-0.3331586512824032
0.15015015015015015,0.2928663660995391,0.20589892921226016,0.44,0.08,-0.5060944361914608,-0.20967499996748984,0.1501524040867491,0.19099771273487048,-0.33539806263097205
0.15115115115115116,0.29236248104541146,0.20569063055998635,0.44,0.08,-0.5004509650944158,-0.2074744412115166,0.15115340243293668,0.19066091249371528,-0.33704043468470957
0.15215215215215216,0.2918644622655162,0.20548356496559045,0.44,0.08,-0.49483872549149055,-0.20538890670012222,0.15215440077912426,0.190322958899435,-0.338131282166529
0.15315315315315314,0.29137181292630937,0.20527944155758374,0.44,0.08,-0.48942858983727433,-0.20336428504990067,0.15315539912531184,0.18998397478522933,-0.33888393272053463
0.15415415415415415,0.29088462524882497,0.20507642925978484,0.44,0.08,-0.48411974912454525,-0.20145962507655213,0.15415639747149942,0.1896445143870294,-0.33947910876983656
0.15515515515515516,0.2904026042193533,0.20487611898485789,0.44,0.08,-0.47898600069649433,-0.19964824031690398,0.15515739581768698,0.18930433873234168,-0.34035339135810716
0.15615615615615616,0.28992569431649967,0.2046767330829742,0.44,0.08,-0.4739145940180549,-0.19776219946228935,0.15615839416387456,0.1889631280232918,-0.3425250709089198
0.15715715715715717,0.28945382625335125,0.20448019866561407,0.44,0.08,-0.46909515889257136,-0.19591885896502959,0.15715939251006214,0.18861860467332645,-0.34471683166891864
0.15815815815815815,0.2889865648692673,0.2042845031350963,0.44,0.08,-0.464201304896676,-0.19416462354766395,0.1581603908562497,0.1882730060664846,-0.3456810077296666
0.15915915915915915,0.28852449431161614,0.2040914807005537,0.44,0.08,-0.45972924926340397,-0.19228796128508918,0.15916138920243728,0.18792655243923473,-0.3465535474097976
0.16016016016016016,0.2880661859918631,0.20389954225164267,0.44,0.08,-0.4549584978973087,-0.19075844232587258,0.16016238754862486,0.1875792070108393,-0.3477727000438051
0.16116116116116116,0.2876136664879979,0.2037095819171185,0.44,0.08,-0.4508621125347929,-0.1890304062645356,0.16116338589481244,0.18723031264404866,-0.3491371516291082
0.16216216216216217,0.2871635591399416,0.2035211029998618,0.44,0.08,-0.4461642467516356,-0.18752687621079644,0.16216438424100002,0.18688023558809252,-0.3500681864600921
0.16316316316316315,0.2867204447727794,0.20333415273551533,0.44,0.08,-0.44245188470196695,-0.18593129232338867,0.16316538258718757,0.1865294772926498,-0.34999936647008667
0.16416416416416416,0.2862777695809787,0.2031488681803956,0.44,0.08,-0.4374826444881421,-0.18440256564110769,0.16416638093337516,0.18617953801408602,-0.3493251780313358
0.16516516516516516,0.285844603642673,0.20296497842992753,0.44,0.08,-0.4327327723674159,-0.18293788182985793,0.16516737927956274,0.18583012944166769,-0.3493435169006318
0.16616616616616617,0.2854114377043673,0.2027826261747302,0.44,0.08,-0.42930644571634957,-0.18142733978685044,0.1661683776257503,0.18548015344874824,-0.3501909616597203
0.16716716716716717,0.2849851312788765,0.20260176053245635,0.44,0.08,-0.42483804509103607,-0.18003677277556562,0.16716937597193787,0.18512904829472523,-0.35245056301135946
0.16816816816816815,0.2845609110875684,0.20242219219519955,0.44,0.08,-0.4217376470639067,-0.17860831603719873,0.16817037431812545,0.18477454858737374,-0.35500544509167753
0.16916916916916916,0.28414081166513494,0.20224418632617566,0.44,0.08,-0.41763444897387103,-0.17721226854193617,0.16917137266431304,0.18441832856787654,-0.3568279755674979
0.17017017017017017,0.28372480608461775,0.20206741287879926,0.44,0.08,-0.4145840855743472,-0.17598341677469875,0.17017237101050062,0.18406018016054068,-0.3588983332270175
0.17117117117117117,0.28331081349581694,0.20189186717347357,0.44,0.08,-0.4108301735121245,-0.1745597571885753,0.17117336935668817,0.1836998152918571,-0.36003282881050325
0.17217217217217218,0.2829023232547636,0.20171794389543876,0.44,0.08,-0.4072992700794771,-0.17333765489840403,0.17217436770287575,0.1833393956281156,-0.360074609215431
0.17317317317317318,0.2824953995417039,0.20154484484134463,0.44,0.08,-0.40400428601023464,-0.17205273301104285,0.17317536604906333,0.18297894711519955,-0.3601273697664311
0.17417417417417416,0.28209350586535376,0.20137349397950075,0.44,0.08,-0.4003182960396998,-0.17073088529622282,0.1741763643952509,0.18261842182500945,-0.36022649821484265
0.17517517517517517,0.28169396151159437,0.20120304126717803,0.44,0.08,-0.39763644905397655,-0.16969873516640632,0.17517736274143847,0.18225777485726755,-0.36007382180874004
0.17617617617617617,0.28129743689827874,0.2010337567719604,0.44,0.08,-0.39436965478779484,-0.16825694450149342,0.17617836108762605,0.18189755522473747,-0.36002483255413154
0.17717717717717718,0.2809044326731803,0.2008661905274353,0.44,0.08,-0.3915427610987763,-0.16717468212661402,0.17717935943381363,0.18153700633332126,-0.3605452434831449
0.1781781781781782,0.28051356750668954,0.20069907272365886,0.44,0.08,-0.3883124042584143,-0.16600613400666475,0.17818035778000121,0.1811757448398326,-0.36145767785392025
0.17917917917917917,0.2801270304624528,0.20053384591480933,0.44,0.08,-0.3849350810008616,-0.16469472253264428,0.17918135612618877,0.18081336925782412,-0.36387228148170436
0.18018018018018017,0.279742926703885,0.20036935355942934,0.44,0.08,-0.3824086889223963,-0.16392409065279878,0.18018235447237635,0.18044727373585923,-0.3665732848667176
0.18118118118118118,0.27936144750164715,0.20020566955714605,0.44,0.08,-0.3797446191495055,-0.16258867445682768,0.18118335281856393,0.18007949075400786,-0.3685273946069003
0.18218218218218218,0.2789826772160982,0.20004385070766392,0.44,0.08,-0.37694045938235377,-0.1615985865623628,0.18218435116475148,0.17970948311080662,-0.37091832161020477
0.1831831831831832,0.27860681194732817,0.19988214886332753,0.44,0.08,-0.3740831025527882,-0.1607291234206798,0.18318534951093907,0.1793369135010029,-0.3731857971187509
0.1841841841841842,0.27823376209587236,0.1997220706807957,0.44,0.08,-0.37127980658397064,-0.15938806940236816,0.18418634785712665,0.17896236637933347,-0.3750373132736229
0.18518518518518517,0.2778635090312442,0.19956305362928875,0.44,0.08,-0.3687388934962712,-0.15882340907347725,0.18518734620331423,0.17858609004031184,-0.3776046984837791
0.18618618618618618,0.2774955460928768,0.1994041058978658,0.44,0.08,-0.3667567488498662,-0.15767710938642665,0.1861883445495018,0.17820640302194363,-0.380976662335641
0.1871871871871872,0.277129261285799,0.19924738374062723,0.44,0.08,-0.363713882759896,-0.1564139491050014,0.18718934289568936,0.17782337602244375,-0.38352239647856834
0.1881881881881882,0.27676739017143553,0.19909096485861655,0.44,0.08,-0.3608904779754596,-0.15595832540276433,0.18819034124187695,0.17743859245274174,-0.3860153447343748
0.1891891891891892,0.2764067578263887,0.19893515486094202,0.44,0.08,-0.3591612722084676,-0.1548468160168568,0.18919133958806453,0.17705057457907947,-0.38784272937925834
0.19019019019019018,0.2760483485854326,0.1987809612229472,0.44,0.08,-0.3564655998843307,-0.15386384380592233,0.19019233793425208,0.1766621325913627,-0.3882684757224695
0.19119119119119118,0.2756931129817754,0.19862711913760686,0.44,0.08,-0.3542272646246545,-0.15320386130888153,0.19119333628043966,0.17627326237492957,-0.3893820780320141
0.1921921921921922,0.2753391848924903,0.19847424678589237,0.44,0.08,-0.35189333953920254,-0.15219297263607245,0.19219433462662724,0.17588259095907247,-0.3922336057384399
0.1931931931931932,0.2749886218115267,0.1983224285016988,0.44,0.08,-0.349110385132434,-0.15143555172312517,0.19319533297281483,0.17548801199360284,-0.3955098515454125
0.1941941941941942,0.27464026520253554,0.1981710725081684,0.44,0.08,-0.3477177055931122,-0.150635914288074,0.1941963313190024,0.17509078154447674,-0.3972737774970625
0.19519519519519518,0.27429249026879776,0.19802085509972067,0.44,0.08,-0.3450425311927745,-0.14971519942646694,0.19519732966518996,0.17469267120508633,-0.39834980744328163
0.1961961961961962,0.27394948936431174,0.19787134237918647,0.44,0.08,-0.34220147053471806,-0.14907530892364207,0.19619832801137754,0.17429328654756698,-0.3995845713399149
0.1971971971971972,0.2736074022396992,0.19772240603280647,0.44,0.08,-0.34155790158567356,-0.1482210286039276,0.19719932635756512,0.1738927042149397,-0.4008013157297654
0.1981981981981982,0.2732656897615376,0.1975746035831826,0.44,0.08,-0.33865019354203696,-0.1473613072770803,0.19820032470375268,0.17349088363917642,-0.4022540658614844
0.1991991991991992,0.2729294238742497,0.19742738840062013,0.44,0.08,-0.3359296214005951,-0.1467275835402262,0.19920132304994026,0.17308739290559055,-0.40416700118728954
0.20020020020020018,0.2725931579869618,0.19728085466718617,0.44,0.08,-0.33544154025190664,-0.14598167178814947,0.20020232139612784,0.17268174263963226,-0.4068852204817972
0.2012012012012012,0.27225786923911066,0.19713513280144465,0.44,0.08,-0.3326792390158744,-0.14521884601111879,0.20120331974231542,0.17227281004000966,-0.4095278323861038
0.2022022022022022,0.27192713348442754,0.1969901262467435,0.44,0.08,-0.33033644078398083,-0.14455754279144628,0.202204318088503,0.1718618692737597,-0.410825366937857
0.2032032032032032,0.2715965350233269,0.19684572831137168,0.44,0.08,-0.3295945998695231,-0.1438694648000336,0.20320531643469056,0.1714503390142563,-0.4119958178933132
0.2042042042042042,0.27126728443563974,0.19670209929018687,0.44,0.08,-0.327114926160192,-0.14312346859723846,0.20420631478087814,0.1710370550090649,-0.41506856656356206
0.20520520520520522,0.2709416502862695,0.19655919484070655,0.44,0.08,-0.32507382068692436,-0.1424528160618621,0.20520731312706572,0.17061937311688713,-0.41934738861554877
0.2062062062062062,0.2706164859958261,0.1964169084672402,0.44,0.08,-0.3241198146661759,-0.14185416740710366,0.20620831147325328,0.17019752292410043,-0.4224717777008351
0.2072072072072072,0.27029276176841927,0.1962752025135652,0.44,0.08,-0.32189418012652027,-0.14116216147620264,0.20720930981944086,0.1697735860153082,-0.4245635558871612
0.2082082082082082,0.26997205320278,0.19613430153735792,0.44,0.08,-0.3199965855713174,-0.14044279387313452,0.20821030816562844,0.16934754808951127,-0.42430741563235586
0.2092092092092092,0.2696521279634717,0.1959940357590644,0.44,0.08,-0.3189516421443841,-0.13990364476970285,0.20921130651181602,0.168924123972662,-0.42188558583076485
0.21021021021021022,0.2693335113766651,0.19585421416044158,0.44,0.08,-0.3169684766644991,-0.1392547392194814,0.2102123048580036,0.16850293454211732,-0.41947100501727164
0.2112112112112112,0.26901755643861786,0.19571524749235875,0.44,0.08,-0.3151278024822659,-0.13848865640193253,0.21121330320419116,0.16808434440807013,-0.41754578909296924
0.2122122122122122,0.26870262488520913,0.19557695959307037,0.44,0.08,-0.31407374519065456,-0.13800187956256593,0.21221430155037874,0.167667009253438,-0.41760833522711494
0.2132132132132132,0.2683887801719699,0.19543896745319445,0.44,0.08,-0.3122944013174447,-0.1374765070736288,0.21321529989656632,0.16724829390223717,-0.41906031146595524
0.21421421421421422,0.2680774108685576,0.19530173135068074,0.44,0.08,-0.31048639395834243,-0.1367255293670837,0.21421629824275387,0.16682805189597746,-0.42043290688394563
0.21521521521521522,0.2677671857896709,0.19516524266967678,0.44,0.08,-0.3094703960405525,-0.13626057009435044,0.21521729658894145,0.16640658861328983,-0.42139635340882364
0.21621621621621623,0.2674578505161241,0.1950289374165579,0.44,0.08,-0.307833398656328,-0.13585967559710355,0.21621829493512904,0.16598441779027404,-0.4231381532888747
0.2172172172172172,0.2671509027092779,0.19489325132714003,0.44,0.08,-0.30608735146276445,-0.13508023026660965,0.21721929328131662,0.16555946742998776,-0.42628426903849004
0.2182182182182182,0.26684506302570815,0.19475850652513324,0.44,0.08,-0.3051156982624832,-0.13458082164562768,0.2182202916275042,0.1651309980936474,-0.4305060709626929
0.21921921921921922,0.26654006047051415,0.1946238202527744,0.44,0.08,-0.3035516351586125,-0.13432414866133513,0.21922128997369175,0.16469759569987305,-0.4353663724836849
0.22022022022022023,0.2662373520444096,0.194489589310596,0.44,0.08,-0.30195288705732537,-0.13354551428987804,0.22022228831987933,0.16425939605596368,-0.43949207242178545
0.22122122122122123,0.26593555018611514,0.19435646186580768,0.44,0.08,-0.30083595240969885,-0.132968574022982,0.22122328666606692,0.16381773402455954,-0.443450125421748
0.2222222222222222,0.26563507786541124,0.19422338595919866,0.44,0.08,-0.2994197612912046,-0.1328348812626956,0.22222428501225447,0.163371610371636,-0.4493259311364284
0.22322322322322322,0.2653361112245712,0.19409052616758404,0.44,0.08,-0.29825005150084394,-0.13212309273976075,0.22322528335844205,0.16291818499662603,-0.45564486628914835
0.22422422422422422,0.26503798066520934,0.19395887526302297,0.44,0.08,-0.29683019827803037,-0.13144560901319835,0.22422628170462963,0.1624594108564274,-0.46146804206928493
0.22522522522522523,0.2647418565733639,0.19382737179518525,0.44,0.08,-0.29540320011889776,-0.131359958273066,0.2252272800508172,0.16199432750276646,-0.4661588963296879
0.22622622622622623,0.26444658286717354,0.19369589236357737,0.44,0.08,-0.294641440878479,-0.13077934595555973,0.2262282783970048,0.16152616228785413,-0.4691948616150228
0.2272272272272272,0.26415198381885246,0.19356555128276173,0.44,0.08,-0.2930429041879279,-0.13007999352306854,0.22722927674319235,0.1610550009417338,-0.4720378351114647
0.22822822822822822,0.26385991038631684,0.1934354719561238,0.44,0.08,-0.2915153365538288,-0.1298900720273508,0.22823027508937993,0.16058114410328506,-0.4752996045383071
0.22922922922922923,0.2635683695314574,0.19330551109852281,0.44,0.08,-0.290821237326071,-0.12948792345248705,0.2292312734355675,0.16010345270556087,-0.4794265020595816
0.23023023023023023,0.26327768568696536,0.19317623687413682,0.44,0.08,-0.2894651378740889,-0.12889257178738944,0.23023227178175507,0.15962133383192478,-0.48657565413537895
0.23123123123123124,0.26298885974592373,0.19304746791176125,0.44,0.08,-0.2879587752352393,-0.12851987866535808,0.23123327012794265,0.15912932985539158,-0.4947685535549198
0.23223223223223222,0.26270119164245037,0.19291893981975172,0.44,0.08,-0.28701524820144186,-0.12824186187319242,0.23223426847413023,0.1586308088242166,-0.5050441688532743
0.23323323323323322,0.26241425464441936,0.19279072744755066,0.44,0.08,-0.2862286904107805,-0.12772568051506994,0.2332352668203178,0.15811823309984396,-0.5133964160307443
0.23423423423423423,0.26212816123121757,0.19266323275165348,0.44,0.08,-0.2846913186964741,-0.1272538687270952,0.2342362651665054,0.15760299089744578,-0.5160325997816528
0.23523523523523523,0.26184430205443643,0.1925359649475965,0.44,0.08,-0.2834447884248448,-0.1270698767489904,0.23523726351269295,0.15708513754192335,-0.5187629555454265
0.23623623623623624,0.261560704197334,0.19240883860400784,0.44,0.08,-0.2832144632101006,-0.12659185389638594,0.23623826185888053,0.1565644291763171,-0.5216889144796113
0.23723723723723725,0.2612773061320939,0.1922825278026588,0.44,0.08,-0.2817362951429345,-0.1260940245853135,0.2372392602050681,0.1560407180606864,-0.5246781704766335
0.23823823823823823,0.2609966675704213,0.19215639811434757,0.44,0.08,-0.28013441636664993,-0.12585977187724495,0.23824025855125566,0.15551402521446145,-0.5281024904485747
0.23923923923923923,0.2607164764696982,0.19203055628738902,0.44,0.08,-0.27983796885027346,-0.12549392373124135,0.23924125689744324,0.15498345862157328,-0.5317834873075498
0.24024024024024024,0.2604364313965468,0.19190515902779853,0.44,0.08,-0.27905608755420985,-0.12510951171054785,0.24024225524363083,0.15444939643181202,-0.5371345116220994
0.24124124124124124,0.2601578056237438,0.191780086794475,0.44,0.08,-0.27740371896641136,-0.12474620032504902,0.2412432535898184,0.1539081171059453,-0.5427311978352805
0.24224224224224225,0.2598810685958133,0.19165541688500565,0.44,0.08,-0.27646029090257684,-0.12443254772996681,0.242244251936006,0.15336285036889696,-0.5487116598252157
0.24324324324324323,0.2596043315678828,0.19153097258480542,0.44,0.08,-0.2764602909025484,-0.12410877710787815,0.24324525028219354,0.15280959817790757,-0.5523839002482163
0.24424424424424424,0.2593275945399523,0.19140695086476966,0.44,0.08,-0.2749303118116586,-0.12374493579612533,0.24424624862838112,0.15225697962767873,-0.5513541759545433
0.24524524524524524,0.25905392053322485,0.19128323497560398,0.44,0.08,-0.2733088119503577,-0.12343538574261004,0.2452472469745687,0.15170578894131934,-0.54975653241776
0.24624624624624625,0.2587804297512629,0.19115983297539507,0.44,0.08,-0.27318036759547226,-0.12310290048759498,0.24624824532075626,0.15115636886816677,-0.5469216546046027
0.24724724724724725,0.258507012890391,0.19103678272237556,0.44,0.08,-0.2725390418085283,-0.12282456283220711,0.24724924366694384,0.15061085359781257,-0.5411745501501457
0.24824824824824826,0.2582348060439385,0.19091393795470998,0.44,0.08,-0.2711215166053478,-0.12243993080181781,0.24825024201313142,0.15007293920876857,-0.5333046542522766
0.24924924924924924,0.2579642270713613,0.19079165773578532,0.44,0.08,-0.27020303902708065,-0.1220834167088185,0.249251240359319,0.14954317944397125,-0.5246982749255693
0.2502502502502503,0.2576938590188593,0.19066952671004772,0.44,0.08,-0.27004008399293866,-0.12188066958910326,0.25025223870550656,0.14902249499787262,-0.5127304587494876
0.25125125125125125,0.25742360628258654,0.19054765239126256,0.44,0.08,-0.2689149216435567,-0.12156497750558515,0.2512532370516941,0.1485166947614748,-0.500602518382081
0.25225225225225223,0.25715549080736066,0.19042615338170824,0.44,0.08,-0.26766227983466706,-0.12123764941148352,0.25225423539788167,0.14802029041187706,-0.4864871162025963
0.25325325325325326,0.2568877458624972,0.1903049343744228,0.44,0.08,-0.26722578171919054,-0.1209845030155634,0.2532552337440693,0.14754274916395407,-0.4738582449397768
0.25425425425425424,0.25662050425737226,0.19018394216445983,0.44,0.08,-0.2666932909499735,-0.12078787973781857,0.25425623209025683,0.14707162777285293,-0.4669111325163584
0.2552552552552553,0.2563538253600949,0.19006311679737015,0.44,0.08,-0.2656285839435384,-0.12045486961751806,0.25525723043644444,0.1466079946210232,-0.4550816734275287
0.25625625625625625,0.2560887153005283,0.18994279127433464,0.44,0.08,-0.2646818624660483,-0.12014174169634373,0.256258228782632,0.1461605557678905,-0.44035099154321244
0.25725725725725723,0.2558239317415443,0.18982259278997005,0.44,0.08,-0.2643173579920983,-0.12001229426756765,0.25725922712881955,0.14572641339246958,-0.4277526152440885
0.25825825825825827,0.2555595514206643,0.18970252642094612,0.44,0.08,-0.26354851670038215,-0.11975522529755267,0.25826022547500715,0.145304196447017,-0.41725549827465613
0.25925925925925924,0.2552963070834854,0.18958284258917413,0.44,0.08,-0.26264185398297,-0.11940155044844403,0.2592612238211947,0.14489106926504838,-0.4079586043539365
0.2602602602602603,0.2550337419031809,0.1894634842779062,0.44,0.08,-0.2619470823368317,-0.11919646938753203,0.2602622221673823,0.1444874646704744,-0.3986216102886857
0.26126126126126126,0.2547718885002284,0.1893442110188287,0.44,0.08,-0.2614979854719479,-0.11909455718244999,0.26126322051356987,0.14409303011974117,-0.3902904230525053
0.26226226226226224,0.25451022241274657,0.1892250567359994,0.44,0.08,-0.26068110818843593,-0.1187687404978135,0.2622642188597574,0.14370610453445762,-0.3842077496132674
0.26326326326326327,0.2542500043997511,0.18910643576257685,0.44,0.08,-0.25986838425994563,-0.11844881557364317,0.26326521720594503,0.14332384747583052,-0.3803724477013901
0.26426426426426425,0.2539899653872011,0.18898792197008615,0.44,0.08,-0.2593080299611472,-0.1183783316945437,0.2642662155521326,0.14294460015228883,-0.3777478299447381
0.2652652652652653,0.2537308692046337,0.18886944210553075,0.44,0.08,-0.2586861497347144,-0.11820905804964355,0.26526721389832014,0.14256759756972928,-0.3758784873369052
0.26626626626626626,0.25347207519754195,0.18875126719921595,0.44,0.08,-0.25806037701941875,-0.1178438391172989,0.26626821224450775,0.14219209266390534,-0.37487839931425526
0.26726726726726724,0.25321423181320346,0.18863351850369434,0.44,0.08,-0.257366266250628,-0.11763094682611097,0.2672692105906953,0.14181709225425923,-0.3754884104515668
0.2682682682682683,0.25295682741726044,0.18851576980817272,0.44,0.08,-0.2567790842038278,-0.1176156015191765,0.26827020893688286,0.1414403661081561,-0.3784783542028123
0.26926926926926925,0.2527001595725551,0.18839805183398625,0.44,0.08,-0.2561438508284368,-0.11734596943212239,0.26927120728307047,0.1410593798410096,-0.3821999582137323
0.2702702702702703,0.2524440269151014,0.1882808429424428,0.44,0.08,-0.2556060975167753,-0.11701217297682831,0.270272205629258,0.1406752030559863,-0.3847998669246948
0.27127127127127126,0.25218843565360255,0.188163793229428,0.44,0.08,-0.25491528556077014,-0.11692638400690214,0.27127320397544563,0.14028901178019995,-0.3864765947367914
0.27227227227227224,0.25193368600306787,0.18804675608757412,0.44,0.08,-0.2542293844683883,-0.11685365882190979,0.2722742023216332,0.13990147819164284,-0.38758211376205054
0.2732732732732733,0.25167946791692913,0.1879298519705253,0.44,0.08,-0.2536856446269553,-0.11656662751968838,0.27327520066782074,0.1395130736704246,-0.38853951178528234
0.27427427427427425,0.2514258068346455,0.18781338946591306,0.44,0.08,-0.2532984131409819,-0.11632621391783005,0.27427619901400835,0.13912362337419165,-0.38938856599477845
0.2752752752752753,0.251172363986717,0.18769696665737653,0.44,0.08,-0.25263239491967227,-0.11628657969544065,0.2752771973601959,0.13873351904925435,-0.3896639096347627
0.27627627627627627,0.2509200362742457,0.1875805835005568,0.44,0.08,-0.25195170217654095,-0.11613053005461893,0.2762781957063835,0.13834351751596485,-0.3890057791328445
0.2772772772772773,0.2506679561745518,0.18746447310371367,0.44,0.08,-0.2515686731497482,-0.11588574902378923,0.27727919405257107,0.13795473076611559,-0.38741803418321297
0.2782782782782783,0.25041639528695886,0.18734857999900767,0.44,0.08,-0.2512829963375367,-0.11573972235265728,0.2782801923987586,0.1375679078929636,-0.3875144465455804
0.27927927927927926,0.250164887112815,0.1872327619478525,0.44,0.08,-0.25054784264045793,-0.11567458333165348,0.27928119074494623,0.13717892812588373,-0.3889600086551468
0.2802802802802803,0.24991479800439542,0.18711699925159697,0.44,0.08,-0.24982091708464793,-0.11549446061030721,0.2802821890911338,0.1367892112421698,-0.3893556960649107
0.28128128128128127,0.24966474513666947,0.18700154180649045,0.44,0.08,-0.24962089190982795,-0.11529973361488999,0.28128318743732134,0.13639943931020437,-0.3893905211163968
0.2822822822822823,0.24941505647905046,0.1868861689540697,0.44,0.08,-0.24933672213421687,-0.11520302061789778,0.28228418578350895,0.13600965270685253,-0.3882601214245227
0.2832832832832833,0.2491655725197841,0.18677090512857672,0.44,0.08,-0.24859848375434979,-0.11510486361815708,0.2832851841296965,0.1356221438313313,-0.38581476506362833
0.28428428428428426,0.24891736181687962,0.18665572878666598,0.44,0.08,-0.24793975715930117,-0.11494441595441174,0.28428618247588405,0.13523725282332566,-0.38338643101090497
0.2852852852852853,0.24866919662957535,0.18654078617771708,0.44,0.08,-0.24782507919415764,-0.11479433919551241,0.28528718082207166,0.13485460546454595,-0.3816862767007052
0.2862862862862863,0.24842121551218654,0.18642591028977804,0.44,0.08,-0.24754010355785283,-0.11471282710665776,0.2862881791682592,0.13447311815984586,-0.38129033703982884
0.2872872872872873,0.2481736208466768,0.18631113086819426,0.44,0.08,-0.24678667270185883,-0.11459514736999665,0.2872891775144468,0.13409126347095757,-0.3807357038480461
0.2882882882882883,0.24792714809936994,0.18619649057532356,0.44,0.08,-0.2462128652397837,-0.11446486943070511,0.2882901758606344,0.13371088654007296,-0.3809344614139434
0.28928928928928926,0.24768070219754812,0.1860819719704351,0.44,0.08,-0.24616850372764532,-0.11434402743127237,0.28929117420682193,0.13332863393919517,-0.38116838178878254
0.2902902902902903,0.2474343182620774,0.18596757360348923,0.44,0.08,-0.24587352437252719,-0.11425039320255337,0.29029217255300954,0.1329477887004938,-0.37874848986579934
0.2912912912912913,0.24718846290951502,0.18585324245451407,0.44,0.08,-0.24511403601388793,-0.11414971888916625,0.2912931708991971,0.13257038071524174,-0.37463076246763194
0.2922922922922923,0.24694359947125882,0.18573904563774515,0.44,0.08,-0.24461857481792038,-0.1140583704014233,0.2922941692453847,0.13219777915317163,-0.37358146610725385
0.2932932932932933,0.24669873603300263,0.1856248973686253,0.44,0.08,-0.2446185748179346,-0.11395413619834471,0.29329516759157226,0.13182247185576235,-0.37624088137384604
0.29429429429429427,0.24645387259474646,0.18551090922893967,0.44,0.08,-0.24431853515909552,-0.11385635184394971,0.2942961659377598,0.1314445461531249,-0.3791152231104604
0.2952952952952953,0.24620960983648793,0.1853969567242931,0.44,0.08,-0.24359396309445458,-0.11379121208273091,0.2952971642839474,0.13106348443306615,-0.3823715416451421
0.2962962962962963,0.24596619699295574,0.1852830989945398,0.44,0.08,-0.2431625029868485,-0.11371745300854741,0.296298162630135,0.13067903959149296,-0.38544825033855545
0.2972972972972973,0.24572279801869648,0.18516929415570743,0.44,0.08,-0.24314659911526348,-0.11362936882299834,0.29729916097632253,0.13029181831080658,-0.38490144070367194
0.2982982982982983,0.24547941701474696,0.1850556127706699,0.44,0.08,-0.24285812079487812,-0.1135499855829778,0.29830015932251014,0.12990846818031376,-0.3813285830331239
0.29929929929929927,0.24523659557466268,0.184941966857243,0.44,0.08,-0.24224631234301341,-0.11350623870139032,0.2993011576686977,0.12952839974886615,-0.3775309334859287
0.3003003003003003,0.2449944394124587,0.18482837305355004,0.44,0.08,-0.24188304516177084,-0.11343978839229862,0.30030215601488525,0.12915265250020566,-0.3726538149981167
0.3013013013013013,0.24475234523399844,0.18471486017377492,0.44,0.08,-0.24181690138962608,-0.11336273509205341,0.30130315436107286,0.12878234804383892,-0.36504371666042346
0.3023023023023023,0.24451032149175878,0.18460142063094337,0.44,0.08,-0.24153828119204945,-0.1133091160108819,0.3023041527072604,0.12842183618687916,-0.3530480549008459
0.3033033033033033,0.24426878511149178,0.18448801509667603,0.44,0.08,-0.24102924859049324,-0.11328252967547314,0.303305151053448,0.12807554700567791,-0.33973890681059515
0.30430430430430433,0.24402778045353962,0.18437462877974126,0.44,0.08,-0.2407122668688828,-0.11322122669788826,0.3043061493996356,0.12774168001917321,-0.32574699590978184
0.3053053053053053,0.24378687867131377,0.18426134597415772,0.44,0.08,-0.24060520551765308,-0.1131543635515726,0.3053071477458231,0.1274234025973154,-0.30204984262390866
0.3063063063063063,0.2435460883504012,0.18414809351737577,0.44,0.08,-0.24034975161450234,-0.11312879516462715,0.30630814609201074,0.1271369772333077,-0.2824597422507438
0.3073073073073073,0.2433056979874009,0.18403486189975407,0.44,0.08,-0.2399334843534433,-0.11311054767429596,0.3073091444381983,0.12685791912760028,-0.28608912237592676
0.3083083083083083,0.24306574103437825,0.18392164597448424,0.44,0.08,-0.23965134044483705,-0.11306036626747584,0.3083101427843859,0.12656422775658657,-0.3013167213954091
0.30930930930930933,0.2428259155240479,0.18380851482013952,0.44,0.08,-0.23951251639896043,-0.11301371324240961,0.30931114113057345,0.12625468404800935,-0.32010721395996455
0.3103103103103103,0.24258623649704297,0.18369539229431922,0.44,0.08,-0.23928488813182014,-0.11300552508662065,0.310312139476761,0.12592337417303331,-0.33297421307239716
0.3113113113113113,0.2423468666989592,0.1835822775326788,0.44,0.08,-0.2389517318196397,-0.11299180379438667,0.3113131378229486,0.12558807077479217,-0.3359421147207513
0.3123123123123123,0.24210785465155824,0.18346918247691307,0.44,0.08,-0.23870056583724875,-0.11295924794328016,0.31231413616913617,0.12525081917053285,-0.33732375130999515
0.3133133133133133,0.24186898768827397,0.1833561328921517,0.44,0.08,-0.2385390569891257,-0.11293627274882567,0.3133151345153237,0.12491274974041,-0.3346121001376261
0.31431431431431434,0.24163029898191038,0.1832430838327713,0.44,0.08,-0.23833323798842798,-0.11293565333926381,0.31431613286151133,0.12458092685282861,-0.3275215172580275
0.3153153153153153,0.24139184406867747,0.18313003548806905,0.44,0.08,-0.2380623194529221,-0.11293005788925825,0.3153171312076989,0.12425705274617774,-0.3199688787073711
0.3163163163163163,0.2411536977417644,0.18301699763079082,0.44,0.08,-0.2378334347063742,-0.11292052048689527,0.31631812955388644,0.12394035021599348,-0.30793277903159577
0.3173173173173173,0.24091570105625235,0.18290396837998724,0.44,0.08,-0.23765059407445221,-0.11291622155277992,0.31731912790007405,0.1236405723410826,-0.29254656116768984
0.3183183183183183,0.24067792077665034,0.18279093912918362,0.44,0.08,-0.2374670532365286,-0.11291713651651492,0.3183201262462616,0.12335467296817004,-0.2798716057741615
0.31931931931931934,0.24044029154026333,0.18267790804662087,0.44,0.08,-0.23727029360104268,-0.11292966024066686,0.3193211245924492,0.12308027031203299,-0.26729083237162854
0.3203203203203203,0.2402029051738454,0.18256485372329637,0.44,0.08,-0.23708467777225906,-0.11294554816880975,0.32032212293863677,0.12281955760585984,-0.25865549654951536
0.3213213213213213,0.23996564754071928,0.1824517908330697,0.44,0.08,-0.23690340239461705,-0.11295007191100126,0.3213231212848243,0.12256244286347623,-0.24533570820278072
0.32232232232232233,0.23972862408797035,0.1823387274532043,0.44,0.08,-0.2367421746181293,-0.11295691448232503,0.32232411963101193,0.12232839632951635,-0.23279508387842895
0.3233233233233233,0.23949168923317546,0.18222565086413609,0.44,0.08,-0.23660511821893238,-0.11299256131167112,0.3233251179771995,0.12209638787555044,-0.2133939260663027
0.32432432432432434,0.23925494016761217,0.18211251611924706,0.44,0.08,-0.23646274051058924,-0.11302685007892421,0.3243261163233871,0.12190118239535866,-0.19158906849681756
0.3253253253253253,0.23901829035327435,0.18199937088399806,0.44,0.08,-0.23629102586438933,-0.11303543052397913,0.32532711466957465,0.12171282719412457,-0.184772198951066
0.3263263263263263,0.23878188506077658,0.1818862189610409,0.44,0.08,-0.2361457408228489,-0.11305828618799296,0.3263281130157622,0.12153126906421574,-0.17291154200432146
0.32732732732732733,0.23854552610738278,0.1817730279687068,0.44,0.08,-0.23605373345510827,-0.11311613196191672,0.3273291113619498,0.12136665885895842,-0.16444603118900858
0.3283283283283283,0.23830930501381936,0.18165976023839442,0.44,0.08,-0.2359511356012547,-0.11316108252385959,0.32833010970813736,0.12120204865370113,-0.1601115631812533
0.32932932932932935,0.23807315146153446,0.18154647925494535,0.44,0.08,-0.23579262893930775,-0.11317448601674585,0.3293311080543249,0.12104611603905854,-0.14809171377903851
0.3303303303303303,0.23783724769862552,0.18143318469081332,0.44,0.08,-0.23565826539194745,-0.11322458405560099,0.3303321064005125,0.12090556953254732,-0.1404063323845861
0.3313313313313313,0.23760136314243147,0.1813198034109902,0.44,0.08,-0.2356022828678448,-0.11330127276201551,0.3313331047467001,0.12076502302603609,-0.140406332384579
0.33233233233233234,0.23736557145664788,0.18120635531591442,0.44,0.08,-0.23553828010804523,-0.11335200760380815,0.33233410309288763,0.12062447651952486,-0.14861983548550484
0.3333333333333333,0.237129815034107,0.18109287246483638,0.44,0.08,-0.23540166205800972,-0.11337925692009776,0.33333510143907524,0.12046748660697276,-0.15741325681694462
0.33433433433433435,0.2368942968579332,0.18097936981657492,0.44,0.08,-0.2352802245999328,-0.1134597729514013,0.3343360997852628,0.12030933570004133,-0.15799317504745147
0.3353353353353353,0.2366587835534264,0.18086572577224097,0.44,0.08,-0.2352512951883483,-0.1135523149307005,0.3353370981314504,0.1201511847931099,-0.1709780829161076
0.3363363363363363,0.23642332329399257,0.18075203785475172,0.44,0.08,-0.23522067840585237,-0.11360752147865583,0.33633809647763796,0.11996703814357465,-0.1855856534768776
0.33733733733733734,0.23618787128434565,0.18063828328679823,0.44,0.08,-0.23511446845716932,-0.11365967101862395,0.3373390948238255,0.11977964292869692,-0.18785450037296414
0.3383383383383383,0.23595262365744166,0.1805244909658255,0.44,0.08,-0.2350123792771086,-0.11375541760116903,0.3383400931700131,0.11959095405518018,-0.18988018242526294
0.33933933933933935,0.23571737603053766,0.18041054471302215,0.44,0.08,-0.2350017413387917,-0.11385258853024993,0.3393410915162007,0.11939950343153395,-0.19125968027358198
0.34034034034034033,0.2354821497008074,0.18029655785565482,0.44,0.08,-0.23499101364146213,-0.1139165965345228,0.3403420898623883,0.11920805280788772,-0.191753890346547
0.34134134134134136,0.23524692355077503,0.1801824834586988,0.44,0.08,-0.2349273839613204,-0.11399894843513891,0.34134308820857584,0.1190156127773101,-0.1923689521744194
0.34234234234234234,0.23501182460779171,0.1800683317326615,0.44,0.08,-0.23486009472978253,-0.11409648760381685,0.3423440865547634,0.11882293080191887,-0.19012869264791732
0.3433433433433433,0.23477673317093564,0.17995406206209458,0.44,0.08,-0.23485519160715285,-0.1142013400534978,0.343345084900951,0.11863497576350335,-0.18236456668213208
0.34434434434434436,0.23454164404401368,0.1798397004212431,0.44,0.08,-0.23485390351849844,-0.1142879606651519,0.34434608324713856,0.11845783754261482,-0.176961551997735
0.34534534534534533,0.2343065551859136,0.1797252573360382,0.44,0.08,-0.23483696621144645,-0.11439252656424514,0.3453470815933261,0.11828069932172632,-0.1679774008948911
0.34634634634634637,0.23407149996751433,0.17961068635404742,0.44,0.08,-0.23481713277614347,-0.114493928978888,0.3463480799395137,0.11812154734162947,-0.15262975141111212
0.34734734734734735,0.23383645081599136,0.17949604026100535,0.44,0.08,-0.23481410237144473,-0.11461248928351608,0.3473490782857013,0.11797513506424323,-0.14626625303015572
0.3483483483483483,0.2336014016644684,0.1793812319210474,0.44,0.08,-0.23481410237144473,-0.11472168041963471,0.3483500766318888,0.117828722786857,-0.14608350292714078
0.34934934934934936,0.23336635251294546,0.17926636722713224,0.44,0.08,-0.2348402888276837,-0.11483409398533695,0.34935107497807644,0.11768267637457251,-0.14546630740954214
0.35035035035035034,0.2331312509360846,0.17915133383499066,0.44,0.08,-0.23487523115845477,-0.11495313303066723,0.350352073324264,0.11753749972057108,-0.14503186199493
0.35135135135135137,0.23289613182994556,0.17903623082466846,0.44,0.08,-0.23488437229318038,-0.11509293441532975,0.3513530716704516,0.11739232306656965,-0.14503186199493
0.35235235235235235,0.23266101195251462,0.17892091754987485,0.44,0.08,-0.23488492177425258,-0.11523278063872056,0.35235407001663915,0.11724714641256823,-0.14544932379284603
0.3533533533533533,0.23242589174631345,0.1788055345671335,0.44,0.08,-0.23493958312576524,-0.11532139968728927,0.3533550683628267,0.11710113400142816,-0.1458758173585366
0.35435435435435436,0.23219066243674738,0.17869004387682727,0.44,0.08,-0.23502305756790065,-0.11546310112441915,0.3543560667090143,0.1169551035087189,-0.14588484912630406
0.35535535535535534,0.23195537511454586,0.17857437720752503,0.44,0.08,-0.23505716027230505,-0.11564812738635055,0.35535706505520187,0.11680907301600967,-0.14335094552289007
0.3563563563563564,0.23172007753129736,0.17845851609427205,0.44,0.08,-0.2350656174570247,-0.11578641802169898,0.3563580634013895,0.11666811538993321,-0.13962978738947385
0.35735735735735735,0.23148477327779501,0.17834257256684094,0.44,0.08,-0.23513785854356684,-0.11586395123626403,0.35735906174757703,0.11652953464349891,-0.13844253285942898
0.35835835835835833,0.23124933106774667,0.17822655623193717,0.44,0.08,-0.23526105002495967,-0.11605770853577724,0.3583600600937646,0.11639095389706461,-0.1344371738685055
0.35935935935935936,0.23101378018465196,0.17811022480200456,0.44,0.08,-0.23532818997669835,-0.11627022862974457,0.3593610584399522,0.11626039186608189,-0.11497299793957438
0.36036036036036034,0.2307782035602858,0.17799378300144716,0.44,0.08,-0.23535316438692178,-0.11637048316086407,0.36036205678613975,0.11616077833547711,-0.09951418100157383
0.3613613613613614,0.23054260267837184,0.1778772508617426,0.44,0.08,-0.23544035371131145,-0.11648113520415393,0.3613630551323273,0.11606116480487232,-0.09951418100157383
0.36236236236236236,0.23030685150080366,0.17776058753557292,0.44,0.08,-0.2355998311496279,-0.1167358085716188,0.3623640534785149,0.11596155127426754,-0.09951418100157383
0.36336336336336333,0.23007093134473897,0.17764354553927691,0.44,0.08,-0.23570647810592504,-0.11695024103367757,0.36336505182470247,0.11586193774366275,-0.0989003152751522
0.36436436436436437,0.22983496665975078,0.1775264529188889,0.44,0.08,-0.23575827496286195,-0.1169916976342904,0.36436605017089,0.11576355317021182,-0.0972465327185219
0.36536536536536535,0.22959894280627474,0.1774093279263954,0.44,0.08,-0.23586122523559538,-0.1171839268809407,0.36536704851707763,0.1156672505068153,-0.09620661588834167
0.3663663663663664,0.2293627720146345,0.17729185046267082,0.44,0.08,-0.236049912908598,-0.11750279062022173,0.3663680468632652,0.11557094784341876,-0.09620661588834167
0.36736736736736736,0.2291263704080593,0.17717408710433286,0.44,0.08,-0.23619670221721378,-0.11764559497967753,0.3673690452094528,0.11547464518002222,-0.09620661588834167
0.3683683683683684,0.2288899057439294,0.1770563237459948,0.44,0.08,-0.23628623209698674,-0.11768814150497064,0.36837004355564035,0.1153783425166257,-0.09269818800932228
0.36936936936936937,0.22865332489835558,0.17693847520942796,0.44,0.08,-0.23640586787864493,-0.11799816825531195,0.3693710419018279,0.11528906371423839,-0.08322579074944514
0.37037037037037035,0.22841662072315133,0.1768200911769151,0.44,0.08,-0.2366007046469889,-0.11832306233930012,0.3703720402480155,0.11521172475882499,-0.07726182136858739
0.3713713713713714,0.22817964981397726,0.17670159220174173,0.44,0.08,-0.23677056787177264,-0.1183833575201021,0.37137303859420306,0.11513438580341159,-0.07726182136858029
0.37237237237237236,0.22794260557225687,0.17658308745815612,0.44,0.08,-0.23689959073089994,-0.11852633812360125,0.3723740369403907,0.1150570468479982,-0.0772618213685945
0.3733733733733734,0.22770537635906055,0.17646430223552834,0.44,0.08,-0.23704257933454187,-0.11889043945578237,0.3733750352865782,0.1149797078925848,-0.07726182136858739
0.3743743743743744,0.22746804585386937,0.17634506856034673,0.44,0.08,-0.23724190324951167,-0.11913534415363358,0.3743760336327658,0.11490236893717141,-0.07716870339866944
0.37537537537537535,0.22723041759379625,0.17622579303802355,0.44,0.08,-0.2374315988615905,-0.11918719054676785,0.3753770319789534,0.11482521640362577,-0.07651920877893303
0.3763763763763764,0.22699270731760995,0.17610645556625915,0.44,0.08,-0.23761192856868263,-0.119500809266043,0.37637803032514094,0.11474917773429283,-0.07596283212908617
0.37737737737737737,0.22675471803710218,0.17598655217863207,0.44,0.08,-0.23779104468532353,-0.11987583362082432,0.3773790286713285,0.11467313906495988,-0.07596283212908617
0.3783783783783784,0.22651664917009182,0.17586646390735863,0.44,0.08,-0.23798630058064418,-0.12002663553923298,0.3783800270175161,0.11459710039562694,-0.07596283212909327
0.3793793793793794,0.22627826898689063,0.17574625861398893,0.44,0.08,-0.2381858285095575,-0.12019556103332718,0.37938102536370366,0.114521061726294,-0.07596283212908617
0.38038038038038036,0.2260398006645672,0.17562583215353816,0.44,0.08,-0.2384259677818079,-0.12054628896683539,0.3803820237098912,0.11444502305696107,-0.07596283212908617
0.3813813813813814,0.22580093972206222,0.17550492470214343,0.44,0.08,-0.2386526151058206,-0.12084666759056972,0.3813830220560788,0.11436898438762812,-0.0740417038664063
0.38238238238238237,0.2255620176513423,0.17538389688308653,0.44,0.08,-0.23883530211014659,-0.12095571275972361,0.3823840204022664,0.1142967918107227,-0.07166956403220581
0.3833833833833834,0.225322790969089,0.17526277112304492,0.44,0.08,-0.23903496702421023,-0.12126813657988578,0.383385018748454,0.11422550215749167,-0.07121855246071362
0.3843843843843844,0.22508346916881128,0.17514111783087452,0.44,0.08,-0.2393434410115134,-0.12162261313052625,0.38438601709464154,0.11415421250426062,-0.07121855246070652
0.38538538538538536,0.22484362492101792,0.17501928240806888,0.44,0.08,-0.23962801517045307,-0.12182364810365698,0.3853870154408291,0.11408292285102958,-0.07121855246070652
0.3863863863863864,0.2246037334027043,0.17489722664347984,0.44,0.08,-0.2397896395032859,-0.12205064648296116,0.3863880137870167,0.11401163319779854,-0.07121855246071362
0.38738738738738737,0.22436356558267298,0.17477493676946435,0.44,0.08,-0.23998192850073963,-0.12237564399134726,0.38738901213320426,0.1139403435445675,-0.07120540383957064
0.3883883883883884,0.22412328910140153,0.17465223035921293,0.44,0.08,-0.2403672400573953,-0.1227022255116168,0.38839001047939187,0.11386908021483248,-0.07096397638837715
0.3893893893893894,0.22388234988686234,0.17452928666833997,0.44,0.08,-0.2407170365334821,-0.12291280951835404,0.3893910088255794,0.11379827389856019,-0.07073569755830533
0.39039039039039036,0.22364137311234553,0.17440615866848552,0.44,0.08,-0.24084910453704822,-0.12323073880675395,0.390392007171767,0.1137274675822879,-0.07073569755830533
0.3913913913913914,0.22340016949739883,0.1742825784825407,0.44,0.08,-0.24103085179189065,-0.12354510529013396,0.3913930055179546,0.1136566612660156,-0.07073569755831244
0.3923923923923924,0.22315882886451385,0.1741588211203571,0.44,0.08,-0.24150142047651002,-0.12384103677322855,0.39239400386414214,0.11358585494974331,-0.07073569755831954
0.3933933933933934,0.22291668317011856,0.17403464847899072,0.44,0.08,-0.2419182815051073,-0.12416695474537676,0.3933950022103297,0.113515048633471,-0.07073569755831244
0.3943943943943944,0.2226745079806197,0.17391023862837435,0.44,0.08,-0.24201236384945446,-0.12442175468497396,0.3943960005565173,0.11344424231719871,-0.07103824750183918
0.39539539539539537,0.2224321739331827,0.17378555587701883,0.44,0.08,-0.2421872541017649,-0.1247915435910727,0.39539699890270485,0.1133728302969402,-0.07223438594107279
0.3963963963963964,0.22218964861304863,0.17366040570827213,0.44,0.08,-0.24275160410294916,-0.12513506826272192,0.3963979972488924,0.11329962931546894,-0.07312797443677255
0.3973973973973974,0.22194618473577934,0.17353503521983615,0.44,0.08,-0.24322952880358173,-0.1254093836174235,0.39739899559508,0.11322642833399768,-0.07312797443678676
0.3983983983983984,0.2217027026094379,0.17340933587120022,0.44,0.08,-0.2432771999807386,-0.12573476083234425,0.39839999394126757,0.11315322735252642,-0.07312797443676544
0.3993993993993994,0.2214591432943764,0.17328331397692853,0.44,0.08,-0.24345835701076624,-0.12612198980055211,0.3994009922874552,0.11308002637105517,-0.07312797443677965
0.40040040040040037,0.22121529849129823,0.17315683939512305,0.44,0.08,-0.24412499727684178,-0.12647855767262683,0.40040199063364273,0.11300682538958391,-0.07312797443677965
0.4014014014014014,0.2209704045610895,0.17303010365125762,0.44,0.08,-0.24464903627850276,-0.12673005766009737,0.4014029889798303,0.11293362440811265,-0.07339245548863715
0.4024024024024024,0.22072551063088078,0.1729031255659737,0.44,0.08,-0.2446490362785454,-0.12716218940389012,0.4024039873260179,0.11285989393645035,-0.07378490842221908
0.4034034034034034,0.22048061670067204,0.1727755246934921,0.44,0.08,-0.24486328754292686,-0.1275787821694223,0.40340498567220545,0.11278590726550418,-0.07391288030390086
0.4044044044044044,0.22023529383900303,0.17264771258865752,0.44,0.08,-0.24562614346582734,-0.12777436030062006,0.40440598401839306,0.11271192059455801,-0.07391288030391507
0.40540540540540543,0.21998887266970943,0.17251972016836575,0.44,0.08,-0.24617711350239802,-0.12822148150661405,0.4054069823645806,0.11263793392361182,-0.07391288030391507
0.4064064064064064,0.21974244676492413,0.1723910129259816,0.44,0.08,-0.24618435784201154,-0.12873478611388123,0.40640798071076817,0.11256394725266565,-0.07391288030390086
0.4074074074074074,0.21949601109244815,0.17226199286883848,0.44,0.08,-0.24647112057648712,-0.12896285811899588,0.4074089790569558,0.11248996058171948,-0.07338869965732187
0.4084084084084084,0.21924901108809433,0.17213282902584348,0.44,0.08,-0.24722828483784554,-0.12929302830313816,0.40840997740314333,0.11241702331869398,-0.07020725288309393
0.4094094094094094,0.21900105957125124,0.17200314796733068,0.44,0.08,-0.24773432851867483,-0.12987171685742283,0.4094109757493309,0.11234940589366679,-0.06754998675543789
0.41041041041041043,0.21875304646643537,0.1718728255886915,0.44,0.08,-0.24780586904282131,-0.13022934433145394,0.4104119740955185,0.1122817884686396,-0.06754998675543789
0.4114114114114114,0.21850495172531964,0.17174242855925967,0.44,0.08,-0.2482349266673367,-0.13043344921440791,0.41141297244170605,0.11221417104361242,-0.06754998675543789
0.4124124124124124,0.21825607964628055,0.17161169756223624,0.44,0.08,-0.24902919317786143,-0.13105109863482767,0.4124139707878936,0.11214655361858523,-0.06754998675543789
0.4134134134134134,0.21800639478202063,0.1714800639974282,0.44,0.08,-0.24952199366251193,-0.13153717539876197,0.4134149691340812,0.11207893619355805,-0.06754998675544499
0.4144144144144144,0.21775653611542464,0.17134835987375022,0.44,0.08,-0.24967700269586146,-0.1316402621614543,0.41441596748026877,0.11201131876853086,-0.06751049811956733
0.41541541541541543,0.2175065409227697,0.17121651992903694,0.44,0.08,-0.2502000304973677,-0.1323046424126204,0.4154169658264564,0.11194378039962208,-0.06658077223098502
0.4164164164164164,0.21725563515346794,0.17108348571476595,0.44,0.08,-0.2509178186236909,-0.13299276716968222,0.41641796417264393,0.11187802428274866,-0.06569053497825905
0.4174174174174174,0.2170042029475471,0.17095026814291148,0.44,0.08,-0.2513436513108189,-0.13308582340926023,0.4174189625188315,0.11181226816587525,-0.06569053497825195
0.4184184184184184,0.2167524446603532,0.17081704762986255,0.44,0.08,-0.2515704153944114,-0.1336382328647403,0.4184199608650191,0.11174651204900184,-0.06569053497825905
0.4194194194194194,0.216500558472283,0.17068272413317223,0.44,0.08,-0.25218526394696994,-0.13434999241944467,0.41942095921120665,0.11168075593212842,-0.06569053497825195
0.42042042042042044,0.216247569257056,0.1705480786760699,0.44,0.08,-0.2528685592293982,-0.13456954378490593,0.42042195755739425,0.11161499981525501,-0.06569053497825905
0.4214214214214214,0.21599431511046235,0.17041331563710632,0.44,0.08,-0.2532876363174097,-0.1350228674550209,0.4214229559035818,0.1115492436983816,-0.06569053497826616
0.4224224224224224,0.21574048690206618,0.17027776262510888,0.44,0.08,-0.25360961246573765,-0.13567880686153444,0.42242395424976936,0.11148348758150818,-0.06769605535150447
0.42342342342342343,0.21548658815857902,0.1701416863941403,0.44,0.08,-0.25428012048067217,-0.13603446984903655,0.42342495259595697,0.11141371641948103,-0.07048700491495197
0.4244244244244244,0.2152314175917945,0.1700054213441298,0.44,0.08,-0.2549654876324894,-0.1364585305272641,0.4244259509421445,0.11134237283081302,-0.07127243410513984
0.42542542542542544,0.21497614674189738,0.16986849614283447,0.44,0.08,-0.2553810701714383,-0.13709376097976644,0.4254269492883321,0.11127102924214502,-0.07127243410513273
0.4264264264264264,0.21472014417803784,0.16973095936018628,0.44,0.08,-0.2558874732513914,-0.13754366160740972,0.4264279476345197,0.111199685653477,-0.07127243410514694
0.4274274274274274,0.21446385950816088,0.16959313345693375,0.44,0.08,-0.2564762308638109,-0.13796615975061854,0.42742894598070724,0.111128342064809,-0.07127243410513984
0.42842842842842843,0.2142066782503826,0.16945475083215705,0.44,0.08,-0.25711573061234105,-0.13856079869535165,0.4284299443268948,0.11105699847614099,-0.07127243410513273
0.4294294294294294,0.21394911330072874,0.16931573446054662,0.44,0.08,-0.2576382843686815,-0.1390897996792546,0.4294309426730824,0.11098565488747299,-0.07287524363453457
0.43043043043043044,0.21369088588928414,0.16917629277474114,0.44,0.08,-0.2582345311982266,-0.13954312927231172,0.43043194101926996,0.11091110247942863,-0.07453056393803337
0.4314314314314314,0.2134321272522838,0.16903636883637782,0.44,0.08,-0.25876334586763505,-0.14011081310910356,0.43143293936545757,0.11083644494498818,-0.07458307471215164
0.43243243243243246,0.21317284115281243,0.1688957906463946,0.44,0.08,-0.2594378688866783,-0.14068535787883718,0.4324339377116451,0.11076178741054774,-0.07458307471214454
0.43343343343343343,0.2129127321193775,0.168754716468252,0.44,0.08,-0.2600757526638091,-0.1411770820087952,0.4334349360578327,0.11068712987610729,-0.07458307471215164
0.4344344344344344,0.2126521689753073,0.16861315384557618,0.44,0.08,-0.2606691567575723,-0.14171173096967493,0.4344359344040203,0.11061247234166684,-0.07458307471215875
0.43543543543543545,0.2123908719456887,0.16847100929914355,0.44,0.08,-0.2611296005027981,-0.1423243861366501,0.43543693275020784,0.1105378148072264,-0.07622918414769941
0.4364364364364364,0.21212938699231867,0.16832822013959686,0.44,0.08,-0.26195014178520637,-0.1428783897105177,0.43643793109639545,0.11045986176714068,-0.07940938433456779
0.43743743743743746,0.21186644723741005,0.1681849664769003,0.44,0.08,-0.2627588606119957,-0.14337185292095,0.437438929442583,0.11037883748244505,-0.08094347508585997
0.43843843843843844,0.21160334322732965,0.16804118940301835,0.44,0.08,-0.26317729789217026,-0.1440296548151423,0.43843992778877056,0.11029781319774944,-0.08094347508584576
0.4394394394394394,0.21133956576014848,0.1678966188196127,0.44,0.08,-0.2637793993860953,-0.14464609554872254,0.43944092613495817,0.11021678891305382,-0.08094347508585287
0.44044044044044045,0.21107525634167182,0.16775160763014804,0.44,0.08,-0.2646723698937876,-0.14512578288750433,0.4404419244811457,0.11013576462835821,-0.08094347508585997
0.44144144144144143,0.21080969114574646,0.16760607671172978,0.44,0.08,-0.2654442369861414,-0.14579390391925529,0.4414429228273333,0.1100547403436626,-0.08247758838094654
0.44244244244244246,0.2105438364478057,0.16745972794262204,0.44,0.08,-0.26574294787124586,-0.14643299944191313,0.4424439211735209,0.10997064476922447,-0.08515105827390812
0.44344344344344344,0.2102776732320903,0.16731291755368788,0.44,0.08,-0.26659369315633796,-0.14687151232472218,0.44344491951970844,0.109884268206646,-0.0862904148717476
0.4444444444444444,0.2100101153403856,0.1671656908809109,0.44,0.08,-0.26762618233253477,-0.1476287012815618,0.444445917865896,0.10979789164406754,-0.0862904148717405
0.44544544544544545,0.2097418850792724,0.16701736459816924,0.44,0.08,-0.268142771448467,-0.14833179204289593,0.4454469162120836,0.10971151508148907,-0.0862904148717547
0.44644644644644643,0.20947329297512338,0.16686873033628044,0.44,0.08,-0.2684504886085648,-0.14875965735895136,0.44644791455827115,0.1096251385189106,-0.0862904148717476
0.44744744744744747,0.2092044466636397,0.1667195474663195,0.44,0.08,-0.2696550880906301,-0.14955348200435026,0.44744891290445876,0.10953876195633214,-0.08333546170200634
0.44844844844844844,0.2089334429489159,0.16656932396590132,0.44,0.08,-0.27076500841218376,-0.15018519966206156,0.4484499112506463,0.10945830120022564,-0.0803756204985362
0.4494494494494494,0.20866237457472642,0.16641887639592498,0.44,0.08,-0.2708693515979519,-0.15071917797662593,0.44945090959683387,0.10937785022994648,-0.0803707324648073
0.45045045045045046,0.20839116196473584,0.16626758386985205,0.44,0.08,-0.27165381867074245,-0.1515945618983352,0.4504519079430215,0.10929739925966732,-0.0803707324648073
0.45145145145145144,0.20811852308589607,0.16611538377951185,0.44,0.08,-0.2729883511936322,-0.15211124389141162,0.45145290628920903,0.10921694828938816,-0.0803707324648073
0.45245245245245247,0.20784463873912298,0.16596305685505444,0.44,0.08,-0.2736104624262907,-0.15281995138160198,0.45245390463539664,0.109136497319109,-0.08034022261635698
0.45345345345345345,0.2075707543923499,0.1658094379309,0.44,0.08,-0.2736372949494523,-0.15375964713541634,0.4534549029815842,0.10905610742944555,-0.07784110497718189
0.4544544544544544,0.20729681632681177,0.16565522973366223,0.44,0.08,-0.2752073509816739,-0.1541070757623828,0.45445590132777175,0.10898065968441387,-0.07537249718645711
0.45545545545545546,0.20701978872471896,0.16550091525670105,0.44,0.08,-0.2767520041954583,-0.15497704753224184,0.45545689967395936,0.10890521193938218,-0.07537249718647132
0.45645645645645644,0.20674275826035435,0.1653449653742383,0.44,0.08,-0.2767571346818869,-0.15590632428825302,0.4564578980201469,0.1088297641943505,-0.07537249718647132
0.4574574574574575,0.20646572038701752,0.1651887904833512,0.44,0.08,-0.2775457903990457,-0.15626266232952446,0.45745889636633447,0.10875431644931882,-0.07537249718646422
0.45845845845845845,0.2061871110323282,0.16503212721141639,0.44,0.08,-0.2789985733669482,-0.1571512194340272,0.4584598947125221,0.10867886870428714,-0.07537249718646422
0.45945945945945943,0.2059071646845812,0.16487417342742722,0.44,0.08,-0.27977070863497033,-0.15788653232780803,0.45946089305870963,0.10860342095925546,-0.07836968098336428
0.46046046046046046,0.20562700951353952,0.16471603805760698,0.44,0.08,-0.2800344003025117,-0.1584544088436104,0.4604618914048972,0.10852197286217595,-0.08313388869432004
0.46146146146146144,0.2053465352545461,0.16455694738369622,0.44,0.08,-0.28140492891087376,-0.15935824877476534,0.4614628897510848,0.10843698718906515,-0.08490091260836863
0.4624624624624625,0.20506363628248672,0.16439700252452438,0.44,0.08,-0.2827166744326206,-0.15992564198413106,0.46246388809727235,0.10835200151595437,-0.08490091260836152
0.46346346346346345,0.2047805359063326,0.16423677592827252,0.44,0.08,-0.2829688465600526,-0.1607054896093274,0.46346488644345996,0.10826701584284357,-0.08490091260836863
0.46446446446446443,0.20449713208516931,0.1640752698125938,0.44,0.08,-0.28400369295950156,-0.16159289368026464,0.4644658847896475,0.10818203016973278,-0.08490091260836152
0.46546546546546547,0.20421195994445174,0.16391326663161535,0.44,0.08,-0.2852721212357494,-0.16213300946589015,0.46546688313583506,0.108097044496622,-0.09375127208362244
0.46646646646646645,0.20392601672733995,0.16375067920305242,0.44,0.08,-0.2860384031660175,-0.16293329292206238,0.4664678814820227,0.1079943404331154,-0.1029476436566199
0.4674674674674675,0.20363931048866396,0.16358707385299265,0.44,0.08,-0.28681190661022526,-0.16374634473042704,0.4674688798282102,0.10789094365453364,-0.10329365575433513
0.46846846846846846,0.20335181871610825,0.16342285869308157,0.44,0.08,-0.287981059942382,-0.16449100949651552,0.46846987817439784,0.10778754687595188,-0.10329365575434224
0.4694694694694695,0.20306277183012067,0.16325776252266933,0.44,0.08,-0.28911204687049974,-0.1652840843470642,0.4694708765205854,0.10768415009737012,-0.10328821117146703
0.47047047047047047,0.20277301581947058,0.16309195962531964,0.44,0.08,-0.2896511905102841,-0.16594807892808205,0.47047187486677294,0.10758076421882526,-0.10327034126264323
0.47147147147147145,0.20248288956683683,0.16292553413642694,0.44,0.08,-0.29089367605342886,-0.16673663630180613,0.47147287321296055,0.10747740321574184,-0.10325791593670886
0.4724724724724725,0.20219064609764192,0.16275815254563636,0.44,0.08,-0.2921962428116558,-0.16759148810970714,0.4724738715591481,0.10737404221265842,-0.10325791593670175
0.47347347347347346,0.20189791210375038,0.16259001564171277,0.44,0.08,-0.2928740000432839,-0.16833436685161018,0.47347486990533566,0.10727068120957502,-0.10325791593670175
0.4744744744744745,0.20160431176322097,0.1624211468061937,0.44,0.08,-0.2939978527947744,-0.16907724276359204,0.47447586825152327,0.1071673202064916,-0.10336782416209189
0.4754754754754755,0.2013093278138709,0.16225152266320705,0.44,0.08,-0.2950323634611607,-0.16986998218635563,0.4754768665977108,0.1070637391675045,-0.10353812671976215
0.47647647647647645,0.20101365638091634,0.16208106676177658,0.44,0.08,-0.2961322138390159,-0.1706238777834841,0.4764778649438984,0.10696003721926392,-0.10359852105204226
0.4774774774774775,0.20071647052890793,0.1619099333182952,0.44,0.08,-0.29728498315537877,-0.17144533254892735,0.477478863290086,0.10685633527102334,-0.10359852105204226
0.47847847847847846,0.20041849124947408,0.1617378328627797,0.44,0.08,-0.2981262977466912,-0.17224289138718518,0.47847986163627354,0.10675263332278277,-0.1035955094142409
0.4794794794794795,0.20011962108396963,0.16156510270490745,0.44,0.08,-0.2994252717664949,-0.17296094690730968,0.47948085998246115,0.1066489374038311,-0.10141398673312096
0.4804804804804805,0.19981904125594752,0.16139156470080307,0.44,0.08,-0.3006043620090395,-0.17382178847294938,0.4804818583286487,0.1065496028567825,-0.09923547568978108
0.48148148148148145,0.199517810549417,0.16121711113639303,0.44,0.08,-0.30146095549308427,-0.17455319945597125,0.48148285667483626,0.10645026830973389,-0.09923547568978108
0.4824824824824825,0.19921551581952496,0.1610421088460364,0.44,0.08,-0.3027642911187911,-0.17544552218846832,0.48248385502102387,0.10635093376268527,-0.09923547568978819
0.48348348348348347,0.19891167583246244,0.16086586884972942,0.44,0.08,-0.3039732447713277,-0.17627325975723807,0.4834848533672114,0.10625159921563666,-0.09838082343472365
0.4844844844844845,0.19860696077493775,0.16068920942710302,0.44,0.08,-0.3049469039659414,-0.1770001368921328,0.48448585171339903,0.10615397567957581,-0.092802527494392
0.4854854854854855,0.19830117152021828,0.1605115142213167,0.44,0.08,-0.30616145033582143,-0.17787590455010616,0.4854868500595866,0.10606580886254884,-0.08807888380912487
0.48648648648648646,0.19799402493842963,0.16033310151008578,0.44,0.08,-0.307490910203839,-0.17848113936096865,0.48648784840577414,0.10597764204552186,-0.08807888380911777
0.4874874874874875,0.1976855741023928,0.16015419462299646,0.44,0.08,-0.30856847318740677,-0.1793772277998329,0.48748884675196175,0.10588947522849489,-0.08807888380911777
0.48848848848848847,0.1973762702373537,0.1599739879409169,0.44,0.08,-0.3096067845882402,-0.18007282373797295,0.4884898450981493,0.10580130841146791,-0.08807888380911777
0.4894894894894895,0.19706574069981378,0.1597936884693669,0.44,0.08,-0.31113331822798784,-0.1808476791728708,0.48949084344433685,0.10571314159444094,-0.09024431313993375
0.4904904904904905,0.19675338071137172,0.1596119305251554,0.44,0.08,-0.3123159409099827,-0.18172397739309076,0.49049184179052446,0.10562063959505609,-0.09337833726741707
0.49149149149149146,0.19644048356085486,0.15942987670281417,0.44,0.08,-0.313171110140928,-0.1823170746664715,0.491492840136712,0.10552619847209209,-0.09434693206406308
0.4924924924924925,0.1961264115219004,0.15924693137667398,0.44,0.08,-0.3149509605840848,-0.18316371084168281,0.49249383848289957,0.10543175734912809,-0.09434693206406308
0.4934934934934935,0.19580995110723304,0.159063182587015,0.44,0.08,-0.31627439321162854,-0.1837723859939615,0.4934948368290872,0.10533731622616409,-0.09434693206406308
0.4944944944944945,0.19549322955350878,0.1588790186920014,0.44,0.08,-0.3169627342528827,-0.18454728692923084,0.49449583517527473,0.10524287510320009,-0.10438326136088705
0.4954954954954955,0.19517539107869872,0.1586937185491186,0.44,0.08,-0.3189394112079924,-0.18524535164819156,0.49549683352146234,0.10512834128218025,-0.1213489539045014
0.4964964964964965,0.19485471221375306,0.15850815712714017,0.44,0.08,-0.3203626936722088,-0.18593885168573365,0.4964978318676499,0.10499993489886011,-0.12827831715127047
0.4974974974974975,0.19453402432460018,0.1583214685957938,0.44,0.08,-0.32091065090988025,-0.18669945550520595,0.49749883021383745,0.10487152851553996,-0.12827831715126337
0.4984984984984985,0.19421224844816773,0.15813438444344607,0.44,0.08,-0.3229508399425498,-0.18729938836087,0.49849982856002506,0.10474312213221981,-0.12681914639750858
0.4994994994994995,0.193887476096487,0.1579464948453216,0.44,0.08,-0.3244475793290462,-0.18800164697125865,0.4995008269062126,0.10461763700392233,-0.12508419768290935
0.5005005005005005,0.19356270374480625,0.15775800476982993,0.44,0.08,-0.3250219825495293,-0.18860185802623164,0.5005018252524003,0.10449270398219021,-0.12480841972210044
0.5015015015015015,0.19323678143672815,0.15756891354797176,0.44,0.08,-0.32693558738047557,-0.18924776869324944,0.5015028235985878,0.1043677709604581,-0.12480841972211465
0.5025025025025025,0.19290817804434485,0.15737913035803164,0.44,0.08,-0.32840318377390076,-0.1898613573604706,0.5025038219447754,0.10424283793872599,-0.11555332884660174
0.5035035035035035,0.19257931760534897,0.15718881073043328,0.44,0.08,-0.3292125388739606,-0.1904463766336022,0.503504820290963,0.10413643357831426,-0.10616924060295929
0.5045045045045045,0.19224909388243502,0.15699785633073715,0.44,0.08,-0.3310077170854271,-0.19103846114425949,0.5045058186371505,0.10403028747020689,-0.10604024323482264
0.5055055055055055,0.19191663949306584,0.1568063513487631,0.44,0.08,-0.332413465426157,-0.19157832030133193,0.5055068169833381,0.1039241413620995,-0.10604024323482264
0.5065065065065065,0.19158360145915937,0.1566143161499537,0.44,0.08,-0.3335007442680933,-0.19214775136433104,0.5065078153295257,0.10381799525399212,-0.10647477783410864
0.5075075075075075,0.191248970335372,0.15642167116585154,0.44,0.08,-0.3351665200999321,-0.1926832390810489,0.5075088136757133,0.10371097920905424,-0.10744213433099503
0.5085085085085085,0.19091259741491529,0.15622856391956122,0.44,0.08,-0.3364955658932587,-0.1932103601336479,0.5085098120219008,0.10360289645643973,-0.10797495622862385
0.5095095095095095,0.1905753055387889,0.15603486363805646,0.44,0.08,-0.3378572501792547,-0.1937140739432266,0.5095108103680884,0.1034948137038252,-0.10797495622862385
0.5105105105105106,0.19023620652366552,0.1558407479557109,0.44,0.08,-0.33945136675937704,-0.19415783911261997,0.510511808714276,0.10338673095121068,-0.10797495622860254
0.5115115115115115,0.18989572322295428,0.1556461592554486,0.44,0.08,-0.34065786789329877,-0.1946069126791059,0.5115128070604635,0.10327864819859617,-0.11819797352855943
0.5125125125125125,0.1895542087901454,0.1554511445269239,0.44,0.08,-0.3422049027385583,-0.19499338269719146,0.5125138054066511,0.10315009899916106,-0.12848851642851855
0.5135135135135135,0.1892106283225768,0.15525578211291172,0.44,0.08,-0.34382616944326116,-0.19538628600055574,0.5135148037528388,0.10302141461369807,-0.12855604202852788
0.5145145145145145,0.18886586811057934,0.15505998079118707,0.44,0.08,-0.34490724737689504,-0.19571652682833474,0.5145158020990263,0.10289273022823511,-0.12860909476632543
0.5155155155155156,0.18852012332282322,0.15486395723437651,0.44,0.08,-0.3465395435935079,-0.1960522160070326,0.5155168004452139,0.10276393963136655,-0.12882044356636868
0.5165165165165165,0.18817209525053225,0.15466748386224402,0.44,0.08,-0.3482772729374375,-0.1963271414774539,0.5165177987914015,0.10263483212630493,-0.1289787396286215
0.5175175175175175,0.1878228715251507,0.15447090990409135,0.44,0.08,-0.34948099509878716,-0.19661031556140074,0.517518797137589,0.10250572462124333,-0.1289787396286357
0.5185185185185185,0.18747243359868282,0.15427386961687586,0.44,0.08,-0.3508320755744023,-0.1968586391700029,0.5185197954837766,0.1023766171161817,-0.12366960771743862
0.5195195195195195,0.18712050500748426,0.1540767985143616,0.44,0.08,-0.35255610113947,-0.19705149592348903,0.5195207938299642,0.10225813847564569,-0.11347672251105223
0.5205205205205206,0.1867666155783836,0.15387937212753955,0.44,0.08,-0.35409606376308034,-0.1972602934547325,0.5205217921761518,0.102149437093053,-0.10859296921585582
0.5215215215215215,0.1864116039789295,0.1536818830119497,0.44,0.08,-0.3552542907283396,-0.19737650083679625,0.5215227905223393,0.10204073571046035,-0.10859296921585582
0.5225225225225225,0.18605539577712568,0.15348422397771613,0.44,0.08,-0.3569292707708911,-0.19750441157790988,0.5225237888685269,0.10193203432786768,-0.10857590810369544
0.5235235235235235,0.18569703086427308,0.15328647878456653,0.44,0.08,-0.3585353328335543,-0.19757646599887835,0.5235247872147145,0.10182336710156512,-0.10838731396601275
0.5245245245245245,0.18533760732300447,0.15308867549723792,0.44,0.08,-0.359864500293682,-0.19762938366284288,0.524525785560902,0.1017150432838123,-0.10821578094050466
0.5255255255255256,0.18497658141423567,0.1528908243628191,0.44,0.08,-0.3614930866049946,-0.19764807432846965,0.5255267839070896,0.10160671946605945,-0.10821578094049755
0.5265265265265265,0.18461389743991133,0.15269298365674047,0.44,0.08,-0.36276016592158555,-0.19762883370972872,0.5265277822532772,0.10149839564830662,-0.10821578094048334
0.5275275275275275,0.1842503348358141,0.1524951710420789,0.44,0.08,-0.3645620042398008,-0.19758935070873918,0.5275287805994647,0.1013900718305538,-0.1242751837188294
0.5285285285285285,0.18388404357756938,0.1522974093810473,0.44,0.08,-0.36638523501480336,-0.19750223883487195,0.5285297789456523,0.10124959714155722,-0.14918813301095923
0.5295295295295295,0.1835168308618105,0.15209977116453163,0.44,0.08,-0.36733445292645683,-0.19739235952073386,0.52953077729184,0.10109139768172423,-0.15804167952474302
0.5305305305305306,0.1831486392674063,0.15190222948210688,0.44,0.08,-0.3691673523506296,-0.19724288244621846,0.5305317756380274,0.10093319822189126,-0.16197307244954828
0.5315315315315315,0.18277775708333072,0.15170489051899363,0.44,0.08,-0.3706598703483053,-0.19706309362716468,0.5315327739842151,0.10076712812642641,-0.16852080293954685
0.5325325325325325,0.1824065774649072,0.1515077087741446,0.44,0.08,-0.37190010785185734,-0.19685142479464446,0.5325337723304027,0.10059582013180987,-0.17113714050475437
0.5335335335335335,0.18203321232286654,0.1513107935724578,0.44,0.08,-0.3737079435903041,-0.1965967419562844,0.5335347706765902,0.10042451213719335,-0.15884468958771691
0.5345345345345345,0.1816584134136754,0.15111412170316105,0.44,0.08,-0.37449622793819515,-0.1963139248724559,0.5345357690227778,0.10027781358865392,-0.14326813609675781
0.5355355355355356,0.18128347012479207,0.15091777270184228,0.44,0.08,-0.3763892255707191,-0.19596981125806678,0.5355367673689654,0.10013768980260487,-0.13998403352285038
0.5365365365365365,0.18090488143055078,0.1507217897486904,0.44,0.08,-0.378210105547069,-0.19561817089487477,0.5365377657151529,0.09999756601655585,-0.13878639194116715
0.5375375375375375,0.18052629273630946,0.15052614473208278,0.44,0.08,-0.3790457123853628,-0.1952343518568398,0.5375387640613405,0.09985983990499199,-0.13538659269136843
0.5385385385385385,0.18014603115550504,0.15033093018541346,0.44,0.08,-0.38078633634084724,-0.1948246807477858,0.5385397624075281,0.09972652250579578,-0.13318443502326005
0.5395395395395395,0.1797639577286201,0.15013610533118632,0.44,0.08,-0.38178791173842797,-0.1943986257237924,0.5395407607537157,0.09959320510659955,-0.13318443502326005
0.5405405405405406,0.17938169099186452,0.14994174374752797,0.44,0.08,-0.3833469794751778,-0.19391035009671498,0.5405417590999032,0.09945988770740335,-0.14027927627877546
0.5415415415415415,0.17899649630824935,0.14974789642208378,0.44,0.08,-0.3850425118160672,-0.19343417616278202,0.5415427574460908,0.09931236645948067,-0.14986812206058886
0.5425425425425425,0.1786108351123529,0.1495544881395945,0.44,0.08,-0.385965037786292,-0.19288349116085612,0.5425437557922784,0.09915985222274556,-0.15236212658688686
0.5435435435435435,0.17822379352989845,0.14936174328662663,0.44,0.08,-0.38743830567034365,-0.19237444341470678,0.5435447541384659,0.09900733798601048,-0.1551098949493337
0.5445445445445445,0.1778351828487486,0.14916935411874424,0.44,0.08,-0.38851084332284813,-0.19175536169029783,0.5445457524846535,0.09884932272610235,-0.15982929745526064
0.5455455455455456,0.1774459940437666,0.14897784866862804,0.44,0.08,-0.3899153107354323,-0.19119982325764795,0.5455467508308411,0.0986873602611604,-0.16180093159872655
0.5465465465465466,0.17705457161604501,0.1487865716898,0.44,0.08,-0.39140439987765774,-0.19052890238528164,0.5465477491770286,0.09852539779621848,-0.1672598235306495
0.5475475475475475,0.17666240165161917,0.14859640942461347,0.44,0.08,-0.39239539880036034,-0.18983614428563556,0.5475487475232163,0.09835250664768481,-0.1762271084594076
0.5485485485485485,0.17626899524207032,0.14840651934888782,0.44,0.08,-0.3936286217450089,-0.18923137358555664,0.5485497458694039,0.0981725917079759,-0.17973550145624273
0.5495495495495496,0.17587435636284038,0.1482175678358536,0.44,0.08,-0.39470587098719534,-0.18843204181780493,0.5495507442155914,0.09799267676826702,-0.18575872295282636
0.5505505505505506,0.17547879329815197,0.14802927802392724,0.44,0.08,-0.39586422249749376,-0.18782598318284727,0.550551742561779,0.09780070335904453,-0.1922214968526177
0.5515515515515516,0.17508183539687944,0.14784153984149356,0.44,0.08,-0.3971197502388577,-0.1869876347717394,0.5515527409079666,0.09760784996736467,-0.19060584281822912
0.5525525525525525,0.17468375876313927,0.1476549284047646,0.44,0.08,-0.3981634923702444,-0.18626339499236622,0.5525537392541542,0.09741911109217505,-0.1858790680366198
0.5535535535535535,0.17428471128803014,0.14746864015181915,0.44,0.08,-0.39916624679703716,-0.18547817964524427,0.5535547376003417,0.09723572068797358,-0.18320749969263517
0.5545545545545546,0.17388462713791997,0.14728360071778712,0.44,0.08,-0.4001766831832896,-0.18465553575585147,0.5545557359465293,0.0970523302837721,-0.17992160178744143
0.5555555555555556,0.17348355676714264,0.14709895939955517,0.44,0.08,-0.4010771230165915,-0.18389620586765432,0.5555567342927169,0.09687551823630827,-0.17585871596833158
0.5565565565565566,0.17308166993468357,0.14691544014547953,0.44,0.08,-0.40217903782031783,-0.1829996463858663,0.5565577326389044,0.09670026171607816,-0.17619428599709153
0.5575575575575575,0.17267839352826317,0.14673259374112502,0.44,0.08,-0.40316390890438925,-0.18224004141883654,0.557558730985092,0.09652277785852671,-0.1944808519044372
0.5585585585585585,0.17227453498192205,0.14655059521771407,0.44,0.08,-0.40397926594674516,-0.1813110961537916,0.5585597293312796,0.09631091169383517,-0.2116548598690926
0.5595595595595596,0.17186962622907048,0.14636960856363995,0.44,0.08,-0.4048366120067186,-0.1804668015264781,0.5595607276774671,0.09609904552914367,-0.22999208833795848
0.5605605605605606,0.17146405127420086,0.14618930031976315,0.44,0.08,-0.4054836316759207,-0.17953643765468996,0.5605617260236547,0.09585046829371013,-0.2532700536466308
0.5615615615615616,0.17105784718667627,0.14601017625602297,0.44,0.08,-0.406278319070708,-0.17856041880594375,0.5615627243698423,0.09559199971946543,-0.2575734429065335
0.5625625625625625,0.17065068126605132,0.14583182200383535,0.44,0.08,-0.40686780919482146,-0.17766751778701462,0.5625637227160298,0.09533480711296757,-0.25690681969325624
0.5635635635635635,0.17024329701811808,0.14565448552972265,0.44,0.08,-0.4075576505839109,-0.17670677918282252,0.5635647210622174,0.09507767311619092,-0.2572990573319913
0.5645645645645646,0.16983475003365112,0.145478054678144,0.44,0.08,-0.40821638391801685,-0.17583513193919487,0.564565719408405,0.09481969525123767,-0.2542562900366292
0.5655655655655656,0.16942604700026415,0.14530246324355808,0.44,0.08,-0.4086210845189555,-0.17492449273871102,0.5655667177545926,0.09456865286452203,-0.2354758939570729
0.5665665665665666,0.16901668980438397,0.14512785549348195,0.44,0.08,-0.40917443132860853,-0.17394384498774684,0.5665677161007802,0.09434827329040155,-0.22015977844500867
0.5675675675675675,0.16860687896957624,0.1449542273176567,0.44,0.08,-0.40950520008156843,-0.17303750445978494,0.5675687144469678,0.09412789371628107,-0.1944261807803258
0.5685685685685685,0.16819685957399044,0.14478143406313204,0.44,0.08,-0.4099387842537823,-0.17207389273957574,0.5685697127931553,0.0939590327195682,-0.16867156388545368
0.5695695695695696,0.1677861807028019,0.1446097350398998,0.44,0.08,-0.4102681923173179,-0.17110941389832135,0.5695707111393429,0.09379021380328467,-0.17453022549157993
0.5705705705705706,0.16737550183161337,0.1444388726739462,0.44,0.08,-0.4104982422253016,-0.17026482118140507,0.5705717094855305,0.09360962378541454,-0.21467072782170504
0.5715715715715716,0.16696436240004855,0.14426886452702414,0.44,0.08,-0.4107694412989247,-0.16922075536731995,0.5715727078317181,0.09336044371623584,-0.2626615908105876
0.5725725725725725,0.1665531405877717,0.14410009238292054,0.44,0.08,-0.4108680261933131,-0.16830852782462102,0.5725737061779056,0.09308377614939777,-0.3268880105982461
0.5735735735735735,0.16614180378905097,0.14393191051736523,0.44,0.08,-0.41097506281418816,-0.167375762538569,0.5735747045240932,0.09270601500024106,-0.3783003723138876
0.5745745745745746,0.1657303676892448,0.14376500577123172,0.44,0.08,-0.4110253820781793,-0.16632365885145362,0.5745757028702808,0.09232642005530105,-0.3441614603988441
0.5755755755755756,0.1653189301512568,0.1435989302193643,0.44,0.08,-0.41099107183745787,-0.1655619942231823,0.5755767012164683,0.09201700489487957,-0.29186000991519734
0.5765765765765766,0.16490756274062127,0.14343355032734145,0.44,0.08,-0.4109445827515259,-0.16446858303827128,0.5765776995626559,0.09174211728081426,-0.2904264537634873
0.5775775775775776,0.1644962182738764,0.14326966378685524,0.44,0.08,-0.41079559464739646,-0.16354229212866755,0.5775786979088435,0.0914355720950668,-0.322097773148613
0.5785785785785785,0.1640851491377236,0.14310613833108787,0.44,0.08,-0.4105911895976817,-0.16272132347657475,0.578579696255031,0.09109727860434935,-0.36319918031139053
0.5795795795795796,0.16367421389029746,0.14294389537148672,0.44,0.08,-0.4103743283135799,-0.16154015770327135,0.5795806946012186,0.09070844853741004,-0.38667234079742485
0.5805805805805806,0.1632635789108695,0.1427827346119622,0.44,0.08,-0.41005415414865354,-0.16093371990692162,0.5805816929474062,0.09032316185703992,-0.34170502955221593
0.5815815815815816,0.16285328465276264,0.14262170574204344,0.44,0.08,-0.40973280454315386,-0.15981804652581388,0.5815826912935937,0.09002435619847854,-0.2925709808821253
0.5825825825825826,0.16244329301588825,0.14246277856286146,0.44,0.08,-0.4093090372575432,-0.15860919849755817,0.5825836896397814,0.08973743572102898,-0.2876181820447741
0.5835835835835835,0.16203384714073554,0.14230416980911542,0.44,0.08,-0.40877601091078475,-0.1581659311672894,0.583584687985969,0.08944854554935792,-0.31495732159861944
0.5845845845845846,0.16162492262367445,0.14214613005201604,0.44,0.08,-0.40820721740155363,-0.15694095162542965,0.5845856863321566,0.08910689220494918,-0.3745713831533237
0.5855855855855856,0.16121661547426594,0.14198997370976518,0.44,0.08,-0.4075717994200545,-0.15594774524176103,0.5855866846783441,0.08869865487922661,-0.43429047896636774
0.5865865865865866,0.16080896306527595,0.14183392235383435,0.44,0.08,-0.4069275463440505,-0.1553043413828732,0.5865876830245317,0.08823744410252851,-0.4695034976330774
0.5875875875875876,0.16040194571181543,0.14167905410739706,0.44,0.08,-0.4062574783671238,-0.1541368708739128,0.5875886813707193,0.0877587104299066,-0.47519399906651927
0.5885885885885885,0.15999563478025672,0.14152534002976247,0.44,0.08,-0.4054737722050845,-0.1533998066226019,0.5885896797169068,0.08728610728816082,-0.4716019281087398
0.5895895895895896,0.15959018640810158,0.1413719473874319,0.44,0.08,-0.40471581313948946,-0.15249291168635182,0.5895906780630944,0.08681456492971519,-0.47137802140737506
0.5905905905905906,0.15918539291210954,0.14122004891527526,0.44,0.08,-0.4037357191235458,-0.1513396755951817,0.590591676409282,0.08634241004844488,-0.47202347182686566
0.5915915915915916,0.15878190669013653,0.141068965053908,0.44,0.08,-0.40278558684195787,-0.15071353111150643,0.5915926747554695,0.08586957550039438,-0.47270156136998764
0.5925925925925926,0.15837901536087443,0.14091832012426123,0.44,0.08,-0.4019241885345508,-0.14970035605108478,0.5925936731016571,0.08539606308610162,-0.4733850508594273
0.5935935935935935,0.15797725366003737,0.14076926464139333,0.44,0.08,-0.4008231956890711,-0.14862661753291206,0.5935946714478447,0.08492186019435394,-0.47408046407235815
0.5945945945945946,0.15757656652065602,0.14062076933840953,0.44,0.08,-0.4000003664115468,-0.1480722578104121,0.5945956697940322,0.08444695556510909,-0.4747880825640607
0.5955955955955956,0.15717645212567988,0.1404728236848159,0.44,0.08,-0.3986747323073274,-0.14711004185561194,0.5955966681402198,0.08397133602348159,-0.4755181529558925
0.5965965965965966,0.15677841890842914,0.1403262547401,0.44,0.08,-0.39749966141788207,-0.1461184864458005,0.5965976664864074,0.08349496979572701,-0.4762603236088836
0.5975975975975976,0.15638065700772616,0.14018029418242192,0.44,0.08,-0.3964002793418331,-0.14547567781100668,0.5975986648325949,0.08301786443090708,-0.4769950731575605
0.5985985985985985,0.15598482475559267,0.14003501214187977,0.44,0.08,-0.39497173554468645,-0.14464353906649308,0.5985996631787825,0.08254002723698635,-0.47772768043775926
0.5995995995995996,0.1555899228024315,0.13989071752763416,0.44,0.08,-0.39409147793681143,-0.14372491825670863,0.5996006615249702,0.0820614551948146,-0.47846257133021197
0.6006006006006006,0.15519585282779122,0.13974727456779226,0.44,0.08,-0.3924205243609862,-0.14300464470150587,0.6006016598711577,0.08158214675175798,-0.47920051748545234
0.6016016016016016,0.15480429612703414,0.13960442194264616,0.44,0.08,-0.3911651440563304,-0.14224935042874165,0.6016026582173453,0.08110209734382429,-0.4799708392381845
0.6026026026026026,0.1544127394262771,0.13946249108345043,0.44,0.08,-0.38982312290588084,-0.1413307748061925,0.6026036565635329,0.08062124671916658,-0.4809563016179581
0.6036036036036035,0.1540238694545499,0.13932147744853968,0.44,0.08,-0.3880487479875825,-0.1405730368100535,0.6036046549097205,0.08013922441880812,-0.4841999037950586
0.6046046046046046,0.15363586505593158,0.1391810635823292,0.44,0.08,-0.3870674305662618,-0.13992870123372825,0.604605653255908,0.07965188011332053,-0.4871195006046918
0.6056056056056056,0.15324895968364644,0.1390413399085322,0.44,0.08,-0.385319410874402,-0.13906363749632078,0.6056066516020956,0.07916401278980613,-0.4736369466787309
0.6066066066066066,0.1528644548239508,0.1389026579016559,0.44,0.08,-0.3838781437025176,-0.13827100184684582,0.6066076499482832,0.07870366051268302,-0.4276605095096073
0.6076076076076076,0.1524804348714292,0.138764521086016,0.44,0.08,-0.38234284057621437,-0.13767523747307564,0.6076086482944707,0.07830783786430842,-0.35248597112388325
0.6086086086086087,0.15209900369166607,0.1386270318006087,0.44,0.08,-0.3804846656170895,-0.1368424188937638,0.6086096466406583,0.0779979847643844,-0.297278961109555
0.6096096096096096,0.1517187038091327,0.13849056228943185,0.44,0.08,-0.3793116537943604,-0.13601023958463543,0.6096106449868459,0.07771268636745435,-0.27116843419298675
0.6106106106106106,0.1513396210013871,0.13835473902866752,0.44,0.08,-0.3775374123993771,-0.1354677757058056,0.6106116433330334,0.0774551064560535,-0.258785398719823
0.6116116116116116,0.1509628731536785,0.13821935553126208,0.44,0.08,-0.3757650579973131,-0.13476886478956374,0.611612641679221,0.07719459885518229,-0.26384087585964977
0.6126126126126126,0.1505873386029941,0.13808493149155127,0.44,0.08,-0.37406505068207707,-0.13388951900077473,0.6126136400254086,0.07692689789526909,-0.2598820430847226
0.6136136136136137,0.150213994173334,0.13795130844617542,0.44,0.08,-0.3721527551075212,-0.13330087803862511,0.6136146383715961,0.07667431586451899,-0.2444787364728569
0.6146146146146146,0.14984228804221825,0.13781806286684928,0.44,0.08,-0.3706789593874191,-0.13276081799958206,0.6146156367177837,0.0764374522734944,-0.21595242628445988
0.6156156156156156,0.14947189415454037,0.13768552102275286,0.44,0.08,-0.368828141956854,-0.13184108898849445,0.6156166350639714,0.0762419798213871,-0.17071985643190857
0.6166166166166166,0.14910389336362598,0.1375541167427482,0.44,0.08,-0.3668157609609466,-0.13117369628724873,0.616617633410159,0.07609567168559493,-0.1461622153017359
0.6176176176176176,0.1487375282667307,0.1374229110201758,0.44,0.08,-0.365217101093279,-0.1309180047976639,0.6176186317563465,0.07594936354980279,-0.14502347758419631
0.6186186186186187,0.14837272799607187,0.13729201863504517,0.44,0.08,-0.3636222415597814,-0.1299158703569674,0.6186196301025341,0.07580533516315464,-0.13814124469897138
0.6196196196196196,0.14800955581115552,0.13716281918762926,0.44,0.08,-0.3617594521131622,-0.12905255726415987,0.6196206284487217,0.07567280523483486,-0.13239774953129313
0.6206206206206206,0.1476484848486982,0.13703365515703886,0.44,0.08,-0.35986095177271693,-0.12898799053971288,0.6206216267949092,0.07554027530651508,-0.13239774953129313
0.6216216216216216,0.14728911346526422,0.13690458497233454,0.44,0.08,-0.3581231208954847,-0.1281287017752959,0.6216226251410968,0.07540774537819529,-0.11194358636168289
0.6226226226226226,0.14693152164370224,0.1367771412395708,0.44,0.08,-0.3563622706147953,-0.12713200994289764,0.6226236234872844,0.07531616461688637,-0.0734694261343094
0.6236236236236237,0.1465756754860554,0.13665006643391034,0.44,0.08,-0.3547413969967863,-0.126947700477956,0.6236246218334719,0.0752606598300837,-0.05544942907653905
0.6246246246246246,0.14622132865672166,0.13652299168906434,0.44,0.08,-0.35268938243247305,-0.12642326219724964,0.6246256201796595,0.07520515504328106,-0.05544942907653194
0.6256256256256256,0.14586959063634075,0.13639696680989183,0.44,0.08,-0.3507275339609066,-0.12540069097970274,0.6256266185258471,0.07514965025647839,-0.05544942907653194
0.6266266266266266,0.14551917143157472,0.13627193925467054,0.44,0.08,-0.3496249304075718,-0.12486566205951988,0.6266276168720346,0.07509414546967574,-0.05544942907653194
0.6276276276276276,0.14516964082571499,0.13614698550446735,0.44,0.08,-0.34729578572495257,-0.12465667417575332,0.6276286152182222,0.0750386406828731,-0.05544942907653194
0.6286286286286287,0.1448238845732665,0.13602237634340777,0.44,0.08,-0.34510957518666885,-0.12379524444098422,0.6286296135644098,0.07498313589607043,-0.05544942907652484
0.6296296296296297,0.14447873076528117,0.13589914717725818,0.44,0.08,-0.34413526854253007,-0.12300416381351909,0.6296306119105973,0.07492763110926778,-0.05544942907654615
0.6306306306306306,0.14413492507668488,0.13577612176119855,0.44,0.08,-0.34180585264923025,-0.12283000150785028,0.6306316102567849,0.07487212632246512,-0.053735162998108876
0.6316316316316316,0.14379443476398143,0.13565324126833356,0.44,0.08,-0.3399218336166143,-0.12223631458391537,0.6316326086029725,0.07482005349068133,-0.05173033872355859
0.6326326326326326,0.14345440088526024,0.1355314044146842,0.44,0.08,-0.33869563404793723,-0.12144705198443262,0.63263360694916,0.0747685623554451,-0.05143978052745979
0.6336336336336337,0.14311636542654815,0.1354101040271235,0.44,0.08,-0.3362693852001968,-0.12104468124631751,0.6336346052953477,0.07471707122020885,-0.051439780527466894
0.6346346346346347,0.14278118890287742,0.13528907272049737,0.44,0.08,-0.33476984968166335,-0.12075888507486354,0.6346356036415353,0.07466558008497261,-0.05143978052745979
0.6356356356356356,0.14244615551727555,0.13516834449744408,0.44,0.08,-0.3333351780736109,-0.12005596581740008,0.6356366019877229,0.07461408894973637,-0.05143978052745268
0.6366366366366366,0.14211385120903638,0.13504872043657865,0.44,0.08,-0.3307379218195905,-0.11940212152718743,0.6366376003339104,0.07456259781450014,-0.05143978052745268
0.6376376376376376,0.14178401753565478,0.1349293012111034,0.44,0.08,-0.32950383970825214,-0.11915642919329628,0.637638598680098,0.0745111066792639,-0.05143978052745979
0.6386386386386387,0.14145418386227313,0.13481016902678228,0.44,0.08,-0.32796607788971244,-0.11864890208418899,0.6386395970262856,0.07445961554402765,-0.05143978052745979
0.6396396396396397,0.1411274287911308,0.13469176587159548,0.44,0.08,-0.3254050162133808,-0.11805117611604032,0.6396405953724731,0.07440812440879142,-0.049063424973027736
0.6406406406406406,0.14080272236835245,0.1345738303358593,0.44,0.08,-0.32426824948383626,-0.11760260944267031,0.6406415937186607,0.07436139072951507,-0.044331373869248125
0.6416416416416416,0.1404782431064785,0.1344563252120506,0.44,0.08,-0.3226636523245361,-0.11728471457460898,0.6416425920648483,0.07431937314493674,-0.04197567831990057
0.6426426426426426,0.14015674909042547,0.1343390261024767,0.44,0.08,-0.3202792136009407,-0.11674646035820047,0.6426435904110358,0.07427735556035842,-0.04197567831991478
0.6436436436436437,0.13983704347964976,0.13422259856468682,0.44,0.08,-0.31909878964162885,-0.1162023350772472,0.6436445887572234,0.07423533797578008,-0.04197567831991478
0.6446446446446447,0.13951791267472646,0.1341063887950147,0.44,0.08,-0.31740243021039305,-0.11584294639622783,0.644645587103411,0.07419332039120174,-0.04197567831990057
0.6456456456456456,0.13920160317892827,0.1339906807540838,0.44,0.08,-0.3150851050282739,-0.11542535879380011,0.6456465854495985,0.07415130280662342,-0.04197567831991478
0.6466466466466466,0.13888711166365886,0.13387530699562772,0.44,0.08,-0.31366512089745413,-0.11500494188803145,0.6466475837957861,0.07410928522204509,-0.04197567831991478
0.6476476476476476,0.13857364497893337,0.13376044063018383,0.44,0.08,-0.31207658683609907,-0.1145406416959105,0.6476485821419737,0.07406726763746675,-0.04197567831990767
0.6486486486486487,0.13826233371203506,0.13364599640164193,0.44,0.08,-0.310135759524627,-0.11414049003850835,0.6486495804881613,0.07402525005288842,-0.04197567831990057
0.6496496496496497,0.13795275256747264,0.13353193114061723,0.44,0.08,-0.30853629164865026,-0.11373244640192581,0.6496505788343488,0.0739832324683101,-0.04197567831991478
0.6506506506506506,0.1376446434384642,0.1334183038162527,0.44,0.08,-0.3070595577231785,-0.11338195751787339,0.6506515771805365,0.07394121488373176,-0.04194583422434306
0.6516516516516516,0.137338018718177,0.13330494023467557,0.44,0.08,-0.30535999349275755,-0.11294634246091562,0.6516525755267241,0.07389925704693405,-0.041209565529754855
0.6526526526526526,0.1370333121201604,0.13319218501252714,0.44,0.08,-0.30361608163391907,-0.11253107362347237,0.6526535738729116,0.07385871346984696,-0.040503140930759685
0.6536536536536537,0.1367301787149059,0.13307965279999395,0.44,0.08,-0.3023046345768847,-0.11218672060098811,0.6536545722190992,0.07381816989275987,-0.04050314093075258
0.6546546546546547,0.13642809763652297,0.13296758697328592,0.44,0.08,-0.3006915611724139,-0.11186333858820774,0.6546555705652868,0.07377762631567278,-0.04050314093075258
0.6556556556556556,0.13612819360745362,0.13285570217218973,0.44,0.08,-0.29887623985504774,-0.1114264764931363,0.6556565689114743,0.07373708273858569,-0.040503140930759685
0.6566566566566566,0.13582974680598237,0.13274451094427064,0.44,0.08,-0.2977198273775059,-0.11099849442872767,0.6566575672576619,0.0736965391614986,-0.04050314093075258
0.6576576576576576,0.13553215791700818,0.13263348296412422,0.44,0.08,-0.2960807796126943,-0.11075774133171024,0.6576585656038495,0.07365599558441151,-0.04050314093075258
0.6586586586586587,0.13523699249244342,0.13252277372438734,0.44,0.08,-0.29434472595907835,-0.11047779285463832,0.658659563950037,0.07361545200732443,-0.04050314093076679
0.6596596596596597,0.13494287918635933,0.13241230620165245,0.44,0.08,-0.2930638540232877,-0.10998991257034163,0.6596605622962246,0.07357490843023733,-0.04050314093076679
0.6606606606606606,0.13465027806997437,0.1323025736992215,0.44,0.08,-0.2915061261606411,-0.10957207939577529,0.6606615606424122,0.07353436485315024,-0.040503140930745474
0.6616616616616616,0.13435928333818992,0.1321929426793386,0.44,0.08,-0.29030190855993965,-0.10943270376894532,0.6616625589885997,0.07349382127606316,-0.04050314093075258
0.6626626626626626,0.1340690930678524,0.1320834892071916,0.44,0.08,-0.2886050427759841,-0.10916586348540136,0.6626635573347873,0.07345327769897607,-0.03792294605905511
0.6636636636636637,0.13378149546476453,0.13197439240209055,0.44,0.08,-0.28694683591355385,-0.10864342710328856,0.6636645556809749,0.07341789966348782,-0.02201391924761964
0.6646646646646647,0.13349462492788527,0.13186598484862644,0.44,0.08,-0.28610629451226544,-0.10827047911404009,0.6646655540271624,0.07340920590545612,-0.008685087307902961
0.6656656656656657,0.1332087100903656,0.13175763468614654,0.44,0.08,-0.2844263375388323,-0.10819910506567965,0.66566655237335,0.07340051214742441,-0.008685087307910067
0.6666666666666666,0.13292520283071044,0.13164937002367014,0.44,0.08,-0.28278980023516453,-0.10792313855601776,0.6666675507195376,0.0733918183893927,-0.008685087307910067
0.6676676676676676,0.13264256434414906,0.13154157234669506,0.44,0.08,-0.28174652931691924,-0.10737869168573866,0.6676685490657253,0.07338312463136099,-0.008685087307902961
0.6686686686686687,0.13236114571496085,0.13143439766794293,0.44,0.08,-0.28055251441659834,-0.10705670910071774,0.6686695474119128,0.07337443087332927,-0.008685087307910067
0.6696696696696697,0.1320808976486203,0.13132724460074768,0.44,0.08,-0.27879568037529623,-0.10703274022711184,0.6696705457581004,0.07336573711529756,-0.008685087307910067
0.6706706706706707,0.1318029962047,0.1312201179077285,0.44,0.08,-0.27735871143210034,-0.1067486258744168,0.670671544104288,0.07335704335726585,-0.008685087307895856
0.6716716716716716,0.13152562495306055,0.13111353363803616,0.44,0.08,-0.27691722116485096,-0.1061750167592379,0.6716725424504755,0.07334834959923416,-0.008685087307902961
0.6726726726726726,0.13124860737353916,0.13100755531161393,0.44,0.08,-0.27510919564502956,-0.10587234809582924,0.6726735407966631,0.07333965584120244,-0.008685087307910067
0.6736736736736737,0.13097485579261006,0.13090157698519167,0.44,0.08,-0.27319021669278243,-0.10587234809582924,0.6736745391428507,0.07333096208317073,-0.008685087307910067
0.6746746746746747,0.1307016800127928,0.1307955986587694,0.44,0.08,-0.27267388905691803,-0.10563441817241426,0.6746755374890382,0.07332226832513902,-0.008685087307917172
0.6756756756756757,0.13042896212082444,0.13069009666853018,0.44,0.08,-0.2717730979043296,-0.10513183437235796,0.6756765358352258,0.07331357456710731,-0.008685087307910067
0.6766766766766766,0.13015758972669808,0.13058512451588183,0.44,0.08,-0.2697540557722249,-0.10485854085523272,0.6766775341814134,0.0733048808090756,-0.008685087307902961
0.6776776776776777,0.12988891396112026,0.13048016965981102,0.44,0.08,-0.26836642863275983,-0.10483954358693381,0.6776785325276009,0.07329618705104389,-0.008685087307902961
0.6786786786786787,0.12962031959930514,0.1303752355397318,0.44,0.08,-0.26829118699512833,-0.10464324254425605,0.6786795308737885,0.0732874932930122,-0.008685087307895856
0.6796796796796797,0.12935179446763653,0.13027067367874143,0.44,0.08,-0.2666643580295869,-0.10421620024831668,0.6796805292199761,0.07327879953498048,-0.008685087307910067
0.6806806806806807,0.12908645702066734,0.13016659449819362,0.44,0.08,-0.26453266720004365,-0.1039534352651117,0.6806815275661637,0.07327010577694877,-0.008685087307910067
0.6816816816816816,0.12882219953830712,0.1300625586932257,0.44,0.08,-0.26399322487789334,-0.10389949611823113,0.6816825259123512,0.07326141201891706,-0.008685087307917172
0.6826826826826827,0.12855794205594684,0.12995858749895792,0.44,0.08,-0.26377614446180075,-0.1037379117838384,0.6826835242585388,0.07325271826088535,-0.008685087307910067
0.6836836836836837,0.1282941191690142,0.1298548751861509,0.44,0.08,-0.26164960079817945,-0.10338026006913026,0.6836845226047265,0.07324402450285364,-0.008685087307895856
0.6846846846846847,0.12803411903132586,0.12975162001133203,0.44,0.08,-0.2597167266137461,-0.10312625954888688,0.684685520950914,0.07323533074482194,-0.008685087307902961
0.6856856856856857,0.1277741657623801,0.12964841620807507,0.44,0.08,-0.25962301165235857,-0.103043272988117,0.6856865192971016,0.07322663698679023,-0.008685087307902961
0.6866866866866866,0.12751435324223206,0.129545327172517,0.44,0.08,-0.2588057833776105,-0.10290563113379392,0.6866875176432892,0.07321794322875852,-0.008685087307910067
0.6876876876876877,0.12725603606592842,0.12944239892852794,0.44,0.08,-0.25692056859550405,-0.10261720558447962,0.6876885159894767,0.07320924947072681,-0.008685087307910067
0.6886886886886887,0.12699999774954834,0.12933988732149698,0.44,0.08,-0.2556527953304695,-0.10237794286484814,0.6886895143356643,0.0732005557126951,-0.008685087307910067
0.6896896896896897,0.12674421865785943,0.12923743808195168,0.44,0.08,-0.25540150362093783,-0.10227214863900258,0.6896905126818519,0.07319186195466339,-0.008685087307902961
0.6906906906906907,0.12648868342798492,0.12913513827517267,0.44,0.08,-0.25426914945198575,-0.10216419346505745,0.6906915110280394,0.07318316819663168,-0.008685087307902961
0.6916916916916916,0.12623517131160922,0.12903290516210172,0.44,0.08,-0.2526667195425176,-0.10192205226788076,0.691692509374227,0.07317447443859998,-0.008685087307895856
0.6926926926926927,0.12598284414962152,0.12893109012248422,0.44,0.08,-0.2517975130370971,-0.1017011034489741,0.6926935077204146,0.07316578068056827,-0.008685087307902961
0.6936936936936937,0.1257310721864098,0.12882929934939105,0.44,0.08,-0.2514134301370561,-0.10158578651204664,0.6936945060666021,0.07315708692253656,-0.008685087307910067
0.6946946946946947,0.12547951395915696,0.12872771517451218,0.44,0.08,-0.2501792145664581,-0.10145443571245494,0.6946955044127897,0.07314839316450485,-0.008685087307910067
0.6956956956956957,0.12523021289798847,0.12862618736598275,0.44,0.08,-0.24878316865126493,-0.10129153835336524,0.6956965027589773,0.07313969940647314,-0.008685087307902961
0.6966966966966966,0.12498144955745273,0.12852492931194287,0.44,0.08,-0.2480662519777752,-0.10112016584994876,0.6966975011051648,0.07313100564844142,-0.008685087307910067
0.6976976976976977,0.12473358376489983,0.12842374459150838,0.44,0.08,-0.2475519205497534,-0.10098261597539704,0.6976984994513524,0.07312231189040973,-0.008685087307902961
0.6986986986986987,0.12448585011691266,0.12832276191259268,0.44,0.08,-0.2463728752466352,-0.10085588515555344,0.69869949779754,0.07311361813237802,-0.008685087307902961
0.6996996996996997,0.1242403447754171,0.1282218309075133,0.44,0.08,-0.24517306567129538,-0.1007240725259777,0.6997004961437276,0.0731049243743463,-0.008685087307902961
0.7007007007007007,0.12399501314860177,0.12812111211774588,0.44,0.08,-0.24447578868412734,-0.1005834695805703,0.7007014944899151,0.0730962306163146,-0.008685087307910067
0.7017017017017017,0.12375090375703046,0.12802046260004468,0.44,0.08,-0.2438429165900189,-0.10045980283138078,0.7017024928361028,0.07308753685828288,-0.008685087307910067
0.7027027027027027,0.12350683914141453,0.12791999139135674,0.44,0.08,-0.24281497186916567,-0.10032213569419213,0.7027034911822904,0.07307884310025117,-0.008685087307910067
0.7037037037037037,0.12326478769723231,0.1278196174835398,0.44,0.08,-0.24179947459301587,-0.10021952931993638,0.7037044895284779,0.07307014934221946,-0.008685087307910067
0.7047047047047047,0.12302275610919629,0.12771935169301854,0.44,0.08,-0.24105144329017492,-0.10011811804272241,0.7047054878746655,0.07306145558418776,-0.008685087307902961
0.7057057057057057,0.12278220222517992,0.12761918081078158,0.44,0.08,-0.24031333013235923,-0.10001359594395609,0.7057064862208531,0.07305276182615605,-0.008685087307902961
0.7067067067067067,0.12254164834116354,0.12751912427371132,0.44,0.08,-0.23947368888097742,-0.09987828531617282,0.7067074845670406,0.07304406806812434,-0.008685087307910067
0.7077077077077077,0.1223027754206134,0.12741922428362207,0.44,0.08,-0.23863377683774445,-0.09977927954526677,0.7077084829132282,0.07303537431009263,-0.008685087307910067
0.7087087087087087,0.12206390304218906,0.12731936595630336,0.44,0.08,-0.23781363055409344,-0.09971013805676421,0.7087094812594158,0.07302668055206092,-0.008685087307910067
0.7097097097097097,0.12182667205614074,0.12721960438761254,0.44,0.08,-0.23698006524073634,-0.09963353901279248,0.7097104796056033,0.07301798679402921,-0.008685087307910067
0.7107107107107107,0.12158946847714255,0.1271198994117332,0.44,0.08,-0.2363208379413706,-0.09951234169219703,0.7107114779517909,0.0730092930359975,-0.008685087307902961
0.7117117117117117,0.12135355726546734,0.12702038048032085,0.44,0.08,-0.2356436714337562,-0.09940677233792883,0.7117124762979785,0.0730005992779658,-0.008685087307902961
0.7127127127127127,0.12111770937517308,0.12692088685450012,0.44,0.08,-0.23477793266367541,-0.09936302523313856,0.7127134746441661,0.07299190551993409,-0.008685087307902961
0.7137137137137137,0.12088353137424876,0.1268214555048791,0.44,0.08,-0.2338626733042588,-0.09932141732139854,0.7137144729903536,0.07298321176190238,-0.008685087307910067
0.7147147147147147,0.12064951583502442,0.126722045178181,0.44,0.08,-0.23333232586817587,-0.0992194271195217,0.7147154713365412,0.07297451800387067,-0.008685087307910067
0.7157157157157157,0.12041639959072889,0.12662281801314834,0.44,0.08,-0.23280595920488878,-0.09911282905822105,0.7157164696827288,0.07296582424583896,-0.008685087307910067
0.7167167167167167,0.12018343783861825,0.12652362109598236,0.44,0.08,-0.23195499410601172,-0.09907930028239775,0.7167174680289163,0.07295713048780725,-0.008685087307902961
0.7177177177177178,0.11995202522815429,0.12642446105562602,0.44,0.08,-0.23097069673675463,-0.09905568345197224,0.717718466375104,0.07294843672977555,-0.008685087307902961
0.7187187187187187,0.11972103404134746,0.12632531141940181,0.44,0.08,-0.23048827583073717,-0.09898941966537933,0.7187194647212916,0.07293974297174384,-0.008000365550998367
0.7197197197197197,0.11949058723850318,0.1262262840392789,0.44,0.08,-0.23010051283461763,-0.09889440676821692,0.719720463067479,0.07293242002440464,-0.007107843589103879
0.7207207207207207,0.11926037235399087,0.12612732461906506,0.44,0.08,-0.22935065404423938,-0.09885633935042648,0.7207214614136667,0.07292551309238855,-0.0069000433840855635
0.7217217217217217,0.11903142676994616,0.12602837344998877,0.44,0.08,-0.22831014814579476,-0.09884809671680017,0.7217224597598543,0.07291860616037246,-0.006900043384078458
0.7227227227227228,0.1188032949803256,0.12592943053154396,0.44,0.08,-0.22777329331253782,-0.09882268853433374,0.7227234581060418,0.07291169922835637,-0.0069000433840855635
0.7237237237237237,0.11857542418073184,0.1258305302296998,0.44,0.08,-0.22751168204666072,-0.09876353472234456,0.7237244564522294,0.07290479229634028,-0.0069000433840855635
0.7247247247247247,0.11834781613738936,0.12573170573730502,0.44,0.08,-0.22696592451161024,-0.09872542382588989,0.724725454798417,0.07289788536432419,-0.006900043384078458
0.7257257257257257,0.11812103794547338,0.1256328817335519,0.44,0.08,-0.2258820551124785,-0.09872429202673061,0.7257264531446045,0.07289097843230812,-0.006900043384078458
0.7267267267267267,0.11789559981083786,0.1255340595070213,0.44,0.08,-0.22517571067596975,-0.09872011477020237,0.7267274514907921,0.07288407150029202,-0.0069000433840855635
0.7277277277277278,0.11767023572189786,0.12543524386614407,0.44,0.08,-0.22502547929162375,-0.0986981583744182,0.7277284498369797,0.07287716456827593,-0.006900043384078458
0.7287287287287287,0.11744509835079454,0.12533646559636177,0.44,0.08,-0.22479117428589035,-0.09867788440318037,0.7287294481831672,0.07287025763625984,-0.006900043384092669
0.7297297297297297,0.11722020334094513,0.1252376905440156,0.44,0.08,-0.22366077978456644,-0.09867627729381923,0.7297304465293548,0.07286335070424375,-0.0069000433840855635
0.7307307307307307,0.11699732902189652,0.12513891549166944,0.44,0.08,-0.22265144472956422,-0.0986767746496966,0.7307314448755424,0.07285644377222766,-0.006900043384071353
0.7317317317317317,0.11677445470284792,0.1250401394436158,0.44,0.08,-0.22260427821566253,-0.0986894472012736,0.73173244322173,0.07284953684021159,-0.006900043384078458
0.7327327327327328,0.11655167481125456,0.12494133902079603,0.44,0.08,-0.222554433919953,-0.09870581610233842,0.7327334415679175,0.0728426299081955,-0.0069000433840855635
0.7337337337337337,0.11632890028058572,0.12484253020216966,0.44,0.08,-0.22161597982122316,-0.09871034918294441,0.7337344399141051,0.0728357229761794,-0.006900043384078458
0.7347347347347347,0.11610799917597683,0.12474372070411346,0.44,0.08,-0.2204231351826067,-0.09871088254133298,0.7347354382602928,0.07282881604416332,-0.0069000433840855635
0.7357357357357357,0.1158876127226626,0.12464491081770254,0.44,0.08,-0.22016606686092643,-0.0987373395004667,0.7357364366064802,0.07282190911214723,-0.0069000433840855635
0.7367367367367368,0.11566722626934835,0.12454604835276117,0.44,0.08,-0.22016606686091222,-0.09879074375395902,0.7367374349526679,0.07281500218013114,-0.006900043384078458
0.7377377377377378,0.11544683981603412,0.12444713155092782,0.44,0.08,-0.2197333035464979,-0.09882023472547985,0.7377384332988555,0.07280809524811505,-0.006900043384071353
0.7387387387387387,0.11522731975574174,0.12434821004500246,0.44,0.08,-0.21868815908229777,-0.09882653990126755,0.738739431645043,0.07280118831609897,-0.006900043384078458
0.7397397397397397,0.11500902568373723,0.12424928062019457,0.44,0.08,-0.21806756414918738,-0.09885098617725419,0.7397404299912306,0.07279428138408288,-0.0069000433840855635
0.7407407407407407,0.11479074805574338,0.12415031017277574,0.44,0.08,-0.21802805851892515,-0.0989319103752706,0.7407414283374182,0.07278737445206679,-0.006900043384078458
0.7417417417417418,0.11457253307408974,0.12405121873756139,0.44,0.08,-0.21799591542407626,-0.09899689329809291,0.7417424266836057,0.0727804675200507,-0.0069000433840855635
0.7427427427427428,0.1143543197966361,0.12395211819420095,0.44,0.08,-0.21710786274202576,-0.09901849548946018,0.7427434250297933,0.07277356058803461,-0.0069000433840855635
0.7437437437437437,0.11413788269822983,0.12385298351135628,0.44,0.08,-0.21622066130787232,-0.09903936819085146,0.7437444233759809,0.07276665365601852,-0.006900043384078458
0.7447447447447447,0.11392144559982356,0.12375384118080586,0.44,0.08,-0.21613349535735438,-0.09913662962621572,0.7447454217221685,0.07275974672400244,-0.006900043384078458
0.7457457457457457,0.11370518300782473,0.12365451178037286,0.44,0.08,-0.21602114989300958,-0.09924273617129131,0.745746420068356,0.07275283979198635,-0.0069000433840855635
0.7467467467467468,0.11348897082526298,0.12355515702430678,0.44,0.08,-0.2155881377329294,-0.09928228748763956,0.7467474184145436,0.07274593285997026,-0.0069000433840855635
0.7477477477477478,0.1132735751244755,0.12345574844205925,0.44,0.08,-0.21484456243247507,-0.09932046312739828,0.7477484167607312,0.07273902592795417,-0.006900043384078458
0.7487487487487487,0.11305885158115392,0.12335631725828597,0.44,0.08,-0.21445607524780996,-0.09941193773409651,0.7487494151069187,0.07273211899593808,-0.0069000433840855635
0.7497497497497497,0.11284423363248791,0.1232567255436927,0.44,0.08,-0.21428350115253636,-0.09953579082434771,0.7497504134531063,0.07272521206392199,-0.006900043384078458
0.7507507507507507,0.11262985558285056,0.12315704640578477,0.44,0.08,-0.21412747584414404,-0.09961414937648527,0.7507514117992939,0.07271830513190591,-0.006900043384078458
0.7517517517517518,0.1124155499971643,0.12305729781721327,0.44,0.08,-0.21351583803630803,-0.09967815378709588,0.7517524101454814,0.07271139819988982,-0.0069000433840855635
0.7527527527527528,0.11220239644764271,0.12295749054234713,0.44,0.08,-0.21294039597207615,-0.09976494155215931,0.752753408491669,0.07270449126787373,-0.0069000433840855635
0.7537537537537538,0.11198924289812112,0.12285756820449624,0.44,0.08,-0.21276437443601992,-0.09990213967796535,0.7537544068378567,0.07269758433585764,-0.0069000433840855635
0.7547547547547547,0.1117764417440671,0.12275748625870757,0.44,0.08,-0.2125442973094991,-0.10001352461057422,0.7547554051840442,0.07269067740384155,-0.006900043384078458
0.7557557557557557,0.1115637287893934,0.1226573409279986,0.44,0.08,-0.2122363974695105,-0.10010804994261235,0.7557564035302318,0.07268377047182546,-0.006900043384078458
0.7567567567567568,0.11135154405143545,0.12255706974230594,0.44,0.08,-0.21174394562787313,-0.10020601596323786,0.7567574018764194,0.07267686353980939,-0.006900043384071353
0.7577577577577578,0.11113981698633456,0.12245672828342753,0.44,0.08,-0.21144878362949981,-0.10034472440389663,0.7577584002226069,0.0726699566077933,-0.0069000433840855635
0.7587587587587588,0.11092822316328832,0.12235617940315902,0.44,0.08,-0.2111939750051519,-0.10046535535794732,0.7587593985687945,0.0726630496757772,-0.006900043384078458
0.7597597597597597,0.11071700622556349,0.12225559644086907,0.44,0.08,-0.21100572078710655,-0.10060824813645297,0.7597603969149821,0.07265614274376112,-0.0069000433840855635
0.7607607607607607,0.11050578928783866,0.12215476148897192,0.44,0.08,-0.21062702002851807,-0.1007450675684538,0.7607613952611696,0.07264923581174502,-0.0069000433840855635
0.7617617617617618,0.11029533050979068,0.12205390461390521,0.44,0.08,-0.21024103067320965,-0.1008718538051312,0.7617623936073572,0.07264232887972893,-0.006900043384071353
0.7627627627627628,0.11008488632352792,0.12195281583570837,0.44,0.08,-0.21004211571023035,-0.10101711583646988,0.7627633919535448,0.07263542194771286,-0.006900043384078458
0.7637637637637638,0.10987482577363407,0.12185166814576413,0.44,0.08,-0.20976546607774793,-0.10117827625803955,0.7637643902997324,0.07262851501569677,-0.006900043384078458
0.7647647647647647,0.10966493544048939,0.12175025672408067,0.44,0.08,-0.2095640189337331,-0.10135001677492284,0.7647653886459199,0.07262160808368068,-0.006900043384092669
0.7657657657657657,0.10945527818818117,0.12164876520927781,0.44,0.08,-0.20927162910738417,-0.10149437722302679,0.7657663869921075,0.07261470115166459,-0.0069000433840855635
0.7667667667667668,0.10924597322005418,0.12154706477768823,0.44,0.08,-0.20906788422463052,-0.10163000221372442,0.7667673853382951,0.0726077942196485,-0.006900043384078458
0.7677677677677678,0.10903672386540912,0.12144530174138243,0.44,0.08,-0.2087823147734582,-0.10184035415412751,0.7677683836844826,0.0726008872876324,-0.006900043384092669
0.7687687687687688,0.10882799060789511,0.12134318018478708,0.44,0.08,-0.2085245242565108,-0.10209117951023217,0.7687693820306702,0.07259398035561632,-0.006900043384078458
0.7697697697697697,0.10861925735038108,0.12124091499561622,0.44,0.08,-0.20835734229670066,-0.10224138071504285,0.7697703803768579,0.07258707342360024,-0.006900043384071353
0.7707707707707707,0.1084108587914853,0.12113849273590811,0.44,0.08,-0.20814573798044478,-0.1023638224890675,0.7707713787230454,0.07258016649158415,-0.0069000433840855635
0.7717717717717718,0.10820254916623605,0.12103598241806053,0.44,0.08,-0.2079667661705784,-0.10258840941541791,0.771772377069233,0.07257325955956806,-0.0069000433840855635
0.7727727727727728,0.1079945089092619,0.12093311053487622,0.44,0.08,-0.20768538194461428,-0.1029031536867322,0.7727733754154206,0.07256635262755197,-0.006900043384078458
0.7737737737737738,0.1077867626157964,0.12082997009836738,0.44,0.08,-0.20751554166780295,-0.10308739069081696,0.7737743737616081,0.07255944569553588,-0.006900043384092669
0.7747747747747747,0.10757906237939643,0.12072672937233205,0.44,0.08,-0.20737175899121496,-0.1031836698438724,0.7747753721077957,0.07255253876351979,-0.006900043384078458
0.7757757757757757,0.1073716039391373,0.12062339618476603,0.44,0.08,-0.20725098181889479,-0.10340699801975006,0.7757763704539833,0.07254563183150371,-0.006900043384071353
0.7767767767767768,0.10716414549887814,0.12051970835527549,0.44,0.08,-0.20702950659386232,-0.10378417351536484,0.7767773688001709,0.07253872489948762,-0.006900043384078458
0.7777777777777778,0.10695713045246288,0.12041562006161212,0.44,0.08,-0.20676541094749012,-0.10401307676205107,0.7777783671463584,0.07253181796747153,-0.0069000433840855635
0.7787787787787788,0.1067502007322165,0.1203114739673635,0.44,0.08,-0.20667732512714565,-0.10407961800073195,0.778779365492546,0.07252491103545544,-0.006900043384078458
0.7797797797797797,0.10654336203378993,0.12020725245800706,0.44,0.08,-0.20658840424980696,-0.10430012754079598,0.7797803638387336,0.07251800410343935,-0.006900043384078458
0.7807807807807807,0.106336610333318,0.12010266490321776,0.44,0.08,-0.20650245506964637,-0.1047564076017764,0.7807813621849211,0.07251109717142326,-0.006900043384078458
0.7817817817817818,0.10612994370532218,0.11999752992026576,0.44,0.08,-0.20626895022825664,-0.10504120051672317,0.7817823605311087,0.07250419023940718,-0.006900043384071353
0.7827827827827828,0.10592365948201016,0.11989237220949057,0.44,0.08,-0.20607793908871486,-0.10507067124143532,0.7827833588772963,0.0724972833073911,-0.0069000433840855635
0.7837837837837838,0.10571737525869813,0.11978717822608871,0.44,0.08,-0.2060363221997008,-0.10529238028944832,0.7837843572234838,0.072490376375375,-0.006900043384092669
0.7847847847847848,0.10551117435248124,0.11968157665335555,0.44,0.08,-0.20598720999279152,-0.10583429595975247,0.7847853555696714,0.07248346944335891,-0.006900043384078458
0.7857857857857857,0.10530498845190578,0.11957529775369682,0.44,0.08,-0.2058786254187268,-0.10617453655888198,0.785786353915859,0.07247656251134282,-0.006900043384078458
0.7867867867867868,0.10509900493222353,0.11946901501860302,0.44,0.08,-0.2056810589883895,-0.10617645235869588,0.7867873522620465,0.07246965557932673,-0.006900043384078458
0.7877877877877878,0.10489321456003711,0.11936273228350923,0.44,0.08,-0.2055816397327206,-0.10641139144040324,0.7877883506082342,0.07246274864731066,-0.007011893449586637
0.7887887887887888,0.10468743007790378,0.11925597919990352,0.44,0.08,-0.20556448187939225,-0.10701958367963726,0.7887893489544218,0.07245561779183338,-0.009709795413861855
0.7897897897897898,0.10448167405577406,0.11914847886272918,0.44,0.08,-0.2055502661075863,-0.10740051193717193,0.7897903473006093,0.07244330966900846,-0.012295847312635999
0.7907907907907907,0.10427591803364435,0.11904096315998927,0.44,0.08,-0.20544805717733539,-0.1074172951811434,0.7907913456467969,0.07243100154618354,-0.012295847312628894
0.7917917917917918,0.1040703666339976,0.1189334292227269,0.44,0.08,-0.2053250443004231,-0.10769527955567071,0.7917923439929845,0.07241869342335862,-0.012295847312614683
0.7927927927927928,0.10386485688389373,0.11882535699471264,0.44,0.08,-0.2053030930003743,-0.10830398855990353,0.792793342339172,0.07240638530053371,-0.012295847312628894
0.7937937937937938,0.10365934943079366,0.11871660442080517,0.44,0.08,-0.20530073937572269,-0.10867803292693878,0.7937943406853596,0.0723940771777088,-0.012295847312635999
0.7947947947947948,0.10345384439265104,0.11860778335521928,0.44,0.08,-0.20529247527241523,-0.10874719034774927,0.7947953390315472,0.07238176905488387,-0.012295847312643104
0.7957957957957957,0.10324835348430235,0.1184988923280169,0.44,0.08,-0.20524347395772935,-0.10911105861056569,0.7957963373777348,0.07236946093205894,-0.012295847312635999
0.7967967967967968,0.10304294654688982,0.11838934279744036,0.44,0.08,-0.20520153047510092,-0.10971201997337232,0.7967973357239223,0.07235715280923403,-0.012295847312628894
0.7977977977977978,0.10283753960947731,0.1182792486443865,0.44,0.08,-0.20520153047509382,-0.11006583113068302,0.7977983340701099,0.07234484468640912,-0.012295847312628894
0.7987987987987988,0.10263213267206481,0.11816899078316472,0.44,0.08,-0.2052015304750867,-0.11020170098476001,0.7987993324162975,0.0723325365635842,-0.012295847312635999
0.7997997997997998,0.10242672573465231,0.118058624618391,0.44,0.08,-0.20521748550714136,-0.11065828330513483,0.799800330762485,0.07232022844075928,-0.012295847312635999
0.8008008008008007,0.10222128685523371,0.11794745267844974,0.44,0.08,-0.20525255960841804,-0.11123962377951813,0.8008013291086726,0.07230792031793436,-0.012295847312628894
0.8018018018018018,0.10201580969940022,0.11783592266888246,0.44,0.08,-0.20527180193310812,-0.11158073452802597,0.8018023274548602,0.07229561219510944,-0.012295847312628894
0.8028028028028028,0.10181033229680905,0.11772406782453976,0.44,0.08,-0.20527291107465118,-0.11183402628558525,0.8028033258010477,0.07228330407228452,-0.012295847312635999
0.8038038038038038,0.101604852920472,0.11761203072436678,0.44,0.08,-0.20527389696071197,-0.11233520019586507,0.8038043241472353,0.0722709959494596,-0.012295847312628894
0.8048048048048048,0.10139937354413496,0.11749917252885234,0.44,0.08,-0.20535911990265987,-0.11286194255331594,0.804805322493423,0.07225868782663468,-0.012295847312628894
0.8058058058058059,0.10119372355129751,0.1173860808894252,0.44,0.08,-0.20547017632729592,-0.1132416225403361,0.8058063208396105,0.07224637970380976,-0.012295847312635999
0.8068068068068068,0.10098802183977598,0.1172724625738166,0.44,0.08,-0.20550169335939472,-0.11363429723931517,0.8068073191857981,0.07223407158098484,-0.012295847312628894
0.8078078078078078,0.10078230874977721,0.11715858479885602,0.44,0.08,-0.20551502955565581,-0.1141377272002515,0.8078083175319857,0.07222176345815992,-0.012295847312628894
0.8088088088088088,0.10057658033916406,0.11704395861545774,0.44,0.08,-0.2055375414411671,-0.11466569798957238,0.8088093158781733,0.072209455335335,-0.012295847312628894
0.8098098098098098,0.10037082218032543,0.11692902384191994,0.44,0.08,-0.20571180439562653,-0.11507131767997691,0.8098103142243608,0.07219714721251008,-0.012295847312635999
0.8108108108108109,0.10016474489492856,0.11681358560708942,0.44,0.08,-0.20587120811146065,-0.11556921248674712,0.8108113125705484,0.07218483908968516,-0.012295847312635999
0.8118118118118118,0.0999586676095317,0.11669765404715167,0.44,0.08,-0.2059005853931879,-0.11607377170567901,0.811812310916736,0.07217253096686024,-0.012295847312628894
0.8128128128128128,0.09975253151075802,0.11658120568375473,0.44,0.08,-0.2059398427023993,-0.11665288276076069,0.8128133092629235,0.07216022284403532,-0.012295847312643104
0.8138138138138138,0.09954637563214953,0.11646411474232532,0.44,0.08,-0.20604224601638066,-0.11717011459602134,0.8138143076091111,0.0721479147212104,-0.012295847312628894
0.8148148148148148,0.09934003452173626,0.1163466308797587,0.44,0.08,-0.20626666746827738,-0.11770279138204387,0.8148153059552987,0.07213560659838548,-0.012295847312628894
0.8158158158158159,0.09913342935093176,0.11622847351833725,0.44,0.08,-0.20640499526822964,-0.11818555127455,0.8158163043014862,0.07212329847556057,-0.012295847312635999
0.8168168168168168,0.09892681130798603,0.11611002316949931,0.44,0.08,-0.20648407759618692,-0.11890204304494034,0.8168173026476738,0.07211099035273565,-0.012295847312635999
0.8178178178178178,0.09872004781420267,0.11599043139011915,0.44,0.08,-0.20655673028958432,-0.11959928360017358,0.8178183009938614,0.07209868222991073,-0.012295847312628894
0.8188188188188188,0.09851328432041931,0.11587058516429377,0.44,0.08,-0.20675341043160955,-0.11998648596295425,0.8188192993400489,0.07208637410708581,-0.012295847312635999
0.8198198198198198,0.09830612707259785,0.11575021820500814,0.44,0.08,-0.20701491273971584,-0.12063527497475235,0.8198202976862365,0.07207406598426089,-0.012295847312628894
0.8208208208208209,0.09809884005067013,0.11562907310228225,0.44,0.08,-0.20713680976030702,-0.12135916302132443,0.8208212960324242,0.07206175786143597,-0.012295847312635999
0.8218218218218218,0.0978914387647694,0.11550725691767813,0.44,0.08,-0.20726990966412018,-0.12193576615342039,0.8218222943786117,0.07204944973861105,-0.012295847312635999
0.8228228228228228,0.0976838852765678,0.11538495745432746,0.44,0.08,-0.20737688814348587,-0.12238096566716905,0.8228232927247993,0.07203714161578613,-0.012295847312628894
0.8238238238238238,0.0974762698195372,0.11526224997940553,0.44,0.08,-0.20766219750218795,-0.12322664436086228,0.8238242910709869,0.07202483349296121,-0.012295847312628894
0.8248248248248248,0.09726814514142829,0.11513825746561702,0.44,0.08,-0.20791655343082027,-0.1240292255144837,0.8248252894171744,0.07201252537013629,-0.012295847312635999
0.8258258258258259,0.09706002046331934,0.11501394322161879,0.44,0.08,-0.20807673047327313,-0.12437225619747494,0.825826287763362,0.07200021724731137,-0.012295847312628894
0.8268268268268268,0.09685157511045074,0.11488926395971616,0.44,0.08,-0.20827832833271742,-0.12516573775636175,0.8268272861095496,0.07198790912448645,-0.012295847312635999
0.8278278278278278,0.09664304683302362,0.1147633611640485,0.44,0.08,-0.20846316358723982,-0.1261338058668926,0.8278282844557372,0.07197560100166153,-0.015667985503903026
0.8288288288288288,0.09643423143960542,0.11463674382785052,0.44,0.08,-0.20875882526784295,-0.12664526819556698,0.8288292828019247,0.07195654186933145,-0.019359132095090104
0.8298298298298298,0.09622511124690182,0.11450981708357691,0.44,0.08,-0.20896296200825049,-0.12717279413037375,0.8298302811481123,0.07193684408323991,-0.019678140494995944
0.8308308308308309,0.09601588717132062,0.11438214363940133,0.44,0.08,-0.209247873685797,-0.1283180113633975,0.8308312794942999,0.07191714629714838,-0.01967814049498884
0.8318318318318318,0.09580619658486818,0.11425292416793446,0.44,0.08,-0.20948089586599394,-0.12914169206160864,0.8318322778404874,0.07189744851105684,-0.019678140495010155
0.8328328328328328,0.09559650599841574,0.11412360171335206,0.44,0.08,-0.20973973297056858,-0.12927762422293654,0.832833276186675,0.07187775072496529,-0.01967814049500305
0.8338338338338338,0.09538629721956174,0.11399411010542608,0.44,0.08,-0.21003205516202428,-0.13060285457590481,0.8338342745328626,0.07185805293887375,-0.019678140494995944
0.8348348348348348,0.09517602140349678,0.11386213453702394,0.44,0.08,-0.2102937197720962,-0.13184687915753557,0.8348352728790501,0.07183835515278221,-0.01967814049500305
0.8358358358358359,0.09496528877156954,0.11373015238939498,0.44,0.08,-0.21067710522164873,-0.13193367908301212,0.8358362712252377,0.07181865736669067,-0.01967814049500305
0.8368368368368369,0.09475424541706703,0.11359800304736824,0.44,0.08,-0.21092261909768695,-0.13303903262516314,0.8368372695714253,0.07179895958059912,-0.01967814049500305
0.8378378378378378,0.09454302126586847,0.11346380797973499,0.44,0.08,-0.21121094203189017,-0.13439287893356067,0.8378382679176128,0.07177926179450758,-0.01967814049500305
0.8388388388388388,0.09433140068827447,0.11332894823468843,0.44,0.08,-0.21142851210046132,-0.1347451526182155,0.8388392662638005,0.07175956400841604,-0.019678140494995944
0.8398398398398398,0.09411974096136305,0.11319404791443327,0.44,0.08,-0.21195011413456655,-0.13572202719800686,0.8398402646099881,0.0717398662223245,-0.01967814049500305
0.8408408408408409,0.0939070761354525,0.11305723246452226,0.44,0.08,-0.21245216108461307,-0.13714316553949146,0.8408412629561757,0.07172016843623295,-0.019678140494995944
0.8418418418418419,0.09369441130954198,0.1129194870224623,0.44,0.08,-0.21264862050851008,-0.1377132466094011,0.8418422613023632,0.07170047065014142,-0.01967814049500305
0.8428428428428428,0.0934813531714715,0.11278153026910806,0.44,0.08,-0.21290279302940007,-0.1386503073285681,0.8428432596485508,0.07168077286404988,-0.019678140494995944
0.8438438438438438,0.09326817949166531,0.11264190882961231,0.44,0.08,-0.21329702532982964,-0.14002802698077232,0.8438442579947384,0.07166107507795834,-0.01967814049498884
0.8448448448448448,0.09305433209974014,0.11250119387875616,0.44,0.08,-0.21395199985078506,-0.1408265959674111,0.8448452563409259,0.0716413772918668,-0.019678140495010155
0.8458458458458459,0.09283984715963171,0.11235997370255044,0.44,0.08,-0.2143242040346749,-0.1418531657890938,0.8458462546871135,0.07162167950577525,-0.01967814049500305
0.8468468468468469,0.0926252546141852,0.11221720355685605,0.44,0.08,-0.21452442064298083,-0.1432164548444277,0.8468472530333011,0.07160198171968371,-0.019678140494995944
0.8478478478478478,0.09241036884002615,0.11207325407323226,0.44,0.08,-0.21469230569102393,-0.14413070885798618,0.8478482513794886,0.07158228393359217,-0.019678140494995944
0.8488488488488488,0.09219544018837736,0.11192865358917241,0.44,0.08,-0.21547665823334938,-0.1452623314999073,0.8488492497256762,0.07156258614750063,-0.01967814049500305
0.8498498498498498,0.0919789841388583,0.11178243859475398,0.44,0.08,-0.21623959346955957,-0.1466205704637531,0.8498502480718638,0.07154288836140908,-0.01967814049500305
0.8508508508508509,0.0917625280893392,0.1116351189135693,0.44,0.08,-0.21635062808852012,-0.1476205766244192,0.8508512464180513,0.07152319057531754,-0.01967814049500305
0.8518518518518519,0.09154584974829068,0.1114869019048152,0.44,0.08,-0.21648900343456035,-0.14903014533079073,0.8518522447642389,0.071503492789226,-0.02236308684429389
0.8528528528528528,0.0913291166710518,0.1113367602642584,0.44,0.08,-0.21706703097989077,-0.15055638680651384,0.8528532431104265,0.07147841974942397,-0.02814221285503038
0.8538538538538538,0.09111128111770032,0.11118548771701438,0.44,0.08,-0.21801588484229484,-0.1517334239803887,0.853854241456614,0.07144715217217411,-0.03123639251649024
0.8548548548548548,0.0908926484331293,0.11103298964567905,0.44,0.08,-0.2184371952573656,-0.15316664057177576,0.8548552398028016,0.07141588459492423,-0.031236392516483136
0.8558558558558559,0.09067396941548338,0.11087884779594977,0.44,0.08,-0.2184984808873196,-0.15468201171255913,0.8558562381489893,0.07138461701767437,-0.03123639251647603
0.8568568568568569,0.09045521403695847,0.11072331594855679,0.44,0.08,-0.21873580937808157,-0.15602879037292894,0.8568572364951768,0.07135334944042451,-0.031236392516483136
0.8578578578578578,0.09023605988719895,0.11056647784525321,0.44,0.08,-0.2198667301327788,-0.15740028328806943,0.8578582348413644,0.07132208186317465,-0.031236392516483136
0.8588588588588588,0.09001504040305902,0.1104082002662984,0.44,0.08,-0.22079846465578612,-0.15901347444988545,0.858859233187552,0.07129081428592478,-0.031236392516483136
0.8598598598598598,0.0897940209189191,0.11024813255105925,0.44,0.08,-0.22079846465579323,-0.1605886361664659,0.8598602315337396,0.07125954670867492,-0.031236392516468925
0.8608608608608609,0.08957300143477914,0.11008670149519437,0.44,0.08,-0.22079846465578612,-0.16200226196612277,0.8608612298799271,0.07122827913142506,-0.03123639251647603
0.8618618618618619,0.08935198195063922,0.1099238036982742,0.44,0.08,-0.22183551194940065,-0.1637654212781996,0.8618622282261147,0.0711970115541752,-0.03123639251647603
0.8628628628628628,0.08912888629574131,0.10975884279393672,0.44,0.08,-0.22310294892338334,-0.16535523697608312,0.8628632265723023,0.07116574397692534,-0.03123639251649024
0.8638638638638638,0.08890532940024207,0.10959276218280659,0.44,0.08,-0.22335473693227925,-0.16717497093044642,0.8638642249184898,0.07113447639967546,-0.03123639251649024
0.8648648648648649,0.08868172966524625,0.10942415816744934,0.44,0.08,-0.22338696315171092,-0.16911044203244074,0.8648652232646774,0.0711032088224256,-0.03123639251647603
0.8658658658658659,0.08845810825279117,0.10925420273929817,0.44,0.08,-0.22404388016188648,-0.17051739899263652,0.865866221610865,0.07107194124517574,-0.03123639251647603
0.8668668668668669,0.08823319336862587,0.10908278199328991,0.44,0.08,-0.2253097165179625,-0.17269677467308497,0.8668672199570525,0.07104067366792588,-0.03186591213199108
0.8678678678678678,0.08800703774925171,0.10890846345066336,0.44,0.08,-0.22598430139090908,-0.17446536368254328,0.8678682183032401,0.07100814579448798,-0.04196217951930237
0.8688688688688688,0.08778077234482025,0.10873350198591746,0.44,0.08,-0.22612825542360326,-0.17658556565825023,0.8688692166494277,0.07095666552332339,-0.0514289272910915
0.8698698698698699,0.08755432852918443,0.10855493879469089,0.44,0.08,-0.22653499459991622,-0.17888091724007182,0.8698702149956152,0.0709051852521588,-0.0514289272910986
0.8708708708708709,0.08732724883210768,0.10837538203148286,0.44,0.08,-0.22778458118075662,-0.18058058766902008,0.8708712133418028,0.0708537049809942,-0.051428927291112814
0.8718718718718719,0.08709830334163537,0.10819341609665482,0.44,0.08,-0.22875769821732206,-0.1831253640682604,0.8718722116879905,0.0708022247098296,-0.051428927291112814
0.8728728728728729,0.08686927546230325,0.10800876468600087,0.44,0.08,-0.22903084216261504,-0.18501606150184813,0.8728732100341781,0.070750744438665,-0.0514289272910915
0.8738738738738738,0.08663978313710563,0.1078230135711256,0.44,0.08,-0.22932638072745704,-0.18766697716866076,0.8738742083803656,0.07069926416750041,-0.05142892729110571
0.8748748748748749,0.086410163588975,0.10763305502199955,0.44,0.08,-0.23054470627314316,-0.19016260396254836,0.8748752067265532,0.07064778389633582,-0.051428927291112814
0.8758758758758759,0.0861782321735958,0.10744230765728663,0.44,0.08,-0.23169948396383688,-0.19251402178843335,0.8758762050727408,0.0705963036251712,-0.05142892729110571
0.8768768768768769,0.08594630075821659,0.10724764156496566,0.44,0.08,-0.23210973560716752,-0.1951985547839996,0.8768772034189283,0.07054482335400662,-0.05331297891182629
0.8778778778778779,0.0857135480182261,0.10705151975982116,0.44,0.08,-0.23253019440993938,-0.19773530551439222,0.8778782017651159,0.07048957121772907,-0.05597598539178961
0.8788788788788788,0.08548077484348199,0.10685177508745938,0.44,0.08,-0.23360275930764374,-0.20059343591618273,0.8788792001113035,0.07043275961639982,-0.05675494025102523
0.8798798798798799,0.085245874826419,0.1066499312995285,0.44,0.08,-0.23477430979865233,-0.20347292103464554,0.879880198457491,0.07037594801507056,-0.05675494025104655
0.8808808808808809,0.08501075620524642,0.1064444218921948,0.44,0.08,-0.23538711056697537,-0.20667008071101378,0.8808811968036786,0.0703191364137413,-0.05675494025103234
0.8818818818818819,0.08477462935981846,0.10623617738419115,0.44,0.08,-0.23597371914558352,-0.2098049758320144,0.8818821951498662,0.07026232481241204,-0.05675494025103234
0.8828828828828829,0.08453833634709712,0.10602439191054915,0.44,0.08,-0.23696626462105286,-0.2131585085715244,0.8828831934960537,0.07020551321108277,-0.05675494025103944
0.8838838838838838,0.08430022242364019,0.10580943362328721,0.44,0.08,-0.23807492591347312,-0.21646273568314456,0.8838841918422413,0.07014870160975352,-0.05675494025103944
0.8848848848848849,0.08406170986879186,0.10559103308035266,0.44,0.08,-0.23889286729011872,-0.21991136891780627,0.8848851901884289,0.07009189000842425,-0.05743827043730931
0.8858858858858859,0.08382195842506135,0.10536917062245074,0.44,0.08,-0.23966518509039503,-0.22352620565453662,0.8858861885346164,0.07003371038232228,-0.06040268941331561
0.8868868868868869,0.0835818996884307,0.10514353316913237,0.44,0.08,-0.24065358947132154,-0.22739324890617496,0.886887186880804,0.06997096402400824,-0.06268377820305204
0.8878878878878879,0.08334016945715081,0.10491392888289884,0.44,0.08,-0.24170363474561185,-0.23116163729229555,0.8878881852269916,0.06990821766569419,-0.06268377820304494
0.8888888888888888,0.08309800852777885,0.10468074710848714,0.44,0.08,-0.24272407494675718,-0.23511221471782306,0.8888891835731791,0.06984547130738016,-0.06268377820305915
0.8898898898898899,0.08285423537317331,0.10444323375833862,0.44,0.08,-0.24372272203988388,-0.23947692575876545,0.8898901819193668,0.06978272494906611,-0.06268377820304494
0.8908908908908909,0.0826100751503216,0.10420131382368479,0.44,0.08,-0.24473950384928855,-0.24394803689718003,0.8908911802655544,0.06971997859075207,-0.06268377820304494
0.8918918918918919,0.08236426639649806,0.10395484930008603,0.44,0.08,-0.24572689089353617,-0.24853940508281624,0.891892178611742,0.06965723223243803,-0.06268377820304494
0.8928928928928929,0.08211812942280701,0.10370373743713261,0.44,0.08,-0.24701240382262313,-0.253235334738271,0.8928931769579295,0.06959448587412399,-0.06565243840461932
0.8938938938938938,0.08186974706952585,0.10344787165296236,0.44,0.08,-0.24829074226363446,-0.2583882078177737,0.8938941753041171,0.06952579626790563,-0.07099837501149864
0.8948948948948949,0.08162105085971663,0.10318644372778772,0.44,0.08,-0.2492212001433245,-0.2634343375749708,0.8948951736503047,0.06945234736218694,-0.07337565141681779
0.8958958958958959,0.08137080572789755,0.10292047558174118,0.44,0.08,-0.2500686233930196,-0.2689032843942911,0.8958961719964922,0.06937889845646827,-0.073375651416832
0.8968968968968969,0.08112041297504594,0.10264809881408545,0.44,0.08,-0.251581203691579,-0.2752839960418285,0.8968971703426798,0.06930544955074959,-0.0733756514168249
0.8978978978978979,0.08086713965444094,0.10236935647054635,0.44,0.08,-0.25309961928338254,-0.28099605656794324,0.8978981686888674,0.0692320006450309,-0.0733756514168249
0.8988988988988988,0.08061370703053466,0.10208554414628176,0.44,0.08,-0.25378732756310285,-0.28739354708182674,0.8988991670350549,0.06915855173931224,-0.073375651416832
0.8998998998998999,0.08035905691657685,0.10179399401392607,0.44,0.08,-0.2547856043554404,-0.2947248297293399,0.8999001653812425,0.06908510283359355,-0.08335968093324198
0.9009009009009009,0.08010362574053376,0.10149550444712391,0.44,0.08,-0.25652327089935056,-0.30173336830664965,0.9009011637274301,0.06899166593380643,-0.09335873135091077
0.9019019019019019,0.07984549681467627,0.10118992320650537,0.44,0.08,-0.25806226622572126,-0.3093829006222606,0.9019021620736176,0.06889819896222468,-0.0933737522521767
0.9029029029029029,0.0795869845669087,0.10087611926069297,0.44,0.08,-0.25859587278311835,-0.3178700060472579,0.9029031604198052,0.06880473199064292,-0.0933737522521767
0.9039039039039038,0.07932778735965502,0.10055354681802238,0.44,0.08,-0.2599573972971143,-0.32660940673113714,0.9039041587659928,0.06871126501906116,-0.0933737522521767
0.9049049049049049,0.07906654933708462,0.10022224657454454,0.44,0.08,-0.2619928665821263,-0.33539481979523345,0.9049051571121804,0.0686177980474794,-0.0957945928884456
0.9059059059059059,0.07880327711624735,0.0998820857173312,0.44,0.08,-0.26325014878813846,-0.3446617922034534,0.905906155458368,0.06851948456095107,-0.09865619469206166
0.9069069069069069,0.07853952201218345,0.09953223297653965,0.44,0.08,-0.26360931193655546,-0.3549869015006948,0.9069071538045556,0.0684202886720236,-0.09909695585938749
0.9079079079079079,0.078275530746004,0.09917140122984235,0.44,0.08,-0.265725706042403,-0.36610031561369283,0.9079081521507432,0.06832109278309613,-0.09909695585938039
0.9089089089089089,0.07800753861670318,0.09879929941174749,0.44,0.08,-0.2680933147763298,-0.3776829270652726,0.9089091504969307,0.06822189689416866,-0.09909695585938749
0.9099099099099099,0.07773880739309844,0.09841527925373567,0.44,0.08,-0.26861694688543736,-0.39003477284379073,0.9099101488431183,0.06812270100524119,-0.10533166516565728
0.9109109109109109,0.07746976695126682,0.0980184490156638,0.44,0.08,-0.2694892457581446,-0.4033551769653556,0.9109111471893059,0.06801102324890464,-0.11162282601495122
0.9119119119119119,0.07719928938357264,0.09760776138193318,0.44,0.08,-0.27219756853155275,-0.4178999638423946,0.9119121455354934,0.0678992324767657,-0.11167927755796825
0.9129129129129129,0.07692482687412659,0.09718181245141477,0.44,0.08,-0.2741880469365938,-0.43395146816698116,0.912913143881681,0.06778744170462675,-0.11167927755796114
0.9139139139139139,0.07665036436468056,0.09673898967389119,0.44,0.08,-0.2741880469366009,-0.44813937398741643,0.9139141422278686,0.06767565093248781,-0.11160798488008083
0.914914914914915,0.07637590185523449,0.09628463652751601,0.44,0.08,-0.2764357344705033,-0.45430567615131423,0.9149151405740561,0.06756400288805416,-0.11150361258103203
0.9159159159159159,0.07609693947084568,0.09582946880071534,0.44,0.08,-0.2794121734918491,-0.45483614373069514,0.9159161389202437,0.06745242106891272,-0.1114705329598209
0.9169169169169169,0.07581651812452009,0.09537405365718431,0.44,0.08,-0.28019568399258077,-0.45517843558798887,0.9169171372664313,0.06734083924977129,-0.1114705329598138
0.9179179179179179,0.07553598715054022,0.09491820066140008,0.44,0.08,-0.28117893518086134,-0.4557238233255987,0.9179181356126188,0.06722925743062987,-0.11147783971492942
0.9189189189189189,0.07525359733336723,0.09446169365052647,0.44,0.08,-0.2840661049629034,-0.45647835810896,0.9189191339588064,0.0671176609833889,-0.11149774758558095
0.91991991991992,0.07496728623970357,0.09400433007459534,0.44,0.08,-0.2862226562294339,-0.45742180408137045,0.919920132304994,0.06700603930875625,-0.11151034870113818
0.9209209209209209,0.07468057900257755,0.09354593428299617,0.44,0.08,-0.2865320570516019,-0.45854811113096616,0.9209211306511815,0.06689441763412361,-0.11151034870114529
0.9219219219219219,0.07439364848784852,0.09308631583809693,0.44,0.08,-0.28931544659516106,-0.45986466537489434,0.9219221289973691,0.06678279595949096,-0.11164484254366158
0.9229229229229229,0.07410136889928394,0.09262528430226567,0.44,0.08,-0.2922804410512754,-0.4613714668131408,0.9229231273435567,0.06667090502863046,-0.11420484047711454
0.9239239239239239,0.07380850245971785,0.09216264923787044,0.44,0.08,-0.2929766419622766,-0.463119338504157,0.9239241256897444,0.06655415824660255,-0.11663034456805832
0.924924924924925,0.07351482907553562,0.09169811845941449,0.44,0.08,-0.2951689324280409,-0.4650721716940396,0.9249251240359319,0.06643741146457463,-0.11663034456807253
0.9259259259259259,0.07321757366606808,0.09123157381906352,0.44,0.08,-0.29787786078043155,-0.4671759427540323,0.9259261223821195,0.0663206646825467,-0.11663034456806542
0.9269269269269269,0.07291847700190114,0.09076283128673376,0.44,0.08,-0.2996347443511169,-0.469466760438074,0.9269271207283071,0.06620391790051879,-0.1266148133348537
0.9279279279279279,0.0726177043080078,0.09029170042479313,0.44,0.08,-0.3016294689236716,-0.4719478253164837,0.9279281190744946,0.06606718224504461,-0.13738033922913218
0.9289289289289289,0.07231461420125317,0.0898179907956097,0.44,0.08,-0.3041306731392197,-0.4746434973968263,0.9289291174206822,0.06592888291578469,-0.13816139635659397
0.92992992992993,0.07200883409151285,0.08934146319276742,0.44,0.08,-0.3065660614288035,-0.47759286806461887,0.9299301157668698,0.06579058358652477,-0.13973745870814014
0.9309309309309309,0.0717008683325268,0.08886184891760242,0.44,0.08,-0.3086077776577554,-0.4807196396533797,0.9309311141130573,0.06564912898565009,-0.1432774767367846
0.9319319319319319,0.07139100070280864,0.0883790615117797,0.44,0.08,-0.31124083578257,-0.4839847207775847,0.9319321124592449,0.06550374255200589,-0.14524143241387577
0.9329329329329329,0.07107776355618534,0.08789291053766733,0.44,0.08,-0.314274127071279,-0.48744004909612215,0.9329331108054325,0.06535835611836167,-0.14753810484010188
0.933933933933934,0.0707618232712345,0.08740320555763328,0.44,0.08,-0.316560696900801,-0.49108562460897076,0.93393410915162,0.0652083717541167,-0.16484206707138327
0.934934934934935,0.07044400840723475,0.08690975613404574,0.44,0.08,-0.3190688540064812,-0.49499674293262785,0.9349351074978076,0.0650283428453205,-0.17984935687641723
0.9359359359359359,0.07012304678673706,0.08641222108729772,0.44,0.08,-0.3221805264541544,-0.4991444120069417,0.9359361058439952,0.0648483139365243,-0.1805345359969266
0.9369369369369369,0.0697990023482675,0.08591046802191975,0.44,0.08,-0.324733206531441,-0.5034185463933696,0.9369371041901828,0.06466691330139515,-0.18203170295130633
0.9379379379379379,0.06947293025714459,0.08540437614957327,0.44,0.08,-0.3271127296935248,-0.5078481381520135,0.9379381025363703,0.06448388706930835,-0.18284369078519802
0.938938938938939,0.06914412200854071,0.08489375503262639,0.44,0.08,-0.3304747796731391,-0.5124679771050182,0.9389391008825579,0.06430086083722153,-0.18284976954889487
0.93993993993994,0.06881131908662776,0.08437841423344708,0.44,0.08,-0.33353262243943504,-0.5172837962980381,0.9399400992287456,0.0641178224354699,-0.18285712540791366
0.9409409409409409,0.06847638903068401,0.08385815183683454,0.44,0.08,-0.33562843065638504,-0.5224280028502832,0.940941097574933,0.06393478147697766,-0.18286261489458155
0.9419419419419419,0.0681393902965249,0.08333251232583894,0.44,0.08,-0.3394112507586513,-0.52776823728545,0.9419420959211207,0.06375173208529189,-0.18288418050368804
0.9429429429429429,0.06779688702716319,0.08280155876919602,0.44,0.08,-0.3430597676912086,-0.5331720924842784,0.9429430942673083,0.06356864795252153,-0.18290153372146634
0.943943943943944,0.06745258395480073,0.0822651007292738,0.44,0.08,-0.3450967936427034,-0.5387661948774181,0.9439440926134958,0.06338556381975118,-0.18292695754499988
0.944944944944945,0.06710600255540601,0.0817229477684404,0.44,0.08,-0.3491324702544105,-0.544550544464883,0.9449450909596834,0.0632024287885702,-0.18297196384705927
0.9459459459459459,0.06675362005038751,0.08117490944906386,0.44,0.08,-0.3528639209856408,-0.5505947721910402,0.945946089305871,0.06301925455333196,-0.18299154632559222
0.9469469469469469,0.0663995682791585,0.08062065593222212,0.44,0.08,-0.3556054721045925,-0.5569372771498067,0.9469470876520585,0.06283608031809375,-0.1830219961162669
0.9479479479479479,0.06604169718331127,0.08005991990522042,0.44,0.08,-0.3598571310728147,-0.5634119120927892,0.9479480859982461,0.0626528451224753,-0.18305453648671843
0.948948948948949,0.065679133582316,0.07949270415626056,0.44,0.08,-0.36285386547833554,-0.5699802779260708,0.9489490843444337,0.06246960574152306,-0.1830169461956821
0.94994994994995,0.06531526301818945,0.07891881824771073,0.44,0.08,-0.36700938241469316,-0.5767388909536777,0.9499500826906212,0.06228644580154295,-0.18288792307103918
0.950950950950951,0.06494438006396828,0.07833807174193891,0.44,0.08,-0.3717125863806743,-0.58368775117561,0.9509510810368088,0.062103464724459496,-0.1827985808171988
0.9519519519519519,0.06457109367608602,0.07775027420131314,0.44,0.08,-0.3740827185574602,-0.5909837624658891,0.9519520793829964,0.06192048364737604,-0.18630628006071248
0.9529529529529529,0.06419546571250193,0.07715492106633154,0.44,0.08,-0.3794294175710853,-0.598524565831184,0.9529530777291839,0.061730480168009236,-0.1914980053309776
0.953953953953954,0.06381147522249024,0.0765520268222717,0.44,0.08,-0.3836064995216475,-0.6061102262510119,0.9539540760753715,0.061537105274107,-0.20921891288031347
0.954954954954955,0.06342748473247858,0.07594148717994308,0.44,0.08,-0.3875035847790187,-0.6138431027187679,0.9549550744215591,0.0613116245964405,-0.2958199494037608
0.955955955955956,0.06303569226997971,0.07532311170171363,0.44,0.08,-0.39324023331099767,-0.621766226380835,0.9559560727677467,0.06094487471386207,-0.3870375877109993
0.9569569569569569,0.06264021699812225,0.07469670994995144,0.44,0.08,-0.3964818238400589,-0.6299134262794439,0.9569570711139342,0.060536776626018245,-0.38849030567941156
0.9579579579579579,0.06224193486489452,0.07406202376121428,0.44,0.08,-0.4020541564490756,-0.6384507671226629,0.9579580694601219,0.060167118406872104,-0.34543712633336554
0.958958958958959,0.06183530377199795,0.07341853023599211,0.44,0.08,-0.40674114246048276,-0.6471560398522627,0.9589590678063095,0.05984521264167524,-0.2928214266837763
0.95995995995996,0.06142763828339202,0.07276641607382231,0.44,0.08,-0.41189950681843257,-0.6558631797601748,0.959960066152497,0.05958089087919461,-0.26544597550541127
0.960960960960961,0.061010680134723834,0.07210549083707288,0.44,0.08,-0.4179462389214663,-0.6647605668623768,0.9609610644986846,0.05931379067670913,-0.26813129606006214
0.9619619619619619,0.060590909076342056,0.07143556408811187,0.44,0.08,-0.42269954362251383,-0.6738482011589113,0.9619620628448722,0.059044092911360084,-0.26959290100984745
0.9629629629629629,0.06016443480214625,0.07075644538930731,0.44,0.08,-0.42902391430677156,-0.683260146911536,0.9629630611910597,0.058774066580599596,-0.2698173664702388
0.963963963963964,0.05973200234099314,0.07006767590610676,0.44,0.08,-0.4346452551017421,-0.6929957861612692,0.9639640595372473,0.058503919436141305,-0.26885883424106183
0.964964964964965,0.05929427413127186,0.06936906643803345,0.44,0.08,-0.4410239454984257,-0.7027991220778418,0.9649650578834349,0.05823581208373313,-0.2684140053619153
0.965965965965966,0.0588490715191745,0.0686606706567017,0.44,0.08,-0.44731631122978754,-0.7126707726201644,0.9659660562296224,0.05796655548521959,-0.27251454375626594
0.9669669669669669,0.05839874598066169,0.0679422981244796,0.44,0.08,-0.45378967093400036,-0.7227326703568409,0.96696705457581,0.05769023886850898,-0.2969471937977417
0.9679679679679679,0.05794058368947682,0.06721375840373509,0.44,0.08,-0.4606280091643704,-0.7329848152878924,0.9679680529219976,0.05737206818542641,-0.3514293127956698
0.968968968968969,0.0574765677841364,0.06647486105683614,0.44,0.08,-0.46740677078723536,-0.7436848819255104,0.9689690512681852,0.05698667854668835,-0.4056539619951174
0.96996996996997,0.057004834398611454,0.06572489978126154,0.44,0.08,-0.47487992641807253,-0.7546188195817649,0.9699700496143727,0.056559950295263325,-0.4056298181990776
0.970970970970971,0.05652585722073688,0.0649641126692851,0.44,0.08,-0.48214641822178095,-0.7654968436543115,0.9709710479605603,0.05617460899232509,-0.3422145682231559
0.9719719719719719,0.05603957630407338,0.06419237356773944,0.44,0.08,-0.49018659033831824,-0.7765330048311299,0.9719720463067479,0.05587483786159795,-0.28595801785793995
0.9729729729729729,0.05554450268552505,0.06340949203899258,0.44,0.08,-0.4980953466355338,-0.7877594132022878,0.9729730446529354,0.05560212198641535,-0.31517801929757283
0.973973973973974,0.05504238842292113,0.06261527764541248,0.44,0.08,-0.5066207478334803,-0.7992571561871316,0.973974042999123,0.05524385250945486,-0.3902860466579021
0.974974974974975,0.05453024693410664,0.06180937761219146,0.44,0.08,-0.5153453699554831,-0.8111876313213244,0.9749750413453107,0.05482077061192603,-0.45644711265384075
0.975975975975976,0.05401066596054782,0.06099127838350797,0.44,0.08,-0.5242581727211828,-0.8232387799647327,0.9759760396914982,0.054330046899677714,-0.5045414815719589
0.9769769769769769,0.05348068102275294,0.06016125192657642,0.44,0.08,-0.53399288158327,-0.8352492045817002,0.9769770380376858,0.053810680234652936,-0.5182237950537534
0.9779779779779779,0.052941611142563315,0.05931910780376486,0.44,0.08,-0.543179778225948,-0.847449876392993,0.9779780363838734,0.05329256457606997,-0.5163654249913314
0.978978978978979,0.052393234019297553,0.058464655577441245,0.44,0.08,-0.5541411500121995,-0.8598407953986005,0.9789790347300609,0.05277691836176342,-0.5151163654082005
0.97997997997998,0.05183221945084716,0.05759770480997381,0.44,0.08,-0.5634866165921011,-0.8726396215582639,0.9799800330762485,0.052261303316334475,-0.5154039425943537
0.980980980980981,0.05126513268477886,0.05671762930805537,0.44,0.08,-0.5758986279860636,-0.8857683950989781,0.9809810314224361,0.05174508137345237,-0.5156949530113799
0.9819819819819819,0.050679269244668874,0.055824394709675595,0.44,0.08,-0.588982995456881,-0.8988812696085411,0.9819820297686236,0.05122888372613115,-0.5106874749943024
0.9829829829829829,0.05008598754872907,0.05491806720673701,0.44,0.08,-0.5993801797218481,-0.9120562048599794,0.9829830281148112,0.05072268673767639,-0.4907899054592555
0.983983983983984,0.049479308924905374,0.053998456361607515,0.44,0.08,-0.6139625958788315,-0.925421387305736,0.9839840264609988,0.050246323958750574,-0.5644354907936098
0.984984984984985,0.04885683320262526,0.053065371736655396,0.44,0.08,-0.6275229749663076,-0.9389768169458108,0.9849850248071863,0.049592688752048475,-0.7055296837912586
0.985985985985986,0.0482230066727206,0.052118622894248574,0.44,0.08,-0.6418189526522795,-0.9531001013113425,0.9859860231533739,0.04883385586542801,-0.7730007618234289
0.986986986986987,0.0475719103744926,0.05115726342572182,0.44,0.08,-0.6584004434713329,-0.9674271732585709,0.9869870214995615,0.04804514378367444,-0.7643881707988882
0.9879879879879879,0.04690488766677202,0.05018183175659382,0.44,0.08,-0.6741051679552541,-0.9815783986032649,0.9879880198457491,0.0473035532757979,-0.7373761344462366
0.988988988988989,0.046222350478686246,0.0491921415065961,0.44,0.08,-0.6900768123840919,-0.9959178444891634,0.9889890181919366,0.046568919201476724,-0.7427115028536981
0.98998998998999,0.04552335250684386,0.048188002238096925,0.44,0.08,-0.7086359187518347,-1.0104475375693838,0.9899900165381242,0.04581664730369585,-0.7728687974277797
0.990990990990991,0.04480365995065458,0.04716922351346424,0.44,0.08,-0.7275246645644842,-1.025314986021101,0.9909910148843118,0.0450216384253863,-0.7626594830086617
0.991991991991992,0.04406684667187996,0.04613531958340007,0.44,0.08,-0.7471699071028084,-1.0406385954462714,0.9919920132304993,0.04428980554130399,-0.6766838339167407
0.992992992992993,0.04330782430079906,0.04508586296202019,0.44,0.08,-0.7687481329401677,-1.0560164576228388,0.992993011576687,0.0436669196281013,-0.660219686097971
0.993993993993994,0.042527811370698394,0.044021172521092014,0.44,0.08,-0.7911124199361339,-1.0713301669488224,0.9939940099228746,0.042968047913494845,-0.7642760613188742
0.994994994994995,0.04172401565227831,0.042941057822983554,0.44,0.08,-0.8152489614995098,-1.0868341234691918,0.9949950082690621,0.04213684148127945,-0.8901587747864959
0.995995995995996,0.04089568131764636,0.04184532843006265,0.44,0.08,-0.8403780607894653,-1.10252832718394,0.9959960066152497,0.041185952990683596,-0.9657618101907453
0.996996996996997,0.04004157709213928,0.04073379390469744,0.44,0.08,-0.8673079812547684,-1.118733196131366,0.9969970049614373,0.04020338953165527,-0.9741361509731448
0.997997997997998,0.03915932900282194,0.03960562233170149,0.44,0.08,-0.8966992859547496,-1.1352551039630363,0.9979980033076248,0.039235735638512334,-0.9664321641348259
0.998998998998999,0.03824638332646404,0.038461010913780375,0.44,0.08,-0.9287348369095767,-1.1516583546849226,0.9989990016538124,0.03826859553565243,-0.9669025158157183
1.0,0.0373,0.0373,0.44,0.08,-0.9454369431375956,-1.1598499028666205,1.0,0.037299999999999986,-0.9676295064236854
