Q_exp,V_fit,dqdv_fit,dvdq_fit,V_fit_anode,dqdv_fit_anode,dvdq_fit_anode,V_fit_cathode,dqdv_fit_cathode,dvdq_fit_cathode,dqdv_fit_si,dqdv_fit_gr,SoCs,Q_si,Q_gr,x_si,x_gr
4.751946607341491,,,,,,,,,,,,2.7279693486590038,,,,
4.74527252502781,,,,,,,,,,,,2.724137931034483,,,,
4.738598442714127,,,,,,,,,,,,2.7203065134099615,,,,
4.731924360400445,,,,,,,,,,,,2.71647509578544,,,,
4.725250278086763,,,,,,,,,,,,2.7126436781609193,,,,
4.718576195773082,,,,,,,,,,,,2.7088122605363987,,,,
4.7119021134594,,,,,,,,,,,,2.7049808429118776,,,,
4.705228031145718,,,,,,,,,,,,2.7011494252873565,,,,
4.698553948832036,,,,,,,,,,,,2.697318007662835,,,,
4.691879866518354,,,,,,,,,,,,2.693486590038314,,,,
4.685205784204673,,,,,,,,,,,,2.689655172413793,,,,
4.678531701890991,,,,,,,,,,,,2.6858237547892725,,,,
4.671857619577309,,,,,,,,,,,,2.681992337164751,,,,
4.665183537263626,,,,,,,,,,,,2.6781609195402294,,,,
4.658509454949945,,,,,,,,,,,,2.6743295019157087,,,,
4.651835372636263,,,,,,,,,,,,2.670498084291188,,,,
4.645161290322582,,,,,,,,,,,,2.666666666666667,,,,
4.6384872080088995,,,,,,,,,,,,2.662835249042146,,,,
4.631813125695217,,,,,,,,,,,,2.6590038314176243,,,,
4.625139043381536,,,,,,,,,,,,2.655172413793103,,,,
4.618464961067854,,,,,,,,,,,,2.6513409961685825,,,,
4.611790878754172,,,,,,,,,,,,2.647509578544061,,,,
4.60511679644049,,,,,,,,,,,,2.6436781609195403,,,,
4.598442714126808,,,,,,,,,,,,2.639846743295019,,,,
4.591768631813126,,,,,,,,,,,,2.636015325670498,,,,
4.585094549499445,,,,,,,,,,,,2.6321839080459775,,,,
4.5784204671857625,,,,,,,,,,,,2.628352490421456,,,,
4.57174638487208,,,,,,,,,,,,2.6245210727969344,,,,
4.565072302558399,,,,,,,,,,,,2.6206896551724137,,,,
4.558398220244717,,,,,,,,,,,,2.6168582375478926,,,,
4.551724137931036,,,,,,,,,,,,2.613026819923372,,,,
4.545050055617353,,,,,,,,,,,,2.6091954022988504,,,,
4.538375973303671,,,,,,,,,,,,2.6053639846743293,,,,
4.531701890989989,,,,,,,,,,,,2.601532567049808,,,,
4.525027808676308,,,,,,,,,,,,2.5977011494252875,,,,
4.518353726362626,,,,,,,,,,,,2.5938697318007664,,,,
4.511679644048944,,,,,,,,,,,,2.5900383141762453,,,,
4.505005561735262,,,,,,,,,,,,2.5862068965517238,,,,
4.49833147942158,,,,,,,,,,,,2.582375478927203,,,,
4.491657397107899,,,,,,,,,,,,2.578544061302682,,,,
4.484983314794216,,,,,,,,,,,,2.574712643678161,,,,
4.478309232480535,,,,,,,,,,,,2.57088122605364,,,,
4.471635150166852,,,,,,,,,,,,2.5670498084291187,,,,
4.464961067853171,,,,,,,,,,,,2.5632183908045976,,,,
4.458286985539489,,,,,,,,,,,,2.559386973180077,,,,
4.451612903225807,,,,,,,,,,,,2.5555555555555554,,,,
4.4449388209121246,,,,,,,,,,,,2.5517241379310343,,,,
4.438264738598443,,,,,,,,,,,,2.547892720306513,,,,
4.431590656284762,,,,,,,,,,,,2.5440613026819925,,,,
4.42491657397108,,,,,,,,,,,,2.5402298850574714,,,,
4.418242491657398,,,,,,,,,,,,2.5363984674329503,,,,
4.411568409343715,,,,,,,,,,,,2.5325670498084287,,,,
4.404894327030034,,,,,,,,,,,,2.528735632183908,,,,
4.398220244716352,,,,,,,,,,,,2.524904214559387,,,,
4.39154616240267,,,,,,,,,,,,2.521072796934866,,,,
4.384872080088988,,,,,,,,,,,,2.5172413793103448,,,,
4.378197997775306,,,,,,,,,,,,2.5134099616858236,,,,
4.3715239154616246,,,,,,,,,,,,2.5095785440613025,,,,
4.364849833147943,,,,,,,,,,,,2.505747126436782,,,,
4.358175750834261,,,,,,,,,,,,2.5019157088122603,,,,
4.351501668520579,,,,,,,,,,,,2.4980842911877397,,,,
4.344827586206897,,,,,,,,,,,,2.494252873563218,,,,
4.338153503893215,,,,,,,,,,,,2.4904214559386975,,,,
4.331479421579534,,,,,,,,,,,,2.4865900383141764,,,,
4.324805339265851,,,,,,,,,,,,2.4827586206896552,,,,
4.318131256952169,,,,,,,,,,,,2.4789272030651337,,,,
4.3114571746384875,,,,,,,,,,,,2.475095785440613,,,,
4.304783092324806,,,,,,,,,,,,2.471264367816092,,,,
4.2981090100111246,,,,,,,,,,,,2.4674329501915713,,,,
4.291434927697442,,,,,,,,,,,,2.4636015325670497,,,,
4.28476084538376,,,,,,,,,,,,2.4597701149425286,,,,
4.278086763070078,,,,,,,,,,,,2.4559386973180075,,,,
4.271412680756397,,,,,,,,,,,,2.452107279693487,,,,
4.264738598442714,,,,,,,,,,,,2.4482758620689653,,,,
4.258064516129033,,,,,,,,,,,,2.4444444444444446,,,,
4.2513904338153505,,,,,,,,,,,,2.440613026819923,,,,
4.244716351501669,,,,,,,,,,,,2.4367816091954024,,,,
4.2380422691879875,,,,,,,,,,,,2.4329501915708813,,,,
4.231368186874305,,,,,,,,,,,,2.42911877394636,,,,
4.224694104560624,,,,,,,,,,,,2.425287356321839,,,,
4.218020022246941,,,,,,,,,,,,2.421455938697318,,,,
4.21134593993326,,,,,,,,,,,,2.417624521072797,,,,
4.204671857619578,,,,,,,,,,,,2.4137931034482762,,,,
4.197997775305896,,,,,,,,,,,,2.4099616858237547,,,,
4.1913236929922135,,,,,,,,,,,,2.4061302681992336,,,,
4.184649610678532,,,,,,,,,,,,2.4022988505747125,,,,
4.1779755283648505,,,,,,,,,,,,2.398467432950192,,,,
4.171301446051169,,,,,,,,,,,,2.3946360153256707,,,,
4.164627363737487,,,,,,,,,,,,2.3908045977011496,,,,
4.157953281423804,,,,,,,,,,,,2.386973180076628,,,,
4.151279199110123,,,,,,,,,,,,2.3831417624521074,,,,
4.144605116796441,,,,,,,,,,,,2.3793103448275863,,,,
4.137931034482759,,,,,,,,,,,,2.375478927203065,,,,
4.131256952169077,,,,,,,,,,,,2.371647509578544,,,,
4.124582869855395,,,,,,,,,,,,2.3678160919540225,,,,
4.1179087875417135,,,,,,,,,,,,2.363984674329502,,,,
4.111234705228032,,,,,,,,,,,,2.360153256704981,,,,
4.10456062291435,,,,,,,,,,,,2.3563218390804597,,,,
4.097886540600668,,,,,,,,,,,,2.352490421455939,,,,
4.091212458286986,,,,,,,,,,,,2.3486590038314175,,,,
4.084538375973304,,,,,,,,,,,,2.344827586206897,,,,
4.077864293659623,,,,,,,,,,,,2.3409961685823757,,,,
4.07119021134594,,,,,,,,,,,,2.337164750957854,,,,
4.064516129032258,,,,,,,,,,,,2.333333333333333,,,,
4.0578420467185765,,,,,,,,,,,,2.329501915708812,,,,
4.051167964404895,,,,,,,,,,,,2.3256704980842913,,,,
4.0444938820912135,,,,,,,,,,,,2.3218390804597706,,,,
4.037819799777531,,,,,,,,,,,,2.318007662835249,,,,
4.031145717463849,,,,,,,,,,,,2.3141762452107275,,,,
4.024471635150167,,,,,,,,,,,,2.310344827586207,,,,
4.017797552836486,,,,,,,,,,,,2.306513409961686,,,,
4.011123470522803,,,,,,,,,,,,2.3026819923371646,,,,
4.004449388209122,,,,,,,,,,,,2.2988505747126435,,,,
3.99777530589544,,,,,,,,,,,,2.2950191570881224,,,,
3.991101223581758,,,,,,,,,,,,2.2911877394636013,,,,
3.984427141268076,,,,,,,,,,,,2.28735632183908,,,,
3.977753058954394,,,,,,,,,,,,2.283524904214559,,,,
3.9710789766407126,,,,,,,,,,,,2.2796934865900385,,,,
3.9644048943270307,,,,,,,,,,,,2.2758620689655173,,,,
3.9577308120133488,,,,,,,,,,,,2.2720306513409962,,,,
3.951056729699667,,,,,,,,,,,,2.268199233716475,,,,
3.944382647385985,,,,,,,,,,,,2.264367816091954,,,,
3.937708565072303,,,,,,,,,,,,2.260536398467433,,,,
3.931034482758621,,,,,,,,,,,,2.256704980842912,,,,
3.9243604004449395,,,,,,,,,,,,2.2528735632183907,,,,
3.9176863181312576,,,,,,,,,,,,2.2490421455938696,,,,
3.9110122358175756,,,,,,,,,,,,2.2452107279693485,,,,
3.9043381535038937,,,,,,,,,,,,2.2413793103448274,,,,
3.8976640711902117,,,,,,,,,,,,2.2375478927203063,,,,
3.8909899888765302,,,,,,,,,,,,2.2337164750957856,,,,
3.884315906562848,,,,,,,,,,,,2.229885057471264,,,,
3.8776418242491664,,,,,,,,,,,,2.2260536398467434,,,,
3.8709677419354844,,,,,,,,,,,,2.2222222222222223,,,,
3.8642936596218025,,,,,,,,,,,,2.218390804597701,,,,
3.8576195773081206,,,,,,,,,,,,2.21455938697318,,,,
3.8509454949944386,,,,,,,,,,,,2.210727969348659,,,,
3.844271412680757,,,,,,,,,,,,2.206896551724138,,,,
3.837597330367075,,,,,,,,,,,,2.203065134099617,,,,
3.8309232480533932,,,,,,,,,,,,2.1992337164750957,,,,
3.8242491657397113,,,,,,,,,,,,2.1954022988505746,,,,
3.8175750834260294,,,,,,,,,,,,2.1915708812260535,,,,
3.8109010011123474,,,,,,,,,,,,2.1877394636015324,,,,
3.8042269187986655,,,,,,,,,,,,2.1839080459770113,,,,
3.797552836484984,,,,,,,,,,,,2.1800766283524906,,,,
3.790878754171302,,,,,,,,,,,,2.1762452107279695,,,,
3.78420467185762,,,,,,,,,,,,2.1724137931034484,,,,
3.777530589543938,,,,,,,,,,,,2.1685823754789273,,,,
3.7708565072302562,,,,,,,,,,,,2.164750957854406,,,,
3.7641824249165747,,,,,,,,,,,,2.160919540229885,,,,
3.7575083426028923,,,,,,,,,,,,2.157088122605364,,,,
3.750834260289211,,,,,,,,,,,,2.153256704980843,,,,
3.744160177975529,,,,,,,,,,,,2.1494252873563218,,,,
3.737486095661847,,,,,,,,,,,,2.1455938697318007,,,,
3.730812013348165,,,,,,,,,,,,2.1417624521072796,,,,
3.724137931034483,,,,,,,,,,,,2.1379310344827585,,,,
3.7174638487208016,,,,,,,,,,,,2.134099616858238,,,,
3.710789766407119,,,,,,,,,,,,2.1302681992337162,,,,
3.7041156840934377,,,,,,,,,,,,2.1264367816091956,,,,
3.697441601779756,,,,,,,,,,,,2.1226053639846745,,,,
3.690767519466074,,,,,,,,,,,,2.1187739463601534,,,,
3.6840934371523923,,,,,,,,,,,,2.1149425287356323,,,,
3.67741935483871,,,,,,,,,,,,2.111111111111111,,,,
3.6707452725250285,,,,,,,,,,,,2.10727969348659,,,,
3.6640711902113465,,,,,,,,,,,,2.103448275862069,,,,
3.6573971078976646,,,,,,,,,,,,2.099616858237548,,,,
3.6507230255839827,,,,,,,,,,,,2.0957854406130267,,,,
3.6440489432703007,,,,,,,,,,,,2.0919540229885056,,,,
3.637374860956619,,,,,,,,,,,,2.088122605363985,,,,
3.630700778642937,,,,,,,,,,,,2.0842911877394634,,,,
3.6240266963292553,,,,,,,,,,,,2.0804597701149428,,,,
3.6173526140155734,,,,,,,,,,,,2.0766283524904217,,,,
3.6106785317018915,,,,,,,,,,,,2.0727969348659006,,,,
3.6040044493882095,,,,,,,,,,,,2.0689655172413794,,,,
3.5973303670745276,,,,,,,,,,,,2.0651340996168583,,,,
3.590656284760846,,,,,,,,,,,,2.0613026819923372,,,,
3.5839822024471637,,,,,,,,,,,,2.057471264367816,,,,
3.577308120133482,,,,,,,,,,,,2.053639846743295,,,,
3.5706340378198003,,,,,,,,,,,,2.049808429118774,,,,
3.5639599555061183,,,,,,,,,,,,2.045977011494253,,,,
3.557285873192437,,,,,,,,,,,,2.042145593869732,,,,
3.5506117908787544,,,,,,,,,,,,2.0383141762452106,,,,
3.543937708565073,,,,,,,,,,,,2.03448275862069,,,,
3.537263626251391,,,,,,,,,,,,2.030651340996169,,,,
3.530589543937709,,,,,,,,,,,,2.0268199233716477,,,,
3.523915461624027,,,,,,,,,,,,2.0229885057471266,,,,
3.517241379310345,,,,,,,,,,,,2.0191570881226055,,,,
3.5105672969966637,,,,,,,,,,,,2.0153256704980844,,,,
3.5038932146829813,,,,,,,,,,,,2.011494252873563,,,,
3.4972191323693,,,,,,,,,,,,2.007662835249042,,,,
3.490545050055618,,,,,,,,,,,,2.003831417624521,,,,
3.483870967741936,,,,,,,,,,,,2.0,,,,
3.477196885428254,,,,,,,,,,,,1.996168582375479,,,,
3.470522803114572,,,,,,,,,,,,1.9923371647509578,,,,
3.4638487208008906,,,,,,,,,,,,1.988505747126437,,,,
3.457174638487208,,,,,,,,,,,,1.9846743295019156,,,,
3.4505005561735267,,,,,,,,,,,,1.9808429118773947,,,,
3.4438264738598448,,,,,,,,,,,,1.9770114942528736,,,,
3.437152391546163,,,,,,,,,,,,1.9731800766283525,,,,
3.4304783092324813,,,,,,,,,,,,1.9693486590038316,,,,
3.423804226918799,,,,,,,,,,,,1.9655172413793103,,,,
3.4171301446051174,,,,,,,,,,,,1.9616858237547894,,,,
3.4104560622914355,,,,,,,,,,,,1.9578544061302683,,,,
3.4037819799777536,,,,,,,,,,,,1.9540229885057472,,,,
3.3971078976640716,,,,,,,,,,,,1.950191570881226,,,,
3.3904338153503897,,,,,,,,,,,,1.946360153256705,,,,
3.383759733036708,,,,,,,,,,,,1.942528735632184,,,,
3.377085650723026,,,,,,,,,,,,1.9386973180076628,,,,
3.3704115684093443,,,,,,,,,,,,1.9348659003831419,,,,
3.3637374860956624,,,,,,,,,,,,1.9310344827586208,,,,
3.3570634037819804,,,,,,,,,,,,1.9272030651340997,,,,
3.3503893214682985,,,,,,,,,,,,1.9233716475095786,,,,
3.3437152391546165,,,,,,,,,,,,1.9195402298850575,,,,
3.337041156840935,,,,,,,,,,,,1.9157088122605366,,,,
3.3303670745272527,,,,,,,,,,,,1.9118773946360152,,,,
3.323692992213571,,,,,,,,,,,,1.9080459770114944,,,,
3.3170189098998892,,,,,,,,,,,,1.9042145593869733,,,,
3.3103448275862073,,,,,,,,,,,,1.9003831417624522,,,,
3.303670745272526,,,,,,,,,,,,1.8965517241379313,,,,
3.2969966629588434,,,,,,,,,,,,1.89272030651341,,,,
3.290322580645162,,,,,,,,,,,,1.888888888888889,,,,
3.28364849833148,,,,,,,,,,,,1.885057471264368,,,,
3.276974416017798,,,,,,,,,,,,1.8812260536398469,,,,
3.270300333704116,,,,,,,,,,,,1.8773946360153257,,,,
3.263626251390434,,,,,,,,,,,,1.8735632183908046,,,,
3.2569521690767527,,,,,,,,,,,,1.8697318007662838,,,,
3.2502780867630703,,,,,,,,,,,,1.8659003831417624,,,,
3.243604004449389,,,,,,,,,,,,1.8620689655172415,,,,
3.236929922135707,,,,,,,,,,,,1.8582375478927204,,,,
3.230255839822025,,,,,,,,,,,,1.8544061302681993,,,,
3.223581757508343,,,,,,,,,,,,1.8505747126436782,,,,
3.216907675194661,,,,,,,,,,,,1.846743295019157,,,,
3.2102335928809795,,,,,,,,,,,,1.8429118773946362,,,,
3.203559510567297,,,,,,,,,,,,1.8390804597701147,,,,
3.1968854282536157,,,,,,,,,,,,1.835249042145594,,,,
3.1902113459399337,,,,,,,,,,,,1.831417624521073,,,,
3.183537263626252,,,,,,,,,,,,1.8275862068965516,,,,
3.1768631813125703,,,,,,,,,,,,1.823754789272031,,,,
3.170189098998888,,,,,,,,,,,,1.8199233716475094,,,,
3.1635150166852064,,,,,,,,,,,,1.8160919540229887,,,,
3.1568409343715245,,,,,,,,,,,,1.8122605363984674,,,,
3.1501668520578425,,,,,,,,,,,,1.8084291187739463,,,,
3.1434927697441606,,,,,,,,,,,,1.8045977011494252,,,,
3.1368186874304786,,,,,,,,,,,,1.800766283524904,,,,
3.130144605116797,,,,,,,,,,,,1.7969348659003832,,,,
3.1234705228031148,,,,,,,,,,,,1.7931034482758619,,,,
3.1167964404894333,,,,,,,,,,,,1.789272030651341,,,,
3.1101223581757513,,,,,,,,,,,,1.78544061302682,,,,
3.1034482758620694,,,,,,,,,,,,1.7816091954022988,,,,
3.0967741935483875,,,,,,,,,,,,1.7777777777777777,,,,
3.0901001112347055,,,,,,,,,,,,1.7739463601532566,,,,
3.083426028921024,,,,,,,,,,,,1.7701149425287357,,,,
3.0767519466073416,,,,,,,,,,,,1.7662835249042144,,,,
3.07007786429366,,,,,,,,,,,,1.7624521072796935,,,,
3.063403781979978,,,,,,,,,,,,1.7586206896551724,,,,
3.0567296996662963,,,,,,,,,,,,1.7547892720306513,,,,
3.0500556173526148,,,,,,,,,,,,1.7509578544061304,,,,
3.0433815350389324,,,,,,,,,,,,1.747126436781609,,,,
3.036707452725251,,,,,,,,,,,,1.7432950191570882,,,,
3.030033370411569,,,,,,,,,,,,1.739463601532567,,,,
3.023359288097887,,,,,,,,,,,,1.735632183908046,,,,
3.016685205784205,,,,,,,,,,,,1.7318007662835249,,,,
3.010011123470523,,,,,,,,,,,,1.7279693486590038,,,,
3.0033370411568416,,,,,,,,,,,,1.7241379310344829,,,,
2.9966629588431593,,,,,,,,,,,,1.7203065134099615,,,,
2.9899888765294778,,,,,,,,,,,,1.7164750957854407,,,,
2.983314794215796,,,,,,,,,,,,1.7126436781609196,,,,
2.976640711902114,,,,,,,,,,,,1.7088122605363985,,,,
2.969966629588432,,,,,,,,,,,,1.7049808429118773,,,,
2.96329254727475,,,,,,,,,,,,1.7011494252873562,,,,
2.9566184649610685,,,,,,,,,,,,1.6973180076628354,,,,
2.949944382647386,,,,,,,,,,,,1.693486590038314,,,,
2.9432703003337046,,,,,,,,,,,,1.6896551724137931,,,,
2.9365962180200227,,,,,,,,,,,,1.685823754789272,,,,
2.9299221357063407,,,,,,,,,,,,1.681992337164751,,,,
2.9232480533926593,,,,,,,,,,,,1.67816091954023,,,,
2.916573971078977,,,,,,,,,,,,1.6743295019157087,,,,
2.9098998887652954,,,,,,,,,,,,1.6704980842911878,,,,
2.9032258064516134,,,,,,,,,,,,1.6666666666666667,,,,
2.8965517241379315,,,,,,,,,,,,1.6628352490421456,,,,
2.8898776418242496,,,,,,,,,,,,1.6590038314176245,,,,
2.8832035595105676,,,,,,,,,,,,1.6551724137931034,,,,
2.876529477196886,,,,,,,,,,,,1.6513409961685825,,,,
2.8698553948832037,,,,,,,,,,,,1.6475095785440612,,,,
2.8631813125695222,,,,,,,,,,,,1.6436781609195403,,,,
2.8565072302558403,,,,,,,,,,,,1.6398467432950192,,,,
2.8498331479421584,,,,,,,,,,,,1.6360153256704981,,,,
2.8431590656284764,,,,,,,,,,,,1.632183908045977,,,,
2.8364849833147945,,,,,,,,,,,,1.628352490421456,,,,
2.829810901001113,,,,,,,,,,,,1.624521072796935,,,,
2.8231368186874306,,,,,,,,,,,,1.6206896551724137,,,,
2.816462736373749,,,,,,,,,,,,1.6168582375478928,,,,
2.809788654060067,,,,,,,,,,,,1.6130268199233717,,,,
2.8031145717463852,,,,,,,,,,,,1.6091954022988506,,,,
2.7964404894327037,,,,,,,,,,,,1.6053639846743297,,,,
2.7897664071190214,,,,,,,,,,,,1.6015325670498084,,,,
2.78309232480534,,,,,,,,,,,,1.5977011494252875,,,,
2.776418242491658,,,,,,,,,,,,1.5938697318007664,,,,
2.769744160177976,,,,,,,,,,,,1.5900383141762453,,,,
2.763070077864294,,,,,,,,,,,,1.5862068965517242,,,,
2.756395995550612,,,,,,,,,,,,1.582375478927203,,,,
2.74972191323693,,,,,,,,,,,,1.578544061302682,,,,
2.7430478309232487,,,,,,,,,,,,1.574712643678161,,,,
2.7363737486095667,,,,,,,,,,,,1.57088122605364,,,,
2.729699666295885,,,,,,,,,,,,1.567049808429119,,,,
2.723025583982203,,,,,,,,,,,,1.5632183908045978,,,,
2.716351501668521,,,,,,,,,,,,1.5593869731800767,,,,
2.709677419354839,,,,,,,,,,,,1.5555555555555556,,,,
2.7030033370411575,,,,,,,,,,,,1.5517241379310347,,,,
2.6963292547274755,,,,,,,,,,,,1.5478927203065136,,,,
2.6896551724137936,,,,,,,,,,,,1.5440613026819925,,,,
2.6829810901001117,,,,,,,,,,,,1.5402298850574714,,,,
2.6763070077864297,,,,,,,,,,,,1.5363984674329503,,,,
2.6696329254727478,,,,,,,,,,,,1.5325670498084292,,,,
2.6629588431590663,,,,,,,,,,,,1.5287356321839083,,,,
2.6562847608453843,,,,,,,,,,,,1.5249042145593872,,,,
2.6496106785317024,,,,,,,,,,,,1.521072796934866,,,,
2.6429365962180205,,,,,,,,,,,,1.517241379310345,,,,
2.6362625139043385,,,,,,,,,,,,1.5134099616858239,,,,
2.6295884315906566,,,,,,,,,,,,1.5095785440613028,,,,
2.6229143492769746,,,,,,,,,,,,1.5057471264367814,,,,
2.616240266963293,,,,,,,,,,,,1.5019157088122608,,,,
2.609566184649611,,,,,,,,,,,,1.4980842911877397,,,,
2.6028921023359293,,,,,,,,,,,,1.4942528735632186,,,,
2.5962180200222473,,,,,,,,,,,,1.4904214559386972,,,,
2.5895439377085654,,,,,,,,,,,,1.4865900383141761,,,,
2.5828698553948835,,,,,,,,,,,,1.482758620689655,,,,
2.576195773081202,,,,,,,,,,,,1.4789272030651344,,,,
2.56952169076752,,,,,,,,,,,,1.475095785440613,,,,
2.562847608453838,,,,,,,,,,,,1.471264367816092,,,,
2.556173526140156,,,,,,,,,,,,1.4674329501915708,,,,
2.549499443826474,,,,,,,,,,,,1.4636015325670497,,,,
2.5428253615127923,,,,,,,,,,,,1.4597701149425286,,,,
2.5361512791991108,,,,,,,,,,,,1.4559386973180077,,,,
2.529477196885429,,,,,,,,,,,,1.4521072796934866,,,,
2.522803114571747,,,,,,,,,,,,1.4482758620689655,,,,
2.516129032258065,,,,,,,,,,,,1.4444444444444444,,,,
2.509454949944383,,,,,,,,,,,,1.4406130268199233,,,,
2.502780867630701,,,,,,,,,,,,1.4367816091954022,,,,
2.496106785317019,,,,,,,,,,,,1.432950191570881,,,,
2.4894327030033376,,,,,,,,,,,,1.4291187739463602,,,,
2.4827586206896557,,,,,,,,,,,,1.4252873563218391,,,,
2.4760845383759738,,,,,,,,,,,,1.421455938697318,,,,
2.469410456062292,,,,,,,,,,,,1.417624521072797,,,,
2.46273637374861,,,,,,,,,,,,1.4137931034482758,,,,
2.456062291434928,,,,,,,,,,,,1.4099616858237547,,,,
2.4493882091212464,,,,,,,,,,,,1.4061302681992338,,,,
2.4427141268075645,,,,,,,,,,,,1.4022988505747127,,,,
2.4360400444938826,,,,,,,,,,,,1.3984674329501916,,,,
2.4293659621802006,,,,,,,,,,,,1.3946360153256705,,,,
2.4226918798665187,,,,,,,,,,,,1.3908045977011494,,,,
2.4160177975528367,,,,,,,,,,,,1.3869731800766283,,,,
2.4093437152391552,,,,,,,,,,,,1.3831417624521074,,,,
2.4026696329254733,,,,,,,,,,,,1.3793103448275863,,,,
2.3959955506117914,,,,,,,,,,,,1.3754789272030652,,,,
2.3893214682981094,,,,,,,,,,,,1.371647509578544,,,,
2.3826473859844275,,,,,,,,,,,,1.367816091954023,,,,
2.3759733036707456,,,,,,,,,,,,1.3639846743295019,,,,
2.3692992213570636,,,,,,,,,,,,1.3601532567049808,,,,
2.362625139043382,,,,,,,,,,,,1.35632183908046,,,,
2.3559510567297,,,,,,,,,,,,1.3524904214559388,,,,
2.3492769744160182,,,,,,,,,,,,1.3486590038314177,,,,
2.3426028921023363,,,,,,,,,,,,1.3448275862068966,,,,
2.3359288097886544,,,,,,,,,,,,1.3409961685823755,,,,
2.3292547274749724,,,,,,,,,,,,1.3371647509578544,,,,
2.322580645161291,,,,,,,,,,,,1.3333333333333335,,,,
2.315906562847609,,,,,,,,,,,,1.3295019157088124,,,,
2.309232480533927,,,,,,,,,,,,1.3256704980842913,,,,
2.302558398220245,,,,,,,,,,,,1.3218390804597702,,,,
2.295884315906563,,,,,,,,,,,,1.318007662835249,,,,
2.2892102335928812,,,,,,,,,,,,1.314176245210728,,,,
2.2825361512791997,,,,,,,,,,,,1.310344827586207,,,,
2.275862068965518,,,,,,,,,,,,1.306513409961686,,,,
2.269187986651836,,,,,,,,,,,,1.3026819923371649,,,,
2.262513904338154,,,,,,,,,,,,1.2988505747126438,,,,
2.255839822024472,,,,,,,,,,,,1.2950191570881227,,,,
2.24916573971079,,,,,,,,,,,,1.2911877394636015,,,,
2.242491657397108,,,,,,,,,,,,1.2873563218390804,,,,
2.2358175750834266,,,,,,,,,,,,1.2835249042145596,,,,
2.2291434927697447,,,,,,,,,,,,1.2796934865900385,,,,
2.2224694104560627,,,,,,,,,,,,1.2758620689655173,,,,
2.215795328142381,,,,,,,,,,,,1.2720306513409962,,,,
2.209121245828699,,,,,,,,,,,,1.2681992337164751,,,,
2.202447163515017,,,,,,,,,,,,1.264367816091954,,,,
2.1957730812013354,,,,,,,,,,,,1.2605363984674332,,,,
2.1890989988876535,,,,,,,,,,,,1.256704980842912,,,,
2.1824249165739715,,,,,,,,,,,,1.252873563218391,,,,
2.1757508342602896,,,,,,,,,,,,1.2490421455938698,,,,
2.1690767519466077,,,,,,,,,,,,1.2452107279693487,,,,
2.1624026696329257,,,,,,,,,,,,1.2413793103448276,,,,
2.155728587319244,,,,,,,,,,,,1.2375478927203067,,,,
2.1490545050055623,,,,,,,,,,,,1.2337164750957856,,,,
2.1423804226918803,,,,,,,,,,,,1.2298850574712645,,,,
2.1357063403781984,,,,,,,,,,,,1.2260536398467434,,,,
2.1290322580645165,,,,,,,,,,,,1.2222222222222223,,,,
2.1223581757508345,,,,,,,,,,,,1.2183908045977012,,,,
2.1156840934371526,,,,,,,,,,,,1.21455938697318,,,,
2.109010011123471,,,,,,,,,,,,1.2107279693486592,,,,
2.102335928809789,,,,,,,,,,,,1.2068965517241381,,,,
2.095661846496107,,,,,,,,,,,,1.203065134099617,,,,
2.0889877641824253,,,,,,,,,,,,1.199233716475096,,,,
2.0823136818687433,,,,,,,,,,,,1.1954022988505748,,,,
2.0756395995550614,,,,,,,,,,,,1.1915708812260537,,,,
2.06896551724138,,,,,,,,,,,,1.1877394636015328,,,,
2.062291434927698,,,,,,,,,,,,1.1839080459770117,,,,
2.055617352614016,,,,,,,,,,,,1.1800766283524906,,,,
2.048943270300334,,,,,,,,,,,,1.1762452107279695,,,,
2.042269187986652,,,,,,,,,,,,1.1724137931034484,,,,
2.03559510567297,,,,,,,,,,,,1.168582375478927,,,,
2.0289210233592887,,,,,,,,,,,,1.1647509578544064,,,,
2.0222469410456068,,,,,,,,,,,,1.1609195402298853,,,,
2.015572858731925,,,,,,,,,,,,1.1570881226053642,,,,
2.008898776418243,,,,,,,,,,,,1.153256704980843,,,,
2.002224694104561,,,,,,,,,,,,1.1494252873563218,,,,
1.995550611790879,,,,,,,,,,,,1.1455938697318007,,,,
1.988876529477197,,,,,,,,,,,,1.1417624521072796,,,,
1.9822024471635156,,,,,,,,,,,,1.137931034482759,,,,
1.9755283648498336,,,,,,,,,,,,1.1340996168582376,,,,
1.9688542825361517,,,,,,,,,,,,1.1302681992337165,,,,
1.9621802002224698,,,,,,,,,,,,1.1264367816091954,,,,
1.9555061179087878,,,,,,,,,,,,1.1226053639846743,,,,
1.9488320355951059,,,,,,,,,,,,1.1187739463601531,,,,
1.9421579532814244,,,,,,,,,,,,1.1149425287356323,,,,
1.9354838709677424,,,,,,,,,,,,1.1111111111111112,,,,
1.9288097886540605,,,,,,,,,,,,1.10727969348659,,,,
1.9221357063403786,,,,,,,,,,,,1.103448275862069,,,,
1.9154616240266966,,,,,,,,,,,,1.0996168582375478,,,,
1.9087875417130147,,,,,,,,,,,,1.0957854406130267,,,,
1.9021134593993332,,,,,,,,,,,,1.0919540229885059,,,,
1.8954393770856512,,,,,,,,,,,,1.0881226053639848,,,,
1.8887652947719693,,,,,,,,,,,,1.0842911877394636,,,,
1.8820912124582874,,,,,,,,,,,,1.0804597701149425,,,,
1.8754171301446054,,,,,,,,,,,,1.0766283524904214,,,,
1.8687430478309235,,,,,,,,,,,,1.0727969348659003,,,,
1.862068965517242,,,,,,,,,,,,1.0689655172413794,,,,
1.85539488320356,,,,,,,,,,,,1.0651340996168583,,,,
1.8487208008898781,,,,,,,,,,,,1.0613026819923372,,,,
1.8420467185761962,,,,,,,,,,,,1.0574712643678161,,,,
1.8353726362625142,,,,,,,,,,,,1.053639846743295,,,,
1.8286985539488323,,,,,,,,,,,,1.049808429118774,,,,
1.8220244716351504,,,,,,,,,,,,1.0459770114942528,,,,
1.8153503893214689,,,,,,,,,,,,1.042145593869732,,,,
1.808676307007787,,,,,,,,,,,,1.0383141762452108,,,,
1.802002224694105,4.249701031685966,-0.9747532297122111,-1.0259006787751221,0.03952369497440473,1.991273641844546,0.5021911499183433,4.289267846790056,-1.9094554230907064,-0.5237095288568547,0.14969817806031488,0.7988485568175678,1.0344827586206897,0.33934367971292456,1.4664930609323248,0.9980696462144839,0.9976143271648468
1.795328142380423,4.242084623508848,-1.0052763094125359,-0.9947513839099429,0.04287536004616234,2.1173147441953954,0.4722963379636842,4.285073435957774,-1.9140402753480301,-0.5224550459462876,0.14798052319607105,0.8854905595118047,1.0306513409961686,0.33831870443494794,1.461023388340482,0.9950550130439645,0.9938934614561101
1.788654060066741,4.236593553248687,-1.0692144220830682,-0.9352660975632716,0.045827984246445075,2.408053975962677,0.4152730835695766,4.282176077275095,-1.9231027592463024,-0.5199930139936555,0.14398880434919667,0.9491727283917442,1.0268199233716475,0.33737694658332285,1.454479535980105,0.992285137009773,0.9894418612109559
1.7819799777530592,4.230348215127844,-1.1345491081608676,-0.881407417983894,0.04841849353096209,2.7488947723135566,0.3637825682059006,4.278689993547711,-1.9319010677888482,-0.517624849777917,0.1387893917297957,0.9238557378183737,1.0229885057471264,0.3365184744799539,1.4490381938978383,0.9897602190586879,0.9857402679577131
1.7753058954393777,4.224437921200418,-1.2002275460922638,-0.8331753451716963,0.05068381385542253,3.146387649962585,0.3178247918726389,4.275196296287684,-1.9404267514580373,-0.5153505532989584,0.13256521252957612,1.038151758030871,1.0191570881226055,0.3357407680672585,1.4436109974073221,0.9874728472566425,0.9820482975560014
1.7686318131256957,4.2190500042563395,-1.2649103215311803,-0.7905698791274745,0.05266087117553556,3.604905857075891,0.27739975456977595,4.271703673187631,-1.9486715070602156,-0.5131701245576323,0.12564054616358603,1.1009217328591199,1.0153256704980844,0.33504030606676327,1.4373195932097615,0.9854126649022449,0.9777684307549398
1.7619577308120138,4.21376648961524,-1.3288336378113268,-0.7525396494681331,0.05438659144701024,4.0947349339702415,0.2442160521072858,4.268324615996171,-1.967250792982551,-0.5083235973609135,0.11952793276463491,1.1773996741466795,1.0114942528735633,0.3344109089812519,1.431906024465894,0.983561497003682,0.9740857309291796
1.7552836484983318,4.208971778380946,-1.3710838212311545,-0.7293500109293518,0.05592070724370849,4.5714095794779785,0.2187509087982864,4.26488159181418,-1.9584836632620075,-0.5105991021310956,0.11324041944794289,1.3161925763987519,1.0076628352490422,0.3338371768620572,1.425127903441608,0.9818740495942859,0.9694747642459919
1.74860956618465,4.2042132930991025,-1.4194787426875648,-0.7044839559250136,0.057306514590035225,5.1800519844441215,0.19304825569377204,4.261514120221828,-1.955280007922989,-0.5114357002311181,0.10554985658848698,1.3781631276745283,1.003831417624521,0.33330580146184935,1.4190299512671714,0.980311180770145,0.9653264974606608
1.741935483870968,4.199727743997936,-1.4839147073084868,-0.6738931793551615,0.0584975471417344,5.908547121903954,0.16924634421427154,4.258096367261096,-1.9815838134028074,-0.504646835140818,0.09902342584844721,1.5349799312269556,1.0,0.3328397516801472,1.4119779334122455,0.9789404461180798,0.9605292064028882
1.7352614015572865,4.19536791695467,-1.5267503628954902,-0.6549859258611832,0.059565642655186754,6.5294105755364376,0.15315318104618392,4.254730045912726,-1.9926957942303722,-0.501832744815033,0.09404131224946037,1.3203152587147755,0.9961685823754791,0.3324128790258374,1.4052193604396073,0.9776849383112863,0.9559315377140185
1.7285873192436045,4.190893117456628,-1.564944426967865,-0.6390003266362214,0.06054186101554325,7.171212139112362,0.13944643954205738,4.251373108780455,-2.001786045179117,-0.4995538870941232,0.0891639950856494,1.0463770955421057,0.992337164750958,0.3320161089216651,1.4000539476059728,0.9765179674166621,0.9524176514326346
1.7219132369299226,4.186457133430213,-1.5961731262004861,-0.6264984565805776,0.06142699668689389,7.720000299295933,0.12953367373459823,4.248099928285018,-2.012215019087083,-0.49696478284596424,0.08601653640308429,1.144836553345847,0.9885057471264369,0.3316505671264421,1.3960379942394285,0.9754428444895356,0.9496857103669583
1.7152391546162407,4.182427204835562,-1.6221580932342115,-0.6164627259025224,0.06227089781733991,8.251320104345584,0.12119272884266685,4.244755775347561,-2.019100704537671,-0.49526999705989283,0.0828936031497191,1.8320943902003506,0.9846743295019158,0.33129658649432164,1.3882670132298098,0.9744017249832988,0.9443993287277618
1.7085650723025587,4.178476789524193,-1.6469022038564909,-0.6072005961606806,0.06304469718312528,8.896565453796207,0.11240292730868351,4.241480268051039,-2.021028115027287,-0.49479766885207255,0.07926839639730092,1.7490570761474087,0.9808429118773947,0.33096713435065583,1.3809436299850206,0.9734327480901641,0.9394174353639596
1.7018909899888768,4.1744982624019435,-1.6726931478151028,-0.5978382833134788,0.06377127059565384,9.664600476011886,0.10347039202314257,4.238176309519293,-2.0227850910583056,-0.49436789129032377,0.07488622042506676,1.6303127244625375,0.9770114942528736,0.33065353562602134,1.374068325853236,0.9725103989000627,0.9347403577232899
1.6952169076751948,4.170539772771304,-1.7057459335751282,-0.5862537792507396,0.06442583700990806,10.825747800558752,0.09237237172183033,4.234892099790329,-2.0247775776850543,-0.49388140752887466,0.06881910187141611,1.4874652672499444,0.9731800766283525,0.3303675120649607,1.3678751006852181,0.9716691531322372,0.9305272793776994
1.6885428253615133,4.1665878760983555,-1.7333759161797686,-0.5769089039865776,0.06500427222041685,12.002888340546352,0.08331328023955287,4.231609892076914,-2.02594989073953,-0.49359562374712596,0.06403914819673932,1.4740724814761643,0.9693486590038316,0.33011216463743853,1.3623632676645459,0.9709181312865838,0.9267777331051332
1.6818687430478314,4.162685173909074,-1.7459577416576746,-0.5727515484140895,0.06553791639019127,12.555518372094811,0.07964625357265565,4.228283202050956,-2.027964433684654,-0.4931052948414276,0.062497535355355446,1.6174152970454774,0.9655172413793105,0.3298734373568333,1.35649781152429,0.9702159922259801,0.9227876268872721
1.6751946607341495,4.15883651596969,-1.757718868635313,-0.5689191928493074,0.06606740352505742,13.107682803864973,0.07629113512764718,4.224949638186769,-2.0299290394153338,-0.4926280577216744,0.06063310563901138,1.7911795258651686,0.9616858237547894,0.3296343579768045,1.3499126576024874,0.9695128175788368,0.9183079303418281
1.6685205784204675,4.155119049131374,-1.7785836194880278,-0.5622451421698429,0.06655626302148357,14.199479137449273,0.07042511843710031,4.221675056479248,-2.033264104235307,-0.491820023732771,0.057219376919246744,1.876694877589855,0.9578544061302683,0.32941195523936906,1.342858524164981,0.9688586918804972,0.913509200112232
1.6618464961067856,4.151476408623928,-1.8004155248166633,-0.5554273367542919,0.06700744959985744,15.342625166413288,0.06517789420998898,4.218448905540128,-2.0397779440816364,-0.49024944254421143,0.05413620387465165,1.8362129347770388,0.9540229885057472,0.3292041361231072,1.3358284119588244,0.9682474591856094,0.9087268108563431
1.6551724137931036,4.147807572710746,-1.8201968619436835,-0.5493911240634475,0.06742626828346342,16.437903896811562,0.060835007083474224,4.21519116565207,-2.0468477729468484,-0.48855611697996437,0.051478978749381656,1.7425641933387621,0.9501915708812261,0.3290098342408582,1.3292231927882858,0.9676759830613477,0.9042334644818271
1.6484983314794222,4.144112075648354,-1.8384832729934115,-0.5439266240218785,0.06781948528951448,17.356139388054224,0.05761649970893146,4.211906987295293,-2.0563010104151234,-0.4863101243130359,0.049691191961069206,1.6886023497053166,0.9463601532567052,0.3288261412919958,1.3230277565501198,0.9671357096823404,0.9000188820068843
1.6418242491657402,4.140457673612557,-1.8544517390958495,-0.5392429357517585,0.06819534280683066,18.22293060855007,0.05487591548698578,4.208654819294134,-2.0645501410341294,-0.4843670202648127,0.04805397326506773,1.722202513618399,0.9425287356321841,0.3286488848513725,1.3169616863726616,0.966614367209919,0.8958923036548718
1.6351501668520583,4.136858344036638,-1.869839207573478,-0.5348053436625264,0.06855197804351207,19.274917550261584,0.05188089637179427,4.205420893718459,-2.0707172842673094,-0.48292444729065664,0.04612289924398857,1.7702793307663753,0.938697318007663,0.3284799232717112,1.3106167265831412,0.9661174213873859,0.8915760044783273
1.6284760845383763,4.133315489941953,-1.8844132932439668,-0.530669149695143,0.06888785755261659,20.680980442969478,0.04835360696547397,4.202224699586388,-2.073331484074656,-0.4823155427296797,0.04355659699657911,1.7976043035007536,0.9348659003831419,0.3283192791823231,1.304324253253922,0.9656449387715386,0.8872954103768177
1.6218020022246944,4.129783907067076,-1.9016310303932757,-0.5258643680173805,0.06919740994961407,22.561394473779146,0.04432350142018926,4.199001325434205,-2.076666944316468,-0.4815408665972427,0.04046540362905922,1.8865169965196193,0.9310344827586208,0.32817055840938286,1.2978787060811643,0.9652075247334789,0.8829106844089553
1.6151279199110125,4.126318896736692,-1.9231328228140034,-0.5199848851504498,0.06947949494643446,24.827588190517968,0.040277774559750235,4.1958068759532,-2.0846053308837575,-0.4797071105905957,0.03743572615503117,1.9751332595957092,0.9272030651340997,0.3280342908267425,1.2910566539107384,0.9648067377257131,0.878269832592339
1.608453837597331,4.12287919056477,-1.940187050271367,-0.5154142224895963,0.06973504431526145,27.045698793392702,0.036974455999055245,4.1926097598058245,-2.090127263741394,-0.47843976649056685,0.03486757403918983,1.9830116735120364,0.9233716475095788,0.32790979529220554,1.2841682167741504,0.9644405743888398,0.8735838209347961
1.601779755283649,4.119456704979081,-1.949046811741638,-0.5130713095117585,0.06997303607211704,28.94224307650813,0.03455157215550031,4.1894184105159695,-2.089777958846581,-0.47851973735618003,0.032889000303688944,1.9767644896393988,0.9195402298850577,0.32779385326847404,1.2774121244014667,0.9640995684366883,0.8689878397288889
1.595105672969967,4.116050571009898,-1.957516313010082,-0.5108514260411425,0.07019624438852731,31.023896673644085,0.032233217204128195,4.186229729691323,-2.0893480054383837,-0.4786182088369628,0.031013461340438926,1.946428611069924,0.9157088122605366,0.3276842184507459,1.2706300524008063,0.9637771130904291,0.864374185306671
1.5884315906562851,4.112591465746425,-1.9700519649873394,-0.5076008236191001,0.07040329036182733,33.392318913878626,0.029947006752633065,4.18297989909246,-2.0935664380535193,-0.47765381686656383,0.029084299865805664,1.883601197002957,0.9118773946360155,0.3275819112220755,1.26412929526474,0.9634762094766925,0.8599519015406395
1.5817575083426032,4.109254828863702,-1.9814354708950839,-0.5046846161224039,0.07059598196475823,35.781884317271256,0.02794710281697821,4.179846160936328,-2.0975903344934768,-0.47673751330546565,0.027330226274606028,1.859397988065169,0.9080459770114944,0.3274866968908344,1.257860800985668,0.9631961673259833,0.8556876197181416
1.5750834260289213,4.105903223368018,-1.9925112063381714,-0.5018792350170997,0.07077633289108622,38.4614534331574,0.026000057479312666,4.176684191293707,-2.1013737250998874,-0.4758791775377631,0.025743338229827353,1.7923697740754787,0.9042145593869731,0.32739744078576105,1.251603281028301,0.9629336493698853,0.8514308034206131
1.5684093437152393,4.102508589266637,-2.0056538862035396,-0.4985905129886987,0.07094303501231303,42.163014341667875,0.023717469341648645,4.173479193045389,-2.1058259957647323,-0.4748730436471078,0.02371328620086491,1.8905374801167247,0.900383141762452,0.32731389801661975,1.24581932487265,0.9626879353429991,0.8474961393691496
1.5617352614015578,4.099177323003279,-2.018247281143386,-0.4954794238263389,0.07109291757640299,47.2698581389557,0.021155130126694566,4.170279106342568,-2.108262244381587,-0.47432429369968077,0.021243426627901168,2.21078483269832,0.8965517241379313,0.32723878436864734,1.2387636651995892,0.9624670128489627,0.8426963708840743
1.5550611790878759,4.095954793688465,-2.0313384714274014,-0.4922862506991805,0.07122541717195743,53.854678850298384,0.01856848878032924,4.167171756174073,-2.110961590187107,-0.473717761918806,0.018731824195486503,2.1470958336844035,0.8927203065134102,0.32717238219547007,1.2311524561743123,0.9622717123396178,0.8375186776696003
1.548387096774194,4.092684444808002,-2.0432768751316646,-0.4894099337054172,0.07134077282152418,61.93676260058838,0.01614549999083259,4.16401658643993,-2.1129836276757215,-0.4732644337145189,0.016381839173484077,1.8769026130168327,0.888888888888889,0.32711457171093644,1.2245260513356782,0.9621016815027542,0.8330109192759715
1.541713014460512,4.089403493484805,-2.0566690656943525,-0.4862230957231759,0.07144092996382617,70.80039901523399,0.014124214183945938,4.160850814263052,-2.1182003158738785,-0.472098881539182,0.014572079905856109,1.850572441608117,0.8850574712643678,0.32706434106161997,1.2187726983367884,0.9619539442988823,0.8290970736984955
1.53503893214683,4.0861713910314625,-2.071962147822871,-0.4826342995941104,0.07152930515768363,78.28987273238224,0.012773044138394418,4.157708154427106,-2.128287847505033,-0.4698612554557826,0.013412087991151017,2.1129179790907497,0.8812260536398467,0.32701944414773837,1.2124588911419647,0.9618218945521716,0.8248019667632414
1.5283648498331481,4.082935116041441,-2.08146145207209,-0.4804316692987527,0.07161142665977804,82.29632417696638,0.012151211004876039,4.154544439398103,-2.135472412501285,-0.46828045829386156,0.012845484318065141,2.31288235300127,0.8773946360153256,0.3269777242731171,1.2049470559015252,0.9616991890385796,0.8196918747629424
1.5216907675194666,4.079723960930636,-2.088315905973575,-0.47885475427329993,0.07169150152259855,86.4712027356011,0.011564543667302196,4.151405844248317,-2.139997751511408,-0.4672902106059382,0.012236420695347238,2.203217939427359,0.8735632183908048,0.3269370441448683,1.1976224312774297,0.9615795416025538,0.8147091369234216
1.5150166852057847,4.07656584703993,-2.1004117748712083,-0.476097121509099,0.07176579209248951,93.95417241791188,0.010643486864553076,4.14832029031863,-2.148441704110033,-0.46545363464457523,0.011313658946685897,2.037070886371636,0.8697318007662836,0.32689930258897437,1.190826908707742,0.9614685370263951,0.8100863324542463
1.5083426028921028,4.073421258955873,-2.1170356360569005,-0.47235860510244265,0.0718335725374758,102.2593037368339,0.009779061302563896,4.145248262195592,-2.16179036320008,-0.46257954379984767,0.010489571587700142,1.8886905635497033,0.8659003831417625,0.32686486834709516,1.1846268816469205,0.9613672598443975,0.8058686269706943
1.5016685205784208,4.070268517690116,-2.1295920129322448,-0.4695735116995934,0.07189632461265721,108.57964195362125,0.009209829596114716,4.142168080890853,-2.172195676753993,-0.4603636821036048,0.00995607853345295,1.7926329420492888,0.8620689655172414,0.3268329886488186,1.1788868106821138,0.9612734960259369,0.8019638167905536
1.4949944382647389,4.0671117787087265,-2.1374855955008294,-0.46783941005492125,0.0719565068591147,114.17414346852921,0.008758550488058958,4.139083901870483,-2.1782655041275274,-0.4590808595669955,0.009495341980314723,1.972519762496583,0.8582375478927203,0.32680241449086245,1.1733818076286089,0.9611835720319483,0.7982189167541557
1.488320355951057,4.063993296264155,-2.1444058036396507,-0.4663296463303368,0.0720132351864689,122.59321153595296,0.008157058514669302,4.136011664031527,-2.1825836520855724,-0.458172587815568,0.008856128857288637,2.4035759825831837,0.8544061302681992,0.3267735950143023,1.1660558858536405,0.961098808865595,0.7932352964990752
1.4816462736373754,4.060912456181588,-2.152975558420347,-0.4644734567881983,0.07206538861904355,133.09517246001826,0.00751342052094639,4.132976162897623,-2.1883751764568413,-0.45696003626721904,0.008203682999248325,2.365798383684285,0.8505747126436783,0.32674709970415106,1.1584054411323508,0.9610208814827971,0.7880309123349325
1.4749721913236935,4.057830547541663,-2.164462547561761,-0.4620084561530007,0.0721135255604971,143.22601548426366,0.0069819717920580615,4.129939593206362,-2.1976742769260915,-0.45502648436087156,0.007726517435635566,2.2123961731937647,0.8467432950191572,0.32672258928371095,1.151344179937024,0.9609487920109145,0.7832273332904925
1.4682981090100116,4.054768812416091,-2.1754981292262694,-0.45966484023392695,0.07215858512794755,150.1663695486911,0.006659280656550415,4.126923197029453,-2.207478426827543,-0.4530055595773774,0.007457773847945019,2.1244763453679383,0.8429118773946361,0.32669938607150334,1.144734342138687,0.9608805472691274,0.7787308449923042
1.4616240266963296,4.051649496568259,-2.185048602291433,-0.45765572397397136,0.07220241473500055,150.64780534876897,0.006637999124413874,4.1238492201302845,-2.217207761254596,-0.45101772484963476,0.007466923365537437,2.1270827442842983,0.839080459770115,0.3266768162216142,1.138304928591747,0.9608141653576887,0.7743570942801
1.4549499443826477,4.048596719041039,-2.1946074466221606,-0.45566235617178563,0.07224719023305652,146.4520306875151,0.006828174353783467,4.120841781551729,-2.227994302816782,-0.4488341818180288,0.007711195499136175,2.1966679020310176,0.8352490421455939,0.3266537592896044,1.1317367612471498,0.9607463508517775,0.7698889532293537
1.4482758620689657,4.045586799835859,-2.203761932788486,-0.4537695225249081,0.0722935583303792,146.33270053730303,0.006833742535524934,4.117877201295212,-2.2374579185043846,-0.44693577998930323,0.007751218112625571,2.2080690382667507,0.8314176245210728,0.326629882256097,1.1249349737542391,0.9606761242826383,0.7652618869076456
1.4416017797552838,4.042606605952771,-2.212790880295183,-0.4519179868757419,0.07233840815344172,153.0161597494385,0.006535257463247568,4.114942346360787,-2.245259939286718,-0.44538272941247214,0.007435769724633903,2.1182080888555417,0.8275862068965517,0.3266067870507749,1.1183559035922057,0.9606081972081614,0.7607863289742897
1.4349276974416023,4.03957007843795,-2.224919708220973,-0.449454421346104,0.07238079202288085,163.37614918150368,0.006120844474605924,4.111951157794629,-2.2556378586452697,-0.44333357687150965,0.006994678279892657,1.9925555336008576,0.8237547892720308,0.32658496167666634,1.1121385668952528,0.9605440049313715,0.7565568482280631
1.4282536151279204,4.036557574648752,-2.2361135935040046,-0.4472044724852253,0.07242011019314724,177.38621893065186,0.005637416514249871,4.108983992954095,-2.264661700817167,-0.4415670559709497,0.006466157943663885,1.8419973408689738,0.8199233716475097,0.3265647149699195,1.1063709410015052,0.9604844557938809,0.752633293198303
1.4215795328142384,4.0335861118677325,-2.2438059473913294,-0.445671338540933,0.07245604118658608,195.05849009572066,0.005126667388378081,4.106051010542373,-2.2699173670260757,-0.44054467115256557,0.005894796770805717,2.071985218612929,0.8160919540229886,0.32654621247394,1.1011001838237988,0.9604300366880587,0.7490477440978223
1.4149054505005565,4.030639751683513,-2.2505566543321507,-0.4443345152298548,0.07248854179343706,215.9691520273078,0.0046302909031821216,4.10313009315236,-2.2742560673168852,-0.4397042243267606,0.005338264678003755,2.7126355261593744,0.8122605363984675,0.3265294764393904,1.092601532735994,0.9603808130570305,0.7432663487999959
1.4082313681868746,4.027656405722276,-2.262259562086625,-0.44203592583232876,0.07251784707183434,238.6645744346945,0.004189980864854448,4.100172189985329,-2.2839083277896006,-0.437845944967421,0.004860445825388715,2.47106560504281,0.8084291187739464,0.3265143858241908,1.0849294175600708,0.9603364288946787,0.7380472228299801
1.4015572858731926,4.024716678713869,-2.275395336441655,-0.43948406854161703,0.07254447034780664,259.9136876822381,0.0038474310795919564,4.097257905771128,-2.295491044614605,-0.43563663746198245,0.004496506921384292,2.286037947019417,0.8045977011494253,0.32650067629351837,1.0779594500050507,0.9602961067456421,0.7333057483027556
1.3948832035595111,4.021804837898614,-2.2839758677199287,-0.43783299733297554,0.07256920321527717,274.39845759940107,0.003644335353589767,4.09437150775008,-2.3031462761858115,-0.4341886619794195,0.004284003924094593,2.178000769683431,0.8007662835249044,0.32648794021980765,1.0714843909630491,0.9602586477053165,0.7289009462333668
1.3882091212458292,4.018848423018107,-2.2921996586806106,-0.4362621712349437,0.07259311553606367,276.06102381999807,0.0036223874930350064,4.0914405356637795,-2.3113916879096443,-0.4326397837418767,0.004274524717218861,2.173181511755518,0.7969348659003833,0.3264756266827504,1.0652241508550893,0.960222431419854,0.724642279493258
1.3815350389321472,4.015995009110082,-2.3049955221462395,-0.4338403222010925,0.0726175554398783,267.5910717934723,0.0037370454600660352,4.08861256454996,-2.3250229748944555,-0.4301032767409083,0.0044314197510909705,2.2529474294773886,0.7931034482758622,0.32646304146929556,1.058825789631135,0.9601854160861634,0.720289652810296
1.3748609566184653,4.013091974852257,-2.320352041647014,-0.430969086609025,0.07264299823408457,262.31719124778897,0.0038121786652380862,4.085734973086342,-2.3410601149207566,-0.42715690794375405,0.0045549983153964895,2.3157751516204,0.7892720306513411,0.3264499398221532,1.05216487193223,0.9601468818298623,0.7157584162804286
1.3681868743047834,4.010244457206519,-2.3304416026858368,-0.42910322183035987,0.07266844102829083,262.3171912478501,0.003812178665237198,4.08291289823481,-2.351330967512729,-0.42529104316514577,0.004574804764042914,2.3258448110184933,0.78544061302682,0.3264368381750109,1.0455039542333282,0.9601083475735613,0.7112271797505635
1.3615127919911014,4.007306413019477,-2.3403237012179514,-0.42729131849563373,0.07269388382249709,262.31719124778897,0.0038121786652380862,4.080000296841974,-2.3613914026566825,-0.4234791398304196,0.00459420395062502,2.3357074171304415,0.7816091954022989,0.3264237365278685,1.0388430365344268,0.9600698133172603,0.7066959432206985
1.35483870967742,4.004504032538701,-2.3520070768056143,-0.42516878875983366,0.07271932661670336,262.31719124766676,0.0038121786652398626,4.077223359155405,-2.373286608166194,-0.4213566100946764,0.004617139158361828,2.3473677472824974,0.777777777777778,0.32641063488072614,1.0321821188355216,0.9600312790609592,0.7021647066908311
1.348164627363738,4.00168869193819,-2.3587120813079347,-0.42396018061072027,0.07274476941090963,262.31719124778897,0.0038121786652380862,4.074433461349099,-2.3801136632075814,-0.420148001945563,0.004634953338266922,2.3540595261761066,0.7739463601532569,0.3263975332335838,1.0255212011366164,0.9599927448046581,0.6976334701609636
1.341490545050056,3.99889521152274,-2.3633110558310584,-0.42313515926423406,0.07277021220511588,263.4083893907476,0.0037963862970080697,4.071665423727856,-2.3847067442013827,-0.419338772967194,0.004655828667286117,2.348822652079056,0.7701149425287358,0.3263844051740598,1.018860283437715,0.9599541328648817,0.6931022336310986
1.334816462736374,3.996031920988166,-2.3685352218704723,-0.42220187006984133,0.07279544420019116,266.0667703958669,0.0037584550619085277,4.068827575987489,-2.389809384337155,-0.41844341500791415,0.004645724943449455,2.3304133466214267,0.7662835249042147,0.3263712365200272,1.0122545529030493,0.9599154015294917,0.6886085393898295
1.3281423804226922,3.9932232754185413,-2.376860593013567,-0.4207230339630996,0.07282038068202679,266.72091958012817,0.0037492372235901072,4.06604437321207,-2.3982322338223816,-0.4169737967395122,0.0046506997751169345,2.332908848239921,0.7624521072796936,0.3263582220952422,1.0057261876668742,0.9598771238095357,0.6841674746033157
1.3214682981090102,3.990442558460744,-2.3838848370408217,-0.41948335106712875,0.07284548963587868,262.93353024006706,0.003803242587915534,4.063289099048479,-2.4056960619519048,-0.41568010847913683,0.004730690666068482,2.3730343059719363,0.7586206896551725,0.3263451176567937,0.9991526692963224,0.9598385813435107,0.6796956933988588
1.3147942157953283,3.9876134539326373,-2.389127052546694,-0.4185629219400653,0.07287114699020808,255.97195507481817,0.003906677978482875,4.060485437314578,-2.411636179515723,-0.4146562439616446,0.004868438037246884,2.442131877649195,0.7547892720306514,0.32633172700648844,0.9924355798062992,0.9597991970779071,0.6751262447661899
1.3081201334816468,3.9848172569623936,-2.3981252306334366,-0.41699240190882847,0.07289763661668157,247.17294590484053,0.004045750218897304,4.057714683138541,-2.4216203131993383,-0.4129466516899356,0.005059610361518973,2.538028759494233,0.7509578544061305,0.3263179019908509,0.9855006016594744,0.9597585352672084,0.6704085725574656
1.3014460511679649,3.9820178145667127,-2.4093325868194504,-0.4150527019269248,0.0729251503301711,237.7179382535998,0.004206666132755998,4.054940683537066,-2.4340018227679034,-0.41084603579417944,0.005284800868516824,2.4890594812927658,0.7471264367816094,0.32630354250112303,0.978297517766279,0.9597163014738912,0.6655085154872646
1.294771968854283,3.9792889061834424,-2.414672134115717,-0.41413489884257615,0.07295378788875395,228.5383861699294,0.0043756325436570265,4.052239958336705,-2.440457317858972,-0.4097592662990337,0.005510260279762731,2.313399409796218,0.7432950191570883,0.32628859647326475,0.971666629184838,0.9596723425684256,0.6609977069284613
1.288097886540601,3.9765577876972267,-2.417007865981653,-0.4137346899340173,0.07298355699371269,220.31982053793797,0.004538856275202008,4.049540864705514,-2.4438176485297274,-0.40919583365871404,0.005721790589455252,2.2790694494538326,0.7394636015325672,0.32627305988795335,0.9654781893287562,0.9596266467292746,0.6567878838971131
1.281423804226919,3.973807659482064,-2.4294036045118137,-0.41162365863903005,0.07301437328953529,213.5591182387931,0.004682544150991674,4.046822761345376,-2.4573579920977777,-0.4069411144878927,0.005934159571707552,2.3636589939195733,0.735632183908046,0.3262569767705842,0.959072058088003,0.9595793434428945,0.6524299714884374
1.274749721913237,3.9710351630197294,-2.4408946072578934,-0.4096858574010298,0.07304606036391503,208.64181919012847,0.004792902994623205,4.044082289738066,-2.4697885925574443,-0.40489295440647766,0.006104517885912627,2.4315151000234616,0.7318007662835249,0.32624043919127,0.9524849082799709,0.9595307035037351,0.6479489171972591
1.2680756395995556,3.9682943393855563,-2.4464074624722922,-0.40876265108732923,0.07307834974775052,205.92488607288632,0.004856139629699996,4.041373490958917,-2.475820447636273,-0.4039065114575351,0.006200032553634068,2.469559931930099,0.7279693486590041,0.32622358726484135,0.9457725496070176,0.9594811390142393,0.643382686807495
1.2614015572858737,3.9655552251984254,-2.4499823021957834,-0.4081662137329545,0.07311088091514573,205.8265003539609,0.0048584608798201145,4.038666401626811,-2.4794960992589465,-0.40330775285303844,0.0062121677255990385,2.4743935411426046,0.724137931034483,0.32620660915084654,0.9390099286564566,0.9594312033848427,0.6387822643921474
1.2547274749721917,3.9628076442487314,-2.4560230952649964,-0.40716229498326584,0.07314320128340997,207.446084497208,0.0048205296447205725,4.035950845532142,-2.4854491533056935,-0.40234176533846266,0.006178844236995981,2.4611203282120306,0.7203065134099618,0.3261897410535515,0.9322911289005715,0.9593815913339748,0.634211652313314
1.2480533926585098,3.960159452215343,-2.4664725672371377,-0.40543730884473916,0.07317522613843455,208.4032014683512,0.004798390777849271,4.033334678353778,-2.4960131302886905,-0.4006389180670453,0.006176773838574347,2.4602956594770298,0.7164750957854407,0.32617302718550395,0.9256337608173156,0.959332432898541,0.6296828304879698
1.2413793103448278,3.957490145318117,-2.4789954722168397,-0.4033891998623744,0.07320725099345912,220.137808915768,0.00454260903624526,4.030697396311576,-2.507229654210178,-0.39884659082616736,0.005842002914886445,2.3269517048545554,0.7126436781609196,0.3261563133174564,0.9189763927340625,0.9592832744631071,0.6251540086626276
1.234705228031146,3.9547569270737535,-2.4932063087613625,-0.4010899525185323,0.0732358616316881,258.6323526580131,0.0038664922996787254,4.027996202922237,-2.5174746714341474,-0.39722346021869726,0.004916497497429022,1.9583099153208032,0.7088122605363985,0.3261413813394117,0.9130287764328807,0.9592393568806226,0.6211080111788304
1.2280311457174644,3.9520678590537166,-2.505645268363677,-0.39909879208602206,0.07325886156920568,273.56538192252106,0.0036554332751181917,4.025339159757225,-2.5288071672442882,-0.39544335881083725,0.004747783097595309,1.8911086033682167,0.7049808429118776,0.32612937760292404,0.9082475198173916,0.9592040517733059,0.6178554556580895
1.2213570634037825,3.9493901115030177,-2.507609455280453,-0.398786181753394,0.07328465495682872,218.5383298624597,0.004575856329776862,4.022693437061551,-2.536716913554738,-0.39421032542361445,0.0057085985819014945,2.2738148878122733,0.7011494252873565,0.32611591595643424,0.9028855571983926,0.9591644586953947,0.6142078620397229
1.2146829810901005,3.9467359146170957,-2.4980283841163935,-0.40031570752296375,0.0733199408528067,157.22703665284294,0.0063602292664715065,4.020071265030653,-2.5383578987796183,-0.39395547825654376,0.007839006235093888,3.1223861385952048,0.6973180076628354,0.32609750014131617,0.8955502797243002,0.9591102945332828,0.6092178773634696
1.2080088987764186,3.9440760427083537,-2.4865333054379706,-0.4021663405083018,0.07336955234414536,113.66326610792947,0.008797917165695779,4.017443417976936,-2.5421460917034633,-0.393368423342622,0.010899493533156942,3.9854440367251684,0.6934865900383143,0.326071607754942,0.8852369790474621,0.9590341404557117,0.6022020265628995
1.2013348164627367,3.94144925325616,-2.4775609856205296,-0.4036227587550343,0.07343737689951232,85.60935222665368,0.01168096678681163,4.014848653379767,-2.551399265126562,-0.39194179196817913,0.014704786821754723,1.734751598774131,0.6896551724137931,0.32603607814485464,0.8740955338451377,0.9589296416025136,0.5946228121395495
1.1946607341490547,3.938772090439469,-2.4650161354351994,-0.4056768576987224,0.0735254718118225,68.64353536930996,0.014568014229160653,4.012247900236443,-2.5568330062011424,-0.39110884346951025,0.01867338499662395,1.559096548296443,0.685823754789272,0.3259894852091642,0.8702053508267361,0.9587926035563652,0.5919764291338341
1.1879866518353728,3.9360187718192026,-2.4487638058762986,-0.4083693158157189,0.07363183315173694,57.438666631035225,0.017409874891832544,4.009643930398792,-2.5578100828997914,-0.39095944092389345,0.022238453716218715,1.8567547573537289,0.6819923371647509,0.3259332312560059,0.8655085406761929,0.9586271507529583,0.5887813201878863
1.1813125695216913,3.933207511129843,-2.4332888151123964,-0.4109664228057568,0.07375786168802048,49.37403923197391,0.0202535586627155,4.006982018492049,-2.5594243030449566,-0.3907128641430404,0.0258397144889964,2.1571602725872467,0.6781609195402301,0.3258665754261488,0.8599432468490297,0.9584311041945551,0.5849954060197481
1.1746384872080093,3.9304722758510486,-2.4208883708636595,-0.4130715038476751,0.07390218098705681,43.91889667951543,0.02276924229898558,4.004396966576048,-2.562116847676096,-0.3903022615486975,0.02901141684177238,2.383501665645687,0.674329501915709,0.3257902457080918,0.8535722650047877,0.9582066050237993,0.5806614047651617
1.1679644048943274,3.9276928321446714,-2.415074493219776,-0.4140659026491562,0.07406178928266768,40.807671462853904,0.02450519630629433,4.001772301395793,-2.5669940107349816,-0.3895607063429338,0.031464011736702706,2.51750378882152,0.6704980842911878,0.3257058297201755,0.8467751175116139,0.9579583227063985,0.5760374949058599
1.1612903225806455,3.9249732983622283,-2.4204232270610375,-0.4131508856879691,0.0742292803815791,41.678103035134164,0.0239934144593148,3.999207546139471,-2.569653864906607,-0.38915747122865696,0.031018218488016912,2.463413497652117,0.6666666666666667,0.32561601701212883,0.8396422695682327,0.9576941676827317,0.5711852173933556
1.1546162402669635,3.922202607461008,-2.4294685709636457,-0.4116126514052212,0.07438205732884319,44.34467000671545,0.02255062445720224,3.996593107199868,-2.570284249646838,-0.3890620269479541,0.029365465438851483,2.0623820911275725,0.6628352490421456,0.32553409281218443,0.8331360448125811,0.9574532141534836,0.5667592141582184
1.1479421579532816,3.9194419093912827,-2.4335898228879405,-0.41091559086703455,0.0745302898292837,44.35478209911963,0.02254548332049744,3.99402208500276,-2.574863462889587,-0.3883701075465069,0.02940747648964733,1.900792776878334,0.6590038314176245,0.32545460549932864,0.8279966292054893,0.9572194279392018,0.5632630130649587
1.1412680756396,3.9166538050996813,-2.4222629009118704,-0.4128371035297391,0.07468299815180868,39.21936716338604,0.02549760672664725,3.9914236565837764,-2.5817145120841696,-0.3873394968031221,0.032603349240812825,2.0957678881582797,0.6551724137931036,0.32537271809830554,0.8227055795568458,0.956978582642075,0.5596636595624801
1.1345939933259181,3.913891587279365,-2.39423450273239,-0.4176700314270647,0.07487063608147476,32.32162157174245,0.030939041773642373,3.9888585544456507,-2.585776745990912,-0.3867309896534721,0.03960163331207116,2.447540657466706,0.6513409961685825,0.3252708667809821,0.8162209949259066,0.956679019944065,0.5552523775006167
1.1279199110122362,3.91108531032408,-2.330012579829523,-0.4291822321719678,0.07509597757481613,23.417713626264558,0.04270271709525186,3.986256738293627,-2.587459259779103,-0.386479515076644,0.04998775980509483,2.8076230361875147,0.6475095785440614,0.3251484328951878,0.8089878260271917,0.9563189202799641,0.5503318544402664
1.1212458286985543,3.908223229436318,-2.218285848162742,-0.4507985302382167,0.07544063897929792,15.316349664199745,0.06528970818271329,3.983641049489483,-2.5939743600891827,-0.3855088220554421,0.0733943806851309,2.506183330268476,0.6436781609195403,0.3249603405815752,0.7997269248966189,0.9557657075928682,0.5440319216983802
1.1145717463848723,3.9051668068655347,-2.086607042796269,-0.47924692071387653,0.07596747534811155,10.464606533295209,0.09556021020172167,3.9810810094742033,-2.6062930317944724,-0.3836867105121655,0.10495347178506213,2.1358909639570283,0.6398467432950192,0.3246701977924568,0.7929958101419826,0.9549123464484023,0.539452932069376
1.1078976640711904,3.902031890107057,-1.9497890826870257,-0.5128759868846373,0.076716192396896,7.665704637265448,0.13045115189263612,3.97857435338188,-2.6148929371197203,-0.38242483499209357,0.1387813158671864,1.9233672903878327,0.6360153256704981,0.3242516710967719,0.7860707691853758,0.9536813855787407,0.5347420198539972
1.101223581757509,3.8985368697726797,-1.8222462410723315,-0.5487732543827519,0.07770875879940364,5.986106013866017,0.1670535065171972,3.9760246889524025,-2.619722992042112,-0.3817197478655885,0.17164126814857097,1.6282133181680716,0.6321839080459772,0.3236873964118177,0.779735519714571,0.952021754152405,0.5304323263364429
1.094549499443827,3.8948054725441614,-1.706754641649556,-0.5859072977434607,0.07894605010346589,4.883732242588861,0.20476143046488993,3.973434188399178,-2.6236674350950255,-0.381145867278633,0.2033421387710728,1.3009099014922603,0.6283524904214561,0.32296683325893905,0.7740356711665533,0.9499024507615853,0.526554878344594
1.087875417130145,3.8905355608684458,-1.6232788004272065,-0.6160371217420106,0.08044194808258351,4.247156574026213,0.2354516445462762,3.9709131850448562,-2.6275306335079414,-0.3805854771957229,0.2315508570995091,1.2021499141466874,0.624521072796935,0.32207042920401296,0.7693165706925864,0.9472659682470969,0.5233446059133241
1.081201334816463,3.886264978565926,-1.5789227976229685,-0.6333431891068244,0.08208889741665315,3.9554791976504555,0.25281386907406755,3.9684116448113635,-2.627918395129508,-0.3805293200326787,0.2505725708674637,1.25821232482303,0.6206896551724139,0.32105155381169653,0.7641219010992939,0.9442692759167545,0.5198108170743496
1.0745272525027811,3.8819655486718836,-1.5596964184375308,-0.6411504111817976,0.08381654922706498,3.840906879530479,0.26035517948361253,3.9658709843628874,-2.626083303460158,-0.3807952316982437,0.2638504784342678,1.2807989832747686,0.6168582375478928,0.3199468567198976,0.7586725162370648,0.9410201668232281,0.516103752542221
1.0678531701890992,3.877624550080908,-1.5654124178481397,-0.6388092930645257,0.08556416121398727,3.86408230731041,0.2587936592624107,3.963278863664745,-2.6314706844942584,-0.38001563380220205,0.271842085798405,1.2776315797991271,0.6130268199233717,0.3187914454775432,0.7531601747528439,0.9376218984633622,0.5123538603760843
1.0611790878754173,3.873359119212093,-1.6030653984921326,-0.6238048684355704,0.08727096959541755,4.071520118753785,0.2456085125046812,3.960753193773792,-2.644129125831118,-0.37819635593086787,0.27141754725875444,1.242007179045212,0.6091954022988506,0.3176287428976706,0.7477767631468802,0.9342021849931488,0.5086916756101226
1.0545050055617358,3.8691491795834514,-1.6704150653126781,-0.5986536045834896,0.08884258407278163,4.507662120509128,0.2218444890645559,3.95822207674264,-2.653863611082386,-0.376809115518995,0.2608696474392851,1.4040883161295894,0.6053639846743297,0.31653009724327913,0.7428008621543674,0.9309708742449386,0.5053067089485492
1.0478309232480538,3.8655369171301803,-1.7386954154154821,-0.5751438642639073,0.09023218635712454,5.02659202829995,0.198941946028234,3.955732077848708,-2.658146999063325,-0.3762019182356653,0.24832365130922238,1.5643043949432882,0.6015325670498086,0.3155382538368876,0.7358118805621463,0.9280536877555517,0.5005522997021403
1.0411568409343719,3.8616969835219486,-1.7996189539815446,-0.5556731872530918,0.09149809391965463,5.553913262463008,0.18005322603049212,3.9532191565921693,-2.6622653299502814,-0.37561996122252594,0.23554326490302685,1.4910875780156427,0.5977011494252875,0.3146203906720908,0.7304309080280768,0.9253540902120317,0.49689177416875974
1.03448275862069,3.8580249458414997,-1.8667283915218391,-0.5356965718964375,0.09263556645986751,6.208013938174265,0.16108211256595428,3.9507172131891237,-2.6694111107913185,-0.3746144593305303,0.22057775523690396,1.53937562006307,0.5938697318007664,0.3137862033520438,0.724720833060753,0.9229005980942464,0.4930073694290837
1.027808676307008,3.8545208458478157,-1.9292373209753835,-0.5183395475132215,0.09364824447670855,6.932072902198025,0.14425699413560977,3.948251511864256,-2.673206731965478,-0.3740825533776615,0.20567061441971896,1.7646566687155256,0.5900383141762453,0.3130371519311248,0.7194094866086866,0.9206975056797787,0.48939420857733784
1.021134593993326,3.8513523598287223,-1.9779168609456617,-0.5055824234805755,0.0945611325662383,7.593368939804298,0.13169385129675693,3.9457735631123967,-2.674593647403658,-0.3738885721839438,0.1936429170897437,1.842325612174341,0.5862068965517242,0.3123582975919802,0.7113793348309272,0.9187008752705299,0.4839315202931478
1.0144605116796446,3.8479139002998326,-2.010121780971007,-0.49748229657853926,0.09540611568422919,8.058899250060314,0.12408642532570635,3.9432524582636814,-2.678122810101528,-0.37339587125285334,0.18618054376810883,1.6125945718728318,0.5823754789272033,0.311727791193234,0.7060100765161543,0.9168464446859823,0.4802789636164315
1.0077864293659626,3.844458308243822,-2.050671478179828,-0.48764514971827566,0.09621745859950685,8.682196117748676,0.11517823214747924,3.940705289419457,-2.684802200748523,-0.3724669175707618,0.1766753142694874,1.7685768932735952,0.5785440613026822,0.31112130169493957,0.7006711014727399,0.9150626520439399,0.47664700780458497
1.0011123470522807,3.8412844029059148,-2.0993126117487977,-0.4763463975796185,0.09694353368842248,9.518447759516416,0.10505914675007944,3.9382268535673743,-2.6933324474943015,-0.3712872508294822,0.17002924290261645,1.966519829854937,0.5747126436781611,0.31057352431982865,0.6942816261170724,0.9134515421171431,0.4723004259299813
0.9944382647385988,3.8381711230860684,-2.1276213521357037,-0.47000844346490567,0.0976198053859373,10.044254351248927,0.09955940630631854,3.935791618818722,-2.6994266408949987,-0.3704490371586644,0.1723270286481927,1.8946808562885624,0.57088122605364,0.31004006908134013,0.6881604955327607,0.9118825561215885,0.46813639151888486
0.9877641824249168,3.835020493390522,-2.1493780631296566,-0.4652508635655863,0.09827246903400183,10.34633884444088,0.09665254686079638,3.9333278832431136,-2.712980376415085,-0.3685983167048903,0.17899616564492524,1.9447420201469172,0.5670498084291188,0.30949185015365754,0.6823786339166039,0.9102701475107574,0.4642031523242203
0.9810901001112349,3.8319569491123415,-2.1890289656979016,-0.456823557691564,0.09890993949308921,10.982415981564245,0.09105464605225855,3.930876384314519,-2.733966633518368,-0.3657689116392362,0.18057099453883826,2.0934367582063578,0.5632183908045977,0.3089278328480162,0.6760225540817866,0.9086112730824005,0.4598792884910113
0.9744160177975534,3.8289619275644227,-2.233501519910786,-0.44772747682748104,0.0994878814395937,11.933244153993021,0.08379950892611099,3.9284373539598234,-2.747796509750631,-0.36392796790136117,0.17842124401970258,2.196758324378318,0.5593869731800769,0.3083901811896019,0.6696114949253933,0.9070299446752995,0.45551802375877093
0.9677419354838714,3.8260364996241356,-2.254788929127358,-0.4435004922553958,0.10002850913392713,12.538090178436478,0.07975696344247396,3.926006070984187,-2.7491898021211596,-0.36374352881290406,0.17934592900685684,2.1068734942902365,0.5555555555555558,0.3078615073322798,0.6628728762443514,0.9054750215655287,0.45093392941792615
0.9610678531701895,3.8230627983777667,-2.2679269060206515,-0.44093131808847374,0.10055249051780249,13.012287873634355,0.0768504362731024,3.9235702022635834,-2.7466424356422876,-0.36408088181531184,0.18142091974435512,1.8079197301043797,0.5517241379310346,0.3073284124505152,0.6570189799815657,0.9039070954426917,0.4469516870622896
0.9543937708565076,3.8200361469352915,-2.287165111617805,-0.4372224790070618,0.10105432140898524,13.572713721466647,0.0736772336410807,3.9211540487640386,-2.750689254630002,-0.36354524536596955,0.18303725884067376,1.8318605489623234,0.5478927203065135,0.3067937154217039,0.6520835313607181,0.9023344571226585,0.4435942390208967
0.9477196885428256,3.8171916530467787,-2.3114535399044707,-0.43262820676955016,0.10153594636173238,14.096980909447161,0.07093717487620665,3.9187822536031085,-2.7647906965374998,-0.36169103189342877,0.18521724157058275,2.2387653075077867,0.5440613026819924,0.3062601940916339,0.646129781967199,0.9007652767400997,0.43954406936544144
0.9410456062291437,3.814354487792459,-2.3394026538719377,-0.4274595475665137,0.10200120249743294,14.59895609552996,0.06849804831635797,3.9163446618939775,-2.785814083373743,-0.3589614992501424,0.18817344229777935,2.4141858583976226,0.5402298850574713,0.30572408164498033,0.6388936441110604,0.8991884754264127,0.43462152660616354
0.9343715239154617,3.8115034898794002,-2.362288045821588,-0.42331840173716273,0.10245026958731225,14.978376594106468,0.06676290943261964,3.9139083193669753,-2.8046125261922827,-0.3565554923045511,0.19186409511533992,2.144619448895254,0.5363984674329502,0.30518649154857325,0.6323027956699191,0.8976073280840389,0.43013795623804024
0.9276974416017802,3.8086335553935697,-2.381804252924756,-0.41984978352945745,0.10289236480354132,15.28254004101801,0.06543414885981136,3.9115136976087155,-2.8215459538976018,-0.3544156346695786,0.19641250550470546,2.0171342137969464,0.5325670498084293,0.3046397295967327,0.626641568323779,0.8959992046962726,0.4262867811726388
0.9210233592880983,3.8058188794675356,-2.402697075029505,-0.4161989500851746,0.10332369537854441,15.605908935905628,0.06407829265870113,3.909160846854963,-2.83993562692,-0.35212065742649656,0.2008033363790576,2.1689141230377587,0.5287356321839082,0.304085582994849,0.6209984367960961,0.8943693617495558,0.42244791618782046
0.9143492769744164,3.8031153676943097,-2.4142495126881065,-0.4142073943660307,0.10374769240299006,15.692937139475799,0.06372293415261865,3.906855475272724,-2.8531935464160214,-0.3504844602134085,0.20699446698458715,2.393943727426644,0.5249042145593871,0.3035240099423242,0.6144518959253095,0.8927176763009534,0.4179944870240201
0.9076751946607344,3.8004586133357128,-2.427006147985244,-0.41203027064028674,0.10417427959415224,15.802289498234604,0.06328196936980035,3.9045900751737284,-2.8673974793781296,-0.34874830127034784,0.21364432430695646,2.212372441570592,0.521072796934866,0.3029402341940178,0.6077590793078202,0.8910006888059346,0.41344155054953763
0.9010011123470525,3.797683713816945,-2.4514668828627806,-0.40791903288214826,0.10459239054808195,16.308100055975196,0.06131922152596836,3.902255977905546,-2.885171795354102,-0.34659981135621365,0.21583531046937995,1.967606681930403,0.5172413793103449,0.3023488311131364,0.6021160376865117,0.8892612679798128,0.40960274672551816
0.8943270300333706,3.794859098081771,-2.477283359581161,-0.40366799225142813,0.10499277865790266,17.032872230120514,0.058710004190110965,3.8999001850183337,-2.8989037349733824,-0.3449579880613669,0.21493885711014074,1.9953177454251627,0.5134099616858238,0.30176500357921265,0.5969998442907825,0.8875441281741547,0.4061223430549541
0.8876529477196891,3.792173944155594,-2.4961088387496893,-0.400623556343362,0.10537606134928476,17.577347658978614,0.05689140474440091,3.8976060928243164,-2.909241964559584,-0.34373215159894244,0.21601263566264708,2.2924864534737885,0.5095785440613029,0.3011906307228154,0.5912952624495457,0.8858547962435745,0.4022416751357454
0.8809788654060071,3.7895294931474197,-2.509194297803331,-0.39853430277418056,0.10575217449431287,17.727575995287083,0.056409291392452765,3.895303276253839,-2.9229081965138586,-0.3421250113817109,0.22144541196621584,2.602893658463636,0.5057471264367818,0.3006097491972485,0.5845682575296418,0.8841463211683778,0.39766548131268153
0.8743047830923252,3.7868900800704837,-2.528626022557497,-0.39547168742200256,0.10612902185730416,17.8272483393036,0.056093906416017525,3.89298863981814,-2.9465688562050927,-0.33937778100590776,0.22800930163042618,2.5204449723985487,0.5019157088122607,0.3000120393201107,0.5774210348098381,0.882388350941502,0.3928034250407062
0.8676307007786432,3.7843109364834375,-2.556706632901046,-0.3911281752593254,0.10650092519174582,18.134824415502017,0.055142524520126024,3.8907666806804344,-2.976317583206119,-0.3359856507391896,0.23287692332162951,2.3192607094117927,0.49808429118773956,0.29940592542691064,0.5711565222216346,0.8806056630203253,0.3885418518514521
0.8609566184649613,3.7817348690993158,-2.5868731349816048,-0.38656708227290437,0.10686507335256724,18.474868756053443,0.054127583432620696,3.888564116014688,-3.008066139819275,-0.33243949884030144,0.23752779363486298,2.2308923072285705,0.49425287356321845,0.29879616021161176,0.5652910291142247,0.8788122359165051,0.3845517204858671
0.8542825361512794,3.779144563022924,-2.609784993261947,-0.38317332752768607,0.1072234290862858,18.63261338477057,0.05366933662764417,3.8863555477916947,-3.0348646074619943,-0.32950399090003657,0.24365526607901555,2.208918217616946,0.49042145593869735,0.29818015530817343,0.5596397252034361,0.8770004567887454,0.38070729605675924
0.8476084538375979,3.7765581359133193,-2.628226609949106,-0.38048469497056203,0.10758146049331445,18.82895208824612,0.05310970017414007,3.88414986754977,-3.054601041297961,-0.32737499479640064,0.24874865507642707,2.1969272871298737,0.48659003831417647,0.2975495148207601,0.5539931865916917,0.8751456318257649,0.37686611332768144
0.8409343715239159,3.7740208839627205,-2.643448270878039,-0.3782937653884346,0.10793234610752012,19.359067631398744,0.05165538026108685,3.881993487147675,-3.0614895417459396,-0.32663838512729626,0.24914454342637943,2.26836518900395,0.48275862068965536,0.2969167938368409,0.5484799263955632,0.8732846877554143,0.373115596187458
0.834260289210234,3.7715100086406235,-2.662695801870333,-0.3755592356053512,0.10827096501292853,20.156799070342323,0.04961105166104218,3.8798172591945423,-3.0679723012988203,-0.3259481839443765,0.2466355781594118,2.453097302690887,0.47892720306513425,0.2962913926699614,0.5424994977917075,0.87144527255871,0.3690472774093248
0.827586206896552,3.7690140020421867,-2.7011850668619246,-0.3702078810770786,0.10859456259242836,21.010757927863573,0.04759466571521642,3.877629275092657,-3.0996870319716643,-0.3226132153619119,0.24527525484351945,2.6653323366973845,0.47509578544061315,0.2956802330418363,0.5361572552172081,0.869647744240695,0.3647328266783729
0.8209121245828701,3.766624919960563,-2.743857779400454,-0.3644503762212139,0.1089062664462796,21.741465323436433,0.045995059906198676,3.875518116906288,-3.14015797120755,-0.3184553163150099,0.24567402298911173,2.7332031855379273,0.47126436781609204,0.29507934875454384,0.5292749903552306,0.8678804375133641,0.3600510138470957
0.8142380422691882,3.76417908463861,-2.7747301790473333,-0.3603954026057181,0.10920851222410177,22.303423418489974,0.04483616623495479,3.8733577713731666,-3.1689771197985652,-0.31555923637074557,0.24694824880711816,2.5984086600345133,0.46743295019157094,0.2944851087673882,0.5228373290844975,0.8661326728452594,0.35567165243843374
0.8075639599555062,3.7617364340214063,-2.8025729852925383,-0.3568149715450204,0.10950474697444361,22.658570438089527,0.04413341091982481,3.8712114748355657,-3.1981418987435526,-0.312681560625208,0.2501969462302035,2.44380436265069,0.46360153256704983,0.2938913792687476,0.5167576833622877,0.8643864096139634,0.3515358390219644
0.8008898776418247,3.7593279072119494,-2.8354844279296256,-0.35267342333111174,0.10979761225862669,22.70915938330726,0.04403509540450301,3.8691164471221593,-3.2400382892103394,-0.3086383279265874,0.257126118735789,2.3934587591237975,0.45977011494252895,0.2932933858583898,0.5111631239205171,0.8626276054658524,0.34773001627246064
0.7942157953281428,3.7571142613720205,-2.866584003333157,-0.3488472686784121,0.11009253467728455,22.690995543065384,0.044070344912901405,3.8672156225783696,-3.28108830434064,-0.3047769237655302,0.26494681259766456,2.4907248834609903,0.45593869731800785,0.2926803947667007,0.5054882604948795,0.8608246904902961,0.34386956496250304
0.7875417130144609,3.7548156974661993,-2.8951733024432253,-0.34540246663510743,0.11038587047770881,22.957455962667577,0.04355883341891875,3.865215524647951,-3.312973639181901,-0.3018436332161514,0.26937923782718287,2.61949851327513,0.45210727969348674,0.2920594902173263,0.4995507033859545,0.8589985006391949,0.3398304104666357
0.7808676307007789,3.7524386593165096,-2.9318065772539406,-0.341086621388456,0.1106739651567362,23.587923902167297,0.042394574619944336,3.863121512446884,-3.347929785272787,-0.29869204676839445,0.2700308113080638,2.698274670828623,0.44827586206896564,0.29143842307071416,0.4934015478450566,0.857171832560924,0.33564731145922216
0.774193548387097,3.7501413952408043,-2.9653045178876356,-0.33723349287322435,0.11095176023904288,24.571206485140195,0.04069804226360496,3.8610992613987127,-3.37227807988696,-0.29653545060955366,0.2663834475526739,2.7207851062681394,0.4444444444444445,0.29083000261735376,0.4872659560168718,0.8553823606392756,0.3314734394672597
0.767519466073415,3.747957966288614,-2.9846915935324447,-0.3350429914323172,0.11121720932488222,25.603105554815247,0.039057761874200736,3.859179771065859,-3.3785469683492253,-0.29598522955819817,0.26136739039813567,2.694259766989728,0.44061302681992337,0.2902389414928046,0.48115416333479316,0.8536439455670723,0.3273157573706076
0.7608453837597335,3.7457339244257293,-3.00256239282734,-0.33304886599154315,0.11147310967451607,26.307562197555956,0.038011883902070664,3.8572169975679813,-3.3894056023686803,-0.2950369820894707,0.26011542669272586,2.757802950339403,0.43678160919540254,0.28966089379016935,0.4752127684581898,0.8519438052652039,0.32327399214842845
0.7541713014460516,3.743516787293307,-3.042792855951299,-0.3286454409948192,0.11172459820900327,26.537543738555,0.03768246262170649,3.8552420836607935,-3.4368633617631565,-0.29096297837310203,0.2652771657339237,2.8888736157783907,0.43295019157088144,0.2890825727554459,0.46886454763703383,0.8502428610454291,0.3189554745830162
0.7474972191323692,3.741358993047976,-3.098548423873497,-0.32273176442726026,0.11197610138915509,26.424087488065815,0.03784425859366536,3.8533271055517773,-3.5101574464411875,-0.28488750583363753,0.27485504053282167,2.9058692669023976,0.42911877394636005,0.28849693263117676,0.4625402108365688,0.8485203900916962,0.3146532046507271
0.7408231368186877,3.739189880609175,-3.1359035100902757,-0.3188873626954205,0.11222974960291206,26.177196499637283,0.03820118781680293,3.8514070727659564,-3.562697736831077,-0.2806861748786673,0.2848790075541806,2.893281883922244,0.42528735632183917,0.287898020235645,0.45634581502909916,0.8467588830460145,0.31043932995176815
0.7341490545050062,3.7370203975954066,-3.1574276733763598,-0.3167135096813354,0.11248601713309458,25.870808895203847,0.03865360391515971,3.8494902589753,-3.5963473311423018,-0.278059905766213,0.294174276996951,2.796932459656787,0.42145593869731834,0.2872838231737367,0.45022448449569175,0.8449524210992254,0.30627515952087875
0.7274749721913238,3.734945533560258,-3.1849419142480113,-0.3139774686396777,0.1127457042714125,25.602513571835058,0.0390586649703053,3.8476879367341787,-3.637437623955343,-0.27491880366943633,0.3040400158941097,2.7476866978674863,0.41762452107279696,0.2866538957925993,0.44449771213432515,0.8430996935076449,0.302379396009745
0.7208008898776423,3.7329154747279927,-3.225321008709716,-0.3100466580844454,0.11300737862324331,25.34690466099035,0.03945254907353757,3.845929302646803,-3.6955719533400964,-0.2705941090109718,0.31537832096828644,2.8229776454080135,0.41379310344827613,0.2860090643595574,0.4387074344125695,0.8412031304692864,0.2984404315731765
0.71412680756396,3.7308828789310975,-3.260070412867176,-0.3067418409286802,0.11327232339141521,25.12465122915606,0.03980154752713716,3.844166354430474,-3.7461560683016475,-0.2669402934014329,0.32573855521435563,2.914407029614057,0.40996168582375475,0.2853480641576145,0.43281130155005226,0.8392590122282778,0.29442945683677024
0.7074527252502785,3.7288118593807047,-3.290900963329045,-0.30386815378011534,0.11353865623205939,25.13578975022891,0.039783910111314214,3.8423596901446286,-3.7866704431425693,-0.2640842436687194,0.3334585400808475,2.99221711831012,0.40613026819923387,0.2846750376221857,0.42676991351288956,0.8372795224181931,0.29031966905638745
0.700778642936597,3.7267625342103092,-3.3292584923526323,-0.30036718455386335,0.11380336557310126,25.28521678731281,0.03954880072461009,3.840571191420653,-3.834085562982795,-0.2608183838291893,0.3396836173006198,3.021078409002446,0.40229885057471304,0.28399539046997635,0.42067351246293794,0.8352805602058128,0.2861724574577809
0.6941045606229146,3.7247384522073848,-3.3671316042892143,-0.2969886887480584,0.11406656013494629,25.239382151327742,0.03962062121823351,3.838809277531465,-3.885485909723456,-0.2573680675298533,0.3483258894411642,3.0452000829583934,0.39846743295019166,0.2833130844632313,0.4146572565143486,0.8332737778330331,0.28207976633629156
0.6874304783092331,3.7227790851513722,-3.4019298554754065,-0.2939507992472272,0.11433222814776069,25.103742114876166,0.039834698565016424,3.837112517371245,-3.9352091320289486,-0.25411610068215396,0.3588215261497594,2.9811548299575548,0.3946360153256708,0.28261395071416917,0.4086008757691031,0.8312175021004975,0.277959779434764
0.6807563959955507,3.7208593477791183,-3.431675496157341,-0.29140284421407614,0.11459828024927353,24.61627520733219,0.04062353022857579,3.835471475396019,-3.9875697245827495,-0.25077931398544706,0.3730198733328738,2.9516375840976155,0.39080459770114945,0.2819049377287376,0.40293765892347355,0.8291321697904046,0.27410725096834937
0.6740823136818692,3.718874640924314,-3.4422381391567147,-0.2905086631353697,0.11487447771699641,23.158801195047854,0.04318012800307791,3.8337678287041594,-4.04320512174098,-0.2473285351323966,0.4015196982788956,3.0969991873749647,0.38697318007662856,0.28116109128106004,0.39711426037474745,0.8269443861207648,0.27014575535697105
0.6674082313681868,3.7169773399656942,-3.424906530569995,-0.2919787711209665,0.11517465570648924,21.133602204850487,0.04731800997799063,3.832155418218202,-4.087292115533673,-0.24466076114293855,0.44347903239716274,3.1242744584756874,0.3831417624521072,0.28034053287902616,0.3909038709123386,0.8245309790559592,0.2659210006206385
0.6607341490545053,3.7150843523429606,-3.39869776909803,-0.29423033995323067,0.1155060863040219,19.26997184010765,0.05189421179737508,3.8305829391567863,-4.126499864507017,-0.24233612815578454,0.4898491382354427,2.980646572805928,0.37931034482758635,0.2794226770547292,0.38492679093232657,0.8218314031021445,0.26185495981790924
0.6540600667408238,3.7131357387506023,-3.3739630788598016,-0.2963873571307545,0.11586734818876784,17.489638522683446,0.057176710582270474,3.828990929564943,-4.180415940630266,-0.23921064654854263,0.5428712059843656,3.0023166313611234,0.37547892720306547,0.27840755102100107,0.3791864607619468,0.8188457382970619,0.2579499733074468
0.6473859844271415,3.711099133649107,-3.3313338206967154,-0.3001800641494583,0.11626929044972514,15.558755514284565,0.06427249268631385,3.8273212669139354,-4.238948304192042,-0.2359075714632013,0.6115480056222165,2.6068243014817263,0.37164750957854414,0.27725980833086955,0.37302218459023734,0.8154700245025575,0.25375658815662405
0.64071190211346,3.709028095917287,-3.276908530733194,-0.30516567387257965,0.11672526800215584,13.695669027835113,0.07301578316237034,3.825737728768389,-4.307561795272405,-0.2321498907102182,0.695392964499201,2.360001872948769,0.36781609195402326,0.275934949714059,0.36832694412388256,0.8115733815119383,0.25056254702304936
0.6340378197997776,3.7069353904406324,-3.2256039234743286,-0.31001946417615045,0.11724391714377236,12.30641373762759,0.08125844143712158,3.824180105307653,-4.371374056763032,-0.22876102273903598,0.7799618834674152,2.4752621234757908,0.3639846743295019,0.27439962649555233,0.36340153436476724,0.8070577249869186,0.24721192813929746
0.6273637374860961,3.704907400500972,-3.201546307150665,-0.312349066376612,0.11780991905582155,11.552993608215122,0.0865576519741964,3.822687355093478,-4.428866361667935,-0.22579141440235162,0.8426958525218761,2.4940652662352143,0.36015325670498105,0.2726917337143515,0.35805621933359144,0.8020345109245632,0.2435756594106064
0.6206896551724137,3.702910826216957,-3.2249031743070438,-0.31008682926267284,0.11839930293208198,11.272184582329805,0.08871394827650292,3.821253625341438,-4.517265148042247,-0.22137288098605268,0.8872466899112446,2.1234520818539124,0.35632183908045967,0.27087996750480114,0.3529885167439254,0.7967057867788269,0.24012824268294244
0.6140155728587322,3.7008080023254797,-3.278538980544842,-0.305013911969354,0.1189940874421598,11.177802667782903,0.08946302146505403,3.819830211243463,-4.6392756608901,-0.21555089050434617,0.9257351067337382,1.8955253097316447,0.3524904214559388,0.26901722852318766,0.34901863295754865,0.7912271427152577,0.23742764146772016
0.6073414905450507,3.698611473001861,-3.3156443729600564,-0.3016004997867867,0.11959347007065882,11.046358330101112,0.0905275720845502,3.818338250621764,-4.73769900709767,-0.21107292770221875,0.9624094484986377,1.9289042504397222,0.34865900383141796,0.2671089733717903,0.3452633508388131,0.7856146275640891,0.2348730277815055
0.6006674082313683,3.696563041498293,-3.291019549295406,-0.3038572044380885,0.12020246437765991,10.547878240226543,0.09480579669438072,3.8169358834472753,-4.783512394361021,-0.20905140774357278,1.0128981111598432,2.2703172544120984,0.3448275862068966,0.26514070610795054,0.34123296620699334,0.7798256061998545,0.2321312695285669
0.5939933259176868,3.6945936018250984,-3.2120051378959955,-0.3113320051085111,0.12085895345256381,9.589042017382665,0.10428570426401684,3.8155111480960584,-4.829837557690282,-0.2070463008445813,1.0998263517713383,2.83545051761861,0.34099616858237575,0.26298744450557354,0.33551622411487486,0.7734924838399222,0.22824232932984687
0.5873192436040044,3.6926763635862367,-3.1291012686326427,-0.31958058054061667,0.12159448712645657,8.695610227978486,0.11500055473766047,3.8141695873157806,-4.888062732784165,-0.2045800258030681,1.2000577474255658,2.3227756481012634,0.33716475095785436,0.2605420018823448,0.3294385919290754,0.7663000055363082,0.22410788566603768
0.580645161290323,3.6906490869947928,-3.055863729284225,-0.3272397229029025,0.1223939997894403,8.002056949618549,0.12496786842383933,3.812850467265044,-4.943841557074914,-0.2022718544790223,1.2887453335282892,1.6373583635167301,0.3333333333333335,0.257849962597753,0.3250454255338714,0.7583822429345676,0.22111933709787168
0.5739710789766415,3.6884359107688005,-2.9665297076900954,-0.33709421395906247,0.1232625788073086,7.275978703361034,0.1374385551098527,3.8115535540808847,-5.008623375686361,-0.19965565884916714,1.386476062947678,1.2441052770843843,0.32950191570881265,0.25489491222955823,0.32187356187988597,0.7496909183222301,0.21896160672101087
0.5672969966629591,3.685950202939773,-2.8545947707606367,-0.3503124192067162,0.1242285522491936,6.5217835244570175,0.15333228958764877,3.810149651847037,-5.076654188082424,-0.1969801296191349,1.4977411628463657,1.0013041640817981,0.32567049808429127,0.25158279239408965,0.3193032256438938,0.7399493893943813,0.2172130786693155
0.5606229143492776,3.683406342118234,-2.744776636212548,-0.3643283707704086,0.12530928345141518,5.889227067006951,0.1698015696494828,3.8088277777357655,-5.140679815005002,-0.19452680112095777,1.6000076116998156,0.9460894105337042,0.32183908045977044,0.2478614268470855,0.3171145666143263,0.729004196609075,0.21572419497573217
0.5539488320355952,3.6809614786738356,-2.665233755675719,-0.37520161144232134,0.12649509155485966,5.455498550600555,0.18330130431249358,3.807580679534269,-5.211039080428956,-0.19190030712985617,1.6731066450925804,1.1093161946629555,0.31800766283524906,0.24378160370974017,0.3146858920445887,0.7170047167933534,0.2140720354044821
0.5472747497219137,3.678588515391206,-2.624816989005886,-0.3809789422228391,0.1277560194377889,5.198071669125382,0.19237903277471702,3.806289086878795,-5.302229481053278,-0.18859990944815763,1.7118282909513214,1.0523969981666006,0.3141762452107282,0.2394751352865994,0.3112367689054088,0.7043386331958805,0.21172569313293116
0.5406006674082313,3.6760142604977912,-2.613878969036257,-0.3825731840861408,0.1290629985551896,5.051438548459955,0.19796340990921735,3.8050016879183377,-5.416831283490692,-0.18460977417697677,1.7231912174924244,0.830728410969283,0.31034482758620685,0.23507499241307522,0.3089080135344287,0.6913970365090447,0.21014150580573382
0.5339265850945498,3.6734394062631286,-2.6159307043702764,-0.38227312303394,0.13039846762345148,4.951528715977175,0.20195783107816467,3.80382344597581,-5.5458413379899145,-0.18031529195576468,1.7151568782997761,0.7943353649956986,0.30651340996168597,0.230675400471223,0.30693553809923174,0.6784570602094794,0.2087996857817903
0.5272525027808683,3.6708529518910127,-2.614839310161347,-0.3824326780288061,0.1317587649322061,4.857094245058588,0.20588441350862396,3.8026460684347185,-5.664173492263055,-0.17654826452013594,1.6914390379989623,0.8721924766480135,0.3026819923371651,0.2263227760932693,0.304847981424017,0.6656552238037332,0.20737957920001154
0.5205784204671859,3.668285865601706,-2.5970785727343872,-0.38504803454873127,0.1331466466691728,4.749914812955943,0.2105300914602477,3.8014634560287712,-5.730069827223675,-0.17451794308840363,1.6516056467592113,0.962583098378893,0.29885057471264376,0.22203962722451726,0.3024384125931129,0.653057727130933,0.20574041673000878
0.5139043381535044,3.6657450331218,-2.584192745940795,-0.3869680392729151,0.1345689552520315,4.664080437656118,0.21440453554924943,3.800328568877623,-5.794968104034097,-0.17256350372383622,1.5996066857071418,1.0179986057537762,0.2950191570881229,0.21783193794837355,0.29989470583231,0.6406821704363928,0.2040100039675578
0.5072302558398221,3.6631916905608897,-2.600110354219498,-0.38459906071955174,0.13600855370653764,4.673240587219072,0.21398427522326102,3.7991908049342276,-5.86115674026211,-0.17061478549629783,1.5257014147765986,1.0759147915455385,0.2911877394636015,0.2137719097685458,0.2971673140371031,0.6287409110839581,0.20215463539938988
0.5005561735261406,3.6605967551256966,-2.628941130704602,-0.3803812829129356,0.13742525258537877,4.743376786190482,0.21082027531764425,3.798031511682376,-5.897582316726601,-0.16956100759523451,1.4405425682942994,1.1347696682654673,0.28735632183908066,0.20998391610020462,0.2943685832772603,0.6175997532358959,0.2002507369233063
0.4938820912124582,3.658055766982424,-2.6508952142816415,-0.37723105561190096,0.13882261744826369,4.783255882530535,0.2090626185507265,3.7969220612877166,-5.9464190633813185,-0.16816843706124018,1.3650862085305189,1.214092957461671,0.2835249042145593,0.20644344925126928,0.2913930884190957,0.6071866154449096,0.19822659076128962
0.4872080088987767,3.655513724650448,-2.6622588850145266,-0.37562087054300264,0.14021585483522167,4.765737630913864,0.20983110641956237,3.7958119547316986,-6.031735465016889,-0.16578976412341717,1.3032678609921236,1.3122665147295511,0.27969348659003845,0.2031002654082094,0.2882442405065924,0.5973537217888512,0.1960845173514234
0.4805339265850952,3.652945526428943,-2.6518458575295587,-0.3770958244653002,0.14162347760069371,4.6761380960446655,0.21385168261943654,3.7946524466070053,-6.1257940940041244,-0.16324414184583702,1.252667757244884,1.4461664622901604,0.27586206896551757,0.19990283244676652,0.284783683632117,0.5879495071963721,0.193730397028651
0.4738598442714128,3.650502236679725,-2.6155038385048037,-0.38233551229336626,0.14307038230066466,4.501320942019382,0.222157009660231,3.793594881726252,-6.243035011321262,-0.16017850263318678,1.2162842801028153,1.5410041000564394,0.2720306513409962,0.19679172286547886,0.2809256590002582,0.5787991848984672,0.1911058904763661
0.4671857619577313,3.6480192033862826,-2.5556394438750947,-0.39129150334434826,0.14458886593876136,4.267971051571151,0.23430336989560274,3.7925364009163394,-6.3699082091884724,-0.15698813344869222,1.1904727320749076,1.4952166997512484,0.26819923371647536,0.1936952227665734,0.27691607952908304,0.5696918316663923,0.18837828539393406
0.46051167964404893,3.645458816321298,-2.4782984122625487,-0.4035026593456337,0.14619790225477727,4.021980097386087,0.2486337514822381,3.7915139988159883,-6.457074010505727,-0.15486890786337426,1.1675464797666866,1.3518391921412238,0.264367816091954,0.19057435403131112,0.273100962557983,0.5605128059744444,0.18578296772651903
0.45383759733036744,3.6427315445593567,-2.4013602869196005,-0.4164306395200583,0.14790767018546536,3.791706221337136,0.26373351246799714,3.790485091380493,-6.548911687508776,-0.1526971270520221,1.151140793499646,1.2058922745985354,0.26053639846743315,0.18740764342359925,0.26959816759529437,0.5511989512458801,0.18340011401040432
0.44716351501668594,3.639895136879305,-2.341255824522353,-0.42712120116306096,0.14971826059695278,3.603030211349107,0.2775441618141645,3.7895047972966274,-6.6855180738491535,-0.14957703934891242,1.144883478874844,1.0977954993921855,0.25670498084291227,0.1841762742527615,0.2663677770510869,0.541694924272828,0.1812025694225081
0.44048943270300356,3.636898278314751,-2.295764123974753,-0.4355848188221785,0.15161237534872452,3.472731901146504,0.2879577313958084,3.7884991437725484,-6.77382462414795,-0.14762708742637187,1.144168867259719,1.047540660630818,0.2528735632183909,0.18088040408573072,0.26332431907422116,0.5320011884874433,0.17913218984640897
0.43381535038932206,3.6338931177630336,-2.2756736277379463,-0.43943032419548445,0.1535619678013463,3.410419333562265,0.2932190743111569,3.787524959920535,-6.83941899676674,-0.1462112498843453,1.1519254861908896,1.0678829962973055,0.24904214559387003,0.1775237940096021,0.2602771692273185,0.5221288059105944,0.17705929879409418
0.4271412680756397,3.630892038135728,-2.288655799451239,-0.4369376995176708,0.15552631182451304,3.422300082948444,0.29220114419027254,3.7864993294738305,-6.9091045986148245,-0.14473655532736984,1.169651534665846,1.1171592598316968,0.24521072796934867,0.17412307204131333,0.25705010275186924,0.5121266824744509,0.17486401547746208
0.4204671857619582,3.6280169595928675,-2.329651472718877,-0.4292487574688266,0.15746231677830216,3.5036909212657434,0.28541330341968063,3.7855477520749186,-6.952388801574333,-0.14383545404905362,1.1940380667337782,1.1448514853351952,0.24137931034482782,0.1707016717028162,0.2537596379399265,0.5020637403024005,0.17262560404076632
0.4137931034482758,3.625230067923881,-2.3960452736154987,-0.4173543843314178,0.15933605558539862,3.6393920184936803,0.274771169172892,3.7846271450322218,-7.01344824416043,-0.14258321515848138,1.2258114126567483,1.1900216352704946,0.23754789272030644,0.1672816461986817,0.25049086618502403,0.4920048417608284,0.17040194978573064
0.4071190211345943,3.622556296718409,-2.4774633821344083,-0.4036386600953392,0.16113000757927523,3.8005149586611853,0.2631222376117872,3.783718650010515,-7.116605890794108,-0.14051642248358576,1.2665463367525502,1.231099024294355,0.23371647509578558,0.16387310065396027,0.24712418325659102,0.4819797078057655,0.16811168929019799
0.4004449388209128,3.619858074949661,-2.557421188870385,-0.3910188921370832,0.16284825453016089,3.9544034113160427,0.252882646504494,3.782735672598006,-7.239229612908535,-0.13813624563266558,1.3153731109829256,1.2533389090770308,0.22988505747126473,0.16045743447123112,0.24385843359743523,0.47193363079773853,0.165890090882609
0.3937708565072304,3.617319861041986,-2.6225695966233733,-0.38130541942052787,0.16450552677622066,4.083767584419322,0.24487191773970451,3.781840646657839,-7.329578055828924,-0.13643350168086954,1.3683516393159276,1.288863089843615,0.22605363984674337,0.1570063127739645,0.2405822010459871,0.46178327286460147,0.16366136125577355
0.38709677419354893,3.6147680852710726,-2.673118257707079,-0.3740949346766911,0.1661168452007688,4.190346792412878,0.23864373273606354,3.780870182046604,-7.382732568427332,-0.1354512019406684,1.424172215701111,1.2950156928424295,0.22222222222222252,0.15349022555451358,0.23729828074640988,0.4514418398662164,0.16142740186830604
0.38042269187986655,3.6123522567037507,-2.7144129552529477,-0.3684037825065616,0.1676909826080702,4.277949822874105,0.23375683245582302,3.7800035182006297,-7.426829940251176,-0.13464695005069416,1.4821166789109055,1.2515855534126596,0.21839080459770113,0.1498915281489475,0.2341140497055937,0.44085743573219843,0.159261258303125
0.37374860956618505,3.609932493550286,-2.7493369703984256,-0.36372405811539466,0.16923706988316026,4.342818182024877,0.23026522366030555,3.7791296604350832,-7.492947200410883,-0.13345883445504114,1.5431447439073511,1.172105040938428,0.21455938697318028,0.14619800547076975,0.23113323150461632,0.42999413373755807,0.1572334908194669
0.36707452725250267,3.607523063543301,-2.7817581870169095,-0.3594848771065813,0.17076460072144467,4.3957670331381875,0.2274915828025783,3.7782807872523665,-7.576142449304975,-0.13199329430398166,1.6059490584222462,1.1348976637521728,0.21072796934865892,0.1423951489060778,0.2284039360068368,0.41880926148846404,0.15537682721553525
0.3604004449388212,3.6050896153617287,-2.808095060595403,-0.35611330044787337,0.17227366498174868,4.446720131526728,0.22488485230048916,3.7773678877600134,-7.620298907118269,-0.1312284481473398,1.6631783023026987,1.1333364024579462,0.20689655172413807,0.13848772880280835,0.2256875727861913,0.40731684942002455,0.1535289610790417
0.3537263626251397,3.602713332654457,-2.8378462285287465,-0.3523799104923455,0.17376640075215183,4.5033687990349955,0.22205598622397638,3.7764844393832027,-7.673188216310249,-0.13032392426845263,1.7146817810107227,1.1226709187115433,0.20306513409961718,0.13448652594802793,0.22301618071222504,0.3955486057294939,0.15171168755933676
0.3470522803114573,3.600381648368361,-2.878724546939935,-0.3473760631467826,0.17523770484235793,4.577763189751505,0.21844729806879393,3.7756236405900987,-7.7562210372138924,-0.1289287650780011,1.7607005290301876,1.1177815603745829,0.19923371647509583,0.13042047641391902,0.22040645120942032,0.3835896365115265,0.1499363613669526
0.3403781979977758,3.5980816727009466,-2.927436347462321,-0.3415958133015806,0.17668227124917696,4.665820579385208,0.2143245722774374,3.7747687992255154,-7.857234611324248,-0.12727124102400467,1.7992518298914526,1.120719441637926,0.19540229885057497,0.12632175518065597,0.21783318708728458,0.3715345740607528,0.14818584155597592
0.3337041156840934,3.595783899254529,-2.983266979667553,-0.3352029861274559,0.17809854451680648,4.760333298572037,0.21006932441053472,3.7738939278521073,-7.99145478745236,-0.12513366171702955,1.8315605984864762,1.143933896425815,0.1915708812260536,0.1222163217456427,0.21529655068611334,0.35945976984012556,0.14646023856198187
0.3270300333704119,3.5935745752778745,-3.033064741407723,-0.3296995235043596,0.17948631117456793,4.847877339823562,0.2062758460873919,3.773072412741423,-8.102173107525589,-0.12342367741700855,1.8544602236640662,1.1870301117950632,0.18773946360153274,0.11812693921356524,0.2127131629161946,0.3474321741575448,0.14470283191577865
0.3203559510567304,3.5913905751525026,-3.0743334077084135,-0.32527376422240195,0.18085194846902958,4.9235746959560505,0.20310446408406158,3.772245734414419,-8.185362434490477,-0.12216930013829597,1.8683659261915992,1.2323905892237004,0.18390804597701188,0.11405525825674001,0.21007028583778192,0.33545664193158825,0.1429049563522326
0.31368186874304804,3.58930168278584,-3.1080759279587844,-0.32174246163179987,0.18219738299771443,4.994784571465616,0.20020883497415198,3.7714870412435877,-8.228175423558879,-0.1215336266575946,1.8709482403373383,1.2538072062836727,0.18007662835249053,0.11001496742471618,0.20735988999295207,0.3235734336021064,0.14106114965506944
0.30700778642936655,3.5871743614634037,-3.137286383968207,-0.3187468014109527,0.18352436895811733,5.058587701766587,0.19768363404093492,3.7706877052479753,-8.260150644699065,-0.1210631673699254,1.8651726833203788,1.2610129649058097,0.17624521072796967,0.10602011185457132,0.2046854911873593,0.31182385839579796,0.1392418307397002
0.30033370411568416,3.5850499247732888,-3.1593391784603977,-0.316521887493991,0.18483609668902834,5.113797412528449,0.195549396921761,3.769883422208062,-8.266342168122401,-0.12097249057222825,1.8502924622046242,1.3033672849568765,0.1724137931034483,0.1020789611855918,0.20199443670470374,0.30023223878115235,0.13741118143177125
0.29365962180200267,3.5828989544434093,-3.166529497924489,-0.3158031531540928,0.18613459450101077,5.15562954441528,0.19396273362643512,3.769025983425633,-8.207456966061393,-0.12184041952764346,1.8237961224394077,1.349795082979446,0.16858237547892743,0.09820196831166562,0.19917174311476193,0.2888293185637224,0.1354909817107224
0.2869855394883203,3.580791135999124,-3.1737705185557052,-0.3150826419721966,0.1874251431890475,5.1975415978264055,0.19239865255108235,3.768207680058657,-8.151022841030025,-0.12268398942109116,1.7902714373554147,1.3848740099108705,0.16475095785440608,0.09438977343686038,0.196303858211879,0.27761698069664814,0.1335400395999177
0.2803114571746388,3.578714124452128,-3.1984008721495143,-0.3126562429080195,0.18870276338934566,5.2672042833077555,0.1898540375905089,3.767407583580934,-8.143176235427477,-0.12280220531755504,1.750662003765317,1.4461407360864014,0.16091954022988522,0.0906707257410671,0.19334382758934682,0.26667860512078556,0.13152641332608628
0.2736373748609573,3.5766469385850255,-3.240499222859807,-0.3085944267307923,0.18995934613797516,5.3510198663915345,0.18688026300944216,3.766597309609432,-8.215970676092764,-0.12171416372137855,1.7109220940470735,1.520905323880615,0.15708812260536434,0.08708030175056891,0.19026251358101715,0.25611853456049677,0.1294302813476307
0.2669632925472749,3.5745857553910425,-3.2997101455884716,-0.30305692193508094,0.1911972719056007,5.4381158778324155,0.18388721801172636,3.76577911062909,-8.391394516209733,-0.1191697039232622,1.673595124300381,1.612867841378224,0.15325670498084298,0.08362046787514273,0.1870734840606596,0.24594255257394917,0.1272608735106528
0.2602892102335934,3.5725558394971277,-3.373607795246764,-0.29641857047192843,0.19241390299686367,5.558609130338147,0.1799011185265993,3.764968374722317,-8.582405324740147,-0.1165174519452421,1.6286869218498572,1.724785047378213,0.14942528735632213,0.08030676201966043,0.183727421424235,0.23619635888135418,0.12498464042464967
0.25361512791991103,3.57056933567694,-3.4540609146365253,-0.28951429193460854,0.1935986216523406,5.7357689725799474,0.17434453946463613,3.764175749822034,-8.682835367391894,-0.11516975246996708,1.5679984604794273,1.8931513558430235,0.14559386973180075,0.0771709055040938,0.18023977958256168,0.2269732514826288,0.12261209495412359
0.24694104560622954,3.568715791880885,-3.53877827833241,-0.28258340063939613,0.19474108261151962,5.958988872175397,0.16781370488361702,3.7634415276237263,-8.713101428161588,-0.11476969575585372,1.4983831614672172,2.0830495781254372,0.1417624521072799,0.07423822288832511,0.1763613087181646,0.21834771437742678,0.11997367940011198
0.24026696329254715,3.566878540812373,-3.6471248084658674,-0.27418858759062914,0.19583862661185492,6.235134490186153,0.1603814643571777,3.762695171378665,-8.786796217913695,-0.11380712323352782,1.427095538898547,2.1444572364859353,0.13793103448275854,0.07150964660846111,0.17237697748869021,0.21032249002488562,0.11726324999230628
0.23359288097886566,3.5650640939351295,-3.785559984268523,-0.26416171032968805,0.19688188080093696,6.60484188692614,0.15140407857142435,3.7619728424136474,-8.868579309504483,-0.1127576317582566,1.350609049178062,2.313517359847717,0.13409961685823768,0.06900387907156968,0.1685132236582801,0.2029525855046167,0.11463484602604088
0.22691879866518416,3.5633385191914884,-3.944720862405533,-0.2535033618044622,0.1978595931778805,7.092508530251669,0.14099383817935518,3.761225220858468,-8.888136468627781,-0.1125095236250786,1.2663120071510858,2.699255533544842,0.13026819923371682,0.06673355527167019,0.16413497191729332,0.1962751625637358,0.11165644348115192
0.22024471635150178,3.5616654288028964,-4.116304288740294,-0.24293636472293656,0.19876388976439885,7.708524835604499,0.12972650686434228,3.760432570218105,-8.833153039103712,-0.11320985785857829,1.1758038462372173,2.9613016082802,0.12643678160919544,0.06470243135249652,0.15931974134590243,0.1903012686838133,0.10838077642578396
0.21357063403782028,3.560030437847065,-4.299005292857284,-0.2326119490156202,0.19959120394803864,8.455281301121664,0.11826927625309658,3.7596355017444156,-8.74564128894319,-0.1143426727625183,1.0846730622821694,3.0929972789352846,0.12260536398467459,0.06290271351818183,0.15453326033487386,0.1850079809358289,0.10512466689447202
0.2068965517241379,3.5585122341009865,-4.505338797425494,-0.22195889032173,0.20034256753418433,9.365046834926693,0.10678003192365537,3.7588963385334315,-8.682148910901239,-0.11517885839811015,0.9957138649216046,3.4077037823016467,0.11877394636015322,0.061316956166206665,0.14971452995222445,0.18034398872413723,0.10184661901511868
0.2002224694104564,3.5571125733226294,-4.750292276286562,-0.21051336251287012,0.2010165213930708,10.48208170192976,0.09540089730610468,3.75815873332956,-8.68715649694139,-0.11511246520677787,0.9115918167401347,3.895202946173128,0.11494252873563236,0.05993490632218861,0.14435241591606526,0.1762791362417312,0.09819892239188113
0.1935483870967749,3.555759348516493,-5.030590832026812,-0.19878380758649428,0.20161599441702435,11.770238325547538,0.08496004688617731,3.7573902099415677,-8.785511863664395,-0.11382376070037026,0.8384977992848711,4.230413948423944,0.11111111111111151,0.05873898746856108,0.13874437058403605,0.17276172784870905,0.09438392556737146
0.18687430478309253,3.5544448052614293,-5.440366620666776,-0.1838111417346795,0.202150582085656,13.976389108701758,0.07154923866404062,3.756610838077586,-8.907741385523314,-0.11226190307064599,0.7361117422992937,4.172816321596958,0.10727969348659014,0.05769773292627134,0.13312686927177605,0.16969921448903333,0.09056249610324903
0.18020022246941103,3.5531763807580212,-5.993995584281607,-0.16683362307145444,0.20257104543367457,18.180545943725853,0.05500384878954101,3.7558464462081105,-8.942162375100699,-0.11182977428194363,0.6048194477772456,3.748395068711711,0.10344827586206928,0.05689505192827597,0.1284326416972994,0.1673383880243411,0.0873691440117683
0.17352614015572865,3.55195679087685,-6.269506067624627,-0.15950219829340995,0.20288478251443737,20.98906468698883,0.047643857166246306,3.755103300118982,-8.939878688734327,-0.1118583411271743,0.5570402191946887,3.6239890542861777,0.09961685823754791,0.05630583297338165,0.12466410921154679,0.16560539109818131,0.08480551647043999
0.16685205784204715,3.550755976613511,-5.859609845762552,-0.17065982656220058,0.20320700348261228,16.898969877131332,0.05917520459949799,3.754362601221491,-8.969846983337213,-0.11148462196263154,0.6105713262453571,4.115726579000785,0.09578544061302706,0.055709029858781095,0.12070912360351942,0.1638500878199444,0.08211505007042137
0.16017797552836477,3.549604725451904,-4.950207167545194,-0.2020117474186236,0.2036746628872894,10.99834187928635,0.09092279645201273,3.7536642640269724,-9.00179532976109,-0.11108895096668903,0.7659680958346321,5.392185186744008,0.09195402298850569,0.054857848820514865,0.11471894710160602,0.16134661417798488,0.07804010006911974
0.15350389321468327,3.5483512559445707,-3.9371187265197585,-0.2539928484412144,0.20442065593803405,7.015031485637754,0.1425510351660364,3.7529246523496935,-8.973292614417868,-0.11144181327523484,0.9403573419143473,5.058795797500018,0.08812260536398484,0.05353698609054196,0.1054130780138538,0.15746172379571163,0.07170957688017265
0.14682981090100178,3.5468755665362433,-3.0376051444541488,-0.3292067113547432,0.20557745757248666,4.611854177389593,0.21683252798899666,3.7521451347136145,-8.898841086524673,-0.1123741833657732,1.057949798343532,1.5621274554825564,0.08429118773946397,0.05157740651957022,0.09717980938187655,0.15169825446932417,0.06610871386522214
0.1401557285873194,3.5444375795198733,-2.300037651565073,-0.43477549131404203,0.20731497221819867,3.1073514000121474,0.3218174809569625,3.751387623575562,-8.852847149473819,-0.11295801035709019,1.0979317939868374,0.8062070336907153,0.08045977011494261,0.04883563638220117,0.0940496913647751,0.14363422465353284,0.0639793818807994
0.1334816462736379,3.540857033494008,-1.7349574961818173,-0.5763829962409659,0.20987313028826365,2.1558935356084494,0.46384479728855155,3.750672521509381,-8.88587172452466,-0.11253819895239303,1.0481581256093027,0.5636680117567789,0.07662835249042174,0.04521124341551771,0.0919053797308469,0.13297424533975796,0.06252066648356933
0.12680756395995552,3.536380996335305,-1.3417301185125678,-0.7453063669082667,0.21350644893395257,1.5784527629394653,0.6335317872533324,3.749889594537538,-8.946578042043624,-0.11177457965499116,0.9056026271611757,0.45895361244812705,0.07279693486590037,0.04084040411036364,0.0897229525650496,0.12011883561871659,0.06103602215309496
0.12013348164627402,3.530998994700241,-1.084279948316118,-0.9222710440721471,0.2183296168811891,1.2337970545298937,0.8105060685049406,3.749118765710994,-8.947346831379573,-0.11176497556715503,0.7084232416029914,0.40544157009477644,0.06896551724137952,0.0362445311572566,0.08736779021401808,0.10660156222722528,0.05943387089388985
0.11345939933259164,3.5244660361547533,-0.911409507446744,-1.097201633107204,0.2243252173678341,1.0147043154834294,0.9855087681612709,3.74835968781838,-8.953123375288264,-0.11169286494589414,0.518563994387068,0.37528852062474705,0.06513409961685815,0.03201861529835749,0.08475431822312006,0.09417239793634555,0.05765599879123814
0.10678531701891014,3.5164321298495276,-0.7837824588564345,-1.2758642257177257,0.2314843501603162,0.8581511802552337,1.1652958394843402,3.7476607323303472,-9.044176496250108,-0.11056838623335352,0.3814277548118499,0.3547789806164929,0.06130268199233729,0.02844270909967298,0.08188827465381937,0.08365502676374406,0.055706309288312494
0.10011123470522865,3.506733715215662,-0.6805651657371034,-1.4693670060484578,0.2398797780728522,0.7351286268339604,1.3603061607147353,3.746958626982634,-9.169193553736507,-0.10906084533382909,0.3090431354197712,0.33707990642609487,0.05747126436781644,0.025374583381848587,0.07872581636481629,0.07463112759367231,0.05355497711892265
0.09343715239154626,3.495868150289848,-0.5966865921369572,-1.6759216868249496,0.24964194073715396,0.6380189898434202,1.5673514674624585,3.746247017857375,-9.210628898715115,-0.10857021936249112,0.28035276206665144,0.32030329122597,0.05363984674329507,0.02237103517978482,0.07529233575649187,0.06579716229348476,0.0512192760248244
0.08676307007786477,3.4843695062108386,-0.5321132734746885,-1.8792991076317662,0.26080104348948135,0.5649575924206982,1.7700443598169144,3.7454548896313207,-9.152920307820143,-0.10925474781481626,0.2534500745374417,0.30384891011705795,0.049808429118774214,0.01911417594548214,0.07157343710681337,0.0562181645455357,0.04868941299783222
0.08008898776418238,3.471728937301725,-0.4831877570113275,-2.069588861657678,0.2732687842497271,0.5102924981765894,1.959660397856652,3.7446761417562957,-9.096825020767803,-0.10992846380105448,0.19672352539798987,0.2858598818697164,0.045977011494252845,0.01599319864785183,0.06768054632366446,0.047038819552505384,0.04604118797528195
0.07341490545050089,3.4570432841464305,-0.44810249205551,-2.2316323111992915,0.2869589130937973,0.47134832207376115,2.121573267939862,3.7440179257188797,-9.08603210044685,-0.11005904325946858,0.15010278774123584,0.26660519397759697,0.04214559386973198,0.013492119546734689,0.0636830021336056,0.03968270454921967,0.043321770158915376
0.0667408231368194,3.440058429413468,-0.41690606457114765,-2.3986218598874416,0.3015878934992009,0.43689030427955655,2.2889040800505427,3.743346848487585,-9.11429306614725,-0.10971777983684206,0.12890315677651973,0.24854912283390804,0.03831417624521113,0.011417193797160736,0.05973510988365499,0.033579981756355105,0.040636129172554415
0.06006674082313701,3.421560744298082,-0.37531522494663305,-2.664426949751885,0.31751158157055687,0.39140828783293025,2.554876917748974,3.7425538196151455,-9.128249273111988,-0.10955003200291458,0.12072246804486911,0.23370714787123836,0.03448275862068976,0.009363112012959132,0.05572899705341441,0.027538564743997445,0.0379108823492615
0.053392658509455515,3.40188148582213,-0.32381436648550466,-3.088189109252397,0.33569081119996597,0.335830373516045,2.977693737258768,3.7417368702120495,-9.050152797870973,-0.11049537199363613,0.11148644456974867,0.21708426978420936,0.030651340996168903,0.007131536233839942,0.05143994252994506,0.020975106570117474,0.034993158183636096
0.04671857619577313,3.380016575052937,-0.2987220509045232,-3.347593513676088,0.35725832778535765,0.3091433903957426,3.2347448823663143,3.7410402134761154,-8.861427811699293,-0.1128486313097028,0.09158532472298701,0.19533469390382913,0.026819923371647535,0.004780946885190952,0.04681071166955215,0.01406160848585574,0.031844021543913026
0.040044493882091636,3.3542918672023743,-0.24571351494445515,-4.069780208166634,0.3788687184173144,0.2528610177130691,3.9547416562830477,3.7403485742042855,-8.661769189377617,-0.11544985535130081,0.06599287683704609,0.17711508010634014,0.022988505747126676,0.0029236641896372025,0.042658529390847334,0.00859901232246236,0.02901940774887574
0.03337041156840925,3.3228125965940136,-0.17422614996097188,-5.739666520921276,0.4100468704721187,0.17781774989062255,5.623735541671795,3.7396034038490766,-8.647773771515483,-0.11563669753871864,0.023588006499655183,0.1563200090234162,0.01915708812260531,0.0011589395474767142,0.03731353735898204,0.0034086457278726884,0.02538335874760683
0.026696329254727758,3.2794026635445017,-0.12650222185588164,-7.904999495892298,0.4539352662483053,0.1283907563017838,7.788722714970927,3.738800042715792,-8.761949646403817,-0.11412985013106436,0.0006199235715307391,0.13136398995988177,0.015325670498084452,0.00032902148618678466,0.030845086303591177,0.000967710253490543,0.020983051907204883
0.020022246941046262,3.2228180067435037,-0.09441959708742127,-10.591021682438651,0.5140120235084322,0.09546678030633912,10.474847866358793,3.7379598386824884,-8.752489300532108,-0.11425321021977197,0.000595656403716427,0.10465746883518637,0.011494252873563593,0.00029282331637785897,0.023604475305688835,0.0008612450481701733,0.016057466194346146
0.013348164627363879,3.152199256250352,-0.07247567366038384,-13.79773308056346,0.5937552600150563,0.07308813678709546,13.682110995837583,3.737147281354469,-8.624942655258941,-0.11594279985041567,0.0005973152016171126,0.08059511283823013,0.007662835249042226,0.0002447754631343564,0.016111437528760895,0.000719927832748107,0.010960161584191086
0.0066740823136823835,3.0634036337097124,-0.05706090564978298,-17.525133690264227,0.6966430935307348,0.05743656441928609,17.410512103405324,3.736411236491158,-8.542377795497911,-0.11706342472081133,0.0005984822527533181,0.04388184748007068,0.003831417624521368,0.00018278224914068314,0.008730982540053677,0.0005375948504137739,0.005939443904798419
-0.0,2.890725776436275,-0.051232116263113435,-19.51900629800821,0.8261536418180253,0.05153311758728262,19.40499715171086,3.7357178616304103,-8.554898954442189,-0.11689208783474214,0.0005990126711230916,0.03539654910936104,-0.0,0.00010474799708124514,0.004119822595714936,0.00030808234435660334,0.002802600405248256
-0.006674082313681495,,,,,,,3.734970594834301,-8.573334786384292,-0.11664072673193004,,,-0.003831417624520858,,,,
-0.013348164627363879,,,,,,,3.7341263808386,-8.501995256255258,-0.11761944930094614,,,-0.007662835249042226,,,,
-0.020022246941045374,,,,,,,3.7333041689789055,-8.34927329985663,-0.11977090269846258,,,-0.011494252873563083,,,,
-0.02669632925472687,,,,,,,3.7325327106089516,-8.210581276351848,-0.12179405651585284,,,-0.015325670498083942,,,,
-0.03337041156840925,,,,,,,3.731698239841033,-8.129341899322506,-0.12301118742260542,,,-0.01915708812260531,,,,
-0.04004449388209075,,,,,,,3.7308849251811504,-8.126379106747958,-0.12305603601112125,,,-0.022988505747126166,,,,
-0.04671857619577313,,,,,,,3.7300351007411976,-8.214704284541774,-0.12173292736559915,,,-0.026819923371647535,,,,
-0.05339265850945463,,,,,,,3.72921740344745,-8.262531527140546,-0.12102828252034215,,,-0.030651340996168393,,,,
-0.06006674082313612,,,,,,,3.72843205934863,-8.222958690184853,-0.12161072889659863,,,-0.03448275862068925,,,,
-0.0667408231368185,,,,,,,3.727659380764423,-8.1700083960935,-0.12239889502171764,,,-0.03831417624521062,,,,
-0.0734149054505,,,,,,,3.7268059125939454,-8.102181188727172,-0.12342355431292162,,,-0.042145593869731476,,,,
-0.08008898776418238,,,,,,,3.725998610504147,-8.043282652159377,-0.12432734783124033,,,-0.045977011494252845,,,,
-0.08676307007786388,,,,,,,3.7251823140568088,-7.990904384628248,-0.1251422807565632,,,-0.0498084291187737,,,,
-0.09343715239154626,,,,,,,3.7243137977499416,-7.900084922815395,-0.12658091777115033,,,-0.05363984674329507,,,,
-0.10011123470522776,,,,,,,3.723435152096283,-7.802561170308567,-0.128163045206918,,,-0.057471264367815925,,,,
-0.10678531701890925,,,,,,,3.722562253792655,-7.759154921910432,-0.12888001464904164,,,-0.06130268199233679,,,,
-0.11345939933259164,,,,,,,3.7217355618302155,-7.709514050990878,-0.12970986152771502,,,-0.06513409961685815,,,,
-0.12013348164627313,,,,,,,3.7209011128809717,-7.644523908832354,-0.1308125936848228,,,-0.06896551724137902,,,,
-0.12680756395995552,,,,,,,3.7200272738997158,-7.6424329836989955,-0.13084838324823522,,,-0.07279693486590037,,,,
-0.133481646273637,,,,,,,3.7191148702871835,-7.6558322646385415,-0.13061937166764892,,,-0.07662835249042124,,,,
-0.1401557285873194,,,,,,,3.718222771018259,-7.6208497570020866,-0.13121896269916533,,,-0.08045977011494261,,,,
-0.1468298109010009,,,,,,,3.7173571698316707,-7.508268669737989,-0.13318649664608984,,,-0.08429118773946347,,,,
-0.15350389321468239,,,,,,,3.716454020207878,-7.390851950302836,-0.13530239906361885,,,-0.08812260536398432,,,,
-0.16017797552836477,,,,,,,3.715578685026478,-7.341706896152049,-0.13620810720789223,,,-0.09195402298850569,,,,
-0.16685205784204626,,,,,,,3.7147023428441304,-7.346257016767273,-0.13612374270564942,,,-0.09578544061302655,,,,
-0.17352614015572865,,,,,,,3.7137852554778723,-7.340423709952474,-0.13623191787200994,,,-0.09961685823754791,,,,
-0.18020022246941014,,,,,,,3.7128171584800387,-7.309643168501252,-0.1368055836582016,,,-0.10344827586206877,,,,
-0.18687430478309164,,,,,,,3.7118512237092975,-7.267652574684385,-0.13759601050321635,,,-0.10727969348658963,,,,
-0.19354838709677402,,,,,,,3.7109569050122078,-7.177118379829738,-0.13933168537533902,,,-0.111111111111111,,,,
-0.20022246941045552,,,,,,,3.710077813903826,-7.099453008395257,-0.14085592211364428,,,-0.11494252873563185,,,,
-0.2068965517241379,,,,,,,3.709182583682772,-7.091098500143508,-0.14102187411157274,,,-0.11877394636015322,,,,
-0.2135706340378194,,,,,,,3.7082189633317415,-7.074811487232698,-0.1413465223496928,,,-0.12260536398467409,,,,
-0.22024471635150178,,,,,,,3.7072489589652307,-7.014093477353733,-0.14257009879162297,,,-0.12643678160919544,,,,
-0.22691879866518327,,,,,,,3.7062344699346204,-6.942684913581242,-0.144036494878776,,,-0.1302681992337163,,,,
-0.23359288097886477,,,,,,,3.7052634184972857,-6.90957828257552,-0.14472663295845223,,,-0.13409961685823715,,,,
-0.24026696329254715,,,,,,,3.7043435696459523,-6.90050576647586,-0.14491691389611105,,,-0.13793103448275854,,,,
-0.24694104560622865,,,,,,,3.7033903121317318,-6.912473460247746,-0.1446660165497633,,,-0.1417624521072794,,,,
-0.25361512791991103,,,,,,,3.702395705398325,-6.924181669103174,-0.14442139848267743,,,-0.14559386973180075,,,,
-0.2602892102335925,,,,,,,3.7014603428571355,-6.889584078450947,-0.14514664290516066,,,-0.14942528735632163,,,,
-0.2669632925472749,,,,,,,3.700499614561533,-6.813968109094298,-0.14675736428313257,,,-0.15325670498084298,,,,
-0.2736373748609564,,,,,,,3.6995114782815435,-6.731311695436191,-0.14855945545917848,,,-0.15708812260536384,,,,
-0.2803114571746379,,,,,,,3.6984712857879924,-6.688855605607067,-0.14950240503947043,,,-0.1609195402298847,,,,
-0.2869855394883203,,,,,,,3.6975039937786365,-6.649394894811751,-0.15038962429201774,,,-0.16475095785440608,,,,
-0.2936596218020018,,,,,,,3.6964731886035316,-6.594973200246212,-0.15163063891793627,,,-0.16858237547892693,,,,
-0.30033370411568416,,,,,,,3.695461194204576,-6.574026761934705,-0.15211377078509258,,,-0.1724137931034483,,,,
-0.30700778642936566,,,,,,,3.694454894343982,-6.5979293711963,-0.15156270152959905,,,-0.17624521072796914,,,,
-0.31368186874304715,,,,,,,3.6934609053873313,-6.626863418589899,-0.1509009522053475,,,-0.18007662835249,,,,
-0.32035595105672954,,,,,,,3.6924249004482976,-6.602992519842231,-0.15144648384728043,,,-0.18390804597701138,,,,
-0.32703003337041103,,,,,,,3.6913994264001624,-6.541795465698076,-0.15286323231038068,,,-0.18773946360153224,,,,
-0.3337041156840934,,,,,,,3.6904093368068365,-6.49052670635243,-0.1540707010759661,,,-0.1915708812260536,,,,
-0.3403781979977749,,,,,,,3.689400104402512,-6.475118080467759,-0.1544373380643833,,,-0.19540229885057447,,,,
-0.3470522803114573,,,,,,,3.6883757033216424,-6.4786625830456295,-0.1543528447703011,,,-0.19923371647509583,,,,
-0.3537263626251388,,,,,,,3.6873185306877114,-6.474085325202425,-0.15446197412740048,,,-0.20306513409961668,,,,
-0.3604004449388203,,,,,,,3.6862344908050755,-6.466700833533539,-0.15463835822038163,,,-0.20689655172413754,,,,
-0.36707452725250267,,,,,,,3.6851902675001336,-6.475207597041665,-0.15443520304381764,,,-0.21072796934865892,,,,
-0.37374860956618416,,,,,,,3.6842192772851368,-6.504010499405958,-0.15375128931469817,,,-0.21455938697317978,,,,
-0.38042269187986655,,,,,,,3.6832352558373582,-6.540452360985143,-0.152894623308498,,,-0.21839080459770113,,,,
-0.38709677419354804,,,,,,,3.6821712707982295,-6.570156943315461,-0.15220336570763493,,,-0.222222222222222,,,,
-0.3937708565072304,,,,,,,3.68115109019018,-6.580429876590692,-0.15196575584786842,,,-0.22605363984674337,,,,
-0.4004449388209119,,,,,,,3.6801468498285974,-6.5772527880155955,-0.1520391616728034,,,-0.22988505747126423,,,,
-0.4071190211345934,,,,,,,3.6791566642492084,-6.555094123595044,-0.1525531107784559,,,-0.23371647509578508,,,,
-0.4137931034482758,,,,,,,3.678094880579767,-6.5500453386124935,-0.15267069894997576,,,-0.23754789272030644,,,,
-0.4204671857619573,,,,,,,3.677091516757908,-6.571258956794155,-0.15217784089395536,,,-0.2413793103448273,,,,
-0.4271412680756397,,,,,,,3.6760529639129724,-6.588068668775644,-0.15178955324790877,,,-0.24521072796934867,,,,
-0.4338153503893212,,,,,,,3.6750756066585626,-6.584637325534531,-0.15186865282953477,,,-0.24904214559386953,,,,
-0.44048943270300267,,,,,,,3.6740703046637755,-6.564303802907671,-0.15233907966859306,,,-0.2528735632183904,,,,
-0.44716351501668505,,,,,,,3.673040579087934,-6.567516369358691,-0.15226456148104717,,,-0.25670498084291177,,,,
-0.45383759733036655,,,,,,,3.6720120808904517,-6.589137974417329,-0.15176492037085154,,,-0.2605363984674326,,,,
-0.46051167964404893,,,,,,,3.671007490712031,-6.603346777290192,-0.1514383590210855,,,-0.264367816091954,,,,
-0.4671857619577304,,,,,,,3.6700182337998295,-6.603797407991535,-0.15142802515259746,,,-0.26819923371647486,,,,
-0.4738598442714128,,,,,,,3.6689672963798854,-6.622623101548877,-0.15099757070066744,,,-0.2720306513409962,,,,
-0.4805339265850943,,,,,,,3.6679525581345156,-6.697826809202991,-0.14930215851893536,,,-0.27586206896551707,,,,
-0.4872080088987758,,,,,,,3.6669959760546313,-6.752891308753006,-0.14808471723864614,,,-0.2796934865900379,,,,
-0.4938820912124582,,,,,,,3.666020680648854,-6.753393776584035,-0.14807369939944692,,,-0.2835249042145593,,,,
-0.5005561735261397,,,,,,,3.6650040314303767,-6.722564025860342,-0.14875276697301842,,,-0.28735632183908016,,,,
-0.5072302558398221,,,,,,,3.664019361462813,-6.719387914048107,-0.1488230792434706,,,-0.2911877394636015,,,,
-0.5139043381535036,,,,,,,3.6630593570578527,-6.734417870373708,-0.14849093407156033,,,-0.2950191570881224,,,,
-0.5205784204671859,,,,,,,3.662086330496841,-6.749367860392253,-0.1481620235679202,,,-0.29885057471264376,,,,
-0.5272525027808674,,,,,,,3.6610366003675976,-6.782748135297815,-0.14743286645068565,,,-0.3026819923371646,,,,
-0.5339265850945489,,,,,,,3.660030033705713,-6.803558314764252,-0.1469819106025625,,,-0.30651340996168547,,,,
-0.5406006674082313,,,,,,,3.6590391562876783,-6.82420643349323,-0.14653718490870915,,,-0.31034482758620685,,,,
-0.5472747497219128,,,,,,,3.658138383612647,-6.883914758385225,-0.14526617994243907,,,-0.3141762452107277,,,,
-0.5539488320355952,,,,,,,3.6571877125232746,-7.003467884033159,-0.14278640475811244,,,-0.31800766283524906,,,,
-0.5606229143492767,,,,,,,3.656244206765364,-7.1269572983780805,-0.14031233219645856,,,-0.3218390804597699,,,,
-0.5672969966629582,,,,,,,3.6552349010166725,-7.185468946762931,-0.13916976155752536,,,-0.32567049808429077,,,,
-0.5739710789766406,,,,,,,3.654304277317131,-7.2081646466359075,-0.1387315702432943,,,-0.32950191570881215,,,,
-0.5806451612903221,,,,,,,3.6534268006522743,-7.242901707731346,-0.13806621163070076,,,-0.333333333333333,,,,
-0.5873192436040044,,,,,,,3.6525436066010526,-7.317126479119284,-0.1366656709917038,,,-0.33716475095785436,,,,
-0.5939933259176859,,,,,,,3.6516227144056423,-7.369648599532976,-0.13569168007052212,,,-0.3409961685823752,,,,
-0.6006674082313683,,,,,,,3.6506755260943735,-7.370399005664544,-0.13567786482542488,,,-0.3448275862068966,,,,
-0.6073414905450498,,,,,,,3.649780585668417,-7.3479578095606675,-0.13609223486542987,,,-0.34865900383141746,,,,
-0.6140155728587313,,,,,,,3.6488961439336403,-7.3160458174767005,-0.13668585803702626,,,-0.3524904214559383,,,,
-0.6206896551724137,,,,,,,3.648001580373173,-7.305139326108669,-0.13688992849540682,,,-0.35632183908045967,,,,
-0.6273637374860952,,,,,,,3.647067842581169,-7.348829835774855,-0.13607608590035625,,,-0.36015325670498055,,,,
-0.6340378197997776,,,,,,,3.646118787461442,-7.479703837221951,-0.1336951330911802,,,-0.3639846743295019,,,,
-0.6407119021134591,,,,,,,3.6452480683356994,-7.604764055315017,-0.13149651885663616,,,-0.36781609195402276,,,,
-0.6473859844271415,,,,,,,3.6443899063003165,-7.680325633646601,-0.13020281270615897,,,-0.37164750957854414,,,,
-0.654060066740823,,,,,,,3.6435099342755244,-7.774094460567777,-0.12863234490811237,,,-0.37547892720306497,,,,
-0.6607341490545044,,,,,,,3.6426360965664726,-7.881378171097885,-0.12688136240780068,,,-0.37931034482758585,,,,
-0.6674082313681868,,,,,,,3.641864125474619,-7.940094552983701,-0.12594308459767944,,,-0.3831417624521072,,,,
-0.6740823136818683,,,,,,,3.6410590354485524,-7.936385823253432,-0.12600193869985787,,,-0.38697318007662806,,,,
-0.6807563959955507,,,,,,,3.6401662212322843,-7.9163933701912494,-0.12632015025496912,,,-0.39080459770114945,,,,
-0.6874304783092322,,,,,,,3.639285534447531,-7.876108271695648,-0.12696625865260103,,,-0.3946360153256703,,,,
-0.6941045606229137,,,,,,,3.6384565865752165,-7.823577553230782,-0.127818762349591,,,-0.39846743295019116,,,,
-0.7007786429365961,,,,,,,3.637597053972796,-7.804121392276103,-0.12813742248931703,,,-0.40229885057471254,,,,
-0.7074527252502776,,,,,,,3.6367525101372244,-7.832709469667539,-0.1276697423634232,,,-0.40613026819923337,,,,
-0.71412680756396,,,,,,,3.63590974417802,-7.897939251490733,-0.12661530662080622,,,-0.40996168582375475,,,,
-0.7208008898776415,,,,,,,3.6350385556073284,-7.9031038269630045,-0.1265325651661442,,,-0.4137931034482756,,,,
-0.7274749721913238,,,,,,,3.634170921469778,-7.821743902338476,-0.1278487268933759,,,-0.41762452107279696,,,,
-0.7341490545050053,,,,,,,3.6333779434876736,-7.765284829752951,-0.1287782768982879,,,-0.42145593869731784,,,,
-0.7408231368186868,,,,,,,3.632536373159753,-7.730206089204549,-0.12936265714785122,,,-0.42528735632183867,,,,
-0.7474972191323692,,,,,,,3.6316280285362446,-7.668613513774593,-0.13040166885497229,,,-0.42911877394636005,,,,
-0.7541713014460507,,,,,,,3.6307415403239407,-7.576162102746385,-0.13199295189809845,,,-0.4329501915708809,,,,
-0.7608453837597331,,,,,,,3.6298389154881083,-7.453491340581996,-0.13416531318085845,,,-0.43678160919540227,,,,
-0.7675194660734146,,,,,,,3.6289414880966464,-7.307216581711363,-0.1368510141745105,,,-0.44061302681992315,,,,
-0.774193548387097,,,,,,,3.6280636049738737,-7.206005267116235,-0.13877314308433597,,,-0.4444444444444445,,,,
-0.7808676307007785,,,,,,,3.627125596503905,-7.140845659775084,-0.14003943617393588,,,-0.44827586206896536,,,,
-0.78754171301446,,,,,,,3.626167971789282,-7.032485731660357,-0.142197231271723,,,-0.45210727969348624,,,,
-0.7942157953281423,,,,,,,3.625177250472236,-6.904921876745277,-0.1448242308675276,,,-0.45593869731800757,,,,
-0.8008898776418238,,,,,,,3.624218149364426,-6.7564832627424805,-0.14800599085538124,,,-0.45977011494252845,,,,
-0.8075639599555062,,,,,,,3.6232020345349323,-6.577681128501017,-0.15202926083890134,,,-0.46360153256704983,,,,
-0.8142380422691877,,,,,,,3.622195663960165,-6.418313312879322,-0.15580417334774666,,,-0.46743295019157066,,,,
-0.8209121245828692,,,,,,,3.621101922671234,-5.882254699519608,-0.17000283923130155,,,-0.47126436781609155,,,,
-0.8275862068965516,,,,,,,3.6200034452834657,-7.9600833274620735,-0.12562682560746907,,,-0.47509578544061287,,,,
-0.8342602892102331,,,,,,,3.618800869002812,8.443067415103007,0.11844036661500468,,,-0.47892720306513376,,,,
-0.8409343715239155,,,,,,,3.617509224818314,6.442085752409256,0.15522922830172092,,,-0.48275862068965514,,,,
-0.847608453837597,,,,,,,3.6160845987008794,-5.766881351542828,-0.17340394903953893,,,-0.48659003831417597,,,,
-0.8542825361512794,,,,,,,3.6144972276555123,-1.647688711735384,-0.6069107549731143,,,-0.49042145593869735,,,,
-0.8609566184649609,,,,,,,3.612523533524042,-0.8375940441417942,-1.1938957863825408,,,-0.4942528735632182,,,,
-0.8676307007786423,,,,,,,3.611801486523558,-0.5169671077766465,-1.9343590432682731,,,-0.49808429118773906,,,,
-0.8743047830923247,,,,,,,3.599769312458519,-0.35356921619104126,-2.828300525630823,,,-0.5019157088122604,,,,
-0.8809788654060062,,,,,,,3.5545531101073298,-0.30178285860202364,-3.3136408231812484,,,-0.5057471264367813,,,,
-0.8876529477196886,,,,,,,,,,,,-0.5095785440613027,,,,
-0.8943270300333701,,,,,,,,,,,,-0.5134099616858235,,,,
-0.9010011123470525,,,,,,,,,,,,-0.5172413793103449,,,,
-0.907675194660734,,,,,,,,,,,,-0.5210727969348657,,,,
-0.9143492769744155,,,,,,,,,,,,-0.5249042145593866,,,,
-0.9210233592880979,,,,,,,,,,,,-0.528735632183908,,,,
-0.9276974416017794,,,,,,,,,,,,-0.5325670498084288,,,,
-0.9343715239154617,,,,,,,,,,,,-0.5363984674329502,,,,
-0.9410456062291432,,,,,,,,,,,,-0.540229885057471,,,,
-0.9477196885428247,,,,,,,,,,,,-0.5440613026819919,,,,
-0.9543937708565071,,,,,,,,,,,,-0.5478927203065133,,,,
-0.9610678531701886,,,,,,,,,,,,-0.5517241379310341,,,,
-0.967741935483871,,,,,,,,,,,,-0.5555555555555555,,,,
-0.9744160177975525,,,,,,,,,,,,-0.5593869731800764,,,,
-0.9810901001112349,,,,,,,,,,,,-0.5632183908045977,,,,
-0.9877641824249164,,,,,,,,,,,,-0.5670498084291186,,,,
-0.9944382647385979,,,,,,,,,,,,-0.5708812260536394,,,,
-1.0011123470522802,,,,,,,,,,,,-0.5747126436781608,,,,
-1.0077864293659617,,,,,,,,,,,,-0.5785440613026817,,,,
-1.0144605116796441,,,,,,,,,,,,-0.582375478927203,,,,
-1.0211345939933256,,,,,,,,,,,,-0.5862068965517239,,,,
-1.0278086763070071,,,,,,,,,,,,-0.5900383141762447,,,,
-1.0344827586206895,,,,,,,,,,,,-0.5938697318007661,,,,
-1.041156840934371,,,,,,,,,,,,-0.597701149425287,,,,
-1.0478309232480534,,,,,,,,,,,,-0.6015325670498084,,,,
-1.0545050055617349,,,,,,,,,,,,-0.6053639846743292,,,,
-1.0611790878754173,,,,,,,,,,,,-0.6091954022988506,,,,
-1.0678531701890988,,,,,,,,,,,,-0.6130268199233714,,,,
-1.0745272525027803,,,,,,,,,,,,-0.6168582375478923,,,,
-1.0812013348164626,,,,,,,,,,,,-0.6206896551724137,,,,
-1.0878754171301441,,,,,,,,,,,,-0.6245210727969345,,,,
-1.0945494994438265,,,,,,,,,,,,-0.6283524904214559,,,,
-1.101223581757508,,,,,,,,,,,,-0.6321839080459767,,,,
-1.1078976640711904,,,,,,,,,,,,-0.6360153256704981,,,,
-1.1145717463848719,,,,,,,,,,,,-0.639846743295019,,,,
-1.1212458286985534,,,,,,,,,,,,-0.6436781609195398,,,,
-1.1279199110122358,,,,,,,,,,,,-0.6475095785440612,,,,
-1.1345939933259173,,,,,,,,,,,,-0.6513409961685821,,,,
-1.1412680756395996,,,,,,,,,,,,-0.6551724137931034,,,,
-1.1479421579532811,,,,,,,,,,,,-0.6590038314176243,,,,
-1.1546162402669626,,,,,,,,,,,,-0.6628352490421451,,,,
-1.161290322580645,,,,,,,,,,,,-0.6666666666666665,,,,
-1.1679644048943265,,,,,,,,,,,,-0.6704980842911874,,,,
-1.174638487208009,,,,,,,,,,,,-0.6743295019157087,,,,
-1.1813125695216904,,,,,,,,,,,,-0.6781609195402296,,,,
-1.1879866518353728,,,,,,,,,,,,-0.6819923371647509,,,,
-1.1946607341490543,,,,,,,,,,,,-0.6858237547892718,,,,
-1.2013348164627358,,,,,,,,,,,,-0.6896551724137927,,,,
-1.2080088987764181,,,,,,,,,,,,-0.693486590038314,,,,
-1.2146829810900996,,,,,,,,,,,,-0.6973180076628349,,,,
-1.221357063403782,,,,,,,,,,,,-0.7011494252873562,,,,
-1.2280311457174635,,,,,,,,,,,,-0.7049808429118771,,,,
-1.234705228031146,,,,,,,,,,,,-0.7088122605363985,,,,
-1.2413793103448274,,,,,,,,,,,,-0.7126436781609193,,,,
-1.248053392658509,,,,,,,,,,,,-0.7164750957854402,,,,
