Q_exp,V_fit,dqdv_fit,dvdq_fit,V_fit_anode,dqdv_fit_anode,dvdq_fit_anode,V_fit_cathode,dqdv_fit_cathode,dvdq_fit_cathode,dqdv_fit_si,dqdv_fit_gr,SoCs,Q_si,Q_gr,x_si,x_gr
4.751946607341491,,,,,,,,,,,,2.7279693486590038,,,,
4.74527252502781,,,,,,,,,,,,2.724137931034483,,,,
4.738598442714127,,,,,,,,,,,,2.7203065134099615,,,,
4.731924360400445,,,,,,,,,,,,2.71647509578544,,,,
4.725250278086763,,,,,,,,,,,,2.7126436781609193,,,,
4.718576195773082,,,,,,,,,,,,2.7088122605363987,,,,
4.7119021134594,,,,,,,,,,,,2.7049808429118776,,,,
4.705228031145718,,,,,,,,,,,,2.7011494252873565,,,,
4.698553948832036,,,,,,,,,,,,2.697318007662835,,,,
4.691879866518354,,,,,,,,,,,,2.693486590038314,,,,
4.685205784204673,,,,,,,,,,,,2.689655172413793,,,,
4.678531701890991,,,,,,,,,,,,2.6858237547892725,,,,
4.671857619577309,,,,,,,,,,,,2.681992337164751,,,,
4.665183537263626,,,,,,,,,,,,2.6781609195402294,,,,
4.658509454949945,,,,,,,,,,,,2.6743295019157087,,,,
4.651835372636263,,,,,,,,,,,,2.670498084291188,,,,
4.645161290322582,,,,,,,,,,,,2.666666666666667,,,,
4.6384872080088995,,,,,,,,,,,,2.662835249042146,,,,
4.631813125695217,,,,,,,,,,,,2.6590038314176243,,,,
4.625139043381536,,,,,,,,,,,,2.655172413793103,,,,
4.618464961067854,,,,,,,,,,,,2.6513409961685825,,,,
4.611790878754172,,,,,,,,,,,,2.647509578544061,,,,
4.60511679644049,,,,,,,,,,,,2.6436781609195403,,,,
4.598442714126808,,,,,,,,,,,,2.639846743295019,,,,
4.591768631813126,,,,,,,,,,,,2.636015325670498,,,,
4.585094549499445,,,,,,,,,,,,2.6321839080459775,,,,
4.5784204671857625,,,,,,,,,,,,2.628352490421456,,,,
4.57174638487208,,,,,,,,,,,,2.6245210727969344,,,,
4.565072302558399,,,,,,,,,,,,2.6206896551724137,,,,
4.558398220244717,,,,,,,,,,,,2.6168582375478926,,,,
4.551724137931036,,,,,,,,,,,,2.613026819923372,,,,
4.545050055617353,,,,,,,,,,,,2.6091954022988504,,,,
4.538375973303671,,,,,,,,,,,,2.6053639846743293,,,,
4.531701890989989,,,,,,,,,,,,2.601532567049808,,,,
4.525027808676308,,,,,,,,,,,,2.5977011494252875,,,,
4.518353726362626,,,,,,,,,,,,2.5938697318007664,,,,
4.511679644048944,,,,,,,,,,,,2.5900383141762453,,,,
4.505005561735262,,,,,,,,,,,,2.5862068965517238,,,,
4.49833147942158,,,,,,,,,,,,2.582375478927203,,,,
4.491657397107899,,,,,,,,,,,,2.578544061302682,,,,
4.484983314794216,,,,,,,,,,,,2.574712643678161,,,,
4.478309232480535,,,,,,,,,,,,2.57088122605364,,,,
4.471635150166852,,,,,,,,,,,,2.5670498084291187,,,,
4.464961067853171,,,,,,,,,,,,2.5632183908045976,,,,
4.458286985539489,,,,,,,,,,,,2.559386973180077,,,,
4.451612903225807,,,,,,,,,,,,2.5555555555555554,,,,
4.4449388209121246,,,,,,,,,,,,2.5517241379310343,,,,
4.438264738598443,,,,,,,,,,,,2.547892720306513,,,,
4.431590656284762,,,,,,,,,,,,2.5440613026819925,,,,
4.42491657397108,,,,,,,,,,,,2.5402298850574714,,,,
4.418242491657398,,,,,,,,,,,,2.5363984674329503,,,,
4.411568409343715,,,,,,,,,,,,2.5325670498084287,,,,
4.404894327030034,,,,,,,,,,,,2.528735632183908,,,,
4.398220244716352,,,,,,,,,,,,2.524904214559387,,,,
4.39154616240267,,,,,,,,,,,,2.521072796934866,,,,
4.384872080088988,,,,,,,,,,,,2.5172413793103448,,,,
4.378197997775306,,,,,,,,,,,,2.5134099616858236,,,,
4.3715239154616246,,,,,,,,,,,,2.5095785440613025,,,,
4.364849833147943,,,,,,,,,,,,2.505747126436782,,,,
4.358175750834261,,,,,,,,,,,,2.5019157088122603,,,,
4.351501668520579,,,,,,,,,,,,2.4980842911877397,,,,
4.344827586206897,,,,,,,,,,,,2.494252873563218,,,,
4.338153503893215,,,,,,,,,,,,2.4904214559386975,,,,
4.331479421579534,,,,,,,,,,,,2.4865900383141764,,,,
4.324805339265851,,,,,,,,,,,,2.4827586206896552,,,,
4.318131256952169,,,,,,,,,,,,2.4789272030651337,,,,
4.3114571746384875,,,,,,,,,,,,2.475095785440613,,,,
4.304783092324806,,,,,,,,,,,,2.471264367816092,,,,
4.2981090100111246,,,,,,,,,,,,2.4674329501915713,,,,
4.291434927697442,,,,,,,,,,,,2.4636015325670497,,,,
4.28476084538376,,,,,,,,,,,,2.4597701149425286,,,,
4.278086763070078,,,,,,,,,,,,2.4559386973180075,,,,
4.271412680756397,,,,,,,,,,,,2.452107279693487,,,,
4.264738598442714,,,,,,,,,,,,2.4482758620689653,,,,
4.258064516129033,,,,,,,,,,,,2.4444444444444446,,,,
4.2513904338153505,,,,,,,,,,,,2.440613026819923,,,,
4.244716351501669,,,,,,,,,,,,2.4367816091954024,,,,
4.2380422691879875,,,,,,,,,,,,2.4329501915708813,,,,
4.231368186874305,,,,,,,,,,,,2.42911877394636,,,,
4.224694104560624,,,,,,,,,,,,2.425287356321839,,,,
4.218020022246941,,,,,,,,,,,,2.421455938697318,,,,
4.21134593993326,,,,,,,,,,,,2.417624521072797,,,,
4.204671857619578,,,,,,,,,,,,2.4137931034482762,,,,
4.197997775305896,,,,,,,,,,,,2.4099616858237547,,,,
4.1913236929922135,,,,,,,,,,,,2.4061302681992336,,,,
4.184649610678532,,,,,,,,,,,,2.4022988505747125,,,,
4.1779755283648505,,,,,,,,,,,,2.398467432950192,,,,
4.171301446051169,,,,,,,,,,,,2.3946360153256707,,,,
4.164627363737487,,,,,,,,,,,,2.3908045977011496,,,,
4.157953281423804,,,,,,,,,,,,2.386973180076628,,,,
4.151279199110123,,,,,,,,,,,,2.3831417624521074,,,,
4.144605116796441,,,,,,,,,,,,2.3793103448275863,,,,
4.137931034482759,,,,,,,,,,,,2.375478927203065,,,,
4.131256952169077,,,,,,,,,,,,2.371647509578544,,,,
4.124582869855395,,,,,,,,,,,,2.3678160919540225,,,,
4.1179087875417135,,,,,,,,,,,,2.363984674329502,,,,
4.111234705228032,,,,,,,,,,,,2.360153256704981,,,,
4.10456062291435,,,,,,,,,,,,2.3563218390804597,,,,
4.097886540600668,,,,,,,,,,,,2.352490421455939,,,,
4.091212458286986,,,,,,,,,,,,2.3486590038314175,,,,
4.084538375973304,,,,,,,,,,,,2.344827586206897,,,,
4.077864293659623,,,,,,,,,,,,2.3409961685823757,,,,
4.07119021134594,,,,,,,,,,,,2.337164750957854,,,,
4.064516129032258,,,,,,,,,,,,2.333333333333333,,,,
4.0578420467185765,,,,,,,,,,,,2.329501915708812,,,,
4.051167964404895,,,,,,,,,,,,2.3256704980842913,,,,
4.0444938820912135,,,,,,,,,,,,2.3218390804597706,,,,
4.037819799777531,,,,,,,,,,,,2.318007662835249,,,,
4.031145717463849,,,,,,,,,,,,2.3141762452107275,,,,
4.024471635150167,,,,,,,,,,,,2.310344827586207,,,,
4.017797552836486,,,,,,,,,,,,2.306513409961686,,,,
4.011123470522803,,,,,,,,,,,,2.3026819923371646,,,,
4.004449388209122,,,,,,,,,,,,2.2988505747126435,,,,
3.99777530589544,,,,,,,,,,,,2.2950191570881224,,,,
3.991101223581758,,,,,,,,,,,,2.2911877394636013,,,,
3.984427141268076,,,,,,,,,,,,2.28735632183908,,,,
3.977753058954394,,,,,,,,,,,,2.283524904214559,,,,
3.9710789766407126,,,,,,,,,,,,2.2796934865900385,,,,
3.9644048943270307,,,,,,,,,,,,2.2758620689655173,,,,
3.9577308120133488,,,,,,,,,,,,2.2720306513409962,,,,
3.951056729699667,,,,,,,,,,,,2.268199233716475,,,,
3.944382647385985,,,,,,,,,,,,2.264367816091954,,,,
3.937708565072303,,,,,,,,,,,,2.260536398467433,,,,
3.931034482758621,,,,,,,,,,,,2.256704980842912,,,,
3.9243604004449395,,,,,,,,,,,,2.2528735632183907,,,,
3.9176863181312576,,,,,,,,,,,,2.2490421455938696,,,,
3.9110122358175756,,,,,,,,,,,,2.2452107279693485,,,,
3.9043381535038937,,,,,,,,,,,,2.2413793103448274,,,,
3.8976640711902117,,,,,,,,,,,,2.2375478927203063,,,,
3.8909899888765302,,,,,,,,,,,,2.2337164750957856,,,,
3.884315906562848,,,,,,,,,,,,2.229885057471264,,,,
3.8776418242491664,,,,,,,,,,,,2.2260536398467434,,,,
3.8709677419354844,,,,,,,,,,,,2.2222222222222223,,,,
3.8642936596218025,,,,,,,,,,,,2.218390804597701,,,,
3.8576195773081206,,,,,,,,,,,,2.21455938697318,,,,
3.8509454949944386,,,,,,,,,,,,2.210727969348659,,,,
3.844271412680757,,,,,,,,,,,,2.206896551724138,,,,
3.837597330367075,,,,,,,,,,,,2.203065134099617,,,,
3.8309232480533932,,,,,,,,,,,,2.1992337164750957,,,,
3.8242491657397113,,,,,,,,,,,,2.1954022988505746,,,,
3.8175750834260294,,,,,,,,,,,,2.1915708812260535,,,,
3.8109010011123474,,,,,,,,,,,,2.1877394636015324,,,,
3.8042269187986655,,,,,,,,,,,,2.1839080459770113,,,,
3.797552836484984,,,,,,,,,,,,2.1800766283524906,,,,
3.790878754171302,,,,,,,,,,,,2.1762452107279695,,,,
3.78420467185762,,,,,,,,,,,,2.1724137931034484,,,,
3.777530589543938,,,,,,,,,,,,2.1685823754789273,,,,
3.7708565072302562,,,,,,,,,,,,2.164750957854406,,,,
3.7641824249165747,,,,,,,,,,,,2.160919540229885,,,,
3.7575083426028923,,,,,,,,,,,,2.157088122605364,,,,
3.750834260289211,,,,,,,,,,,,2.153256704980843,,,,
3.744160177975529,,,,,,,,,,,,2.1494252873563218,,,,
3.737486095661847,,,,,,,,,,,,2.1455938697318007,,,,
3.730812013348165,,,,,,,,,,,,2.1417624521072796,,,,
3.724137931034483,,,,,,,,,,,,2.1379310344827585,,,,
3.7174638487208016,,,,,,,,,,,,2.134099616858238,,,,
3.710789766407119,,,,,,,,,,,,2.1302681992337162,,,,
3.7041156840934377,,,,,,,,,,,,2.1264367816091956,,,,
3.697441601779756,,,,,,,,,,,,2.1226053639846745,,,,
3.690767519466074,,,,,,,,,,,,2.1187739463601534,,,,
3.6840934371523923,,,,,,,,,,,,2.1149425287356323,,,,
3.67741935483871,,,,,,,,,,,,2.111111111111111,,,,
3.6707452725250285,,,,,,,,,,,,2.10727969348659,,,,
3.6640711902113465,,,,,,,,,,,,2.103448275862069,,,,
3.6573971078976646,,,,,,,,,,,,2.099616858237548,,,,
3.6507230255839827,,,,,,,,,,,,2.0957854406130267,,,,
3.6440489432703007,,,,,,,,,,,,2.0919540229885056,,,,
3.637374860956619,,,,,,,,,,,,2.088122605363985,,,,
3.630700778642937,,,,,,,,,,,,2.0842911877394634,,,,
3.6240266963292553,,,,,,,,,,,,2.0804597701149428,,,,
3.6173526140155734,,,,,,,,,,,,2.0766283524904217,,,,
3.6106785317018915,,,,,,,,,,,,2.0727969348659006,,,,
3.6040044493882095,,,,,,,,,,,,2.0689655172413794,,,,
3.5973303670745276,,,,,,,,,,,,2.0651340996168583,,,,
3.590656284760846,,,,,,,,,,,,2.0613026819923372,,,,
3.5839822024471637,,,,,,,,,,,,2.057471264367816,,,,
3.577308120133482,,,,,,,,,,,,2.053639846743295,,,,
3.5706340378198003,,,,,,,,,,,,2.049808429118774,,,,
3.5639599555061183,,,,,,,,,,,,2.045977011494253,,,,
3.557285873192437,,,,,,,,,,,,2.042145593869732,,,,
3.5506117908787544,,,,,,,,,,,,2.0383141762452106,,,,
3.543937708565073,,,,,,,,,,,,2.03448275862069,,,,
3.537263626251391,,,,,,,,,,,,2.030651340996169,,,,
3.530589543937709,,,,,,,,,,,,2.0268199233716477,,,,
3.523915461624027,,,,,,,,,,,,2.0229885057471266,,,,
3.517241379310345,,,,,,,,,,,,2.0191570881226055,,,,
3.5105672969966637,,,,,,,,,,,,2.0153256704980844,,,,
3.5038932146829813,,,,,,,,,,,,2.011494252873563,,,,
3.4972191323693,,,,,,,,,,,,2.007662835249042,,,,
3.490545050055618,,,,,,,,,,,,2.003831417624521,,,,
3.483870967741936,,,,,,,,,,,,2.0,,,,
3.477196885428254,,,,,,,,,,,,1.996168582375479,,,,
3.470522803114572,,,,,,,,,,,,1.9923371647509578,,,,
3.4638487208008906,,,,,,,,,,,,1.988505747126437,,,,
3.457174638487208,,,,,,,,,,,,1.9846743295019156,,,,
3.4505005561735267,,,,,,,,,,,,1.9808429118773947,,,,
3.4438264738598448,,,,,,,,,,,,1.9770114942528736,,,,
3.437152391546163,,,,,,,,,,,,1.9731800766283525,,,,
3.4304783092324813,,,,,,,,,,,,1.9693486590038316,,,,
3.423804226918799,,,,,,,,,,,,1.9655172413793103,,,,
3.4171301446051174,,,,,,,,,,,,1.9616858237547894,,,,
3.4104560622914355,,,,,,,,,,,,1.9578544061302683,,,,
3.4037819799777536,,,,,,,,,,,,1.9540229885057472,,,,
3.3971078976640716,,,,,,,,,,,,1.950191570881226,,,,
3.3904338153503897,,,,,,,,,,,,1.946360153256705,,,,
3.383759733036708,,,,,,,,,,,,1.942528735632184,,,,
3.377085650723026,,,,,,,,,,,,1.9386973180076628,,,,
3.3704115684093443,,,,,,,,,,,,1.9348659003831419,,,,
3.3637374860956624,,,,,,,,,,,,1.9310344827586208,,,,
3.3570634037819804,,,,,,,,,,,,1.9272030651340997,,,,
3.3503893214682985,,,,,,,,,,,,1.9233716475095786,,,,
3.3437152391546165,,,,,,,,,,,,1.9195402298850575,,,,
3.337041156840935,,,,,,,,,,,,1.9157088122605366,,,,
3.3303670745272527,,,,,,,,,,,,1.9118773946360152,,,,
3.323692992213571,,,,,,,,,,,,1.9080459770114944,,,,
3.3170189098998892,,,,,,,,,,,,1.9042145593869733,,,,
3.3103448275862073,,,,,,,,,,,,1.9003831417624522,,,,
3.303670745272526,,,,,,,,,,,,1.8965517241379313,,,,
3.2969966629588434,,,,,,,,,,,,1.89272030651341,,,,
3.290322580645162,,,,,,,,,,,,1.888888888888889,,,,
3.28364849833148,,,,,,,,,,,,1.885057471264368,,,,
3.276974416017798,,,,,,,,,,,,1.8812260536398469,,,,
3.270300333704116,,,,,,,,,,,,1.8773946360153257,,,,
3.263626251390434,,,,,,,,,,,,1.8735632183908046,,,,
3.2569521690767527,,,,,,,,,,,,1.8697318007662838,,,,
3.2502780867630703,,,,,,,,,,,,1.8659003831417624,,,,
3.243604004449389,,,,,,,,,,,,1.8620689655172415,,,,
3.236929922135707,,,,,,,,,,,,1.8582375478927204,,,,
3.230255839822025,,,,,,,,,,,,1.8544061302681993,,,,
3.223581757508343,,,,,,,,,,,,1.8505747126436782,,,,
3.216907675194661,,,,,,,,,,,,1.846743295019157,,,,
3.2102335928809795,,,,,,,,,,,,1.8429118773946362,,,,
3.203559510567297,,,,,,,,,,,,1.8390804597701147,,,,
3.1968854282536157,,,,,,,,,,,,1.835249042145594,,,,
3.1902113459399337,,,,,,,,,,,,1.831417624521073,,,,
3.183537263626252,,,,,,,,,,,,1.8275862068965516,,,,
3.1768631813125703,,,,,,,,,,,,1.823754789272031,,,,
3.170189098998888,,,,,,,,,,,,1.8199233716475094,,,,
3.1635150166852064,,,,,,,,,,,,1.8160919540229887,,,,
3.1568409343715245,,,,,,,,,,,,1.8122605363984674,,,,
3.1501668520578425,,,,,,,,,,,,1.8084291187739463,,,,
3.1434927697441606,,,,,,,,,,,,1.8045977011494252,,,,
3.1368186874304786,,,,,,,,,,,,1.800766283524904,,,,
3.130144605116797,,,,,,,,,,,,1.7969348659003832,,,,
3.1234705228031148,,,,,,,,,,,,1.7931034482758619,,,,
3.1167964404894333,,,,,,,,,,,,1.789272030651341,,,,
3.1101223581757513,,,,,,,,,,,,1.78544061302682,,,,
3.1034482758620694,,,,,,,,,,,,1.7816091954022988,,,,
3.0967741935483875,,,,,,,,,,,,1.7777777777777777,,,,
3.0901001112347055,,,,,,,,,,,,1.7739463601532566,,,,
3.083426028921024,,,,,,,,,,,,1.7701149425287357,,,,
3.0767519466073416,,,,,,,,,,,,1.7662835249042144,,,,
3.07007786429366,,,,,,,,,,,,1.7624521072796935,,,,
3.063403781979978,,,,,,,,,,,,1.7586206896551724,,,,
3.0567296996662963,,,,,,,,,,,,1.7547892720306513,,,,
3.0500556173526148,,,,,,,,,,,,1.7509578544061304,,,,
3.0433815350389324,,,,,,,,,,,,1.747126436781609,,,,
3.036707452725251,,,,,,,,,,,,1.7432950191570882,,,,
3.030033370411569,,,,,,,,,,,,1.739463601532567,,,,
3.023359288097887,,,,,,,,,,,,1.735632183908046,,,,
3.016685205784205,,,,,,,,,,,,1.7318007662835249,,,,
3.010011123470523,,,,,,,,,,,,1.7279693486590038,,,,
3.0033370411568416,,,,,,,,,,,,1.7241379310344829,,,,
2.9966629588431593,,,,,,,,,,,,1.7203065134099615,,,,
2.9899888765294778,,,,,,,,,,,,1.7164750957854407,,,,
2.983314794215796,,,,,,,,,,,,1.7126436781609196,,,,
2.976640711902114,,,,,,,,,,,,1.7088122605363985,,,,
2.969966629588432,,,,,,,,,,,,1.7049808429118773,,,,
2.96329254727475,,,,,,,,,,,,1.7011494252873562,,,,
2.9566184649610685,,,,,,,,,,,,1.6973180076628354,,,,
2.949944382647386,,,,,,,,,,,,1.693486590038314,,,,
2.9432703003337046,,,,,,,,,,,,1.6896551724137931,,,,
2.9365962180200227,,,,,,,,,,,,1.685823754789272,,,,
2.9299221357063407,,,,,,,,,,,,1.681992337164751,,,,
2.9232480533926593,,,,,,,,,,,,1.67816091954023,,,,
2.916573971078977,,,,,,,,,,,,1.6743295019157087,,,,
2.9098998887652954,,,,,,,,,,,,1.6704980842911878,,,,
2.9032258064516134,,,,,,,,,,,,1.6666666666666667,,,,
2.8965517241379315,,,,,,,,,,,,1.6628352490421456,,,,
2.8898776418242496,,,,,,,,,,,,1.6590038314176245,,,,
2.8832035595105676,,,,,,,,,,,,1.6551724137931034,,,,
2.876529477196886,,,,,,,,,,,,1.6513409961685825,,,,
2.8698553948832037,,,,,,,,,,,,1.6475095785440612,,,,
2.8631813125695222,,,,,,,,,,,,1.6436781609195403,,,,
2.8565072302558403,,,,,,,,,,,,1.6398467432950192,,,,
2.8498331479421584,,,,,,,,,,,,1.6360153256704981,,,,
2.8431590656284764,,,,,,,,,,,,1.632183908045977,,,,
2.8364849833147945,,,,,,,,,,,,1.628352490421456,,,,
2.829810901001113,,,,,,,,,,,,1.624521072796935,,,,
2.8231368186874306,,,,,,,,,,,,1.6206896551724137,,,,
2.816462736373749,,,,,,,,,,,,1.6168582375478928,,,,
2.809788654060067,,,,,,,,,,,,1.6130268199233717,,,,
2.8031145717463852,,,,,,,,,,,,1.6091954022988506,,,,
2.7964404894327037,,,,,,,,,,,,1.6053639846743297,,,,
2.7897664071190214,,,,,,,,,,,,1.6015325670498084,,,,
2.78309232480534,,,,,,,,,,,,1.5977011494252875,,,,
2.776418242491658,,,,,,,,,,,,1.5938697318007664,,,,
2.769744160177976,,,,,,,,,,,,1.5900383141762453,,,,
2.763070077864294,,,,,,,,,,,,1.5862068965517242,,,,
2.756395995550612,,,,,,,,,,,,1.582375478927203,,,,
2.74972191323693,,,,,,,,,,,,1.578544061302682,,,,
2.7430478309232487,,,,,,,,,,,,1.574712643678161,,,,
2.7363737486095667,,,,,,,,,,,,1.57088122605364,,,,
2.729699666295885,,,,,,,,,,,,1.567049808429119,,,,
2.723025583982203,,,,,,,,,,,,1.5632183908045978,,,,
2.716351501668521,,,,,,,,,,,,1.5593869731800767,,,,
2.709677419354839,,,,,,,,,,,,1.5555555555555556,,,,
2.7030033370411575,,,,,,,,,,,,1.5517241379310347,,,,
2.6963292547274755,,,,,,,,,,,,1.5478927203065136,,,,
2.6896551724137936,,,,,,,,,,,,1.5440613026819925,,,,
2.6829810901001117,,,,,,,,,,,,1.5402298850574714,,,,
2.6763070077864297,,,,,,,,,,,,1.5363984674329503,,,,
2.6696329254727478,,,,,,,,,,,,1.5325670498084292,,,,
2.6629588431590663,,,,,,,,,,,,1.5287356321839083,,,,
2.6562847608453843,,,,,,,,,,,,1.5249042145593872,,,,
2.6496106785317024,,,,,,,,,,,,1.521072796934866,,,,
2.6429365962180205,,,,,,,,,,,,1.517241379310345,,,,
2.6362625139043385,,,,,,,,,,,,1.5134099616858239,,,,
2.6295884315906566,,,,,,,,,,,,1.5095785440613028,,,,
2.6229143492769746,,,,,,,,,,,,1.5057471264367814,,,,
2.616240266963293,,,,,,,,,,,,1.5019157088122608,,,,
2.609566184649611,,,,,,,,,,,,1.4980842911877397,,,,
2.6028921023359293,,,,,,,,,,,,1.4942528735632186,,,,
2.5962180200222473,,,,,,,,,,,,1.4904214559386972,,,,
2.5895439377085654,,,,,,,,,,,,1.4865900383141761,,,,
2.5828698553948835,,,,,,,,,,,,1.482758620689655,,,,
2.576195773081202,,,,,,,,,,,,1.4789272030651344,,,,
2.56952169076752,,,,,,,,,,,,1.475095785440613,,,,
2.562847608453838,,,,,,,,,,,,1.471264367816092,,,,
2.556173526140156,,,,,,,,,,,,1.4674329501915708,,,,
2.549499443826474,,,,,,,,,,,,1.4636015325670497,,,,
2.5428253615127923,,,,,,,,,,,,1.4597701149425286,,,,
2.5361512791991108,,,,,,,,,,,,1.4559386973180077,,,,
2.529477196885429,,,,,,,,,,,,1.4521072796934866,,,,
2.522803114571747,,,,,,,,,,,,1.4482758620689655,,,,
2.516129032258065,,,,,,,,,,,,1.4444444444444444,,,,
2.509454949944383,,,,,,,,,,,,1.4406130268199233,,,,
2.502780867630701,,,,,,,,,,,,1.4367816091954022,,,,
2.496106785317019,,,,,,,,,,,,1.432950191570881,,,,
2.4894327030033376,,,,,,,,,,,,1.4291187739463602,,,,
2.4827586206896557,,,,,,,,,,,,1.4252873563218391,,,,
2.4760845383759738,,,,,,,,,,,,1.421455938697318,,,,
2.469410456062292,,,,,,,,,,,,1.417624521072797,,,,
2.46273637374861,,,,,,,,,,,,1.4137931034482758,,,,
2.456062291434928,,,,,,,,,,,,1.4099616858237547,,,,
2.4493882091212464,,,,,,,,,,,,1.4061302681992338,,,,
2.4427141268075645,,,,,,,,,,,,1.4022988505747127,,,,
2.4360400444938826,,,,,,,,,,,,1.3984674329501916,,,,
2.4293659621802006,,,,,,,,,,,,1.3946360153256705,,,,
2.4226918798665187,,,,,,,,,,,,1.3908045977011494,,,,
2.4160177975528367,,,,,,,,,,,,1.3869731800766283,,,,
2.4093437152391552,,,,,,,,,,,,1.3831417624521074,,,,
2.4026696329254733,,,,,,,,,,,,1.3793103448275863,,,,
2.3959955506117914,,,,,,,,,,,,1.3754789272030652,,,,
2.3893214682981094,,,,,,,,,,,,1.371647509578544,,,,
2.3826473859844275,,,,,,,,,,,,1.367816091954023,,,,
2.3759733036707456,,,,,,,,,,,,1.3639846743295019,,,,
2.3692992213570636,,,,,,,,,,,,1.3601532567049808,,,,
2.362625139043382,,,,,,,,,,,,1.35632183908046,,,,
2.3559510567297,,,,,,,,,,,,1.3524904214559388,,,,
2.3492769744160182,,,,,,,,,,,,1.3486590038314177,,,,
2.3426028921023363,,,,,,,,,,,,1.3448275862068966,,,,
2.3359288097886544,,,,,,,,,,,,1.3409961685823755,,,,
2.3292547274749724,,,,,,,,,,,,1.3371647509578544,,,,
2.322580645161291,,,,,,,,,,,,1.3333333333333335,,,,
2.315906562847609,,,,,,,,,,,,1.3295019157088124,,,,
2.309232480533927,,,,,,,,,,,,1.3256704980842913,,,,
2.302558398220245,,,,,,,,,,,,1.3218390804597702,,,,
2.295884315906563,,,,,,,,,,,,1.318007662835249,,,,
2.2892102335928812,,,,,,,,,,,,1.314176245210728,,,,
2.2825361512791997,,,,,,,,,,,,1.310344827586207,,,,
2.275862068965518,,,,,,,,,,,,1.306513409961686,,,,
2.269187986651836,,,,,,,,,,,,1.3026819923371649,,,,
2.262513904338154,,,,,,,,,,,,1.2988505747126438,,,,
2.255839822024472,,,,,,,,,,,,1.2950191570881227,,,,
2.24916573971079,,,,,,,,,,,,1.2911877394636015,,,,
2.242491657397108,,,,,,,,,,,,1.2873563218390804,,,,
2.2358175750834266,,,,,,,,,,,,1.2835249042145596,,,,
2.2291434927697447,,,,,,,,,,,,1.2796934865900385,,,,
2.2224694104560627,,,,,,,,,,,,1.2758620689655173,,,,
2.215795328142381,,,,,,,,,,,,1.2720306513409962,,,,
2.209121245828699,,,,,,,,,,,,1.2681992337164751,,,,
2.202447163515017,,,,,,,,,,,,1.264367816091954,,,,
2.1957730812013354,,,,,,,,,,,,1.2605363984674332,,,,
2.1890989988876535,,,,,,,,,,,,1.256704980842912,,,,
2.1824249165739715,,,,,,,,,,,,1.252873563218391,,,,
2.1757508342602896,,,,,,,,,,,,1.2490421455938698,,,,
2.1690767519466077,,,,,,,,,,,,1.2452107279693487,,,,
2.1624026696329257,,,,,,,,,,,,1.2413793103448276,,,,
2.155728587319244,,,,,,,,,,,,1.2375478927203067,,,,
2.1490545050055623,,,,,,,,,,,,1.2337164750957856,,,,
2.1423804226918803,,,,,,,,,,,,1.2298850574712645,,,,
2.1357063403781984,,,,,,,,,,,,1.2260536398467434,,,,
2.1290322580645165,,,,,,,,,,,,1.2222222222222223,,,,
2.1223581757508345,,,,,,,,,,,,1.2183908045977012,,,,
2.1156840934371526,,,,,,,,,,,,1.21455938697318,,,,
2.109010011123471,,,,,,,,,,,,1.2107279693486592,,,,
2.102335928809789,,,,,,,,,,,,1.2068965517241381,,,,
2.095661846496107,,,,,,,,,,,,1.203065134099617,,,,
2.0889877641824253,,,,,,,,,,,,1.199233716475096,,,,
2.0823136818687433,,,,,,,,,,,,1.1954022988505748,,,,
2.0756395995550614,,,,,,,,,,,,1.1915708812260537,,,,
2.06896551724138,,,,,,,,,,,,1.1877394636015328,,,,
2.062291434927698,,,,,,,,,,,,1.1839080459770117,,,,
2.055617352614016,,,,,,,,,,,,1.1800766283524906,,,,
2.048943270300334,,,,,,,,,,,,1.1762452107279695,,,,
2.042269187986652,,,,,,,,,,,,1.1724137931034484,,,,
2.03559510567297,,,,,,,,,,,,1.168582375478927,,,,
2.0289210233592887,,,,,,,,,,,,1.1647509578544064,,,,
2.0222469410456068,,,,,,,,,,,,1.1609195402298853,,,,
2.015572858731925,,,,,,,,,,,,1.1570881226053642,,,,
2.008898776418243,,,,,,,,,,,,1.153256704980843,,,,
2.002224694104561,,,,,,,,,,,,1.1494252873563218,,,,
1.995550611790879,,,,,,,,,,,,1.1455938697318007,,,,
1.988876529477197,,,,,,,,,,,,1.1417624521072796,,,,
1.9822024471635156,,,,,,,,,,,,1.137931034482759,,,,
1.9755283648498336,,,,,,,,,,,,1.1340996168582376,,,,
1.9688542825361517,,,,,,,,,,,,1.1302681992337165,,,,
1.9621802002224698,,,,,,,,,,,,1.1264367816091954,,,,
1.9555061179087878,,,,,,,,,,,,1.1226053639846743,,,,
1.9488320355951059,,,,,,,,,,,,1.1187739463601531,,,,
1.9421579532814244,,,,,,,,,,,,1.1149425287356323,,,,
1.9354838709677424,,,,,,,,,,,,1.1111111111111112,,,,
1.9288097886540605,,,,,,,,,,,,1.10727969348659,,,,
1.9221357063403786,,,,,,,,,,,,1.103448275862069,,,,
1.9154616240266966,,,,,,,,,,,,1.0996168582375478,,,,
1.9087875417130147,,,,,,,,,,,,1.0957854406130267,,,,
1.9021134593993332,,,,,,,,,,,,1.0919540229885059,,,,
1.8954393770856512,,,,,,,,,,,,1.0881226053639848,,,,
1.8887652947719693,,,,,,,,,,,,1.0842911877394636,,,,
1.8820912124582874,,,,,,,,,,,,1.0804597701149425,,,,
1.8754171301446054,,,,,,,,,,,,1.0766283524904214,,,,
1.8687430478309235,,,,,,,,,,,,1.0727969348659003,,,,
1.862068965517242,,,,,,,,,,,,1.0689655172413794,,,,
1.85539488320356,,,,,,,,,,,,1.0651340996168583,,,,
1.8487208008898781,,,,,,,,,,,,1.0613026819923372,,,,
1.8420467185761962,,,,,,,,,,,,1.0574712643678161,,,,
1.8353726362625142,,,,,,,,,,,,1.053639846743295,,,,
1.8286985539488323,,,,,,,,,,,,1.049808429118774,,,,
1.8220244716351504,,,,,,,,,,,,1.0459770114942528,,,,
1.8153503893214689,,,,,,,,,,,,1.042145593869732,,,,
1.808676307007787,,,,,,,,,,,,1.0383141762452108,,,,
1.802002224694105,4.2497765209490685,-0.9836782432370875,-1.0165925767649397,0.0394365362069753,2.028878867399461,0.4928830479080112,4.289267846790056,-1.9094554230907064,-0.5237095288568547,0.17665539469237757,0.7828183754621361,1.0344827586206897,0.33923135448514785,1.4666304860553698,0.9977392778974936,0.9977078136431088
1.795328142380423,4.2422322342643195,-1.0130023386751015,-0.9871645521646997,0.042726078239731805,2.1518819533898617,0.4647095062183588,4.285073435957774,-1.9140402753480301,-0.5224550459462876,0.17214658812882677,0.872237902699518,1.0306513409961686,0.33803277898199074,1.461319202299309,0.9942140558293845,0.9940946954417068
1.788654060066741,4.236799469286566,-1.0742835767110992,-0.9308529160070407,0.04563955519987893,2.43391967699859,0.4108599020133479,4.282176077275095,-1.9231027592463024,-0.5199930139936555,0.1632428580306091,0.9431688761070276,1.0268199233716475,0.33695705745914317,1.4548413837916736,0.9910501689974798,0.9896880161848121
1.7819799777530592,4.230592122122769,-1.136841489681745,-0.8796301059349503,0.04821030385058857,2.7623908299455056,0.36200525615693824,4.278689993547711,-1.9319010677888482,-0.517624849777917,0.15352750566049417,0.8919057139445238,1.0229885057471264,0.335997845515288,1.4494609030451715,0.9882289573979057,0.9860278252007969
1.7753058954393777,4.224608910821141,-1.1997656301780406,-0.8334961219480874,0.05047166095503264,3.1432152402629217,0.31814556864911125,4.275196296287684,-1.9404267514580373,-0.5153505532989584,0.14331729556861986,1.0008996895166846,1.0191570881226055,0.3351473739766394,1.4443691754937826,0.9857275705195275,0.982564064961757
1.7686318131256957,4.219254128953615,-1.261907733561512,-0.7924509640476458,0.05245696327638304,3.5806251579114465,0.27928083948985405,4.271703673187631,-1.9486715070602156,-0.5131701245576323,0.13297310399978596,1.1125768230020008,1.0153256704980844,0.33439622768985133,1.4379627624150104,0.9835183167348568,0.9782059608265378
1.7619577308120138,4.213978213187446,-1.3241066706453002,-0.7552261627929511,0.05419954757781159,4.050180678563478,0.24690256543189104,4.268324615996171,-1.967250792982551,-0.5083235973609135,0.123996510865709,1.1526663543098803,1.0114942528735633,0.33373396174874537,1.432497383970435,0.9815704757316039,0.9744880163064183
1.7552836484983318,4.209085990659843,-1.3654334958151404,-0.7323681475991748,0.055752659366686406,4.50919558177784,0.22176904546813425,4.26488159181418,-1.9584836632620075,-0.5105991021310956,0.11514639904862504,1.3108009235133689,1.0076628352490422,0.3331417465217119,1.426180741780334,0.979828666240329,0.9701909808029483
1.74860956618465,4.204371922919869,-1.4135139055630292,-0.7074567827485794,0.05715975730597359,5.10149208012211,0.19602108251750217,4.261514120221828,-1.955280007922989,-0.5114357002311181,0.10527329855671022,1.4130464262762736,1.003831417624521,0.3326038307514146,1.419675214116069,0.9782465610335722,0.9657654517796388
1.741935483870968,4.199838776109182,-1.4789419347995565,-0.6761590678240736,0.058369181046564106,5.83048791538438,0.17151223268320148,4.258096367261096,-1.9815838134028074,-0.504646835140818,0.09677151424883187,1.5186164283095835,1.0,0.3321406953740336,1.4127948811531956,0.9768843981589224,0.9610849531654392
1.7352614015572865,4.195477562488283,-1.5215386470921126,-0.6572294446224873,0.05944913082343565,6.4351430965963825,0.15539669980748538,4.254730045912726,-1.9926957942303722,-0.501832744815033,0.090483055901158,1.3804173238634947,0.9961685823754791,0.3317265814006472,1.405970374370298,0.9756664158842564,0.9564424315444204
1.7285873192436045,4.191041272918049,-1.559590255406695,-0.641194054998266,0.0604434417781434,7.060144129994981,0.14164016790415168,4.251373108780455,-2.001786045179117,-0.4995538870941232,0.08445935500148162,1.0225213253770649,0.992337164750958,0.3313450038807349,1.4004441373691352,0.974544129060985,0.9526830866456703
1.7219132369299226,4.186529552489958,-1.5930826946262622,-0.6277138050480175,0.06133976710246773,7.648240752842771,0.13074902220204176,4.248099928285018,-2.012215019087083,-0.49696478284596424,0.0799114490924639,1.0834888816151689,0.9885057471264369,0.33100083782728656,1.3966428461842717,0.9735318759626075,0.9500971742750147
1.7152391546162407,4.182493226766005,-1.6185284421593555,-0.617845182050587,0.06218870125136311,8.158258134189518,0.12257518499067999,4.244755775347561,-2.019100704537671,-0.49526999705989283,0.07605735980988904,1.8246238465402038,0.9846743295019158,0.3306747579203162,1.389046178951528,0.9725728174126946,0.9449293734364136
1.7085650723025587,4.17854007631789,-1.6428262779648957,-0.6087070881522436,0.06297592085095291,8.778905257731992,0.11390941930023146,4.241480268051039,-2.021028115027287,-0.49479766885207255,0.07195889746223333,1.76749828868126,0.9808429118773947,0.3303721902078193,1.381594435848515,0.9716829123759392,0.9398601604411667
1.7018909899888768,4.174558481223768,-1.6692337293900845,-0.5990772786297498,0.06370918293279001,9.550242107316635,0.10470938733939317,4.238176309519293,-2.0227850910583056,-0.49436789129032377,0.06800532073449929,1.64726720392354,0.9770114942528736,0.3300890715172305,1.3746558391577781,0.9708502103447956,0.9351400266379444
1.6952169076751948,4.170597084539417,-1.7017562294438044,-0.587628229412644,0.06437359899118954,10.667028277921835,0.09374682188381911,4.234892099790329,-2.0247775776850543,-0.49388140752887466,0.06362580354655348,1.5048700838500535,0.9731800766283525,0.32982710993915426,1.368369176294394,0.9700797351151595,0.9308633852342816
1.6885428253615133,4.166641766532105,-1.7316377797142548,-0.5774879779794446,0.06496053094458737,11.920037399702734,0.08389235423245722,4.231609892076914,-2.02594989073953,-0.49359562374712596,0.059461358995034366,1.4697541842847728,0.9693486590038316,0.32958834737471504,1.3627840341927486,0.9693774922785735,0.9270639688386045
1.6818687430478314,4.162727265921226,-1.74510271990627,-0.5730321708820156,0.06549340794646145,12.511436071798054,0.07992687604056048,4.228283202050956,-2.027964433684654,-0.4931052948414276,0.0583853656482739,1.6007834435771413,0.9655172413793105,0.32936759351803785,1.3570325651564894,0.968728216229523,0.9231514048683602
1.6751946607341495,4.158875472735311,-1.7556850793317211,-0.56957823004376,0.06602740804412768,12.995422489959086,0.07695017232203494,4.224949638186769,-2.0299290394153338,-0.4926280577216744,0.0578513744869953,1.789801081871519,0.9616858237547894,0.329141631248796,1.350418478764643,0.9680636213199881,0.9186520263705054
1.6685205784204675,4.155151296766588,-1.776788784187647,-0.5628130979322918,0.06652055151472,14.085881070429977,0.07099307419961587,4.221675056479248,-2.033264104235307,-0.491820023732771,0.055026342623351834,1.8739665852708736,0.9578544061302683,0.3289272687087969,1.3433964270955778,0.9674331432611674,0.9138751204731822
1.6618464961067856,4.151506798974615,-1.7989136470788067,-0.555891052149093,0.06697503528594681,15.234239471268715,0.06564160960486198,4.218448905540128,-2.0397779440816364,-0.49024944254421143,0.05252741147727487,1.8447316004332013,0.9540229885057472,0.3287274245731892,1.3363396204251488,0.9668453663917329,0.9090745717177883
1.6551724137931036,4.1478375629929785,-1.8189976232547138,-0.5497533296446591,0.06739674652613084,16.34061350930668,0.0611972126646565,4.21519116565207,-2.0468477729468484,-0.48855611697996437,0.050463443229952394,1.7517418585715072,0.9501915708812261,0.3285371464853553,1.3296887825060897,0.9662857249569273,0.9045501921810134
1.6484983314794222,4.144141819991983,-1.837676238350908,-0.5441654950587917,0.06779190575533042,17.284480025073425,0.057855370745858004,4.211906987295293,-2.0563010104151234,-0.4863101243130359,0.04897744009726204,1.6870674437541129,0.9463601532567052,0.32835670101945863,1.3234617896422425,0.9657550029984077,0.9003141426137704
1.6418242491657402,4.140483973966334,-1.8537144479976924,-0.5394574126992211,0.06816900953942369,18.151985415427905,0.05509039243443148,4.208654819294134,-2.0645501410341294,-0.4843670202648127,0.04777365398278947,1.7197810109462206,0.9425287356321841,0.3281812978392934,1.3174301861327489,0.9652391112920393,0.8962110109746592
1.6351501668520583,4.136884605258209,-1.8690251809579144,-0.5350382703177274,0.06852726138293129,19.188766855212954,0.052113823027055695,4.205420893718459,-2.0707172842673094,-0.48292444729065664,0.046221931018951404,1.7735835947408312,0.938697318007663,0.3280124938479999,1.31105646500881,0.9647426289647055,0.8918751462644965
1.6284760845383763,4.133340218595684,-1.8835366279436077,-0.5309161420937016,0.06886463342855013,20.57587793329304,0.048600599364070796,4.202224699586388,-2.073331484074656,-0.4823155427296797,0.04392324842446704,1.7862008663895008,0.9348659003831419,0.32785093464092163,1.3047633010887398,0.9642674548262401,0.8875940823732924
1.6218020022246944,4.129803378058313,-1.9006289894427784,-0.5261416118319744,0.06917599018423147,22.421150022037406,0.04460074523461621,4.199001325434205,-2.076666944316468,-0.4815408665972427,0.04125187264575662,1.878254214159914,0.9310344827586208,0.327700505105328,1.298396729934136,0.9638250150156705,0.8832630815878475
1.6151279199110125,4.126338472239275,-1.9221433427236398,-0.5202525627370846,0.06945997151844491,24.663678589398657,0.040545452146373506,4.1958068759532,-2.0846053308837575,-0.4797071105905957,0.03823486137600671,1.9759775363544712,0.9272030651340997,0.3275605788217179,1.2915288160100757,0.9634134671226996,0.8785910312993712
1.608453837597331,4.122896015032737,-1.9394890029616172,-0.5155997267697785,0.06971719755437217,26.910685385102582,0.03715996027933155,4.1926097598058245,-2.090127263741394,-0.47843976649056685,0.035840393512303045,1.9807906093619176,0.9233716475095788,0.32743383569138235,1.2846748493008995,0.963040693209948,0.8739284689121765
1.601779755283649,4.119473637742947,-1.9484973380662964,-0.5132159949432662,0.0699559887857997,28.821552223357113,0.034696257587042645,4.1894184105159695,-2.089777958846581,-0.47851973735618003,0.034087578565743445,1.977244905698831,0.9195402298850577,0.3273136124992226,1.2778960615032604,0.9626870955859487,0.8693170486416738
1.595105672969967,4.116066000809139,-1.9569169281055254,-0.5110078949381318,0.07018032891259743,30.8740256660577,0.0323896861010704,4.186229729691323,-2.0893480054383837,-0.4786182088369628,0.03202428680769267,1.9484106771841063,0.9157088122605366,0.3271999672911558,1.2711297609538201,0.9623528449739875,0.8647141230978368
1.5884315906562851,4.112606994574218,-1.9695447208041252,-0.5077315531031559,0.07038833164810543,33.24718297063396,0.030077736236578723,4.18297989909246,-2.0935664380535193,-0.47765381686656383,0.030239867255343392,1.8837387686832032,0.9118773946360155,0.327094598204971,1.264598963732202,0.9620429358969734,0.8602714038994571
1.5817575083426032,4.109268997124935,-1.9809387184557399,-0.5048111739567389,0.07058181148750171,35.62057732398232,0.028073660651387833,4.179846160936328,-2.0975903344934768,-0.47673751330546565,0.02874979236841095,1.8602318706427623,0.9080459770114944,0.326994763380478,1.2583524649102371,0.9617493040602293,0.8560220849729504
1.5750834260289213,4.105917509187565,-1.991959675261414,-0.5020181946548519,0.0707630634921729,38.25698554470093,0.02613901711705857,4.176684191293707,-2.1013737250998874,-0.4758791775377631,0.026983243336705733,1.8015465842668006,0.9042145593869731,0.3269005710942838,1.2520636808178278,0.961472267924364,0.8517440005563455
1.5684093437152393,4.102522992644499,-2.0049809164385266,-0.49875786437723946,0.07093071939117769,41.86759495918808,0.023884820730084577,4.173479193045389,-2.1058259957647323,-0.4748730436471078,0.024761977806163165,1.876452723391421,0.900383141762452,0.3268134443756036,1.2462466320487804,0.9612160128694223,0.8477868245229799
1.5617352614015578,4.099186132540699,-2.0174848974910655,-0.4956666596332866,0.07108188201137314,46.85516137765377,0.021342365933604945,4.170279106342568,-2.108262244381587,-0.47432429369968077,0.02251159973477932,2.18105326415927,0.8965517241379313,0.3267348888152988,1.239397584056494,0.9609849671038199,0.8431276082016966
1.5550611790878759,4.095963660458897,-2.0305722348814634,-0.49247201494330284,0.07121560080519687,53.32123858477514,0.018754253024526157,4.167171756174073,-2.110961590187107,-0.473717761918806,0.020101899497506445,2.1682496197134733,0.8927203065134102,0.3266638025865406,1.2317163403052094,0.9607758899604135,0.837902272316469
1.548387096774194,4.092693368811447,-2.042560032187385,-0.4895816936793267,0.07133221686820775,61.2847991731445,0.016317259964820252,4.16401658643993,-2.1129836276757215,-0.4732644337145189,0.017599480468032353,1.896052339054975,0.888888888888889,0.32660162311909396,1.225017533206467,0.9605930091738056,0.8333452606846715
1.541713014460512,4.089412474721262,-2.056056323975666,-0.48636799894001115,0.07143340627747478,70.08141932749388,0.014269117400818487,4.160850814263052,-2.1182003158738785,-0.472098881539182,0.015529247293651334,1.8379578093252378,0.8850574712643678,0.3265476691146711,1.2192048834255156,0.9604343209255031,0.8293910771602148
1.53503893214683,4.086177079390007,-2.0715567393058545,-0.48272875225956113,0.07152268339636106,77.71519319157744,0.01286749680380872,4.157708154427106,-2.128287847505033,-0.4698612554557826,0.014172058491587038,2.078159600500229,0.8812260536398467,0.3265000667212769,1.213064598280632,0.9602943138861085,0.8252140124358042
1.5283648498331481,4.0829408297077885,-2.0813374966099167,-0.48046028173172317,0.07160516374315411,82.10299641071512,0.012179823437838522,4.154544439398103,-2.135472412501285,-0.46828045829386156,0.013511494335906064,2.3179492876744052,0.8773946360153256,0.32645608835409495,1.2055199387227569,0.960164965747338,0.8200815909678618
1.5216907675194666,4.079729699904787,-2.088150225563372,-0.47889274811643645,0.07168526168474156,86.18804283939738,0.011602537510492006,4.151405844248317,-2.139997751511408,-0.4672902106059382,0.012948874426683276,2.2112279613460597,0.8735632183908048,0.3264133802809282,1.1981932030328577,0.9600393537674359,0.815097417029155
1.5150166852057847,4.076571611321884,-2.100108901187202,-0.47616578332423387,0.0717600363239393,93.35195299367267,0.010712148679608013,4.14832029031863,-2.148441704110033,-0.46545363464457523,0.01216790733498471,2.0498936717160605,0.8697318007662836,0.32637317333821586,1.191353401574148,0.9599210980535761,0.8104444908667674
1.5083426028921028,4.07342704854563,-2.116788983219648,-0.47241364535022967,0.07182824920882976,101.68697108484224,0.009834101550390884,4.145248262195592,-2.16179036320008,-0.46257954379984767,0.011358651897841276,1.8988850091302483,0.8659003831417625,0.326335849722364,1.1851138182798358,0.9598113227128352,0.8061998763808407
1.5016685205784208,4.070274332587676,-2.1294577848989116,-0.46960311075031314,0.07189130353039613,108.23180071204072,0.009239428646859338,4.142168080890853,-2.172195676753993,-0.4603636821036048,0.010755420399628488,1.7980396571216428,0.8620689655172414,0.3263013486852106,1.1793461001703962,0.9597098490741488,0.8022762586193172
1.4949944382647389,4.06711761891409,-2.137328601495868,-0.46787377443979494,0.07195157862347082,113.72792918667352,0.008792914872815416,4.139083901870483,-2.1782655041275274,-0.4590808595669955,0.010268942626242117,1.956557058109003,0.8582375478927203,0.32626836834105766,1.1738326042316756,0.9596128480619341,0.7985255811099834
1.488320355951057,4.06399695733683,-2.1441582247152136,-0.4663834918865746,0.07200867280567287,121.78926843744857,0.008210904070859115,4.136011664031527,-2.1825836520855724,-0.458172587815568,0.009600496655028651,2.3709979894284743,0.8544061302681992,0.32623712847593084,1.166725146539935,0.9595209661056788,0.7936905758775069
1.4816462736373754,4.060916128574831,-2.1527457411530846,-0.4645230418453252,0.07206117912274815,132.22256544388873,0.007563005578078652,4.132976162897623,-2.1883751764568413,-0.45696003626721904,0.008881579675652973,2.3810949090795748,0.8505747126436783,0.32620839892415393,1.1590229368008542,0.959436467423982,0.788450977415547
1.4749721913236935,4.057834231255476,-2.1642720028975924,-0.4620491318379436,0.07210962504920672,142.39643998357425,0.007022647477109345,4.129939593206362,-2.1976742769260915,-0.45502648436087156,0.008299032689683359,2.2249177746891324,0.8467432950191572,0.32618189107081164,1.1519163502533145,0.9593585031494459,0.7836165647981731
1.4682981090100116,4.0547725074504735,-2.1754151191588957,-0.4596823802468748,0.07215491857739255,149.77188238189115,0.006676820669517802,4.126923197029453,-2.207478426827543,-0.4530055595773774,0.00794381428189515,2.129685983359059,0.8429118773946361,0.32615710809543536,1.1452721924958755,0.9592856120453981,0.779096729589031
1.4616240266963296,4.0516532029232115,-2.185052404443697,-0.4576549276192736,0.07219874835069083,150.66588060030733,0.0066372027695695834,4.1238492201302845,-2.217207761254596,-0.45101772484963476,0.007933210914696889,2.1268432881879002,0.839080459770115,0.32613312603362865,1.138842754562231,0.9592150765694959,0.774722962287232
1.4549499443826477,4.048600436716561,-2.194638797914896,-0.4556558468528351,0.07224351305262595,146.59177706570188,0.00682166503481163,4.120841781551729,-2.227994302816782,-0.4488341818180288,0.008186382094756587,2.194716868109809,0.8352490421455939,0.326108632412791,1.1322761709125444,0.9591430365082086,0.7702558985799622
1.4482758620689657,4.0455905288319505,-2.203726324786903,-0.4537768545723111,0.07228980505860823,146.17586577582696,0.0068410745829519115,4.117877201295212,-2.2374579185043846,-0.44693577998930323,0.008246185716379549,2.2107498379398973,0.8314176245210728,0.32608330310658923,1.1254855453425374,0.9590685385487917,0.7656364254030866
1.4416017797552838,4.0426103462694325,-2.212641718914369,-0.4519484521383106,0.07233482884238727,152.30615756375676,0.006565722725828671,4.114942346360787,-2.245259939286718,-0.44538272941247214,0.007984347732524986,2.1281202259809646,0.8275862068965517,0.326058667725566,1.1188809566905455,0.9589960815457823,0.7611435079527521
1.4349276974416023,4.03957383007518,-2.2247338495190543,-0.4494919696646775,0.07237744540645022,162.38002894168997,0.006158392793236267,4.111951157794629,-2.2556378586452697,-0.44333357687150965,0.0076126074067576115,2.0048001550814942,0.8237547892720308,0.3260350941313271,1.1126294857617962,0.9589267474450796,0.7568908066406778
1.4282536151279204,4.036561337606552,-2.235907657165995,-0.44724566186579295,0.07241703208323136,176.0995600896755,0.005678605894817501,4.108983992954095,-2.264661700817167,-0.4415670559709497,0.00708610777118264,1.8554456991753812,0.8199233716475097,0.32601291664433274,1.1068224723503544,0.958861519542155,0.7529404573811935
1.4215795328142384,4.033588229298433,-2.2435976653896614,-0.44571271196537054,0.07245324437278816,193.49692392658525,0.005168040812780106,4.106051010542373,-2.2699173670260757,-0.44054467115256557,0.0064646211177292615,2.073679048793013,0.8160919540229886,0.32599262957691555,1.1015104515339074,0.9588018516968103,0.7493268377781683
1.4149054505005565,4.030641873265383,-2.2503637679816517,-0.4443726006559814,0.07248601594280128,214.20723811757264,0.00466837632933359,4.10313009315236,-2.2742560673168852,-0.4397042243267606,0.005854806543953488,2.6890744657807057,0.8122605363984675,0.3259742700901678,1.0932627998542284,0.9587478532063758,0.7437161903770261
1.4082313681868746,4.027658531455316,-2.2620993326928613,-0.4420672361940774,0.07251555862857459,236.8943402147955,0.004221291226684798,4.100172189985329,-2.2839083277896006,-0.437845944967421,0.005326335533538251,2.4890550150536166,0.8084291187739464,0.32595771950843705,1.0855285314816094,0.9586991750248147,0.7384547833208227
1.4015572858731926,4.024718808598079,-2.27528644382128,-0.4395051017490914,0.07254236243303512,258.50051229655566,0.003868464287037021,4.097257905771128,-2.295491044614605,-0.43563663746198245,0.004917438704369142,2.2979730419257205,0.8045977011494253,0.325942703319326,1.0785113016096974,0.9586550097627236,0.7336811575576173
1.3948832035595111,4.021806971933994,-2.283938106086988,-0.437840236272109,0.07256719552673305,273.85448572868603,0.0036515742925997685,4.09437150775008,-2.3031462761858115,-0.4341886619794195,0.004669226625887489,2.181980815217208,0.8007662835249044,0.3259287911736928,1.0720100033643059,0.9586140916873316,0.7292585056900039
1.3882091212458292,4.0188505612046574,-2.2922526612685488,-0.43625208376749924,0.07259110424784178,276.83193337179,0.003612300025578996,4.0914405356637795,-2.3113916879096443,-0.4326397837418767,0.004638061813894886,2.167417156752402,0.7969348659003833,0.3259153968856506,1.0657507056511606,0.9585746967225016,0.7250004800348031
1.3815350389321472,4.015997151447802,-2.3050493376736076,-0.43383019341757745,0.07261541310215791,268.3183142423279,0.003726916676648706,4.08861256454996,-2.3250229748944555,-0.4301032767409083,0.00480697175576105,2.24635062521675,0.7931034482758622,0.3259017784325679,1.059386653155915,0.958534642448729,0.7206711926230714
1.3748609566184653,4.0130941213411475,-2.320355390432689,-0.43096846462537997,0.07264085174519416,262.359997118198,0.0038115566815983826,4.085734973086342,-2.3410601149207566,-0.42715690794375405,0.004954732107658883,2.3154006583254807,0.7892720306513411,0.32588752704242946,1.0527268222323705,0.9584927265953808,0.7161406953961704
1.3681868743047834,4.01024660784658,-2.3304449806578256,-0.42910259984671484,0.07266629038823041,262.359997118198,0.0038115566815983826,4.08291289823481,-2.351330967512729,-0.42529104316514577,0.004976276745530764,2.325468703912351,0.78544061302682,0.32587327565229113,1.046066991308826,0.9584508107420326,0.7116101981692694
1.3615127919911014,4.007308567810707,-2.3403271078988785,-0.4272906965119887,0.07269172903126667,262.3599971182591,0.0038115566815974944,4.080000296841974,-2.3613914026566825,-0.4234791398304196,0.004997378380806129,2.3353297295180933,0.7816091954022989,0.32585902426215274,1.0394071603852812,0.9584088948886844,0.7070797009423683
1.35483870967742,4.004506191481102,-2.3520105175848527,-0.42516816677624547,0.0727171676743029,262.35999711813685,0.0038115566815992707,4.077223359155405,-2.373286608166194,-0.4213566100946764,0.005022326354437448,2.3469881912307695,0.777777777777778,0.32584477287201435,1.0327473294617404,0.9583669790353362,0.7025492037154697
1.348164627363738,4.00169085503176,-2.3587155417328125,-0.4239595586271321,0.07274260631733917,262.359997118198,0.0038115566815983826,4.074433461349099,-2.3801136632075814,-0.420148001945563,0.005036643815705416,2.353678897917707,0.7739463601532569,0.32583052148187597,1.0260874985381923,0.9583250631819881,0.6980187064885662
1.341490545050056,3.9988973787674804,-2.3632962125481645,-0.4231378168722131,0.07276804496037541,263.2241229665482,0.00379904390498087,4.071665423727856,-2.3847067442013827,-0.419338772967194,0.005029792218306404,2.3504770713000576,0.7701149425287358,0.3258162700917376,1.0194276676146514,0.9582831473286398,0.6934882092616677
1.334816462736374,3.9960340923840767,-2.3685201890008867,-0.4222045497622844,0.07279331658080944,265.87720603428136,0.0037611347543311524,4.068827575987489,-2.389809384337155,-0.41844341500791415,0.004990281178889076,2.3320131292157185,0.7662835249042147,0.32580211227200945,1.012811563170134,0.9582415066823807,0.6889874579388666
1.3281423804226922,3.993225450965622,-2.376879016727224,-0.42071977284604145,0.07281824920626193,266.95311756862776,0.003745976106620752,4.06604437321207,-2.3982322338223816,-0.4169737967395122,0.0049879566923588525,2.3309268711723763,0.7624521072796936,0.32578814436609593,1.006284207534183,0.9582004246061645,0.6845470799552265
1.3214682981090102,3.9904447381589945,-2.3839305824847816,-0.4194753015659103,0.07284331848657077,263.4912050942486,0.0037951930867761163,4.063289099048479,-2.4056960619519048,-0.41568010847913683,0.005067526984984018,2.368110941657652,0.7586206896551725,0.32577409990257405,0.9997210756881192,0.9581591173605118,0.6800823644136865
1.3147942157953283,3.9876156377820577,-2.38919370833259,-0.41855124451080883,0.07286890806837684,256.73937330488013,0.003895000549107408,4.060485437314578,-2.411636179515723,-0.4146562439616446,0.005210568119881894,2.434955632892612,0.7547892720306514,0.32575976395260703,0.9930217290291892,0.9581169528017853,0.6755249857341423
1.3081201334816468,3.984819444962984,-2.398206534600027,-0.4169782650378693,0.07289530959512394,248.03965899024374,0.004031613347925678,4.057714683138541,-2.4216203131993383,-0.4129466516899356,0.005412411033400397,2.529279040230353,0.7509578544061305,0.3257449731299446,0.9861098153705655,0.9580734503821899,0.6708230036534459
1.3014460511679649,3.9820200067184732,-2.4094221002603007,-0.4150372821316637,0.07292272270705882,238.59251388872687,0.004191246337537535,4.054940683537066,-2.4340018227679034,-0.41084603579417944,0.005652280602048337,2.5075272929728927,0.7471264367816094,0.3257296155909228,0.9789330689413498,0.9580282811497728,0.665940863225408
1.294771968854283,3.979291671581247,-2.414762618400243,-0.4141193806712522,0.07295125504123122,229.35178177067894,0.004360114372252255,4.052239958336705,-2.440457317858972,-0.4097592662990337,0.0059311081126121115,2.325693882245727,0.7432950191570883,0.32571363103446394,0.9721931607880147,0.9579812677484233,0.661355891692527
1.288097886540601,3.9765605610784305,-2.417092132692683,-0.4137202659651962,0.07298092223149379,221.02220395479694,0.004524432306378223,4.049540864705514,-2.4438176485297274,-0.40919583365871404,0.006240542077422104,2.271866216379148,0.7394636015325672,0.32569678586744916,0.9660259070901517,0.9579317231395562,0.6571604810137086
1.281423804226919,3.973810440846667,-2.429475192927781,-0.4116115294821725,0.07301164790850212,214.1137353395785,0.004670414994227379,4.046822761345376,-2.4573579920977777,-0.4069411144878927,0.006517736308979726,2.3575541862156504,0.735632183908046,0.32567912744262767,0.959638613805149,0.9578797865959637,0.6528153835409177
1.274749721913237,3.971037952367732,-2.4409459999981373,-0.40967723169654846,0.07304326369971484,209.017985238391,0.0047842772901072195,4.044082289738066,-2.4697885925574443,-0.40489295440647766,0.006710131894831282,2.427146295708839,0.7318007662835249,0.3256609574582154,0.9530662824336296,0.9578263454653393,0.6483444098187956
1.2680756395995556,3.9682971367169584,-2.446430837246882,-0.4087587455059065,0.07307550922939343,206.0906357856614,0.004852234048324355,4.041373490958917,-2.475820447636273,-0.4039065114575351,0.006821894997709913,2.467572535517805,0.7279693486590041,0.3256424255553544,0.9463630402192573,0.9577718398686893,0.6437843811015356
1.2614015572858737,3.9655580305132268,-2.4499700618760487,-0.4081682529762247,0.07310803211860237,205.7401449758436,0.004860500123188949,4.038666401626811,-2.4794960992589465,-0.40330775285303844,0.006843640234769272,2.4754380845712776,0.724137931034483,0.3256237342505569,0.9396021401487145,0.9577168654428143,0.639185129352867
1.2547274749721917,3.9628104575469325,-2.456010661296445,-0.4071643563111138,0.07314038798520908,207.35741548354278,0.004822590972539231,4.035950845532142,-2.4854491533056935,-0.40234176533846266,0.0068068620294226174,2.4621349056947923,0.7203065134099618,0.32560513893570503,0.9328759609517042,0.9576621733403088,0.6346094972460573
1.2480533926585098,3.9601622734969433,-2.4664798442001574,-0.4054361126653703,0.07317240485683427,208.45516675758543,0.00479719459850525,4.033334678353778,-2.4960131302886905,-0.4006389180670453,0.006800101680452019,2.459689595195441,0.7164750957854407,0.32558673844544217,0.9262202524677914,0.9576080542513004,0.6300818043998581
1.2413793103448278,3.9574929745831167,-2.47862704631551,-0.4034491600850174,0.07320442172845944,217.2699515728188,0.004602569258937983,4.030697396311576,-2.507229654210178,-0.39884659082616736,0.006534496760173697,2.3636166701814973,0.7126436781609196,0.3255683379551793,0.9195645439838813,0.957553935162292,0.6255541115536608
1.234705228031146,3.9547597643221524,-2.4928273311249174,-0.4011509291133848,0.07323384070901141,254.6169115169741,0.003927468894513453,4.027996202922237,-2.5174746714341474,-0.39722346021869726,0.005464597849614626,1.9766196307473605,0.7088122605363985,0.32555143050489727,0.9134488884401386,0.9575042073673449,0.6213938016599583
1.2280311457174644,3.952070704285515,-2.505954199836764,-0.3990495915947463,0.07325684622983225,277.29768429799475,0.003606232783845975,4.025339159757225,-2.5288071672442882,-0.39544335881083725,0.005172418993351774,1.8709345503670536,0.7049808429118776,0.32553820894887486,0.9086664711603806,0.9574653204378671,0.6181404565716875
1.2213570634037825,3.9493929647182155,-2.5084651447947532,-0.39865014751154604,0.07328197729789478,225.23425042526338,0.0044398220879457995,4.022693437061551,-2.536716913554738,-0.39421032542361445,0.006114448523625297,2.211679489612217,0.7011494252873565,0.32552376581468634,0.9034421923841253,0.9574228406314303,0.6145865254313777
1.2146829810901005,3.946738775815693,-2.499307480373275,-0.40011083384212043,0.07331610970597835,162.4601513431366,0.006155355585554467,4.020071265030653,-2.5383578987796183,-0.39395547825654376,0.008355901227143392,3.022443526980783,0.6973180076628354,0.3255041494995778,0.896346703458233,0.9573651455869935,0.609759662216485
1.2080088987764186,3.9440789118903505,-2.4881292042448644,-0.40190838895904335,0.07336413999759071,117.0964901875266,0.00853996561637782,4.017443417976936,-2.5421460917034633,-0.393368423342622,0.011629780948620957,4.0245126675711935,0.6934865900383143,0.32547654589971703,0.8863621046157351,0.9572839585285795,0.6029674181059422
1.2013348164627367,3.941452130421556,-2.479282775690611,-0.40334245444086037,0.07343010257293779,87.71420102903951,0.01140066247276117,4.014848653379767,-2.551399265126562,-0.39194179196817913,0.015684750224488408,1.6911596132157045,0.6896551724137931,0.32543863639564075,0.8744167608146468,0.9571724599871786,0.5948413338875148
1.1946607341490547,3.9387855878226556,-2.4666967864244125,-0.40540045517695944,0.07351631791713814,69.9711145581429,0.014291611707414553,4.012247900236443,-2.5568330062011424,-0.39110884346951025,0.020001613699796826,1.5293177161949099,0.685823754789272,0.32538908737598515,0.8706095776398344,0.9570267275764269,0.5922514133604315
1.1879866518353728,3.936032453552923,-2.4504203939314984,-0.40809324084818854,0.07362086935879872,58.36416932717714,0.017133799924303084,4.009643930398792,-2.5578100828997914,-0.39095944092389345,0.02420005864821425,1.8278843422497788,0.6819923371647509,0.32532816497302913,0.8659926907818807,0.956847544038321,0.5891106740012794
1.1813125695216913,3.933221377214098,-2.4348412472669065,-0.41070439443330997,0.07374502269922005,50.02118324510517,0.01999153029027667,4.006982018492049,-2.5594243030449566,-0.3907128641430404,0.028355967173044686,2.1298505141506365,0.6781609195402301,0.3252551733607069,0.8605102037242354,0.9566328628256084,0.5853810909688676
1.1746384872080093,3.930486838637947,-2.422216278188287,-0.4128450498020584,0.07388771959626625,44.360084864459566,0.022542788253346657,4.004396966576048,-2.562116847676096,-0.3903022615486975,0.03193780930688624,2.364345287724246,0.674329501915709,0.325171279713114,0.8542088517947023,0.9563861168032765,0.5810944570031988
1.1679644048943274,3.9277076116573175,-2.4150659976184246,-0.41406735922998905,0.07404592754798553,40.80524601248994,0.024506652887080094,4.001772301395793,-2.5669940107349816,-0.3895607063429338,0.0348759819844375,2.519521099082462,0.6704980842911878,0.32507826688366454,0.8474506121638159,0.9561125496578369,0.5764970150774258
1.1612903225806455,3.924988294600623,-2.4196528879657406,-0.41328241954602163,0.07421483843346866,41.450866001669894,0.024124948317357564,3.999207546139471,-2.569653864906607,-0.38915747122865696,0.03471633460171192,2.4747566561768166,0.6666666666666667,0.3249779912593701,0.8402573005791193,0.9558176213510884,0.5716036058361356
1.1546162402669635,3.922219293860646,-2.429184875167171,-0.4116607221717459,0.07436795132975227,44.250342336162234,0.02259869522371538,3.996593107199868,-2.570284249646838,-0.3890620269479541,0.032939981417700846,2.096242393388719,0.6628352490421456,0.32488607756765525,0.8337367689540963,0.9555472869636918,0.5671678700368002
1.1479421579532816,3.919460907724651,-2.434994954072518,-0.41067846909805894,0.07451648953767842,44.8262413932858,0.022308361551584,3.99402208500276,-2.574863462889587,-0.3883701075465069,0.032608151370352396,1.9029266273155596,0.6590038314176245,0.32479691006196126,0.8284747827654391,0.9552850295940036,0.5635882875955368
1.1412680756396,3.9166731641309025,-2.4247224479951615,-0.41241833712837206,0.07466572701230956,39.87425204000124,0.025078840325250873,3.9914236565837764,-2.5817145120841696,-0.3873394968031221,0.03595962750424148,2.0605532165955003,0.6551724137931036,0.32470732278637254,0.8233039913203143,0.955021537606978,0.5600707423947716
1.1345939933259181,3.9139128754029056,-2.3975671713896283,-0.41708946132274605,0.07485124602700323,32.939734611607285,0.03035847166927752,3.9888585544456507,-2.585776745990912,-0.3867309896534721,0.044138489971452,2.417007881610768,0.6513409961685825,0.32459354553608694,0.8168761142977564,0.9546868986355497,0.5556980369372493
1.1279199110122362,3.9111070654446713,-2.3394125834670216,-0.42745773322207015,0.07507095688998625,24.403208466761512,0.040978218145456324,3.986256738293627,-2.587459259779103,-0.386479515076644,0.05519036370987636,2.801831767235029,0.6475095785440614,0.3244580704576161,0.8097909574729478,0.9542884425224003,0.5508782023625496
1.1212458286985543,3.90827635257669,-2.2355024576072915,-0.4473267280906157,0.0753982300289448,16.17654275495514,0.06181790603518689,3.983641049489483,-2.5939743600891827,-0.3855088220554421,0.07982142813892035,2.45730453743965,0.6436781609195403,0.32425491754660035,0.8002833536121761,0.9536909339605892,0.5444104446341334
1.1145717463848723,3.9052284900891756,-2.109529327987385,-0.47403939197852196,0.07589611247666282,11.067740146410054,0.09035268146626674,3.9810810094742033,-2.6062930317944724,-0.3836867105121655,0.11489177961144671,2.11938975617565,0.6398467432950192,0.32394168921670635,0.7938398712703629,0.9527696741667834,0.540027123313172
1.1078976640711904,3.902138418014531,-1.9764945252497874,-0.5059462534426302,0.0766042724956803,8.095761954032756,0.12352141845053488,3.97857435338188,-2.6148929371197203,-0.38242483499209357,0.15451900378610575,1.9042825121930584,0.6360153256704981,0.32348379797328836,0.7868640816691536,0.9514229352155539,0.5352816882103085
1.101223581757509,3.8986654059074826,-1.8523996612391038,-0.5398403060228816,0.077544896705146,6.32428832564742,0.15812055815744763,3.9760246889524025,-2.619722992042112,-0.3817197478655885,0.1943791557305549,1.6725178280513997,0.6321839080459772,0.32285787950095696,0.7807944372683344,0.9495819985322262,0.531152678413833
1.094549499443827,3.895028032227846,-1.7427793962653664,-0.5737960881009485,0.07871489173693652,5.190754496577741,0.19265022082229066,3.973434188399178,-2.6236674350950255,-0.381145867278633,0.23411058014030317,1.2969635902319474,0.6283524904214561,0.32204767752077634,0.7748059484190516,0.947199051531695,0.5270788764755453
1.087875417130145,3.890863426849759,-1.6564730139554755,-0.6036922977767745,0.08011642356817994,4.4821579071221125,0.22310682058099918,3.9709131850448562,-2.6275306335079414,-0.3805854771957229,0.2730824344146936,1.1668178658739268,0.624521072796935,0.3210303677828198,0.7703414592656462,0.944206964067117,0.5240418090242491
1.081201334816463,3.8866582187213075,-1.6059424410654517,-0.6226873232994308,0.08169295830753943,4.1295352063927835,0.24215800326679293,3.9684116448113635,-2.627918395129508,-0.3805293200326787,0.3054364308545705,1.2254993873072628,0.6206896551724139,0.3198227740439429,0.7653707776841181,0.9406552177763026,0.5206603929823933
1.0745272525027811,3.8824353642280496,-1.5879700281237907,-0.6297348075149216,0.0833487884616188,4.017039061464061,0.24893957581670545,3.9658709843628874,-2.626083303460158,-0.3807952316982437,0.3296772728095845,1.2468716382810858,0.6168582375478928,0.31848002222416594,0.7601479341191805,0.9367059477181351,0.5171074381763132
1.0678531701890992,3.878181728825868,-1.593114221809995,-0.6277013828072313,0.08501584474780695,4.037373987065407,0.24768574900509943,3.963278863664745,-2.6314706844942584,-0.38001563380220205,0.348707502496636,1.2445471742387593,0.6130268199233717,0.31704581704821144,0.7548896819903202,0.9324876972006219,0.5135303959117825
1.0611790878754173,3.8740148245632304,-1.620155010945926,-0.6172248909788891,0.0866549386151908,4.183600923627829,0.23902853504794752,3.960753193773792,-2.644129125831118,-0.37819635593086787,0.36144940810247506,1.2155602280540732,0.6091954022988506,0.31555565596687346,0.749719629179996,0.9281048704908043,0.5100133531836708
1.0545050055617358,3.869850966299008,-1.6772403718934525,-0.5962174633747281,0.08820643698426447,4.557711726891219,0.21940834785575447,3.95822207674264,-2.653863611082386,-0.376809115518995,0.36032758137919074,1.2808710486979558,0.6053639846743297,0.31406795667708487,0.7448629656731325,0.9237292843443672,0.5067095004579133
1.0478309232480538,3.8660667101216806,-1.7464046520446435,-0.5726049795098902,0.08958363736298722,5.091570332520202,0.1964030612742267,3.955732077848708,-2.658146999063325,-0.3762019182356653,0.3507536060639791,1.490932252215033,0.6015325670498086,0.31268510018823437,0.7394378880327204,0.9196620593771598,0.5030189714508302
1.0411568409343719,3.8624214304329083,-1.805816335719992,-0.5537661722399321,0.09082805737947108,5.6133666514081435,0.17814621101743722,3.9532191565921693,-2.6622653299502814,-0.37561996122252594,0.341717768013682,1.5587950111238835,0.5977011494252875,0.31138490224731913,0.7333743201841375,0.9158379477862327,0.4988940953633588
1.03448275862069,3.8587846403960047,-1.865782573362162,-0.5359681316982119,0.09196156231538907,6.1975657902683094,0.16135367236766474,3.9507172131891237,-2.6694111107913185,-0.3746144593305303,0.3304089037572115,1.3860359650809675,0.5938697318007664,0.3101573132143185,0.7278778528915586,0.912227391806819,0.49515500196704665
1.027808676307008,3.855121034571434,-1.926165156573118,-0.5191662805172541,0.0929818327614644,6.892571756431085,0.14508372713957662,3.948251511864256,-2.673206731965478,-0.3740825533776615,0.3157472514165876,1.4880987823544318,0.5900383141762453,0.3090175591790964,0.723316871847102,0.9088751740561658,0.4920522937735388
1.021134593993326,3.85187638660694,-1.9782673336993783,-0.5054928537539922,0.09389816378999968,7.598536978201043,0.13160428157010173,3.9457735631123967,-2.674593647403658,-0.3738885721839438,0.3024383513101355,1.9396862494725786,0.5862068965517242,0.30796487963508995,0.7169129520492473,0.9057790577502646,0.48769588574778727
1.0144605116796446,3.848650863789813,-2.015080908999027,-0.49625798921232445,0.09473850837752802,8.139205286451023,0.12286211795943469,3.9432524582636814,-2.678122810101528,-0.37339587125285334,0.2949685542473483,1.70391080789748,0.5823754789272033,0.30697455373023547,0.7102081277134664,0.9028663345006924,0.48313478075746014
1.0077864293659626,3.845213877188641,-2.046487869074319,-0.48864203649168303,0.09553814756698875,8.607695083839047,0.1161751189209177,3.940705289419457,-2.684802200748523,-0.3724669175707618,0.2893404822185312,1.547903349187454,0.5785440613026822,0.30601060350349285,0.7051782081160046,0.9000311867749788,0.4797130667455814
1.0011123470522807,3.8419009924813237,-2.0861687733828407,-0.4793476025328687,0.096289232990488,9.254087963226253,0.1080603517033536,3.9382268535673743,-2.6933324474943015,-0.3712872508294822,0.27941745652796063,1.7206307691667972,0.5747126436781611,0.3050863744061139,0.7001110290878606,0.897312865900335,0.4762660061822181
0.9944382647385988,3.8388151905797536,-2.1271430686227153,-0.47011412384568985,0.09698055493121595,10.033603875141225,0.09966508668710272,3.935791618818722,-2.6994266408949987,-0.3704490371586644,0.26730111278127333,1.9006405519952951,0.57088122605364,0.30422020799782906,0.6939270479987624,0.8947653176406736,0.4720592163256887
0.9877641824249168,3.8357031283560556,-2.1545919157811455,-0.4641250125722536,0.09761957897518794,10.46827790828741,0.0955266958673624,3.9333278832431136,-2.712980376415085,-0.3685983167048903,0.26420791706775176,1.838730893774525,0.5670498084291188,0.30340667989808906,0.688162436494123,0.8923725879355561,0.468137711900764
0.9810901001112349,3.8325948482352095,-2.179432701881847,-0.4588349982711293,0.09825566099396163,10.745052641529746,0.09306608663181315,3.930876384314519,-2.733966633518368,-0.3657689116392362,0.26464895473270195,1.8961441139089283,0.5632183908045977,0.3025831884710733,0.6825334731568852,0.8899505543266861,0.4643084851407382
0.9744160177975534,3.8295640330018816,-2.2161356109071533,-0.4512359239562329,0.09886184042077387,11.453709892965653,0.08730795605484598,3.9284373539598234,-2.747796509750631,-0.36392796790136117,0.2554701680643181,2.0062619538368214,0.5593869731800769,0.301785397262568,0.6765175811953708,0.8876041095957882,0.4602160416295039
0.9677419354838714,3.826585481302861,-2.2453092287215055,-0.4453729522901426,0.0994210619646603,12.250484658625147,0.08162942347721192,3.926006070984187,-2.7491898021211596,-0.36374352881290406,0.24556840433890426,2.1307613387411557,0.5555555555555558,0.30104162316403604,0.670447982705724,0.885416538717753,0.4560870630651184
0.9610678531701895,3.8236714463338575,-2.261002991395979,-0.44228159087157337,0.09995144340378449,12.78760783718062,0.0782007090561887,3.9235702022635834,-2.7466424356422876,-0.36408088181531184,0.24017497704981547,2.1201101202465256,0.5517241379310346,0.30032474850155866,0.6637915218343109,0.8833080838281137,0.4515588583906877
0.9543937708565076,3.8207505678055624,-2.278338783891791,-0.4389162871958092,0.1004648979031189,13.267695068574898,0.07537104182990628,3.9211540487640386,-2.750689254630002,-0.36354524536596955,0.23562802483194004,1.7859262885510323,0.5478927203065135,0.2996234592280013,0.6578538044469283,0.8812454683176509,0.447519594861856
0.9477196885428256,3.817777437303778,-2.3031394311296816,-0.43418995241182756,0.10095750847826601,13.793308822380908,0.07249892051843343,3.9187822536031085,-2.7647906965374998,-0.36169103189342877,0.2318363657133311,1.7323978597187555,0.5440613026819924,0.29894380068612103,0.6530863865940904,0.8792464726062382,0.4442764534653676
0.9410456062291437,3.814840203180487,-2.330115842946808,-0.42916321221838416,0.10143262542950511,14.244666657242735,0.07020171296823907,3.9163446618939775,-2.785814083373743,-0.3589614992501424,0.2295228585808237,2.0926245470609146,0.5402298850574713,0.29827964694381687,0.6477406930969924,0.8772930792465201,0.44063992727686563
0.9343715239154617,3.812010892676017,-2.355271870711077,-0.42457943494144956,0.10189457250008901,14.700706269533871,0.06802394263685319,3.9139083193669753,-2.8046125261922827,-0.3565554923045511,0.22691393898376008,2.4736572514619413,0.5363984674329502,0.2976288495250354,0.6405448363205146,0.8753789691912804,0.43574478661259497
0.9276974416017802,3.8092215456814813,-2.3777121834611603,-0.4205723497384497,0.10234062021442417,15.115623545696156,0.06615671506880894,3.9115136976087155,-2.8215459538976018,-0.3544156346695786,0.22490412694928275,2.1731226980121643,0.5325670498084293,0.29699343293994146,0.6337069681655196,0.8735100968821807,0.43109317562280247
0.9210233592880983,3.8064042879276645,-2.398263788775774,-0.41696831044197324,0.10277764322403304,15.42075855484218,0.06484765301548645,3.909160846854963,-2.83993562692,-0.35212065742649656,0.22431416525582454,1.9911979490508604,0.5287356321839082,0.2963662327487255,0.6281104410365986,0.8716653904374277,0.4272860143106113
0.9143492769744164,3.80363067368936,-2.414876370150692,-0.4140998737494783,0.10320621736257304,15.7194608101157,0.06361541353609823,3.906855475272724,-2.8531935464160214,-0.3504844602134085,0.22351177736752878,2.1121258924435784,0.5249042145593871,0.2957449473544054,0.6226231970961779,0.8698380804541334,0.42355319530352237
0.9076751946607344,3.800962114882888,-2.426853542165176,-0.41205617999833066,0.10362679223675071,15.795822259315244,0.06330787872788779,3.9045900751737284,-2.8673974793781296,-0.34874830127034784,0.22544961233343985,2.3481917383754007,0.521072796934866,0.2951307346130527,0.6163186021377072,0.8680315723913314,0.41926435519571914
0.9010011123470525,3.798237358268542,-2.439463740981815,-0.4099261584423175,0.10405126135004208,15.791215600052476,0.0633263470860772,3.902255977905546,-2.885171795354102,-0.34659981135621365,0.2287563837138201,2.2973503020001123,0.5172413793103449,0.29450465029818124,0.6096900133182861,0.866190147935827,0.4147551111008749
0.8943270300333706,3.7954632967442445,-2.458330282760053,-0.40678016579499854,0.10447208274290526,16.175425011848922,0.06182217773365917,3.8999001850183337,-2.8989037349733824,-0.3449579880613669,0.22669799097050156,2.0480013598010034,0.5134099616858238,0.2938790365733403,0.6036894147278533,0.8643501075686479,0.4106730712434376
0.8876529477196891,3.7927059043790665,-2.4816414292920848,-0.4029591012611604,0.10487647395605311,16.884205681765582,0.05922694966219044,3.8976060928243164,-2.909241964559584,-0.34373215159894244,0.22088462112094143,1.9320421388608846,0.5095785440613029,0.29327328166621625,0.5984691675748983,0.8625684754888713,0.4071218827040125
0.8809788654060071,3.789975159657516,-2.5040130398359244,-0.39935894266170635,0.10526265381737274,17.47215292810847,0.05723393127994214,3.895303276253839,-2.9229081965138586,-0.3421250113817109,0.21704439599537428,2.149082112723723,0.5057471264367818,0.2926902909371899,0.5932974151624261,0.8608537968740879,0.40360368378396333
0.8743047830923252,3.787312440350262,-2.5252612075022745,-0.3959986384890044,0.10564044189304901,17.66133620106992,0.056620857482992726,3.89298863981814,-2.9465688562050927,-0.33937778100590776,0.21793713257182196,2.600790241538318,0.5019157088122607,0.2921162204641701,0.5866277574434319,0.8591653543063825,0.39906650166219854
0.8676307007786432,3.784764264845321,-2.548344395793486,-0.39241163857235506,0.10601843834439822,17.72233040840754,0.05642598783315744,3.8907666806804344,-2.976317583206119,-0.3359856507391896,0.22065979059995583,2.6068323775711457,0.49808429118773956,0.2915382480963819,0.5795183428276078,0.8574654355775937,0.3942301651888489
0.8609566184649613,3.782215279731614,-2.5758225632292326,-0.38822549902130277,0.10639362526790763,17.925644368734247,0.05578600018106972,3.888564116014688,-3.008066139819275,-0.33243949884030144,0.22187119440074865,2.4273115015403377,0.49425287356321845,0.2909604112766901,0.5729376761749275,0.8557659155196767,0.3897535212074337
0.8542825361512794,3.779635686036939,-2.601957558565363,-0.3843260228085228,0.1067630790587173,18.240841595747135,0.0548220319085031,3.8863555477916947,-3.0348646074619943,-0.32950399090003657,0.22167532305950102,2.2878547555448776,0.49042145593869735,0.2903884971640572,0.5668994540411165,0.8540838151884034,0.3856458871028004
0.8476084538375979,3.7770448365387095,-2.6212769990688276,-0.38149344779481,0.10712539877502891,18.47798568871767,0.054118452998401345,3.88414986754977,-3.054601041297961,-0.32737499479640064,0.22176358045683126,2.237180323554175,0.48659003831417647,0.2898231867958417,0.5611857612331895,0.8524211376348284,0.3817590212470677
0.8409343715239159,3.7745035180419118,-2.6290659742746043,-0.3803632201644973,0.10748546107871819,18.613365668018375,0.05372483503712644,3.881993487147675,-3.0614895417459396,-0.32663838512729626,0.221972301459404,2.2245481217373446,0.48275862068965536,0.2892592294532983,0.5555072001407301,0.8507624395685243,0.37789605451750347
0.834260289210234,3.771941610783881,-2.6411162777197106,-0.3786277826674791,0.10784252671768244,18.982680662702496,0.05267959872310435,3.8798172591945423,-3.0679723012988203,-0.3259481839443765,0.2199200742775881,2.255651638687752,0.47892720306513425,0.28869619820153514,0.5498906989994811,0.8491064652986327,0.3740753054418239
0.827586206896552,3.7693974768613163,-2.677739255887904,-0.3734493557582823,0.10818863703497765,19.67104489446627,0.05083614039645212,3.877629275092657,-3.0996870319716643,-0.3226132153619119,0.21604012569886683,2.441110427570003,0.47509578544061315,0.2881475206350196,0.5441002309865216,0.8474927077500575,0.3701362115554569
0.8209121245828701,3.7669690184599127,-2.722535714562898,-0.367304639807287,0.10852109588871406,20.47111256630654,0.04884932349235882,3.875518116906288,-3.14015797120755,-0.3184553163150099,0.21229652737010898,2.7209646427212455,0.47126436781609204,0.2876188868611685,0.537636111056317,0.8459379025328484,0.36573885105871906
0.8142380422691882,3.76452393812039,-2.757205533874762,-0.36268605575975243,0.108840685846889,21.219339920794884,0.04712681938894825,3.8733577713731666,-3.1689771197985652,-0.31555923637074557,0.20851286529920585,2.8083841960647815,0.46743295019157094,0.28710640434481394,0.5307229771197086,0.8444306010141586,0.36103603885694463
0.8075639599555062,3.7620917563753804,-2.789002146326769,-0.3585511762036617,0.10915015243228178,21.800923931680952,0.04586961557839331,3.8712114748355657,-3.1981418987435526,-0.312681560625208,0.20591161754717413,2.6898761508687294,0.46360153256704983,0.28660913467908533,0.5240350510204894,0.8429680431737804,0.35648642926563906
0.8008898776418247,3.7596952312931275,-2.827303130729685,-0.3536939457007975,0.10945296102702327,22.1947905588875,0.045055617774215406,3.8691164471221593,-3.2400382892103394,-0.3086383279265874,0.2061658823299908,2.5367735565227436,0.45977011494252895,0.2861208605235734,0.5178204898471491,0.8415319427163923,0.3522588366307137
0.7942157953281428,3.757478627760392,-2.8604390667521757,-0.34959667962283447,0.10975156223571958,22.311589629906994,0.04481975585726872,3.8672156225783696,-3.28108830434064,-0.3047769237655302,0.2083712269171827,2.4634548904683005,0.45593869731800785,0.2856358175222996,0.5120342567574947,0.8401053456538223,0.3483226236445542
0.7875417130144609,3.7551561837854357,-2.8840953908186693,-0.3467291696326811,0.11005122250676436,22.278891594832295,0.04488553641654036,3.865215524647951,-3.312973639181901,-0.3018436332161514,0.21093056522703282,2.5383245645919925,0.45210727969348674,0.28514847091643664,0.5063244808655349,0.8386719732836371,0.34443842235750677
0.7808676307007789,3.752757094148331,-2.913564346315105,-0.343222212086971,0.1103507017651951,22.45668734545009,0.04453016531855525,3.863121512446884,-3.347929785272787,-0.29869204676839445,0.21251632634506967,2.6825552858299218,0.44827586206896564,0.28465957191600644,0.5002625709408031,0.8372340350470777,0.3403146741093898
0.774193548387097,3.7504428742796265,-2.9412924970029146,-0.3399865878755577,0.11064561848432015,23.01435734305621,0.043451137265916984,3.8610992613987127,-3.37227807988696,-0.29653545060955366,0.2100492080289936,2.7610847204053455,0.4444444444444445,0.2841748676294559,0.49402763384408865,0.835808434204282,0.3360732203021011
0.767519466073415,3.7482421542507605,-2.9607671294826594,-0.33775030465659484,0.11093069469866673,23.943450302485697,0.04176507509847838,3.859179771065859,-3.3785469683492253,-0.29598522955819817,0.20356329013599847,2.7830438628937233,0.44061302681992337,0.2837059088674727,0.48773122543890385,0.8344291437278608,0.3317899492781659
0.7608453837597335,3.7460083593981826,-2.9837963589731165,-0.33514351507022866,0.11120310558240887,24.93359374847622,0.04010653298067446,3.8572169975679813,-3.3894056023686803,-0.2950369820894707,0.1980014606466827,2.7578296623837253,0.43678160919540254,0.28325643852184756,0.4814806817625973,0.8331071721230809,0.3275378787500662
0.7541713014460516,3.7437653987464343,-3.0303721852144165,-0.3299924692020113,0.11146604330352552,25.621651186369196,0.03902949082891283,3.8552420836607935,-3.4368633617631565,-0.29096297837310203,0.19651075253729186,2.8525922312209007,0.43295019157088144,0.2828198761445927,0.4753911419317307,0.831823165131155,0.32339533464743586
0.7474972191323692,3.741602368600346,-3.090348639547656,-0.3235880855651203,0.11172407765131537,25.83940620362756,0.03870057973157337,3.8533271055517773,-3.5101574464411875,-0.28488750583363753,0.19896484749670998,3.012169117965926,0.42911877394636005,0.28239088580114813,0.4688776878589516,0.8305614288269062,0.3189644135094909
0.7408231368186877,3.739433469826321,-3.1289918414039777,-0.3195917569255471,0.11198262501295703,25.703252525444874,0.03890558204686556,3.8514070727659564,-3.562697736831077,-0.2806861748786673,0.20315892282597092,3.0154008917059407,0.42528735632183917,0.28196045688258237,0.4623808960622612,0.8292954614193598,0.3145448272532389
0.7341490545050062,3.737260902421975,-3.1509960044458576,-0.317359970812106,0.11224339576540031,25.445250506103644,0.03930006504593564,3.8494902589753,-3.5963473311423018,-0.278059905766213,0.20746843497161943,2.979670621704209,0.42145593869731834,0.2815240884334169,0.4560125592554698,0.8280120248041674,0.310212625343857
0.7274749721913238,3.735197157220352,-3.1776077121010275,-0.3147021566544481,0.11250720875105624,25.136141751907036,0.03978335298511482,3.8476879367341787,-3.637437623955343,-0.27491880366943633,0.2122079486588866,2.887768203608164,0.41762452107279696,0.28108145776629073,0.44975715456621757,0.826710169900855,0.30595724800422963
0.7208008898776423,3.7331573076120272,-3.2172597959618794,-0.31082351548207043,0.11277443051047417,24.857438568395988,0.04022940647116435,3.845929302646803,-3.6955719533400964,-0.2705941090109718,0.21780079192135388,2.8602027085525847,0.41379310344827613,0.28063250943088347,0.44386422434216904,0.8253897336202454,0.3019484519334483
0.71412680756396,3.731114419495387,-3.2503863891596345,-0.3076557308186807,0.11304419749149446,24.56070874923121,0.04071543741714301,3.844166354430474,-3.7461560683016475,-0.2669402934014329,0.22347615698303155,2.937782389193922,0.40996168582375475,0.280177659266106,0.4378880600933324,0.8240519390179587,0.2978830340770969
0.7074527252502785,3.7290290402819926,-3.275886764830619,-0.305260856613188,0.11331790687199336,24.28563032486976,0.0411766129444846,3.8423596901446286,-3.7866704431425693,-0.2640842436687194,0.22838230924535,3.0382926936739856,0.40613026819923387,0.2797145725575247,0.4317968778281604,0.8226899192868372,0.29373937267221795
0.700778642936597,3.7269687196493066,-3.3127186963215607,-0.30186686274038266,0.11359382969987465,24.36143863363697,0.04104847891122709,3.840571191420653,-3.834085562982795,-0.2608183838291893,0.23072712326146008,3.117656924562869,0.40229885057471304,0.27924699151384025,0.42549923834217374,0.8213146809230595,0.2894552641783495
0.6941045606229146,3.7249369028453394,-3.353527733330549,-0.2981934486663249,0.11386582872620328,24.49456617825915,0.04082538113647338,3.838809277531465,-3.885485909723456,-0.2573680675298533,0.23302186891815915,3.137527814886128,0.39846743295019166,0.27878489556956004,0.4192349518490373,0.8199555752045883,0.2851938447952635
0.6874304783092331,3.722967773356834,-3.3893877402271624,-0.2950385369402966,0.11413877360825919,24.436472787037747,0.04092243625808578,3.837112517371245,-3.9352091320289486,-0.25411610068215396,0.23673045379770358,3.138194363691047,0.3946360153256708,0.2783194236928722,0.41301102035408827,0.8185865402731536,0.2809598777918968
0.6807563959955507,3.7210498595208743,-3.4238066954642723,-0.2920725639460784,0.11441206814232902,24.21703307333107,0.04129324996055139,3.835471475396019,-3.9875697245827495,-0.25077931398544706,0.24161968126238223,3.0789709421600655,0.39080459770114945,0.27785258053884354,0.4068756574386839,0.8172134721730692,0.27678616152291424
0.6740823136818692,3.7190542673423757,-3.441815366877266,-0.29054434750440805,0.11468996270673154,23.139678398047934,0.04321581237206651,3.8337678287041594,-4.04320512174098,-0.2473285351323966,0.2542665847755415,3.12147262047225,0.38697318007662856,0.2773771951065393,0.40099876575876603,0.8158152797251155,0.27278827602637146
0.6674082313681868,3.7171464990539818,-3.425814354010064,-0.2919013982265142,0.11498891992037663,21.168215793382426,0.047240637083481474,3.832155418218202,-4.087292115533673,-0.24466076114293855,0.2769245125684924,3.349669225523334,0.3831417624521072,0.27686350344995503,0.39474656294587135,0.8143044219116323,0.2685350768339261
0.6607341490545053,3.7152761933009217,-3.397181410056672,-0.29436167201424723,0.11532053850762344,19.221327175753682,0.05202554385846092,3.8305829391567863,-4.126499864507017,-0.24233612815578454,0.30338931661927354,3.1771691996219102,0.37931034482758635,0.27629275293775946,0.3878989152945401,0.8126257439345866,0.2638768131255375
0.6540600667408238,3.7133109418274954,-3.3648208238544117,-0.29719264482395147,0.11568336544462747,17.246732257292546,0.057981998275479896,3.828990929564943,-4.180415940630266,-0.23921064654854263,0.33466518716041,3.062564255947371,0.37547892720306547,0.27566673482490195,0.38208711477915575,0.810784514190888,0.25992320733275903
0.6473859844271415,3.711254985046521,-3.300574541518257,-0.30297755358071754,0.11609449176602804,14.909799711092587,0.06706998211760151,3.8273212669139354,-4.238948304192042,-0.2359075714632013,0.37926710478622855,3.020580085878632,0.37164750957854414,0.27495527343839776,0.3757029361941964,0.8086919807011698,0.255580228703535
0.64071190211346,3.709203871726111,-3.2213267545514217,-0.31043109755540854,0.11657862660748758,12.774458140085693,0.0782812068452472,3.825737728768389,-4.307561795272405,-0.2321498907102182,0.4342353141367654,2.719194718248036,0.36781609195402326,0.27411503268006593,0.3698176339179146,0.806220684353135,0.2515766217128671
0.6340378197997776,3.707064305994694,-3.157517820220412,-0.3167044675396937,0.1171394022022271,11.370944159248157,0.08794344480063998,3.824180105307653,-4.371374056763032,-0.22876102273903598,0.48263100260811514,2.65153804387146,0.3639846743295019,0.27313859763470716,0.3643886681706034,0.8033488165726681,0.24788344773510435
0.6273637374860961,3.7049760977520734,-3.135595968842032,-0.3189186393709065,0.11775251018658403,10.737998478302508,0.09312722496847314,3.822687355093478,-4.428866361667935,-0.22579141440235162,0.5105965601851365,2.6460074398701416,0.36015325670498105,0.2720677415309396,0.3585908522203777,0.8001992397968811,0.24393935525195762
0.6206896551724137,3.7029129543959933,-3.1628842890108477,-0.31616711476749515,0.1183824797323958,10.549164860668226,0.09479423378133234,3.821253625341438,-4.517265148042247,-0.22137288098605268,0.5260033476529646,2.232849904420446,0.35632183908045967,0.27096386669966244,0.35310830185084746,0.7969525491166541,0.2402097291502364
0.6140155728587322,3.700693946811915,-3.186131851885757,-0.3138602061958409,0.1190178392248221,10.171976002128208,0.09830931569154089,3.819830211243463,-4.6392756608901,-0.21555089050434617,0.5497651090356023,2.0257853631952707,0.3524904214559388,0.2698475696972845,0.34887014447995346,0.793669322639072,0.23732662889792752
0.6073414905450507,3.6983774162491687,-3.1240321708966143,-0.3200991364032575,0.11969472866264988,9.172106522955474,0.1090262087010494,3.818338250621764,-4.73769900709767,-0.21107292770221875,0.5961413647035219,2.232508394030063,0.34865900383141796,0.2686556052785235,0.3446213204790908,0.7901635449368337,0.23443627243475565
0.6006674082313683,3.6962798413811564,-3.0107469113944054,-0.33214349443170477,0.12047313900726103,8.123999088051464,0.12309208668804139,3.8169358834472753,-4.783512394361021,-0.20905140774357278,0.6520108299553392,2.863064481677944,0.3448275862068966,0.26728203070909745,0.33901677898444355,0.7861236197326396,0.23062365917309086
0.5939933259176868,3.694237665917483,-2.8822564656267358,-0.3469503883245011,0.1213377821000876,7.147753993555536,0.13990408748001215,3.8155111480960584,-4.829837557690282,-0.2070463008445813,0.7081025361343711,2.876659482334714,0.34099616858237575,0.2657536466936243,0.3313859737070343,0.7816283726283066,0.2254326351748533
0.5873192436040044,3.6921186481092874,-2.716572837556457,-0.36811087344136695,0.12234060179898536,6.11505422029887,0.16353084763835923,3.8141695873157806,-4.888062732784165,-0.2045800258030681,0.7799398354004242,1.9438237755082712,0.33716475095785436,0.26397907408059634,0.3252818427582642,0.7764090414135185,0.22128016514167634
0.580645161290323,3.689623734575523,-2.5434694148512307,-0.39316376055518276,0.12352061877601678,5.238566791833248,0.1908919060760983,3.812850467265044,-4.943841557074914,-0.2022718544790223,0.8535539372677854,1.3304283631544198,0.3333333333333335,0.26189084039479665,0.32106054776097415,0.7702671776317548,0.21840853589181913
0.5739710789766415,3.686752024824374,-2.3821914734666967,-0.4197815377723373,0.12488865838732023,4.542855228525172,0.22012587892320923,3.8115535540808847,-5.008623375686361,-0.19965565884916714,0.9203797684926904,1.119923081104494,0.32950191570881265,0.25947342047111605,0.31792141548044595,0.7631571190326941,0.21627307175540542
0.5672969966629591,3.683591827815086,-2.2392634523148454,-0.44657541253855015,0.12645889524662693,4.006485973224639,0.24959528291949695,3.810149651847037,-5.076654188082424,-0.1969801296191349,0.9775139587077106,1.2126265094510176,0.32567049808429127,0.2567097200495662,0.31478508488045254,0.7550285883810771,0.2141395135241174
0.5606229143492776,3.680726127070566,-2.1334388522368046,-0.468726815840796,0.12822029731394316,3.6469728166198743,0.2742000147198329,3.8088277777357655,-5.140679815005002,-0.19452680112095777,1.0158497469118783,1.0884669067347126,0.32183908045977044,0.2536312579578864,0.3103085928675717,0.7459742881114304,0.21109428086229368
0.5539488320355952,3.6774663127740963,-2.079367495062684,-0.4809154718319064,0.13011896218393285,3.4600260544492776,0.2890151647020378,3.807580679534269,-5.211039080428956,-0.19190030712985617,1.0314114972762989,0.9348949525276149,0.31800766283524906,0.2503485486271484,0.3073388649758992,0.7363192606680834,0.20907405780673416
0.5472747497219137,3.6741256762328915,-2.078767301214179,-0.48105432455855635,0.13207811931219068,3.419336307924153,0.292454415110484,3.806289086878795,-5.302229481053278,-0.18859990944815763,1.0264854844938587,0.9960207284947645,0.3141762452107282,0.24701010237926463,0.3043067418753927,0.7265003011154841,0.20701138903087937
0.5406006674082313,3.6708935952549884,-2.119383183210712,-0.47183539433632404,0.13402269186282695,3.4815835698962885,0.2872256201593313,3.8050016879183377,-5.416831283490692,-0.18460977417697677,1.0072255020673315,1.1031267686111108,0.31034482758620685,0.24375622626153318,0.30089333089596343,0.7169300772398034,0.20468934074555334
0.5339265850945498,3.667816575127815,-2.1789001351844637,-0.45894714670589565,0.13591205417527416,3.588965091219132,0.27863185475017005,3.80382344597581,-5.5458413379899145,-0.18031529195576468,0.9820362940376084,1.1725006831627554,0.30651340996168597,0.2406624963480433,0.2973510123995183,0.707830871611892,0.20227960027178116
0.5272525027808683,3.6647862884153715,-2.237941694242957,-0.4468391659052031,0.1377419157304597,3.6997175815968015,0.2702909013850725,3.8026460684347185,-5.664173492263055,-0.17654826452013594,0.9550179349310856,1.255331703529274,0.3026819923371651,0.2377358628035878,0.29370434492217135,0.6992231258929053,0.1997988740967152
0.5205784204671859,3.661818355928157,-2.2967129075175765,-0.43540487656372306,0.13951994162424064,3.8330781334249813,0.26088693347517733,3.8014634560287712,-5.730069827223675,-0.17451794308840363,0.9218742199227568,1.356410778786055,0.29885057471264376,0.23496175613878914,0.2898467892108077,0.6910639886434974,0.19717468653796444
0.5139043381535044,3.658974204254238,-2.3313687964365517,-0.42893256593657725,0.14122427746761457,3.9006266644209537,0.2563690622128405,3.800328568877623,-5.794968104034097,-0.17256350372383622,0.8962412770895807,1.4876824310097567,0.2950191570881229,0.232370738030875,0.2858076139387837,0.6834433471496323,0.19442694825767598
0.5072302558398221,3.6562205158242858,-2.3093937475654025,-0.433014076120287,0.14294199807202052,3.810985912430903,0.26239929062401934,3.7991908049342276,-5.86115674026211,-0.17061478549629783,0.8833469216385065,1.5983772512227317,0.2911877394636015,0.22982947119676433,0.28127081788799707,0.6759690329316598,0.19134069244081434
0.5005561735261406,3.653425614501536,-2.2518233454548064,-0.4440845690753008,0.1447268263969675,3.6426745835890846,0.27452356148012313,3.798031511682376,-5.897582316726601,-0.16956100759523451,0.8736013103608241,1.5210303873960729,0.28735632183908066,0.2272653036765708,0.2765664156231428,0.66842736375462,0.18814041879125362
0.4938820912124582,3.6505324219705537,-2.18082669780665,-0.4585417085207837,0.1466063837647474,3.443843143596264,0.2903732714596696,3.7969220612877166,-5.9464190633813185,-0.16816843706124018,0.8643397464914612,1.3400813878416624,0.2835249042145593,0.22465155114135615,0.27221632532711504,0.6607398562981063,0.185181173691915
0.4872080088987767,3.647426048911051,-2.109359421959876,-0.4740775752056834,0.1486027766277974,3.243722145515819,0.3082878110822218,3.7958119547316986,-6.031735465016889,-0.16578976412341717,0.8550407122093975,1.1766011343009724,0.27969348659003845,0.22197559946661033,0.2683033641847464,0.6528694101959127,0.18251929536377307
0.4805339265850952,3.6440416456389517,-2.0444427498349476,-0.4891308402158643,0.1507214602196823,3.068551140632429,0.3258866983699349,3.7946524466070053,-6.1257940940041244,-0.16324414184583702,0.8422176267340716,1.0823212996797016,0.27586206896551757,0.21924144652839844,0.2647291462467641,0.6448277839070542,0.18008785458963544
0.4738598442714128,3.640606871307199,-1.998657891031083,-0.5003357525504839,0.15295276592750734,2.9398168060299397,0.3401572499173664,3.793594881726252,-6.243035011321262,-0.16017850263318678,0.8240798582987731,1.0812398307553033,0.2720306513409962,0.21647733059124058,0.2612328450143304,0.6366980311507076,0.17770941837709553
0.4671857619577313,3.63717096298873,-1.9805275735482184,-0.5049159695406047,0.1552619351907707,2.87415922575332,0.3479278360919267,3.7925364009163394,-6.3699082091884724,-0.15698813344869222,0.7995635820254392,1.1410662636593178,0.26819923371647536,0.21373719427247978,0.2574957397789438,0.628638806683764,0.17516716991764883
0.46051167964404893,3.6337930235362377,-1.98191715511145,-0.5045619578098695,0.15759696396210482,2.859650771306276,0.3496930499465165,3.7915139988159883,-6.457074010505727,-0.15486890786337426,0.7699568461849997,1.201922645364524,0.264367816091954,0.21108537841334604,0.25352938794403684,0.6208393482745471,0.17246897139050124
0.45383759733036744,3.630436770303325,-1.9961665925498489,-0.500960192266632,0.15992969559050182,2.87139263356543,0.3482630652145584,3.790485091380493,-6.548911687508776,-0.1526971270520221,0.7413343303851013,1.271384838467873,0.26053639846743315,0.2085470590320169,0.24939298512199026,0.6133737030353438,0.16965509191972128
0.44716351501668594,3.6271843131420543,-2.017018334387238,-0.49578131390848057,0.1622456366902188,2.88846809090488,0.3462042745595042,3.7895047972966274,-6.6855180738491535,-0.14957703934891242,0.7170650349993279,1.34427459671605,0.25670498084291227,0.20612397727055973,0.24501112840497014,0.6062469919722344,0.16667423701018377
0.44048943270300356,3.62393249153378,-2.023717717095695,-0.49414006289134704,0.16455088724201913,2.885894817237459,0.3465129754650089,3.7884991437725484,-6.77382462414795,-0.14762708742637187,0.6954296176749892,1.4011677815936467,0.2528735632183909,0.20379869176753804,0.24049114162359214,0.5994079169633472,0.16359941607047085
0.43381535038932206,3.620745345655281,-2.014866200533444,-0.49631087152846476,0.16687094893224347,2.8563298506402606,0.35009962164413366,3.787524959920535,-6.83941899676674,-0.1462112498843453,0.677950092558293,1.4082781557032198,0.24904214559387003,0.2015351159080918,0.2357604555322998,0.5927503409061523,0.1603812622668706
0.4271412680756397,3.617429136834877,-2.00023315136309,-0.49994171895338013,0.1692240746277028,2.8152743890094283,0.3552051636259357,3.7864993294738305,-6.9091045986148245,-0.14473655532736984,0.6645200472313931,1.328290183354556,0.24521072796934867,0.19930666306511774,0.2311574199458087,0.5861960678385816,0.15724994554136648
0.4204671857619582,3.614026733832503,-1.9841239514831417,-0.5040007703412357,0.17161228593281222,2.7765027746001256,0.36016531629219095,3.7855477520749186,-6.952388801574333,-0.14383545404905362,0.6537400269981599,1.280592676724635,0.24137931034482782,0.19710014082646446,0.22687080364025866,0.5797062965484249,0.15433388002738685
0.4137931034482758,3.610631201184197,-1.9741279703658536,-0.5065527741925848,0.17403162056263755,2.7474825165428762,0.36396955903409633,3.7846271450322218,-7.01344824416043,-0.14258321515848138,0.646273008812866,1.2805426138466682,0.23754789272030644,0.19490844128277626,0.22254211166349613,0.5732601214199301,0.1513891916078205
0.4071190211345943,3.6072219063576383,-1.97788993579646,-0.5055893060082326,0.17647061152614843,2.7391790656849198,0.36507288352466816,3.783718650010515,-7.116605890794108,-0.14051642248358576,0.6422269798613216,1.2938120606728893,0.23371647509578558,0.1927302014185304,0.21821235460013952,0.5668535335839129,0.1484437786395507
0.4004449388209128,3.603764208765135,-1.9989463986285616,-0.500263539175478,0.17890467351291092,2.7614599005135765,0.3621272935428177,3.782735672598006,-7.239229612908535,-0.13813624563266558,0.6405159022114579,1.35257750189414,0.22988505747126473,0.1905741893239971,0.21380877576068297,0.5605123215411679,0.1454481467759748
0.3937708565072304,3.6005042756296857,-2.036763788357757,-0.4909749504169554,0.18130434625641964,2.8205446882580474,0.3545414487361285,3.781840646657839,-7.329578055828924,-0.13643350168086954,0.6394430170729297,1.4264634526641673,0.22605363984674337,0.1884530033222877,0.2091642614543716,0.5542735391831991,0.1422886132342664
0.38709677419354893,3.5972360243988923,-2.0966593998418155,-0.4769491888264952,0.1836371511378649,2.9282749486143245,0.34149798688583033,3.780870182046604,-7.382732568427332,-0.1354512019406684,0.637730099028931,1.4753152424491434,0.22222222222222252,0.18638348457186496,0.2044579963533577,0.5481867193290145,0.13908707234922293
0.38042269187986655,3.5941444104415474,-2.1745002526726465,-0.4598757800882822,0.185862717605285,3.0747581629968836,0.32522883003758807,3.7800035182006297,-7.426829940251176,-0.13464695005069416,0.636516220380834,1.5339394870030885,0.21839080459770113,0.18439260885778339,0.19977243818179546,0.5423312025228922,0.13589961781074522
0.37374860956618505,3.591146983256656,-2.2652943375531946,-0.4414437379824676,0.18797835910277164,3.2469123926099748,0.30798490352743,3.7791296604350832,-7.492947200410883,-0.13345883445504114,0.6366440074484775,1.619249585358912,0.21455938697318028,0.1824762731863714,0.1950396082093706,0.5366949211363865,0.13268000558460585
0.36707452725250267,3.5882956164149635,-2.3770694744803396,-0.4206860635483167,0.18997375080031187,3.4638900122704634,0.28869276924429066,3.7782807872523665,-7.576142449304975,-0.13199329430398166,0.6362437166671908,1.7236445758943186,0.21072796934865892,0.18064119521303854,0.19022623434965877,0.531297632979525,0.12940560159840733
0.3604004449388212,3.585506993488688,-2.5062120638301537,-0.3990085334086757,0.19183187771337407,3.7344076540420548,0.2677800852613448,3.7773678877600134,-7.620298907118269,-0.1312284481473398,0.6328444956199479,1.8445987171148184,0.20689655172413807,0.17890341310837624,0.18535705629541077,0.526186509142283,0.12609323557510937
0.3537263626251397,3.582890490524593,-2.658598918170433,-0.3761379699530494,0.1935481234623096,4.068115787341461,0.24581404568465004,3.7764844393832027,-7.673188216310249,-0.13032392426845263,0.6272027540766826,2.0499150863430384,0.20306513409961718,0.17726967287748127,0.18039525011693086,0.5213813908161213,0.12271785722240196
0.3470522803114573,3.5805218372719962,-2.8451559861163025,-0.3514745781531019,0.19511304406289104,4.4934568131481045,0.2225458130751239,3.7756236405900987,-7.7562210372138924,-0.1289287650780011,0.6180122998960342,2.2338662191494465,0.19923371647509583,0.1757533817081705,0.17500042363328247,0.5169217109063838,0.1190479072335255
0.3403781979977758,3.578217139859222,-3.068702875979759,-0.32587058454811313,0.19651870161236695,5.035263371245787,0.19859934352402853,3.7747687992255154,-7.857234611324248,-0.12727124102400467,0.6049348451257426,2.38090812096502,0.19540229885057497,0.1743675940596969,0.16991810695316398,0.5128458648814614,0.11559054894773059
0.3337041156840934,3.576083973797706,-3.331039620959679,-0.3002065762615871,0.1977639807951361,5.71190582279008,0.17507291454457707,3.7738939278521073,-7.99145478745236,-0.12513366171702955,0.5876306505349551,2.752761623555768,0.1915708812260536,0.1731190072874347,0.1646168887993043,0.5091735508453962,0.11198427809476484
0.3270300333704119,3.57421366009802,-3.6202580241544298,-0.27622340543905466,0.19885560369750044,6.544514266775049,0.15279972802210295,3.773072412741423,-8.102173107525589,-0.12342367741700855,0.5648507422692012,3.0831954644345663,0.18773946360153274,0.1720080536564845,0.15879683016099108,0.5059060401661308,0.10802505453128645
0.3203559510567304,3.572416644953922,-3.924357777318243,-0.2548187644306381,0.19980357671979143,7.538665951909329,0.132649464292383,3.772245734414419,-8.185362434490477,-0.12216930013829597,0.5377222156796241,3.2874298566535938,0.18390804597701188,0.17103057921972853,0.15325877645610314,0.5030311153521427,0.10425767105857357
0.31368186874304804,3.570824495351156,-4.227195833341792,-0.23656344286501962,0.2006262305846067,8.693398224663152,0.1150298162073149,3.7714870412435877,-8.228175423558879,-0.1215336266575946,0.5076789589325302,3.7265564323271643,0.18007662835249053,0.17017261764154923,0.14760372371248723,0.500507698945733,0.10041069640305254
0.30700778642936655,3.5693426929283927,-4.553841006628452,-0.21959484280290553,0.20133901364358214,10.149020562232932,0.0985316754329233,3.7706877052479753,-8.260150644699065,-0.1210631673699254,0.47184018957433815,4.173610134825997,0.17624521072796967,0.16942108615839827,0.14140216068075437,0.4982973122305831,0.09619194604132951
0.30033370411568416,3.567935688844524,-4.998055593925316,-0.2000778065004738,0.2019414476092953,12.641375465930729,0.07910531592824377,3.769883422208062,-8.266342168122401,-0.12097249057222825,0.41228427523172007,4.063455967092854,0.1724137931034483,0.16878042729890003,0.13537858909135003,0.49641302146735294,0.09209427829343539
0.29365962180200267,3.5665218142791844,-5.562918337740306,-0.17976176159476154,0.20239492442349205,17.264793326801286,0.057921342067132287,3.769025983425633,-8.207456966061393,-0.12184041952764346,0.33215709953669803,3.52974264450024,0.16858237547892743,0.16829466112114252,0.13045170178541696,0.494984297415125,0.08874265427579385
0.2869855394883203,3.5651949388655586,-5.762405552105833,-0.1735386360709299,0.20271459121864518,19.66388650554986,0.05085464664972328,3.768207680058657,-8.151022841030025,-0.12268398942109116,0.3146407414645456,3.464301448594475,0.16475095785440608,0.16795021277401712,0.12670840510869033,0.49397121404122674,0.08619619395149002
0.2803114571746388,3.5639025451109747,-5.136053422059169,-0.19470202465282682,0.203073740619039,13.908240788986399,0.07189981933530198,3.767407583580934,-8.143176235427477,-0.12280220531755504,0.36845392270691496,4.166055033030257,0.16091954022988522,0.16756214554305407,0.12235683492978236,0.49282983983251194,0.08323594212910365
0.2736373748609573,3.5626246313018823,-4.140025187959878,-0.2415444241518685,0.20367432184381046,8.345137500381865,0.11983026043060896,3.766597309609432,-8.215970676092764,-0.12171416372137855,0.5069794011303712,5.760338100298974,0.15708812260536434,0.16690760547918362,0.11472347778714811,0.4909047219975988,0.07804318216812797
0.2669632925472749,3.5612836117699533,-3.267157177707106,-0.3060764896232513,0.20467325466260666,5.350260538989096,0.18690678569999974,3.76577911062909,-8.391394516209733,-0.1191697039232622,0.6537889559104463,3.9956230566403317,0.15325670498084298,0.16580782001123265,0.1030481486011097,0.48767005885656656,0.07010078136129912
0.2602892102335934,3.55975124905353,-2.619709476866667,-0.3817217171715015,0.20616918438930543,3.7706784208281734,0.26520426522619367,3.764968374722317,-8.582405324740147,-0.1165174519452421,0.773290552174771,1.0894634021774978,0.14942528735632213,0.16413147273473921,0.09570027073564984,0.4827396256904094,0.06510222499023799
0.25361512791991103,3.557065942592997,-2.161381272831426,-0.4626670974575404,0.208213244854725,2.877719828436416,0.3474973449876604,3.764175749822034,-8.682835367391894,-0.11516975246996708,0.8681516379618635,0.6806850173530029,0.14559386973180075,0.16178264285304472,0.09319875442665056,0.475831302508955,0.06340051321540854
0.24694104560622954,3.5530232951436553,-1.8484690475204362,-0.5409882309587033,0.21080763615777254,2.346214247871636,0.42621853520289044,3.7634415276237263,-8.713101428161588,-0.11476969575585372,0.9473901358875418,0.5025968086864259,0.1417624521072799,0.15870267955716424,0.09126169014064317,0.466772586932836,0.062082782408600795
0.24026696329254715,3.5485737817651684,-1.6453324824939204,-0.6077798929030109,0.21390248002984713,2.024403087379088,0.4939727696694334,3.762695171378665,-8.786796217913695,-0.11380712323352782,1.0201188135898933,0.42617427727253604,0.13793103448275854,0.15488468170718522,0.08952168342123418,0.4555431814917212,0.06089910436818651
0.23359288097886566,3.5441039020677247,-1.5232674988924826,-0.6564835137144769,0.21740126600875503,1.8391620358444627,0.5437258819562594,3.7619728424136474,-8.868579309504483,-0.1127576317582566,1.0875703416225595,0.3904526289227307,0.13409961685823768,0.15038032574446625,0.08780202563051134,0.4422950757190184,0.05972926913640228
0.22691879866518416,3.539651622501069,-1.4659850763046598,-0.6821351841593923,0.22116022261435742,1.755538890333573,0.5696256605343493,3.761225220858468,-8.888136468627781,-0.1125095236250786,1.1455087909871018,0.36501893389809337,0.13026819923371682,0.1453226054799641,0.08609907132343159,0.4274194278822473,0.058570796818660946
0.22024471635150178,3.535204919046042,-1.4673154510723572,-0.6815167108539413,0.2250047231015384,1.7596127773744652,0.568306852995299,3.760432570218105,-8.833153039103712,-0.11320985785857829,1.1885179270638826,0.34398138603920997,0.12643678160919544,0.13993577233848747,0.08447336954754675,0.41157580099555136,0.05746487724322909
0.21357063403782028,3.530809848172696,-1.5063798409259381,-0.6638431906957294,0.22874607604699781,1.8198344994490883,0.5495005179332111,3.7596355017444156,-8.74564128894319,-0.1143426727625183,1.2168585422140956,0.32873683731084924,0.12260536398467459,0.13450954443378724,0.08296372930974395,0.39561630715819773,0.056437911095063915
0.2068965517241379,3.5265246731128,-1.5414994987586392,-0.6487189913491989,0.23233954647773253,1.8742732518897502,0.5335401329511278,3.7588963385334315,-8.682148910901239,-0.11517885839811015,1.2374485796799333,0.31851901385716175,0.11877394636015322,0.12915439212843294,0.08155645599670912,0.3798658592012733,0.05548058231068648
0.2002224694104564,3.5222791752050187,-1.5579676751211484,-0.6418618408897601,0.23586785757693512,1.898436042194415,0.5267493756829928,3.75815873332956,-8.68715649694139,-0.11511246520677787,1.2544126558504811,0.30887023408101805,0.11494252873563236,0.12379414234201352,0.08020419844537895,0.36410041865298093,0.0545606792145435
0.1935483870967749,3.5180126855210085,-1.5662378549907527,-0.6384726284156272,0.2393706838617098,1.9060367067114472,0.5246488677153209,3.7573902099415677,-8.785511863664395,-0.11382376070037026,1.2671237823310781,0.2985977418315164,0.11111111111111151,0.11840666190973449,0.07890815965239187,0.3482548879698073,0.05367902017169515
0.18687430478309253,3.5137266203006847,-1.567398708356234,-0.6379997601559353,0.24287095703475928,1.9020886293865626,0.5257378570852964,3.756610838077586,-8.907741385523314,-0.11226190307064599,1.2727080658936332,0.29285596903126543,0.10727969348659014,0.11299496212939786,0.07765793595573514,0.3323381239099937,0.05282852786104432
0.18020022246941103,3.509442879232147,-1.5582102633312025,-0.6417619133518997,0.24638831932892188,1.8870340677109039,0.5299321390699987,3.7558464462081105,-8.942162375100699,-0.11182977428194363,1.2679471930922752,0.28828168534431126,0.10344827586206928,0.10756811015681586,0.07641411470416573,0.31637679457887014,0.051982390955214786
0.17352614015572865,3.505136175375754,-1.5396576709024097,-0.6494950266534829,0.24994457846839666,1.8599921227867893,0.5376366855262376,3.755103300118982,-8.939878688734327,-0.1118583411271743,1.254024240494213,0.28254172045085263,0.09961685823754791,0.10213335494824255,0.07518799275124212,0.3003922204360075,0.05114829438860009
0.16685205784204715,3.5007673899378298,-1.5142322732830398,-0.66040066484112,0.25356478231703644,1.821772223592246,0.5489160428783784,3.754362601221491,-8.969846983337213,-0.11148462196263154,1.232473835025387,0.27889187795072473,0.09578544061302706,0.09669629563485106,0.07396455605356991,0.2844008695142678,0.05031602452623804
0.16017797552836477,3.4963548197863417,-1.4816024668577583,-0.6749448805392717,0.25727160017533834,1.773502676043351,0.5638559295726466,3.7536642640269724,-9.00179532976109,-0.11108895096668903,1.2020582467437255,0.27583744968160895,0.09195402298850569,0.09126873321759084,0.07272963268730503,0.26843745063997304,0.04947594060360887
0.15350389321468327,3.491781680387144,-1.439003255055987,-0.6949254607218336,0.2610912240910875,1.713844088649465,0.5834836474466094,3.7529246523496935,-8.973292614417868,-0.11144181327523484,1.1616074333122954,0.2717382109757434,0.08812260536398484,0.08586590097464483,0.07147964824060679,0.2525467675724848,0.048625611048031835
0.14682981090100178,3.4870122758190663,-1.3867508150730206,-0.7211100863476645,0.26506003595882993,1.6427485139310003,0.6087359029819233,3.7521451347136145,-8.898841086524673,-0.1123741833657732,1.1116929367351793,0.2667593818943793,0.08429118773946397,0.08049253469010738,0.07020935030278973,0.23674274908855109,0.04776146279101342
0.1401557285873194,3.482063006117961,-1.3268771200599965,-0.7536492904141596,0.2692167311386771,1.5608141255034593,0.6406912800570908,3.751387623575562,-8.852847149473819,-0.11295801035709019,1.0534017550489847,0.26177106019422364,0.08045977011494261,0.07516317360723418,0.06891247559635508,0.22106815766833582,0.046879235099561274
0.1334816462736379,3.4768999320355896,-1.2599398082213795,-0.7936887091548215,0.2736120886403485,1.4681043103129758,0.6811505102023823,3.750672521509381,-8.88587172452466,-0.11253819895239303,0.9881598075410817,0.25994405042085394,0.07662835249042174,0.06989205970561276,0.06757668944678857,0.2055648814870963,0.04597053703863169
0.12680756395995552,3.4713681792560545,-1.18346505352129,-0.8449763658205143,0.27830884028487135,1.3638810200256577,0.7332017861654734,3.749889594537538,-8.946578042043624,-0.11177457965499116,0.9144994376509312,0.25746271303182705,0.07279693486590037,0.06468961859433084,0.06615816976672803,0.19026358410097305,0.04500555766444084
0.12013348164627402,3.4654278191593595,-1.0944565190385769,-0.9136955032973333,0.2833989867871625,1.2469908120724598,0.8019305277302173,3.749118765710994,-8.947346831379573,-0.11176497556715503,0.8316901984881848,0.24995580104314358,0.06896551724137952,0.0595704185640783,0.06467438804699185,0.1752071134237597,0.043996182344892415
0.11345939933259164,3.458953466726368,-0.9902786268020854,-1.0098168060329726,0.2890131409887231,1.1134320712902768,0.8981239410871034,3.74835968781838,-8.953123375288264,-0.11169286494589414,0.7410185121688245,0.24544269675763958,0.06513409961685815,0.05453730965657129,0.0631124078371848,0.16040385193109202,0.04293361077359511
0.10678531701891014,3.451865872740568,-0.8690605080550948,-1.1506678657369207,0.29538729300857,0.961446495942239,1.040099479503514,3.7476607323303472,-9.044176496250108,-0.11056838623335352,0.6428238795898513,0.2419950527179408,0.06130268199233729,0.04957336574662498,0.06136618062768148,0.14580401690183817,0.04174570110726632
0.10011123470522865,3.443832655719394,-0.7419231091973633,-1.3478485675986462,0.30289656006997057,0.8072408064972734,1.2387877222648527,3.746958626982634,-9.169193553736507,-0.10906084533382909,0.5355056389321649,0.23676926385575492,0.05747126436781644,0.044656630506347994,0.0594018280740499,0.1313430309010235,0.04040940685309517
0.09343715239154626,3.4345671803524773,-0.6294465937135919,-1.588697134891504,0.31192283546371846,0.6756177389306218,1.4801269155289134,3.746247017857375,-9.210628898715115,-0.10857021936249112,0.42273334762732123,0.23173088827404506,0.05363984674329507,0.039905565255893415,0.05711109035651816,0.1173693095761571,0.03885108187518242
0.08676307007786477,3.423540311802817,-0.5424321007800844,-1.8435487106347068,0.32265353780784267,0.5766035178800077,1.7342939628198764,3.7454548896313207,-9.152920307820143,-0.10925474781481626,0.3178894426254606,0.22509492653241353,0.049808429118774214,0.03558352219736274,0.05449717557728301,0.10465741822753746,0.03707290855597484
0.08008898776418238,3.4103563183920294,-0.47302854603048944,-2.1140373205627725,0.3350724767916816,0.4989748918208876,2.004108856761796,3.7446761417562957,-9.096825020767803,-0.10992846380105448,0.23573329100034496,0.2153956671821216,0.045977011494252845,0.031897480260585025,0.05158057367076316,0.09381611841348536,0.035088825626369495
0.07341490545050089,3.3945315867741663,-0.411309874480637,-2.4312569720401314,0.34940471275905693,0.43081203356289555,2.3211979287807125,3.7440179257188797,-9.08603210044685,-0.11005904325946858,0.18279520801618357,0.20133172328663046,0.04214559386973198,0.02876795985159664,0.04843283300748134,0.08461164662234305,0.03294750544726622
0.0667408231368194,3.375947409515367,-0.3564307825433166,-2.8055938178641213,0.36605620887774054,0.37093693697124547,2.6958760380272366,3.743346848487585,-9.11429306614725,-0.10971777983684206,0.15676210152702652,0.18575592303702146,0.03831417624521113,0.025904209503352243,0.04506345754566419,0.07618885148044777,0.0306554132963702
0.06006674082313701,3.3553954547210756,-0.31096369532671336,-3.215809482034075,0.3853897099296103,0.32193061013946345,3.1062594500311427,3.7425538196151455,-9.128249273111988,-0.10955003200291458,0.14605193432109054,0.17125833381869274,0.03448275862068976,0.022910162225564662,0.04149350310578001,0.06738283007519018,0.02822687286107484
0.053392658509455515,3.3334634217904133,-0.27536490414525483,-3.6315448517451614,0.4075190713920607,0.28400623329797414,3.521049479751447,3.7417368702120495,-9.050152797870973,-0.11049537199363613,0.12980920640788673,0.15829036940646138,0.030651340996168903,0.019646885705494874,0.03772729552425692,0.05778495795733786,0.025664826887249605
0.04671857619577313,3.3088844500953574,-0.27427205096704094,-3.646014956588374,0.4323892580464268,0.283032245848526,3.53316632527865,3.7410402134761154,-8.861427811699293,-0.1128486313097028,0.09980210283823902,0.14130620787426587,0.026819923371647535,0.016582751469820408,0.03383083663466849,0.04877279844064826,0.023014174581407133
0.040044493882091636,3.278759306020245,-0.24550586389625836,-4.07322246454595,0.4546803571577389,0.2526411157402232,3.958183912662278,3.7403485742042855,-8.661769189377617,-0.11544985535130081,0.08027552203243439,0.12895568511756633,0.022988505747126676,0.014513475350096778,0.030746721225466914,0.04268669220616699,0.020916136888072732
0.03337041156840925,3.2434762768553815,-0.18572219922273142,-5.38438594947246,0.4852237485380272,0.18980896783819518,5.268454970222805,3.7396034038490766,-8.647773771515483,-0.11563669753871864,0.06854277678781191,0.11631063076067896,0.01915708812260531,0.012259029641247598,0.02688277752663582,0.03605596953308117,0.018287603759616203
0.026696329254727758,3.2039197100354073,-0.14376683655348169,-6.955707059937964,0.5250045614321253,0.14621100869585607,6.839430279016618,3.738800042715792,-8.761949646403817,-0.11412985013106436,0.06282102830737338,0.10114131232220906,0.015325670498084452,0.00962646260460598,0.022456492694160467,0.02831312530766465,0.015276525642286033
0.020022246941046262,3.1596508229568707,-0.11235471920992644,-8.900382707837792,0.5765175898597121,0.1138406443109834,8.784208891757999,3.7379598386824884,-8.752489300532108,-0.11425321021977197,0.05345567252258442,0.08500645759765034,0.011494252873563593,0.006463919495341626,0.01756412354014381,0.019011527927475368,0.011948383360642047
0.013348164627363879,3.1073245925166595,-0.08913916875072647,-11.218412893174417,0.6422576278404664,0.09006744495618593,11.102790808448695,3.737147281354469,-8.624942655258941,-0.11594279985041567,0.03390553770007158,0.06831502604651865,0.007662835249042226,0.0032805755110550507,0.012407117939209233,0.00964875150310309,0.00844021628517635
0.0066740823136823835,3.0415471551802358,-0.07189177208830261,-13.909797615945934,0.7247194693940657,0.07248910763382023,13.795176029087216,3.736411236491158,-8.542377795497911,-0.11706342472081133,0.008326250254018444,0.03855613443286933,0.003831417624521368,0.0009542505113676729,0.0073181941265468686,0.0028066191510813907,0.004978363351392428
-0.0,2.8856798083238813,-0.06515155164599153,-15.3488286116901,0.8263979085401888,0.06563911060919214,15.234819465392931,3.7357178616304103,-8.554898954442189,-0.11689208783474214,0.0068679369657548795,0.03128030361968961,-0.0,0.00025070354315896964,0.004113860294420402,0.0007373633622322636,0.0027985444179730624
-0.006674082313681495,,,,,,,3.734970594834301,-8.573334786384292,-0.11664072673193004,,,-0.003831417624520858,,,,
-0.013348164627363879,,,,,,,3.7341263808386,-8.501995256255258,-0.11761944930094614,,,-0.007662835249042226,,,,
-0.020022246941045374,,,,,,,3.7333041689789055,-8.34927329985663,-0.11977090269846258,,,-0.011494252873563083,,,,
-0.02669632925472687,,,,,,,3.7325327106089516,-8.210581276351848,-0.12179405651585284,,,-0.015325670498083942,,,,
-0.03337041156840925,,,,,,,3.731698239841033,-8.129341899322506,-0.12301118742260542,,,-0.01915708812260531,,,,
-0.04004449388209075,,,,,,,3.7308849251811504,-8.126379106747958,-0.12305603601112125,,,-0.022988505747126166,,,,
-0.04671857619577313,,,,,,,3.7300351007411976,-8.214704284541774,-0.12173292736559915,,,-0.026819923371647535,,,,
-0.05339265850945463,,,,,,,3.72921740344745,-8.262531527140546,-0.12102828252034215,,,-0.030651340996168393,,,,
-0.06006674082313612,,,,,,,3.72843205934863,-8.222958690184853,-0.12161072889659863,,,-0.03448275862068925,,,,
-0.0667408231368185,,,,,,,3.727659380764423,-8.1700083960935,-0.12239889502171764,,,-0.03831417624521062,,,,
-0.0734149054505,,,,,,,3.7268059125939454,-8.102181188727172,-0.12342355431292162,,,-0.042145593869731476,,,,
-0.08008898776418238,,,,,,,3.725998610504147,-8.043282652159377,-0.12432734783124033,,,-0.045977011494252845,,,,
-0.08676307007786388,,,,,,,3.7251823140568088,-7.990904384628248,-0.1251422807565632,,,-0.0498084291187737,,,,
-0.09343715239154626,,,,,,,3.7243137977499416,-7.900084922815395,-0.12658091777115033,,,-0.05363984674329507,,,,
-0.10011123470522776,,,,,,,3.723435152096283,-7.802561170308567,-0.128163045206918,,,-0.057471264367815925,,,,
-0.10678531701890925,,,,,,,3.722562253792655,-7.759154921910432,-0.12888001464904164,,,-0.06130268199233679,,,,
-0.11345939933259164,,,,,,,3.7217355618302155,-7.709514050990878,-0.12970986152771502,,,-0.06513409961685815,,,,
-0.12013348164627313,,,,,,,3.7209011128809717,-7.644523908832354,-0.1308125936848228,,,-0.06896551724137902,,,,
-0.12680756395995552,,,,,,,3.7200272738997158,-7.6424329836989955,-0.13084838324823522,,,-0.07279693486590037,,,,
-0.133481646273637,,,,,,,3.7191148702871835,-7.6558322646385415,-0.13061937166764892,,,-0.07662835249042124,,,,
-0.1401557285873194,,,,,,,3.718222771018259,-7.6208497570020866,-0.13121896269916533,,,-0.08045977011494261,,,,
-0.1468298109010009,,,,,,,3.7173571698316707,-7.508268669737989,-0.13318649664608984,,,-0.08429118773946347,,,,
-0.15350389321468239,,,,,,,3.716454020207878,-7.390851950302836,-0.13530239906361885,,,-0.08812260536398432,,,,
-0.16017797552836477,,,,,,,3.715578685026478,-7.341706896152049,-0.13620810720789223,,,-0.09195402298850569,,,,
-0.16685205784204626,,,,,,,3.7147023428441304,-7.346257016767273,-0.13612374270564942,,,-0.09578544061302655,,,,
-0.17352614015572865,,,,,,,3.7137852554778723,-7.340423709952474,-0.13623191787200994,,,-0.09961685823754791,,,,
-0.18020022246941014,,,,,,,3.7128171584800387,-7.309643168501252,-0.1368055836582016,,,-0.10344827586206877,,,,
-0.18687430478309164,,,,,,,3.7118512237092975,-7.267652574684385,-0.13759601050321635,,,-0.10727969348658963,,,,
-0.19354838709677402,,,,,,,3.7109569050122078,-7.177118379829738,-0.13933168537533902,,,-0.111111111111111,,,,
-0.20022246941045552,,,,,,,3.710077813903826,-7.099453008395257,-0.14085592211364428,,,-0.11494252873563185,,,,
-0.2068965517241379,,,,,,,3.709182583682772,-7.091098500143508,-0.14102187411157274,,,-0.11877394636015322,,,,
-0.2135706340378194,,,,,,,3.7082189633317415,-7.074811487232698,-0.1413465223496928,,,-0.12260536398467409,,,,
-0.22024471635150178,,,,,,,3.7072489589652307,-7.014093477353733,-0.14257009879162297,,,-0.12643678160919544,,,,
-0.22691879866518327,,,,,,,3.7062344699346204,-6.942684913581242,-0.144036494878776,,,-0.1302681992337163,,,,
-0.23359288097886477,,,,,,,3.7052634184972857,-6.90957828257552,-0.14472663295845223,,,-0.13409961685823715,,,,
-0.24026696329254715,,,,,,,3.7043435696459523,-6.90050576647586,-0.14491691389611105,,,-0.13793103448275854,,,,
-0.24694104560622865,,,,,,,3.7033903121317318,-6.912473460247746,-0.1446660165497633,,,-0.1417624521072794,,,,
-0.25361512791991103,,,,,,,3.702395705398325,-6.924181669103174,-0.14442139848267743,,,-0.14559386973180075,,,,
-0.2602892102335925,,,,,,,3.7014603428571355,-6.889584078450947,-0.14514664290516066,,,-0.14942528735632163,,,,
-0.2669632925472749,,,,,,,3.700499614561533,-6.813968109094298,-0.14675736428313257,,,-0.15325670498084298,,,,
-0.2736373748609564,,,,,,,3.6995114782815435,-6.731311695436191,-0.14855945545917848,,,-0.15708812260536384,,,,
-0.2803114571746379,,,,,,,3.6984712857879924,-6.688855605607067,-0.14950240503947043,,,-0.1609195402298847,,,,
-0.2869855394883203,,,,,,,3.6975039937786365,-6.649394894811751,-0.15038962429201774,,,-0.16475095785440608,,,,
-0.2936596218020018,,,,,,,3.6964731886035316,-6.594973200246212,-0.15163063891793627,,,-0.16858237547892693,,,,
-0.30033370411568416,,,,,,,3.695461194204576,-6.574026761934705,-0.15211377078509258,,,-0.1724137931034483,,,,
-0.30700778642936566,,,,,,,3.694454894343982,-6.5979293711963,-0.15156270152959905,,,-0.17624521072796914,,,,
-0.31368186874304715,,,,,,,3.6934609053873313,-6.626863418589899,-0.1509009522053475,,,-0.18007662835249,,,,
-0.32035595105672954,,,,,,,3.6924249004482976,-6.602992519842231,-0.15144648384728043,,,-0.18390804597701138,,,,
-0.32703003337041103,,,,,,,3.6913994264001624,-6.541795465698076,-0.15286323231038068,,,-0.18773946360153224,,,,
-0.3337041156840934,,,,,,,3.6904093368068365,-6.49052670635243,-0.1540707010759661,,,-0.1915708812260536,,,,
-0.3403781979977749,,,,,,,3.689400104402512,-6.475118080467759,-0.1544373380643833,,,-0.19540229885057447,,,,
-0.3470522803114573,,,,,,,3.6883757033216424,-6.4786625830456295,-0.1543528447703011,,,-0.19923371647509583,,,,
-0.3537263626251388,,,,,,,3.6873185306877114,-6.474085325202425,-0.15446197412740048,,,-0.20306513409961668,,,,
-0.3604004449388203,,,,,,,3.6862344908050755,-6.466700833533539,-0.15463835822038163,,,-0.20689655172413754,,,,
-0.36707452725250267,,,,,,,3.6851902675001336,-6.475207597041665,-0.15443520304381764,,,-0.21072796934865892,,,,
-0.37374860956618416,,,,,,,3.6842192772851368,-6.504010499405958,-0.15375128931469817,,,-0.21455938697317978,,,,
-0.38042269187986655,,,,,,,3.6832352558373582,-6.540452360985143,-0.152894623308498,,,-0.21839080459770113,,,,
-0.38709677419354804,,,,,,,3.6821712707982295,-6.570156943315461,-0.15220336570763493,,,-0.222222222222222,,,,
-0.3937708565072304,,,,,,,3.68115109019018,-6.580429876590692,-0.15196575584786842,,,-0.22605363984674337,,,,
-0.4004449388209119,,,,,,,3.6801468498285974,-6.5772527880155955,-0.1520391616728034,,,-0.22988505747126423,,,,
-0.4071190211345934,,,,,,,3.6791566642492084,-6.555094123595044,-0.1525531107784559,,,-0.23371647509578508,,,,
-0.4137931034482758,,,,,,,3.678094880579767,-6.5500453386124935,-0.15267069894997576,,,-0.23754789272030644,,,,
-0.4204671857619573,,,,,,,3.677091516757908,-6.571258956794155,-0.15217784089395536,,,-0.2413793103448273,,,,
-0.4271412680756397,,,,,,,3.6760529639129724,-6.588068668775644,-0.15178955324790877,,,-0.24521072796934867,,,,
-0.4338153503893212,,,,,,,3.6750756066585626,-6.584637325534531,-0.15186865282953477,,,-0.24904214559386953,,,,
-0.44048943270300267,,,,,,,3.6740703046637755,-6.564303802907671,-0.15233907966859306,,,-0.2528735632183904,,,,
-0.44716351501668505,,,,,,,3.673040579087934,-6.567516369358691,-0.15226456148104717,,,-0.25670498084291177,,,,
-0.45383759733036655,,,,,,,3.6720120808904517,-6.589137974417329,-0.15176492037085154,,,-0.2605363984674326,,,,
-0.46051167964404893,,,,,,,3.671007490712031,-6.603346777290192,-0.1514383590210855,,,-0.264367816091954,,,,
-0.4671857619577304,,,,,,,3.6700182337998295,-6.603797407991535,-0.15142802515259746,,,-0.26819923371647486,,,,
-0.4738598442714128,,,,,,,3.6689672963798854,-6.622623101548877,-0.15099757070066744,,,-0.2720306513409962,,,,
-0.4805339265850943,,,,,,,3.6679525581345156,-6.697826809202991,-0.14930215851893536,,,-0.27586206896551707,,,,
-0.4872080088987758,,,,,,,3.6669959760546313,-6.752891308753006,-0.14808471723864614,,,-0.2796934865900379,,,,
-0.4938820912124582,,,,,,,3.666020680648854,-6.753393776584035,-0.14807369939944692,,,-0.2835249042145593,,,,
-0.5005561735261397,,,,,,,3.6650040314303767,-6.722564025860342,-0.14875276697301842,,,-0.28735632183908016,,,,
-0.5072302558398221,,,,,,,3.664019361462813,-6.719387914048107,-0.1488230792434706,,,-0.2911877394636015,,,,
-0.5139043381535036,,,,,,,3.6630593570578527,-6.734417870373708,-0.14849093407156033,,,-0.2950191570881224,,,,
-0.5205784204671859,,,,,,,3.662086330496841,-6.749367860392253,-0.1481620235679202,,,-0.29885057471264376,,,,
-0.5272525027808674,,,,,,,3.6610366003675976,-6.782748135297815,-0.14743286645068565,,,-0.3026819923371646,,,,
-0.5339265850945489,,,,,,,3.660030033705713,-6.803558314764252,-0.1469819106025625,,,-0.30651340996168547,,,,
-0.5406006674082313,,,,,,,3.6590391562876783,-6.82420643349323,-0.14653718490870915,,,-0.31034482758620685,,,,
-0.5472747497219128,,,,,,,3.658138383612647,-6.883914758385225,-0.14526617994243907,,,-0.3141762452107277,,,,
-0.5539488320355952,,,,,,,3.6571877125232746,-7.003467884033159,-0.14278640475811244,,,-0.31800766283524906,,,,
-0.5606229143492767,,,,,,,3.656244206765364,-7.1269572983780805,-0.14031233219645856,,,-0.3218390804597699,,,,
-0.5672969966629582,,,,,,,3.6552349010166725,-7.185468946762931,-0.13916976155752536,,,-0.32567049808429077,,,,
-0.5739710789766406,,,,,,,3.654304277317131,-7.2081646466359075,-0.1387315702432943,,,-0.32950191570881215,,,,
-0.5806451612903221,,,,,,,3.6534268006522743,-7.242901707731346,-0.13806621163070076,,,-0.333333333333333,,,,
-0.5873192436040044,,,,,,,3.6525436066010526,-7.317126479119284,-0.1366656709917038,,,-0.33716475095785436,,,,
-0.5939933259176859,,,,,,,3.6516227144056423,-7.369648599532976,-0.13569168007052212,,,-0.3409961685823752,,,,
-0.6006674082313683,,,,,,,3.6506755260943735,-7.370399005664544,-0.13567786482542488,,,-0.3448275862068966,,,,
-0.6073414905450498,,,,,,,3.649780585668417,-7.3479578095606675,-0.13609223486542987,,,-0.34865900383141746,,,,
-0.6140155728587313,,,,,,,3.6488961439336403,-7.3160458174767005,-0.13668585803702626,,,-0.3524904214559383,,,,
-0.6206896551724137,,,,,,,3.648001580373173,-7.305139326108669,-0.13688992849540682,,,-0.35632183908045967,,,,
-0.6273637374860952,,,,,,,3.647067842581169,-7.348829835774855,-0.13607608590035625,,,-0.36015325670498055,,,,
-0.6340378197997776,,,,,,,3.646118787461442,-7.479703837221951,-0.1336951330911802,,,-0.3639846743295019,,,,
-0.6407119021134591,,,,,,,3.6452480683356994,-7.604764055315017,-0.13149651885663616,,,-0.36781609195402276,,,,
-0.6473859844271415,,,,,,,3.6443899063003165,-7.680325633646601,-0.13020281270615897,,,-0.37164750957854414,,,,
-0.654060066740823,,,,,,,3.6435099342755244,-7.774094460567777,-0.12863234490811237,,,-0.37547892720306497,,,,
-0.6607341490545044,,,,,,,3.6426360965664726,-7.881378171097885,-0.12688136240780068,,,-0.37931034482758585,,,,
-0.6674082313681868,,,,,,,3.641864125474619,-7.940094552983701,-0.12594308459767944,,,-0.3831417624521072,,,,
-0.6740823136818683,,,,,,,3.6410590354485524,-7.936385823253432,-0.12600193869985787,,,-0.38697318007662806,,,,
-0.6807563959955507,,,,,,,3.6401662212322843,-7.9163933701912494,-0.12632015025496912,,,-0.39080459770114945,,,,
-0.6874304783092322,,,,,,,3.639285534447531,-7.876108271695648,-0.12696625865260103,,,-0.3946360153256703,,,,
-0.6941045606229137,,,,,,,3.6384565865752165,-7.823577553230782,-0.127818762349591,,,-0.39846743295019116,,,,
-0.7007786429365961,,,,,,,3.637597053972796,-7.804121392276103,-0.12813742248931703,,,-0.40229885057471254,,,,
-0.7074527252502776,,,,,,,3.6367525101372244,-7.832709469667539,-0.1276697423634232,,,-0.40613026819923337,,,,
-0.71412680756396,,,,,,,3.63590974417802,-7.897939251490733,-0.12661530662080622,,,-0.40996168582375475,,,,
-0.7208008898776415,,,,,,,3.6350385556073284,-7.9031038269630045,-0.1265325651661442,,,-0.4137931034482756,,,,
-0.7274749721913238,,,,,,,3.634170921469778,-7.821743902338476,-0.1278487268933759,,,-0.41762452107279696,,,,
-0.7341490545050053,,,,,,,3.6333779434876736,-7.765284829752951,-0.1287782768982879,,,-0.42145593869731784,,,,
-0.7408231368186868,,,,,,,3.632536373159753,-7.730206089204549,-0.12936265714785122,,,-0.42528735632183867,,,,
-0.7474972191323692,,,,,,,3.6316280285362446,-7.668613513774593,-0.13040166885497229,,,-0.42911877394636005,,,,
-0.7541713014460507,,,,,,,3.6307415403239407,-7.576162102746385,-0.13199295189809845,,,-0.4329501915708809,,,,
-0.7608453837597331,,,,,,,3.6298389154881083,-7.453491340581996,-0.13416531318085845,,,-0.43678160919540227,,,,
-0.7675194660734146,,,,,,,3.6289414880966464,-7.307216581711363,-0.1368510141745105,,,-0.44061302681992315,,,,
-0.774193548387097,,,,,,,3.6280636049738737,-7.206005267116235,-0.13877314308433597,,,-0.4444444444444445,,,,
-0.7808676307007785,,,,,,,3.627125596503905,-7.140845659775084,-0.14003943617393588,,,-0.44827586206896536,,,,
-0.78754171301446,,,,,,,3.626167971789282,-7.032485731660357,-0.142197231271723,,,-0.45210727969348624,,,,
-0.7942157953281423,,,,,,,3.625177250472236,-6.904921876745277,-0.1448242308675276,,,-0.45593869731800757,,,,
-0.8008898776418238,,,,,,,3.624218149364426,-6.7564832627424805,-0.14800599085538124,,,-0.45977011494252845,,,,
-0.8075639599555062,,,,,,,3.6232020345349323,-6.577681128501017,-0.15202926083890134,,,-0.46360153256704983,,,,
-0.8142380422691877,,,,,,,3.622195663960165,-6.418313312879322,-0.15580417334774666,,,-0.46743295019157066,,,,
-0.8209121245828692,,,,,,,3.621101922671234,-5.882254699519608,-0.17000283923130155,,,-0.47126436781609155,,,,
-0.8275862068965516,,,,,,,3.6200034452834657,-7.9600833274620735,-0.12562682560746907,,,-0.47509578544061287,,,,
-0.8342602892102331,,,,,,,3.618800869002812,8.443067415103007,0.11844036661500468,,,-0.47892720306513376,,,,
-0.8409343715239155,,,,,,,3.617509224818314,6.442085752409256,0.15522922830172092,,,-0.48275862068965514,,,,
-0.847608453837597,,,,,,,3.6160845987008794,-5.766881351542828,-0.17340394903953893,,,-0.48659003831417597,,,,
-0.8542825361512794,,,,,,,3.6144972276555123,-1.647688711735384,-0.6069107549731143,,,-0.49042145593869735,,,,
-0.8609566184649609,,,,,,,3.612523533524042,-0.8375940441417942,-1.1938957863825408,,,-0.4942528735632182,,,,
-0.8676307007786423,,,,,,,3.611801486523558,-0.5169671077766465,-1.9343590432682731,,,-0.49808429118773906,,,,
-0.8743047830923247,,,,,,,3.599769312458519,-0.35356921619104126,-2.828300525630823,,,-0.5019157088122604,,,,
-0.8809788654060062,,,,,,,3.5545531101073298,-0.30178285860202364,-3.3136408231812484,,,-0.5057471264367813,,,,
-0.8876529477196886,,,,,,,,,,,,-0.5095785440613027,,,,
-0.8943270300333701,,,,,,,,,,,,-0.5134099616858235,,,,
-0.9010011123470525,,,,,,,,,,,,-0.5172413793103449,,,,
-0.907675194660734,,,,,,,,,,,,-0.5210727969348657,,,,
-0.9143492769744155,,,,,,,,,,,,-0.5249042145593866,,,,
-0.9210233592880979,,,,,,,,,,,,-0.528735632183908,,,,
-0.9276974416017794,,,,,,,,,,,,-0.5325670498084288,,,,
-0.9343715239154617,,,,,,,,,,,,-0.5363984674329502,,,,
-0.9410456062291432,,,,,,,,,,,,-0.540229885057471,,,,
-0.9477196885428247,,,,,,,,,,,,-0.5440613026819919,,,,
-0.9543937708565071,,,,,,,,,,,,-0.5478927203065133,,,,
-0.9610678531701886,,,,,,,,,,,,-0.5517241379310341,,,,
-0.967741935483871,,,,,,,,,,,,-0.5555555555555555,,,,
-0.9744160177975525,,,,,,,,,,,,-0.5593869731800764,,,,
-0.9810901001112349,,,,,,,,,,,,-0.5632183908045977,,,,
-0.9877641824249164,,,,,,,,,,,,-0.5670498084291186,,,,
-0.9944382647385979,,,,,,,,,,,,-0.5708812260536394,,,,
-1.0011123470522802,,,,,,,,,,,,-0.5747126436781608,,,,
-1.0077864293659617,,,,,,,,,,,,-0.5785440613026817,,,,
-1.0144605116796441,,,,,,,,,,,,-0.582375478927203,,,,
-1.0211345939933256,,,,,,,,,,,,-0.5862068965517239,,,,
-1.0278086763070071,,,,,,,,,,,,-0.5900383141762447,,,,
-1.0344827586206895,,,,,,,,,,,,-0.5938697318007661,,,,
-1.041156840934371,,,,,,,,,,,,-0.597701149425287,,,,
-1.0478309232480534,,,,,,,,,,,,-0.6015325670498084,,,,
-1.0545050055617349,,,,,,,,,,,,-0.6053639846743292,,,,
-1.0611790878754173,,,,,,,,,,,,-0.6091954022988506,,,,
-1.0678531701890988,,,,,,,,,,,,-0.6130268199233714,,,,
-1.0745272525027803,,,,,,,,,,,,-0.6168582375478923,,,,
-1.0812013348164626,,,,,,,,,,,,-0.6206896551724137,,,,
-1.0878754171301441,,,,,,,,,,,,-0.6245210727969345,,,,
-1.0945494994438265,,,,,,,,,,,,-0.6283524904214559,,,,
-1.101223581757508,,,,,,,,,,,,-0.6321839080459767,,,,
-1.1078976640711904,,,,,,,,,,,,-0.6360153256704981,,,,
-1.1145717463848719,,,,,,,,,,,,-0.639846743295019,,,,
-1.1212458286985534,,,,,,,,,,,,-0.6436781609195398,,,,
-1.1279199110122358,,,,,,,,,,,,-0.6475095785440612,,,,
-1.1345939933259173,,,,,,,,,,,,-0.6513409961685821,,,,
-1.1412680756395996,,,,,,,,,,,,-0.6551724137931034,,,,
-1.1479421579532811,,,,,,,,,,,,-0.6590038314176243,,,,
-1.1546162402669626,,,,,,,,,,,,-0.6628352490421451,,,,
-1.161290322580645,,,,,,,,,,,,-0.6666666666666665,,,,
-1.1679644048943265,,,,,,,,,,,,-0.6704980842911874,,,,
-1.174638487208009,,,,,,,,,,,,-0.6743295019157087,,,,
-1.1813125695216904,,,,,,,,,,,,-0.6781609195402296,,,,
-1.1879866518353728,,,,,,,,,,,,-0.6819923371647509,,,,
-1.1946607341490543,,,,,,,,,,,,-0.6858237547892718,,,,
-1.2013348164627358,,,,,,,,,,,,-0.6896551724137927,,,,
-1.2080088987764181,,,,,,,,,,,,-0.693486590038314,,,,
-1.2146829810900996,,,,,,,,,,,,-0.6973180076628349,,,,
-1.221357063403782,,,,,,,,,,,,-0.7011494252873562,,,,
-1.2280311457174635,,,,,,,,,,,,-0.7049808429118771,,,,
-1.234705228031146,,,,,,,,,,,,-0.7088122605363985,,,,
-1.2413793103448274,,,,,,,,,,,,-0.7126436781609193,,,,
-1.248053392658509,,,,,,,,,,,,-0.7164750957854402,,,,
