sto_common,p_si_original,p_si_reconstructed_deformed,si_scale_a,si_shift_b,dUdx_si_original,dUdx_si_reconstructed_deformed,x_anode_common,p_anode_reconstructed,dUdx_anode_reconstructed
0.0,1.0,1.0,0.91,0.029,-177.67052081056616,-235.43628603169995,2.652158612913766e-06,1.0000000000000002,-72.4351248671566
0.001001001001001001,0.8221516308202541,0.7643280420103103,0.91,0.029,-103.3559775420618,-129.75084008963637,0.0010036505048004883,0.927492559802086,-72.49151813507149
0.002002002002002002,0.7930811260419184,0.7402385583791063,0.91,0.029,-25.849677990515602,-21.6764692720281,0.002004648850988063,0.854872220468334,-69.10877521400539
0.003003003003003003,0.7704005237321347,0.7209317071313752,0.91,0.029,-20.680644351403828,-17.67874753565269,0.0030056471971756375,0.7891370204095496,-55.6154820882856
0.004004004004004004,0.7516784346477164,0.7048456704198417,0.91,0.029,-17.360018854395946,-14.98020992901263,0.004006645543363213,0.7435302092827368,-37.859992015551654
0.005005005005005005,0.7356457312308416,0.6909412968630816,0.91,0.029,-15.045854006761715,-13.12026929456664,0.005007643889550787,0.7133414416210656,-26.817600150131568
0.006006006006006006,0.7215566048043497,0.678578865025314,0.91,0.029,-13.34220781636185,-11.750970118646933,0.006008642235738362,0.6898414624847342,-21.392108793246962
0.007007007007007007,0.7089346044713585,0.6674158311600847,0.91,0.029,-12.037599881106985,-10.642154112488754,0.007009640581925936,0.6705145105740559,-18.358263193570338
0.008008008008008008,0.6974573057430744,0.6572732511864976,0.91,0.029,-11.008472629544826,-9.762176201856335,0.00801063892811351,0.653088280293454,-16.88240708906585
0.009009009009009009,0.6868956202280254,0.6478719348600721,0.91,0.029,-10.178196972223645,-9.083900365993884,0.009011637274301085,0.6367159874224152,-15.88607430386594
0.01001001001001001,0.677080535027912,0.6390872644677911,0.91,0.029,-9.496070479061075,-8.506250179231188,0.01001263562048866,0.6212844120822886,-14.997770344510798
0.011011011011011011,0.6678844681177931,0.6308424049717214,0.91,0.029,-8.927552196822944,-8.012148775244725,0.011013633966676234,0.6066905007997024,-14.192959964821341
0.012012012012012012,0.6592075576568951,0.6230469265794133,0.91,0.029,-8.447749079156267,-7.60564452748946,0.012014632312863809,0.5928701531777033,-13.406047804861998
0.013013013013013013,0.6509720575489116,0.615615889401172,0.91,0.029,-8.03919098528604,-7.266082576837334,0.013015630659051383,0.5798516374365456,-12.715950706753858
0.014014014014014014,0.643113081209876,0.608500214713873,0.91,0.029,-7.689034459625191,-6.960364753890019,0.014016629005238958,0.5674128619223767,-12.194133509644473
0.015015015015015015,0.6355785951672797,0.60168122522922,0.91,0.029,-7.386462975835684,-6.69640658799409,0.015017627351426532,0.5554390224838563,-11.775977221045707
0.016016016016016016,0.6283253675445393,0.5950939953184895,0.91,0.029,-7.123856292648156,-6.479344198592457,0.016018625697614107,0.543837394476358,-11.357528954731833
0.017017017017017015,0.6213166206074235,0.5887095651719778,0.91,0.029,-6.895661674795576,-6.285294804220655,0.01701962404380168,0.5327012870829283,-10.988687294740203
0.018018018018018018,0.61452023906647,0.5825108225372669,0.91,0.029,-6.696290372244391,-6.112463642016337,0.018020622389989256,0.5218380788587433,-10.713291953749234
0.01901901901901902,0.6079106338762036,0.5764724007234966,0.91,0.029,-6.522129266989566,-5.965748816820735,0.01902162073617683,0.511253312027073,-10.422559777372385
0.02002002002002002,0.6014629232166411,0.5705673814625508,0.91,0.029,-6.370086976115601,-5.840773364500137,0.020022619082364405,0.5009721486583616,-10.09426238602947
0.02102102102102102,0.5951577069970932,0.5647791607545274,0.91,0.029,-6.237137326262086,-5.727400662661694,0.02102361742855198,0.49104463211827515,-9.75726178891955
0.022022022022022022,0.588976161802703,0.5591011138696345,0.91,0.029,-6.121420285579973,-5.62901069164252,0.022024615774739555,0.4814381428303062,-9.460093445237135
0.023023023023023025,0.5829026113302664,0.5535098700805683,0.91,0.029,-6.020687185833083,-5.54820808308574,0.02302561412092713,0.47210555633135054,-9.17123296342433
0.024024024024024024,0.5769227340032375,0.5479935901797732,0.91,0.029,-5.933489528848895,-5.477059522544096,0.024026612467114704,0.46307736477252875,-8.796944695109488
0.025025025025025023,0.5710237534146531,0.5425447859513509,0.91,0.029,-5.858207243163463,-5.414702424457857,0.02502761081330228,0.45449410214873426,-8.392436074147014
0.026026026026026026,0.5651945913742814,0.5371533450857634,0.91,0.029,-5.793501068572027,-5.362655651891885,0.026028609159489853,0.44627573551111654,-7.996295101963341
0.02702702702702703,0.5594251526767712,0.5318087386002159,0.91,0.029,-5.7378969965983515,-5.319145576526921,0.027029607505677428,0.43848554580334803,-7.5652856158932025
0.028028028028028028,0.5537073100998103,0.5265044049926164,0.91,0.029,-5.690228699169211,-5.279921286969625,0.028030605851865002,0.43113005873122506,-7.114977381341276
0.029029029029029027,0.5480333034291852,0.5212383256132898,0.91,0.029,-5.649122550844083,-5.245260682948526,0.029031604198052577,0.42424138461957883,-6.68684458121237
0.03003003003003003,0.5423977554434658,0.516003382604331,0.91,0.029,-5.612915127438782,-5.214959816759034,0.03003260254424015,0.4177430179972112,-6.355009247008155
0.031031031031031032,0.5367962361069855,0.5107979656197782,0.91,0.029,-5.580091601899937,-5.184920365511289,0.031033600890427726,0.411518677127055,-6.106438879702409
0.03203203203203203,0.5312264008851076,0.5056231616523565,0.91,0.029,-5.548716446682192,-5.1525545139640485,0.0320345992366153,0.405517947557856,-5.892292061483374
0.03303303303303303,0.5256876946721863,0.5004825411673978,0.91,0.029,-5.51669316144671,-5.116950786101114,0.033035597582802875,0.39972232790945694,-5.736654885883183
0.03403403403403403,0.5201819701314606,0.4953790159344364,0.91,0.029,-5.481595559670893,-5.076043175451019,0.03403659592899045,0.3940331834510201,-5.654385876150769
0.035035035035035036,0.5147135293875599,0.49032029256789617,0.91,0.029,-5.440926083743818,-5.023535281753027,0.035037594275178024,0.38840226608799033,-5.56358985172983
0.036036036036036036,0.5092892252190606,0.48532188824323913,0.91,0.029,-5.391714240910005,-4.958381033755899,0.0360385926213656,0.382894894970125,-5.466332492313285
0.037037037037037035,0.5039193066830354,0.4803936038116281,0.91,0.029,-5.3313093492196515,-4.8815207864311105,0.037039590967553174,0.3774586865189563,-5.385186057802628
0.03803803803803804,0.49861593322863085,0.47554907385598966,0.91,0.029,-5.257418992656341,-4.787766489588165,0.03804058931374075,0.3721137702945794,-5.267235486923056
0.03903903903903904,0.493393943334374,0.47080848571435446,0.91,0.029,-5.167542988252535,-4.674005013179766,0.03904158765992832,0.3669136984961754,-5.133336770666148
0.04004004004004004,0.48827050182071785,0.4661917064622364,0.91,0.029,-5.060840598765395,-4.545798570314531,0.0400425860061159,0.36183684705885805,-4.989070778060352
0.04104104104104104,0.48326213032383264,0.46170778787588695,0.91,0.029,-4.937387302874384,-4.40750395316482,0.04104358435230347,0.356925595300473,-4.815991196219954
0.04204204204204204,0.4783858425557041,0.4573678747241687,0.91,0.029,-4.7974130376966855,-4.2522641514326835,0.04204458269849105,0.35219524861351786,-4.634007473459576
0.043043043043043044,0.4736576998179334,0.45319474653167735,0.91,0.029,-4.644787221365533,-4.087822894867941,0.04304558104467862,0.3476483276661652,-4.4378062705415005
0.044044044044044044,0.4690869692396569,0.44918404510481336,0.91,0.029,-4.482217182416008,-3.927217543029542,0.044046579390866196,0.3433107751384921,-4.208856611466501
0.04504504504504504,0.46468429204532874,0.44533244914823483,0.91,0.029,-4.312923122679223,-3.765473524397862,0.04504757773705377,0.339222210651328,-3.979660815455219
0.04604604604604605,0.4604524885135724,0.4416455595704833,0.91,0.029,-4.143076977482849,-3.6022422384633614,0.046048576083241345,0.3353435073491758,-3.777832820885351
0.04704704704704705,0.4563898436419596,0.43812075297513503,0.91,0.029,-3.9735999770027206,-3.449705017911043,0.04704957442942892,0.33165900183956926,-3.5841755914886733
0.04804804804804805,0.45249733340445786,0.43473924321830903,0.91,0.029,-3.80838617208272,-3.3103017219380035,0.048050572775616494,0.32816799967012367,-3.3764147620682934
0.04904904904904905,0.4487654469010533,0.43149352230058446,0.91,0.029,-3.6531331877765467,-3.1738839990229906,0.04905157112180407,0.32489943065382193,-3.1895989405276453
0.050050050050050046,0.4451837534489493,0.42838512109814286,0.91,0.029,-3.505326740035315,-3.048178996792359,0.050052569467991644,0.32178243314118404,-3.0418216462768157
0.05105105105105105,0.4417477757498315,0.42539106184654574,0.91,0.029,-3.367643020500566,-2.939294730763521,0.05105356781417922,0.3188097137791806,-2.8938159652684874
0.05205205205205205,0.4384417253798791,0.4225006471626804,0.91,0.029,-3.242423307486945,-2.8389007614577224,0.05205456616036679,0.31598902315037414,-2.7402441770794326
0.05305305305305305,0.43525643779690465,0.41970757683862236,0.91,0.029,-3.127793456227664,-2.7460703681196605,0.05305556450655437,0.3133237540003673,-2.6034573077124605
0.05405405405405406,0.43217987661866253,0.41700300878806645,0.91,0.029,-3.023371909005533,-2.6652878138228004,0.05405656285274194,0.31077691023159393,-2.4789897377188197
0.055055055055055056,0.42920364118227894,0.41437166529943753,0.91,0.029,-2.929209695833663,-2.595759104208895,0.05505756119892952,0.3083608247450223,-2.3630403943355134
0.056056056056056056,0.42631559294331983,0.41180629386472534,0.91,0.029,-2.8461714922644035,-2.5317618224494254,0.05605855954511709,0.3060461111781853,-2.264965923261883
0.057057057057057055,0.42350560015672456,0.40930307306230157,0.91,0.029,-2.772059085946296,-2.475801477825229,0.057059557891304666,0.30382637045830957,-2.174476677404016
0.058058058058058054,0.4207659251035875,0.40684973434955973,0.91,0.029,-2.7063492879956073,-2.429467805693463,0.05806055623749224,0.3016928160623756,-2.090785625770792
0.05905905905905906,0.4180874834640406,0.4044392736515039,0.91,0.029,-2.6491088682913073,-2.389137451585725,0.059061554583679815,0.29964062455105095,-1.9999755294050203
0.06006006006006006,0.41546240384574706,0.40206667638842714,0.91,0.029,-2.5992322547623985,-2.3536803391837964,0.06006255292986739,0.2976888716676755,-1.914012930137602
0.06106106106106106,0.4128838152863381,0.3997272009003852,0.91,0.029,-2.556334436017721,-2.324509038464356,0.061063551276054964,0.2958087769957522,-1.8472850057082155
0.062062062062062065,0.4103446171870529,0.39741300463974977,0.91,0.029,-2.519489589358642,-2.3013083446164444,0.06206454962224254,0.29399061319637343,-1.7816313934859807
0.06306306306306306,0.4078397920844189,0.3951199769872392,0.91,0.029,-2.4883720192031547,-2.281412204775762,0.06306554796843011,0.29224195683896154,-1.7196518655415503
0.06406406406406406,0.40536289142288245,0.3928456128383969,0.91,0.029,-2.4626083193908244,-2.265155643547871,0.0640665463146177,0.2905478758495225,-1.6675487404692717
0.06506506506506507,0.40290964529885165,0.3905851308540102,0.91,0.029,-2.4414034617632865,-2.2528847844363042,0.06506754466080528,0.2889035297761677,-1.617692363604931
0.06606606606606606,0.4004751968047377,0.38833533298967554,0.91,0.029,-2.424110251123011,-2.2431678022889514,0.06606854300699284,0.28730926108830496,-1.5711268072522557
0.06706706706706707,0.39805657172302983,0.3860943044230013,0.91,0.029,-2.4100807788691725,-2.2350952211952233,0.06706954135318041,0.2857581391047468,-1.5292694310714126
0.06806806806806806,0.39565021026045505,0.3838606678821776,0.91,0.029,-2.399166039425296,-2.228386812716309,0.068070539699368,0.2842476687455495,-1.4885861335598918
0.06906906906906907,0.39325343650896516,0.3816330695627084,0.91,0.029,-2.3904003383233317,-2.222411582068844,0.06907153804555557,0.28277799458904435,-1.4452894933932328
0.07007007007007007,0.39086462399754546,0.3794113954456033,0.91,0.029,-2.383167133652705,-2.215998918739473,0.07007253639174314,0.2813542039602518,-1.4065092112701052
0.07107107107107107,0.38848233113628705,0.3771966352909577,0.91,0.029,-2.376694235379091,-2.2085615947506483,0.07107353473793071,0.27996216780028643,-1.3756982837890916
0.07207207207207207,0.38610647738016995,0.37498985071136776,0.91,0.029,-2.3702542860434335,-2.1997051058289685,0.07207453308411829,0.27860006054639985,-1.342863073909598
0.07307307307307308,0.3837370773103742,0.3727928212652741,0.91,0.029,-2.3632867558108615,-2.1883575174333885,0.07307553143030587,0.27727376036800666,-1.3104892258050995
0.07407407407407407,0.38137517256373177,0.37060875458037,0.91,0.029,-2.354910077250395,-2.1731685566245744,0.07407652977649344,0.2759764654509448,-1.2841047956375178
0.07507507507507508,0.37902254262118423,0.3684421334642239,0.91,0.029,-2.344347017547733,-2.1545153136658826,0.07507752812268101,0.2747029868144773,-1.2607319701414497
0.07607607607607608,0.37668178514121375,0.3662954106090669,0.91,0.029,-2.330847860656206,-2.1328106714967987,0.07607852646886859,0.27345248421674995,-1.2383195644599994
0.07707707707707707,0.3743561805377884,0.36417224222999606,0.91,0.029,-2.3137452974518737,-2.106000024776421,0.07707952481505617,0.27222387514232493,-1.2172161176585234
0.07807807807807808,0.37204966242359244,0.3620791943432483,0.91,0.029,-2.292866850807769,-2.07419242293102,0.07808052316124374,0.2710156215752919,-1.1977751499332214
0.07907907907907907,0.3697658565121472,0.3600197048467508,0.91,0.029,-2.268030844403995,-2.0388282999761884,0.07908152150743131,0.2698259332539495,-1.179544509396635
0.08008008008008008,0.3675090601324934,0.3579974560049577,0.91,0.029,-2.239108469793564,-2.0000233833756624,0.08008251985361889,0.26865417736897057,-1.1595599350978034
0.08108108108108109,0.36528315687292084,0.35601565402918184,0.91,0.029,-2.2046092810698212,-1.956766508655818,0.08108351819980647,0.2675044980992729,-1.139579895094272
0.08208208208208208,0.3630954279381594,0.3540800055371782,0.91,0.029,-2.1657569051233736,-1.9110184727049955,0.08208451654599404,0.26637274218829465,-1.1237748611145832
0.08308308308308308,0.3609473072130142,0.3521897912209636,0.91,0.029,-2.12428203473641,-1.8646633224319373,0.0830855148921816,0.2652547045443472,-1.1104287216294324
0.08408408408408408,0.35884261105180026,0.3503469458326098,0.91,0.029,-2.0793602818606587,-1.8135073183699433,0.08408651323836919,0.26414966756047414,-1.0954555297728348
0.08508508508508508,0.35678442376584574,0.3485591459389417,0.91,0.029,-2.0316538740623002,-1.7610129682466606,0.08508751158455677,0.26306160619709784,-1.0799987798015422
0.08608608608608609,0.3547752359285524,0.34682139434462844,0.91,0.029,-1.9810862123208324,-1.7113827013592982,0.08608850993074434,0.2619875135755423,-1.067781758646106
0.08708708708708708,0.35281828520264086,0.34513295434462876,0.91,0.029,-1.9286040976415109,-1.6615162342832832,0.0870895082769319,0.2609239106481098,-1.0575220357397654
0.08808808808808809,0.3509141666640049,0.3434950355172345,0.91,0.029,-1.8757464102477854,-1.6097339333815341,0.08809050662311949,0.2598703579578774,-1.04701220798907
0.0890890890890891,0.3490630371340767,0.3419102637873084,0.91,0.029,-1.8228256270799932,-1.5589818883547935,0.08909150496930707,0.2588277956708393,-1.0352563249829814
0.09009009009009009,0.34726486610929014,0.34037395065566334,0.91,0.029,-1.7701554074667456,-1.5109585251531996,0.09009250331549463,0.25779777821950106,-1.0249617407516212
0.09109109109109109,0.3455191824644736,0.3388853217950097,0.91,0.029,-1.7173837478913185,-1.4628429806344627,0.0910935016616822,0.25677582565604345,-1.017275040159916
0.0920920920920921,0.343826660407806,0.3374453360798186,0.91,0.029,-1.665685321535591,-1.4162085959621038,0.09209450000786978,0.25576119695386507,-1.0100596111069535
0.09309309309309309,0.34218447711605404,0.3360500693506411,0.91,0.029,-1.6140881000193872,-1.372978831920193,0.09309549835405737,0.2547536896555056,-1.0021609284197694
0.0940940940940941,0.3405952528001596,0.334696629709608,0.91,0.029,-1.5641656291124946,-1.3316650740534612,0.09409649670024493,0.25375487408994113,-0.9947373023134816
0.09509509509509509,0.3390530143951081,0.3333840732063899,0.91,0.029,-1.5170362273942715,-1.2894329960187463,0.0950974950464325,0.25276222886649186,-0.9890873350487652
0.0960960960960961,0.3375581432358068,0.3321151822701311,0.91,0.029,-1.4707113466172643,-1.249690624871647,0.09609849339262008,0.2517747245167033,-0.984204083975996
0.0970970970970971,0.33610864733481327,0.33088219007351377,0.91,0.029,-1.426398976790665,-1.213194037386529,0.09709949173880766,0.2507918555457498,-0.9786577665027494
0.0980980980980981,0.33470248962861826,0.32968636537846635,0.91,0.029,-1.3842096648430413,-1.176431193608778,0.09810049008499523,0.24981545490519758,-0.9727019608397711
0.0990990990990991,0.333337456814607,0.3285269724686914,0.91,0.029,-1.343578079882377,-1.1416224638839765,0.0991014884311828,0.24884450943748176,-0.9683498400081874
0.10010010010010009,0.3320126436228477,0.32740083492024014,0.91,0.029,-1.3035754570889253,-1.1095354851586023,0.10010248677737038,0.24787682172843914,-0.9653299346888247
0.1011011011011011,0.33072769613975433,0.3263056802061116,0.91,0.029,-1.26517005774852,-1.0793786624504662,0.10110348512355796,0.246911922101184,-0.9623106729342794
0.1021021021021021,0.3294797706343622,0.32523991667709606,0.91,0.029,-1.229694447217156,-1.0492625585834787,0.10210448346974553,0.24595027894418744,-0.9579891960453608
0.1031031031031031,0.3282658453945749,0.3242050544632017,0.91,0.029,-1.1955489102638523,-1.0204636418174289,0.1031054818159331,0.2449940308993701,-0.9544563969392925
0.1041041041041041,0.32708627932252266,0.3231969464232073,0.91,0.029,-1.1621613699390991,-0.994598894922575,0.10410648016212068,0.24403946039449864,-0.9531504764599106
0.10510510510510511,0.3259391960053074,0.3222138654843777,0.91,0.029,-1.1310087822151615,-0.9687018478017535,0.10510747850830826,0.24308582679816157,-0.9524239779019439
0.1061061061061061,0.32482199747624607,0.32125760338456516,0.91,0.029,-1.1017173269670764,-0.9436784394443976,0.10610847685449583,0.2421327107410002,-0.9513662481938638
0.10710710710710711,0.3237335557110791,0.32032461935936385,0.91,0.029,-1.0735539707898738,-0.9201082390896431,0.1071094752006834,0.2411811947160401,-0.9505274480727905
0.10810810810810811,0.3226727402774675,0.3194155448478491,0.91,0.029,-1.0465174015164962,-0.8976540806363289,0.10811047354687098,0.24022975793394666,-0.950835240096211
0.1091091091091091,0.3216384257781131,0.3185275140928247,0.91,0.029,-1.0206013785019934,-0.8761048266251805,0.10911147189305856,0.23927762571037375,-0.9517506554013551
0.11011011011011011,0.3206294942744605,0.3176615812309819,0.91,0.029,-0.99526233639304,-0.855204035332946,0.11011247023924613,0.23832435626986728,-0.9505704369036181
0.1111111111111111,0.319645908588137,0.31681539390196795,0.91,0.029,-0.9707063137931016,-0.8363508843419822,0.1111134685854337,0.23737458683982313,-0.9470895517425504
0.11211211211211211,0.31868613829089076,0.3159872050861532,0.91,0.029,-0.9477456340664787,-0.8180928598436594,0.11211446693162128,0.2364282861198956,-0.94649875513106
0.11311311311311312,0.3177485199313473,0.3151775703587374,0.91,0.029,-0.9261791382842546,-0.7999703628396446,0.11311546527780886,0.23547969946271352,-0.9489715342822365
0.11411411411411411,0.3168319258018332,0.31438566281820596,0.91,0.029,-0.905688743349998,-0.7828712523795218,0.11411646362399643,0.23452844824710445,-0.9509806159648946
0.11511511511511512,0.31593532925396994,0.3136102605441638,0.91,0.029,-0.8862107482670467,-0.766707573587496,0.11511746197018399,0.23357583941503893,-0.9520594066193127
0.11611611611611611,0.3150577301096069,0.3128507127209337,0.91,0.029,-0.8677178960287506,-0.7510633788377277,0.11611846031637157,0.23262242846410788,-0.9543577730562021
0.11711711711711711,0.31419815628894743,0.3121066301561003,0.91,0.029,-0.8490153063877699,-0.7360629527493643,0.11711945866255916,0.2316652183100379,-0.9583492093819359
0.11811811811811812,0.3133579997664882,0.31137711321593,0.91,0.029,-0.8306381032200818,-0.7217568689943619,0.11812045700874672,0.23070381651678498,-0.9617448474193537
0.11911911911911911,0.3125352171433617,0.3106616714594149,0.91,0.029,-0.8138052797401087,-0.7073668345523458,0.11912145535493429,0.22973980830659552,-0.9642117550395284
0.12012012012012012,0.3117287599672088,0.3099609633970064,0.91,0.029,-0.798132558144033,-0.6933788975342452,0.12012245370112187,0.22877346777244656,-0.9680904850735317
0.12112112112112113,0.31093735416409435,0.3092735255184054,0.91,0.029,-0.7833287759770258,-0.6807054984101342,0.12112345204730945,0.22780169435755845,-0.973815970750664
0.12212212212212212,0.310160534189477,0.30859818962641555,0.91,0.029,-0.7691012860465491,-0.6687925510066464,0.12212445039349702,0.22682389142002166,-0.9772729513471319
0.12312312312312312,0.3093976118496869,0.3079346014923661,0.91,0.029,-0.7533399022323124,-0.6562133362304223,0.12312544873968459,0.22584519714141382,-0.9793437978505892
0.12412412412412413,0.3086523461970199,0.3072844492135418,0.91,0.029,-0.7383848132251671,-0.6443548326465702,0.12412644708587217,0.22486324837602664,-0.9844132191743
0.12512512512512514,0.30791936397536224,0.306644601827408,0.91,0.029,-0.725664518059034,-0.634097833300217,0.12512744543205975,0.2238744051326965,-0.9907897827365275
0.12612612612612611,0.30719956437908397,0.3060149840818097,0.91,0.029,-0.7132678071892826,-0.6236007682825004,0.1261284437782473,0.22287969050814901,-0.9930934605790043
0.12712712712712712,0.30649140039740574,0.30539615184085644,0.91,0.029,-0.7005791760130364,-0.6130974405492964,0.1271294421244349,0.22188623530939797,-0.9958082227784075
0.12812812812812813,0.3057970034661449,0.30478756177840777,0.91,0.029,-0.6886572490336107,-0.6033399691482657,0.12813044047062247,0.22088608573990665,-1.0032432765492274
0.12912912912912913,0.30511270720614725,0.3041882640147338,0.91,0.029,-0.6775036581552456,-0.5939023340090159,0.12913143881681005,0.2198777455880988,-1.0056508307539218
0.13013013013013014,0.30444063978615443,0.30359856811672803,0.91,0.029,-0.6661412445182577,-0.5847001205243316,0.13013243716299763,0.21887277610305295,-1.0048661026826267
0.13113113113113112,0.3037790911010056,0.30301769320287336,0.91,0.029,-0.6563748135809249,-0.5759735047098786,0.1311334355091852,0.21786600697424832,-1.0104720633540154
0.13213213213213212,0.30312657609530175,0.30244546800719874,0.91,0.029,-0.6456023866685996,-0.5670561664810521,0.13213443385537277,0.2168498143744807,-1.0149835040149071
0.13313313313313313,0.3024865938303978,0.30188244562233074,0.91,0.029,-0.6349993977872259,-0.5592522510157494,0.13313543220156035,0.21583401335639513,-1.014755324494672
0.13413413413413414,0.30185530602966165,0.30132584388104106,0.91,0.029,-0.626886195382923,-0.5508707109642899,0.1341364305477479,0.21481827757127234,-1.0195449835206603
0.13513513513513514,0.3012315664122137,0.30077960135613596,0.91,0.029,-0.6167834548431301,-0.5425260844521915,0.13513742889393549,0.21379288767165908,-1.0170656442246582
0.13613613613613612,0.30062050431826404,0.3002397055738295,0.91,0.029,-0.6071172326713281,-0.5357120848964598,0.13613842724012307,0.21278211551560616,-1.0077457263187455
0.13713713713713713,0.3000161164969558,0.29970710468967654,0.91,0.029,-0.599743769234891,-0.5273416595944411,0.13713942558631065,0.21177538406081373,-1.0054563079130219
0.13813813813813813,0.29941981609156754,0.2991839665155824,0.91,0.029,-0.5903679632349679,-0.5199312290748139,0.13814042393249823,0.21076919531283655,-0.980811329031809
0.13913913913913914,0.29883419865264155,0.2986662013281654,0.91,0.029,-0.5827050822380215,-0.5133094305607813,0.13914142227868578,0.20981180302424798,-0.9580942047587513
0.14014014014014015,0.29825323935035025,0.29815632000795317,0.91,0.029,-0.5744924458591072,-0.5064233692478695,0.14014242062487337,0.20885109388392575,-0.9140503818102275
0.14114114114114115,0.29768406362589656,0.2976523407290706,0.91,0.029,-0.5657580900880248,-0.5002197809699851,0.14114341897106095,0.20798187718319966,-0.851917349241802
0.14214214214214213,0.2971205905213452,0.29715487900501025,0.91,0.029,-0.5589418234729635,-0.49375416940526407,0.1421444173172485,0.20714555816856667,-0.7807956222135743
0.14314314314314314,0.296565060976301,0.2966638438934244,0.91,0.029,-0.5510390229783013,-0.487899143511072,0.14314541566343608,0.20641872693010707,-0.654190261507253
0.14414414414414414,0.2960174092941614,0.29617810394292604,0.91,0.029,-0.5445262563339952,-0.48193494554243443,0.14414641400962366,0.2058358714288451,-0.5090430816697022
0.14514514514514515,0.29547491832097766,0.2956990091676137,0.91,0.029,-0.5375173118151508,-0.475860823362126,0.14514741235581125,0.20539962436432788,-0.34040669877990126
0.14614614614614616,0.2949412985597967,0.29522542962188075,0.91,0.029,-0.5306589661088026,-0.4706793571915284,0.14614841070199883,0.2051543783438254,-0.23934008738876855
0.14714714714714713,0.2944125380084475,0.2947567081522153,0.91,0.029,-0.5243477985333982,-0.46514309080848193,0.14714940904818638,0.20492046630102279,-0.20676822782050408
0.14814814814814814,0.29389155321738747,0.2942942122228648,0.91,0.029,-0.5179090168450386,-0.45958968798601063,0.14815040739437396,0.2047404290356405,-0.17636531964926405
0.14914914914914915,0.2933756831198689,0.29383660867676775,0.91,0.029,-0.5120809653652714,-0.45466780826478725,0.14915140574056154,0.20456738351443526,-0.1710468649463337
0.15015015015015015,0.2928663660995391,0.29338396636047276,0.91,0.029,-0.5060944361914608,-0.44987650352061337,0.1501524040867491,0.20439799377777682,-0.15316182270547074
0.15115115115115116,0.29236248104541146,0.29293595501606584,0.91,0.029,-0.5004509650944158,-0.44462400797644364,0.15115340243293668,0.20426075405198077,-0.13710284968874475
0.15215215215215216,0.2918644622655162,0.29249382820636577,0.91,0.029,-0.49483872549149055,-0.43998801684642785,0.15215440077912426,0.20412351432618472,-0.13710284968874475
0.15315315315315314,0.29137181292630937,0.2920550981254824,0.91,0.029,-0.48942858983727433,-0.4354151725458735,0.15315539912531184,0.20398627460038868,-0.13377698327634846
0.15415415415415415,0.29088462524882497,0.2916221261592269,0.91,0.029,-0.48411974912454525,-0.43088457921575696,0.15415639747149942,0.20385569324814956,-0.12816824492743706
0.15515515515515516,0.2904026042193533,0.29119246633526064,0.91,0.029,-0.47898600069649433,-0.42638206631914954,0.15515739581768698,0.2037296821979764,-0.12588537299095037
0.15615615615615616,0.28992569431649967,0.2907685084088382,0.91,0.029,-0.4739145940180549,-0.4223976255485695,0.15615839416387456,0.20360367114780326,-0.12588537299095037
0.15715715715715717,0.28945382625335125,0.2903468254432715,0.91,0.029,-0.46909515889257136,-0.41797956754862753,0.15715939251006214,0.2034776600976301,-0.12923047885794858
0.15815815815815815,0.2889865648692673,0.28993171247780997,0.91,0.029,-0.464201304896676,-0.4138505168030804,0.1581603908562497,0.2033449521565756,-0.13356820688632354
0.15915915915915915,0.28852449431161614,0.28951829588010214,0.91,0.029,-0.45972924926340397,-0.4095687339623453,0.15916138920243728,0.20321025698923723,-0.1345608290477145
0.16016016016016016,0.2880661859918631,0.28911175505245995,0.91,0.029,-0.4549584978973087,-0.40540073752035255,0.16016238754862486,0.20307556182189881,-0.13492323226932967
0.16116116116116116,0.2876136664879979,0.2887066827919733,0.91,0.029,-0.4508621125347929,-0.4016580299015118,0.16116338589481244,0.20294014112450948,-0.1367745628155035
0.16216216216216217,0.2871635591399416,0.2883076348724769,0.91,0.029,-0.4461642467516356,-0.3976638318822836,0.16216438424100002,0.20280173959954112,-0.13826349014007633
0.16316316316316315,0.2867204447727794,0.2879105590044212,0.91,0.029,-0.44245188470196695,-0.39435400275255006,0.16316538258718757,0.2026633380745728,-0.13826349014009054
0.16416416416416416,0.2862777695809787,0.2875181373694688,0.91,0.029,-0.4374826444881421,-0.3904585794967943,0.16416638093337516,0.20252493654960443,-0.14267040435746026
0.16516516516516516,0.285844603642673,0.28712886014656974,0.91,0.029,-0.4327327723674159,-0.3874060809539799,0.16516737927956274,0.20237771239694932,-0.1488245483106425
0.16616616616616617,0.2854114377043673,0.28674254961981116,0.91,0.029,-0.42930644571634957,-0.38383039641902883,0.1661683776257503,0.20222699029614227,-0.15057177804648347
0.16716716716716717,0.2849851312788765,0.28636043092450963,0.91,0.029,-0.42483804509103607,-0.380892955107754,0.16716937597193787,0.20207626819533522,-0.15268199743780997
0.16816816816816815,0.2845609110875684,0.285980001161137,0.91,0.029,-0.4217376470639067,-0.37750439188860696,0.16817037431812545,0.20192132144228653,-0.15673336902092672
0.16916916916916916,0.28414081166513494,0.2856046663761841,0.91,0.029,-0.41763444897387103,-0.3740137465066766,0.16917137266431304,0.20176248850897052,-0.15867452121268855
0.17017017017017017,0.28372480608461775,0.2852312248918544,0.91,0.029,-0.4145840855743472,-0.3711805422919099,0.17017237101050062,0.20160365557565452,-0.16295368491479678
0.17117117117117117,0.28331081349581694,0.2848615621874115,0.91,0.029,-0.4108301735121245,-0.36796880356317274,0.17117336935668817,0.20143625577076077,-0.1717079930267147
0.17217217217217218,0.2829023232547636,0.2844945506104466,0.91,0.029,-0.4072992700794771,-0.3653039703021079,0.17217436770287575,0.20125989674156064,-0.176183137436567
0.17317317317317318,0.2824953995417039,0.2841302229075274,0.91,0.029,-0.40400428601023464,-0.3623924031248862,0.17317536604906333,0.20108353771236048,-0.18252651034227085
0.17417417417417416,0.28209350586535376,0.2837690402938803,0.91,0.029,-0.4003182960396998,-0.35958267818068634,0.1741763643952509,0.20089447927158466,-0.19089434957302842
0.17517517517517517,0.28169396151159437,0.2834103376659244,0.91,0.029,-0.39763644905397655,-0.3568723574088324,0.17517736274143847,0.20070136785592216,-0.19655436008405047
0.17617617617617617,0.28129743689827874,0.28305458111988857,0.91,0.029,-0.39436965478779484,-0.3539772175882945,0.17617836108762605,0.20050097809282447,-0.2103140829320438
0.17717717717717718,0.2809044326731803,0.2827016745676495,0.91,0.029,-0.3915427610987763,-0.3513897015088219,0.17717935943381363,0.2002803197575323,-0.2219312889016294
0.1781781781781782,0.28051356750668954,0.282351098233985,0.91,0.029,-0.3883124042584143,-0.34907468858153834,0.17818035778000121,0.20005667238650884,-0.24020616577104192
0.17917917917917917,0.2801270304624528,0.28200282634226104,0.91,0.029,-0.3849350810008616,-0.34631969006764507,0.17918135612618877,0.19979942780817056,-0.25763211126191266
0.18018018018018017,0.279742926703885,0.28165776552113686,0.91,0.029,-0.3824086889223963,-0.3437914540669169,0.18018235447237635,0.1995408937519129,-0.2607052957445859
0.18118118118118118,0.27936144750164715,0.2813145551629479,0.91,0.029,-0.3797446191495055,-0.3413878802356862,0.18118335281856393,0.19927749666840522,-0.2642661074776811
0.18218218218218218,0.2789826772160982,0.28097430630144576,0.91,0.029,-0.37694045938235377,-0.33884370835008326,0.18218435116475148,0.1990118338788357,-0.26723493036381285
0.1831831831831832,0.27860681194732817,0.28063618938046525,0.91,0.029,-0.3740831025527882,-0.336878407958352,0.18318534951093907,0.19874249322172977,-0.27297477030589334
0.1841841841841842,0.27823376209587236,0.2802998750542819,0.91,0.029,-0.37127980658397064,-0.3343376714596502,0.18418634785712665,0.19846533929158142,-0.27955427081720075
0.18518518518518517,0.2778635090312442,0.2799668446928584,0.91,0.029,-0.3687388934962712,-0.3320201502896225,0.18518734620331423,0.19818282649621438,-0.2896874402427869
0.18618618618618618,0.2774955460928768,0.2796351700486971,0.91,0.029,-0.3667567488498662,-0.33011719941134743,0.1861883445495018,0.19788538599439273,-0.3021509859417506
0.1871871871871872,0.277129261285799,0.2793059493987416,0.91,0.029,-0.363713882759896,-0.32737242510336273,0.18718934289568936,0.19757792122176113,-0.317652642847321
0.1881881881881882,0.27676739017143553,0.2789797697982399,0.91,0.029,-0.3608904779754596,-0.3254876599751526,0.18819034124187695,0.19724944645408818,-0.33959872205963393
0.1891891891891892,0.2764067578263887,0.27865432245184435,0.91,0.029,-0.3591612722084676,-0.32340078539607475,0.18919133958806453,0.19689804570346292,-0.3610254750796713
0.19019019019019018,0.2760483485854326,0.278332320778428,0.91,0.029,-0.3564655998843307,-0.3208019724179394,0.19019233793425208,0.19652667464711554,-0.38049875291839896
0.19119119119119118,0.2756931129817754,0.2780120762608174,0.91,0.029,-0.3542272646246545,-0.31952862956615036,0.19119333628043966,0.1961362884586674,-0.39339089344940703
0.1921921921921922,0.2753391848924903,0.2776926238223396,0.91,0.029,-0.35189333953920254,-0.3171759121929085,0.19219433462662724,0.19573910737961933,-0.3955302152597966
0.1931931931931932,0.2749886218115267,0.27737708944962036,0.91,0.029,-0.349110385132434,-0.3148376003316571,0.19319533297281483,0.19534443827598286,-0.39254288128702797
0.1941941941941942,0.27464026520253554,0.2770623183161701,0.91,0.029,-0.3477177055931122,-0.3138490958161526,0.1941963313190024,0.19495323782966728,-0.3919240369552739
0.19519519519519518,0.27429249026879776,0.2767487629314699,0.91,0.029,-0.3450425311927745,-0.31137122549176866,0.19519732966518996,0.1945598076503361,-0.3984185829046396
0.1961961961961962,0.27394948936431174,0.2764389524993698,0.91,0.029,-0.34220147053471806,-0.3093277509153438,0.19619832801137754,0.19415560514451138,-0.41455459914250525
0.1971971971971972,0.2736074022396992,0.2761294881548626,0.91,0.029,-0.34155790158567356,-0.30830501033887003,0.19719932635756512,0.19372987071404388,-0.4378246399963217
0.1981981981981982,0.2732656897615376,0.2758217252514441,0.91,0.029,-0.33865019354203696,-0.30595580684848755,0.19820032470375268,0.19327908166339844,-0.4585966539348476
0.1991991991991992,0.2729294238742497,0.27551696401702774,0.91,0.029,-0.3359296214005951,-0.3042525932631861,0.19920132304994026,0.192811761729732,-0.4698110747424238
0.20020020020020018,0.2725931579869618,0.27521261095061694,0.91,0.029,-0.33544154025190664,-0.30303080451597,0.20020232139612784,0.1923385214457229,-0.478246350892789
0.2012012012012012,0.27225786923911066,0.2749102957397185,0.91,0.029,-0.3326792390158744,-0.30088931333338564,0.20120331974231542,0.19185431411710413,-0.4887912598161108
0.2022022022022022,0.27192713348442754,0.2746102299429425,0.91,0.029,-0.33033644078398083,-0.29943123379572967,0.202204318088503,0.19135996296030913,-0.4998266321277498
0.2032032032032032,0.2715965350233269,0.2743108338101975,0.91,0.029,-0.3295945998695231,-0.29807102396961227,0.20320531643469056,0.19085366285282337,-0.5113130993060082
0.2042042042042042,0.27126728443563974,0.27401349115621654,0.91,0.029,-0.327114926160192,-0.2961397017612626,0.20420631478087814,0.1903363158267304,-0.5208646313186165
0.20520520520520522,0.2709416502862695,0.27371796153439915,0.91,0.029,-0.32507382068692436,-0.29479507726230736,0.20520731312706572,0.18981089358374828,-0.528237547478156
0.2062062062062062,0.2706164859958261,0.27342331082135707,0.91,0.029,-0.3241198146661759,-0.2933935072700251,0.20620831147325328,0.1892787860038908,-0.5370929101818547
0.2072072072072072,0.27029276176841927,0.27313058714547017,0.91,0.029,-0.32189418012652027,-0.2916726474782365,0.20720930981944086,0.18873563535406607,-0.5484193071301746
0.2082082082082082,0.26997205320278,0.2728393815971764,0.91,0.029,-0.3199965855713174,-0.29033829739117323,0.20821030816562844,0.18818085236498153,-0.5584499957660682
0.2092092092092092,0.2696521279634717,0.27254932929283515,0.91,0.029,-0.3189516421443841,-0.2889551504172516,0.20921130651181602,0.18761762030968546,-0.5673689632389056
0.21021021021021022,0.2693335113766651,0.2722608928075523,0.91,0.029,-0.3169684766644991,-0.28751257657276597,0.2102123048580036,0.1870449815772209,-0.5765789839549029
0.2112112112112112,0.26901755643861786,0.27197372853893576,0.91,0.029,-0.3151278024822659,-0.2860873542400668,0.21121330320419116,0.18646331109091474,-0.5813880898459871
0.2122122122122122,0.26870262488520913,0.27168814535161623,0.91,0.029,-0.31407374519065456,-0.2847045919475022,0.21221430155037874,0.18588104454436297,-0.5839263625652649
0.2132132132132132,0.2683887801719699,0.2714037493758777,0.91,0.029,-0.3122944013174447,-0.2835521295760657,0.21321529989656632,0.18529429244446843,-0.5922499699812818
0.21421421421421422,0.2680774108685576,0.27112047342053297,0.91,0.029,-0.31048639395834243,-0.2820555189710774,0.21421629824275387,0.18469536206340115,-0.6050138849440998
0.21521521521521522,0.2677671857896709,0.2708390736622219,0.91,0.029,-0.3094703960405525,-0.28069146008047596,0.21521729658894145,0.18408305664796928,-0.6168408682011801
0.21621621621621623,0.2674578505161241,0.270558528555507,0.91,0.029,-0.307833398656328,-0.27966966189646314,0.21621829493512904,0.18346044868554057,-0.6225432045215911
0.2172172172172172,0.2671509027092779,0.270279174439206,0.91,0.029,-0.30608735146276445,-0.27825239837179083,0.21721929328131662,0.18283672721165645,-0.6234559781193241
0.2182182182182182,0.26684506302570815,0.27000146669690483,0.91,0.029,-0.3051156982624832,-0.2769607271445693,0.2182202916275042,0.18221229187950413,-0.6232478963536892
0.21921921921921922,0.26654006047051415,0.26972469850898667,0.91,0.029,-0.3035516351586125,-0.27599936370160094,0.21922128997369175,0.1815889869846266,-0.6239423597887281
0.22022022022022023,0.2662373520444096,0.2694489154182229,0.91,0.029,-0.30195288705732537,-0.27466486117955924,0.22022228831987933,0.18096316133897436,-0.6297683756814365
0.22122122122122123,0.26593555018611514,0.2691748189070256,0.91,0.029,-0.30083595240969885,-0.2732946566306964,0.22122328666606692,0.1803281927795499,-0.6393383098800598
0.2222222222222222,0.26563507786541124,0.2689017789685118,0.91,0.029,-0.2994197612912046,-0.27234588706778595,0.22222428501225447,0.17968320815728578,-0.6486744642016475
0.22322322322322322,0.2653361112245712,0.2686295818958789,0.91,0.029,-0.29825005150084394,-0.27123697275496284,0.22322528335844205,0.17902954864778997,-0.6554829077233251
0.22422422422422422,0.26503798066520934,0.2683587620060394,0.91,0.029,-0.29683019827803037,-0.26977980118303435,0.22422628170462963,0.17837093354411523,-0.6652352157206707
0.22522522522522523,0.2647418565733639,0.26808948219381074,0.91,0.029,-0.29540320011889776,-0.2687104169129668,0.2252272800508172,0.17769774994626572,-0.675071213828133
0.22622622622622623,0.26444658286717354,0.2678208032134209,0.91,0.029,-0.294641440878479,-0.26805875473687024,0.2262282783970048,0.17701944320691362,-0.6764267549135496
0.2272272272272272,0.26415198381885246,0.2675528280301734,0.91,0.029,-0.2930429041879279,-0.2665886885417592,0.22722927674319235,0.17634354582029477,-0.675707395538538
0.22822822822822822,0.26385991038631684,0.26728709212524915,0.91,0.029,-0.2915153365538288,-0.26534309278184764,0.22823027508937993,0.17566667923603202,-0.6792343857070762
0.22922922922922923,0.2635683695314574,0.26702161062720675,0.91,0.029,-0.290821237326071,-0.2649794665251477,0.2292312734355675,0.17498372082676172,-0.6803584658136543
0.23023023023023023,0.26327768568696536,0.26675660270277635,0.91,0.029,-0.2894651378740889,-0.2636879195560766,0.23023227178175507,0.17430460383784369,-0.6766227662692188
0.23123123123123124,0.26298885974592373,0.26649370688435176,0.91,0.029,-0.2879587752352393,-0.2623180357513206,0.23123327012794265,0.17362912428670502,-0.673219634232737
0.23223223223223222,0.26270119164245037,0.26623144147004096,0.91,0.029,-0.28701524820144186,-0.2619442376638119,0.23223426847413023,0.1729568203568677,-0.6716620414980383
0.23323323323323322,0.26241425464441936,0.2659692939961359,0.91,0.029,-0.2862286904107805,-0.2610310191071221,0.2332352668203178,0.172284459101232,-0.6709823833169679
0.23423423423423423,0.26212816123121757,0.2657088568472039,0.91,0.029,-0.2846913186964741,-0.25948256804795733,0.2342362651665054,0.17161351584482515,-0.6668268119373693
0.23523523523523523,0.26184430205443643,0.26544980937541923,0.91,0.029,-0.2834447884248448,-0.2587884243128542,0.23523726351269295,0.17094947402934635,-0.6661266879411158
0.23623623623623624,0.261560704197334,0.2651907619036346,0.91,0.029,-0.2832144632101006,-0.2584392543574552,0.23623826185888053,0.17027993241886422,-0.6678212573739017
0.23723723723723725,0.2612773061320939,0.2649324134707997,0.91,0.029,-0.2817362951429345,-0.2570253721245308,0.2372392602050681,0.16961249808098597,-0.6614325702305734
0.23823823823823823,0.2609966675704213,0.264676196594076,0.91,0.029,-0.28013441636664993,-0.25584504617188486,0.23824025855125566,0.16895574660103346,-0.646577553516849
0.23923923923923923,0.2607164764696982,0.2644202111761613,0.91,0.029,-0.27983796885027346,-0.2557067474380972,0.23924125689744324,0.16831805195748123,-0.6271078995207375
0.24024024024024024,0.2604364313965468,0.2641642711737795,0.91,0.029,-0.27905608755420985,-0.2546970786968643,0.24024225524363083,0.1677002786604306,-0.6143186399060312
0.24124124124124124,0.2601578056237438,0.26391030711470614,0.91,0.029,-0.27740371896641136,-0.2533627102691014,0.2412432535898184,0.16708818807232495,-0.6088161650411621
0.24224224224224225,0.2598810685958133,0.2636570385205881,0.91,0.029,-0.27646029090257684,-0.2528751891361196,0.242244251936006,0.16648143071175367,-0.6028007454429201
0.24324324324324323,0.2596043315678828,0.263404050479799,0.91,0.029,-0.2764602909025484,-0.2523935603623215,0.24324525028219354,0.16588138297378696,-0.598569627502485
0.24424424424424424,0.2593275945399523,0.2631517461074503,0.91,0.029,-0.2749303118116586,-0.2512439351547471,0.24424624862838112,0.16528309629733748,-0.5991595008333235
0.24524524524524524,0.25905392053322485,0.2629010596186283,0.91,0.029,-0.2733088119503577,-0.25028983316539666,0.2452472469745687,0.1646818676349135,-0.6023135060393798
0.24624624624624625,0.2587804297512629,0.26265066536037246,0.91,0.029,-0.27318036759547226,-0.25002662160136424,0.24624824532075626,0.16407726665047379,-0.6039282625288394
0.24724724724724725,0.258507012890391,0.26240050582162855,0.91,0.029,-0.2725390418085283,-0.2491309423296002,0.24724924366694384,0.16347280525089888,-0.6081089043534575
0.24824824824824826,0.2582348060439385,0.26215190471506794,0.91,0.029,-0.2711215166053478,-0.2481166578737657,0.24825024201313142,0.16285983463535428,-0.6145459677290717
0.24924924924924924,0.2579642270713613,0.26190377577583523,0.91,0.029,-0.27020303902708065,-0.24756929293749863,0.249251240359319,0.16224248625619278,-0.6176647682564891
0.2502502502502503,0.2576938590188593,0.2616562704949728,0.91,0.029,-0.27004008399293866,-0.24701348184566996,0.25025223870550656,0.16162327181230812,-0.6175731894671372
0.25125125125125125,0.25742360628258654,0.2614092542906587,0.91,0.029,-0.2689149216435567,-0.2461773619494636,0.2512532370516941,0.16100610677358004,-0.6152963501023407
0.25225225225225223,0.25715549080736066,0.2611634229235024,0.91,0.029,-0.26766227983466706,-0.24536505438538825,0.25225423539788167,0.16039145055457277,-0.6143190400684944
0.25325325325325326,0.2568877458624972,0.2609180329605579,0.91,0.029,-0.26722578171919054,-0.24492158008007436,0.2532552337440693,0.15977624208729982,-0.6184032682045597
0.25425425425425424,0.25662050425737226,0.26067308942984857,0.91,0.029,-0.2666932909499735,-0.24421862908391745,0.25425623209025683,0.15915340925707328,-0.6268819685635378
0.2552552552552553,0.2563538253600949,0.26042910677620573,0.91,0.029,-0.2656285839435384,-0.2434854304941041,0.25525723043644444,0.158521226459726,-0.6378068984207204
0.25625625625625625,0.2560887153005283,0.26018563111054105,0.91,0.029,-0.2646818624660483,-0.24284419004956703,0.256258228782632,0.15787652195606094,-0.6426694505006338
0.25725725725725723,0.2558239317415443,0.25994293222155196,0.91,0.029,-0.2643173579920983,-0.24226866266653246,0.25725922712881955,0.1572346043455332,-0.6404675725969184
0.25825825825825827,0.2555595514206643,0.25970060876286033,0.91,0.029,-0.26354851670038215,-0.24166783187305896,0.25826022547500715,0.15659430799414834,-0.6389295744753412
0.25925925925925924,0.2552963070834854,0.25945911273832256,0.91,0.029,-0.26264185398297,-0.24104377773676333,0.2592612238211947,0.1559554694507729,-0.6376131951746089
0.2602602602602603,0.2550337419031809,0.2592180386372612,0.91,0.029,-0.2619470823368317,-0.24043347940016702,0.2602622221673823,0.155317808486394,-0.6381776518344964
0.26126126126126126,0.2547718885002284,0.25897776443121506,0.91,0.029,-0.2614979854719479,-0.23981331950659523,0.26126322051356987,0.15467783990265252,-0.6408864921028368
0.26226226226226224,0.25451022241274657,0.2587379318915023,0.91,0.029,-0.26068110818843593,-0.23929554853484092,0.2622642188597574,0.15403475584901624,-0.6447920910338212
0.26326326326326327,0.2542500043997511,0.2584986942639782,0.91,0.029,-0.25986838425994563,-0.23863301980313167,0.26326521720594503,0.15338696826913314,-0.6506171362593278
0.26426426426426425,0.2539899653872011,0.2582601881081126,0.91,0.029,-0.2593080299611472,-0.23799471514047355,0.2642662155521326,0.15273222249422247,-0.6520754700096347
0.2652652652652653,0.2537308692046337,0.25802222836780114,0.91,0.029,-0.2586861497347144,-0.23745744884095643,0.26526721389832014,0.1520815153349949,-0.6477212185176171
0.26626626626626626,0.25347207519754195,0.25778479782014263,0.91,0.029,-0.25806037701941875,-0.23709908739886032,0.26626821224450775,0.151435486757169,-0.6420138601698824
0.26726726726726724,0.25321423181320346,0.25754755552015574,0.91,0.029,-0.257366266250628,-0.23642860316297742,0.2672692105906953,0.15079620571047578,-0.6331255710007753
0.2682682682682683,0.25295682741726044,0.25731146728327986,0.91,0.029,-0.2567790842038278,-0.2357489524946459,0.26827020893688286,0.15016797145816735,-0.6211761510867149
0.26926926926926925,0.2527001595725551,0.25707558564529154,0.91,0.029,-0.2561438508284368,-0.23545058973397204,0.26927120728307047,0.14955261311061782,-0.607049662135708
0.2702702702702703,0.2524440269151014,0.2568400947312599,0.91,0.029,-0.2556060975167753,-0.23506754155712883,0.270272205629258,0.1489526600424642,-0.5895836914597652
0.27127127127127126,0.25218843565360255,0.25660497995648845,0.91,0.029,-0.25491528556077014,-0.23440341506403684,0.27127320397544563,0.148372268510437,-0.5704549388844242
0.27227227227227224,0.25193368600306787,0.25637081862502564,0.91,0.029,-0.2542293844683883,-0.2338360320524373,0.2722742023216332,0.14781061114166852,-0.5520725714476953
0.2732732732732733,0.25167946791692913,0.25613683975217927,0.91,0.029,-0.2536856446269553,-0.2336196252686591,0.27327520066782074,0.1472670210484477,-0.5389193900313245
0.27427427427427425,0.2514258068346455,0.25590311166753077,0.91,0.029,-0.2532984131409819,-0.23319109180367548,0.27427619901400835,0.14673169630536895,-0.5251689340721413
0.2752752752752753,0.251172363986717,0.25566999071953933,0.91,0.029,-0.25263239491967227,-0.23250004302234117,0.2752771973601959,0.14621563457949707,-0.5067771026179315
0.27627627627627627,0.2509200362742457,0.25543764611593445,0.91,0.029,-0.25195170217654095,-0.23205293334345356,0.2762781957063835,0.14571713022215638,-0.48979229861409124
0.2772772772772773,0.2506679561745518,0.25520542028241533,0.91,0.029,-0.2515686731497482,-0.23194558581155889,0.27727919405257107,0.14523507201772085,-0.4759081062430397
0.2782782782782783,0.25041639528695886,0.25497329058878415,0.91,0.029,-0.2512829963375367,-0.23142876563775872,0.2782801923987586,0.1447643637675833,-0.46351047727185346
0.27927927927927926,0.250164887112815,0.2547420994302877,0.91,0.029,-0.25054784264045793,-0.23072135973345098,0.27928119074494623,0.14430712557534137,-0.45121430837866683
0.2802802802802803,0.24991479800439542,0.2545113859646932,0.91,0.029,-0.24982091708464793,-0.23045524767418613,0.2802821890911338,0.14386103421465687,-0.44303130518962064
0.28128128128128127,0.24966474513666947,0.2542807275630721,0.91,0.029,-0.24962089190982795,-0.23039552007655573,0.28128318743732134,0.14342017836773313,-0.4389927438233485
0.2822822822822823,0.24941505647905046,0.25405013367224766,0.91,0.029,-0.24933672213421687,-0.22978898789720859,0.28228418578350895,0.14298217219354584,-0.43680588697418443
0.2832832832832833,0.2491655725197841,0.2538206895492638,0.91,0.029,-0.24859848375434979,-0.2290983850126196,0.2832851841296965,0.14254569442680082,-0.4361467713533358
0.28428428428428426,0.24891736181687962,0.25359147824679695,0.91,0.029,-0.24793975715930117,-0.22898209116441137,0.28428618247588405,0.14210900779990637,-0.4376201197009948
0.2852852852852853,0.24866919662957535,0.25336226694433006,0.91,0.029,-0.24782507919415764,-0.22886904927561602,0.28528718082207166,0.14166958039464259,-0.44229360059169665
0.2862862862862863,0.24842121551218654,0.25313328195195084,0.91,0.029,-0.24754010355785283,-0.2282759809677941,0.2862881791682592,0.1412235374744631,-0.450884382287299
0.2872872872872873,0.2481736208466768,0.2529052579734236,0.91,0.029,-0.24678667270185883,-0.22770894582004075,0.2872891775144468,0.14076691135265976,-0.45994175096294043
0.2882882882882883,0.24792714809936994,0.2526774081865453,0.91,0.029,-0.2462128652397837,-0.22760893969790175,0.2882901758606344,0.14030273561035006,-0.46670247612783555
0.28928928928928926,0.24768070219754812,0.2524495844204749,0.91,0.029,-0.24616850372764532,-0.22746777808778518,0.28929117420682193,0.13983257453912856,-0.47247611544425183
0.2902902902902903,0.2474343182620774,0.25222201723942267,0.91,0.029,-0.24587352437252719,-0.22691196267474822,0.29029217255300954,0.1393568399900044,-0.4784036663054678
0.2912912912912913,0.24718846290951502,0.2519953062169218,0.91,0.029,-0.24511403601388793,-0.22644904440683433,0.2912931708991971,0.13887481198156487,-0.48416931094433835
0.2922922922922923,0.24694359947125882,0.2517686657991688,0.91,0.029,-0.24461857481792038,-0.22637234583966404,0.2922941692453847,0.13838753463094428,-0.48782951973596766
0.2932932932932933,0.24669873603300263,0.25154210832735285,0.91,0.029,-0.2446185748179346,-0.22617326575817742,0.29329516759157226,0.13789817889661052,-0.49038363229385595
0.29429429429429427,0.24645387259474646,0.2513158664683216,0.91,0.029,-0.24431853515909552,-0.2256946003571585,0.2942961659377598,0.13740578822109709,-0.4964307027792074
0.2952952952952953,0.24620960983648793,0.2510902672855968,0.91,0.029,-0.24359396309445458,-0.22533422085280108,0.2952971642839474,0.13690432627165303,-0.5039367846068643
0.2962962962962963,0.24596619699295574,0.2508647469070547,0.91,0.029,-0.2431625029868485,-0.2252349121439181,0.296298162630135,0.13639690844514799,-0.5094469023869834
0.2972972972972973,0.24572279801869648,0.25063934654056397,0.91,0.029,-0.24314659911526348,-0.22500284988613828,0.29729916097632253,0.13588441525813352,-0.5127183326941065
0.2982982982982983,0.24547941701474696,0.2504142907511264,0.91,0.029,-0.24285812079487812,-0.2246122821411376,0.29830015932251014,0.13537044803897427,-0.5133061406564394
0.29929929929929927,0.24523659557466268,0.2501896723020432,0.91,0.029,-0.24224631234301341,-0.22433037578767312,0.2993011576686977,0.13485677806236349,-0.514750377648582
0.3003003003003003,0.2449944394124587,0.2499651808896897,0.91,0.029,-0.24188304516177084,-0.22420042563832965,0.30030215601488525,0.13433991948552299,-0.5187854006028516
0.3013013013013013,0.24475234523399844,0.2497408226010655,0.91,0.029,-0.24181690138962608,-0.22396709653168045,0.30130315436107286,0.13381817140630403,-0.5251143338028044
0.3023023023023023,0.24451032149175878,0.24951679831405071,0.91,0.029,-0.24153828119204945,-0.22365523620337058,0.3023041527072604,0.133288642326131,-0.5300815638920682
0.3033033033033033,0.24426878511149178,0.2492930643704281,0.91,0.029,-0.24102924859049324,-0.2234231008646077,0.303305151053448,0.13275694986870304,-0.5281281384720273
0.30430430430430433,0.24402778045353962,0.2490695048188263,0.91,0.029,-0.2407122668688828,-0.22326772221005342,0.3043061493996356,0.13223133153975977,-0.5291145574994971
0.3053053053053053,0.24378687867131377,0.2488460819435811,0.91,0.029,-0.24060520551765308,-0.223051943443636,0.3053071477458231,0.13169766427470153,-0.5410899289709619
0.3063063063063063,0.2435460883504012,0.24862295438150173,0.91,0.029,-0.24034975161450234,-0.22280253629371316,0.30630814609201074,0.13114807129168238,-0.5576074058230915
0.3073073073073073,0.2433056979874009,0.24840003081987003,0.91,0.029,-0.2399334843534433,-0.22258959024024705,0.3073091444381983,0.1305813360925998,-0.5697188153606731
0.3083083083083083,0.24306574103437825,0.24817732957621588,0.91,0.029,-0.23965134044483705,-0.22241791969638314,0.3083101427843859,0.13000749610774642,-0.5702052300754445
0.30930930930930933,0.2428259155240479,0.24795474969935677,0.91,0.029,-0.23951251639896043,-0.22223310894401038,0.30931114113057345,0.12943978710801377,-0.5612137380341693
0.3103103103103103,0.24258623649704297,0.24773241844719882,0.91,0.029,-0.23928488813182014,-0.2220469515008574,0.310312139476761,0.12888394806048656,-0.5451572343247619
0.3113113113113113,0.2423468666989592,0.24751021125791361,0.91,0.029,-0.2389517318196397,-0.22186988201200109,0.3113131378229486,0.1283483841280712,-0.5146977312344134
0.3123123123123123,0.24210785465155824,0.24728823449922688,0.91,0.029,-0.23870056583724875,-0.22170268658994985,0.31231413616913617,0.12785352490498225,-0.4719906115220738
0.3133133133133133,0.24186898768827397,0.24706636203551127,0.91,0.029,-0.2385390569891257,-0.22155662009369337,0.3133151345153237,0.1274034604849719,-0.41530648255420743
0.31431431431431434,0.24163029898191038,0.24684467770224255,0.91,0.029,-0.23833323798842798,-0.22142046826576234,0.31431613286151133,0.12702208270058676,-0.3861192836655505
0.3153153153153153,0.24139184406867747,0.24662307781475895,0.91,0.029,-0.2380623194529221,-0.22127265145117292,0.3153171312076989,0.1266304509562112,-0.4125514825916099
0.3163163163163163,0.2411536977417644,0.24640168941104904,0.91,0.029,-0.2378334347063742,-0.2211197694649769,0.31631812955388644,0.1261961559970039,-0.4576822633537603
0.3173173173173173,0.24091570105625235,0.24618039559360788,0.91,0.029,-0.23765059407445221,-0.2210058139464337,0.31731912790007405,0.12571417257881817,-0.485657887564912
0.3183183183183183,0.24067792077665034,0.24595923532907418,0.91,0.029,-0.2374670532365286,-0.2209128791977406,0.3183201262462616,0.12522387051247305,-0.48845762228645384
0.31931931931931934,0.24044029154026333,0.245738127567186,0.91,0.029,-0.23727029360104268,-0.22078266586758843,0.3193211245924492,0.12473628203463526,-0.47723446047970697
0.3203203203203203,0.2402029051738454,0.2455172279899999,0.91,0.029,-0.23708467777225906,-0.2206397140308809,0.32032212293863677,0.12426844870110525,-0.452636847592899
0.3213213213213213,0.23996564754071928,0.245296406417975,0.91,0.029,-0.23690340239461705,-0.22056117832870825,0.3213231212848243,0.12383010456290718,-0.4203494637000986
0.32232232232232233,0.23972862408797035,0.24507566406942194,0.91,0.029,-0.2367421746181293,-0.22050891194406574,0.32232411963101193,0.12342691046513597,-0.3840367347920761
0.3233233233233233,0.23949168923317546,0.24485494713480366,0.91,0.029,-0.23660511821893238,-0.22039353042079313,0.3233251179771995,0.12306126429010289,-0.35136664045626276
0.32432432432432434,0.23925494016761217,0.24463443578029126,0.91,0.029,-0.23646274051058924,-0.22026501775324903,0.3243261163233871,0.12272347561313156,-0.326215419947367
0.3253253253253253,0.23901829035327435,0.2444139761282906,0.91,0.029,-0.23629102586438933,-0.2202203416957076,0.32532711466957465,0.12240818209836649,-0.3035176904753243
0.3263263263263263,0.23878188506077658,0.2441935542153349,0.91,0.029,-0.2361457408228489,-0.2201951372673392,0.3263281130157622,0.12211583420072263,-0.26509580850240866
0.32732732732732733,0.23854552610738278,0.24397314502265033,0.91,0.029,-0.23605373345510827,-0.22010464343520653,0.3273291113619498,0.12187746116658214,-0.23176785703087432
0.3283283283283283,0.23830930501381936,0.24375290427852764,0.91,0.029,-0.2359511356012547,-0.22000441316362185,0.32833010970813736,0.12165183571754794,-0.21402298856924062
0.32932932932932935,0.23807315146153446,0.24353269574704753,0.91,0.029,-0.23579262893930775,-0.21998134426371507,0.3293311080543249,0.1214489878513743,-0.19715443486254713
0.3303303303303303,0.23783724769862552,0.24331250118690853,0.91,0.029,-0.23565826539194745,-0.21997149059534138,0.3303321064005125,0.12125713319106601,-0.18901115610568553
0.3313313313313313,0.23760136314243147,0.2430923123824923,0.91,0.029,-0.2356022828678448,-0.21991531960085808,0.3313331047467001,0.12107058814202871,-0.17286804157433977
0.33233233233233234,0.23736557145664788,0.24287223027679672,0.91,0.029,-0.23553828010804523,-0.21985287694938904,0.33233410309288763,0.12091105194361683,-0.15937708490677238
0.3333333333333333,0.237129815034107,0.2426521664826937,0.91,0.029,-0.23540166205800972,-0.21984282769395236,0.33333510143907524,0.12075151574520494,-0.161012675428438
0.33433433433433435,0.2368942968579332,0.2424321044956277,0.91,0.029,-0.2352802245999328,-0.21984044156896232,0.3343360997852628,0.12058870509997861,-0.17224632678569662
0.3353353353353353,0.2366587835534264,0.24221204547855157,0.91,0.029,-0.2352512951883483,-0.21982507852001731,0.3353370981314504,0.1204066791687062,-0.18184438762128252
0.3363363363363363,0.23642332329399257,0.24199201424834038,0.91,0.029,-0.23522067840585237,-0.21980776909461497,0.33633809647763796,0.12022465323743382,-0.19156466299744324
0.33733733733733734,0.23618787128434565,0.2417719898847686,0.91,0.029,-0.23511446845716932,-0.21980433920818143,0.3373390948238255,0.12002316734700937,-0.2110102268727445
0.3383383383383383,0.23595262365744166,0.24155196552119687,0.91,0.029,-0.2350123792771086,-0.2198075420360226,0.3383400931700131,0.11980221146117725,-0.22147391777603076
0.33933933933933935,0.23571737603053766,0.2413319347455574,0.91,0.029,-0.2350017413387917,-0.21983375391810966,0.3393410915162007,0.11957977729617439,-0.22377932046582316
0.34034034034034033,0.2354821497008074,0.24111185790574516,0.91,0.029,-0.23499101364146213,-0.2198632598409347,0.3403420898623883,0.11935420600178272,-0.22540288799425667
0.34134134134134136,0.23524692355077503,0.2408917680591892,0.91,0.029,-0.2349273839613204,-0.21987022378188215,0.34134308820857584,0.11912852145995809,-0.2257081461386079
0.34234234234234234,0.23501182460779171,0.24067167727755318,0.91,0.029,-0.23486009472978253,-0.21987867262751593,0.3423440865547634,0.1189023390397711,-0.22533934608033235
0.3433433433433433,0.23477673317093564,0.24045157051639138,0.91,0.029,-0.23485519160715285,-0.21994242743545556,0.343345084900951,0.11867739283444328,-0.21433148254395462
0.34434434434434436,0.23454164404401368,0.24023135209750224,0.91,0.029,-0.23485390351849844,-0.22001303071313316,0.34434608324713856,0.11847324812064623,-0.2039411099674311
0.34534534534534533,0.2343065551859136,0.24001110398843714,0.91,0.029,-0.23483696621144645,-0.22003440177080336,0.3453470815933261,0.11826910340684918,-0.18987807884601438
0.34634634634634637,0.23407149996751433,0.2397908427846478,0.91,0.029,-0.23481713277614347,-0.22005095787312712,0.3463480799395137,0.11809311283484196,-0.16970242404375568
0.34734734734734735,0.23383645081599136,0.23957056153023265,0.91,0.029,-0.23481410237144473,-0.22015099445420105,0.3473490782857013,0.11792935971522554,-0.1635898003629066
0.3483483483483483,0.2336014016644684,0.23935010005300775,0.91,0.029,-0.23481410237144473,-0.22025974567520734,0.3483500766318888,0.11776560659560913,-0.16276397247926155
0.34934934934934936,0.23336635251294546,0.23912960107843045,0.91,0.029,-0.2348402888276837,-0.22029573470818775,0.34935107497807644,0.11760350678068422,-0.16167171340267572
0.35035035035035034,0.2331312509360846,0.2389090675510894,0.91,0.029,-0.23487523115845477,-0.22032071257243047,0.350352073324264,0.11744194036012635,-0.16140528220972072
0.35135135135135137,0.23289613182994556,0.23868851857077797,0.91,0.029,-0.23488437229318038,-0.22046399824797902,0.3513530716704516,0.11728037393956847,-0.16155301527795274
0.35235235235235235,0.23266101195251462,0.23846769818522756,0.91,0.029,-0.23488492177425258,-0.2206157572011449,0.35235407001663915,0.11711851175789667,-0.16174356168011172
0.3533533533533533,0.23242589174631345,0.2382468453831881,0.91,0.029,-0.23493958312576524,-0.22066628224045814,0.3533550683628267,0.11695656386407192,-0.1617863750140387
0.35435435435435436,0.23219066243674738,0.23802592384640783,0.91,0.029,-0.23502305756790065,-0.2207154349207343,0.3543560667090143,0.11679461597024718,-0.15788940136996388
0.35535535535535534,0.23195537511454586,0.23780497264060402,0.91,0.029,-0.23505716027230505,-0.22089150287591508,0.35535706505520187,0.11664046980476818,-0.15302774748518289
0.3563563563563564,0.23172007753129736,0.23758369861542505,0.91,0.029,-0.2350656174570247,-0.22107236132802655,0.3563580634013895,0.11648825492594023,-0.15206306724450513
0.35735735735735735,0.23148477327779501,0.23736238533063794,0.91,0.029,-0.23513785854356684,-0.22115407518478492,0.35735906174757703,0.11633604004711227,-0.1373901220235183
0.35835835835835833,0.23124933106774667,0.23714094771415423,0.91,0.029,-0.23526105002495967,-0.22124994960951483,0.3583600600937646,0.11621320035608414,-0.11438044596197017
0.35935935935935936,0.23101378018465196,0.2369194424885769,0.91,0.029,-0.23532818997669835,-0.22142551089778806,0.3593610584399522,0.116107050772624,-0.10604371512142308
0.36036036036036034,0.2307782035602858,0.2366976533980425,0.91,0.029,-0.23535316438692178,-0.22159737258496648,0.36036205678613975,0.11600090118916387,-0.10604371512143018
0.3613613613613614,0.23054260267837184,0.23647580410502345,0.91,0.029,-0.23544035371131145,-0.2217294337261535,0.3613630551323273,0.11589475160570373,-0.10584016654744488
0.36236236236236236,0.23030685150080366,0.23625375062781992,0.91,0.029,-0.2355998311496279,-0.2218726117203147,0.3623640534785149,0.11578900952581545,-0.10382041065245318
0.36336336336336333,0.23007093134473897,0.23603161469216996,0.91,0.029,-0.23570647810592504,-0.22204565910060126,0.36336505182470247,0.1156869034869765,-0.10200420333143967
0.36436436436436437,0.22983496665975078,0.2358092147737647,0.91,0.029,-0.23575827496286195,-0.22221641477341336,0.36436605017089,0.11558479744813754,-0.10200420333143256
0.36536536536536535,0.22959894280627474,0.2355867369849158,0.91,0.029,-0.23586122523559538,-0.22240454421844902,0.36536704851707763,0.1154826914092986,-0.10200420333144677
0.3663663663663664,0.2293627720146345,0.23536396043098506,0.91,0.029,-0.236049912908598,-0.22259394184044368,0.3663680468632652,0.11538058537045963,-0.0979250927513533
0.36736736736736736,0.2291263704080593,0.2351411034677177,0.91,0.029,-0.23619670221721378,-0.22276373518913317,0.3673690452094528,0.11528664569750983,-0.08730804228366651
0.3683683683683684,0.2288899057439294,0.23491798698716299,0.91,0.029,-0.23628623209698674,-0.22295362844941735,0.36837004355564035,0.11520579495858999,-0.08077010239605187
0.36936936936936937,0.22865332489835558,0.2346947498572083,0.91,0.029,-0.23640586787864493,-0.22318564424929832,0.3693710419018279,0.11512494421967014,-0.08077010239604476
0.37037037037037035,0.22841662072315133,0.2344711688805578,0.91,0.029,-0.2366007046469889,-0.22340157871678912,0.3703720402480155,0.11504409348075029,-0.08077010239605897
0.3713713713713714,0.22817964981397726,0.23424749944936693,0.91,0.029,-0.23677056787177264,-0.22357834275436517,0.37137303859420306,0.11496324274183044,-0.08077010239605187
0.37237237237237236,0.22794260557225687,0.2340235645907592,0.91,0.029,-0.23689959073089994,-0.2237999287852972,0.3723740369403907,0.11488239200291059,-0.08042904766317349
0.3733733733733734,0.22770537635906055,0.2337994515438909,0.91,0.029,-0.23704257933454187,-0.22407697449713737,0.3733750352865782,0.11480222405443788,-0.07963156116550607
0.3743743743743744,0.22746804585386937,0.23357496203921332,0.91,0.029,-0.23724190324951167,-0.22432448694556228,0.3743760336327658,0.11472296988084858,-0.07917512940070992
0.37537537537537535,0.22723041759379625,0.23335035347192784,0.91,0.029,-0.2374315988615905,-0.22448748997680923,0.3753770319789534,0.11464371570725929,-0.07917512940070992
0.3763763763763764,0.22699270731760995,0.23312553763485538,0.91,0.029,-0.23761192856868263,-0.22472477328147988,0.37637803032514094,0.11456446153366999,-0.07917512940070992
0.37737737737737737,0.22675471803710218,0.23290045402591883,0.91,0.029,-0.23779104468532353,-0.22508383060366555,0.3773790286713285,0.11448520736008069,-0.07917512940070992
0.3783783783783784,0.22651664917009182,0.2326749193553686,0.91,0.029,-0.23798630058064418,-0.22536307950790047,0.3783800270175161,0.11440595318649138,-0.07824330492478282
0.3793793793793794,0.22627826898689063,0.23244927668956664,0.91,0.029,-0.2381858285095575,-0.22548832986241507,0.37938102536370366,0.1143285645224208,-0.07558949173602514
0.38038038038038036,0.2260398006645672,0.23222349126755598,0.91,0.029,-0.2384259677818079,-0.2257720466771076,0.3803820237098912,0.11425462327405754,-0.07386750302322298
0.3813813813813814,0.22580093972206222,0.23199728060012303,0.91,0.029,-0.2386526151058206,-0.22621253571801958,0.3813830220560788,0.11418068202569427,-0.07386750302323719
0.38238238238238237,0.2255620176513423,0.2317706133181705,0.91,0.029,-0.23883530211014659,-0.226488946931795,0.3823840204022664,0.11410674077733102,-0.07386750302322298
0.3833833833833834,0.225322790969089,0.2315438492749343,0.91,0.029,-0.23903496702421023,-0.2265770127611546,0.383385018748454,0.11403279952896776,-0.07386750302323009
0.3843843843843844,0.22508346916881128,0.231317005685015,0.91,0.029,-0.2393434410115134,-0.22694260874634153,0.38438601709464154,0.11395885828060451,-0.07386750302322298
0.38538538538538536,0.22484362492101792,0.23108950971788456,0.91,0.029,-0.23962801517045307,-0.2274717730497997,0.3853870154408291,0.11388491703224125,-0.07358666414454262
0.3863863863863864,0.2246037334027043,0.2308616067399704,0.91,0.029,-0.2397896395032859,-0.22770426585302062,0.3863880137870167,0.1138115380223842,-0.07325152295786808
0.38738738738738737,0.22436356558267298,0.23063364532178238,0.91,0.029,-0.23998192850073963,-0.22776492686688243,0.38738901213320426,0.11373826772556815,-0.07319722064986678
0.3883883883883884,0.22412328910140153,0.2304056209003971,0.91,0.029,-0.2403672400573953,-0.2282440791586282,0.38839001047939187,0.11366499742875211,-0.07319722064987388
0.3893893893893894,0.22388234988686234,0.23017670021836165,0.91,0.029,-0.2407170365334821,-0.2288511834120328,0.3893910088255794,0.11359172713193606,-0.07319722064985967
0.39039039039039036,0.22364137311234553,0.2299474603730457,0.91,0.029,-0.24084910453704822,-0.22901060547063423,0.390392007171767,0.11351845683512003,-0.07319722064985257
0.3913913913913914,0.22340016949739883,0.2297182205277298,0.91,0.029,-0.24103085179189065,-0.22909460633944434,0.3913930055179546,0.11344518653830399,-0.07351407835853507
0.3923923923923924,0.22315882886451385,0.22948881251250625,0.91,0.029,-0.24150142047651002,-0.22968768012543705,0.39239400386414214,0.11337128189340326,-0.0747089799468057
0.3933933933933934,0.22291668317011856,0.22925838533228352,0.91,0.029,-0.2419182815051073,-0.23031864482319975,0.3933950022103297,0.11329561940755976,-0.07558702382642224
0.3943943943943944,0.2226745079806197,0.2290277141244718,0.91,0.029,-0.24201236384945446,-0.23044589949309113,0.3943960005565173,0.11321995692171627,-0.07558702382642934
0.39539539539539537,0.2224321739331827,0.2287970321801452,0.91,0.029,-0.2421872541017649,-0.23055704790921538,0.39539699890270485,0.11314429443587277,-0.07558702382642934
0.3963963963963964,0.22218964861304863,0.22856613845298188,0.91,0.029,-0.24275160410294916,-0.231266358329691,0.3963979972488924,0.11306863195002928,-0.07558702382642224
0.3973973973973974,0.22194618473577934,0.2283340364677734,0.91,0.029,-0.24322952880358173,-0.2318902012783184,0.39739899559508,0.11299296946418579,-0.07558702382642934
0.3983983983983984,0.2217027026094379,0.22810189380577808,0.91,0.029,-0.2432771999807386,-0.23195428340994795,0.39839999394126757,0.11291730697834229,-0.07589225777173425
0.3993993993993994,0.2214591432943764,0.2278696635280137,0.91,0.029,-0.24345835701076624,-0.23227843287065753,0.3994009922874552,0.1128410334151499,-0.07623133615295785
0.40040040040040037,0.22121529849129823,0.22763687191814913,0.91,0.029,-0.24412499727684178,-0.2330248137445068,0.40040199063364273,0.11276469209550874,-0.07626518058887655
0.4014014014014014,0.2209704045610895,0.22740314738438108,0.91,0.029,-0.24464903627850276,-0.23356309492960747,0.4014029889798303,0.11268835077586757,-0.07626518058886944
0.4024024024024024,0.22072551063088078,0.22716927813450624,0.91,0.029,-0.2446490362785454,-0.23371884031617185,0.4024039873260179,0.11261200945622642,-0.07626518058887655
0.4034034034034034,0.22048061670067204,0.22693524179816255,0.91,0.029,-0.24486328754292686,-0.23420124956983557,0.40340498567220545,0.11253566813658525,-0.07626518058886944
0.4044044044044044,0.22023529383900303,0.22670040676399603,0.91,0.029,-0.24562614346582734,-0.23486251049173745,0.40440598401839306,0.1124593268169441,-0.07422193339294125
0.40540540540540543,0.21998887266970943,0.2264650465819629,0.91,0.029,-0.24617711350239802,-0.23528687091726397,0.4054069823645806,0.1123870760714309,-0.07076931998680891
0.4064064064064064,0.21974244676492413,0.22622936197737487,0.91,0.029,-0.24618435784201154,-0.23552872779980305,0.40640798071076817,0.11231764687240886,-0.06935995377661186
0.4074074074074074,0.21949601109244815,0.2259935175973787,0.91,0.029,-0.24647112057648712,-0.23612804772194806,0.4074089790569558,0.11224821767338682,-0.06935995377662607
0.4084084084084084,0.21924901108809433,0.22575663315310673,0.91,0.029,-0.24722828483784554,-0.23679002939883276,0.40840997740314333,0.11217878847436477,-0.06935995377661897
0.4094094094094094,0.21900105957125124,0.22551946348446808,0.91,0.029,-0.24773432851867483,-0.2371419235040264,0.4094109757493309,0.11210935927534273,-0.06935995377661897
0.41041041041041043,0.21875304646643537,0.2252818745474931,0.91,0.029,-0.24780586904282131,-0.23752009086069847,0.4104119740955185,0.11203993007632067,-0.06935995377663318
0.4114114114114114,0.21850495172531964,0.22504394778704923,0.91,0.029,-0.2482349266673367,-0.23814846434581227,0.41141297244170605,0.11197050087729862,-0.06867553604295296
0.4124124124124124,0.21825607964628055,0.22480510084509908,0.91,0.029,-0.24902919317786143,-0.23876120059993866,0.4124139707878936,0.11190244188031559,-0.06763120867157824
0.4134134134134134,0.21800639478202063,0.22456594738544777,0.91,0.029,-0.24952199366251193,-0.23916061726436055,0.4134149691340812,0.11183510342123679,-0.06727129903387663
0.4144144144144144,0.21775653611542464,0.22432630081053576,0.91,0.029,-0.24967700269586146,-0.23970107724932177,0.41441596748026877,0.11176776496215798,-0.06727129903387663
0.41541541541541543,0.2175065409227697,0.2240860653489126,0.91,0.029,-0.2502000304973677,-0.24024811400028057,0.4154169658264564,0.11170042650307918,-0.06727129903388374
0.4164164164164164,0.21725563515346794,0.22384532360532997,0.91,0.029,-0.2509178186236909,-0.2408571771856316,0.41641796417264393,0.11163308804400038,-0.06727129903387663
0.4174174174174174,0.2170042029475471,0.22360386879799043,0.91,0.029,-0.2513436513108189,-0.24134632831388103,0.4174189625188315,0.11156574958492158,-0.06727129903387663
0.4184184184184184,0.2167524446603532,0.22336214777286975,0.91,0.029,-0.2515704153944114,-0.24193229896046375,0.4184199608650191,0.11149841112584277,-0.06870422035174073
0.4194194194194194,0.216500558472283,0.2231195198511226,0.91,0.029,-0.25218526394696994,-0.24253803925678596,0.41942095921120665,0.11142820396302518,-0.07154972943467897
0.42042042042042044,0.216247569257056,0.22287658613271605,0.91,0.029,-0.2528685592293982,-0.24313181509624826,0.42042195755739425,0.1113551688041742,-0.07296231719976021
0.4214214214214214,0.21599431511046235,0.22263276947054952,0.91,0.029,-0.2532876363174097,-0.2437652431805759,0.4214229559035818,0.11128213364532324,-0.07296231719976021
0.4224224224224224,0.21574048690206618,0.22238856762785003,0.91,0.029,-0.25360961246573765,-0.24422934000891416,0.42242395424976936,0.11120909848647227,-0.072962317199746
0.42342342342342343,0.21548658815857902,0.22214382184290407,0.91,0.029,-0.25428012048067217,-0.24488554376395655,0.42342495259595697,0.11113606332762131,-0.0729623171997531
0.4244244244244244,0.2152314175917945,0.22189830627897322,0.91,0.029,-0.2549654876324894,-0.24561054460291132,0.4244259509421445,0.11106302816877035,-0.0729623171997531
0.42542542542542544,0.21497614674189738,0.22165210904089627,0.91,0.029,-0.2553810701714383,-0.24621762248627022,0.4254269492883321,0.11098999300991938,-0.07446623192841173
0.4264264264264264,0.21472014417803784,0.2214053781058275,0.91,0.029,-0.2558874732513914,-0.24668375969635292,0.4264279476345197,0.11091394701875602,-0.07611958574967304
0.4274274274274274,0.21446385950816088,0.2211582476601228,0.91,0.029,-0.2564762308638109,-0.24747796643056574,0.42742894598070724,0.11083760185102356,-0.07626902484228282
0.42842842842842843,0.2142066782503826,0.22090992672158216,0.91,0.029,-0.25711573061234105,-0.24827651727005673,0.4284299443268948,0.11076125668329109,-0.07626902484228282
0.4294294294294294,0.21394911330072874,0.220661197575498,0.91,0.029,-0.2576382843686815,-0.2486779404509747,0.4294309426730824,0.11068491151555863,-0.07626902484228282
0.43043043043043044,0.21369088588928414,0.22041207298694562,0.91,0.029,-0.2582345311982266,-0.2493184198807512,0.43043194101926996,0.11060856634782616,-0.07626902484228282
0.4314314314314314,0.2134321272522838,0.22016206159976073,0.91,0.029,-0.25876334586763505,-0.2502973824872612,0.43143293936545757,0.1105322211800937,-0.07821425414069694
0.43243243243243246,0.21317284115281243,0.2199109771261103,0.91,0.029,-0.2594378688866783,-0.25096807806635013,0.4324339377116451,0.11045198166973991,-0.08144798781511042
0.43343343343343343,0.2129127321193775,0.21965962300503325,0.91,0.029,-0.2600757526638091,-0.251297600355457,0.4334349360578327,0.11036916257788724,-0.08273649219110268
0.4344344344344344,0.2126521689753073,0.2194078788271004,0.91,0.029,-0.2606691567575723,-0.2522753735696597,0.4344359344040203,0.11028634348603458,-0.0827364921911169
0.43543543543543545,0.2123908719456887,0.21915456720209103,0.91,0.029,-0.2611296005027981,-0.2532689254864948,0.43543693275020784,0.11020352439418192,-0.08273649219110979
0.4364364364364364,0.21212938699231867,0.2189008339312315,0.91,0.029,-0.26195014178520637,-0.2535470700167508,0.43643793109639545,0.11012070530232926,-0.08273649219110979
0.43743743743743746,0.21186644723741005,0.2186469654603158,0.91,0.029,-0.2627588606119957,-0.2542473946684254,0.437438929442583,0.11003788621047661,-0.0848493344847725
0.43843843843843844,0.21160334322732965,0.21839183013810148,0.91,0.029,-0.26317729789217026,-0.25550047458732195,0.43843992778877056,0.10995083721534052,-0.08753548213653062
0.4394394394394394,0.21133956576014848,0.21813545299867954,0.91,0.029,-0.2637793993860953,-0.2561207622825492,0.43944092613495817,0.10986264046477381,-0.08810878749462603
0.44044044044044045,0.21107525634167182,0.2178790758592576,0.91,0.029,-0.2646723698937876,-0.25638399954374336,0.4404419244811457,0.10977444371420711,-0.08810878749462603
0.44144144144144143,0.21080969114574646,0.2176221717183116,0.91,0.029,-0.2654442369861414,-0.25771492528845386,0.4414429228273333,0.10968624696364039,-0.08810878749461892
0.44244244244244246,0.2105438364478057,0.21736313006288435,0.91,0.029,-0.26574294787124586,-0.2589233504471764,0.4424439211735209,0.10959805021307369,-0.08707435242328643
0.44344344344344344,0.2102776732320903,0.21710380665235124,0.91,0.029,-0.26659369315633796,-0.2590668505123972,0.44344491951970844,0.10951192439809827,-0.08390275064370911
0.4444444444444444,0.2100101153403856,0.21684447770950618,0.91,0.029,-0.26762618233253477,-0.26002811520230296,0.444445917865896,0.1094300771838038,-0.0817655839354714
0.44544544544544545,0.2097418850792724,0.21658322984513947,0.91,0.029,-0.268142771448467,-0.26139196305921075,0.4454469162120836,0.10934822996950933,-0.08176558393549271
0.44644644644644643,0.20947329297512338,0.21632117047615435,0.91,0.029,-0.2684504886085648,-0.26191252260737485,0.44644791455827115,0.10926638275521484,-0.08176558393548561
0.44744744744744747,0.2092044466636397,0.21605888045053018,0.91,0.029,-0.2696550880906301,-0.2624838243619081,0.44744891290445876,0.10918453554092036,-0.08176558393548561
0.44844844844844844,0.2089334429489159,0.21579567733428862,0.91,0.029,-0.27076500841218376,-0.2637525036265771,0.4484499112506463,0.10910268832662588,-0.08058387842754655
0.4494494494494494,0.20866237457472642,0.21553084741023673,0.91,0.029,-0.2708693515979519,-0.2647175194037743,0.44945090959683387,0.10902320688284965,-0.07791114430384738
0.45045045045045046,0.20839116196473584,0.21526571233047728,0.91,0.029,-0.27165381867074245,-0.26515160682680516,0.4504519079430215,0.10894671047343041,-0.07642011568808726
0.45145145145145144,0.20811852308589607,0.21500001336253538,0.91,0.029,-0.2729883511936322,-0.2662692114327001,0.45145290628920903,0.10887021406401118,-0.07642011568808016
0.45245245245245247,0.20784463873912298,0.21473264083611757,0.91,0.029,-0.2736104624262907,-0.2673969747509375,0.45245390463539664,0.10879371765459193,-0.07642011568809437
0.45345345345345345,0.2075707543923499,0.2144646840837547,0.91,0.029,-0.2736372949494523,-0.26789992391695705,0.4534549029815842,0.10871722124517269,-0.07642011568809437
0.4544544544544544,0.20729681632681177,0.21419630465209966,0.91,0.029,-0.2752073509816739,-0.2689694661075208,0.45445590132777175,0.10864072483575345,-0.07712576086237988
0.45545545545545546,0.20701978872471896,0.21392620667413004,0.91,0.029,-0.2767520041954583,-0.2701454248143449,0.45545689967395936,0.10856281572702928,-0.08194134776019979
0.45645645645645644,0.20674275826035435,0.21365547297078963,0.91,0.029,-0.2767571346818869,-0.27087669520815894,0.4564578980201469,0.10847667852856877,-0.0860512894837342
0.4574574574574575,0.20646572038701752,0.21338391098802764,0.91,0.029,-0.2775457903990457,-0.27184090598966293,0.45745889636633447,0.10839054133010824,-0.0860512894837342
0.45845845845845845,0.2061871110323282,0.21311124693277225,0.91,0.029,-0.2789985733669482,-0.2729086581831268,0.4584598947125221,0.1083044041316477,-0.08605128948372709
0.45945945945945943,0.2059071646845812,0.21283754730798135,0.91,0.029,-0.27977070863497033,-0.27389112198333976,0.45946089305870963,0.10821826693318719,-0.08605128948372709
0.46046046046046046,0.20562700951353952,0.21256291635823105,0.91,0.029,-0.2800344003025117,-0.2747925406272316,0.4604618914048972,0.10813212973472666,-0.09122910155285524
0.46146146146146144,0.2053465352545461,0.2122874120915104,0.91,0.029,-0.28140492891087376,-0.27580458808722597,0.4614628897510848,0.10803562657363001,-0.10054908770340631
0.4624624624624625,0.20506363628248672,0.21201075502071912,0.91,0.029,-0.2827166744326206,-0.27693459637775675,0.46246388809727235,0.1079308307937231,-0.10469126178482924
0.46346346346346345,0.2047805359063326,0.2117329884751385,0.91,0.029,-0.2829688465600526,-0.2778831701324975,0.46346488644345996,0.10782603501381618,-0.10469126178484345
0.46446446446446443,0.20449713208516931,0.2114544323577912,0.91,0.029,-0.28400369295950156,-0.27885179678980876,0.4644658847896475,0.10772123923390928,-0.10469126178484345
0.46546546546546547,0.20421195994445174,0.2111747266197035,0.91,0.029,-0.2852721212357494,-0.2800401301781079,0.46546688313583506,0.10761644345400236,-0.1045466976389946
0.46646646646646645,0.20392601672733995,0.2108937914565337,0.91,0.029,-0.2860384031660175,-0.28104834669798606,0.4664678814820227,0.10751193709103726,-0.10439611673038485
0.4674674674674675,0.20363931048866396,0.2106120672669548,0.91,0.029,-0.28681190661022526,-0.2820654854169078,0.4674688798282102,0.10740744277361132,-0.10439009996762394
0.46846846846846846,0.20335181871610825,0.21032909579003334,0.91,0.029,-0.287981059942382,-0.2832563255782503,0.46846987817439784,0.10730294845618538,-0.10439009996762394
0.4694694694694695,0.20306277183012067,0.21004498753606746,0.91,0.029,-0.28911204687049974,-0.28438572242106375,0.4694708765205854,0.10719845413875943,-0.1044018956166326
0.47047047047047047,0.20277301581947058,0.20975975500440555,0.91,0.029,-0.2896511905102841,-0.28540004501246585,0.47047187486677294,0.10709393620648318,-0.10443547581338919
0.47147147147147145,0.20248288956683683,0.20947361607458104,0.91,0.029,-0.29089367605342886,-0.28647122648816037,0.47147287321296055,0.1069893746616144,-0.1044572603611229
0.4724724724724725,0.20219064609764192,0.20918623903546033,0.91,0.029,-0.2921962428116558,-0.28781230312026196,0.4724738715591481,0.10688481311674564,-0.1044572603611229
0.47347347347347346,0.20189791210375038,0.20889741526753344,0.91,0.029,-0.2928740000432839,-0.2888395025843522,0.47347486990533566,0.10678025157187686,-0.10445726036113001
0.4744744744744745,0.20160431176322097,0.20860798177302922,0.91,0.029,-0.2939978527947744,-0.28981634629728603,0.47447586825152327,0.10667569002700808,-0.10270564521053416
0.4754754754754755,0.2013093278138709,0.20831720236203333,0.91,0.029,-0.2950323634611607,-0.2913230247255001,0.4754768665977108,0.10657463520987712,-0.10035592288158313
0.47647647647647645,0.20101365638091634,0.20802475249429953,0.91,0.029,-0.2961322138390159,-0.2923699625752221,0.4764778649438984,0.10647477780133889,-0.09975781570323505
0.4774774774774775,0.20071647052890793,0.20773187711163252,0.91,0.029,-0.29728498315537877,-0.2933494171291784,0.477478863290086,0.10637492039280066,-0.09975781570323505
0.47847847847847846,0.20041849124947408,0.20743746637392074,0.91,0.029,-0.2981262977466912,-0.29502687218780466,0.47847986163627354,0.10627506298426245,-0.09975781570322795
0.4794794794794795,0.20011962108396963,0.20714123272286816,0.91,0.029,-0.2994252717664949,-0.29606659188259243,0.47948085998246115,0.10617520557572423,-0.094471667247781
0.4804804804804805,0.19981904125594752,0.20684474046424586,0.91,0.029,-0.3006043620090395,-0.2970785615011948,0.4804818583286487,0.10608593101890923,-0.08874248948136199
0.48148148148148145,0.199517810549417,0.20654648084799093,0.91,0.029,-0.30146095549308427,-0.29892146232123196,0.48148285667483626,0.10599754340530941,-0.08829946017039703
0.4824824824824825,0.19921551581952496,0.20624629909823744,0.91,0.029,-0.3027642911187911,-0.2998858468205867,0.48248385502102387,0.10590915579170958,-0.08829946017040413
0.48348348348348347,0.19891167583246244,0.20594610878228403,0.91,0.029,-0.3039732447713277,-0.30094484316322223,0.4834848533672114,0.10582076817810976,-0.08829946017039703
0.4844844844844845,0.19860696077493775,0.20564380691973252,0.91,0.029,-0.3049469039659414,-0.3028539174296867,0.48448585171339903,0.10573238056450993,-0.08974531556918919
0.4854854854854855,0.19830117152021828,0.20533979463327562,0.91,0.029,-0.30616145033582143,-0.30370827417046087,0.4854868500595866,0.10564109835318408,-0.09279533279779884
0.48648648648648646,0.19799402493842963,0.2050357823468187,0.91,0.029,-0.307490910203839,-0.30490708971483116,0.48648784840577414,0.10554660461518088,-0.09439949462762343
0.4874874874874875,0.1976855741023928,0.20472937002924196,0.91,0.029,-0.30856847318740677,-0.3067335842597174,0.48748884675196175,0.10545211087717768,-0.09439949462763764
0.48848848848848847,0.1973762702373537,0.20442170109704946,0.91,0.029,-0.3096067845882402,-0.3074700585254675,0.4884898450981493,0.10535761713917448,-0.09439949462763053
0.4894894894894895,0.19706574069981378,0.20411381435651832,0.91,0.029,-0.31113331822798784,-0.3089391026813786,0.48949084344433685,0.10526312340117128,-0.10074331903643241
0.4904904904904905,0.19675338071137172,0.20380320439498462,0.91,0.029,-0.3123159409099827,-0.310717937690967,0.49049184179052446,0.10515592934768463,-0.11754763286464254
0.49149149149149146,0.19644048356085486,0.20349175642320308,0.91,0.029,-0.313171110140928,-0.3113939361391971,0.491492840136712,0.10502779342897973,-0.12800812228402947
0.4924924924924925,0.1961264115219004,0.2031797931114227,0.91,0.029,-0.3149509605840848,-0.31301157701567206,0.49249383848289957,0.10489965751027484,-0.12800812228402947
0.4934934934934935,0.19580995110723304,0.20286510661936788,0.91,0.029,-0.31627439321162854,-0.3147208899583944,0.4934948368290872,0.10477152159156995,-0.12683649351331638
0.4944944944944945,0.19549322955350878,0.20254972125965418,0.91,0.029,-0.3169627342528827,-0.3155544983334835,0.49449583517527473,0.10464573126978872,-0.12494394467393022
0.4954954954954955,0.19517539107869872,0.20223336588196347,0.91,0.029,-0.3189394112079924,-0.31709853541413224,0.49549683352146234,0.10452138422760043,-0.12422302460527135
0.4964964964964965,0.19485471221375306,0.20191488935692323,0.91,0.029,-0.3203626936722088,-0.3186715070756918,0.4964978318676499,0.10439703718541214,-0.12422302460527135
0.4974974974974975,0.19453402432460018,0.2015953848868169,0.91,0.029,-0.32091065090988025,-0.31986162555178055,0.49749883021383745,0.10427269014322384,-0.11719373781652109
0.4984984984984985,0.19421224844816773,0.20127452574220497,0.91,0.029,-0.3229508399425498,-0.32129036222727336,0.49849982856002506,0.10416241570993637,-0.10777258069381901
0.4994994994994995,0.193887476096487,0.20095216093841395,0.91,0.029,-0.3244475793290462,-0.32265500320238516,0.4995008269062126,0.10405692979314608,-0.10538071035986007
0.5005005005005005,0.19356270374480625,0.2006285697798378,0.91,0.029,-0.3250219825495293,-0.3241129827273568,0.5005018252524003,0.10395144387635577,-0.10538071035986007
0.5015015015015015,0.19323678143672815,0.20030328609811893,0.91,0.029,-0.32693558738047557,-0.32559024678951687,0.5015028235985878,0.10384595795956549,-0.10553399536083674
0.5025025025025025,0.19290817804434485,0.1999767374539329,0.91,0.029,-0.32840318377390076,-0.326898907127088,0.5025038219447754,0.10374016516671025,-0.1063824393027133
0.5035035035035035,0.19257931760534897,0.19964883383159823,0.91,0.029,-0.3292125388739606,-0.3282890782900978,0.503504820290963,0.10363298066795465,-0.10707759824361318
0.5045045045045045,0.19224909388243502,0.19931950206196075,0.91,0.029,-0.3310077170854271,-0.32982060499891475,0.5045058186371505,0.10352579616919906,-0.10707759824362029
0.5055055055055055,0.19191663949306584,0.1989885323200889,0.91,0.029,-0.332413465426157,-0.331258361709331,0.5055068169833381,0.10341861167044346,-0.10707759824361318
0.5065065065065065,0.19158360145915937,0.19865632215863874,0.91,0.029,-0.3335007442680933,-0.3325465239959158,0.5065078153295257,0.10331142717168786,-0.11391853575288025
0.5075075075075075,0.191248970335372,0.19832277351329028,0.91,0.029,-0.3351665200999321,-0.33409717148860807,0.5075088136757133,0.10319054713866598,-0.12386805143233204
0.5085085085085085,0.19091259741491529,0.19798745895245537,0.91,0.029,-0.3364955658932587,-0.33550761607048685,0.5085098120219008,0.10306344374242936,-0.1269766296025594
0.5095095095095095,0.1905753055387889,0.19765108659423025,0.91,0.029,-0.3378572501792547,-0.3368627196030616,0.5095108103680884,0.10293634034619273,-0.1269766296025452
0.5105105105105106,0.19023620652366552,0.1973130591134102,0.91,0.029,-0.33945136675937704,-0.33847702064569773,0.510511808714276,0.1028092369499561,-0.1270295392836971
0.5115115115115115,0.18989572322295428,0.19697345492126583,0.91,0.029,-0.34065786789329877,-0.3397338431138053,0.5115128070604635,0.10268202762871281,-0.12708841966302487
0.5125125125125125,0.1895542087901454,0.19663291127934857,0.91,0.029,-0.3422049027385583,-0.34140626693782394,0.5125138054066511,0.10255480635415155,-0.1270943903611652
0.5135135135135135,0.1892106283225768,0.19628995889136028,0.91,0.029,-0.34382616944326116,-0.34304570818564173,0.5135148037528388,0.10242758507959031,-0.12596043181125083
0.5145145145145145,0.18886586811057934,0.19594613308478273,0.91,0.029,-0.34490724737689504,-0.34417875000983145,0.5145158020990263,0.10230263398629529,-0.1159376497319542
0.5155155155155156,0.18852012332282322,0.19560091234479404,0.91,0.029,-0.3465395435935079,-0.3458693545085225,0.5155168004452139,0.1021954782883052,-0.10704882620255063
0.5165165165165165,0.18817209525053225,0.1952537019446255,0.91,0.029,-0.3482772729374375,-0.3469999922409812,0.5165177987914015,0.10208832259031513,-0.10704882620254352
0.5175175175175175,0.1878228715251507,0.19490621766563293,0.91,0.029,-0.34948099509878716,-0.34856463831643225,0.517518797137589,0.10198116689232506,-0.10704882620256484
0.5185185185185185,0.18747243359868282,0.1945558748408889,0.91,0.029,-0.3508320755744023,-0.3502459244855771,0.5185197954837766,0.10187401119433498,-0.10687269638658137
0.5195195195195195,0.18712050500748426,0.1942050246236198,0.91,0.029,-0.35255610113947,-0.35115372518963284,0.5195207938299642,0.1017672081076539,-0.10658807862144926
0.5205205205205206,0.1867666155783836,0.19385286438004878,0.91,0.029,-0.35409606376308034,-0.3528998790717566,0.5205217921761518,0.10166062221348822,-0.10647959067226509
0.5215215215215215,0.1864116039789295,0.19349851835921184,0.91,0.029,-0.3552542907283396,-0.3541609865492319,0.5215227905223393,0.10155403631932255,-0.1064795906722793
0.5225225225225225,0.18605539577712568,0.19314383337594623,0.91,0.029,-0.3569292707708911,-0.35545073361886637,0.5225237888685269,0.10144745042515686,-0.10886784077866452
0.5235235235235235,0.18569703086427308,0.1927869052788938,0.91,0.029,-0.3585353328335543,-0.35698046709821085,0.5235247872147145,0.10133608326217763,-0.13263291108482633
0.5245245245245245,0.18533760732300447,0.19242915776614,0.91,0.029,-0.359864500293682,-0.35804353546733125,0.524525785560902,0.10118191977586495,-0.15400973128461715
0.5255255255255256,0.18497658141423567,0.19207010140408434,0.91,0.029,-0.3614930866049946,-0.3595525827708457,0.5255267839070896,0.10102775628955225,-0.15400973128461004
0.5265265265265265,0.18461389743991133,0.19170933277560773,0.91,0.029,-0.36276016592158555,-0.36063834434855835,0.5265277822532772,0.10087359280323957,-0.159818430269695
0.5275275275275275,0.1842503348358141,0.19134810271669986,0.91,0.029,-0.3645620042398008,-0.36201897678678563,0.5275287805994647,0.10070780032077173,-0.1657663248486898
0.5285285285285285,0.18388404357756938,0.19098457005931788,0.91,0.029,-0.36638523501480336,-0.3634872742448323,0.5285297789456523,0.10054172916918534,-0.16476886443131633
0.5295295295295295,0.1835168308618105,0.19062040046595946,0.91,0.029,-0.36733445292645683,-0.36450305425847773,0.52953077729184,0.10037793359917381,-0.14994764014476658
0.5305305305305306,0.1831486392674063,0.19025483421495656,0.91,0.029,-0.3691673523506296,-0.36581147344006126,0.5305317756380274,0.10024153448958605,-0.13626307186947884
0.5315315315315315,0.18277775708333072,0.1898880451637771,0.91,0.029,-0.3706598703483053,-0.3669020484437482,0.5315327739842151,0.10010513537999825,-0.13626307186947884
0.5325325325325325,0.1824065774649072,0.18952029557943356,0.91,0.029,-0.37190010785185734,-0.3680638558691527,0.5325337723304027,0.09996873627041046,-0.13442403857627738
0.5335335335335335,0.18203321232286654,0.18915118058746253,0.91,0.029,-0.3737079435903041,-0.36921038725085964,0.5335347706765902,0.09983601889939284,-0.13105549867448474
0.5345345345345345,0.1816584134136754,0.18878113564499743,0.91,0.029,-0.37449622793819515,-0.370324542648774,0.5345357690227778,0.09970636359554658,-0.12952599206588644
0.5355355355355356,0.18128347012479207,0.1884097901116892,0.91,0.029,-0.3763892255707191,-0.3714819532245315,0.5355367673689654,0.09957670829170032,-0.12952599206589355
0.5365365365365365,0.18090488143055078,0.18803742803093426,0.91,0.029,-0.378210105547069,-0.37246793884921203,0.5365377657151529,0.09944705298785406,-0.13695021368394578
0.5375375375375375,0.18052629273630946,0.18766410855243154,0.91,0.029,-0.3790457123853628,-0.3734592429487549,0.5375387640613405,0.099302534416885,-0.14587838141174103
0.5385385385385385,0.18014603115550504,0.18728976187888471,0.91,0.029,-0.38078633634084724,-0.37447401002215486,0.5385397624075281,0.0991550049507787,-0.14738232752149827
0.5395395395395395,0.1797639577286201,0.1869144108346695,0.91,0.029,-0.38178791173842797,-0.3753860655983061,0.5395407607537157,0.0990074754846724,-0.1497840901464258
0.5405405405405406,0.17938169099186452,0.18653823822403323,0.91,0.029,-0.3833469794751778,-0.37637068174753097,0.5405417590999032,0.09885513769773513,-0.15401865725255703
0.5415415415415415,0.17899649630824935,0.18616091597631604,0.91,0.029,-0.3850425118160672,-0.37728663620509906,0.5415427574460908,0.09869913064228873,-0.15585146173374653
0.5425425425425425,0.1786108351123529,0.18578290962302205,0.91,0.029,-0.385965037786292,-0.37812072484861403,0.5425437557922784,0.09854312358684233,-0.1597695947452351
0.5435435435435435,0.17822379352989845,0.18540391752817068,0.91,0.029,-0.38743830567034365,-0.3789431392668803,0.5435447541384659,0.09837927244206665,-0.16792898343104667
0.5445445445445445,0.1778351828487486,0.18502426469956484,0.91,0.029,-0.38851084332284813,-0.37960614413512417,0.5445457524846535,0.09820693031745947,-0.17217023910534834
0.5455455455455456,0.1774459940437666,0.1846439452676399,0.91,0.029,-0.3899153107354323,-0.3803484009530962,0.5455467508308411,0.0980345881928523,-0.17604968757405004
0.5465465465465466,0.17705457161604501,0.18426280643939846,0.91,0.029,-0.39140439987765774,-0.3809234685440259,0.5465477491770286,0.09785447942524256,-0.18170641746225158
0.5475475475475475,0.17666240165161917,0.1838813357210052,0.91,0.029,-0.39239539880036034,-0.3815610221050747,0.5475487475232163,0.09767081254610954,-0.1832038242570917
0.5485485485485485,0.17626899524207032,0.18349892050925817,0.91,0.029,-0.3936286217450089,-0.382121135409335,0.5485497458694039,0.09748770597504937,-0.17881175633579716
0.5495495495495496,0.17587435636284038,0.18311632844290843,0.91,0.029,-0.39470587098719534,-0.38259488585552504,0.5495507442155914,0.09731283200136748,-0.17469956303917655
0.5505505505505506,0.17547879329815197,0.18273296478181966,0.91,0.029,-0.39586422249749376,-0.383107080877366,0.550551742561779,0.09713795802768557,-0.1735100368425435
0.5515515515515516,0.17508183539687944,0.18234934730001082,0.91,0.029,-0.3971197502388577,-0.38342637296911164,0.5515527409079666,0.0969654654815148,-0.16967028043185195
0.5525525525525525,0.17468375876313927,0.18196534441551515,0.91,0.029,-0.3981634923702444,-0.3838302398736033,0.5525537392541542,0.09679827868746663,-0.16702005021778632
0.5535535535535535,0.17428471128803014,0.18158091839135498,0.91,0.029,-0.39916624679703716,-0.3840886151100449,0.5535547376003417,0.09663109189341845,-0.17412527889471363
0.5545545545545546,0.17388462713791997,0.18119639823911862,0.91,0.029,-0.4001766831832896,-0.3843329117729013,0.5545557359465293,0.09644968045506053,-0.19067844414351498
0.5555555555555556,0.17348355676714264,0.18081148313255033,0.91,0.029,-0.4010771230165915,-0.3845507301857509,0.5555567342927169,0.09624935427893588,-0.20064986172427268
0.5565565565565566,0.17308166993468357,0.18042652690741542,0.91,0.029,-0.40217903782031783,-0.3846427756096489,0.5565577326389044,0.09604798009556301,-0.22141997152051118
0.5575575575575575,0.17267839352826317,0.18004142752572422,0.91,0.029,-0.40316390890438925,-0.38473706481683223,0.557558730985092,0.09580607222832602,-0.24165415521207478
0.5585585585585585,0.17227453498192205,0.17965628253340776,0.91,0.029,-0.40397926594674516,-0.38473926020121496,0.5585597293312796,0.0955641892761297,-0.24129239009916148
0.5595595595595596,0.17186962622907048,0.1792711787565526,0.91,0.029,-0.4048366120067186,-0.38469763861067463,0.5595607276774671,0.0953230056614522,-0.24096724850381435
0.5605605605605606,0.17146405127420086,0.17888611709074373,0.91,0.029,-0.4054836316759207,-0.3846170977620744,0.5605617260236547,0.09508177364165435,-0.2416099445764175
0.5615615615615616,0.17105784718667627,0.17850117455682873,0.91,0.029,-0.406278319070708,-0.3844483641529308,0.5615627243698423,0.09483930335156525,-0.2413750967816668
0.5625625625625625,0.17065068126605132,0.17811645069604318,0.91,0.029,-0.40686780919482146,-0.38425009563076173,0.5625637227160298,0.09459854149627572,-0.22478412857025631
0.5635635635635635,0.17024329701811808,0.1777319050961065,0.91,0.029,-0.4075576505839109,-0.38397620729548976,0.5635647210622174,0.09438928626966919,-0.20904652580446736
0.5645645645645646,0.16983475003365112,0.17734772956031647,0.91,0.029,-0.40821638391801685,-0.3836605476255244,0.564565719408405,0.09418003104306265,-0.19151558823644876
0.5655655655655656,0.16942604700026415,0.17696381591167099,0.91,0.029,-0.4086210845189555,-0.3832831467814941,0.5655667177545926,0.09400587269548154,-0.16814050146567894
0.5665665665665666,0.16901668980438397,0.1765803959331263,0.91,0.029,-0.40917443132860853,-0.38280229511366315,0.5665677161007802,0.09384341431527407,-0.1622963522629206
0.5675675675675675,0.16860687896957624,0.17619744495048248,0.91,0.029,-0.40950520008156843,-0.3823039169965483,0.5675687144469678,0.09368095593506662,-0.19114852630010404
0.5685685685685685,0.16819685957399044,0.17581502272592603,0.91,0.029,-0.4099387842537823,-0.3817285406231008,0.5685697127931553,0.09346073559786888,-0.22787533414744132
0.5695695695695696,0.1677861807028019,0.17543322364793373,0.91,0.029,-0.4102681923173179,-0.3810829752183764,0.5695707111393429,0.09322475026982957,-0.27782776563808653
0.5705705705705706,0.16737550183161337,0.1750520938466099,0.91,0.029,-0.4104982422253016,-0.380426560529429,0.5705717094855305,0.09290452533001144,-0.33480540112076085
0.5715715715715716,0.16696436240004855,0.1746716089121391,0.91,0.029,-0.4107694412989247,-0.3796912317334602,0.5715727078317181,0.09255447096419644,-0.35054630137857856
0.5725725725725725,0.1665531405877717,0.17429195124053692,0.91,0.029,-0.4108680261933131,-0.3789569579006127,0.5725737061779056,0.09220273279412718,-0.30590671867850716
0.5735735735735735,0.16614180378905097,0.1739129363237495,0.91,0.029,-0.41097506281418816,-0.3780722459113406,0.5735747045240932,0.09194204672522677,-0.2625321977144992
0.5745745745745746,0.1657303676892448,0.17353504984732102,0.91,0.029,-0.4110253820781793,-0.37716600978448866,0.5745757028702808,0.09167714420266075,-0.2779938738696046
0.5755755755755756,0.1653189301512568,0.1731578492170738,0.91,0.029,-0.41099107183745787,-0.3763271083026467,0.5755767012164683,0.09138550390923927,-0.3088743215090375
0.5765765765765766,0.16490756274062127,0.17278164222309153,0.91,0.029,-0.4109445827515259,-0.3752651834953582,0.5765776995626559,0.09105877883264005,-0.3440604127999407
0.5775775775775776,0.1644962182738764,0.17240656756843445,0.91,0.029,-0.41079559464739646,-0.3743530956259775,0.5775786979088435,0.09069669610083654,-0.36056182808362536
0.5785785785785785,0.1640851491377236,0.17203218657619268,0.91,0.029,-0.4105911895976817,-0.37319961943740054,0.578579696255031,0.0903369352454199,-0.3233823688942081
0.5795795795795796,0.16367421389029746,0.17165942118317437,0.91,0.029,-0.4103743283135799,-0.37218265325735445,0.5795806946012186,0.09004928566793792,-0.279949200923177
0.5805805805805806,0.1632635789108695,0.171287076159261,0.91,0.029,-0.41005415414865354,-0.37098656828023024,0.5805816929474062,0.08977647787113861,-0.27374061632254865
0.5815815815815816,0.16285328465276264,0.17091670533076153,0.91,0.029,-0.40973280454315386,-0.3696417181778173,0.5815826912935937,0.08950125785949145,-0.28901289680653974
0.5825825825825826,0.16244329301588825,0.17054705269944556,0.91,0.029,-0.4093090372575432,-0.3686979449419425,0.5825836896397814,0.08919787500767816,-0.3341535190866267
0.5835835835835835,0.16203384714073554,0.17017857130685377,0.91,0.029,-0.40877601091078475,-0.3671371691665257,0.583584687985969,0.08883228361953449,-0.39444661791095825
0.5845845845845846,0.16162492262367445,0.16981204335176484,0.91,0.029,-0.40820721740155363,-0.3659468701290649,0.5845856863321566,0.08840819418330183,-0.43370924462345073
0.5855855855855856,0.16121661547426594,0.16944594494022897,0.91,0.029,-0.4075717994200545,-0.3645834066847442,0.5855866846783441,0.08796399914634584,-0.4430896674210629
0.5865865865865866,0.16080896306527595,0.16908214664168528,0.91,0.029,-0.4069275463440505,-0.3631189033767157,0.5865876830245317,0.08752113013469928,-0.44183519809405425
0.5875875875875876,0.16040194571181543,0.168718980168704,0.91,0.029,-0.4062574783671238,-0.36188565359074687,0.5875886813707193,0.0870794465411866,-0.44166096600127247
0.5885885885885885,0.15999563478025672,0.1683576508387008,0.91,0.029,-0.4054737722050845,-0.360195766989321,0.5885896797169068,0.08663692634161353,-0.4427720155674848
0.5895895895895896,0.15959018640810158,0.1679978675220787,0.91,0.029,-0.40471581313948946,-0.35907346645851135,0.5895906780630944,0.08619301843054424,-0.44420489944463526
0.5905905905905906,0.15918539291210954,0.16763878503998503,0.91,0.029,-0.4037357191235458,-0.35737096520745126,0.590591676409282,0.0857476296021885,-0.4456711553019588
0.5915915915915916,0.15878190669013653,0.16728241013427603,0.91,0.029,-0.40278558684195787,-0.3556959096808612,0.5915926747554695,0.08530078625174271,-0.4471448387379766
0.5925925925925926,0.15837901536087443,0.16692668111670003,0.91,0.029,-0.4019241885345508,-0.35433571011989784,0.5925936731016571,0.08485244711402248,-0.4486207134714135
0.5935935935935935,0.15797725366003737,0.1665730293332352,0.91,0.029,-0.4008231956890711,-0.3525544321539229,0.5935946714478447,0.08440264906724193,-0.4500260923616466
0.5945945945945946,0.15757656652065602,0.1662208664377132,0.91,0.029,-0.4000003664115468,-0.351134816553639,0.5945956697940322,0.08395149636563196,-0.4516324573949504
0.5955955955955956,0.15717645212567988,0.16587005672752217,0.91,0.029,-0.3986747323073274,-0.34937590001131014,0.5955966681402198,0.083498482381368,-0.453241492220279
0.5965965965965966,0.15677841890842914,0.1655214151864393,0.91,0.029,-0.39749966141788207,-0.3476045725334558,0.5965976664864074,0.08304410839735975,-0.45472600775355687
0.5975975975975976,0.15638065700772616,0.16517415167740515,0.91,0.029,-0.3964002793418331,-0.34595908167494827,0.5975986648325949,0.08258812241790844,-0.45626468267256115
0.5985985985985985,0.15598482475559267,0.16482880441231532,0.91,0.029,-0.39497173554468645,-0.34419925614706415,0.5985996631787825,0.0821306680118017,-0.4577472347197755
0.5995995995995996,0.1555899228024315,0.16448506407751112,0.91,0.029,-0.39409147793681143,-0.3426884957435874,0.5996006615249702,0.08167171396805555,-0.45922741704638526
0.6006006006006006,0.15519585282779122,0.16414274135777354,0.91,0.029,-0.3924205243609862,-0.34098057881605826,0.6006016598711577,0.08121129624182688,-0.46074904634249236
0.6016016016016016,0.15480429612703414,0.16380242027607758,0.91,0.029,-0.3911651440563304,-0.3390303626593152,0.6016026582173453,0.0807492959012629,-0.46230953153945364
0.6026026026026026,0.1544127394262771,0.16346400189299015,0.91,0.029,-0.38982312290588084,-0.33736388928214467,0.6026036565635329,0.08028575408883136,-0.465426191668044
0.6036036036036035,0.1540238694545499,0.16312701709433156,0.91,0.029,-0.3880487479875825,-0.33588744759981637,0.6036046549097205,0.07981751420499868,-0.4697343766066169
0.6046046046046046,0.15363586505593158,0.16279155455044797,0.91,0.029,-0.3870674305662618,-0.3340175278407713,0.604605653255908,0.07934534742057002,-0.4636812787810456
0.6056056056056056,0.15324895968364644,0.16245831333489053,0.91,0.029,-0.385319410874402,-0.33224847216254716,0.6056066516020956,0.07888922581856277,-0.4326245509722213
0.6066066066066066,0.1528644548239508,0.16212639244401647,0.91,0.029,-0.3838781437025176,-0.33055749485401975,0.6066076499482832,0.07847923450048332,-0.3791265235531469
0.6076076076076076,0.1524804348714292,0.16179653656841603,0.91,0.029,-0.38234284057621437,-0.3286842930780125,0.6076086482944707,0.07813021577241769,-0.3169455679595927
0.6086086086086087,0.15209900369166607,0.16146836583124766,0.91,0.029,-0.3804846656170895,-0.3272545955685189,0.6086096466406583,0.07784471052176528,-0.274424084264993
0.6096096096096096,0.1517187038091327,0.16114137221292346,0.91,0.029,-0.3793116537943604,-0.3253191495737866,0.6096106449868459,0.07758081966341107,-0.258569699647758
0.6106106106106106,0.1513396210013871,0.16081707624251135,0.91,0.029,-0.3775374123993771,-0.3234030559326442,0.6106116433330334,0.07732705483832203,-0.2574717282103336
0.6116116116116116,0.1509628731536785,0.16049391864749277,0.91,0.029,-0.3757650579973131,-0.322118137238931,0.611612641679221,0.07706536211515388,-0.26252796866254613
0.6126126126126126,0.1505873386029941,0.16017219508687788,0.91,0.029,-0.37406505068207707,-0.32001148737245444,0.6126136400254086,0.07680147471340362,-0.24932937550755696
0.6136136136136137,0.150213994173334,0.15985325500910946,0.91,0.029,-0.3721527551075212,-0.31831569121828807,0.6136146383715961,0.0765662055300758,-0.2344110063418796
0.6146146146146146,0.14984228804221825,0.15953492643579018,0.91,0.029,-0.3706789593874191,-0.31694479353529914,0.6146156367177837,0.07633218465405087,-0.19388954346138831
0.6156156156156156,0.14947189415454037,0.15921873089792768,0.91,0.029,-0.368828141956854,-0.3146656250731752,0.6156166350639714,0.07617803930537996,-0.1495736282976594
0.6166166166166166,0.14910389336362598,0.15890496522443248,0.91,0.029,-0.3668157609609466,-0.31334877627719493,0.616617633410159,0.0760327387449324,-0.14515564486291055
0.6176176176176176,0.1487375282667307,0.15859140602049587,0.91,0.029,-0.365217101093279,-0.3117329239795623,0.6176186317563465,0.07588743818448485,-0.14120230477800533
0.6186186186186187,0.14837272799607187,0.15828087528653542,0.91,0.029,-0.3636222415597814,-0.30933076600726395,0.6186196301025341,0.0757500521978111,-0.13445439605977327
0.6196196196196196,0.14800955581115552,0.15797212520766848,0.91,0.029,-0.3617594521131622,-0.30830713343058846,0.6196206284487217,0.07561826092829788,-0.13165982742643934
0.6206206206206206,0.1476484848486982,0.15766364378817588,0.91,0.029,-0.35986095177271693,-0.30651307096381686,0.6206216267949092,0.07548646965878468,-0.13165982742644644
0.6216216216216216,0.14728911346526422,0.15735848542595915,0.91,0.029,-0.3581231208954847,-0.30421817969978804,0.6216226251410968,0.07535467838927146,-0.09609943302911717
0.6226226226226226,0.14693152164370224,0.15705459838337152,0.91,0.029,-0.3563622706147953,-0.3033077628371359,0.6226236234872844,0.07529407891172124,-0.05793090944321477
0.6236236236236237,0.1465756754860554,0.15675126267753645,0.91,0.029,-0.3547413969967863,-0.301409600266183,0.6236246218334719,0.07523870090017985,-0.05532278025463455
0.6246246246246246,0.14622132865672166,0.15645117576021597,0.91,0.029,-0.35268938243247305,-0.29927650793581506,0.6246256201796595,0.07518332288863847,-0.05532278025463455
0.6256256256256256,0.14586959063634075,0.1561521105094968,0.91,0.029,-0.3507275339609066,-0.29838196724811894,0.6256266185258471,0.07512794487709708,-0.05532278025464166
0.6266266266266266,0.14551917143157472,0.15585381446442398,0.91,0.029,-0.3496249304075718,-0.2963248083215433,0.6266276168720346,0.07507256686555569,-0.05532278025463455
0.6276276276276276,0.14516964082571499,0.15555886764999421,0.91,0.029,-0.34729578572495257,-0.29415455771302845,0.6276286152182222,0.0750171888540143,-0.05532278025463455
0.6286286286286287,0.1448238845732665,0.15526491645098447,0.91,0.029,-0.34510957518666885,-0.2932839227876798,0.6286296135644098,0.07496181084247291,-0.05532278025463455
0.6296296296296297,0.14447873076528117,0.15497171264941825,0.91,0.029,-0.34413526854253007,-0.2912973479743499,0.6296306119105973,0.07490643283093153,-0.05485455263205097
0.6306306306306306,0.14413492507668488,0.15468173857716197,0.91,0.029,-0.34180585264923025,-0.28924898663669296,0.6306316102567849,0.07485199220954183,-0.05286414244016413
0.6316316316316316,0.14379443476398143,0.15439263559909458,0.91,0.029,-0.3399218336166143,-0.2884278834871026,0.6316326086029725,0.07480059899262106,-0.051341959870860876
0.6326326326326326,0.14345440088526024,0.1541043053769876,0.91,0.029,-0.33869563404793723,-0.2865657774774064,0.63263360694916,0.07474920577570031,-0.05134195987086798
0.6336336336336337,0.14311636542654815,0.15381893033887953,0.91,0.029,-0.3362693852001968,-0.2846353161540378,0.6336346052953477,0.07469781255877954,-0.05134195987086798
0.6346346346346347,0.14278118890287742,0.15353446490420672,0.91,0.029,-0.33476984968166335,-0.28360363672682354,0.6346356036415353,0.07464641934185877,-0.05134195987086798
0.6356356356356356,0.14244615551727555,0.1532511552903774,0.91,0.029,-0.3333351780736109,-0.2819801082506501,0.6356366019877229,0.074595026124938,-0.051341959870860876
0.6366366366366366,0.14211385120903638,0.15296994016296417,0.91,0.029,-0.3307379218195905,-0.28033479056362864,0.6366376003339104,0.07454363290801724,-0.05134195987087509
0.6376376376376376,0.14178401753565478,0.1526899244784382,0.91,0.029,-0.32950383970825214,-0.27901212584310997,0.637638598680098,0.07449223969109647,-0.05134195987086798
0.6386386386386387,0.14145418386227313,0.1524113573284434,0.91,0.029,-0.32796607788971244,-0.27749388660119223,0.6386395970262856,0.0744408464741757,-0.05134195987086798
0.6396396396396397,0.1411274287911308,0.15213438116191927,0.91,0.029,-0.3254050162133808,-0.2760723989801619,0.6396405953724731,0.07438945325725493,-0.047267816658205675
0.6406406406406406,0.14080272236835245,0.15185865983298766,0.91,0.029,-0.32426824948383626,-0.27460916046101147,0.6406415937186607,0.07434621646157019,-0.042555288051886464
0.6416416416416416,0.1404782431064785,0.15158461307290824,0.91,0.029,-0.3226636523245361,-0.27313024271478525,0.6416425920648483,0.07430425771133199,-0.04191690265824377
0.6426426426426426,0.14015674909042547,0.15131185254026538,0.91,0.029,-0.3202792136009407,-0.27205456949724294,0.6426435904110358,0.07426229896109378,-0.041916902658250876
0.6436436436436437,0.13983704347964976,0.15103995928012096,0.91,0.029,-0.31909878964162885,-0.270347156941682,0.6436445887572234,0.07422034021085558,-0.04191690265824377
0.6446446446446447,0.13951791267472646,0.15077061699083258,0.91,0.029,-0.31740243021039305,-0.26874246107298916,0.644645587103411,0.07417838146061737,-0.04191690265824377
0.6456456456456456,0.13920160317892827,0.1505019363350299,0.91,0.029,-0.3150851050282739,-0.2678681446934945,0.6456465854495985,0.07413642271037917,-0.041916902658236666
0.6466466466466466,0.13888711166365886,0.15023434442888367,0.91,0.029,-0.31366512089745413,-0.2663155301096509,0.6466475837957861,0.07409446396014097,-0.04191690265824377
0.6476476476476476,0.13857364497893337,0.14996877211058615,0.91,0.029,-0.31207658683609907,-0.26473309196775574,0.6476485821419737,0.07405250520990275,-0.041916902658250876
0.6486486486486487,0.13826233371203506,0.14970434824876805,0.91,0.029,-0.310135759524627,-0.26373628410044603,0.6486495804881613,0.07401054645966454,-0.04191690265824377
0.6496496496496497,0.13795275256747264,0.14944077154181645,0.91,0.029,-0.30853629164865026,-0.26259301503210963,0.6496505788343488,0.07396858770942634,-0.04191690265824377
0.6506506506506506,0.1376446434384642,0.14917863650696203,0.91,0.029,-0.3070595577231785,-0.2608948268528479,0.6506515771805365,0.07392662895918814,-0.041633801591636654
0.6516516516516516,0.137338018718177,0.14891845957614508,0.91,0.029,-0.30535999349275755,-0.259609152190194,0.6516525755267241,0.07388523697634888,-0.040901922949103664
0.6526526526526526,0.1370333121201604,0.14865889846453922,0.91,0.029,-0.30361608163391907,-0.25910840771922494,0.6526535738729116,0.07384474344473224,-0.040453145373184896
0.6536536536536537,0.1367301787149059,0.14839972402515564,0.91,0.029,-0.3023046345768847,-0.2572663166842233,0.6536545722190992,0.0738042499131156,-0.040453145373184896
0.6546546546546547,0.13642809763652297,0.14814385078348968,0.91,0.029,-0.3006915611724139,-0.2554916071906064,0.6546555705652868,0.07376375638149896,-0.04045314537317779
0.6556556556556556,0.13612819360745362,0.14788822931606535,0.91,0.029,-0.29887623985504774,-0.2551841735106706,0.6556565689114743,0.07372326284988232,-0.040453145373192
0.6566566566566566,0.13582974680598237,0.14763297155724212,0.91,0.029,-0.2977198273775059,-0.25394067874221093,0.6566575672576619,0.07368276931826566,-0.040453145373184896
0.6576576576576576,0.13553215791700818,0.14737983956883371,0.91,0.029,-0.2960807796126943,-0.25206260003407976,0.6576585656038495,0.07364227578664902,-0.04045314537317779
0.6586586586586587,0.13523699249244342,0.14712834172734404,0.91,0.029,-0.29434472595907835,-0.25119127140951036,0.658659563950037,0.07360178225503237,-0.040453145373184896
0.6596596596596597,0.13494287918635933,0.14687695414058644,0.91,0.029,-0.2930638540232877,-0.2509424429333649,0.6596605622962246,0.07356128872341573,-0.04045314537317779
0.6606606606606606,0.13465027806997437,0.14662595445420418,0.91,0.029,-0.2915061261606411,-0.24893348175508834,0.6606615606424122,0.07352079519179909,-0.04045314537317779
0.6616616616616616,0.13435928333818992,0.14637858881174745,0.91,0.029,-0.29030190855993965,-0.24711827681427678,0.6616625589885997,0.07348030166018245,-0.040453145373192
0.6626626626626626,0.1340690930678524,0.14613122316929072,0.91,0.029,-0.2886050427759841,-0.24711815176431173,0.6626635573347873,0.07343980812856579,-0.03260933149657319
0.6636636636636637,0.13378149546476453,0.14588385777718427,0.91,0.029,-0.28694683591355385,-0.24602941254373434,0.6636645556809749,0.07341501788638574,-0.01672421992162043
0.6646646646646647,0.13349462492788527,0.14563867179282675,0.91,0.029,-0.28610629451226544,-0.24403892663782756,0.6646655540271624,0.07340632629560015,-0.008682922223293588
0.6656656656656657,0.1332087100903656,0.14539529135748894,0.91,0.029,-0.2844263375388323,-0.24307158337472856,0.66566655237335,0.07339763470481456,-0.008682922223293588
0.6666666666666666,0.13292520283071044,0.14515204199628076,0.91,0.029,-0.28278980023516453,-0.24291321984681247,0.6666675507195376,0.07338894311402896,-0.008682922223293588
0.6676676676676676,0.13264256434414906,0.14490897860504287,0.91,0.029,-0.28174652931691924,-0.241295083171849,0.6676685490657253,0.07338025152324337,-0.008682922223293588
0.6686686686686687,0.13236114571496085,0.1446689687566975,0.91,0.029,-0.28055251441659834,-0.2395527469797969,0.6686695474119128,0.07337155993245778,-0.008682922223307799
0.6696696696696697,0.1320808976486203,0.14442939352600423,0.91,0.029,-0.27879568037529623,-0.23916971416126387,0.6696705457581004,0.07336286834167217,-0.008682922223300693
0.6706706706706707,0.1318029962047,0.1441901505101284,0.91,0.029,-0.27735871143210034,-0.23853508340863527,0.670671544104288,0.07335417675088658,-0.008682922223286482
0.6716716716716716,0.13152562495306055,0.1439518458114724,0.91,0.029,-0.27691722116485096,-0.237036185543829,0.6716725424504755,0.07334548516010099,-0.008682922223293588
0.6726726726726726,0.13124860737353916,0.14371560359212274,0.91,0.029,-0.27510919564502956,-0.2358298774471166,0.6726735407966631,0.0733367935693154,-0.008682922223293588
0.6736736736736737,0.13097485579261006,0.1434797139246914,0.91,0.029,-0.27319021669278243,-0.23543669517331978,0.6736745391428507,0.0733281019785298,-0.008682922223286482
0.6746746746746747,0.1307016800127928,0.14324425885704098,0.91,0.029,-0.27267388905691803,-0.23450147969552404,0.6746755374890382,0.07331941038774421,-0.008682922223293588
0.6756756756756757,0.13042896212082444,0.14301024149286853,0.91,0.029,-0.2717730979043296,-0.23320620024118455,0.6756765358352258,0.07331071879695862,-0.008682922223293588
0.6766766766766766,0.13015758972669808,0.14277737957727885,0.91,0.029,-0.2697540557722249,-0.23229917583370252,0.6766775341814134,0.07330202720617303,-0.008682922223293588
0.6776776776776777,0.12988891396112026,0.14254517807778605,0.91,0.029,-0.26836642863275983,-0.2318177214468733,0.6776785325276009,0.07329333561538744,-0.008682922223300693
0.6786786786786787,0.12962031959930514,0.14231328003484264,0.91,0.029,-0.26829118699512833,-0.2307728856200555,0.6786795308737885,0.07328464402460184,-0.008682922223293588
0.6796796796796797,0.12935179446763653,0.14208317029876694,0.91,0.029,-0.2666643580295869,-0.22959380041005772,0.6796805292199761,0.07327595243381625,-0.008682922223293588
0.6806806806806807,0.12908645702066734,0.14185363278677446,0.91,0.029,-0.26453266720004365,-0.228894434419189,0.6806815275661637,0.07326726084303066,-0.008682922223293588
0.6816816816816816,0.12882219953830712,0.1416249231828126,0.91,0.029,-0.26399322487789334,-0.22829792026517737,0.6816825259123512,0.07325856925224507,-0.008682922223300693
0.6826826826826827,0.12855794205594684,0.1413965798933507,0.91,0.029,-0.26377614446180075,-0.2273153109520365,0.6826835242585388,0.07324987766145948,-0.008682922223293588
0.6836836836836837,0.1282941191690142,0.1411698374752009,0.91,0.029,-0.26164960079817945,-0.22634582630387,0.6836845226047265,0.07324118607067388,-0.008682922223286482
0.6846846846846847,0.12803411903132586,0.14094343509594556,0.91,0.029,-0.2597167266137461,-0.22562030956737544,0.684685520950914,0.07323249447988829,-0.008682922223300693
0.6856856856856857,0.1277741657623801,0.14071814516375472,0.91,0.029,-0.25962301165235857,-0.22486089830812261,0.6856865192971016,0.0732238028891027,-0.008682922223293588
0.6866866866866866,0.12751435324223206,0.14049326312736074,0.91,0.029,-0.2588057833776105,-0.22409647478475847,0.6866875176432892,0.0732151112983171,-0.008682922223293588
0.6876876876876877,0.12725603606592842,0.14026950357259407,0.91,0.029,-0.25692056859550405,-0.22335761104338303,0.6876885159894767,0.07320641970753151,-0.008682922223293588
0.6886886886886887,0.12699999774954834,0.1400461007428895,0.91,0.029,-0.2556527953304695,-0.22249923087601076,0.6886895143356643,0.07319772811674592,-0.008682922223293588
0.6896896896896897,0.12674421865785943,0.13982405966693642,0.91,0.029,-0.25540150362093783,-0.22167467302413968,0.6896905126818519,0.07318903652596033,-0.008682922223293588
0.6906906906906907,0.12648868342798492,0.13960230760370204,0.91,0.029,-0.25426914945198575,-0.2210871903598246,0.6906915110280394,0.07318034493517474,-0.008682922223300693
0.6916916916916916,0.12623517131160922,0.13938144266921906,0.91,0.029,-0.2526667195425176,-0.2204409414631101,0.691692509374227,0.07317165334438915,-0.008682922223300693
0.6926926926926927,0.12598284414962152,0.13916098439756966,0.91,0.029,-0.2517975130370971,-0.2195493184903512,0.6926935077204146,0.07316296175360354,-0.008682922223293588
0.6936936936936937,0.1257310721864098,0.13894190449406318,0.91,0.029,-0.2514134301370561,-0.21874758476037925,0.6936945060666021,0.07315427016281795,-0.008682922223293588
0.6946946946946947,0.12547951395915696,0.13872305129494628,0.91,0.029,-0.2501792145664581,-0.21826184090204492,0.6946955044127897,0.07314557857203235,-0.008682922223293588
0.6956956956956957,0.12523021289798847,0.13850494385161666,0.91,0.029,-0.24878316865126493,-0.2176726585537665,0.6956965027589773,0.07313688698124676,-0.008682922223286482
0.6966966966966966,0.12498144955745273,0.13828727019674056,0.91,0.029,-0.2480662519777752,-0.21678425715408878,0.6966975011051648,0.07312819539046117,-0.008682922223300693
0.6976976976976977,0.12473358376489983,0.13807094133479164,0.91,0.029,-0.2475519205497534,-0.21600821106981982,0.6976984994513524,0.07311950379967558,-0.008682922223293588
0.6986986986986987,0.12448585011691266,0.1378548213257299,0.91,0.029,-0.2463728752466352,-0.2155985316193494,0.69869949779754,0.07311081220888999,-0.008682922223293588
0.6996996996996997,0.1242403447754171,0.13763931264286103,0.91,0.029,-0.24517306567129538,-0.21510033781993343,0.6997004961437276,0.0731021206181044,-0.008682922223286482
0.7007007007007007,0.12399501314860177,0.13742419001878312,0.91,0.029,-0.24447578868412734,-0.21421342725294323,0.7007014944899151,0.0730934290273188,-0.008682922223293588
0.7017017017017017,0.12375090375703046,0.13721045693264491,0.91,0.029,-0.2438429165900189,-0.21341120281130088,0.7017024928361028,0.07308473743653321,-0.008682922223293588
0.7027027027027027,0.12350683914141453,0.13699694036350524,0.91,0.029,-0.24281497186916567,-0.21307933531727485,0.7027034911822904,0.07307604584574762,-0.008682922223293588
0.7037037037037037,0.12326478769723231,0.13678387167675443,0.91,0.029,-0.24179947459301587,-0.21271007823791876,0.7037044895284779,0.07306735425496202,-0.008682922223300693
0.7047047047047047,0.12302275610919629,0.13657109436102693,0.91,0.029,-0.24105144329017492,-0.21184179324245633,0.7047054878746655,0.07305866266417643,-0.008682922223293588
0.7057057057057057,0.12278220222517992,0.13635976398257535,0.91,0.029,-0.24031333013235923,-0.21096786075001717,0.7057064862208531,0.07304997107339084,-0.008682922223293588
0.7067067067067067,0.12254164834116354,0.13614873628144733,0.91,0.029,-0.23947368888097742,-0.21068829557091817,0.7067074845670406,0.07304127948260525,-0.008682922223300693
0.7077077077077077,0.1223027754206134,0.13593796559304397,0.91,0.029,-0.23863377683774445,-0.21047075295189188,0.7077084829132282,0.07303258789181966,-0.008682922223293588
0.7087087087087087,0.12206390304218906,0.13572737341267474,0.91,0.029,-0.23781363055409344,-0.2096535828910504,0.7087094812594158,0.07302389630103406,-0.008682922223293588
0.7097097097097097,0.12182667205614074,0.1355182387003692,0.91,0.029,-0.23698006524073634,-0.20867235966198905,0.7097104796056033,0.07301520471024847,-0.008682922223293588
0.7107107107107107,0.12158946847714255,0.13530961093086896,0.91,0.029,-0.2363208379413706,-0.2083849523492347,0.7107114779517909,0.07300651311946288,-0.008682922223293588
0.7117117117117117,0.12135355726546734,0.13510105160857894,0.91,0.029,-0.2356436714337562,-0.208321349099009,0.7117124762979785,0.07299782152867729,-0.008682922223293588
0.7127127127127127,0.12111770937517308,0.13489255117291302,0.91,0.029,-0.23477793266367541,-0.2076210273606307,0.7127134746441661,0.0729891299378917,-0.008682922223293588
0.7137137137137137,0.12088353137424876,0.13468539389614523,0.91,0.029,-0.2338626733042588,-0.20652137671220316,0.7137144729903536,0.0729804383471061,-0.008682922223300693
0.7147147147147147,0.12064951583502442,0.13447909496327898,0.91,0.029,-0.23333232586817587,-0.2060926339333804,0.7147154713365412,0.07297174675632051,-0.008682922223300693
0.7157157157157157,0.12041639959072889,0.13427279603041276,0.91,0.029,-0.23280595920488878,-0.20609263393335198,0.7157164696827288,0.0729630551655349,-0.008682922223300693
0.7167167167167167,0.12018343783861825,0.13406649709754656,0.91,0.029,-0.23195499410601172,-0.20570175220339593,0.7167174680289163,0.07295436357474931,-0.008682922223293588
0.7177177177177178,0.11995202522815429,0.13386098071068625,0.91,0.029,-0.23097069673675463,-0.20474004743421403,0.717718466375104,0.07294567198396372,-0.008607134762229407
0.7187187187187187,0.11972103404134746,0.13365660711269325,0.91,0.029,-0.23048827583073717,-0.20414379685163908,0.7187194647212916,0.0729371321194245,-0.0077151324474229455
0.7197197197197197,0.11949058723850318,0.13345228442069298,0.91,0.029,-0.23010051283461763,-0.2040901844193428,0.719720463067479,0.07293022631432274,-0.0068989175936948754
0.7207207207207207,0.11926037235399087,0.13324801815489679,0.91,0.029,-0.22935065404423938,-0.20390758547289067,0.7207214614136667,0.07292332050922096,-0.0068989175936948754
0.7217217217217217,0.11903142676994616,0.13304406102635286,0.91,0.029,-0.22831014814579476,-0.20315392753934702,0.7217224597598543,0.07291641470411919,-0.00689891759368777
0.7227227227227228,0.1188032949803256,0.13284130358524843,0.91,0.029,-0.22777329331253782,-0.20247072551269696,0.7227234581060418,0.07290950889901743,-0.0068989175936948754
0.7237237237237237,0.11857542418073184,0.13263871422852963,0.91,0.029,-0.22751168204666072,-0.202301699974484,0.7237244564522294,0.07290260309391565,-0.00689891759368777
0.7247247247247247,0.11834781613738936,0.1324362951768911,0.91,0.029,-0.22696592451161024,-0.20219712785402066,0.724725454798417,0.07289569728881388,-0.0068989175936948754
0.7257257257257257,0.11812103794547338,0.13223391517376684,0.91,0.029,-0.2258820551124785,-0.20165737056471755,0.7257264531446045,0.0728887914837121,-0.0068989175936948754
0.7267267267267267,0.11789559981083786,0.1320325767173021,0.91,0.029,-0.22517571067596975,-0.20096704066754967,0.7267274514907921,0.07288188567861034,-0.00689891759368777
0.7277277277277278,0.11767023572189786,0.13183157875601398,0.91,0.029,-0.22502547929162375,-0.20070273741124822,0.7277284498369797,0.07287497987350858,-0.006898917593680665
0.7287287287287287,0.11744509835079454,0.13163076943519747,0.91,0.029,-0.22479117428589035,-0.20054121732795238,0.7287294481831672,0.0728680740684068,-0.0068989175936948754
0.7297297297297297,0.11722020334094513,0.13143009483743953,0.91,0.029,-0.22366077978456644,-0.20024508022187604,0.7297304465293548,0.07286116826330503,-0.0068989175936948754
0.7307307307307307,0.11699732902189652,0.13122987838370223,0.91,0.029,-0.22265144472956422,-0.1996725394637764,0.7307314448755424,0.07285426245820326,-0.0068989175936948754
0.7317317317317317,0.11677445470284792,0.13103035001368823,0.91,0.029,-0.22260427821566253,-0.19927535832228216,0.73173244322173,0.07284735665310149,-0.006898917593680665
0.7327327327327328,0.11655167481125456,0.13083092871739133,0.91,0.029,-0.222554433919953,-0.19908095476111498,0.7327334415679175,0.07284045084799973,-0.006898917593701981
0.7337337337337337,0.11632890028058572,0.13063178954369598,0.91,0.029,-0.22161597982122316,-0.19892632572224045,0.7337344399141051,0.07283354504289795,-0.0068989175936948754
0.7347347347347347,0.11610799917597683,0.1304326778150445,0.91,0.029,-0.2204231351826067,-0.19845478348509005,0.7347354382602928,0.07282663923779618,-0.00689891759368777
0.7357357357357357,0.1158876127226626,0.13023448266985196,0.91,0.029,-0.22016606686092643,-0.19798352220439597,0.7357364366064802,0.0728197334326944,-0.0068989175936948754
0.7367367367367368,0.11566722626934835,0.1300363144072279,0.91,0.029,-0.22016606686091222,-0.1978061830848361,0.7367374349526679,0.07281282762759264,-0.00689891759368777
0.7377377377377378,0.11544683981603412,0.12983847429530773,0.91,0.029,-0.2197333035464979,-0.19758005318881544,0.7377384332988555,0.07280592182249088,-0.00689891759368777
0.7387387387387387,0.11522731975574174,0.12964075874518824,0.91,0.029,-0.21868815908229777,-0.1973102437280403,0.738739431645043,0.0727990160173891,-0.006898917593701981
0.7397397397397397,0.11500902568373723,0.1294434587923487,0.91,0.029,-0.21806756414918738,-0.19694892754503712,0.7397404299912306,0.07279211021228733,-0.0068989175936948754
0.7407407407407407,0.11479074805574338,0.12924646659795094,0.91,0.029,-0.21802805851892515,-0.19670460428508818,0.7407414283374182,0.07278520440718556,-0.00689891759368777
0.7417417417417418,0.11457253307408974,0.1290496557807669,0.91,0.029,-0.21799591542407626,-0.19644563862226505,0.7417424266836057,0.07277829860208379,-0.00689891759368777
0.7427427427427428,0.1143543197966361,0.12885318203614457,0.91,0.029,-0.21710786274202576,-0.19622331259319026,0.7427434250297933,0.07277139279698203,-0.0068989175936948754
0.7437437437437437,0.11413788269822983,0.12865681631611586,0.91,0.029,-0.21622066130787232,-0.19597092441271968,0.7437444233759809,0.07276448699188025,-0.0068989175936948754
0.7447447447447447,0.11392144559982356,0.12846084785313613,0.91,0.029,-0.21613349535735438,-0.19575118298362781,0.7447454217221685,0.07275758118677848,-0.0068989175936948754
0.7457457457457457,0.11370518300782473,0.1282649220558884,0.91,0.029,-0.21602114989300958,-0.19549397227510923,0.745746420068356,0.0727506753816767,-0.006898917593701981
0.7467467467467468,0.11348897082526298,0.12806946852926204,0.91,0.029,-0.2155881377329294,-0.19522399702879056,0.7467474184145436,0.07274376957657494,-0.00689891759368777
0.7477477477477478,0.1132735751244755,0.12787408322299793,0.91,0.029,-0.21484456243247507,-0.19506856097404324,0.7477484167607312,0.07273686377147318,-0.00689891759368777
0.7487487487487487,0.11305885158115392,0.12767894087966436,0.91,0.029,-0.21445607524780996,-0.19487314274390855,0.7487494151069187,0.0727299579663714,-0.0068989175936948754
0.7497497497497497,0.11284423363248791,0.1274839468010882,0.91,0.029,-0.21428350115253636,-0.19469581872176178,0.7497504134531063,0.07272305216126963,-0.00689891759368777
0.7507507507507507,0.11262985558285056,0.127289159460802,0.91,0.029,-0.21412747584414404,-0.19443242110966708,0.7507514117992939,0.07271614635616785,-0.0068989175936948754
0.7517517517517518,0.1124155499971643,0.12709469270477255,0.91,0.029,-0.21351583803630803,-0.19424772765135145,0.7517524101454814,0.07270924055106609,-0.00689891759368777
0.7527527527527528,0.11220239644764271,0.12690027512115962,0.91,0.029,-0.21294039597207615,-0.19411906100318532,0.752753408491669,0.07270233474596433,-0.0068989175936948754
0.7537537537537538,0.11198924289812112,0.12670606595601744,0.91,0.029,-0.21276437443601992,-0.19398717480064676,0.7537544068378567,0.07269542894086255,-0.0068989175936948754
0.7547547547547547,0.1117764417440671,0.12651191240884602,0.91,0.029,-0.2125442973094991,-0.19378512376263046,0.7547554051840442,0.07268852313576078,-0.0068989175936948754
0.7557557557557557,0.1115637287893934,0.12631810775028646,0.91,0.029,-0.2122363974695105,-0.19355976562092536,0.7557564035302318,0.072681617330659,-0.0068989175936948754
0.7567567567567568,0.11135154405143545,0.12612440537056588,0.91,0.029,-0.21174394562787313,-0.1934571309054931,0.7567574018764194,0.07267471152555724,-0.006898917593680665
0.7577577577577578,0.11113981698633456,0.12593080618691208,0.91,0.029,-0.21144878362949981,-0.1933738940194374,0.7577584002226069,0.07266780572045548,-0.006898917593701981
0.7587587587587588,0.11092822316328832,0.12573727044760405,0.91,0.029,-0.2111939750051519,-0.1932606986461778,0.7587593985687945,0.0726608999153537,-0.00689891759368777
0.7597597597597597,0.11071700622556349,0.12554389788131412,0.91,0.029,-0.21100572078710655,-0.19304606286971193,0.7597603969149821,0.07265399411025193,-0.00689891759368777
0.7607607607607607,0.11050578928783866,0.12535079184326028,0.91,0.029,-0.21062702002851807,-0.19290189411312042,0.7607613952611696,0.07264708830515015,-0.0068989175936948754
0.7617617617617618,0.11029533050979068,0.12515770790310968,0.91,0.029,-0.21024103067320965,-0.19285515225377736,0.7617623936073572,0.07264018250004839,-0.00689891759368777
0.7627627627627628,0.11008488632352792,0.12496469544235181,0.91,0.029,-0.21004211571023035,-0.1928162743028352,0.7627633919535448,0.07263327669494662,-0.0068989175936948754
0.7637637637637638,0.10987482577363407,0.12477168933593684,0.91,0.029,-0.20976546607774793,-0.19266244155282664,0.7637643902997324,0.07262637088984485,-0.0068989175936948754
0.7647647647647647,0.10966493544048939,0.12457898484865246,0.91,0.029,-0.2095640189337331,-0.1924774552643882,0.7647653886459199,0.07261946508474308,-0.006898917593701981
0.7657657657657657,0.10945527818818117,0.12438634908515729,0.91,0.029,-0.20927162910738417,-0.19243455786747177,0.7657663869921075,0.0726125592796413,-0.00689891759368777
0.7667667667667668,0.10924597322005418,0.1241937304785474,0.91,0.029,-0.20906788422463052,-0.1924185454560572,0.7667673853382951,0.07260565347453954,-0.006898917593680665
0.7677677677677678,0.10903672386540912,0.12400112677193192,0.91,0.029,-0.2087823147734582,-0.19238067394449132,0.7677683836844826,0.07259874766943777,-0.0068989175936948754
0.7687687687687688,0.10882799060789511,0.12380858398416404,0.91,0.029,-0.2085245242565108,-0.19226552428419552,0.7687693820306702,0.072591841864336,-0.0068989175936948754
0.7697697697697697,0.10861925735038108,0.123616210807399,0.91,0.029,-0.20835734229670066,-0.1921805912422272,0.7697703803768579,0.07258493605923423,-0.0068989175936948754
0.7707707707707707,0.1084108587914853,0.12342383805575118,0.91,0.029,-0.20814573798044478,-0.1921786309392317,0.7707713787230454,0.07257803025413245,-0.0068989175936948754
0.7717717717717718,0.10820254916623605,0.12323146880351664,0.91,0.029,-0.2079667661705784,-0.192175073614969,0.771772377069233,0.07257112444903069,-0.00689891759368777
0.7727727727727728,0.1079945089092619,0.1230391031736391,0.91,0.029,-0.20768538194461428,-0.1921439228713382,0.7727733754154206,0.07256421864392892,-0.0068989175936948754
0.7737737737737738,0.1077867626157964,0.1228467962852557,0.91,0.029,-0.20751554166780295,-0.19209962030750916,0.7737743737616081,0.07255731283882715,-0.006898917593701981
0.7747747747747747,0.10757906237939643,0.12265451934919964,0.91,0.029,-0.20737175899121496,-0.19208465912000605,0.7747753721077957,0.07255040703372538,-0.00689891759368777
0.7757757757757757,0.1073716039391373,0.12246224241314359,0.91,0.029,-0.20725098181889479,-0.19208465912001316,0.7757763704539833,0.0725435012286236,-0.00689891759368777
0.7767767767767768,0.10716414549887814,0.1222699654770875,0.91,0.029,-0.20702950659386232,-0.19209185348596947,0.7767773688001709,0.07253659542352184,-0.00689891759368777
0.7777777777777778,0.10695713045246288,0.12207767413789637,0.91,0.029,-0.20676541094749012,-0.19212239880943116,0.7777783671463584,0.07252968961842007,-0.0068989175936948754
0.7787787787787788,0.1067502007322165,0.1218853360500416,0.91,0.029,-0.20667732512714565,-0.19214810561937412,0.778779365492546,0.0725227838133183,-0.0068989175936948754
0.7797797797797797,0.10654336203378993,0.1216929932457655,0.91,0.029,-0.20658840424980696,-0.1921512276282371,0.7797803638387336,0.07251587800821653,-0.0068989175936948754
0.7807807807807807,0.106336610333318,0.12150064890764274,0.91,0.029,-0.20650245506964637,-0.19215219679357887,0.7807813621849211,0.07250897220311475,-0.0068989175936948754
0.7817817817817818,0.10612994370532218,0.12130830416309567,0.91,0.029,-0.20626895022825664,-0.19221400017366363,0.7817823605311087,0.07250206639801299,-0.00689891759368777
0.7827827827827828,0.10592365948201016,0.12111583609448223,0.91,0.029,-0.20607793908871486,-0.19231795766081206,0.7827833588772963,0.07249516059291122,-0.006898917593680665
0.7837837837837838,0.10571737525869813,0.12092328322683779,0.91,0.029,-0.2060363221997008,-0.19236464670378695,0.7837843572234838,0.07248825478780944,-0.0068989175936948754
0.7847847847847848,0.10551117435248124,0.12073072168666685,0.91,0.029,-0.20598720999279152,-0.19237675043881808,0.7847853555696714,0.07248134898270768,-0.0068989175936948754
0.7857857857857857,0.10530498845190578,0.12053814458732065,0.91,0.029,-0.2058786254187268,-0.19240162768502955,0.785786353915859,0.0724744431776059,-0.00689891759368777
0.7867867867867868,0.10509900493222353,0.12034553324285296,0.91,0.029,-0.2056810589883895,-0.19255507395288873,0.7867873522620465,0.07246753737250414,-0.0068989175936948754
0.7877877877877878,0.10489321456003711,0.1201526489437713,0.91,0.029,-0.2055816397327206,-0.19270147223660672,0.7877883506082342,0.07246063156740237,-0.007837090479974052
0.7887887887887888,0.10468743007790378,0.11995974450964655,0.91,0.029,-0.20556448187939225,-0.19273979026215216,0.7887893489544218,0.07245184754328539,-0.01053402027963557
0.7897897897897898,0.10448167405577406,0.11976678349780102,0.91,0.029,-0.2055502661075863,-0.1927771262490623,0.7897903473006093,0.07243954249364512,-0.012292777193017912
0.7907907907907907,0.10427591803364435,0.11957380431695575,0.91,0.029,-0.20544805717733539,-0.19288965743820086,0.7907913456467969,0.07242723744400487,-0.012292777193003701
0.7917917917917918,0.1040703666339976,0.11938061801744426,0.91,0.029,-0.2053250443004231,-0.19309914536545136,0.7917923439929845,0.07241493239436461,-0.012292777193010807
0.7927927927927928,0.10386485688389373,0.11918721944134922,0.91,0.029,-0.2053030930003743,-0.19322235433056534,0.792793342339172,0.07240262734472434,-0.012292777193017912
0.7937937937937938,0.10365934943079366,0.11899378647724294,0.91,0.029,-0.20530073937572269,-0.19329638156599316,0.7937943406853596,0.07239032229508409,-0.012292777193010807
0.7947947947947948,0.10345384439265104,0.11880023969847436,0.91,0.029,-0.20529247527241523,-0.19338104055117356,0.7947953390315472,0.07237801724544383,-0.012292777193017912
0.7957957957957957,0.10324835348430235,0.11860663724691027,0.91,0.029,-0.20524347395772935,-0.19359012065022796,0.7957963373777348,0.07236571219580357,-0.012292777193010807
0.7967967967967968,0.10304294654688982,0.11841267188936479,0.91,0.029,-0.20520153047510092,-0.19380931494168863,0.7967973357239223,0.07235340714616331,-0.012292777193017912
0.7977977977977978,0.10283753960947731,0.11821863061039034,0.91,0.029,-0.20520153047509382,-0.19393116025804602,0.7977983340701099,0.07234110209652306,-0.012292777193017912
0.7987987987987988,0.10263213267206481,0.11802442131827762,0.91,0.029,-0.2052015304750867,-0.19405353589467467,0.7987993324162975,0.07232879704688279,-0.012292777193010807
0.7997997997997998,0.10242672573465231,0.11783013504303363,0.91,0.029,-0.20521748550714136,-0.1942130997026581,0.799800330762485,0.07231649199724254,-0.012292777193017912
0.8008008008008007,0.10222128685523371,0.11763560630385789,0.91,0.029,-0.20525255960841804,-0.19448017154557817,0.8008013291086726,0.07230418694760227,-0.012292777193017912
0.8018018018018018,0.10201580969940022,0.1174407853502497,0.91,0.029,-0.20527180193310812,-0.19467616788625008,0.8018023274548602,0.07229188189796201,-0.012292777193003701
0.8028028028028028,0.10181033229680905,0.11724586422600751,0.91,0.029,-0.20527291107465118,-0.19485333867028487,0.8028033258010477,0.07227957684832176,-0.012292777193017912
0.8038038038038038,0.101604852920472,0.11705068857613501,0.91,0.029,-0.20527389696071197,-0.19500272192556878,0.8038043241472353,0.07226727179868149,-0.012292777193017912
0.8048048048048048,0.10139937354413496,0.11685546838631668,0.91,0.029,-0.20535911990265987,-0.19526892946444718,0.804805322493423,0.07225496674904124,-0.012292777193010807
0.8058058058058059,0.10119372355129751,0.1166597597884184,0.91,0.029,-0.20547017632729592,-0.19553588088897556,0.8058063208396105,0.07224266169940098,-0.012292777193017912
0.8068068068068068,0.10098802183977598,0.1164640051613137,0.91,0.029,-0.20550169335939472,-0.19574912288265267,0.8068073191857981,0.07223035664976071,-0.012292777193017912
0.8078078078078078,0.10078230874977721,0.1162678696525172,0.91,0.029,-0.20551502955565581,-0.1960149263197195,0.8078083175319857,0.07221805160012046,-0.012292777193003701
0.8088088088088088,0.10057658033916406,0.11607158288639935,0.91,0.029,-0.2055375414411671,-0.19622384442432406,0.8088093158781733,0.0722057465504802,-0.012292777193017912
0.8098098098098098,0.10037082218032543,0.11587502912313918,0.91,0.029,-0.20571180439562653,-0.19649748082640173,0.8098103142243608,0.07219344150083994,-0.012292777193017912
0.8108108108108109,0.10016474489492856,0.11567819453639654,0.91,0.029,-0.20587120811146065,-0.1967313850080714,0.8108113125705484,0.07218113645119968,-0.012292777193017912
0.8118118118118118,0.0999586676095317,0.11548117249649638,0.91,0.029,-0.2059005853931879,-0.19709026373192273,0.811812310916736,0.07216883140155941,-0.012292777193010807
0.8128128128128128,0.09975253151075802,0.11528361943383014,0.91,0.029,-0.2059398427023993,-0.19740072472961145,0.8128133092629235,0.07215652635191916,-0.012292777193010807
0.8138138138138138,0.09954637563214953,0.11508597585039106,0.91,0.029,-0.20604224601638066,-0.19763687946781516,0.8138143076091111,0.0721442213022789,-0.012292777193010807
0.8148148148148148,0.09934003452173626,0.11488795000546616,0.91,0.029,-0.20626666746827738,-0.19786155712670705,0.8148153059552987,0.07213191625263864,-0.012292777193017912
0.8158158158158159,0.09913342935093176,0.11468985661690415,0.91,0.029,-0.20640499526822964,-0.19830064697838168,0.8158163043014862,0.07211961120299838,-0.012292777193010807
0.8168168168168168,0.09892681130798603,0.11449095171321712,0.91,0.029,-0.20648407759618692,-0.19878890722034726,0.8168173026476738,0.07210730615335813,-0.012292777193017912
0.8178178178178178,0.09872004781420267,0.11429188082667323,0.91,0.029,-0.20655673028958432,-0.19902140669846347,0.8178183009938614,0.07209500110371786,-0.012292777193010807
0.8188188188188188,0.09851328432041931,0.11409251045856555,0.91,0.029,-0.20675341043160955,-0.199259332029321,0.8188192993400489,0.0720826960540776,-0.012292777193010807
0.8198198198198198,0.09830612707259785,0.11389296324503295,0.91,0.029,-0.20701491273971584,-0.19961284801314605,0.8198202976862365,0.07207039100443735,-0.012292777193010807
0.8208208208208209,0.09809884005067013,0.11369288513721791,0.91,0.029,-0.20713680976030702,-0.20022595531938236,0.8208212960324242,0.07205808595479708,-0.012292777193017912
0.8218218218218218,0.0978914387647694,0.11349211048163076,0.91,0.029,-0.20726990966412018,-0.2006233754041702,0.8218222943786117,0.07204578090515683,-0.012292777193010807
0.8228228228228228,0.0976838852765678,0.11329123673801036,0.91,0.029,-0.20737688814348587,-0.20080810466754428,0.8228232927247993,0.07203347585551657,-0.012292777193017912
0.8238238238238238,0.0974762698195372,0.1130900922540681,0.91,0.029,-0.20766219750218795,-0.20106725422693472,0.8238242910709869,0.0720211708058763,-0.012292777193010807
0.8248248248248248,0.09726814514142829,0.112888699692511,0.91,0.029,-0.20791655343082027,-0.2017350807874081,0.8248252894171744,0.07200886575623605,-0.012292777193017912
0.8258258258258259,0.09706002046331934,0.11268621821845767,0.91,0.029,-0.20807673047327313,-0.20234980145027492,0.825826287763362,0.0719965607065958,-0.012292777193017912
0.8268268268268268,0.09685157511045074,0.11248359498490282,0.91,0.029,-0.20827832833271742,-0.2025347769141348,0.8268272861095496,0.07198425565695553,-0.013068299466269195
0.8278278278278278,0.09664304683302362,0.11228074318960056,0.91,0.029,-0.20846316358723982,-0.20270350886487876,0.8278282844557372,0.07197039801428935,-0.016757549400217897
0.8288288288288288,0.09643423143960542,0.11207778215434251,0.91,0.029,-0.20875882526784295,-0.203340562427492,0.8288292828019247,0.07195070709848397,-0.01967127706092242
0.8298298298298298,0.09622511124690182,0.11187365497653251,0.91,0.029,-0.20896296200825049,-0.2041878308570304,0.8298302811481123,0.0719310161826786,-0.019671277060915315
0.8308308308308309,0.09601588717132062,0.11166899770818228,0.91,0.029,-0.209247873685797,-0.20448741079067645,0.8308312794942999,0.07191132526687322,-0.019671277060915315
0.8318318318318318,0.09580619658486818,0.11146427077074535,0.91,0.029,-0.20948089586599394,-0.2045447789268593,0.8318322778404874,0.07189163435106784,-0.01967127706092242
0.8328328328328328,0.09559650599841574,0.11125949865127166,0.91,0.029,-0.20973973297056858,-0.20506346291510624,0.832833276186675,0.07187194343526246,-0.019671277060929526
0.8338338338338338,0.09538629721956174,0.11105373330745184,0.91,0.029,-0.21003205516202428,-0.20611975554766104,0.8338342745328626,0.07185225251945707,-0.01967127706092242
0.8348348348348348,0.09517602140349678,0.11084684648801309,0.91,0.029,-0.2102937197720962,-0.20668227014002838,0.8348352728790501,0.07183256160365169,-0.019671277060929526
0.8358358358358359,0.09496528877156954,0.11063995498885316,0.91,0.029,-0.21067710522164873,-0.20668460766073338,0.8358362712252377,0.07181287068784631,-0.019671277060915315
0.8368368368368369,0.09475424541706703,0.11043306348969327,0.91,0.029,-0.21092261909768695,-0.20702067192802787,0.8368372695714253,0.07179317977204093,-0.019671277060915315
0.8378378378378378,0.09454302126586847,0.11022549918919747,0.91,0.029,-0.21121094203189017,-0.20814382590236136,0.8378382679176128,0.07177348885623555,-0.019671277060929526
0.8388388388388388,0.09433140068827447,0.11001635913353239,0.91,0.029,-0.21142851210046132,-0.20899827603420817,0.8388392662638005,0.07175379794043017,-0.01967127706092242
0.8398398398398398,0.09411974096136305,0.10980708422216202,0.91,0.029,-0.21195011413456655,-0.20909170831486534,0.8398402646099881,0.0717341070246248,-0.019671277060915315
0.8408408408408409,0.0939070761354525,0.10959775711488401,0.91,0.029,-0.21245216108461307,-0.20931630211322272,0.8408412629561757,0.07171441610881941,-0.019671277060915315
0.8418418418418419,0.09369441130954198,0.10938803256627967,0.91,0.029,-0.21264862050851008,-0.21035261789076287,0.8418422613023632,0.07169472519301404,-0.01967127706093663
0.8428428428428428,0.0934813531714715,0.10917663075274035,0.91,0.029,-0.21290279302940007,-0.21133901764154928,0.8428432596485508,0.07167503427720864,-0.019671277060929526
0.8438438438438438,0.09326817949166531,0.10896493142986016,0.91,0.029,-0.21329702532982964,-0.21161860058141713,0.8438442579947384,0.07165534336140326,-0.019671277060915315
0.8448448448448448,0.09305433209974014,0.1087529698907155,0.91,0.029,-0.21395199985078506,-0.2118724237096643,0.8448452563409259,0.07163565244559789,-0.01967127706092242
0.8458458458458459,0.09283984715963171,0.10854076241342439,0.91,0.029,-0.2143242040346749,-0.21281510439615658,0.8458462546871135,0.07161596152979251,-0.019671277060915315
0.8468468468468469,0.0926252546141852,0.1083269136256581,0.91,0.029,-0.21452442064298083,-0.2138657441201275,0.8468472530333011,0.07159627061398713,-0.019671277060915315
0.8478478478478478,0.09241036884002615,0.10811260276553626,0.91,0.029,-0.21469230569102393,-0.21431632542036283,0.8478482513794886,0.07157657969818175,-0.01967127706092242
0.8488488488488488,0.09219544018837736,0.10789785191310484,0.91,0.029,-0.21547665823334938,-0.2146470544766288,0.8488492497256762,0.07155688878237637,-0.01967127706092242
0.8498498498498498,0.0919789841388583,0.10768287893275022,0.91,0.029,-0.21623959346955957,-0.21554253544311308,0.8498502480718638,0.07153719786657099,-0.01967127706092242
0.8508508508508509,0.0917625280893392,0.10746633532563114,0.91,0.029,-0.21635062808852012,-0.21660793831674852,0.8508512464180513,0.07151750695076561,-0.019671277060929526
0.8518518518518519,0.09154584974829068,0.10724922940659054,0.91,0.029,-0.21648900343456035,-0.21720404474651644,0.8518522447642389,0.07149781603496022,-0.02401796725929728
0.8528528528528528,0.0913291166710518,0.1070314923932057,0.91,0.029,-0.21706703097989077,-0.21763921107614692,0.8528532431104265,0.07146942305975493,-0.029792764238294467
0.8538538538538538,0.09111128111770032,0.10681351527030197,0.91,0.029,-0.21801588484229484,-0.2185419465312961,0.853854241456614,0.07143817101949844,-0.031220871018938112
0.8548548548548548,0.0908926484331293,0.10659397097872864,0.91,0.029,-0.2184371952573656,-0.21961427835854153,0.8548552398028016,0.07140691897924195,-0.031220871018931007
0.8558558558558559,0.09067396941548338,0.10637384704535995,0.91,0.029,-0.2184984808873196,-0.2203077217401912,0.8558562381489893,0.07137566693898546,-0.031220871018938112
0.8568568568568569,0.09045521403695847,0.10615291447874825,0.91,0.029,-0.21873580937808157,-0.22083958006572146,0.8568572364951768,0.07134441489872896,-0.031220871018945218
0.8578578578578578,0.09023605988719895,0.10593172576394709,0.91,0.029,-0.2198667301327788,-0.2218154921208466,0.8578582348413644,0.07131316285847247,-0.031220871018931007
0.8588588588588588,0.09001504040305902,0.10570883941944727,0.91,0.029,-0.22079846465578612,-0.2229117328768453,0.858859233187552,0.07128191081821598,-0.031220871018938112
0.8598598598598598,0.0897940209189191,0.10548545602845792,0.91,0.029,-0.22079846465579323,-0.22366065272149882,0.8598602315337396,0.07125065877795948,-0.031220871018938112
0.8608608608608609,0.08957300143477914,0.10526107034492975,0.91,0.029,-0.22079846465578612,-0.22432515530397268,0.8608612298799271,0.071219406737703,-0.031220871018938112
0.8618618618618619,0.08935198195063922,0.10503635661843994,0.91,0.029,-0.22183551194940065,-0.2253775229804873,0.8618622282261147,0.0711881546974465,-0.031220871018938112
0.8628628628628628,0.08912888629574131,0.10480986409271657,0.91,0.029,-0.22310294892338334,-0.22646259838607108,0.8628632265723023,0.07115690265719,-0.031220871018938112
0.8638638638638638,0.08890532940024207,0.10458297804309245,0.91,0.029,-0.22335473693227925,-0.22736221511092936,0.8638642249184898,0.07112565061693352,-0.031220871018938112
0.8648648648648649,0.08868172966524625,0.10435468448288487,0.91,0.029,-0.22338696315171092,-0.22834061915794024,0.8648652232646774,0.07109439857667703,-0.031220871018931007
0.8658658658658659,0.08845810825279117,0.10412583966639985,0.91,0.029,-0.22404388016188648,-0.2292978715943761,0.865866221610865,0.07106314653642054,-0.031220871018938112
0.8668668668668669,0.08823319336862587,0.10389562968489814,0.91,0.029,-0.2253097165179625,-0.2302571514178311,0.8668672199570525,0.07103189449616404,-0.03467907462491837
0.8678678678678678,0.08800703774925171,0.10366486438828608,0.91,0.029,-0.22598430139090908,-0.23155040411305094,0.8678682183032401,0.07099371914372683,-0.04476716195148356
0.8688688688688688,0.08778077234482025,0.10343206531229945,0.91,0.029,-0.22612825542360326,-0.2327943075127834,0.8688692166494277,0.07094227078601015,-0.051397045672068487
0.8698698698698699,0.08755432852918443,0.10319880971859081,0.91,0.029,-0.22653499459991622,-0.23354269607660427,0.8698702149956152,0.07089082242829348,-0.0513970456720827
0.8708708708708709,0.08732724883210768,0.10296451236720111,0.91,0.029,-0.22778458118075662,-0.23463035720145342,0.8708712133418028,0.0708393740705768,-0.051397045672068487
0.8718718718718719,0.08709830334163537,0.10272907927374307,0.91,0.029,-0.22875769821732206,-0.23602209296358723,0.8718722116879905,0.07078792571286013,-0.05139704567207559
0.8728728728728729,0.08686927546230325,0.10249199566457132,0.91,0.029,-0.22903084216261504,-0.2372005278686231,0.8728732100341781,0.07073647735514346,-0.051397045672068487
0.8738738738738738,0.08663978313710563,0.10225420334207416,0.91,0.029,-0.22932638072745704,-0.2378943802309479,0.8738742083803656,0.07068502899742679,-0.05139704567207559
0.8748748748748749,0.086410163588975,0.10201573063908392,0.91,0.029,-0.23054470627314316,-0.23929119274363586,0.8748752067265532,0.07063358063971012,-0.051397045672068487
0.8758758758758759,0.0861782321735958,0.10177514189513993,0.91,0.029,-0.23169948396383688,-0.24090911397703252,0.8758762050727408,0.07058213228199345,-0.05139704567207559
0.8768768768768769,0.08594630075821659,0.10153343011060138,0.91,0.029,-0.23210973560716752,-0.24183559760479767,0.8768772034189283,0.07053068392427678,-0.05401494957738606
0.8778778778778779,0.0857135480182261,0.10129098654457978,0.91,0.029,-0.23253019440993938,-0.24246788431442212,0.8778782017651159,0.07047399453160072,-0.05668046867775445
0.8788788788788788,0.08548077484348199,0.10104800892078274,0.91,0.029,-0.23360275930764374,-0.2444657817665714,0.8788792001113035,0.07041720981346164,-0.05672808387281236
0.8798798798798799,0.085245874826419,0.1008015655600621,0.91,0.029,-0.23477430979865233,-0.24630219948438992,0.879880198457491,0.07036042509532256,-0.056728083872826573
0.8808808808808809,0.08501075620524642,0.10055491142431747,0.91,0.029,-0.23538711056697537,-0.24664946619205352,0.8808811968036786,0.07030364037718348,-0.05672808387281236
0.8818818818818819,0.08477462935981846,0.1003077728349529,0.91,0.029,-0.23597371914558352,-0.2480609039623971,0.8818821951498662,0.0702468556590444,-0.05672808387281236
0.8828828828828829,0.08453833634709712,0.10005829299796634,0.91,0.029,-0.23696626462105286,-0.25026117652036817,0.8828831934960537,0.07019007094090532,-0.05672808387281947
0.8838838838838838,0.08430022242364019,0.09980674945853577,0.91,0.029,-0.23807492591347312,-0.251407017020405,0.8838841918422413,0.07013328622276624,-0.05672808387281236
0.8848848848848849,0.08406170986879186,0.09955497564657413,0.91,0.029,-0.23889286729011872,-0.2517016910261418,0.8848851901884289,0.07007650150462716,-0.05821305384012021
0.8858858858858859,0.08382195842506135,0.0993028421691941,0.91,0.029,-0.23966518509039503,-0.25427138519858516,0.8858861885346164,0.07001674388152526,-0.06117621617164559
0.8868868868868869,0.0835818996884307,0.09904592382435475,0.91,0.029,-0.24065358947132154,-0.2566614264945244,0.886887186880804,0.06995402692219951,-0.06265440853584892
0.8878878878878879,0.08334016945715081,0.09878900547951538,0.91,0.029,-0.24170363474561185,-0.25672197345166836,0.8878881852269916,0.06989130996287377,-0.06265440853584892
0.8888888888888888,0.08309800852777885,0.09853196591954662,0.91,0.029,-0.24272407494675718,-0.25845910701004726,0.8888891835731791,0.06982859300354802,-0.06265440853585602
0.8898898898898899,0.08285423537317331,0.09827156982984563,0.91,0.029,-0.24372272203988388,-0.2611894455888901,0.8898901819193668,0.06976587604422227,-0.06265440853585602
0.8908908908908909,0.0826100751503216,0.09800906412657584,0.91,0.029,-0.24473950384928855,-0.26228172966659713,0.8908911802655544,0.06970315908489651,-0.06265440853585602
0.8918918918918919,0.08236426639649806,0.09774648128196456,0.91,0.029,-0.24572689089353617,-0.26315862395317424,0.891892178611742,0.06964044212557076,-0.06265440853584892
0.8928928928928929,0.08211812942280701,0.0974822200345775,0.91,0.029,-0.24701240382262313,-0.2658692608282891,0.8928931769579295,0.06957772516624501,-0.06705104389224203
0.8938938938938938,0.08186974706952585,0.09721421048951553,0.91,0.029,-0.24829074226363446,-0.26793617460734254,0.8938941753041171,0.0695062061574782,-0.07239749368136472
0.8948948948948949,0.08162105085971663,0.09694581127660484,0.91,0.029,-0.2492212001433245,-0.2684566547053251,0.8948951736503047,0.06943278562335867,-0.07334730811409429
0.8958958958958959,0.08137080572789755,0.09667675972934468,0.91,0.029,-0.2500686233930196,-0.2710281168077415,0.8958961719964922,0.06935936508923916,-0.07334730811408718
0.8968968968968969,0.08112041297504594,0.09640321244415692,0.91,0.029,-0.251581203691579,-0.27364161296689815,0.8968971703426798,0.06928594455511965,-0.0733473081141014
0.8978978978978979,0.08086713965444094,0.09612892867235391,0.91,0.029,-0.25309961928338254,-0.27450938386387236,0.8978981686888674,0.06921252402100012,-0.07334730811409429
0.8988988988988988,0.08061370703053466,0.09585364410809313,0.91,0.029,-0.25378732756310285,-0.27672517872727553,0.8988991670350549,0.06913910348688061,-0.07598117601629184
0.8998998998998999,0.08035905691657685,0.09557492431053753,0.91,0.029,-0.2547856043554404,-0.2792830680795362,0.8999001653812425,0.06906040995793274,-0.08599591242835913
0.9009009009009009,0.08010362574053376,0.0952945188466726,0.91,0.029,-0.25652327089935056,-0.2807025272485717,0.9009011637274301,0.06896693995464126,-0.09337678093821467
0.9019019019019019,0.07984549681467627,0.09501295728901889,0.91,0.029,-0.25806226622572126,-0.28292516750158114,0.9019021620736176,0.06887346995134978,-0.09337678093822177
0.9029029029029029,0.0795869845669087,0.0947281020949177,0.91,0.029,-0.25859587278311835,-0.2855210830647579,0.9029031604198052,0.0687799999480583,-0.09337678093822177
0.9039039039039038,0.07932778735965502,0.09444134350910947,0.91,0.029,-0.2599573972971143,-0.2873198980368272,0.9039041587659928,0.06868652994476682,-0.09369381540558663
0.9049049049049049,0.07906654933708462,0.09415288708383293,0.91,0.029,-0.2619928665821263,-0.28978121299693527,0.9049051571121804,0.0685924252395203,-0.09655920916078031
0.9059059059059059,0.07880327711624735,0.09386120094054702,0.91,0.029,-0.26325014878813846,-0.2924441901631525,0.905906155458368,0.06849321872740857,-0.09910756844861623
0.9069069069069069,0.07853952201218345,0.09356741322965245,0.91,0.029,-0.26360931193655546,-0.2948115271825884,0.9069071538045556,0.06839401221529684,-0.09910756844860913
0.9079079079079079,0.078275530746004,0.09327098767291422,0.91,0.029,-0.265725706042403,-0.29753475638084126,0.9079081521507432,0.06829480570318511,-0.09910756844860913
0.9089089089089089,0.07800753861670318,0.09297174805171285,0.91,0.029,-0.2680933147763298,-0.29999642143037164,0.9089091504969307,0.06819559919107337,-0.10072206194367794
0.9099099099099099,0.07773880739309844,0.09267039423661717,0.91,0.029,-0.26861694688543736,-0.3024785744611833,0.9099101488431183,0.06809316046832468,-0.10702337759909142
0.9109109109109109,0.07746976695126682,0.09236618534007883,0.91,0.029,-0.2694892457581446,-0.3053372308113538,0.9109111471893059,0.06798133874311317,-0.1117101997594645
0.9119119119119119,0.07719928938357264,0.0920591084892471,0.91,0.029,-0.27219756853155275,-0.30798455472324804,0.9119121455354934,0.06786951701790167,-0.1117101997594716
0.9129129129129129,0.07692482687412659,0.09174959964493722,0.91,0.029,-0.2741880469365938,-0.31065463711166075,0.912913143881681,0.06775769529269017,-0.1117101997594645
0.9139139139139139,0.07665036436468056,0.09143717728381837,0.91,0.029,-0.2741880469366009,-0.313548841670638,0.9139141422278686,0.06764587356747866,-0.11164576881010646
0.914914914914915,0.07637590185523449,0.09112187423618719,0.91,0.029,-0.2764357344705033,-0.3166522651540973,0.9149151405740561,0.06753418083281465,-0.1115779069144267
0.9159159159159159,0.07609693947084568,0.09080323881504136,0.91,0.029,-0.2794121734918491,-0.3197268396318407,0.9159161389202437,0.06742249496689386,-0.11157447596807657
0.9169169169169169,0.07581651812452009,0.09048178046315049,0.91,0.029,-0.28019568399258077,-0.3221436535116027,0.9169171372664313,0.06731080910097306,-0.11157447596807657
0.9179179179179179,0.07553598715054022,0.0901583065757789,0.91,0.029,-0.28117893518086134,-0.32590577643441776,0.9179181356126188,0.06719912323505227,-0.11158815465854133
0.9189189189189189,0.07525359733336723,0.08982931644626478,0.91,0.029,-0.2840661049629034,-0.3296284488167345,0.9189191339588064,0.06708740998443842,-0.11160961377694889
0.91991991991992,0.07496728623970357,0.08949838976133097,0.91,0.029,-0.2862226562294339,-0.33185386446242404,0.919920132304994,0.06697568115743355,-0.1116173942048917
0.9209209209209209,0.07468057900257755,0.08916494434523889,0.91,0.029,-0.2865320570516019,-0.3360464393724669,0.9209211306511815,0.06686395233042869,-0.1116173942048917
0.9219219219219219,0.07439364848784852,0.08882562411694167,0.91,0.029,-0.28931544659516106,-0.3395431652472851,0.9219221289973691,0.06675222350342382,-0.11246162710542507
0.9229229229229229,0.07410136889928394,0.08848517824864774,0.91,0.029,-0.2922804410512754,-0.3428916249867555,0.9229231273435567,0.06663880452494449,-0.11504277742741209
0.9239239239239239,0.07380850245971785,0.08813915439724848,0.91,0.029,-0.2929766419622766,-0.3473490141483495,0.9239241256897444,0.06652190824353248,-0.11677969484887285
0.924924924924925,0.07351482907553562,0.08778978482692931,0.91,0.029,-0.2951689324280409,-0.3502594481941017,0.9249251240359319,0.06640501196212047,-0.11677969484887285
0.9259259259259259,0.07321757366606808,0.08743793428074374,0.91,0.029,-0.29787786078043155,-0.35486395541988003,0.9259261223821195,0.06628811568070846,-0.11902610205555675
0.9269269269269269,0.07291847700190114,0.08707934647774038,0.91,0.029,-0.2996347443511169,-0.35873162958911564,0.9269271207283071,0.06616672209949892,-0.12986451757917195
0.9279279279279279,0.0726177043080078,0.08671975284012491,0.91,0.029,-0.3016294689236716,-0.36276748584708685,0.9279281190744946,0.06602812734605806,-0.13845652589609614
0.9289289289289289,0.07231461420125317,0.08635308524481329,0.91,0.029,-0.3041306731392197,-0.36806598515923383,0.9289291174206822,0.06588953259261719,-0.13845652589609614
0.92992992992993,0.07200883409151285,0.08598288400096726,0.91,0.029,-0.3065660614288035,-0.37152257199145566,0.9299301157668698,0.06575093783917632,-0.14105323595219232
0.9309309309309309,0.0717008683325268,0.08560929631189744,0.91,0.029,-0.3086077776577554,-0.3768065299291834,0.9309311141130573,0.06560714448079208,-0.14459847057573683
0.9319319319319319,0.07139100070280864,0.08522851657368163,0.91,0.029,-0.31124083578257,-0.38153189766788387,0.9319321124592449,0.0654614521793612,-0.14554699514316383
0.9329329329329329,0.07107776355618534,0.08484546868893873,0.91,0.029,-0.314274127071279,-0.38634410199093594,0.9329331108054325,0.06531575987793031,-0.15300438909034852
0.933933933933934,0.0707618232712345,0.0844550549080341,0.91,0.029,-0.316560696900801,-0.39146507826024646,0.93393410915162,0.06515513789848346,-0.17047239714293028
0.934934934934935,0.07044400840723475,0.08406175481854782,0.91,0.029,-0.3190688540064812,-0.3967532266599747,0.9349351074978076,0.06497447470270891,-0.18048301124834154
0.9359359359359359,0.07012304678673706,0.08366075415396008,0.91,0.029,-0.3221805264541544,-0.4028718571910517,0.9359361058439952,0.06479381150693435,-0.18164952124171663
0.9369369369369369,0.0697990023482675,0.08325520455390109,0.91,0.029,-0.324733206531441,-0.408456811915741,0.9369371041901828,0.06461081296201145,-0.18318191402781991
0.9379379379379379,0.06947293025714459,0.08284302279877344,0.91,0.029,-0.3271127296935248,-0.41468012107441155,0.9379381025363703,0.06442708192094772,-0.18355337360548418
0.938938938938939,0.06914412200854071,0.08242501412131967,0.91,0.029,-0.3304747796731391,-0.4206843932027624,0.9389391008825579,0.06424333971517898,-0.18359319026604126
0.93993993993994,0.06881131908662776,0.08200081180137046,0.91,0.029,-0.33353262243943504,-0.42708759998329526,0.9399400992287456,0.06405952896129248,-0.18362743014167648
0.9409409409409409,0.06847638903068401,0.0815699838911229,0.91,0.029,-0.33562843065638504,-0.4335976088363296,0.940941097574933,0.063875718207406,-0.18365608086898533
0.9419419419419419,0.0681393902965249,0.08113274852041688,0.91,0.029,-0.3394112507586513,-0.4403700347573505,0.9419420959211207,0.0636918500948582,-0.18371117571155438
0.9429429429429429,0.06779688702716319,0.08068836219991701,0.91,0.029,-0.3430597676912086,-0.44738992367572905,0.9429430942673083,0.0635079290412791,-0.18373761982683234
0.943943943943944,0.06745258395480073,0.08023707299754253,0.91,0.029,-0.3450967936427034,-0.4547729465148649,0.9439440926134958,0.0633240079877,-0.18376793372386757
0.944944944944945,0.06710600255540601,0.07977790585053787,0.91,0.029,-0.3491324702544105,-0.4622221914951581,0.9449450909596834,0.06314002624579931,-0.1838015575195051
0.9459459459459459,0.06675362005038751,0.0793117032447995,0.91,0.029,-0.3528639209856408,-0.4702194758538525,0.945946089305871,0.06295603787749254,-0.183806120465551
0.9469469469469469,0.0663995682791585,0.07883652551849815,0.91,0.029,-0.3556054721045925,-0.47858802466867445,0.9469470876520585,0.06277204700058897,-0.18381053176440787
0.9479479479479479,0.06604169718331127,0.07835356906127865,0.91,0.029,-0.3598571310728147,-0.48710881282841,0.9479480859982461,0.0625880498008765,-0.1838136900158247
0.948948948948949,0.065679133582316,0.07786133270002284,0.91,0.029,-0.36285386547833554,-0.4958019283186488,0.9489490843444337,0.06240405260116401,-0.18371103703282543
0.94994994994995,0.06531526301818945,0.07736097260818822,0.91,0.029,-0.36700938241469316,-0.5054126688357172,0.9499500826906212,0.06222026091238397,-0.18355705901371167
0.950950950950951,0.06494438006396828,0.07684949552517657,0.91,0.029,-0.3717125863806743,-0.5152616217587962,0.9509510810368088,0.06203657197615646,-0.18373811382551253
0.9519519519519519,0.06457109367608602,0.07632941780987235,0.91,0.029,-0.3740827185574602,-0.5247253528071525,0.9519520793829964,0.06185241781624204,-0.18891367925528257
0.9529529529529529,0.06419546571250193,0.07579899431835548,0.91,0.029,-0.3794294175710853,-0.5364740430296564,0.9529530777291839,0.06165836741514297,-0.19385686483714792
0.953953953953954,0.06381147522249024,0.07525539570170484,0.91,0.029,-0.3836064995216475,-0.5472302222297287,0.9539540760753715,0.06146431701404387,-0.24308065949572466
0.954954954954955,0.06342748473247858,0.07470343831789551,0.91,0.029,-0.3875035847790187,-0.5588943888227504,0.9549550744215591,0.06117172073885214,-0.3366324805424554
0.955955955955956,0.06303569226997971,0.07413648801637404,0.91,0.029,-0.39324023331099767,-0.5723491171314095,0.9559560727677467,0.06079037990145181,-0.39534703969767193
0.9569569569569569,0.06264021699812225,0.07355759423955438,0.91,0.029,-0.3964818238400589,-0.5849576130676084,0.9569570711139342,0.06038023727303711,-0.3811991192782571
0.9579579579579579,0.06224193486489452,0.0729654017039264,0.91,0.029,-0.4020541564490756,-0.5992491175205359,0.9579580694601219,0.060027220525520446,-0.3202559614790843
0.958958958958959,0.06183530377199795,0.0723578963065803,0.91,0.029,-0.40674114246048276,-0.6141420598837044,0.9589590678063095,0.05973908589744254,-0.2763480048644418
0.95995995995996,0.06142763828339202,0.07173588807052554,0.91,0.029,-0.41189950681843257,-0.6295239358177795,0.959960066152497,0.05947397273383736,-0.2672626446531261
0.960960960960961,0.061010680134723834,0.07109758812676494,0.91,0.029,-0.4179462389214663,-0.6459578302769273,0.9609610644986846,0.059204026966851564,-0.2699095222159471
0.9619619619619619,0.060590909076342056,0.0704426792011023,0.91,0.029,-0.42269954362251383,-0.662713719012828,0.9619620628448722,0.05893361476312046,-0.2703111959426643
0.9629629629629629,0.06016443480214625,0.0697708339345471,0.91,0.029,-0.42902391430677156,-0.6806028546505516,0.9629630611910597,0.05866286484666239,-0.2700523001890325
0.963963963963964,0.05973200234099314,0.06908011092352358,0.91,0.029,-0.4346452551017421,-0.7000144681030989,0.9639640595372473,0.058392970951373725,-0.2688695440215163
0.964964964964965,0.05929427413127186,0.06836940356797427,0.91,0.029,-0.4410239454984257,-0.7204856729320852,0.9649650578834349,0.058124588908850874,-0.2704660381510031
0.965965965965966,0.0588490715191745,0.06763769716389981,0.91,0.029,-0.44731631122978754,-0.7422564852471609,0.9659660562296224,0.05785149883759562,-0.2746129246866289
0.9669669669669669,0.05839874598066169,0.06688340459851053,0.91,0.029,-0.45378967093400036,-0.7659492473535607,0.96696705457581,0.05757481474194479,-0.31868194322167653
0.9679679679679679,0.05794058368947682,0.06610426523726609,0.91,0.029,-0.4606280091643704,-0.7909286723622628,0.9679680529219976,0.05721349864134611,-0.38324064245277967
0.968968968968969,0.0574765677841364,0.06529996381300043,0.91,0.029,-0.46740677078723536,-0.8171873631156146,0.9689690512681852,0.05680756824337057,-0.40720304960688836
0.96996996996997,0.057004834398611454,0.06446825450029783,0.91,0.029,-0.47487992641807253,-0.8466116887931143,0.9699700496143727,0.05639827948290806,-0.38679119919864746
0.970970970970971,0.05652585722073688,0.06360504551711836,0.91,0.029,-0.48214641822178095,-0.8730102783322629,0.9709710479605603,0.056033213541935085,-0.3184995679870859
0.9719719719719719,0.05603957630407338,0.06272048617530836,0.91,0.029,-0.49018659033831824,-0.8843679389450472,0.9719720463067479,0.055760644401274984,-0.28996729412480704
0.9729729729729729,0.05554450268552505,0.061834539132844035,0.91,0.029,-0.4980953466355338,-0.8851583736058863,0.9729730446529354,0.05545269997820026,-0.33617869010205226
0.973973973973974,0.05504238842292113,0.06094839733926049,0.91,0.029,-0.5066207478334803,-0.8854508161837131,0.973974042999123,0.05508761577564368,-0.4107029033596241
0.974974974974975,0.05453024693410664,0.060061864826169875,0.91,0.029,-0.5153453699554831,-0.885907854453805,0.9749750413453107,0.05463047412412539,-0.48414275629866665
0.975975975975976,0.05401066596054782,0.05917480804105471,0.91,0.029,-0.5242581727211828,-0.8865058910919892,0.9759760396914982,0.054118363578896385,-0.5153439568577269
0.9769769769769769,0.05348068102275294,0.058287078257417184,0.91,0.029,-0.53399288158327,-0.8872838543162871,0.9769770380376858,0.05359875722706072,-0.5162534861066383
0.9779779779779779,0.052941611142563315,0.057398463988369494,0.91,0.029,-0.543179778225948,-0.888244327681079,0.9779780363838734,0.05308482580728372,-0.5128033603784736
0.978978978978979,0.052393234019297553,0.056508811335132685,0.91,0.029,-0.5541411500121995,-0.8893404886404852,0.9789790347300609,0.05257212659574417,-0.5122217840107979
0.97997997997998,0.05183221945084716,0.05561800254964974,0.91,0.029,-0.5634866165921011,-0.8905778931145676,0.9799800330762485,0.05205935948993163,-0.5122910166444861
0.980980980980981,0.05126513268477886,0.05472587261017863,0.91,0.029,-0.5758986279860636,-0.8920393621242795,0.9809810314224361,0.05154652167488838,-0.5114773007373259
0.9819819819819819,0.050679269244668874,0.05383213796081239,0.91,0.029,-0.588982995456881,-0.8936597280689469,0.9819820297686236,0.05103538362563056,-0.49678694942877755
0.9829829829829829,0.05008598754872907,0.05293676404547608,0.91,0.029,-0.5993801797218481,-0.8953716436587023,0.9829830281148112,0.050551955845316854,-0.5059761848252116
0.983983983983984,0.049479308924905374,0.052039602137671795,0.91,0.029,-0.6139625958788315,-0.8972953972333428,0.9839840264609988,0.050022420977189855,-0.6054904838650863
0.984984984984985,0.04885683320262526,0.051140376863827684,0.91,0.029,-0.6275229749663076,-0.8994248982973971,0.9849850248071863,0.04933976589935436,-0.7295789358312526
0.985985985985986,0.0482230066727206,0.05023895169063,0.91,0.029,-0.6418189526522795,-0.9016581755573227,0.9859860231533739,0.04856180636082913,-0.76505757085366
0.986986986986987,0.0475719103744926,0.04933525539124049,0.91,0.029,-0.6584004434713329,-0.904012433008262,0.9869870214995615,0.04780812317302872,-0.7418951600117829
0.9879879879879879,0.04690488766677202,0.0484291169899128,0.91,0.029,-0.6741051679552541,-0.9066429297171936,0.9879880198457491,0.04707653470439636,-0.7221946560810082
0.988988988988989,0.046222350478686246,0.04752015443084565,0.91,0.029,-0.6900768123840919,-0.9094293493358308,0.9889890181919366,0.04636229186030355,-0.7359938460845505
0.98998998998999,0.04552335250684386,0.04660843761186303,0.91,0.029,-0.7086359187518347,-0.9122551438771431,0.9899900165381242,0.04560307745892665,-0.7618610984873406
0.990990990990991,0.04480365995065458,0.04569381780646703,0.91,0.029,-0.7275246645644842,-0.9153219618027926,0.9909910148843118,0.044837048461082545,-0.7334078849451053
0.991991991991992,0.04406684667187996,0.04477596121185748,0.91,0.029,-0.7471699071028084,-0.9186204905661093,0.9919920132304993,0.04413479729910472,-0.6468637984815828
0.992992992992993,0.04330782430079906,0.04385473774527356,0.91,0.029,-0.7687481329401677,-0.9219936101257993,0.992993011576687,0.04354202927610523,-0.6562807644282174
0.993993993993994,0.042527811370698394,0.04293012815855251,0.91,0.029,-0.7911124199361339,-0.9254619945541975,0.9939940099228746,0.042820925379449946,-0.7763730291515607
0.994994994994995,0.04172401565227831,0.04200196097939934,0.91,0.029,-0.8152489614995098,-0.9292615189624911,0.9949950082690621,0.04198773303969457,-0.8804726121589184
0.995995995995996,0.04089568131764636,0.04106974473720622,0.91,0.029,-0.8403780607894653,-0.9332167182545028,0.9959960066152497,0.04105822212218092,-0.9393351160521455
0.996996996996997,0.04004157709213928,0.04013365924115213,0.91,0.029,-0.8673079812547684,-0.9371563917473296,0.9969970049614373,0.04010718724432629,-0.9426229746382901
0.997997997997998,0.03915932900282194,0.03919355576473903,0.91,0.029,-0.8966992859547496,-0.9413635480245723,0.9979980033076248,0.039171094044798266,-0.934742728386496
0.998998998998999,0.03824638332646404,0.03824904753339516,0.91,0.029,-0.9287348369095767,-0.9458311044871657,0.9989990016538124,0.038235835393874845,-0.9346139541211542
1.0,0.0373,0.0373,0.91,0.029,-0.9454369431375956,-0.948098485861789,1.0,0.037299999999999986,-0.9349020379894444
