Q_exp,V_fit,dqdv_fit,dvdq_fit,V_fit_anode,dqdv_fit_anode,dvdq_fit_anode,V_fit_cathode,dqdv_fit_cathode,dvdq_fit_cathode,dqdv_fit_si,dqdv_fit_gr,SoCs,Q_si,Q_gr,x_si,x_gr
4.8320355951056735,,,,,,,,,,,,2.6423357664233578,,,,
4.825361512791991,,,,,,,,,,,,2.638686131386861,,,,
4.81868743047831,,,,,,,,,,,,2.6350364963503647,,,,
4.812013348164628,,,,,,,,,,,,2.6313868613138687,,,,
4.805339265850947,,,,,,,,,,,,2.6277372262773726,,,,
4.798665183537264,,,,,,,,,,,,2.624087591240876,,,,
4.791991101223582,,,,,,,,,,,,2.620437956204379,,,,
4.7853170189099,,,,,,,,,,,,2.616788321167883,,,,
4.778642936596219,,,,,,,,,,,,2.613138686131387,,,,
4.7719688542825365,,,,,,,,,,,,2.6094890510948905,,,,
4.765294771968855,,,,,,,,,,,,2.605839416058394,,,,
4.758620689655173,,,,,,,,,,,,2.6021897810218975,,,,
4.751946607341491,,,,,,,,,,,,2.5985401459854014,,,,
4.74527252502781,,,,,,,,,,,,2.5948905109489053,,,,
4.738598442714127,,,,,,,,,,,,2.591240875912409,,,,
4.731924360400445,,,,,,,,,,,,2.587591240875912,,,,
4.725250278086763,,,,,,,,,,,,2.583941605839416,,,,
4.718576195773082,,,,,,,,,,,,2.5802919708029197,,,,
4.7119021134594,,,,,,,,,,,,2.5766423357664237,,,,
4.705228031145718,,,,,,,,,,,,2.572992700729927,,,,
4.698553948832036,,,,,,,,,,,,2.56934306569343,,,,
4.691879866518354,,,,,,,,,,,,2.565693430656934,,,,
4.685205784204673,,,,,,,,,,,,2.562043795620438,,,,
4.678531701890991,,,,,,,,,,,,2.558394160583942,,,,
4.671857619577309,,,,,,,,,,,,2.554744525547445,,,,
4.665183537263626,,,,,,,,,,,,2.5510948905109485,,,,
4.658509454949945,,,,,,,,,,,,2.5474452554744524,,,,
4.651835372636263,,,,,,,,,,,,2.5437956204379564,,,,
4.645161290322581,,,,,,,,,,,,2.54014598540146,,,,
4.6384872080088995,,,,,,,,,,,,2.5364963503649633,,,,
4.631813125695217,,,,,,,,,,,,2.532846715328467,,,,
4.625139043381536,,,,,,,,,,,,2.5291970802919708,,,,
4.618464961067854,,,,,,,,,,,,2.5255474452554747,,,,
4.611790878754172,,,,,,,,,,,,2.521897810218978,,,,
4.605116796440489,,,,,,,,,,,,2.5182481751824812,,,,
4.598442714126808,,,,,,,,,,,,2.514598540145985,,,,
4.591768631813126,,,,,,,,,,,,2.510948905109489,,,,
4.585094549499445,,,,,,,,,,,,2.507299270072993,,,,
4.5784204671857625,,,,,,,,,,,,2.503649635036496,,,,
4.57174638487208,,,,,,,,,,,,2.4999999999999996,,,,
4.565072302558399,,,,,,,,,,,,2.4963503649635035,,,,
4.558398220244717,,,,,,,,,,,,2.4927007299270074,,,,
4.551724137931036,,,,,,,,,,,,2.4890510948905114,,,,
4.545050055617353,,,,,,,,,,,,2.4854014598540144,,,,
4.538375973303671,,,,,,,,,,,,2.481751824817518,,,,
4.531701890989989,,,,,,,,,,,,2.478102189781022,,,,
4.525027808676308,,,,,,,,,,,,2.4744525547445257,,,,
4.5183537263626254,,,,,,,,,,,,2.4708029197080292,,,,
4.511679644048944,,,,,,,,,,,,2.4671532846715327,,,,
4.505005561735262,,,,,,,,,,,,2.463503649635036,,,,
4.49833147942158,,,,,,,,,,,,2.45985401459854,,,,
4.491657397107899,,,,,,,,,,,,2.456204379562044,,,,
4.484983314794216,,,,,,,,,,,,2.452554744525547,,,,
4.478309232480534,,,,,,,,,,,,2.4489051094890506,,,,
4.471635150166852,,,,,,,,,,,,2.4452554744525545,,,,
4.464961067853171,,,,,,,,,,,,2.4416058394160585,,,,
4.458286985539489,,,,,,,,,,,,2.4379562043795624,,,,
4.451612903225807,,,,,,,,,,,,2.4343065693430654,,,,
4.4449388209121246,,,,,,,,,,,,2.430656934306569,,,,
4.438264738598443,,,,,,,,,,,,2.427007299270073,,,,
4.431590656284762,,,,,,,,,,,,2.423357664233577,,,,
4.42491657397108,,,,,,,,,,,,2.4197080291970807,,,,
4.418242491657398,,,,,,,,,,,,2.4160583941605838,,,,
4.411568409343715,,,,,,,,,,,,2.4124087591240873,,,,
4.404894327030034,,,,,,,,,,,,2.408759124087591,,,,
4.398220244716352,,,,,,,,,,,,2.405109489051095,,,,
4.39154616240267,,,,,,,,,,,,2.401459854014598,,,,
4.384872080088988,,,,,,,,,,,,2.397810218978102,,,,
4.378197997775306,,,,,,,,,,,,2.3941605839416056,,,,
4.3715239154616246,,,,,,,,,,,,2.3905109489051095,,,,
4.364849833147943,,,,,,,,,,,,2.3868613138686134,,,,
4.358175750834261,,,,,,,,,,,,2.3832116788321165,,,,
4.351501668520578,,,,,,,,,,,,2.37956204379562,,,,
4.344827586206897,,,,,,,,,,,,2.375912408759124,,,,
4.338153503893215,,,,,,,,,,,,2.372262773722628,,,,
4.331479421579534,,,,,,,,,,,,2.3686131386861318,,,,
4.324805339265851,,,,,,,,,,,,2.364963503649635,,,,
4.318131256952169,,,,,,,,,,,,2.3613138686131383,,,,
4.3114571746384875,,,,,,,,,,,,2.3576642335766422,,,,
4.304783092324806,,,,,,,,,,,,2.354014598540146,,,,
4.2981090100111246,,,,,,,,,,,,2.35036496350365,,,,
4.291434927697442,,,,,,,,,,,,2.346715328467153,,,,
4.28476084538376,,,,,,,,,,,,2.3430656934306566,,,,
4.278086763070078,,,,,,,,,,,,2.3394160583941606,,,,
4.271412680756397,,,,,,,,,,,,2.3357664233576645,,,,
4.264738598442714,,,,,,,,,,,,2.3321167883211675,,,,
4.258064516129033,,,,,,,,,,,,2.3284671532846715,,,,
4.2513904338153505,,,,,,,,,,,,2.324817518248175,,,,
4.244716351501669,,,,,,,,,,,,2.321167883211679,,,,
4.2380422691879875,,,,,,,,,,,,2.317518248175183,,,,
4.231368186874305,,,,,,,,,,,,2.313868613138686,,,,
4.224694104560624,,,,,,,,,,,,2.31021897810219,,,,
4.218020022246941,,,,,,,,,,,,2.3065693430656933,,,,
4.21134593993326,,,,,,,,,,,,2.302919708029197,,,,
4.204671857619578,,,,,,,,,,,,2.299270072992701,,,,
4.197997775305896,,,,,,,,,,,,2.295620437956204,,,,
4.1913236929922135,,,,,,,,,,,,2.2919708029197077,,,,
4.184649610678532,,,,,,,,,,,,2.2883211678832116,,,,
4.1779755283648505,,,,,,,,,,,,2.2846715328467155,,,,
4.171301446051169,,,,,,,,,,,,2.281021897810219,,,,
4.164627363737487,,,,,,,,,,,,2.2773722627737225,,,,
4.157953281423804,,,,,,,,,,,,2.273722627737226,,,,
4.151279199110123,,,,,,,,,,,,2.27007299270073,,,,
4.144605116796441,,,,,,,,,,,,2.266423357664234,,,,
4.137931034482759,,,,,,,,,,,,2.262773722627737,,,,
4.131256952169077,,,,,,,,,,,,2.259124087591241,,,,
4.124582869855395,,,,,,,,,,,,2.2554744525547443,,,,
4.1179087875417135,,,,,,,,,,,,2.2518248175182483,,,,
4.111234705228032,,,,,,,,,,,,2.248175182481752,,,,
4.10456062291435,,,,,,,,,,,,2.2445255474452552,,,,
4.097886540600668,,,,,,,,,,,,2.240875912408759,,,,
4.091212458286986,,,,,,,,,,,,2.2372262773722627,,,,
4.084538375973304,,,,,,,,,,,,2.2335766423357666,,,,
4.077864293659623,,,,,,,,,,,,2.22992700729927,,,,
4.07119021134594,,,,,,,,,,,,2.2262773722627736,,,,
4.064516129032258,,,,,,,,,,,,2.222627737226277,,,,
4.0578420467185765,,,,,,,,,,,,2.218978102189781,,,,
4.051167964404895,,,,,,,,,,,,2.215328467153285,,,,
4.0444938820912135,,,,,,,,,,,,2.2116788321167884,,,,
4.037819799777531,,,,,,,,,,,,2.208029197080292,,,,
4.031145717463849,,,,,,,,,,,,2.2043795620437954,,,,
4.024471635150167,,,,,,,,,,,,2.2007299270072993,,,,
4.017797552836486,,,,,,,,,,,,2.1970802919708032,,,,
4.011123470522803,,,,,,,,,,,,2.1934306569343063,,,,
4.004449388209122,,,,,,,,,,,,2.18978102189781,,,,
3.99777530589544,,,,,,,,,,,,2.1861313868613137,,,,
3.991101223581758,,,,,,,,,,,,2.1824817518248176,,,,
3.984427141268076,,,,,,,,,,,,2.178832116788321,,,,
3.977753058954394,,,,,,,,,,,,2.1751824817518246,,,,
3.9710789766407126,,,,,,,,,,,,2.1715328467153285,,,,
3.9644048943270302,,,,,,,,,,,,2.167883211678832,,,,
3.9577308120133488,,,,,,,,,,,,2.164233576642336,,,,
3.951056729699667,,,,,,,,,,,,2.1605839416058394,,,,
3.944382647385985,,,,,,,,,,,,2.156934306569343,,,,
3.937708565072303,,,,,,,,,,,,2.1532846715328464,,,,
3.931034482758621,,,,,,,,,,,,2.1496350364963503,,,,
3.9243604004449395,,,,,,,,,,,,2.1459854014598543,,,,
3.9176863181312576,,,,,,,,,,,,2.1423357664233578,,,,
3.9110122358175756,,,,,,,,,,,,2.1386861313868613,,,,
3.9043381535038937,,,,,,,,,,,,2.1350364963503647,,,,
3.8976640711902117,,,,,,,,,,,,2.1313868613138687,,,,
3.89098998887653,,,,,,,,,,,,2.127737226277372,,,,
3.884315906562848,,,,,,,,,,,,2.1240875912408756,,,,
3.8776418242491664,,,,,,,,,,,,2.1204379562043796,,,,
3.8709677419354844,,,,,,,,,,,,2.116788321167883,,,,
3.8642936596218025,,,,,,,,,,,,2.113138686131387,,,,
3.8576195773081206,,,,,,,,,,,,2.1094890510948905,,,,
3.8509454949944386,,,,,,,,,,,,2.105839416058394,,,,
3.844271412680757,,,,,,,,,,,,2.102189781021898,,,,
3.8375973303670747,,,,,,,,,,,,2.0985401459854014,,,,
3.8309232480533932,,,,,,,,,,,,2.0948905109489053,,,,
3.8242491657397113,,,,,,,,,,,,2.091240875912409,,,,
3.8175750834260294,,,,,,,,,,,,2.0875912408759123,,,,
3.8109010011123474,,,,,,,,,,,,2.083941605839416,,,,
3.8042269187986655,,,,,,,,,,,,2.0802919708029197,,,,
3.797552836484984,,,,,,,,,,,,2.076642335766423,,,,
3.7908787541713016,,,,,,,,,,,,2.0729927007299267,,,,
3.78420467185762,,,,,,,,,,,,2.0693430656934306,,,,
3.777530589543938,,,,,,,,,,,,2.065693430656934,,,,
3.7708565072302562,,,,,,,,,,,,2.062043795620438,,,,
3.7641824249165747,,,,,,,,,,,,2.0583941605839415,,,,
3.7575083426028923,,,,,,,,,,,,2.054744525547445,,,,
3.750834260289211,,,,,,,,,,,,2.051094890510949,,,,
3.744160177975529,,,,,,,,,,,,2.0474452554744524,,,,
3.737486095661847,,,,,,,,,,,,2.0437956204379564,,,,
3.730812013348165,,,,,,,,,,,,2.04014598540146,,,,
3.724137931034483,,,,,,,,,,,,2.0364963503649633,,,,
3.7174638487208016,,,,,,,,,,,,2.0328467153284673,,,,
3.710789766407119,,,,,,,,,,,,2.0291970802919708,,,,
3.7041156840934377,,,,,,,,,,,,2.0255474452554743,,,,
3.697441601779756,,,,,,,,,,,,2.021897810218978,,,,
3.690767519466074,,,,,,,,,,,,2.0182481751824817,,,,
3.684093437152392,,,,,,,,,,,,2.014598540145985,,,,
3.67741935483871,,,,,,,,,,,,2.010948905109489,,,,
3.6707452725250285,,,,,,,,,,,,2.0072992700729926,,,,
3.664071190211346,,,,,,,,,,,,2.003649635036496,,,,
3.6573971078976646,,,,,,,,,,,,2.0,,,,
3.6507230255839827,,,,,,,,,,,,1.9963503649635037,,,,
3.6440489432703007,,,,,,,,,,,,1.9927007299270072,,,,
3.637374860956619,,,,,,,,,,,,1.9890510948905111,,,,
3.630700778642937,,,,,,,,,,,,1.9854014598540144,,,,
3.6240266963292553,,,,,,,,,,,,1.9817518248175183,,,,
3.6173526140155734,,,,,,,,,,,,1.9781021897810218,,,,
3.6106785317018915,,,,,,,,,,,,1.9744525547445255,,,,
3.6040044493882095,,,,,,,,,,,,1.9708029197080292,,,,
3.5973303670745276,,,,,,,,,,,,1.9671532846715327,,,,
3.590656284760846,,,,,,,,,,,,1.9635036496350367,,,,
3.5839822024471637,,,,,,,,,,,,1.95985401459854,,,,
3.577308120133482,,,,,,,,,,,,1.9562043795620438,,,,
3.5706340378198003,,,,,,,,,,,,1.9525547445255473,,,,
3.5639599555061183,,,,,,,,,,,,1.948905109489051,,,,
3.5572858731924364,,,,,,,,,,,,1.9452554744525548,,,,
3.5506117908787544,,,,,,,,,,,,1.9416058394160582,,,,
3.543937708565073,,,,,,,,,,,,1.9379562043795622,,,,
3.5372636262513906,,,,,,,,,,,,1.9343065693430654,,,,
3.530589543937709,,,,,,,,,,,,1.9306569343065694,,,,
3.523915461624027,,,,,,,,,,,,1.9270072992700729,,,,
3.517241379310345,,,,,,,,,,,,1.9233576642335766,,,,
3.5105672969966637,,,,,,,,,,,,1.9197080291970805,,,,
3.5038932146829813,,,,,,,,,,,,1.9160583941605838,,,,
3.4972191323693,,,,,,,,,,,,1.9124087591240877,,,,
3.490545050055618,,,,,,,,,,,,1.9087591240875912,,,,
3.483870967741936,,,,,,,,,,,,1.905109489051095,,,,
3.477196885428254,,,,,,,,,,,,1.9014598540145984,,,,
3.470522803114572,,,,,,,,,,,,1.897810218978102,,,,
3.4638487208008906,,,,,,,,,,,,1.894160583941606,,,,
3.457174638487208,,,,,,,,,,,,1.8905109489051093,,,,
3.4505005561735267,,,,,,,,,,,,1.8868613138686132,,,,
3.4438264738598448,,,,,,,,,,,,1.8832116788321167,,,,
3.437152391546163,,,,,,,,,,,,1.8795620437956204,,,,
3.430478309232481,,,,,,,,,,,,1.875912408759124,,,,
3.423804226918799,,,,,,,,,,,,1.8722627737226276,,,,
3.4171301446051174,,,,,,,,,,,,1.8686131386861315,,,,
3.410456062291435,,,,,,,,,,,,1.8649635036496348,,,,
3.4037819799777536,,,,,,,,,,,,1.8613138686131387,,,,
3.3971078976640716,,,,,,,,,,,,1.8576642335766422,,,,
3.3904338153503897,,,,,,,,,,,,1.854014598540146,,,,
3.383759733036708,,,,,,,,,,,,1.8503649635036499,,,,
3.377085650723026,,,,,,,,,,,,1.8467153284671531,,,,
3.3704115684093443,,,,,,,,,,,,1.843065693430657,,,,
3.3637374860956624,,,,,,,,,,,,1.8394160583941606,,,,
3.3570634037819804,,,,,,,,,,,,1.8357664233576643,,,,
3.3503893214682985,,,,,,,,,,,,1.8321167883211678,,,,
3.3437152391546165,,,,,,,,,,,,1.8284671532846715,,,,
3.337041156840935,,,,,,,,,,,,1.8248175182481754,,,,
3.3303670745272527,,,,,,,,,,,,1.8211678832116787,,,,
3.323692992213571,,,,,,,,,,,,1.8175182481751826,,,,
3.3170189098998892,,,,,,,,,,,,1.813868613138686,,,,
3.3103448275862073,,,,,,,,,,,,1.8102189781021898,,,,
3.3036707452725254,,,,,,,,,,,,1.8065693430656933,,,,
3.2969966629588434,,,,,,,,,,,,1.802919708029197,,,,
3.290322580645162,,,,,,,,,,,,1.799270072992701,,,,
3.2836484983314795,,,,,,,,,,,,1.7956204379562042,,,,
3.276974416017798,,,,,,,,,,,,1.7919708029197081,,,,
3.270300333704116,,,,,,,,,,,,1.7883211678832116,,,,
3.263626251390434,,,,,,,,,,,,1.7846715328467153,,,,
3.2569521690767527,,,,,,,,,,,,1.781021897810219,,,,
3.2502780867630703,,,,,,,,,,,,1.7773722627737225,,,,
3.243604004449389,,,,,,,,,,,,1.7737226277372264,,,,
3.236929922135707,,,,,,,,,,,,1.77007299270073,,,,
3.230255839822025,,,,,,,,,,,,1.7664233576642336,,,,
3.223581757508343,,,,,,,,,,,,1.7627737226277371,,,,
3.216907675194661,,,,,,,,,,,,1.7591240875912408,,,,
3.2102335928809795,,,,,,,,,,,,1.7554744525547445,,,,
3.203559510567297,,,,,,,,,,,,1.751824817518248,,,,
3.1968854282536157,,,,,,,,,,,,1.748175182481752,,,,
3.1902113459399337,,,,,,,,,,,,1.7445255474452555,,,,
3.183537263626252,,,,,,,,,,,,1.7408759124087592,,,,
3.17686318131257,,,,,,,,,,,,1.7372262773722627,,,,
3.170189098998888,,,,,,,,,,,,1.7335766423357664,,,,
3.1635150166852064,,,,,,,,,,,,1.72992700729927,,,,
3.156840934371524,,,,,,,,,,,,1.7262773722627736,,,,
3.1501668520578425,,,,,,,,,,,,1.7226277372262775,,,,
3.1434927697441606,,,,,,,,,,,,1.718978102189781,,,,
3.1368186874304786,,,,,,,,,,,,1.7153284671532847,,,,
3.130144605116797,,,,,,,,,,,,1.7116788321167884,,,,
3.1234705228031148,,,,,,,,,,,,1.7080291970802919,,,,
3.1167964404894333,,,,,,,,,,,,1.7043795620437956,,,,
3.1101223581757513,,,,,,,,,,,,1.7007299270072993,,,,
3.1034482758620694,,,,,,,,,,,,1.697080291970803,,,,
3.0967741935483875,,,,,,,,,,,,1.6934306569343065,,,,
3.0901001112347055,,,,,,,,,,,,1.6897810218978102,,,,
3.083426028921024,,,,,,,,,,,,1.686131386861314,,,,
3.0767519466073416,,,,,,,,,,,,1.6824817518248174,,,,
3.07007786429366,,,,,,,,,,,,1.6788321167883211,,,,
3.063403781979978,,,,,,,,,,,,1.6751824817518248,,,,
3.0567296996662963,,,,,,,,,,,,1.6715328467153285,,,,
3.0500556173526143,,,,,,,,,,,,1.667883211678832,,,,
3.0433815350389324,,,,,,,,,,,,1.6642335766423357,,,,
3.036707452725251,,,,,,,,,,,,1.6605839416058394,,,,
3.0300333704115685,,,,,,,,,,,,1.656934306569343,,,,
3.023359288097887,,,,,,,,,,,,1.6532846715328466,,,,
3.016685205784205,,,,,,,,,,,,1.6496350364963503,,,,
3.010011123470523,,,,,,,,,,,,1.645985401459854,,,,
3.0033370411568416,,,,,,,,,,,,1.6423357664233578,,,,
2.9966629588431593,,,,,,,,,,,,1.6386861313868613,,,,
2.9899888765294778,,,,,,,,,,,,1.635036496350365,,,,
2.983314794215796,,,,,,,,,,,,1.6313868613138687,,,,
2.976640711902114,,,,,,,,,,,,1.6277372262773722,,,,
2.969966629588432,,,,,,,,,,,,1.6240875912408759,,,,
2.96329254727475,,,,,,,,,,,,1.6204379562043796,,,,
2.9566184649610685,,,,,,,,,,,,1.6167883211678833,,,,
2.949944382647386,,,,,,,,,,,,1.6131386861313868,,,,
2.9432703003337046,,,,,,,,,,,,1.6094890510948905,,,,
2.9365962180200227,,,,,,,,,,,,1.6058394160583942,,,,
2.9299221357063407,,,,,,,,,,,,1.6021897810218977,,,,
2.923248053392659,,,,,,,,,,,,1.5985401459854014,,,,
2.916573971078977,,,,,,,,,,,,1.594890510948905,,,,
2.9098998887652954,,,,,,,,,,,,1.5912408759124088,,,,
2.903225806451613,,,,,,,,,,,,1.5875912408759123,,,,
2.8965517241379315,,,,,,,,,,,,1.583941605839416,,,,
2.8898776418242496,,,,,,,,,,,,1.5802919708029197,,,,
2.8832035595105676,,,,,,,,,,,,1.5766423357664232,,,,
2.876529477196886,,,,,,,,,,,,1.5729927007299271,,,,
2.8698553948832037,,,,,,,,,,,,1.5693430656934306,,,,
2.8631813125695222,,,,,,,,,,,,1.5656934306569343,,,,
2.8565072302558403,,,,,,,,,,,,1.562043795620438,,,,
2.8498331479421584,,,,,,,,,,,,1.5583941605839415,,,,
2.8431590656284764,,,,,,,,,,,,1.5547445255474452,,,,
2.8364849833147945,,,,,,,,,,,,1.5510948905109487,,,,
2.8298109010011125,,,,,,,,,,,,1.5474452554744524,,,,
2.823136818687431,,,,,,,,,,,,1.5437956204379564,,,,
2.816462736373749,,,,,,,,,,,,1.5401459854014599,,,,
2.809788654060067,,,,,,,,,,,,1.5364963503649636,,,,
2.8031145717463852,,,,,,,,,,,,1.532846715328467,,,,
2.7964404894327033,,,,,,,,,,,,1.5291970802919708,,,,
2.7897664071190214,,,,,,,,,,,,1.5255474452554743,,,,
2.78309232480534,,,,,,,,,,,,1.5218978102189782,,,,
2.776418242491658,,,,,,,,,,,,1.518248175182482,,,,
2.769744160177976,,,,,,,,,,,,1.5145985401459854,,,,
2.763070077864294,,,,,,,,,,,,1.510948905109489,,,,
2.756395995550612,,,,,,,,,,,,1.5072992700729926,,,,
2.74972191323693,,,,,,,,,,,,1.5036496350364963,,,,
2.7430478309232487,,,,,,,,,,,,1.5000000000000002,,,,
2.7363737486095667,,,,,,,,,,,,1.4963503649635037,,,,
2.729699666295885,,,,,,,,,,,,1.4927007299270074,,,,
2.723025583982203,,,,,,,,,,,,1.489051094890511,,,,
2.716351501668521,,,,,,,,,,,,1.4854014598540146,,,,
2.709677419354839,,,,,,,,,,,,1.481751824817518,,,,
2.703003337041157,,,,,,,,,,,,1.4781021897810218,,,,
2.6963292547274755,,,,,,,,,,,,1.4744525547445257,,,,
2.6896551724137936,,,,,,,,,,,,1.4708029197080292,,,,
2.6829810901001117,,,,,,,,,,,,1.467153284671533,,,,
2.6763070077864297,,,,,,,,,,,,1.4635036496350364,,,,
2.6696329254727478,,,,,,,,,,,,1.4598540145985401,,,,
2.662958843159066,,,,,,,,,,,,1.4562043795620436,,,,
2.6562847608453843,,,,,,,,,,,,1.4525547445255476,,,,
2.6496106785317024,,,,,,,,,,,,1.4489051094890513,,,,
2.6429365962180205,,,,,,,,,,,,1.4452554744525548,,,,
2.6362625139043385,,,,,,,,,,,,1.4416058394160585,,,,
2.6295884315906566,,,,,,,,,,,,1.437956204379562,,,,
2.6229143492769746,,,,,,,,,,,,1.4343065693430657,,,,
2.616240266963293,,,,,,,,,,,,1.4306569343065694,,,,
2.609566184649611,,,,,,,,,,,,1.427007299270073,,,,
2.6028921023359293,,,,,,,,,,,,1.4233576642335768,,,,
2.5962180200222473,,,,,,,,,,,,1.4197080291970803,,,,
2.5895439377085654,,,,,,,,,,,,1.416058394160584,,,,
2.5828698553948835,,,,,,,,,,,,1.4124087591240875,,,,
2.5761957730812015,,,,,,,,,,,,1.4087591240875912,,,,
2.56952169076752,,,,,,,,,,,,1.405109489051095,,,,
2.562847608453838,,,,,,,,,,,,1.4014598540145986,,,,
2.556173526140156,,,,,,,,,,,,1.3978102189781023,,,,
2.549499443826474,,,,,,,,,,,,1.3941605839416058,,,,
2.5428253615127923,,,,,,,,,,,,1.3905109489051095,,,,
2.5361512791991103,,,,,,,,,,,,1.386861313868613,,,,
2.529477196885429,,,,,,,,,,,,1.383211678832117,,,,
2.522803114571747,,,,,,,,,,,,1.3795620437956204,,,,
2.516129032258065,,,,,,,,,,,,1.3759124087591241,,,,
2.509454949944383,,,,,,,,,,,,1.3722627737226278,,,,
2.502780867630701,,,,,,,,,,,,1.3686131386861313,,,,
2.496106785317019,,,,,,,,,,,,1.364963503649635,,,,
2.4894327030033376,,,,,,,,,,,,1.3613138686131387,,,,
2.4827586206896557,,,,,,,,,,,,1.3576642335766425,,,,
2.4760845383759738,,,,,,,,,,,,1.354014598540146,,,,
2.469410456062292,,,,,,,,,,,,1.3503649635036497,,,,
2.46273637374861,,,,,,,,,,,,1.3467153284671534,,,,
2.456062291434928,,,,,,,,,,,,1.3430656934306568,,,,
2.449388209121246,,,,,,,,,,,,1.3394160583941606,,,,
2.4427141268075645,,,,,,,,,,,,1.3357664233576643,,,,
2.4360400444938826,,,,,,,,,,,,1.332116788321168,,,,
2.4293659621802006,,,,,,,,,,,,1.3284671532846715,,,,
2.4226918798665187,,,,,,,,,,,,1.3248175182481752,,,,
2.4160177975528367,,,,,,,,,,,,1.3211678832116789,,,,
2.409343715239155,,,,,,,,,,,,1.3175182481751824,,,,
2.4026696329254733,,,,,,,,,,,,1.3138686131386863,,,,
2.3959955506117914,,,,,,,,,,,,1.3102189781021898,,,,
2.3893214682981094,,,,,,,,,,,,1.3065693430656935,,,,
2.3826473859844275,,,,,,,,,,,,1.302919708029197,,,,
2.3759733036707456,,,,,,,,,,,,1.2992700729927007,,,,
2.3692992213570636,,,,,,,,,,,,1.2956204379562044,,,,
2.362625139043382,,,,,,,,,,,,1.2919708029197081,,,,
2.3559510567297,,,,,,,,,,,,1.2883211678832118,,,,
2.3492769744160182,,,,,,,,,,,,1.2846715328467153,,,,
2.3426028921023363,,,,,,,,,,,,1.281021897810219,,,,
2.3359288097886544,,,,,,,,,,,,1.2773722627737225,,,,
2.3292547274749724,,,,,,,,,,,,1.2737226277372262,,,,
2.3225806451612905,,,,,,,,,,,,1.27007299270073,,,,
2.315906562847609,,,,,,,,,,,,1.2664233576642336,,,,
2.309232480533927,,,,,,,,,,,,1.2627737226277373,,,,
2.302558398220245,,,,,,,,,,,,1.2591240875912408,,,,
2.295884315906563,,,,,,,,,,,,1.2554744525547445,,,,
2.2892102335928812,,,,,,,,,,,,1.251824817518248,,,,
2.2825361512791993,,,,,,,,,,,,1.2481751824817517,,,,
2.275862068965518,,,,,,,,,,,,1.2445255474452557,,,,
2.269187986651836,,,,,,,,,,,,1.2408759124087592,,,,
2.262513904338154,,,,,,,,,,,,1.2372262773722629,,,,
2.255839822024472,,,,,,,,,,,,1.2335766423357664,,,,
2.24916573971079,,,,,,,,,,,,1.22992700729927,,,,
2.242491657397108,,,,,,,,,,,,1.2262773722627736,,,,
2.2358175750834266,,,,,,,,,,,,1.2226277372262775,,,,
2.2291434927697447,,,,,,,,,,,,1.2189781021897812,,,,
2.2224694104560627,,,,,,,,,,,,1.2153284671532847,,,,
2.215795328142381,,,,,,,,,,,,1.2116788321167884,,,,
2.209121245828699,,,,,,,,,,,,1.2080291970802919,,,,
2.202447163515017,,,,,,,,,,,,1.2043795620437956,,,,
2.195773081201335,,,,,,,,,,,,1.200729927007299,,,,
2.1890989988876535,,,,,,,,,,,,1.197080291970803,,,,
2.1824249165739715,,,,,,,,,,,,1.1934306569343067,,,,
2.1757508342602896,,,,,,,,,,,,1.1897810218978102,,,,
2.1690767519466077,,,,,,,,,,,,1.186131386861314,,,,
2.1624026696329257,,,,,,,,,,,,1.1824817518248174,,,,
2.1557285873192438,,,,,,,,,,,,1.1788321167883211,,,,
2.1490545050055623,,,,,,,,,,,,1.175182481751825,,,,
2.1423804226918803,,,,,,,,,,,,1.1715328467153285,,,,
2.1357063403781984,,,,,,,,,,,,1.1678832116788322,,,,
2.1290322580645165,,,,,,,,,,,,1.1642335766423357,,,,
2.1223581757508345,,,,,,,,,,,,1.1605839416058394,,,,
2.1156840934371526,,,,,,,,,,,,1.156934306569343,,,,
2.109010011123471,,,,,,,,,,,,1.1532846715328469,,,,
2.102335928809789,,,,,,,,,,,,1.1496350364963506,,,,
2.095661846496107,,,,,,,,,,,,1.145985401459854,,,,
2.0889877641824253,,,,,,,,,,,,1.1423357664233578,,,,
2.0823136818687433,,,,,,,,,,,,1.1386861313868613,,,,
2.0756395995550614,,,,,,,,,,,,1.135036496350365,,,,
2.0689655172413794,,,,,,,,,,,,1.1313868613138685,,,,
2.062291434927698,,,,,,,,,,,,1.1277372262773724,,,,
2.055617352614016,,,,,,,,,,,,1.124087591240876,,,,
2.048943270300334,,,,,,,,,,,,1.1204379562043796,,,,
2.042269187986652,,,,,,,,,,,,1.1167883211678833,,,,
2.03559510567297,,,,,,,,,,,,1.1131386861313868,,,,
2.0289210233592883,,,,,,,,,,,,1.1094890510948905,,,,
2.0222469410456068,,,,,,,,,,,,1.1058394160583942,,,,
2.015572858731925,,,,,,,,,,,,1.102189781021898,,,,
2.008898776418243,,,,,,,,,,,,1.0985401459854016,,,,
2.002224694104561,,,,,,,,,,,,1.094890510948905,,,,
1.995550611790879,,,,,,,,,,,,1.0912408759124088,,,,
1.988876529477197,,,,,,,,,,,,1.0875912408759123,,,,
1.9822024471635156,,,,,,,,,,,,1.0839416058394162,,,,
1.9755283648498336,,,,,,,,,,,,1.0802919708029197,,,,
1.9688542825361517,,,,,,,,,,,,1.0766423357664234,,,,
1.9621802002224698,,,,,,,,,,,,1.0729927007299271,,,,
1.9555061179087878,,,,,,,,,,,,1.0693430656934306,,,,
1.9488320355951059,,,,,,,,,,,,1.0656934306569343,,,,
1.9421579532814244,,,,,,,,,,,,1.062043795620438,,,,
1.9354838709677424,,,,,,,,,,,,1.0583941605839418,,,,
1.9288097886540605,,,,,,,,,,,,1.0547445255474452,,,,
1.9221357063403786,,,,,,,,,,,,1.051094890510949,,,,
1.9154616240266966,,,,,,,,,,,,1.0474452554744527,,,,
1.9087875417130147,,,,0.03766891680684005,2.806578766419234,0.35630569573354515,,,,,,1.0437956204379562,1.1195641941952,1.4694181182372648,0.9996108876742855,0.9996041620661665
1.9021134593993327,,,,0.04004693034899944,2.8744016031973336,0.34789849786044247,,,,,,1.0401459854014599,1.1167400652434267,1.4656706391420957,0.9970893439673452,0.9970548565592487
1.8954393770856512,,,,0.0423127232298937,3.0226321763675528,0.33083747596498814,,,,,,1.0364963503649636,1.1140190286946567,1.462080219048354,0.9946598470488006,0.9946123939104449
1.8887652947719693,,,,0.04446300344308148,3.192000063670093,0.31328320177106184,,,,,,1.0328467153284673,1.1114118979730063,1.4572335201474056,0.9923320517616128,0.9913153198281671
1.8820912124582874,,,,0.04649447898212149,3.3871245372228085,0.2952356752786911,,,,,,1.0291970802919708,1.108928476805584,1.4530995868271093,0.990114711433557,0.9885031202905505
1.8754171301446054,,,,0.0484038578405724,3.6140890659466547,0.2766948964878555,,,,,,1.0255474452554745,1.1065777013675506,1.4490657196883652,0.9880158047924558,0.9857589929852825
1.8687430478309235,,,,0.05018784801199279,3.893669436293634,0.25682714374230375,,,,,,1.0218978102189782,1.1043677032731016,1.4452684348508025,0.9860425922081264,0.9831758060209541
1.8620689655172415,4.233155108092549,-1.0601908951944472,-0.9432263609626569,0.05183202883602031,4.236673189264524,0.2360342550220631,4.284969266123204,-1.3752893282909997,-0.7271197263216227,0.29910311796638794,0.7545479786154089,1.0182481751824817,1.1023208568484537,1.4399339395876036,0.9842150507575479,0.979546897678642
1.85539488320356,4.227169324311209,-1.0678277256872892,-0.9364806475280147,0.053338472105724385,4.649381261888569,0.21508238272414815,4.280499285897536,-1.3734901185184982,-0.7280722201908816,0.2863464920923891,0.7215215770654491,1.0145985401459856,1.1004379517616105,1.4351839315072403,0.9825338855014378,0.9763155996647894
1.8487208008898781,4.22068258416929,-1.083464555738372,-0.9229651258120839,0.054702983889067816,5.1436334026477555,0.19441509954524294,4.275513495950425,-1.3707929963578598,-0.7295047484608972,0.263274321781882,0.784710116226715,1.010948905109489,1.098727410832318,1.4308776737568203,0.9810066168145696,0.9733861726236873
1.8420467185761962,4.214610761474324,-1.0996244168546874,-0.9094014144032485,0.055933556860499625,5.636899526032305,0.17740248790701418,4.270533247089706,-1.369877354637856,-0.7299923577934919,0.24485850015227603,0.8808300281135156,1.0072992700729928,1.0971804389227733,1.4250473991863006,0.9796253918953333,0.9694199994464631
1.8353726362625142,4.208510129555813,-1.1163336756582636,-0.8957895133015086,0.057070981502954574,6.090736025718173,0.16418376954402447,4.265612311802362,-1.3707360633092198,-0.7295350481884952,0.23047070422194993,0.8854044651683103,1.0036496350364963,1.0957480217133955,1.4200655438222605,0.9783464479583888,0.966030982192014
1.8286985539488323,4.202663342726255,-1.133620503392334,-0.8821294225073757,0.05812510884551444,6.510354639248134,0.153601463424347,4.260762841604366,-1.3733758086677832,-0.7281328196468166,0.21949199316785956,1.0154551534890999,1.0,1.094418563091995,1.4143490568660186,0.9771594313321382,0.9621422155551147
1.8220244716351504,4.196922234415913,-1.1517631894955327,-0.8682340338016843,0.05912127912374677,7.0204294584732505,0.14244142839339524,4.255900199293016,-1.3766966434053776,-0.7263764350630026,0.20647246045608722,1.0252682964549942,0.9963503649635036,1.0931606951955468,1.4080417353738497,0.9760363349960239,0.9578515206624828
1.8153503893214689,4.191221747660775,-1.1738700418268397,-0.8518830572111256,0.060026440481466284,7.660399381969387,0.1305414966161873,4.2510730548424425,-1.3863058149255023,-0.7213415605947944,0.19330708928020032,0.7445815436205956,0.9927007299270074,1.0920167436052153,1.4024030416158155,0.9750149496475136,0.954015674568582
1.808676307007787,4.185330509258464,-1.1933717580381695,-0.8379618448855695,0.060863768511282036,8.135524872043032,0.12291769931604613,4.246334866473245,-1.398515051407625,-0.7150441455696068,0.18542166869452062,0.7272679876896241,0.9890510948905111,1.090957873622268,1.3987777234363807,0.9740695300198822,0.9515494717254291
1.802002224694105,4.179780505389471,-1.2081436029910415,-0.8277161734120568,0.06166716616755368,8.626586158602212,0.11592071088316036,4.24160060687377,-1.4048979694911758,-0.7117954625289826,0.17676820310074448,1.0062942495091844,0.9854014598540147,1.0899414851935285,1.3938878262456627,0.9731620403513647,0.9482230110514712
1.795328142380423,4.174404859229212,-1.2215141191484205,-0.8186561123805518,0.06241109724387152,9.207030512839093,0.10861265188656777,4.236848272953138,-1.4083644954694734,-0.7100434604939778,0.16777015453691976,1.246341436893981,0.9817518248175183,1.0890001246350183,1.3869391599144694,0.9723215398526948,0.9434960271527002
1.788654060066741,4.169086993559268,-1.2340845343747169,-0.8103172612131289,0.06311694572555014,9.792045541704331,0.10212370803842763,4.232152460152848,-1.412043353850389,-0.7081935531746808,0.15989999776397576,1.1900624241256275,0.9781021897810219,1.0881061220546409,1.380259967836228,0.971523323263072,0.9389523590722639
1.7819799777530592,4.163687094193304,-1.2498721865849374,-0.8000818089506652,0.06377426131112529,10.659041714379464,0.09381706412228041,4.227374136571272,-1.415899642906777,-0.7062647448282746,0.15044285492847717,1.1047779957717583,0.9744525547445255,1.08726771289711,1.374040025784454,0.9707747436581339,0.934721105975819
1.7753058954393772,4.158287131852112,-1.2667735648196161,-0.7894070635602475,0.0643692313423103,11.844042265602477,0.0844306342019907,4.222594455167249,-1.4184871413506235,-0.7049764293582825,0.14054293990989292,1.0090173361973334,0.9708029197080291,1.086494975956933,1.3684104862221746,0.9700847999615471,0.9308914872259691
1.7686318131256957,4.1530715478377305,-1.2790954837232236,-0.7818024633228902,0.06490125531604618,12.65719493981648,0.07900644690667136,4.21799475069557,-1.422887974094224,-0.7027960164162437,0.13630075455278462,1.006598011013899,0.9671532846715329,1.0857826932577648,1.3633542324769858,0.9694488332658613,0.9274518588278816
1.7619577308120138,4.147808398049524,-1.2886483516726788,-0.7760068902443322,0.06542382240224359,13.040495891330433,0.07668420038112345,4.213285734504763,-1.4299550329127821,-0.6993226898632088,0.13596780968787542,1.1156668564126035,0.9635036496350367,1.085072597931386,1.3578686115198484,0.9688148195815945,0.9237201438910534
1.7552836484983318,4.142640856527018,-1.3001341947611296,-0.7691513722425611,0.06592484864705117,13.81880326617608,0.07236516655879122,4.208604134289986,-1.4351604435377856,-0.6967862056836793,0.1322270171700432,1.2169731113221691,0.9598540145985403,1.0843742141061892,1.351715543138249,0.9681912625948117,0.9195343830872442
1.74860956618465,4.137592029831389,-1.3142279224164097,-0.7609030237018146,0.06638976455875695,14.90771882067908,0.06707934406522753,4.2039942625181395,-1.441288369580861,-0.69382367963658,0.1258449411738002,1.2723544603023162,0.9562043795620438,1.0837133127400376,1.3453663996134588,0.9676011720893192,0.9152152378322849
1.741935483870968,4.13256074373668,-1.3270572723901586,-0.7535469800778856,0.06682023477472941,16.01667645201064,0.06243492543513707,4.199361898842928,-1.4469433621972403,-0.691112054642872,0.12074702811488269,1.2857983663246668,0.9525547445255474,1.0830938994808108,1.3387809903749763,0.9670481245364382,0.9107353676020247
1.735261401557286,4.12757481208493,-1.3349900452753443,-0.7490692560136267,0.06722315622196234,17.041341158426494,0.058680827447992634,4.194763125079836,-1.448459966337489,-0.6903884285656545,0.11599256403761,1.2336247673460259,0.948905109489051,1.0824980229217127,1.3324264874408203,0.9665160918943863,0.9064125764903539
1.7285873192436045,4.122607731413406,-1.3435202183035464,-0.7443133243373836,0.06760351611997514,17.87651931314907,0.055939301297006416,4.190182776621974,-1.452698629711916,-0.6883740230403532,0.11323761876798988,1.18341699904068,0.9452554744525549,1.081932685896192,1.3264278046529125,0.9660113266930284,0.9023318398999405
1.7219132369299226,4.1176263555539485,-1.3520069709844071,-0.7396411567847849,0.06796984322481446,18.59626030995866,0.05377425263640134,4.185587908146277,-1.4580088264234694,-0.6858669041483267,0.11116543709505783,1.1851676589800064,0.9416058394160585,1.081372967429152,1.3206614976007165,0.9655115780617427,0.8984091820413038
1.7152391546162407,4.112630058130115,-1.3589025219235171,-0.7358879565434222,0.06832130369687928,19.47739315320836,0.05134157287548913,4.180953801991544,-1.460821390424648,-0.6845463836679642,0.10818509243142889,1.215271276917789,0.9379562043795622,1.0808344594206434,1.3147206941761316,0.9650307673398602,0.8943678191674365
1.7085650723025587,4.107795437167292,-1.3658919939396577,-0.7321223086722171,0.06865515899178429,20.638029314253885,0.048454238763453006,4.1764605491928375,-1.46269811918148,-0.6836680699087765,0.10400529840752466,1.218965976262623,0.9343065693430658,1.080309989513486,1.3087233771565625,0.964562490637041,0.8902880116711309
1.7018909899888768,4.102853416873704,-1.3743574684921074,-0.7276127375341161,0.06896807885278745,22.20562718370733,0.04503363006714434,4.171844368029041,-1.4650316557606278,-0.6825791074670065,0.0982771839539339,1.259659233270103,0.9306569343065694,1.0798163671207395,1.3028076841878293,0.964121756357803,0.88626373074002
1.6952169076751948,4.098081991450936,-1.3857752468178253,-0.721617738732391,0.06925627529968834,24.185558588264293,0.041346987970136695,4.167350955941768,-1.4700029346835959,-0.680270750762304,0.09222483749503953,1.3215910006335552,0.927007299270073,1.0793537050468212,1.296455083790849,0.963708665220376,0.8819422338713259
1.6885428253615133,4.093285007473958,-1.3986746121325468,-0.7149625733717357,0.06951998525505845,26.449354133657447,0.03780810657782663,4.162812582173761,-1.4767679296787815,-0.6771544667939224,0.0855184191673152,1.3631147539960435,0.9233576642335768,1.0789256741341442,1.2900774206975467,0.9633264947626287,0.8776036875493516
1.6818687430478314,4.0885426237844555,-1.4093056701696127,-0.70956927312983,0.06976094413053807,28.56030829559949,0.03501362764190041,4.158297884743104,-1.4824573875986862,-0.674555645487942,0.0810920163275923,1.379499004655259,0.9197080291970804,1.0785345707825684,1.2834329747357025,0.9629772953415788,0.8730836562827908
1.6751946607341495,4.083790331058692,-1.4186875089717526,-0.7048768623646993,0.06998735292102376,30.350697631811535,0.03294817180583909,4.153767785148383,-1.488253164436816,-0.6719286905587865,0.0778381625171139,1.3755461172439845,0.916058394160584,1.0781572091204374,1.2770056987547234,0.9626403652861047,0.8687113596970908
1.6685205784204675,4.079079473043379,-1.4299874117953837,-0.6993068552571913,0.07020074175197308,32.302773684261716,0.03095709395652335,4.149265212000098,-1.4962225737223922,-0.6683497613006466,0.07373368191023325,1.369551345540784,0.9124087591240877,1.0778011230731022,1.2704888457545356,0.9623224313152696,0.8642781263636297
1.6618464961067856,4.074477993828225,-1.4394977898289414,-0.6946867213452492,0.07040057330754021,34.42365216400262,0.02904979388113027,4.144865524141406,-1.5023204974667048,-0.6656369274640497,0.0704054205540632,1.3333765484485336,0.9087591240875913,1.077467660312009,1.2642146043860163,0.9620246967071507,0.8600099349564737
1.6551724137931036,4.069887845535189,-1.4501669972413564,-0.689575753621682,0.0705885031830894,36.76990260251371,0.027196155801936683,4.140471713337205,-1.5097083353586036,-0.6623795978197791,0.06719726447330933,1.32210425610825,0.9051094890510949,1.0771477652122714,1.2581202874574169,0.9617390760823851,0.8558641411274945
1.6484983314794217,4.065260489934854,-1.4638660245908437,-0.6831226240663,0.07076359207241589,39.43001467850668,0.025361390508056303,4.13602767020288,-1.5203085085907675,-0.6577612335584035,0.06342253085135056,1.2854518375903168,0.9014598540145985,1.0768480352128689,1.2520453410095056,0.96147146001149,0.8517315244962623
1.6418242491657402,4.0606888754453525,-1.4773451688722619,-0.6768898840095403,0.0709270311987698,42.896832006069445,0.023311744789417332,4.13163936817939,-1.5300389348906063,-0.6535781392200306,0.05868550834992504,1.3391055702119892,0.8978102189781023,1.076568248131959,1.2463745988858181,0.9612216501178205,0.8478738767930736
1.6351501668520583,4.056244115872167,-1.490861063692872,-0.670753314546289,0.0710747610796161,47.786138701275036,0.02092657049047819,4.1273307890355735,-1.5388717210355305,-0.6498267440557584,0.05373112924855217,1.5615342631627414,0.8941605839416059,1.076315353289413,1.2398066336074054,0.9609958511512615,0.8434058732023166
1.6284760845383763,4.051735777803397,-1.5029141367987482,-0.6653740060826294,0.07120636250676284,54.07397061228328,0.01849318606858219,4.122935204644923,-1.545879811335635,-0.6468808200140757,0.04832881574277766,1.5834200137975338,0.8905109489051095,1.0760852230636848,1.2322470183055845,0.9607903777354327,0.838263277758901
1.6218020022246944,4.04731829009777,-1.5155823852158439,-0.6598123663581532,0.07132161117174401,61.8507798147693,0.016167944898913156,4.1186304706174175,-1.5536528658680453,-0.6436444214591575,0.042668321371664104,1.3954585007726779,0.8868613138686132,1.0758827983043622,1.2256267590105634,0.9606096413431804,0.833759700007186
1.6151279199110125,4.042993673660484,-1.5298106908675464,-0.6536756514839794,0.07142217489695968,70.43300378456864,0.014197889430623611,4.1144186078582505,-1.5637760362284512,-0.6394777620533318,0.037886558942792165,1.3185833090371724,0.8832116788321168,1.0757061664286116,1.219850050562707,0.9604519343112602,0.8298299663691885
1.6084538375973305,4.038622539215865,-1.54242564543271,-0.6483294692104664,0.07151112693722508,78.19099457311938,0.012789196575123007,4.110143885468312,-1.5734644098213888,-0.63554027263541,0.03453477660496499,1.472149402152997,0.8795620437956204,1.0755499295182325,1.2141216931312904,0.9603124370698503,0.8259331245791091
1.601779755283649,4.034319541408971,-1.5505369165780818,-0.6449378852629479,0.07159288719829614,82.77558816641881,0.01208085647171142,4.105912458496798,-1.5801357249835548,-0.6328570287912498,0.03288965503948491,1.7128556299927806,0.8759124087591242,1.0754063243738936,1.2066429014054036,0.9601842181909764,0.8208455111601386
1.595105672969967,4.0300224500062765,-1.5593628795757133,-0.6412875496126276,0.07167238419824903,86.56385183771198,0.011552166161399313,4.101686937929483,-1.5879685758161106,-0.629735383451191,0.03165358461596545,1.6449891083898482,0.8722627737226278,1.0752666944607405,1.1993711351745713,0.9600595486256611,0.815898731411273
1.5884315906562851,4.0257571339773435,-1.5709373922018046,-0.6365626058454268,0.07174708741402115,93.30990612965469,0.010716975736857925,4.0974931927359295,-1.597838111974045,-0.6258456301086426,0.02994124575150255,1.5344211131853795,0.8686131386861314,1.0751349692157934,1.192537866974411,0.9599419367998154,0.8112502496424565
1.5817575083426032,4.021511562415725,-1.5818319761604436,-0.6321783950955933,0.07181543615469207,101.48165858949241,0.009853997401098269,4.093319192009691,-1.6068789906112155,-0.6223243976944559,0.028015809366928067,1.4217915989235441,0.864963503649635,1.0750117759647615,1.1862858566516916,0.9598319428256797,0.8069971813957085
1.5750834260289213,4.017319992725169,-1.5943662864906232,-0.6272084454326432,0.07187862019356864,108.22114696973307,0.009240338214856259,4.089199193154515,-1.6182064872282618,-0.6179681072177914,0.02652814326525465,1.3462931138490213,0.8613138686131387,1.0748978916841423,1.1805062730132847,0.9597302604322698,0.8030654918457719
1.5684093437152393,4.0131205975490705,-1.6070867765484744,-0.622243935170502,0.0719387777103965,113.47349211831725,0.008812630873801908,4.0850713688137965,-1.6301743862689408,-0.6134313042966824,0.025504466768095795,1.4209021453640611,0.8576642335766423,1.0747894624724366,1.1750035320336403,0.959633448636104,0.7993221306351295
1.5617352614015578,4.008944002662185,-1.618079261023332,-0.6180166967640162,0.07199625264127234,120.8865312511623,0.0082722201526515,4.080948558782152,-1.6400312563021018,-0.6097444766112403,0.024051299732089627,1.6940404072315485,0.8540145985401462,1.0746858684117717,1.1685470741961757,0.9595409539390818,0.794929982446378
1.5550611790878759,4.004892586877322,-1.6277422709592946,-0.6143478717983157,0.07204919666682788,131.13162067210683,0.0076259257292372595,4.076942085615031,-1.6482014644083722,-0.6067219460692286,0.02230568394457148,1.8153606983729336,0.8503649635036498,1.074590440953023,1.1607806565158911,0.9594557508509133,0.7896467051128511
1.548387096774194,4.0008581014818345,-1.6382514975137252,-0.6104068890018652,0.07209804475334225,141.3886317503724,0.0070727044149174745,4.072952542837287,-1.657456225001703,-0.60333418458697,0.020839515115183404,1.696035719293751,0.8467153284671534,1.074502396103545,1.1536150766648599,0.9593771393781649,0.7847721609965034
1.541713014460512,3.9967614550851067,-1.6488956251422098,-0.6064665250802364,0.07214360428971887,149.96196515657323,0.006668357532897851,4.068900839058301,-1.6672275010265354,-0.599798167547192,0.019798533624651383,1.6113148521640153,0.843065693430657,1.074420278608085,1.1469318978716307,0.95930382018579,0.7802257808650549
1.53503893214683,3.992720660901684,-1.6574729364379925,-0.6033281014826457,0.07218705508748549,152.0589132312411,0.00657639844156499,4.06490498749262,-1.6757388289032396,-0.5967517030410363,0.01964175398347647,1.5985552524310143,0.8394160583941606,1.0743419619487835,1.1405580522779837,0.959233894597128,0.7758898314816216
1.5283648498331481,3.9886797153445204,-1.663875508852088,-0.6010065023974676,0.07223138713877203,148.1411923030232,0.006750316940574486,4.060908984553199,-1.6827759213498343,-0.5942561854568567,0.02023312049426743,1.6466839502422501,0.8357664233576643,1.0742620568990446,1.134054934630576,0.9591625508027183,0.7714659419255618
1.5216907675194662,3.9846603816577746,-1.6681142871496926,-0.5994793088839856,0.07227715942929516,146.60514394572442,0.0068210430622421825,4.056934593484196,-1.6873130059417492,-0.5926582658217967,0.02050754049525157,1.6690177771673937,0.8321167883211679,1.0741795559309013,1.1273405466962272,0.959088889224019,0.7668983310858688
1.5150166852057847,3.9806785254255814,-1.676460171659769,-0.5964949343293711,0.07232243554449717,150.99397956261862,0.006622780609509604,4.052997679869745,-1.6952826026687284,-0.5898721537198526,0.020036876161392696,1.6270486572382568,0.8284671532846717,1.0740979492799072,1.1206989432686485,0.9590160261427741,0.7623802335160874
1.5083426028921028,3.9767746539654376,-1.6881844448817156,-0.5923523362816354,0.0723655613951618,160.04602664786657,0.006248202601119246,4.0491387510273436,-1.7061814488839475,-0.5861041336805783,0.01925306445675773,1.5440564311327833,0.8248175182481753,1.0740198884927081,1.1143727645248787,0.9589463290113464,0.758076710561142
1.5016685205784208,3.9727788773257307,-1.6979170463813553,-0.5889569235029626,0.07240583758144203,172.72955762778267,0.005789397099915661,4.045187917005379,-1.7147731221729472,-0.5831675264030309,0.018079306968208617,1.4370873578693062,0.8211678832116789,1.0739455607858033,1.108464606202216,0.9588799649873243,0.7540575552396028
1.4949944382647389,3.9688461914075717,-1.7066297620769946,-0.5859501704593413,0.07244283922074465,189.12544068872396,0.005287495941098008,4.041300173704962,-1.7221702786900808,-0.580662674518237,0.016579049400118305,1.5547868712601631,0.8175182481751825,1.0738772760931579,1.1030367947983042,0.958818996511748,0.7503651665294586
1.488320355951057,3.9649300828779914,-1.7160905893504679,-0.5827198203904231,0.07247641594773033,209.04622626383116,0.004783630959871665,4.037410316939411,-1.7302948288898894,-0.5779361894305453,0.015073227122082039,1.9445259679779798,0.8138686131386861,1.0738153119065577,1.0957760763661992,0.9587636713451406,0.7454259022899314
1.481646273637375,3.9610938310795873,-1.7262273329097835,-0.5792979759591503,0.07250669191431358,231.53861623773884,0.004318933991439344,4.033599379775099,-1.739193826226905,-0.5749790419676515,0.013693329510956228,1.9425666466869411,0.8102189781021898,1.0737594391097938,1.0878498352453967,0.9587137849194587,0.7400339015274807
1.4749721913236935,3.9572546199908283,-1.7352827662308015,-0.5762749561399119,0.07253406578966279,254.1595193503836,0.003934536871001093,4.029785483320432,-1.7472119150301169,-0.5723404192689259,0.012556883531526238,1.7813478537235057,0.8065693430656936,1.0737089219786622,1.0806833609453286,0.9586686803380912,0.7351587489424004
1.4682981090100116,3.9533759560380948,-1.744675805763051,-0.573172389217973,0.07255921076020012,272.36294269160584,0.003671571433755183,4.02593213400179,-1.7559237296458083,-0.5695008177842169,0.0118072483502508,1.675002914080279,0.8029197080291972,1.0736625181809634,1.0741004134147736,0.95862724837586,0.7306805533433834
1.4616240266963296,3.9495654120373733,-1.752810924096669,-0.5705121905920123,0.07258307452960168,280.0203115043251,0.003571169514910544,4.022146904635161,-1.763851904912625,-0.5669410210771275,0.011551759256948735,1.6387586543609916,0.7992700729927008,1.0736184787765028,1.0678528840482768,0.9585879274790203,0.7264305333661747
1.4549499443826477,3.945767012182454,-1.7584615338317924,-0.5686789166328481,0.07260687931879738,272.1486142868324,0.003674462949666335,4.018373819414333,-1.7698975529861083,-0.565004453683116,0.011902469049426625,1.6885111374946862,0.7956204379562044,1.073574548217091,1.061620795686172,0.9585487037652598,0.7221910174735864
1.4482758620689657,3.942005899020095,-1.762270073899667,-0.5674499129336823,0.07263212186597098,264.02113989042635,0.003787575496473572,4.014638020886066,-1.7741117927918593,-0.563662337437222,0.012317822456187375,1.7474341097264525,0.791970802919708,1.073527964346543,1.0550123026145781,0.958507111023699,0.7176954439554953
1.4416017797552838,3.9382318658683575,-1.767285594232869,-0.5658395016986901,0.07265743650006287,263.6452215527497,0.0037929760081008013,4.010889302368421,-1.779212136880026,-0.5620465256906186,0.012370556202279686,1.7549150380312342,0.7883211678832116,1.0734812474431576,1.0483849372042802,0.9584653995028193,0.7131870321117553
1.4349276974416023,3.9344212285125217,-1.773686292911451,-0.5637975576608483,0.07268275113415476,263.645221552688,0.0037929760081016894,4.0071039796466765,-1.785699675971826,-0.5600045816527199,0.012415359488740023,1.761270933423059,0.7846715328467155,1.0734345305397723,1.0417575717939822,0.9584236879819394,0.7086786202680151
1.4282536151279204,3.9306625656993286,-1.7741650110196516,-0.5636454297028877,0.07270806576824665,263.6452215527497,0.0037929760081008013,4.003370631467575,-1.786184901754876,-0.5598524536947593,0.012418710395508932,1.7617463006244138,0.7810218978102191,1.073387813636387,1.035130206383684,0.9583819764610597,0.7041702084242749
1.4215795328142384,3.9269167564815786,-1.7760146778705128,-0.5630584096292637,0.07273338040233854,263.6452215527497,0.0037929760081008013,3.9996501368839175,-1.7880597295727607,-0.5592654336211353,0.01243165759985987,1.763583020270943,0.7773722627737227,1.0733410967330017,1.028502840973386,0.95834026494018,0.6996617965805347
1.4149054505005565,3.923174949607423,-1.7799962591191578,-0.561798933495993,0.07275869503643043,263.6452215527497,0.0037929760081008013,3.9959336446438534,-1.792095562029457,-0.5580059574878646,0.01245952767064763,1.76753673144871,0.7737226277372263,1.0732943798296164,1.0218754755630879,0.9582985534193003,0.6951533847367946
1.4082313681868746,3.919408785155228,-1.7834741886669099,-0.5607033767881262,0.0727840096705223,266.08441279381094,0.003758205862193442,3.9921927948257507,-1.7955088798733807,-0.5569451709258715,0.01236768677180543,1.754507974144467,0.7700729927007299,1.073247662926231,1.0152481101527937,0.9582568418984205,0.6906449728930569
1.4015572858731926,3.9157101133386916,-1.791420046640555,-0.5582163724668021,0.0728088601869825,268.76373643813383,0.003720740056872174,3.9885194376433057,-1.8034407154007555,-0.554495632409953,0.01230071837759034,1.745007686514675,0.7664233576642335,1.0732018025289474,1.0087422506322268,0.9582158951151315,0.6862192181171611
1.3948832035595107,3.9119279439038075,-1.7980800409200355,-0.5561487682652455,0.07283367472133706,266.91630824725627,0.0037464926986539027,3.9847625828425137,-1.8102749467753996,-0.5524022755666351,0.012430265603031898,1.7633855484576528,0.7627737226277371,1.0731560085348575,1.0022458112186803,0.9581750076204083,0.6817998715773336
1.3882091212458292,3.9082076290908923,-1.800403726307892,-0.555430976612513,0.07285886898829937,261.2520406772734,0.0038277212970569963,3.9810675826636905,-1.8128972053074772,-0.5516032553155128,0.012712839147159895,1.8034720695342243,0.7591240875912411,1.073109513763048,0.9956499578953529,0.9581334944312928,0.677312896527451
1.3815350389321472,3.904580169572567,-1.803944648004361,-0.5543407338502675,0.07288476777535784,253.11317031916346,0.003950801922867342,3.9774654377794567,-1.8168937002498233,-0.5503899319274979,0.01314352314789896,1.8645698744498895,0.7554744525547447,1.073061718834296,0.9888696613721265,0.958090820387764,0.6727004499130113
1.3748609566184653,3.9008316735183852,-1.8086977580057435,-0.5528839716717471,0.0729116049427759,243.7769446227163,0.004102110646877044,3.973742256359367,-1.8222176624650046,-0.5487818610249064,0.013681024149463815,1.9285225497643348,0.7518248175182483,1.073012192171068,0.9818436970855693,0.9580466001527392,0.6679208823711356
1.3681868743047834,3.8971910037028006,-1.8125400165356402,-0.551711957185546,0.07293952342359201,234.30048842408576,0.004268023539882648,3.970126901177874,-1.8266710772380175,-0.5474439336456953,0.014283293530663266,1.7717295239493767,0.7481751824817519,1.0729606699975214,0.9746319445631868,0.9580005982120726,0.6630149282742768
1.3615127919911014,3.8935464435617755,-1.8208353415168792,-0.5491984789612729,0.07296857522361973,225.48337969027676,0.004434916672677147,3.966513689200153,-1.8356587503740087,-0.5447635622886082,0.015089310929259286,1.6773284381002385,0.7445255474452555,1.0729069049007507,0.9685926189794439,0.9579525936613844,0.6589065435234313
1.3548387096774195,3.8898165094027606,-1.8265486396779798,-0.5474806300128421,0.07299872142144755,217.90451134532347,0.0045891661160482045,3.962815570971815,-1.8419888071588437,-0.5428914638968081,0.015861516458651234,1.7416885546176482,0.740875912408759,1.0728498330245062,0.9623257885723626,0.9579016366290233,0.6546433935866413
1.348164627363738,3.8861297911657418,-1.825993893543953,-0.5476469573833924,0.07302983216843906,211.9925032140603,0.004717147940794142,3.9591606686654734,-1.8418587128723038,-0.5429298094426258,0.01630220182530277,1.7900784208241538,0.737226277372263,1.0727909350927567,0.9558584464436147,0.9578490491899612,0.6502438411181053
1.341490545050056,3.882521837314007,-1.830443509498073,-0.5463156851391773,0.07306168668873288,208.10622797349748,0.004805238217701735,3.955584530744416,-1.8466864410190365,-0.5415104469214498,0.01664975075022664,1.8282413534946174,0.7335766423357666,1.0727306290717313,0.9492364877634363,0.9577952045283314,0.6457391073220655
1.334816462736374,3.87887854065782,-1.8354244455188564,-0.5448331051934474,0.07309397327924264,206.61955252625577,0.004839813017564865,3.9519730500189056,-1.8518748556498237,-0.5399932921758364,0.016817226479906033,1.846631181626403,0.7299270072992702,1.072669505068351,0.94252470977063,0.9577406295253134,0.6411732719528095
1.3281423804226922,3.8752922622837307,-1.841050531182791,-0.5431681439822,0.07312628930965699,208.0192065122053,0.0048072484111765235,3.9484185875754934,-1.8574900373091079,-0.5383608955710315,0.01675418678442354,1.8397090492835313,0.7262773722627738,1.0726083253302277,0.9358068117725623,0.9576860047591318,0.6366032733146683
1.3214682981090102,3.8717010855300575,-1.8507874020893946,-0.5403105720684493,0.07315814122243966,209.65316087405216,0.004769782605857031,3.9448592267524973,-1.8672714005660007,-0.5355407894625728,0.016712665301109198,1.835149744223991,0.7226277372262774,1.0725480242456642,0.9291853951451583,0.9576321645050573,0.6320989082620124
1.3147942157953283,3.8680007073474436,-1.857994137118472,-0.5382148307264742,0.0731899571531167,209.77171409603065,0.004767086946442234,3.9411906645005605,-1.8745978620398505,-0.533447743780016,0.016768222103243306,1.8412502105117303,0.718978102189781,1.0724877912813424,0.9225714585241866,0.957578385072627,0.6275996316491066
1.3081201334816468,3.8644218663421754,-1.8661020947703424,-0.5358763611071709,0.07322177308379374,235.19650070309723,0.004251763937858755,3.9376436394259695,-1.8810265840305846,-0.5316245971692979,0.014596573599232193,1.6027903284439446,0.7153284671532849,1.0724275583170206,0.9159575219032149,0.9575246056401968,0.6231003550362006
1.3014460511679649,3.8608694192291986,-1.8759261913841887,-0.5330700134114181,0.07324671039811592,277.7390439961281,0.0036005020598182114,3.9341230082436693,-1.888682877031369,-0.5294695113516354,0.012752697077970736,1.400321753538324,0.7116788321167885,1.0723803477425728,0.9107735209038921,0.9574824533415828,0.6195738237441443
1.294771968854283,3.85731821209649,-1.8805168905588179,-0.5317686881838313,0.07326983317802935,257.3213649564424,0.0038861911064760335,3.930603617041638,-1.8943609714972673,-0.5278824970774281,0.013512731853107739,1.483778078312665,0.7080291970802921,1.0723365723901657,0.9059667276530367,0.957443368205505,0.61630389636261
1.288097886540601,3.8537990921771117,-1.8838364727185972,-0.5308316377147548,0.07329858391677856,193.98027509052002,0.005155163325412104,3.9271163130529367,-1.9023107343003316,-0.5256764743893427,0.01740974587778742,1.9116933247333303,0.7043795620437957,1.0722821423551343,0.8999899870753799,0.9573947699599412,0.6122380864458367
1.281423804226919,3.8502589967983454,-1.892559843064412,-0.5283848770566806,0.0733386451467779,139.49658891318452,0.007168634070488622,3.9236080336048476,-1.9185894788519862,-0.5212162429861564,0.024336503580680596,2.6722923912327174,0.7007299270072993,1.0722062996377946,0.891662007018362,0.9573270532480307,0.6065727938900422
1.274749721913237,3.8467688080401765,-1.8963413696437046,-0.527331215786262,0.07339427202450477,102.7789691245277,0.009729616949051056,3.920149660777356,-1.9319878498183494,-0.5176015988371887,0.03353388353170066,2.439237377159813,0.6970802919708029,1.072100988503713,0.8800982200764466,0.9572330254497436,0.598706272160848
1.2680756395995552,3.8432859335794016,-1.8962939248497734,-0.527344409479781,0.07346851767557502,79.50683403707527,0.01257753515293647,3.9166986022472576,-1.9426269441052129,-0.5147668743267673,0.04396921585511187,1.3959378014640258,0.6934306569343065,1.0719604288671787,0.8727203883907392,0.9571075257742665,0.5936873390413192
1.2614015572858737,3.8396705688146464,-1.8984683976163519,-0.5267403983419285,0.07356215903433262,65.05057447841993,0.015372654400334973,3.913204475425793,-1.955539847492206,-0.5113677439416051,0.05490396404953276,1.2692502657751514,0.6897810218978104,1.0717829513308224,0.868585279857158,0.9569490636882342,0.5908743400388831
1.2547274749721917,3.8361259173356843,-1.8992775727468527,-0.5265159839452735,0.07367371439727025,55.27250985948905,0.01809217642806793,3.909804650837435,-1.9668630485326961,-0.5084238075172607,0.06577690372150126,1.4998194415330957,0.686131386861314,1.0715669063868762,0.8636591068565693,0.9567561664168538,0.5875232019432445
1.2480533926585098,3.832666390972192,-1.904194735650977,-0.5251563725482811,0.07380365638376178,48.360211620823776,0.02067815599817191,3.906489951364547,-1.98224614501395,-0.504478216550126,0.075717784331717,1.7179291385885211,0.6824817518248176,1.0713152527823473,0.8579209989911917,0.9565314756985243,0.5836197272048923
1.2413793103448278,3.829222749071167,-1.9123404765771348,-0.522919434195046,0.07394972982772416,43.79782056944555,0.022832186327956805,3.903193468397659,-1.9996510694187257,-0.5000872478670431,0.08425644036907169,1.877906729033081,0.6788321167883212,1.071032358009906,0.851547329634678,0.9562788910802731,0.5792838977106654
1.234705228031146,3.8256911158553204,-1.9252250961615704,-0.5194197821302851,0.07410842416567,41.40512186625808,0.024151601418541446,3.899811666642937,-2.0191081093938505,-0.49526818071183243,0.09072133427980893,1.97891761215817,0.6751824817518248,1.0707250208416765,0.8447891043355418,0.9560044828943539,0.5746864655343822
1.228031145717464,3.822256038312939,-1.9477482928781742,-0.5134133623201933,0.07427210937947332,42.82913811823326,0.023348590327440633,3.8965264205616807,-2.040546591287665,-0.4900647719927633,0.0893989940706154,1.8741651545439943,0.6715328467153284,1.0704024849509741,0.8378183354515402,0.9557165044205125,0.5699444458854015
1.2213570634037825,3.8187684306257808,-1.9681788356252683,-0.508083910821199,0.07442008499317755,44.419486722773605,0.02251264194566449,3.8931967774530105,-2.0594299212056386,-0.4855712688755034,0.08756973777290493,1.6517074500221371,0.6678832116788322,1.0701098692040745,0.8318150148030579,0.9554552403607807,0.5658605542877945
1.2146829810901005,3.8153827789792225,-1.978791139762621,-0.5053590446740941,0.07457261183036093,43.091717915193094,0.023206315468045524,3.8899932615425605,-2.074031607467304,-0.48215272920606367,0.09095440549401614,1.590227091669378,0.664233576642336,1.0698082535981823,0.8265302532724227,0.9551859407126627,0.5622654784166141
1.2080088987764186,3.81204142743105,-1.98098443983032,-0.5047995228501918,0.07472984671243957,38.125848406717715,0.026228924516832564,3.886834045730496,-2.0895558638216603,-0.47857059833330595,0.10188851294005181,1.7494127374746342,0.6605839416058396,1.0694959095226804,0.8210823670418567,0.9549070620738217,0.5585594333618072
1.2013348164627367,3.808688621771794,-1.9828595255638037,-0.5043221605502595,0.07492271983281032,30.71011598728147,0.03256256018095627,3.883671506144576,-2.1197236881182584,-0.4717596003692961,0.12781745548789494,2.0916295675060192,0.6569343065693432,1.0691041507831707,0.8145491742385464,0.9545572774849738,0.554115084516018
1.1946607341490547,3.8053862035052832,-1.9750393190567936,-0.5063190339307084,0.07516449712642341,24.263755797506327,0.04121373493640146,3.880564603918395,-2.1500507565969245,-0.46510529899433095,0.16134347165594162,2.253726575228763,0.6532846715328468,1.068613059190906,0.8067884375244767,0.9541188028490232,0.5488356717853583
1.1879866518353728,3.802030026314557,-1.9455798166140088,-0.5139855951735512,0.07547284755164994,18.428732126910493,0.05426309271378216,3.8774391864954443,-2.1752252601282156,-0.45972250245984014,0.20855264611698637,1.7715970630596236,0.6496350364963503,1.0679799543993693,0.7993043307415048,0.9535535307137225,0.5437444426812957
1.1813125695216913,3.7985327108027973,-1.8998550873327422,-0.5263559345486328,0.07588880982115685,13.813657706751172,0.07239212243628046,3.8743832705018453,-2.2028187562943553,-0.45396381211236303,0.277370276599598,1.5994917129550577,0.6459854014598542,1.067117470207697,0.7939262451440791,0.9527834555425866,0.5400858810503939
1.1746384872080093,3.7949516923890187,-1.8449082277020736,-0.5420323813318078,0.07643914951965367,10.68733245990633,0.09356871827011215,3.8712913651792773,-2.229835062160618,-0.44846366306171603,0.3600713089514483,1.4110258903652373,0.6423357664233578,1.0659496397357762,0.7880345090624729,0.9517407497640858,0.5360778973214101
1.1679644048943274,3.7912850767931765,-1.7929181051974377,-0.5577499591872765,0.07713778047659774,8.653713174533337,0.1155573312670981,3.8683744754349463,-2.26145787346892,-0.44219262792017844,0.4475385394086225,1.3196138683506746,0.6386861313868615,1.0644331651057617,0.7833903536101582,0.9503867545587158,0.5329186078980668
1.1612903225806455,3.7876761751558106,-1.7454547565922296,-0.5729165973642125,0.07798162780130571,7.350419006810565,0.13604666605719284,3.865550284895611,-2.2890108206995627,-0.436869931307001,0.5329898645913934,1.190401404142716,0.6350364963503651,1.0625488378240886,0.7781557558622925,0.9487043194857934,0.5293576570491786
1.1546162402669635,3.7837011169854957,-1.71146204629643,-0.584295750036631,0.07895375377213315,6.538873118549199,0.15293154980530854,3.862554650141897,-2.3182266851624695,-0.4313642002313145,0.611704529661924,0.943401855525468,0.6313868613138687,1.060303995497005,0.7740100431684644,0.9466999959794686,0.5265374443322888
1.1479421579532816,3.779699784134581,-1.6982405578773379,-0.5888447283639948,0.08002298330482487,6.079279013730351,0.1644931903506075,3.859752506389439,-2.3565367635556815,-0.4243515380134113,0.6807022772815629,0.8800149029071327,0.6277372262773723,1.0577399472903202,0.7706327516552853,0.9444106672235,0.524239967112439
1.1412680756395996,3.775695820689885,-1.69822159704403,-0.5888513028809825,0.08114943595701336,5.826581984075773,0.17162720832437106,3.856929949173083,-2.3967935050888274,-0.41722409455667275,0.740157425902504,0.9180415281752328,0.6240875912408759,1.0549321864933492,0.7670851632499328,0.9419037379404902,0.521826641666621
1.1345939933259181,3.7717401362730083,-1.7031408206967964,-0.5871505091345739,0.08231389153607338,5.699982842838556,0.17543912456796207,3.854132608593398,-2.4288859562452467,-0.41171138456655854,0.7918903212114966,0.9423966942248244,0.6204379562043797,1.0519052966564464,0.763412221419569,0.9392011577289698,0.5193280417820197
1.1279199110122362,3.7678455884554785,-1.719143512768995,-0.5816850033592118,0.08349122627382703,5.688956752825768,0.1757791530939814,3.8513758763028783,-2.4636254918389158,-0.40590585026524195,0.8349485960245963,0.953198631139899,0.6167883211678833,1.0487168993996943,0.7596986546119285,0.9363543744640126,0.5168018058584548
1.1212458286985543,3.7640093801459944,-1.7586132461776742,-0.5686298577435878,0.08466022060963044,5.854327970600776,0.1708137987864351,3.848655616722235,-2.513724565623049,-0.39781605895717576,0.8644178662113997,0.9470155638758541,0.613138686131387,1.0454168474961392,0.7560113963930932,0.9334078995501242,0.5142934669340771
1.1145717463848723,3.7603806760862586,-1.8076011126878992,-0.5532193983400475,0.08577127698065377,6.153542880369866,0.162508008709918,3.8461233235531007,-2.559433962104059,-0.3907113896300416,0.8775078114987164,0.9260029380630531,0.6094890510948906,1.0421565453908619,0.7525068873145946,0.9304969155275551,0.5119094471527854
1.1078976640711904,3.7567551018730754,-1.8616169559754914,-0.5371674322100262,0.08682940426315551,6.474400441240097,0.15445445629687704,3.843575188466829,-2.6129242093609264,-0.3827129759131367,0.889810308803855,0.9052566541553773,0.6058394160583942,1.0389374141474719,0.7491693271509507,0.9276226912030997,0.5096389980618713
1.1012235817575085,3.7531206066860383,-1.9183232698640604,-0.5212885730520611,0.08783296049073447,6.78936343641254,0.1472892133947088,3.84100120490944,-2.673801369381504,-0.3739993596574891,0.903385671933988,0.8917167434576888,0.6021897810218978,1.0357773659312504,0.7460121963918696,0.9248012195814734,0.5074912900624963
1.094549499443827,3.7495668853533655,-1.9621997689235977,-0.5096321056793158,0.08879544493138296,7.05061062198336,0.14183168715657946,3.8384759491733367,-2.718865856695689,-0.36780041852279055,0.917123049547072,1.0170976513260124,0.5985401459854016,1.032651935524999,0.7429635157987634,0.9220106567187489,0.5054173576862336
1.087875417130145,3.746346306315779,-2.0091155186984078,-0.4977314597857685,0.08972615320027719,7.405712777839994,0.1350308916911125,3.8360773869007083,-2.757095212872985,-0.36270056809462403,0.9194433590280449,1.3057560867067928,0.5948905109489052,1.0295386880336939,0.7386458297918365,0.9192309714586552,0.5024801563209772
1.081201334816463,3.7431388522342983,-2.0711936801595314,-0.48281336969074573,0.09059785950345567,7.954540225988252,0.12571436834688487,3.8336511292169266,-2.8003438716904405,-0.3570990013438404,0.9053658226607904,1.1665794428218608,0.5912408759124088,1.0265421086124005,0.7342867936229798,0.9165554541182146,0.4995148255938638
1.0745272525027811,3.7399694860377886,-2.1432940176503594,-0.46657154443806803,0.09140420928499647,8.5856129067665,0.11647392106530674,3.8313528075962195,-2.8563461538707617,-0.35009762337273287,0.8895191055724869,1.1788933065582345,0.5875912408759125,1.0237008076956815,0.7309122756267431,0.9140185782997156,0.4972192351202334
1.0678531701890992,3.736973579620459,-2.214124525494426,-0.4516457807524148,0.09215257257662997,9.159489677768823,0.10917638811549946,3.8290882390695384,-2.9199689709502215,-0.34246939263692866,0.881194118432306,1.1190570813806457,0.5839416058394161,1.021000108968574,0.7267588789746272,0.9116072401505124,0.4943937952208349
1.0611790878754173,3.733757448179762,-2.272863479029086,-0.4399736320402212,0.09286151368698313,9.586000558404471,0.1043187921706572,3.82671497478938,-2.9792509483505065,-0.3356548398696191,0.8820235154408987,1.1034552755734288,0.5802919708029197,1.0183880808815455,0.723805077000266,0.9092750722156655,0.4923844061226299
1.0545050055617358,3.730809438949324,-2.3279418035943134,-0.4295640030416621,0.09354503698825162,9.90920231246675,0.10091629663690505,3.8244625543969084,-3.0427718815978375,-0.3286477064047517,0.8914292149639546,1.510881365506297,0.5766423357664235,1.0158203656749416,0.7200907884215438,0.9069824693526263,0.4898576791983292
1.0478309232480538,3.7281942135155135,-2.3958941635041238,-0.4173807070582143,0.09420856102807637,10.348382990162614,0.09663345480647756,3.822332026126106,-3.117719615615893,-0.3207472522516923,0.8954634112613582,1.7991293745073087,0.5729927007299271,1.0132771099106783,0.7140154200971356,0.9047117052773912,0.4857247755762827
1.0411568409343719,3.725539570311782,-2.4703178582875993,-0.40480620606984985,0.09483491625151941,10.98247698536709,0.09105414027567615,3.820277485677595,-3.187230010642188,-0.3137520657941195,0.885360665151744,1.4834243579306798,0.5693430656934307,1.0108308565753572,0.7096029566597667,0.9025275505137117,0.48272309976854877
1.03448275862069,3.722765284618452,-2.5419659745142114,-0.39339629642017826,0.09542396668247918,11.501780615126265,0.08694305981500605,3.818154355555207,-3.263140605326055,-0.3064532366051935,0.884011479237302,1.388123364621816,0.5656934306569343,1.0084914488273855,0.7058976060957912,0.9004387935958799,0.4802024531263886
1.027808676307008,3.720099536236442,-2.6130571505681686,-0.3826935051085911,0.09599544652713685,11.952810673212726,0.0836623307554838,3.81613647770059,-3.344132939193738,-0.2990311743531038,0.8868005556339128,1.4982405823743983,0.562043795620438,1.0061892636748557,0.7023131660625103,0.898383271138264,0.47776405854592535
1.021134593993326,3.717584656653114,-2.666959063546524,-0.37495888619685047,0.09654070524651234,12.258556641503558,0.08157567234419094,3.814176473369846,-3.408511301203285,-0.29338321385262134,0.8960638678268477,1.8226163347160473,0.5583941605839416,1.0039610165203527,0.6981397934868482,0.8963937647503148,0.47492502958288996
1.0144605116796441,3.715220804790524,-2.7085777942211116,-0.36919744455320824,0.097084332031175,12.411060813218636,0.08057328982990164,3.812300927807948,-3.464713481650931,-0.2886241547233226,0.9110143550387341,2.013603363891177,0.5547445255474452,1.0017036720025498,0.6929657539914083,0.8943782785737051,0.4714052748240873
1.0077864293659626,3.712748691958478,-2.7816916670254526,-0.35949347364919504,0.09761621078373015,13.080207195771331,0.07645138834828913,3.8103345418583965,-3.5330435010648227,-0.28304208530084907,0.8981655914851076,1.876485969414785,0.5510948905109491,0.999471587948047,0.6881913111367755,0.8923853463821848,0.4681573545148132
1.0011123470522807,3.7103548463629004,-2.881211754911394,-0.3470761905282984,0.09810481774883845,14.10405615745385,0.07090158950278358,3.808454732642169,-3.6208977809218026,-0.27617460102544555,0.8735534206355494,1.854470318767669,0.5474452554744527,0.9973888489368578,0.6839230732185559,0.8905257579793372,0.4652537913051401
0.9944382647385988,3.7080517907228714,-2.9638455271193593,-0.3373995003619257,0.09856261687275507,14.743120742064647,0.06782824460948955,3.806635789313818,-3.7095943230620216,-0.269571255752453,0.870372616304148,1.9862769733093992,0.5437956204379563,0.9954218662859791,0.6795971368325573,0.8887695234696241,0.4623109774371138
0.9877641824249168,3.705747487122029,-3.018931213983245,-0.3312430556112531,0.09901020032427102,14.907654577243315,0.0670796331387038,3.804782864824278,-3.785535448625848,-0.2641634224725067,0.8864240401310943,2.1676987145406357,0.5401459854014599,0.9934692008599549,0.6749468740009195,0.8870260721963883,0.45914753333395886
0.9810901001112349,3.703649037820452,-3.070884396788582,-0.3256390898484369,0.09945800685903367,15.042110991844543,0.06648003066472352,3.8031150184772002,-3.8586341652493474,-0.25915905918367343,0.9028159863152706,2.3993284194459554,0.5364963503649636,0.9915022464823288,0.6699885874607535,0.8852698629306506,0.45577454929302963
0.9744160177975529,3.701549460979452,-3.149524402668863,-0.31750825589813303,0.09989758671801595,15.536875765510345,0.06436300419031848,3.8014063206632023,-3.9503012331972736,-0.25314525170796287,0.9051756058446361,2.4816112593722055,0.5328467153284672,0.9895450913301718,0.664439981240697,0.8835224029733676,0.45199998723856943
0.9677419354838714,3.6995101148292333,-3.2366916203335405,-0.3089574532580741,0.10031713483487772,16.24837914778201,0.06154460028934672,3.799771667765029,-4.041827205017134,-0.24741285296875049,0.8982609711690912,2.136235598118551,0.529197080291971,0.9876652378697167,0.6594323751703142,0.8818439623836756,0.4485934524968124
0.9610678531701895,3.6974079096664783,-3.308375474920923,-0.3022631522874235,0.10071909417460342,16.815533015938687,0.059468825582403184,3.7981226366732517,-4.118712383320244,-0.2427943267050523,0.8950414518822748,1.9668305709983798,0.5255474452554746,0.9858403240172864,0.6554311199865341,0.8802145750154342,0.44587151019492116
0.9543937708565076,3.6953568077270527,-3.3792690639225014,-0.29592198226418986,0.10111093450894763,17.127755315005828,0.05838476680735205,3.7965270621818994,-4.2098666437470245,-0.23753721545676854,0.9053769232057682,2.160582420827098,0.5218978102189782,0.9840539998885538,0.6514970937520956,0.8786196427576373,0.4431953018721739
0.9477196885428256,3.6933319309017087,-3.4368529732423703,-0.2909638578622662,0.10149842365367821,17.370785763517283,0.05756791970229891,3.794879449341443,-4.284564709582255,-0.2333959381599584,0.9162733876041632,2.6930172790794855,0.5182481751824818,0.9822639809214753,0.6467148110287979,0.8770214115370314,0.43994204831891015
0.9410456062291437,3.69147367526351,-3.4974544435662747,-0.28592223748319157,0.10187936057838878,17.7325131798602,0.05639358560498664,3.7933512736987756,-4.356754556859089,-0.2295286518781836,0.9200051527785698,3.0632219756578336,0.5145985401459854,0.98049533163143,0.6407803967371695,0.8754422603852052,0.43590503179399287
0.9343715239154617,3.689648578076608,-3.5872331039999814,-0.2787663837303853,0.1022511745182609,18.36971550482629,0.054437424452070005,3.7918570266711544,-4.457739220193279,-0.22432895927829577,0.9180151395548045,2.7662879369392517,0.5109489051094891,0.9787529780135347,0.6350227647745321,0.8738865875120845,0.4319882753568246
0.9276974416017802,3.6878189034178313,-3.689719498480673,-0.27102331231731114,0.10260600028186469,19.175190258333473,0.05215072114162744,3.790391987284371,-4.568868100972373,-0.21887259117573876,0.9109294582146563,2.5067258407146507,0.5072992700729929,0.9770785125111979,0.6303085046653141,0.8723915290278552,0.42878129569068985
0.9210233592880983,3.6859906415159696,-3.76799268116355,-0.26539329680736046,0.10294729092949506,19.479098668654135,0.05133707760355488,3.7889439123560638,-4.671669917928393,-0.214056219203826,0.9224642383545912,2.4861648667372984,0.5036496350364965,0.9754573830373603,0.6259383286724693,0.870944091997643,0.42580838685201994
0.9143492769744164,3.6842266945824504,-3.805197753203589,-0.2627984312137528,0.1032912560452047,19.100240058540102,0.05235536291350851,3.787552269560817,-4.751879014485659,-0.2104430683002647,0.9557329948627187,2.7638636165219315,0.5000000000000001,0.9738099196610769,0.6214993021543074,0.8694731425545329,0.42278864092129753
0.9076751946607344,3.6824482194613326,-3.8386120627588545,-0.26051082621808064,0.10364613893278996,18.698237299303518,0.05348097705644417,3.7861031962190594,-4.830221362038981,-0.20702984916158584,0.9924608347512437,3.186630262908462,0.4963503649635037,0.9721021906502663,0.6160198879273864,0.8679483845091662,0.41906114824992274
0.9010011123470525,3.680788017203822,-3.8920915849924484,-0.2569312612930048,0.10400512893138639,18.763371667941627,0.05329532547226368,3.784769020958094,-4.91072460255913,-0.2036359358207278,1.0111038006428943,3.1527348589555197,0.49270072992700736,0.9703576302686364,0.6104141226307842,0.8663907413112825,0.41524770246992126
0.8943270300333706,3.6791257950234235,-3.964282812718307,-0.2522524368825998,0.10435753371106267,19.302717437909575,0.051806177198452374,3.7834404638563988,-4.988868345938221,-0.2004462596841563,1.0071236479621357,2.8355672235483,0.48905109489051096,0.9686346564454255,0.605187478935278,0.8648523718262726,0.41169216254100544
0.8876529477196886,3.6774124963948656,-4.040453134475005,-0.2474969927178563,0.10469664631334571,20.005221528632195,0.04998694958557515,3.7820980535968816,-5.0630336773834985,-0.1975100431322403,0.9963576773982107,2.596835277309583,0.48540145985401456,0.9669658539526501,0.6007525880977457,0.8633623696005803,0.40867522999846645
0.8809788654060071,3.6756740838755357,-4.10502790203039,-0.24360370352303562,0.10502476774335065,20.556581931462066,0.04864621965529636,3.7807381053457645,-5.129323482027817,-0.19495748386776768,0.9920950596148234,2.7170208444052033,0.48175182481751844,0.9653426493532216,0.5965957135261716,0.861913079779662,0.40584742416746367
0.8743047830923252,3.67407333454958,-4.158151640822487,-0.240491469859478,0.10534598406180348,20.903878308350855,0.04783801289163225,3.7794632457270514,-5.190667303554673,-0.19265345696788927,0.9944551176662964,3.186320309243872,0.47810218978102204,0.9637399010830123,0.5918262617730601,0.8604820545384038,0.40260289916534703
0.8676307007786432,3.67257158189301,-4.213429771863868,-0.23733633978611124,0.10566331741487411,21.259204938996245,0.04703844771568466,3.7782560327216235,-5.2549189542796135,-0.19029789207036174,0.9951332408307072,3.613434366367192,0.47445255474452563,0.9621503886874084,0.5862239016561794,0.8590628470423288,0.39879176983413567
0.8609566184649613,3.671003237939793,-4.290189973511953,-0.23308991121001554,0.10597386100572809,21.706946883747918,0.046068201362242434,3.776965690322224,-5.346972823712284,-0.18702170984772692,0.9985735019187015,3.650321997116458,0.47080291970802923,0.9605872333520877,0.5803637890188791,0.8576671726357925,0.3948052986522987
0.8542825361512794,3.669455220913637,-4.371773065845928,-0.22874014385888586,0.10627824335074387,22.000192583373554,0.045454147558496416,3.7757034177183755,-5.455954192817671,-0.18328599630041253,1.0093174275582903,3.436062629518496,0.4671532846715329,0.9590436989927423,0.5748529893507752,0.8562890169578056,0.3910564553406634
0.8476084538375974,3.667922998631104,-4.423569970110661,-0.2260617570778436,0.10658059045033538,21.978240595653432,0.04549954741135043,3.7744789489203874,-5.53825743408315,-0.1805622096665047,1.0265205752677673,3.2748573621229724,0.4635036496350365,0.9575055862877867,0.5698340973288557,0.8549157020426666,0.38764224308085427
0.8409343715239159,3.6663841691072157,-4.446835526035114,-0.22487901658274723,0.10688557880006111,21.641917834896073,0.04620662584660451,3.773255931331398,-5.596835615617793,-0.17867239073621022,1.0537653347461524,3.2590217687335956,0.45985401459854036,0.9559456721670623,0.564967663250888,0.8535229215777341,0.38433174370808704
0.834260289210234,3.6648932775102985,-4.461114224900257,-0.22415924578177737,0.10719736409901084,21.397609310162892,0.046734192848592926,3.7720842508628296,-5.63618262172121,-0.177425052933188,1.074690087788296,3.287941268737422,0.45620437956204396,0.9543411269323692,0.5600507979589917,0.852090291903901,0.3809869373870692
0.8275862068965516,3.6634629008270667,-4.493260283190719,-0.2225555469690903,0.1075093944999311,21.60072229248118,0.046294748224603666,3.7709726685216567,-5.673411258335175,-0.17626079874446532,1.077143744080074,3.275753278088639,0.45255474452554734,0.9527300207204666,0.5551297444641138,0.8506518042147023,0.37763928194837676
0.8209121245828701,3.6619865651961,-4.54146948144189,-0.22019304634466152,0.10781531401969524,22.23827264468177,0.04496752135283977,3.7698153008823216,-5.706931110903308,-0.175225524991788,1.0627881678878828,3.229221304113695,0.44890510948905116,0.9511411600417928,0.5503181226200201,0.8492331786087435,0.37436606980953746
0.8142380422691886,3.6604670034659916,-4.606284642278937,-0.2170947037926112,0.10810962837783326,23.205943118246193,0.04309240934119707,3.768606563192592,-5.747050653285489,-0.17400229445138393,1.0367723717091337,3.454654199299622,0.44525547445255503,0.9496051175785987,0.5456364254044651,0.8478617121237487,0.37118124177174494
0.8075639599555062,3.6590369117623904,-4.687611741854584,-0.21332824795860006,0.10839051859377125,24.184085052398554,0.041349507241367434,3.7674468634791833,-5.814672184652049,-0.17197874071723618,1.016825227464932,3.848145063753469,0.4416058394160584,0.948135013816213,0.5401749734905275,0.8465491194787615,0.36746596836090306
0.8008898776418247,3.6576263299569103,-4.743967548645916,-0.21079402203866948,0.10866156840775143,24.977684272822202,0.04003573706342678,3.7662963824121904,-5.856231222662348,-0.17075828497519296,1.0014124636375648,4.013284727406522,0.43795620437956223,0.9467091127595422,0.5346778003992829,0.8452759935353055,0.36372639482944413
0.7942157953281423,3.6561931360830227,-4.7847456591476485,-0.20899752489208367,0.10892492220307168,25.537786679281005,0.03915766125540188,3.765107055140576,-5.887899216284299,-0.16983986363663917,0.991310778923317,4.061786469067659,0.4343065693430656,0.9453167245780214,0.5288630805958313,0.8440327898018047,0.35977080312641585
0.7875417130144609,3.654807808255112,-4.855161413355549,-0.20596637575204113,0.10918425131661111,25.854815578024184,0.038677514329283014,3.7639715603545407,-5.977684297060157,-0.16728886142277588,0.9959560646102843,3.9260232514110167,0.4306569343065695,0.9439435700680989,0.5233352373220435,0.842806758989374,0.35601036552519966
0.7808676307007794,3.65350512965316,-4.9165231404294225,-0.20339576799239012,0.10944119603171615,25.928407536463833,0.03856773689605397,3.7629271891704015,-6.066929231323365,-0.1648280310963628,1.0107441905253203,3.793212416912169,0.4270072992700733,0.9425786677871341,0.5180619436377941,0.8415880962385125,0.352423090910064
0.774193548387097,3.6521849550260503,-4.930606261720894,-0.2028148156472298,0.10969905981800449,25.75474557115099,0.03882779572554362,3.7618744639875197,-6.098043616363307,-0.16398701992170572,1.024777741647391,3.678446067246976,0.4233576642335767,0.9411991813367763,0.513027450185098,0.8403564119078358,0.34899826543203943
0.7675194660734155,3.6508137502084663,-4.932761997133684,-0.2027261807038485,0.10995947584117838,25.620491159973632,0.0390312579784684,3.760778226148925,-6.108924964506672,-0.16369492272536945,1.031630480181765,3.734498880046152,0.41970802919708056,0.9398042329244447,0.5081011345235518,0.8391109222539684,0.3456470302881305
0.7608453837597331,3.649403622446075,-4.962414785410098,-0.20151479536536954,0.11022005547511418,25.731958890881906,0.038862179293872146,3.759631468327745,-6.148072033224117,-0.1626526160715116,1.0378482455148372,3.8734905359681795,0.41605839416058393,0.9384075600806434,0.5029070480462319,0.8378638929291459,0.3421136381266884
0.7541713014460516,3.6480954925731313,-4.986823645584771,-0.20052844677701387,0.11047821460817114,26.203227920441982,0.03816323710331382,3.758583760154829,-6.15895487715279,-0.16236520967373735,1.0295022035852588,4.00370516185228,0.41240875912408775,0.937012588564859,0.4976815195103379,0.8366183826471955,0.33855885680975367
0.7474972191323692,3.646754018141793,-5.004729531017654,-0.19981099753789522,0.11072946464668232,27.010552813180652,0.037022566954350467,3.7574858534242543,-6.1429426920312675,-0.16278843058347547,1.0036119558533614,4.075110856258552,0.40875912408759113,0.9356510936460192,0.49217574422695703,0.8354027621839456,0.33481343144690956
0.7408231368186877,3.645379599279009,-5.056639273413375,-0.1977598056594161,0.11097239792680544,27.98222113441469,0.03573697724696068,3.756354078401244,-6.171969776101428,-0.16202282841243232,0.9806384742185712,4.080894899632906,0.405109489051095,0.9343346508903255,0.4868101364705459,0.834227366866362,0.3311633581432285
0.7341490545050062,3.644073619411275,-5.104031566924813,-0.195923553153591,0.11120648770225909,28.953991130758617,0.03453755288809468,3.7552817464590054,-6.196324330207215,-0.16138600026550876,0.96106188913894,4.075228957572024,0.4014598540145988,0.9330616051557454,0.48140238166188093,0.8330907188890584,0.3274846133754292
0.7274749721913238,3.6427916950418195,-5.123866326444954,-0.1951651226416402,0.111433410868582,29.604688108341215,0.03377843388656565,3.754233126985422,-6.196297896150939,-0.1613866887551012,0.9470871842831199,4.153149935465114,0.3978102189781022,0.9318206086766608,0.4761488402249107,0.8319826863184471,0.3239107756632046
0.7208008898776423,3.6415435943759693,-5.13708176021634,-0.194663049310293,0.11165736779863153,29.862287076325217,0.03348705333399593,3.753203889039849,-6.204397831964286,-0.1611759959762935,0.9422156368047229,4.31679674320619,0.3941605839416061,0.9305942179836685,0.4705616170155921,0.8308876946282754,0.32010994354802186
0.71412680756396,3.6402229298018,-5.162751833879599,-0.19369515176725827,0.11188040156936949,29.7937895346908,0.03356404188985884,3.7521004656646526,-6.244882713708737,-0.1601311098773408,0.9507437061126454,4.323432419768206,0.39051094890510946,0.9293723553149655,0.4649316679997983,0.8297967458169334,0.3162800462583662
0.7074527252502785,3.6389589951907944,-5.154325080903131,-0.1940118219754936,0.11210538615533712,29.519055072310994,0.033876423129072464,3.751057656615989,-6.24471545457236,-0.1601353988463643,0.9621395895683407,4.285176566018238,0.3868613138686133,0.9281358086337421,0.4593829206599663,0.8286926862801268,0.3125053882040587
0.7007786429365961,3.6376224738934084,-5.133686036853125,-0.19479181095636022,0.11233258964228257,29.170616708054,0.034281071600515745,3.7499440703250015,-6.230112726494713,-0.1605107393558569,0.972516883169229,4.171153149527572,0.38321167883211665,0.9268806222387855,0.4538343370285992,0.8275719841417727,0.3087308415160539
0.6941045606229146,3.636265700806811,-5.150279163191722,-0.19416423232877378,0.11256297554266328,28.788742024645515,0.03473580051340619,3.7488201418542535,-6.272406926500344,-0.15942843181539956,0.9895401132140206,4.030815081225036,0.37956204379562053,0.925606830767767,0.44852735272494837,0.8264346703283633,0.3051206481122098
0.6874304783092331,3.635007958259601,-5.14147858787623,-0.1944965797111422,0.11279624882599877,28.43298412427763,0.03517042022846084,3.747804319009179,-6.276433218793336,-0.15932615948270268,1.0026295360727806,3.996908716637221,0.37591240875912435,0.9243156956674788,0.44338307411221467,0.8252818711316775,0.3016211388518467
0.6807563959955507,3.633756617902726,-5.145275856024291,-0.194353039172654,0.11303243610188632,28.211859499454015,0.03544608606956068,3.746793794976454,-6.292990838176595,-0.15890695310304181,1.0146406371960643,4.049646690906058,0.3722627737226277,0.9230036455299389,0.4381498003656763,0.8241103977945882,0.29806108868413356
0.6740823136818692,3.6324254847879227,-5.193905665247738,-0.19253333896512004,0.11326938901825101,28.14830984159617,0.03552611171425468,3.745702504709626,-6.369133558430965,-0.1570072272509151,1.0289292989288688,4.140100253271505,0.3686131386861316,0.9216833344264719,0.4328766036662772,0.8229315485950641,0.29447388004508657
0.6674082313681868,3.6310801172015297,-5.225467854165991,-0.1913704242200538,0.1135066444896183,28.112365633154774,0.03557153506927335,3.7445934965195318,-6.418531001410418,-0.1557988891508444,1.0380180100925018,4.242981731433964,0.364963503649635,0.9203592828696221,0.4275071614674216,0.8217493597050196,0.2908211982771576
0.6607341490545053,3.6299266945004036,-5.191377943631667,-0.19262708492004776,0.11374420372440375,28.223110707285272,0.035431955406030724,3.743673260354277,-6.361520252515633,-0.15719512951397974,1.029733127343465,4.225722004376626,0.3613138686131388,0.9190317598625231,0.4220360422289713,0.8205640713058241,0.2870993484550825
0.6540600667408238,3.6285858459755618,-5.108546056889129,-0.19575041290886475,0.11397959606344737,28.385968380746792,0.035228673074907846,3.7425663610006037,-6.229685779850512,-0.1605217398338823,1.0104969789659726,4.113786018054054,0.3576642335766427,0.9177114668588464,0.41663975912192497,0.8193852382668271,0.28342840756593535
0.6473859844271415,3.6272210721053564,-5.064863352608707,-0.19743869288890892,0.11421444185221119,28.181792347043714,0.03548390349646802,3.741436438551808,-6.174562689699544,-0.16195478939232544,1.0107660667017202,4.034927648141492,0.35401459854014605,0.9163914192130658,0.41128602647604245,0.8182066242973801,0.2797864125687364
0.64071190211346,3.6260008135109687,-5.051525052717285,-0.19796001990766854,0.11445324104893975,27.7008600333223,0.036099962196013635,3.7404568472723714,-6.178176470081134,-0.16186005771163536,1.0270472882500163,3.942231566669243,0.3503649635036499,0.9150472125609147,0.40600493615336875,0.8170064397865309,0.2761938341179379
0.6340378197997776,3.624683258955375,-5.006370866371085,-0.19974548963546113,0.11469631009064518,27.089752715898356,0.036914327365311195,3.7393884179624144,-6.141330603167113,-0.16283116227032224,1.0435560362013856,3.8892208131960615,0.34671532846715325,0.9136771899015452,0.4008645317992371,0.8157832052692368,0.2726969604076443
0.6273637374860961,3.6232167585325685,-4.908106153422597,-0.2037445745346531,0.11494597956772035,25.962290133261153,0.03851740331331044,3.7381729900199825,-6.052273319258345,-0.1652271712214315,1.0696512526418176,3.9331583020680703,0.3430656934306571,0.9122640588705563,0.3956349569087307,0.8145214811344251,0.2691394264685243
0.6206896551724137,3.6218101130464335,-4.805499895427993,-0.20809489579875162,0.11521044673108982,24.22759385863852,0.04127525027184831,3.7370195750596613,-5.994497811342395,-0.16681964552691397,1.1218402340243319,3.7902089898339697,0.3394160583941605,0.9107654180247178,0.39016338956524255,0.8131834089506408,0.26541727181309016
0.6140155728587322,3.620488823052054,-4.69112178023188,-0.21316862934872916,0.11549692840338466,22.282254189749715,0.0448787627806535,3.7359825845808396,-5.942128426344241,-0.1682898665681023,1.193610565730521,3.5443626015533223,0.3357664233576643,0.9091395728638613,0.3850734831599843,0.8117317614855903,0.26195475044896893
0.6073414905450507,3.619139534453834,-4.5577890593647155,-0.2194046251318582,0.11580949584495835,20.600648308117538,0.048542161637017855,3.7349408536633417,-5.852660552505458,-0.1708624634948137,1.2586183263885735,3.463317949340599,0.3321167883211682,0.907360248330538,0.3800736972112144,0.8101430788665517,0.25855353551783294
0.6006674082313683,3.6176310420899775,-4.460823001728561,-0.22417387993482407,0.11614487716828364,19.1409560143338,0.05224399446146499,3.7337495354868606,-5.816324469981553,-0.17192988547338928,1.3276008109414819,3.1389269731668614,0.3284671532846716,0.9054472346504097,0.3749302144261831,0.8084350309378657,0.25505456763685924
0.5939933259176868,3.616115319813435,-4.382327720974732,-0.22818923267965374,0.1165068572838211,17.6430410716067,0.05667957105248256,3.732601189552662,-5.830575318688558,-0.1715096616271694,1.4170894525250095,2.7027172979882317,0.3248175182481754,0.9033782019938085,0.3705472082550671,0.8065876803516147,0.25207293078575993
0.5873192436040044,3.614493660783309,-4.271624632858697,-0.23410296689172583,0.11690144541370054,16.167439268560283,0.061852714173767254,3.731406223362975,-5.805506721880191,-0.17225025271801542,1.5120057420859785,2.5546456220631164,0.3211678832116788,0.901117342008536,0.3666361476870231,0.8045690553647642,0.24941234536532184
0.580645161290323,3.6128649202905967,-4.127373559534375,-0.242284829704829,0.11733247749526182,14.887649658623934,0.0671697697709277,3.7302167274298843,-5.710531123810051,-0.17511505993383025,1.5917163204846685,2.614696222660914,0.31751824817518265,0.8986409685795969,0.3625631411313108,0.8023580076603543,0.24664159260633386
0.5739710789766406,3.6112596089372158,-4.015400286727428,-0.2490411736297915,0.11779803855858498,13.954326995674554,0.07166235966162837,3.7290504644086617,-5.637651857226509,-0.17737881396811872,1.6571269197994414,2.6440469229155408,0.313868613138686,0.8959607563949974,0.3581668591113541,0.7999649610669619,0.24365092456554702
0.5672969966629591,3.60969695163066,-3.973166279267199,-0.25168843428934906,0.11828903846961061,13.442850575749084,0.07438898426826235,3.7279347269857017,-5.640175420066208,-0.17729945002105296,1.707206573694698,2.2832455687326707,0.31021897810218985,0.8931267348436777,0.353773625443413,0.797434584681855,0.2406623302336143
0.5606229143492776,3.607968815269292,-3.962022373198417,-0.25239635363107027,0.11879099496706005,13.336324569961281,0.07498317806784627,3.726728629687396,-5.636559950097693,-0.1774131755633448,1.7198121496929744,1.9487329619927583,0.3065693430656937,0.8902237049449829,0.350288301549054,0.7948425937008775,0.2382913615979959
0.5539488320355952,3.606262826595844,-3.9493274752713123,-0.25320766795397276,0.11928992627474316,13.455867736325578,0.07431702061847645,3.7255764091319152,-5.590007163004968,-0.17889064733549276,1.7021269132190526,1.8447499483477658,0.3029197080291971,0.8873325419508109,0.3471668461368944,0.7922611981703668,0.23616792254210506
0.5472747497219137,3.6044824779349254,-3.9203568438223844,-0.255078820586391,0.11978299079289069,13.492172876851932,0.0741170461664975,3.724345849920828,-5.526028926306747,-0.18096177441987038,1.687658371543359,1.918600767412614,0.2992700729927009,0.8844703986982714,0.34405327127083535,0.7897057131234565,0.2340498444019288
0.5406006674082313,3.6027107967693284,-3.8626476928947704,-0.258889777040622,0.12027925280866747,13.299542877605875,0.07519055423204257,3.7230846545393765,-5.4436811692,-0.18369922280862738,1.688975110945229,2.209267187042794,0.2956204379562043,0.8815864497415762,0.340604249951283,0.7871307586978358,0.23170357139543063
0.5339265850945498,3.6010427732345156,-3.797010769415255,-0.26336506813595406,0.12078664668920275,12.883212823414972,0.07762038970454022,3.7218717203034912,-5.383734319845639,-0.18574467843143339,1.7149438142752218,2.5703359325948254,0.29197080291970817,0.8786333555103883,0.3362095941324308,0.7844940674199895,0.22871400961389848
0.5272525027808683,3.599384145052254,-3.726502579969651,-0.26834813032871807,0.12131534254888376,12.245608655241588,0.08166192699388297,3.7206695207414726,-5.35658223337724,-0.18668620333482977,1.7707898287889696,2.3413213337803462,0.288321167883212,0.8755545709084684,0.33155819148904864,0.7817451525968467,0.22554979012860452
0.5205784204671859,3.5975859033738256,-3.607539967542841,-0.27719720612856236,0.12187668353450483,11.328025619568534,0.08827663651047502,3.7193891073897745,-5.293229858566392,-0.18892056961811932,1.851995953625753,1.8187536705744443,0.28467153284671537,0.8722826657171533,0.32767184642935876,0.7788238086760296,0.22290601797915563
0.5139043381535044,3.5956968334509147,-3.4696641640658448,-0.2882123320051164,0.12249367362577555,10.34016377923528,0.09671026700835839,3.7181048147607623,-5.221875805970413,-0.1915020649967687,1.9516018983660088,1.384899718446956,0.28102189781021925,0.8686856009373793,0.3246041240629695,0.7756121436940886,0.22081913201562553
0.5072302558398221,3.593725176034782,-3.3621356357155254,-0.2974299993662157,0.12316758809968871,9.522361164902943,0.10501597058571477,3.7168304431764265,-5.1971262508111025,-0.19241402878060399,2.0542077393885347,1.1247955009860218,0.2773722627737226,0.8647566858518513,0.3221761882442124,0.7721041837962958,0.21916747499606287
0.5005561735261406,3.591695330227729,-3.265064014017783,-0.3062727088065458,0.12389544408965611,8.867658446343528,0.11276934108939862,3.715564175596508,-5.167868713591455,-0.19350336771714183,2.1418615244896313,0.9141443708480448,0.27372262773722644,0.8605152596784184,0.3200805151191056,0.7683171961414449,0.21774184701979976
0.4938820912124582,3.5895929169898064,-3.177638830899463,-0.3146990747582663,0.12467285182946933,8.38147480006552,0.11931074469044312,3.714291484682186,-5.1180129317520375,-0.19538833006771483,2.2033689967241483,0.7841657526096807,0.2700729927007298,0.8559904348019446,0.31835663928178426,0.7642771739303076,0.21656914236856073
0.4872080088987767,3.5873654824790724,-3.1087108571994384,-0.3216767483164631,0.12548802355159755,8.05585843256577,0.12413326380680978,3.7129250463640724,-5.062176575866031,-0.19754348450970838,2.238158390003631,0.7592411446422785,0.2664233576642337,0.8512553220882716,0.31677148207874295,0.760049394721671,0.21549080413519928
0.4805339265850952,3.585131868186499,-3.057845906065711,-0.32702759743921206,0.1263298030704945,7.8416805239531415,0.12752368538164838,3.7115460654675667,-5.012433037959825,-0.19950391205765072,2.255036197463405,0.8819112826714179,0.2627737226277375,0.8463787913621933,0.3150930726041331,0.7556953494305296,0.21434902898240346
0.4738598442714128,3.5831019601484764,-3.0178093429715074,-0.33136619525981814,0.12719023069795993,7.703573774019028,0.1298098816646096,3.710287212643092,-4.961392586332999,-0.2015563135952334,2.256941108198728,0.9978882499931433,0.2591240875912409,0.8414111754716703,0.31266836443335266,0.7512599780997056,0.2126995676417365
0.4671857619577313,3.5809912863782056,-2.9865006537278713,-0.3348400405510574,0.12806252674121235,7.604456733221525,0.13150183308050245,3.7089965470091593,-4.9179148987276555,-0.20333820747055142,2.252232600414484,0.7652217314703924,0.25547445255474477,0.8363961883444915,0.31061394736209974,0.7467823110218673,0.21130200500823113
0.46051167964404893,3.578699700167987,-2.964089487035673,-0.33737173063559567,0.12894553881471857,7.515035903788121,0.13306656319445231,3.707598314117372,-4.894638801969625,-0.20430516744107763,2.249764621586733,0.6315040094203053,0.25182481751824815,0.8313448643811916,0.30909009194422954,0.7422722003403496,0.2102653686695439
0.45383759733036744,3.5763403478574327,-2.9452415190582317,-0.339530728984073,0.12983872113312944,7.418900040955979,0.1347908712180388,3.7061663897299595,-4.884246823802559,-0.20473985776612835,2.25037848650077,0.5849443535438146,0.248175182481752,0.8262648674847316,0.3077463687070382,0.7377364888256531,0.20935127122927769
0.44716351501668505,3.574009575884016,-2.9176340270636016,-0.3427434663580584,0.13074474955400273,7.305018460705284,0.13689219341184966,3.7047761952343605,-4.857876202014988,-0.20585127294623362,2.2481862362310894,0.5974518443605946,0.24452554744525537,0.8211458353175735,0.30643790695816875,0.7331659243906905,0.20846116119603317
0.44048943270300356,3.5717472727858173,-2.8743900308363015,-0.34789989850787606,0.13166598066699178,7.191794911415895,0.13904734663841012,3.703444997048494,-4.788066945070994,-0.2088525518694837,2.2321027266387357,0.6529193440721524,0.24087591240875922,0.8159795913986132,0.30500299689769717,0.7285532066059046,0.20748503190319537
0.43381535038932206,3.569430427477788,-2.851381969091503,-0.35070713458941327,0.13260077642793022,7.152686095947517,0.13980761724837443,3.7020433536659674,-4.741594540413089,-0.21089951734103352,2.2068628640985137,0.6901983964626588,0.23722627737226307,0.8107806934280616,0.30338764753205594,0.723911333417912,0.20638615478371153
0.4271412680756397,3.567136641143612,-2.8547412475475475,-0.3502944446748302,0.13353215575818256,7.1948681812555515,0.1389879529141691,3.700670789276782,-4.732462271592217,-0.21130649176069483,2.1757321882293046,0.7023700257596887,0.23357664233576644,0.8056478310760571,0.3017719731356081,0.7193284206036223,0.20528705655483545
0.4204671857619582,3.5647966565338978,-2.852720349190751,-0.3505425970981264,0.1344560105046489,7.242024561975336,0.13808293405280025,3.699249358657487,-4.706775797656912,-0.2124596630453084,2.137893605470279,0.7263131707276518,0.2299270072992703,0.8006059318038601,0.3001016187239147,0.714826724824875,0.20415076103667668
0.4137931034482758,3.5624457747994933,-2.8421971581928918,-0.35184047563956256,0.13537530949414875,7.266661456104707,0.13761477757573282,3.6978152229605885,-4.66797405277798,-0.21422569806378533,2.0993041164228314,0.7413549744842041,0.22627737226277367,0.7956429459341718,0.2983715521862019,0.7103954874412248,0.20297384502462718
0.4071190211345943,3.560060864409628,-2.829825589462642,-0.35337866889170755,0.13629291521088788,7.273669082928349,0.13748219620645763,3.6963514059300593,-4.631849643314459,-0.2158964726852446,2.064052775412895,0.7558629870789045,0.22262773722627752,0.7907455360393228,0.2966197286777267,0.7060228000351096,0.20178212835219503
0.4004449388209128,3.5576688722980907,-2.8184644488063726,-0.35480312707989015,0.13721044448244396,7.2820974671481045,0.13732307271515154,3.6948796196104126,-4.598122816001667,-0.2174800543647848,2.028682027441218,0.7864861276377175,0.21897810218978137,0.78590597127874,0.29480416650212327,0.7017017600703035,0.20054705204226073
0.3937708565072304,3.555341311665803,-2.807373004997876,-0.3562048926949615,0.13812592619262515,7.3123468686890325,0.13675500054324985,3.693466336782973,-4.55684890156454,-0.21944989215171518,1.9870673705396025,0.8154369780069272,0.21532846715328474,0.7811364632105585,0.2928901412414822,0.6974432707237129,0.19924499404182464
0.38709677419354893,3.552938686140431,-2.8088801740003677,-0.35601376279993246,0.13903587274331053,7.361132213039395,0.13584866716951716,3.6919776806810054,-4.542046036573601,-0.22016509563042064,1.9494807207186666,0.841292117651812,0.2116788321167886,0.7764560631221334,0.290925924502176,0.6932643420733333,0.19790879217835106
0.38042269187986655,3.5505923862916164,-2.8167849381815646,-0.35501467877259074,0.1399392565664118,7.41386202412312,0.13488246702544693,3.690541729549113,-4.542724538417553,-0.22013221174717046,1.9148737940831655,0.8767955325921568,0.20802919708029197,0.771870804770666,0.28888921893938796,0.6891703614023803,0.19652327819005982
0.37374860956618505,3.548239023157725,-2.818675760089538,-0.3547765280985118,0.14083630611851122,7.457695744743563,0.13408967517947268,3.689093462038903,-4.531307537231073,-0.22068685291907286,1.8786407627208668,0.923018312244776,0.20437956204379581,0.767379957927834,0.28676744504785723,0.6851606767212802,0.19507989459037908
0.36707452725250267,3.5458408664763272,-2.8193067429391663,-0.3546971263430123,0.14172910762553712,7.466932738510372,0.1339237991046236,3.6875891865862314,-4.52953267728793,-0.22077332723841891,1.8503514312460783,0.9789364900723205,0.2007299270072992,0.7629727774300107,0.284509605232771,0.6812256941339381,0.19354394913793949
0.3604004449388212,3.543415376962747,-2.8122070922153926,-0.3555925887421836,0.1426239430364818,7.423650975157016,0.134704608735845,3.6860500187984826,-4.527181605678575,-0.22088798000629595,1.8294592166750174,1.013012216186386,0.19708029197080304,0.7586187040440099,0.28212583039851763,0.6773381286107231,0.19192233360443378
0.3537263626251397,3.5410736229542388,-2.7984669761622314,-0.35733850301545544,0.1435271669190077,7.3252436369695,0.13651423072853675,3.684600784035845,-4.528487695866859,-0.2208242722869045,1.8170834246774836,1.015644733411321,0.1934306569343069,0.7542889829990067,0.2797008205825638,0.673472306249113,0.19027266706296858
0.3470522803114573,3.5387519953002635,-2.778112685926973,-0.3599566011363322,0.1444461574622242,7.1662281676312505,0.13954342181244606,3.6831867024701177,-4.5369337852992,-0.22041317932394122,1.8144879299082626,0.9862783454078585,0.18978102189781026,0.749951581173214,0.27728135381372676,0.6695996260475124,0.18862677130185496
0.3403781979977758,3.536297075506029,-2.7497550241413884,-0.36366876002426807,0.14538981548602592,6.951541184199316,0.1438529922361642,3.6816705637568354,-4.549264186379178,-0.21981576778813405,1.8199402188643958,0.9351169089027938,0.1861313868613141,0.7455707834952908,0.274957253813343,0.6656881995493668,0.18704575089343065
0.3337041156840934,3.5338759125276753,-2.7162952789294046,-0.36814848803703626,0.1463663308847314,6.699628513107545,0.14926200729541073,3.680224969032255,-4.568578180854871,-0.2188864807415598,1.8322453795739402,0.8766326981238604,0.1824817518248175,0.7411166169609927,0.2727362012819772,0.6617112651437435,0.1855348308040661
0.3270300333704119,3.531418691958283,-2.6794837031302436,-0.3732062258231963,0.14738218933201586,6.437056958073923,0.15535049736443796,3.6787877857379847,-4.590193735435204,-0.21785572845874412,1.8463710823142216,0.829872711244275,0.17883211678832134,0.7365661694796716,0.2706404411814954,0.6576483656068496,0.1841091436608812
0.32035595105672954,3.5288811839194274,-2.6332494239372437,-0.37975893620620127,0.14843997489849475,6.193880903773359,0.16144966549014406,3.6773053066874315,-4.580657508126506,-0.21830927071624728,1.8483234803463156,0.78160294148402,0.17518248175182471,0.7319179772976264,0.26859985717934703,0.6534981940157378,0.18272099127846736
0.31368186874304804,3.526314046681152,-2.5876913173739537,-0.38644485657385985,0.14953724604601115,5.9878926930118395,0.16700366076483775,3.675837964185616,-4.557029487161048,-0.21944119580911092,1.8402904238810445,0.7334975727500277,0.17153284671532856,0.7271972541831595,0.2666699565228883,0.6492832626635352,0.18140813368903963
0.30700778642936655,3.523740958389366,-2.56108237089428,-0.3904599131072928,0.15066916725575608,5.821401416932213,0.17177994238490157,3.6744043355168907,-4.572892509071762,-0.21867997072229173,1.8348945649705584,0.7072192120368781,0.1678832116788324,0.7224253203104475,0.26481245176096974,0.6450226074200424,0.1801445250074624
0.30033370411568416,3.5210958986016556,-2.5373479540974193,-0.39411228498840956,0.15183019299664388,5.686961349137098,0.17584082933001355,3.6729297957288343,-4.581451097136501,-0.21827145565845285,1.82051067965403,0.6992245728823969,0.1642335766423358,0.7176339749113845,0.26298335755757424,0.6407446204565932,0.17890024323644507
0.29365962180200267,3.5184497671201402,-2.5191313176612002,-0.3969622357473668,0.15301631959386533,5.582717164915519,0.17912424549903427,3.6714769574727386,-4.5905675078051384,-0.21783799024842665,1.8003513975597414,0.7100188362435363,0.16058394160583964,0.7128481320284279,0.26113407767113184,0.6364715464539534,0.17764222970825294
0.2869855394883203,3.5158135001355424,-2.51637303637041,-0.39739735943220467,0.1542211729143173,5.508562612745258,0.18153556023603734,3.670046540576005,-4.6325936489163775,-0.21586179919620463,1.7813420493067482,0.7411643390331923,0.156934306569343,0.7080941297799703,0.2592190356155784,0.6322269015892592,0.17633948001059754
0.2803114571746388,3.513097206783628,-2.5109662235180954,-0.3982530671395921,0.1554394861376167,5.456587890672245,0.18326471048133364,3.6685403176351015,-4.651414688423974,-0.21498835665818206,1.7534199827053256,0.7715185430208683,0.15328467153284686,0.7033982604767672,0.2571966739507256,0.6280341611399707,0.1749637237760038
0.2736373748609573,3.5104707466546294,-2.5012098347195253,-0.39980652007636763,0.15666742044020815,5.418925213869748,0.18453843899533773,3.6671357008007863,-4.645370530448317,-0.21526808108103523,1.7183729881012646,0.7851368701975512,0.1496350364963507,0.6987716920507462,0.2551163106866571,0.6239032964738804,0.1735485106711953
0.2669632925472749,3.5078291185684822,-2.49977187104987,-0.4000365039630651,0.1579027356014032,5.389661178807916,0.18554042022752526,3.665732801492639,-4.662089780775383,-0.2144960837355825,1.6881344914435281,0.800441867658061,0.14598540145985409,0.6942261582167016,0.25300632270303014,0.619844784122055,0.17211314469593889
0.2602892102335934,3.5051402520596557,-2.503900600302719,-0.39937687617435813,0.15914404451443545,5.367267523430536,0.18631454378499868,3.664292376106132,-4.6934621844489435,-0.2130623323893701,1.661346391440486,0.8384455428356549,0.14233576642335793,0.6897563525948782,0.250840581601013,0.6158538862454269,0.17063985142926058
0.25361512791991103,3.502533518255555,-2.5040847401804704,-0.39934750767577043,0.16038969280431753,5.350876199201141,0.18688528061054654,3.6629263711795117,-4.706718995717659,-0.21246222706514573,1.631121801289912,0.8776723192960014,0.1386861313868613,0.6853682043738267,0.24852662961859326,0.6119358967623453,0.1690657344344172
0.24694104560622954,3.4998348500068452,-2.5061074403147776,-0.39902519098478706,0.16163862000645615,5.336081080003079,0.18740344927431707,3.661476549380532,-4.725412388714445,-0.21162174171047354,1.6039387311061122,0.8919424043220998,0.13503649635036516,0.681060006748073,0.24616101715852776,0.6080892917393508,0.16745647425750187
0.24026696329254715,3.4970995095094537,-2.510677640702542,-0.3982988432239267,0.1628911848969669,5.310559377469203,0.18830408040302515,3.660003920536007,-4.762023521761278,-0.20999476282094065,1.5832540124497074,0.9154925420691301,0.13138686131386854,0.6768241909651828,0.2437757005597778,0.6043073133617702,0.16583380990461075
0.23359288097886566,3.494461742552551,-2.51296547469911,-0.39793622716592836,0.16415213387168012,5.267158210193967,0.18985569828994642,3.6586283065460528,-4.8058316912292245,-0.20808052887599615,1.5674277163114803,0.9515901177131239,0.12773722627737238,0.6726419117996312,0.24128947752458996,0.6005731355353849,0.16414250171740813
0.22691879866518416,3.4918526953430256,-2.513185748455843,-0.39790134915989483,0.1654254100131841,5.206609195742632,0.1920635796551977,3.6572844316199733,-4.858194890113447,-0.2058377695046829,1.5570138901639519,0.9813782227129647,0.12408759124087623,0.6684981356046982,0.23871818316242197,0.5968733353613376,0.1623933218791986
0.22024471635150178,3.4891978797805323,-2.51190445704716,-0.39810431371881805,0.16671583015183847,5.130164365031497,0.1949255284716127,3.6559019926372747,-4.921773691989496,-0.20317878524718935,1.5524260203878553,0.992410634080061,0.12043795620437961,0.6643721280724403,0.23607521249564134,0.5931894000646788,0.16059538265009615
0.21357063403782028,3.4865149681253436,-2.5123662269104923,-0.3980311426291223,0.1680273080572991,5.0466749440605625,0.19815026945155267,3.654514587001891,-5.002979945516717,-0.19988087317761938,1.5535108570388505,0.9715114221299753,0.11678832116788346,0.6602486006616844,0.2334444904995167,0.5895076791622182,0.15880577585001138
0.2068965517241379,3.483903028365947,-2.504881972067687,-0.3992204068499632,0.16936077256943427,4.961690912105418,0.20154419485506914,3.6532367985904313,-5.058777633932001,-0.1976762119948603,1.552539395499437,0.928923998310358,0.11313868613138683,0.6561183324650542,0.23091006013062518,0.5858199397009413,0.15708167355824842
0.2002224694104564,3.4812463562549967,-2.4876741240990827,-0.40198191166302877,0.1707175531499141,4.876568558527418,0.2050622252098453,3.651959157775055,-5.078212432751763,-0.19691968645315683,1.548232537782062,0.9146774930557153,0.10948905109489068,0.6519753809126277,0.22848850190793316,0.5821208758148462,0.1554343550394103
0.19354838709677402,3.4785080107258795,-2.468922479882906,-0.40503499326047177,0.17209797691038883,4.800933627789733,0.20829281917408693,3.6506058879939918,-5.082794294834357,-0.19674217408646655,1.5428619611243,0.9233347610198419,0.10583941605839405,0.6478109923080622,0.22600085116217408,0.5784026717036269,0.15374207562052658
0.18687430478309253,3.4758080492747947,-2.4620506464481897,-0.4061654870677103,0.1734978799909476,4.749057227634205,0.21056810900932454,3.649304280075742,-5.112542969269904,-0.1955973780583804,1.5400291266029622,0.924928527300662,0.10218978102189791,0.6436340003035385,0.22349653797860192,0.5746732145567307,0.15203846120993328
0.18020022246941103,3.4731394809792766,-2.4728739283437897,-0.4043877807671947,0.17490867469471783,4.727977767369398,0.2115069167417829,3.648044651704542,-5.1845474928423805,-0.1928808640253692,1.541428385287832,0.9289384927985229,0.09854014598540176,0.6394616319613664,0.22098626390504217,0.5709478856797914,0.15033079177213754
0.17352614015572865,3.470383599004923,-2.483250649309218,-0.40269797182099865,0.17632110913544302,4.731888733437944,0.21133210359184673,3.646705904630034,-5.225592260804693,-0.1913658682290702,1.537303893890131,0.9346367317440879,0.09489051094890513,0.6353136384020582,0.21848230621466727,0.5672443200018377,0.14862741919365122
0.16685205784204715,3.4676594558483735,-2.4999691697040265,-0.40000493290818895,0.17772957040450893,4.754446211483341,0.21032943807098192,3.6453983697509273,-5.272162336302402,-0.18967549483716084,1.5342639706180154,0.9538428212499346,0.09124087591240898,0.6311980044101952,0.2159621955879641,0.5635696467948171,0.14691305822310483
0.16017797552836477,3.465026553800306,-2.528443253270941,-0.39550027421273626,0.1791286211007954,4.789501677271813,0.2087899884752975,3.6441691641413914,-5.355891326770706,-0.18671028573743342,1.537518950590148,0.9905790912536595,0.08759124087591236,0.6271217685345603,0.2133876328948486,0.5599301504772859,0.14516165503050926
0.15350389321468327,3.4623630847798976,-2.5560927856443345,-0.3912221049315008,0.18051653354322264,4.835240153190784,0.20681496023317436,3.642888230061506,-5.422783383124597,-0.18440714469841168,1.5397898840419282,1.0342425397572483,0.0839416058394162,0.6230812139534131,0.21072909885513974,0.5563225124584045,0.14335312847288417
0.14682981090100178,3.459876791224484,-2.578948656148953,-0.3877549084258476,0.18188922123738932,4.895643324061781,0.20426324668814466,3.641759813329267,-5.449838921994613,-0.18349166173777576,1.5373337900848267,1.0580402044467236,0.08029197080292005,0.6190808607459325,0.20798294959696528,0.552750768523154,0.14148499972582673
0.1401557285873194,3.457323019386849,-2.6068604894980982,-0.3836031901317938,0.1832430729873358,4.968709031031043,0.20125952108580059,3.640557370614602,-5.484149821223682,-0.18234366904601984,1.536822574701624,1.062755844483117,0.07664233576642343,0.6151240921177409,0.20525289802699911,0.5492179393908401,0.13962782178707422
0.1334816462736379,3.454703954706626,-2.6398114438519826,-0.37881493480489326,0.18457566645766704,5.051990022320758,0.19794180027707675,3.6392810178963337,-5.528737048817526,-0.18087313452787157,1.5385966143864287,1.0926381836367478,0.07299270072992728,0.6112118533558827,0.20254135650719807,0.5457248690677523,0.13778323571918236
0.12680756395995552,3.452219741229942,-2.663718518901307,-0.3754150421315785,0.18588523272407098,5.1431136505179955,0.1944347467218197,3.638103880278779,-5.525463408799051,-0.18098029540971083,1.535363479583446,1.130359100505547,0.06934306569343066,0.6073441697066954,0.1997226963635309,0.5422715800952637,0.13586577983913667
0.12013348164627402,3.4496878856844213,-2.6819924265912842,-0.3728571304248476,0.18717101346618975,5.241180532969059,0.19079670957899886,3.6368581515302885,-5.4926820192674795,-0.18206042084580076,1.5293068103590597,1.1529649344745536,0.0656934306569345,0.6035178480791205,0.19687654438285188,0.5388552214992146,0.13392962202915093
0.11345939933259164,3.4472173563227866,-2.7031926822114984,-0.3699329339638098,0.18843201861389075,5.366942941985907,0.18632581169755724,3.6356478218547292,-5.446411814841266,-0.18360712226626674,1.5190533345867498,1.1865429592339012,0.062043795620437873,0.5997326902183623,0.19398336807501482,0.5354756162663948,0.13196147488096246
0.10678531701891014,3.444718583397193,-2.738714191888323,-0.3651348515890618,0.18965812107505597,5.534052037659318,0.18069942118270355,3.634373258642175,-5.421951724768545,-0.18443543040632449,1.5075304574766175,1.2264427721166553,0.05839416058394173,0.5960162617285653,0.19101483907088226,0.5321573765433618,0.129942067395158
0.10011123470522865,3.4423762109477822,-2.7778700929520146,-0.3599880363510124,0.19084402423590668,5.717656057976659,0.17489684406688077,3.6332225670782967,-5.402742224839975,-0.18509119228423287,1.4955371237689363,1.2696312246783812,0.054744525547445584,0.592384631928494,0.18800454977309436,0.5289148499361553,0.1278942515463227
0.09343715239154626,3.4399845014438117,-2.80334932080017,-0.35671615826834113,0.19199267294246705,5.910676640590732,0.1691853675656425,3.631983507926835,-5.332457652704855,-0.18753079070262402,1.4759427765661588,1.3167559573557994,0.051094890510948954,0.5888292045314482,0.18491078349789491,0.525740361188793,0.12578964863802375
0.08676307007786477,3.437576908731596,-2.8331647945815766,-0.3529621721660874,0.193102338374714,6.144299519462079,0.16275248249739427,3.630688805355539,-5.25735572011017,-0.19020968966867713,1.4514832827779194,1.3793440996145134,0.04744525547445281,0.5853555621829671,0.18173193538944543,0.5226388948062206,0.12362716693159553
0.08008898776418238,3.435215276497623,-2.870300848210011,-0.34839553513131705,0.19416511987235435,6.439351985005986,0.15529512943670376,3.629386149117557,-5.178653024588418,-0.193100405694679,1.41929326451803,1.4901639100111335,0.04379562043795618,0.5819889007888659,0.17840305205543008,0.519632947132916,0.1213626204458708
0.07341490545050089,3.4329731537178465,-2.9046844409972126,-0.34427147606322706,0.19517524332826297,6.77332469759866,0.1476379835082362,3.628125763607861,-5.085603612112255,-0.19663349255500862,1.3813572421606586,1.541034941752814,0.04014598540146003,0.5787516368913863,0.17477246673938748,0.5167425329387377,0.11889283451659012
0.0667408231368185,3.4306353192583203,-2.9341337873874687,-0.3408160883114988,0.19613581598147425,7.1441862132587985,0.1399739550663046,3.626763387994303,-4.979034945717333,-0.20084213324514621,1.3376475992971475,1.520916676666254,0.0364963503649634,0.5756377526485338,0.17131506901172536,0.5139622791504765,0.11654086327328256
0.06006674082313701,3.4283124525643704,-2.9744544822424,-0.33619610115738396,0.1970436387240313,7.586448097616516,0.13181399083375744,3.625380861352651,-4.892796137670781,-0.20438211032353593,1.2915659645048891,1.6266944775031114,0.03284671532846725,0.5726611980391159,0.16785336833331124,0.5113046411063534,0.11418596485259269
0.053392658509455515,3.426066914043434,-2.924474353667749,-0.3419417916063594,0.19789529083131296,8.11880269655288,0.12317087104784363,3.623978189086537,-4.570991416260603,-0.21877092055842695,1.1963829285674765,1.7730739642223787,0.029197080291971107,0.5698367236992646,0.1639550443666613,0.5087827890172005,0.11153404378684442
0.04671857619577313,3.423846149148712,-7.852698102750311,-0.12734476569903563,0.1986877437880737,8.751712848502882,0.11426334676543526,3.622528572417507,-76.44430662110848,-0.013081418933609257,3.4246385549549236,4.911918089532307,0.025547445255474477,0.5671812476277363,0.15975389111311736,0.5064118282390502,0.1086761164034812
0.040044493882091636,3.421570443495869,-28.562691770083465,-0.03501070585537036,0.1994204967948116,9.494200331599266,0.10532745940400368,3.6209825595572034,14.188707622491902,0.07047858244783356,7.954235028680945,15.059240858733842,0.021897810218978332,0.5647012357361354,0.15553144729310922,0.5041975319072637,0.10580370564157089
0.03337041156840925,3.4192368890268123,-3.449005984673025,-0.2899386096875105,0.20009367205598028,10.392195301724035,0.09622605916904803,3.619355512269343,-5.185398099432208,-0.19284922407587146,1.0927642525482917,2.320578671172211,0.0182481751824817,0.5624013378006376,0.1514982460206729,0.5021440516077121,0.10306003130658022
0.026696329254727758,3.416801593917657,-1.6843988817399662,-0.5936836047807219,0.20070493807404255,11.402687960707102,0.08769862013640406,3.6175304462576365,-1.9813906232604126,-0.5046960393677864,0.4969338412600125,1.2085099604893008,0.014598540145985554,0.5602959732708656,0.14694805294471644,0.5002642618489871,0.09996466186715404
0.020022246941046262,3.4141751125551334,-0.9897047451145914,-1.0104023497272578,0.20126428767515359,12.426468809369192,0.08047338430093909,3.615451695233899,-1.0760477566398912,-0.9293267829697811,0.2719983759240606,0.7390355635763831,0.010948905109489409,0.5583539242935234,0.14209076711795876,0.4985302895477887,0.09666038579452978
0.013348164627363879,3.4110459297815803,-0.6493106600239413,-1.5400948445280846,0.20177911005581256,13.550754036075986,0.07379663134152636,3.6128247771233912,-0.6817834163417225,-1.466741454882765,0.16481591806633028,0.4882340161073661,0.007299270072992777,0.5565525171169028,0.13705745642482897,0.4969218902829489,0.09323636491484964
0.0066740823136823835,3.409178028306498,-0.45813534287185337,-2.182761089182577,0.2022493372592452,14.93645962354375,0.06695026968932716,3.6114275634564845,-0.47237993234057585,-2.1169400551059425,0.10618434511548909,0.3358103780276672,0.0036496350364966313,0.5548983545312964,0.13204565415434988,0.4954449594029432,0.089826975615204
-0.0,3.3674684482406927,-0.3948920478299703,-2.5323376489733027,0.20267277327747207,16.765129276366963,0.059647616401601766,3.570163190108455,-0.4048197290768815,-2.470235337295245,0.08886688098217312,0.2860738231695327,-0.0,0.5533964127173386,0.1272107119109816,0.49410393992619517,0.08653789925917116
-0.006674082313681495,,,,0.20304552346260368,17.964832280190866,0.055664310381715154,,,,,,-0.0036496350364961455,0.552069948759812,0.12270572228674521,0.4929195971069749,0.08347328046717362
-0.013348164627363879,,,,0.20341578965631585,16.81207719484712,0.05948104974836177,,,,,,-0.007299270072992777,0.5507434767620581,0.11812761414203868,0.4917352471089805,0.08035892118506033
-0.020022246941045374,,,,0.20383948630685328,14.029321395614884,0.07127928513438775,,,,,,-0.010948905109488923,0.5492183927711709,0.11252930522261963,0.4903735649742597,0.07655054777048954
-0.02669632925472687,,,,0.2043672372888104,11.15172586981966,0.08967221860307184,,,,,,-0.014598540145985068,0.547305428495187,0.10603576586060758,0.4886655611564169,0.07213317405483509
-0.03337041156840925,,,,0.20503644584326802,8.86783878021805,0.1127670478438052,,,,,,-0.0182481751824817,0.5448624180562448,0.1000383046996476,0.48648430183593283,0.06805326850316164
-0.04004449388209075,,,,0.20587247040797135,7.227722852025572,0.1383561628569847,,,,,,-0.021897810218977846,0.5417745978564832,0.09630143110929373,0.48372731951471704,0.06551117762536988
-0.04671857619577313,,,,0.2068832466822934,6.09715379812167,0.1640109521770743,,,,,,-0.025547445255474477,0.5379925352325238,0.0946016548983107,0.4803504778861819,0.06435486727776238
-0.05339265850945463,,,,0.20806171559832168,5.33697237408358,0.1873721522067484,,,,,,-0.02919708029197062,0.5335119537549923,0.09334229864277936,0.47634995870981445,0.06349816234202678
-0.06006674082313701,,,,0.20938432101653257,4.855319571767378,0.2059596665510508,,,,,,-0.03284671532846725,0.5283964077357121,0.09224838740687653,0.4717825069068857,0.06275400503869152
-0.0667408231368185,,,,0.2108108991340421,4.591708009216201,0.21778388303281915,,,,,,-0.0364963503649634,0.5227723123540856,0.09125969235001434,0.4667609931732907,0.0620814233673567
-0.0734149054505,,,,0.212291336140441,4.50720932590601,0.22186677557936285,,,,,,-0.04014598540145954,0.5168208685391812,0.09040443642631239,0.4614472040528403,0.06149961661653904
-0.08008898776418238,,,,0.2137724133798178,4.565994561345389,0.21901033533104908,,,,,,-0.04379562043795618,0.5107469754446172,0.08958691730595347,0.4560240852184082,0.06094348116051257
-0.08676307007786388,,,,0.21521472215153406,4.673606963135166,0.2139675004526218,,,,,,-0.04744525547445232,0.5047196583947353,0.08886353891400926,0.4506425521381565,0.06045138701633283
-0.09343715239154626,,,,0.21662848680076488,4.754459126028996,0.21032886675276075,,,,,,-0.051094890510948954,0.498704682846828,0.08816349251895102,0.4452720382560964,0.05997516497887824
-0.10011123470522776,,,,0.21802222649083686,4.820219145634296,0.20745944733772248,,,,,,-0.0547445255474451,0.4926673045763305,0.08751157183597172,0.4398815219431522,0.0595316815210692
-0.10678531701890925,,,,0.21939768965733053,4.883422797917583,0.20477440544906855,,,,,,-0.05839416058394124,0.4866116623786332,0.08686943501304259,0.434474698552351,0.05909485375036911
-0.11345939933259164,,,,0.22075558896624153,4.942529260661357,0.20232555990294543,,,,,,-0.062043795620437873,0.480535501446141,0.08627480032143085,0.42904955486262586,0.05869034035471487
-0.12013348164627313,,,,0.22209836453923867,4.998278037704849,0.20006890222121143,,,,,,-0.06569343065693402,0.47444181025276655,0.08569164415762835,0.42360875915425583,0.058293635481379835
-0.12680756395995552,,,,0.22342614160990615,5.051896577385734,0.19794546160671445,,,,,,-0.06934306569343066,0.4683318201805953,0.08512605039681771,0.4181534108755315,0.05790887782096443
-0.133481646273637,,,,0.22474057314800466,5.102481028318504,0.19598309027511363,,,,,,-0.0729927007299268,0.46220439957103593,0.08458258507865564,0.4126824996169963,0.057539173522895
-0.1401557285873194,,,,0.22604215616307788,5.15091093801344,0.19414041749781674,,,,,,-0.07664233576642343,0.4560650856848445,0.08404443211526556,0.40720096936146827,0.057173083071609225
-0.1468298109010009,,,,0.22733199140159077,5.197290852798571,0.19240793488814134,,,,,,-0.08029197080291957,0.44991067672770624,0.0835254026231614,0.40170596136402337,0.05682000178446354
-0.15350389321468239,,,,0.22861044895357577,5.2407839101008005,0.1908111490864286,,,,,,-0.08394160583941572,0.44374881113710474,0.08301760028500627,0.3962042956581292,0.05647455801701107
-0.16017797552836477,,,,0.22987897003233285,5.28074480420564,0.18936722698729724,,,,,,-0.08759124087591236,0.43757219631671207,0.0825137447062334,0.3906894609970643,0.05613179911988667
-0.16685205784204626,,,,0.2311381538744296,5.317977365075789,0.18804141713110667,,,,,,-0.0912408759124085,0.4313919087389155,0.08202259981909428,0.38517134708831735,0.05579768695176482
-0.17352614015572865,,,,0.2323889778249616,5.350560342980261,0.18689631289028696,,,,,,-0.09489051094890513,0.42520431453944346,0.08153727649029327,0.37964670941021733,0.05546753502741039
-0.18020022246941014,,,,0.2336328766271365,5.378293111407241,0.18593259595298406,,,,,,-0.09854014598540127,0.41901006854958145,0.08105464013918544,0.3741161326335548,0.05513921097903771
-0.18687430478309253,,,,0.2348708367253351,5.401563402539458,0.18513158607559177,,,,,,-0.10218978102189791,0.4128093663103006,0.08058233651752432,0.3685797913484826,0.05481791599831587
-0.19354838709677402,,,,0.2361040435157985,5.419898118197858,0.18450531323502162,,,,,,-0.10583941605839405,0.40660141835048436,0.08011462068434587,0.3630369806700753,0.054499741962140046
-0.20022246941045552,,,,0.23733364402101936,5.433977091407333,0.18402727563597665,,,,,,-0.1094890510948902,0.4003857552154,0.07964827259964231,0.3574872814423214,0.054182498367103614
-0.2068965517241379,,,,0.23856046988691276,5.444259067513933,0.18367972346632655,,,,,,-0.11313868613138683,0.39416362597326315,0.07919835560546037,0.3519318089046992,0.05387643238466692
-0.2135706340378194,,,,0.2397854312085566,5.450334982086554,0.18347496131644547,,,,,,-0.11678832116788297,0.38793545011648345,0.07875960876911314,0.34637093760400306,0.053577965149056564
-0.22024471635150178,,,,0.24100952387556382,5.452286392528347,0.18340929437792752,,,,,,-0.12043795620437961,0.3817024630323935,0.07832117306052722,0.34080577056463707,0.053279709564984505
-0.22691879866518327,,,,0.2422336086641019,5.450238575251048,0.1834782067230769,,,,,,-0.12408759124087575,0.37546571894220354,0.0778838370939322,0.33523724905553887,0.05298220210471579
-0.23359288097886477,,,,0.24345862118443679,5.4441532263416486,0.18368329443070763,,,,,,-0.12773722627737188,0.3692259996586976,0.07744964484462298,0.3296660711238371,0.05268683322763468
-0.24026696329254715,,,,0.24468544351745952,5.434256658418552,0.1840178082959767,,,,,,-0.13138686131386854,0.3629839103322175,0.07701481112706036,0.324092777082337,0.05239102797759208
-0.24694104560622865,,,,0.24591492118393818,5.419783547755417,0.18450921354860128,,,,,,-0.13503649635036466,0.3567412102298993,0.07657941468605839,0.3185189377052672,0.0520948399224887
-0.25361512791991103,,,,0.24714830287517162,5.400100257406748,0.18518174706634483,,,,,,-0.1386861313868613,0.3504968640098797,0.07615208866124493,0.3129436285802497,0.05180414194642512
-0.2602892102335925,,,,0.24838675762976264,5.375592809586105,0.1860259947920042,,,,,,-0.14233576642335746,0.3442510039896324,0.0757250959976757,0.30736696784788603,0.051513670746718164
-0.2669632925472749,,,,0.2496314084786244,5.346417948875386,0.1870411197856967,,,,,,-0.14598540145985409,0.33800501631927665,0.0752959670535629,0.3017901931422113,0.051221746294940744
-0.2736373748609564,,,,0.2508834132887487,5.312826201790605,0.18822373667389414,,,,,,-0.14963503649635024,0.3317590563585694,0.07486834717457103,0.2962134431772941,0.050930848418075526
-0.2803114571746379,,,,0.252143849902525,5.274934726748034,0.18957580554110365,,,,,,-0.15328467153284636,0.3255116747132796,0.07444350023701868,0.29063542385114244,0.050641836895931075
-0.2869855394883203,,,,0.2534139023504764,5.232513650433492,0.191112736020699,,,,,,-0.156934306569343,0.31926695979054764,0.07401541215456732,0.2850597855272747,0.05035062051331111
-0.2936596218020018,,,,0.25469485416531523,5.185154030832093,0.19285830161529915,,,,,,-0.16058394160583914,0.313022374816959,0.07358424409756964,0.27948426322942765,0.05005730890991132
-0.30033370411568416,,,,0.2559882067101912,5.133246627817003,0.19480848525395444,,,,,,-0.1642335766423358,0.3067790126634762,0.07315490628375615,0.27390983273524655,0.049765242369902145
-0.30700778642936566,,,,0.2572951898972925,5.076741241213341,0.19697675191359565,,,,,,-0.16788321167883194,0.30053782519890604,0.07272181584378264,0.2683373439275947,0.049470623022981386
-0.31368186874304804,,,,0.25861748482249725,5.014968208364881,0.1994030586937754,,,,,,-0.17153284671532856,0.2942981756839244,0.07228365160679519,0.2627662282892182,0.04917255211346612
-0.32035595105672954,,,,0.2599568547519369,4.948814441479747,0.20206859881798067,,,,,,-0.17518248175182471,0.2880638145132655,0.07184628616743428,0.2571998343868442,0.0488750246036968
-0.32703003337041103,,,,0.2613147297455402,4.87798504405443,0.20500267855861054,,,,,,-0.17883211678832084,0.28183248334681216,0.071407409290774,0.251636145845368,0.04857646890528843
-0.3337041156840934,,,,0.26269326425438777,4.801721878986351,0.208258625801772,,,,,,-0.1824817518248175,0.27560506250921957,0.0709618550810996,0.246075948668946,0.04827337080346912
-0.3403781979977749,,,,0.2640946001678109,4.72040933205129,0.21184603487881049,,,,,,-0.1861313868613136,0.2693766308422041,0.07051247329431003,0.2405148489662536,0.0479676689076939
-0.3470522803114573,,,,0.2655210200036044,4.634381972745827,0.21577850204857185,,,,,,-0.18978102189781026,0.2631552738534408,0.07006463515518985,0.23496006594057212,0.04766301711237405
-0.3537263626251388,,,,0.26697484713620123,4.54413595615382,0.22006383824096787,,,,,,-0.19343065693430642,0.25693457058482383,0.06960824016611511,0.2294058665935927,0.047352544330690555
-0.3604004449388203,,,,0.2684584683449742,4.450297506331092,0.22470407845259288,,,,,,-0.19708029197080254,0.25071837384600065,0.0691430614350902,0.22385569093392915,0.04703609621434708
-0.36707452725250267,,,,0.26997423416782645,4.352291651966383,0.2297640139874808,,,,,,-0.2007299270072992,0.24451471680613296,0.06868216520494257,0.21831671143404727,0.046722561363906505
-0.37374860956618416,,,,0.2715253962291231,4.24961143185829,0.23531563203714256,,,,,,-0.20437956204379532,0.2383192531366734,0.06821055159056187,0.21278504744345839,0.046401735775892426
-0.38042269187986655,,,,0.2731152659636504,4.142899637764445,0.2413768344481575,,,,,,-0.20802919708029197,0.23213105755720226,0.06772720473341043,0.20725987281893057,0.046072928390075124
-0.38709677419354804,,,,0.2747473339525691,4.031230776749936,0.24806319840766378,,,,,,-0.2116788321167881,0.22595421147894595,0.0672333049846125,0.2017448316776303,0.04573694216640306
-0.3937708565072304,,,,0.2764264543739863,3.9143310067429495,0.25547149647726997,,,,,,-0.21532846715328474,0.21978501769369657,0.066725411354372,0.1962366229408005,0.04539143629549116
-0.4004449388209119,,,,0.2781574095451468,3.793294496652717,0.26362308565349224,,,,,,-0.2189781021897809,0.2136253472362998,0.06620245923431962,0.19073691717526767,0.045035686553958926
-0.4071190211345934,,,,0.27994533872086247,3.6676572793332056,0.27265361069445504,,,,,,-0.22262773722627702,0.20748010153660687,0.06567996174206522,0.1852500906576847,0.04468024608303757
-0.4137931034482758,,,,0.2817968348269415,3.537332999150108,0.28269885821896423,,,,,,-0.22627737226277367,0.20134995816586165,0.06513902242041893,0.17977674836237645,0.04431226014994485
-0.4204671857619573,,,,0.2837188496203371,3.4030865576410996,0.29385088597134157,,,,,,-0.2299270072992698,0.19523194547358094,0.06458531106064128,0.17431423702998297,0.043935585755538284
-0.4271412680756397,,,,0.2857192048287837,3.2660607343003814,0.30617924201406765,,,,,,-0.23357664233576644,0.1891273442960564,0.06402824223263585,0.16886370026433606,0.04355662736914004
-0.4338153503893212,,,,0.2878057805482224,3.1253212203242517,0.3199671104195332,,,,,,-0.23722627737226257,0.18304208745215753,0.06344716228960165,0.16343043522514064,0.04316133489088548
-0.44048943270300356,,,,0.28999017849400555,2.9801199802514753,0.33555695966160926,,,,,,-0.24087591240875922,0.17697923437071356,0.06284279352265706,0.15801717354527994,0.04275019967527691
-0.44716351501668505,,,,0.2922848500876434,2.831639416787354,0.35315230960252464,,,,,,-0.24452554744525537,0.1709444284615094,0.06220957698241169,0.15262895398349052,0.042319440124089586
-0.45383759733036655,,,,0.2947041136611135,2.6802038245355337,0.3731059521838027,,,,,,-0.2481751824817515,0.16493229737519702,0.061549353690594,0.14726097979928304,0.04187030863305714
-0.46051167964404893,,,,0.2972651297608421,2.526525473411602,0.39580048193604256,,,,,,-0.25182481751824815,0.1589507289249965,0.060862697741607776,0.14192029368303258,0.041403195742590326
-0.4671857619577304,,,,0.29998732365358577,2.369802172983381,0.42197615117429166,,,,,,-0.25547445255474427,0.1530037346423135,0.060142731524232405,0.13661047735920848,0.04091342280560028
-0.4738598442714128,,,,0.30289773689553784,2.2104423564629903,0.45239813518599803,,,,,,-0.2591240875912409,0.1471018889364683,0.05940152836856082,0.13134097226470384,0.04040920297181008
-0.4805339265850943,,,,0.3060260084391609,2.049650029365054,0.4878881690401471,,,,,,-0.26277372262773707,0.14124163087447567,0.05860505108861486,0.12610859899506754,0.03986738169293528
-0.4872080088987758,,,,0.3094101484956284,1.8870902524808708,0.5299163612791418,,,,,,-0.2664233576642332,0.13543284147831225,0.05774390988403164,0.12092217989135022,0.03928157134968139
-0.4938820912124582,,,,0.31309941926824847,1.722545694827692,0.5805361233682866,,,,,,-0.2700729927007298,0.1296829498430217,0.05681864464507178,0.1157883480741265,0.038652139214334545
-0.5005561735261397,,,,0.31715924024247993,1.556213424208189,0.642585383498286,,,,,,-0.273722627737226,0.12398887936854407,0.055813404488532045,0.1107043565790572,0.037968302373151054
-0.5072302558398221,,,,0.32167675475432134,1.3915177604576794,0.7186397676096448,,,,,,-0.2773722627737226,0.11834742602045711,0.05473118170435728,0.10566734466112242,0.03723209639752196
-0.5139043381535036,,,,0.326751762168304,1.2354576427695123,0.8094166609858924,,,,,,-0.28102189781021875,0.11277657455011467,0.053510442795271666,0.10069337013403094,0.03640166176549093
-0.5205784204671859,,,,0.3324809815972922,1.0960318706685965,0.9123822278908591,,,,,,-0.28467153284671537,0.10730442778432085,0.05217317504912616,0.09580752480742932,0.03549195581573208
-0.5272525027808674,,,,0.33893039034927214,0.9791814316545243,1.0212611960076678,,,,,,-0.28832116788321155,0.10198807984246505,0.050708033475801495,0.0910607855736295,0.034495260867892175
-0.5339265850945489,,,,0.3461129441691402,0.8868309832897197,1.1276105806435375,,,,,,-0.2919708029197077,0.09688682605786178,0.049134143363064424,0.08650609469451943,0.033424587321812534
-0.5406006674082313,,,,0.35398192201525946,0.8173648552782634,1.2234438433978916,,,,,,-0.2956204379562043,0.09199010708546547,0.04748203690285706,0.08213402418345131,0.03230070537609324
-0.5472747497219128,,,,0.36244367400315003,0.766934464827315,1.303892373939881,,,,,,-0.2992700729927005,0.0872522173968012,0.04576852027384981,0.0779037655328582,0.03113504780534001
-0.5539488320355952,,,,0.3713864920789733,0.7297526464624361,1.370327336046838,,,,,,-0.3029197080291971,0.08256373617085139,0.044036839920484114,0.0737176215811173,0.029957033959513005
-0.5606229143492767,,,,0.3807350288780802,0.697761113365786,1.4331552458925465,,,,,,-0.3065693430656932,0.07781053470295056,0.04232497513000768,0.06947369169906299,0.0287925000884406
-0.5672969966629591,,,,0.3905164842377171,0.6624004879605175,1.5096607236491124,,,,,,-0.31021897810218985,0.07290708091113256,0.04060393153024916,0.06509560795636835,0.027621722129421197
-0.5739710789766406,,,,0.40088622874881386,0.6188921242873541,1.6157904758466373,,,,,,-0.313868613138686,0.0678329602133625,0.03883477366027103,0.060565143047645084,0.026418213374334032
-0.5806451612903221,,,,0.41208432151264324,0.5680577169929139,1.7603844998244682,,,,,,-0.31751824817518215,0.06266127886950194,0.036980040914974525,0.055947570419198164,0.025156490418350018
-0.5873192436040044,,,,0.42438413085993054,0.5149335813851935,1.9419980287748118,,,,,,-0.3211678832116788,0.05756774106508822,0.035033015592227774,0.05139976880811448,0.023831983396073318
-0.5939933259176859,,,,0.43800643090674546,0.4649546007082074,2.1507476181047025,,,,,,-0.32481751824817495,0.05273059555108991,0.033031000188528996,0.0470808888849017,0.022470068155461903
-0.6006674082313683,,,,0.45309266413830296,0.42175229526902636,2.3710600065901772,,,,,,-0.3284671532846716,0.048236743547822404,0.030957690210637438,0.043068521024841426,0.021059653204515263
-0.6073414905450498,,,,0.46965573021606954,0.3866480862840751,2.586331176783034,,,,,,-0.3321167883211677,0.044003654486283544,0.028803206864113542,0.03928897721989602,0.01959401827490717
-0.6140155728587313,,,,0.48761543846688427,0.35917715510336684,2.7841414349200804,,,,,,-0.3357664233576639,0.039845926666912196,0.02659132309223389,0.03557672023831446,0.018089335436893804
-0.6206896551724137,,,,0.5068189084352479,0.33912299730230894,2.9487826185628947,,,,,,-0.3394160583941605,0.03561681737196891,0.024396815300246656,0.031800729796400806,0.016596472993365072
-0.6273637374860952,,,,0.5269762743097709,0.3414780448125879,2.9284459577740236,,,,,,-0.3430656934306566,0.03129165734428829,0.022251178569539953,0.02793897977168597,0.01513685616975507
-0.6340378197997776,,,,0.5459082871819536,0.32218069946768635,3.10384824929681,,,,,,-0.34671532846715325,0.0273359693464414,0.020370569671922772,0.024407115487894107,0.01385753038906311
-0.6407119021134591,,,,0.5684069517197395,0.26931877228607093,3.713072028034489,,,,,,-0.35036496350364943,0.022840876302732578,0.01828830315777703,0.020393639556011228,0.012441022556310905
-0.6473859844271415,,,,0.5954709838854183,0.2223199642434388,4.4980215942505595,,,,,,-0.35401459854014605,0.01787377593804834,0.01597457361326117,0.015958728516114587,0.010867056879769504
-0.654060066740823,,,,0.6284472844572331,0.18232265887793409,5.484781793740211,,,,,,-0.3576642335766422,0.012676791012260543,0.013417157972283189,0.011318563403804055,0.009127318348491965
-0.6607341490545044,,,,0.6686827542134259,0.1498497166219909,6.673352626502378,,,,,,-0.36131386861313836,0.0077206087647200715,0.010528357565603164,0.006893400682785778,0.007162148003811676
-0.6674082313681868,,,,0.7175242939322389,0.12401202575929753,8.063734092538418,,,,,,-0.364963503649635,0.0036008440414473314,0.007669613458892664,0.0032150393227208312,0.00521742412169569
-0.6740823136818683,,,,0.7763188043919143,0.1135153989973089,8.809377483875178,,,,,,-0.3686131386861311,0.0010640795575892017,0.005506312883418711,0.0009500710335617872,0.0037457910771555854
-0.6807563959955507,,,,,,,,,,,,-0.3722627737226277,,,,
-0.6874304783092322,,,,,,,,,,,,-0.3759124087591239,,,,
-0.6941045606229146,,,,,,,,,,,,-0.37956204379562053,,,,
-0.7007786429365961,,,,,,,,,,,,-0.38321167883211665,,,,
-0.7074527252502776,,,,,,,,,,,,-0.38686131386861283,,,,
-0.71412680756396,,,,,,,,,,,,-0.39051094890510946,,,,
-0.7208008898776415,,,,,,,,,,,,-0.3941605839416056,,,,
-0.7274749721913238,,,,,,,,,,,,-0.3978102189781022,,,,
-0.7341490545050053,,,,,,,,,,,,-0.4014598540145984,,,,
-0.7408231368186868,,,,,,,,,,,,-0.4051094890510945,,,,
-0.7474972191323692,,,,,,,,,,,,-0.40875912408759113,,,,
-0.7541713014460507,,,,,,,,,,,,-0.4124087591240873,,,,
-0.7608453837597331,,,,,,,,,,,,-0.41605839416058393,,,,
-0.7675194660734146,,,,,,,,,,,,-0.41970802919708006,,,,
-0.774193548387097,,,,,,,,,,,,-0.4233576642335767,,,,
-0.7808676307007785,,,,,,,,,,,,-0.42700729927007286,,,,
-0.78754171301446,,,,,,,,,,,,-0.430656934306569,,,,
-0.7942157953281423,,,,,,,,,,,,-0.4343065693430656,,,,
-0.8008898776418238,,,,,,,,,,,,-0.4379562043795618,,,,
-0.8075639599555062,,,,,,,,,,,,-0.4416058394160584,,,,
-0.8142380422691877,,,,,,,,,,,,-0.44525547445255453,,,,
-0.8209121245828701,,,,,,,,,,,,-0.44890510948905116,,,,
-0.8275862068965516,,,,,,,,,,,,-0.45255474452554734,,,,
-0.8342602892102331,,,,,,,,,,,,-0.45620437956204346,,,,
-0.8409343715239155,,,,,,,,,,,,-0.4598540145985401,,,,
-0.847608453837597,,,,,,,,,,,,-0.46350364963503626,,,,
-0.8542825361512794,,,,,,,,,,,,-0.4671532846715329,,,,
-0.8609566184649609,,,,,,,,,,,,-0.470802919708029,,,,
-0.8676307007786423,,,,,,,,,,,,-0.47445255474452513,,,,
-0.8743047830923247,,,,,,,,,,,,-0.4781021897810218,,,,
-0.8809788654060062,,,,,,,,,,,,-0.48175182481751794,,,,
-0.8876529477196886,,,,,,,,,,,,-0.48540145985401456,,,,
-0.8943270300333701,,,,,,,,,,,,-0.48905109489051074,,,,
-0.9010011123470525,,,,,,,,,,,,-0.49270072992700736,,,,
-0.907675194660734,,,,,,,,,,,,-0.4963503649635035,,,,
-0.9143492769744155,,,,,,,,,,,,-0.4999999999999996,,,,
-0.9210233592880979,,,,,,,,,,,,-0.5036496350364963,,,,
-0.9276974416017794,,,,,,,,,,,,-0.5072992700729924,,,,
-0.9343715239154617,,,,,,,,,,,,-0.5109489051094891,,,,
-0.9410456062291432,,,,,,,,,,,,-0.5145985401459852,,,,
-0.9477196885428247,,,,,,,,,,,,-0.5182481751824813,,,,
-0.9543937708565071,,,,,,,,,,,,-0.521897810218978,,,,
-0.9610678531701886,,,,,,,,,,,,-0.5255474452554741,,,,
-0.967741935483871,,,,,,,,,,,,-0.5291970802919708,,,,
-0.9744160177975525,,,,,,,,,,,,-0.5328467153284668,,,,
-0.9810901001112349,,,,,,,,,,,,-0.5364963503649636,,,,
-0.9877641824249164,,,,,,,,,,,,-0.5401459854014596,,,,
-0.9944382647385979,,,,,,,,,,,,-0.5437956204379558,,,,
-1.0011123470522802,,,,,,,,,,,,-0.5474452554744524,,,,
-1.0077864293659617,,,,,,,,,,,,-0.5510948905109486,,,,
-1.0144605116796441,,,,,,,,,,,,-0.5547445255474452,,,,
-1.0211345939933256,,,,,,,,,,,,-0.5583941605839413,,,,
-1.027808676307008,,,,,,,,,,,,-0.562043795620438,,,,
-1.0344827586206895,,,,,,,,,,,,-0.5656934306569341,,,,
-1.041156840934371,,,,,,,,,,,,-0.5693430656934303,,,,
-1.0478309232480534,,,,,,,,,,,,-0.5729927007299269,,,,
-1.0545050055617349,,,,,,,,,,,,-0.5766423357664231,,,,
-1.0611790878754173,,,,,,,,,,,,-0.5802919708029197,,,,
-1.0678531701890988,,,,,,,,,,,,-0.5839416058394158,,,,
-1.0745272525027803,,,,,,,,,,,,-0.587591240875912,,,,
-1.0812013348164626,,,,,,,,,,,,-0.5912408759124086,,,,
-1.0878754171301441,,,,,,,,,,,,-0.5948905109489048,,,,
-1.0945494994438265,,,,,,,,,,,,-0.5985401459854014,,,,
-1.101223581757508,,,,,,,,,,,,-0.6021897810218976,,,,
-1.1078976640711904,,,,,,,,,,,,-0.6058394160583942,,,,
-1.1145717463848719,,,,,,,,,,,,-0.6094890510948903,,,,
-1.1212458286985534,,,,,,,,,,,,-0.6131386861313864,,,,
-1.1279199110122358,,,,,,,,,,,,-0.6167883211678831,,,,
-1.1345939933259173,,,,,,,,,,,,-0.6204379562043792,,,,
-1.1412680756395996,,,,,,,,,,,,-0.6240875912408759,,,,
-1.1479421579532811,,,,,,,,,,,,-0.627737226277372,,,,
-1.1546162402669635,,,,,,,,,,,,-0.6313868613138687,,,,
-1.161290322580645,,,,,,,,,,,,-0.6350364963503647,,,,
-1.1679644048943265,,,,,,,,,,,,-0.6386861313868609,,,,
