sto_common,p_si_original,p_si_reconstructed_deformed,si_scale_a,si_shift_b,dUdx_si_original,dUdx_si_reconstructed_deformed,x_anode_common,p_anode_reconstructed,dUdx_anode_reconstructed
0.0,1.0,1.0,0.91,0.029,-177.67052081056616,-235.43628603169995,1.0489448597683673e-06,1.0000000000000002,-125.10011298204324
0.001001001001001001,0.8221516308202541,0.7643280420103103,0.91,0.029,-103.3559775420618,-129.75084008963637,0.0010020488958659148,0.8747747930341115,-118.36017228112343
0.002002002002002002,0.7930811260419184,0.7402385583791063,0.91,0.029,-25.849677990515602,-21.6764692720281,0.0020030488468720615,0.763042946691033,-69.1867420341672
0.003003003003003003,0.7704005237321347,0.7209317071313752,0.91,0.029,-20.680644351403828,-17.67874753565269,0.003004048797878208,0.7362629422611591,-24.111311601430543
0.004004004004004004,0.7516784346477164,0.7048456704198417,0.91,0.029,-17.360018854395946,-14.98020992901263,0.0040050487488843545,0.7147721032275812,-19.619575130361454
0.005005005005005005,0.7356457312308416,0.6909412968630816,0.91,0.029,-15.045854006761715,-13.12026929456664,0.0050060486998905005,0.6969845547726525,-16.439552253602074
0.006006006006006006,0.7215566048043497,0.678578865025314,0.91,0.029,-13.34220781636185,-11.750970118646933,0.006007048650896647,0.6818601212267439,-14.322341477105681
0.007007007007007007,0.7089346044713585,0.6674158311600847,0.91,0.029,-12.037599881106985,-10.642154112488754,0.007008048601902794,0.6683112285389003,-12.836360296800706
0.008008008008008008,0.6974573057430744,0.6572732511864976,0.91,0.029,-11.008472629544826,-9.762176201856335,0.00800904855290894,0.6561617291703543,-11.67155578624562
0.009009009009009009,0.6868956202280254,0.6478719348600721,0.91,0.029,-10.178196972223645,-9.083900365993884,0.009010048503915086,0.6449447749985057,-10.84070350856689
0.01001001001001001,0.677080535027912,0.6390872644677911,0.91,0.029,-9.496070479061075,-8.506250179231188,0.010011048454921232,0.6344586418084591,-10.15509290353856
0.011011011011011011,0.6678844681177931,0.6308424049717214,0.91,0.029,-8.927552196822944,-8.012148775244725,0.01101204840592738,0.624614280000696,-9.574254336900538
0.012012012012012012,0.6592075576568951,0.6230469265794133,0.91,0.029,-8.447749079156267,-7.60564452748946,0.012013048356933526,0.6152909855641434,-9.06435176217093
0.013013013013013013,0.6509720575489116,0.615615889401172,0.91,0.029,-8.03919098528604,-7.266082576837334,0.013014048307939672,0.6064674486610248,-8.623496742052737
0.014014014014014014,0.643113081209876,0.608500214713873,0.91,0.029,-7.689034459625191,-6.960364753890019,0.01401504825894582,0.5980267459315506,-8.279538538539327
0.015015015015015015,0.6355785951672797,0.60168122522922,0.91,0.029,-7.386462975835684,-6.69640658799409,0.015016048209951966,0.5898918133181619,-7.976610927206934
0.016016016016016016,0.6283253675445393,0.5950939953184895,0.91,0.029,-7.123856292648156,-6.479344198592457,0.01601704816095811,0.5820575716368921,-7.7063195811259675
0.017017017017017015,0.6213166206074235,0.5887095651719778,0.91,0.029,-6.895661674795576,-6.285294804220655,0.017018048111964258,0.5744637622718722,-7.474053421663712
0.018018018018018018,0.61452023906647,0.5825108225372669,0.91,0.029,-6.696290372244391,-6.112463642016337,0.018019048062970403,0.5670945174190867,-7.288186719514897
0.01901901901901902,0.6079106338762036,0.5764724007234966,0.91,0.029,-6.522129266989566,-5.965748816820735,0.01902004801397655,0.559872813173556,-7.12869744723605
0.02002002002002002,0.6014629232166411,0.5705673814625508,0.91,0.029,-6.370086976115601,-5.840773364500137,0.020021047964982695,0.5528228658282449,-6.987618152540449
0.02102102102102102,0.5951577069970932,0.5647791607545274,0.91,0.029,-6.237137326262086,-5.727400662661694,0.021022047915988842,0.5458836023168706,-6.873680074660626
0.022022022022022022,0.588976161802703,0.5591011138696345,0.91,0.029,-6.121420285579973,-5.62901069164252,0.02202304786699499,0.5390617589923106,-6.772641228787904
0.023023023023023025,0.5829026113302664,0.5535098700805683,0.91,0.029,-6.020687185833083,-5.54820808308574,0.023024047818001134,0.532324775240473,-6.690628975126003
0.024024024024024024,0.5769227340032375,0.5479935901797732,0.91,0.029,-5.933489528848895,-5.477059522544096,0.024025047769007282,0.5256671204397076,-6.614283888724799
0.025025025025025023,0.5710237534146531,0.5425447859513509,0.91,0.029,-5.858207243163463,-5.414702424457857,0.02502604772001343,0.5190829795433645,-6.549460320519472
0.026026026026026026,0.5651945913742814,0.5371533450857634,0.91,0.029,-5.793501068572027,-5.362655651891885,0.026027047671019574,0.5125551015197944,-6.483110609046037
0.02702702702702703,0.5594251526767712,0.5318087386002159,0.91,0.029,-5.7378969965983515,-5.319145576526921,0.027028047622025722,0.5061037927393194,-6.415815607033238
0.028028028028028028,0.5537073100998103,0.5265044049926164,0.91,0.029,-5.690228699169211,-5.279921286969625,0.02802904757303187,0.499710639303185,-6.342752678538943
0.029029029029029027,0.5480333034291852,0.5212383256132898,0.91,0.029,-5.649122550844083,-5.245260682948526,0.029030047524038014,0.49340560249839627,-6.261212237733503
0.03003003003003003,0.5423977554434658,0.516003382604331,0.91,0.029,-5.612915127438782,-5.214959816759034,0.030031047475044162,0.4871756930167643,-6.1622609882833785
0.031031031031031032,0.5367962361069855,0.5107979656197782,0.91,0.029,-5.580091601899937,-5.184920365511289,0.031032047426050306,0.4810687566036788,-6.044001157648154
0.03203203203203203,0.5312264008851076,0.5056231616523565,0.91,0.029,-5.548716446682192,-5.1525545139640485,0.03203304737705646,0.4750756032913905,-5.904925838442608
0.03303303303303303,0.5256876946721863,0.5004825411673978,0.91,0.029,-5.51669316144671,-5.116950786101114,0.0330340473280626,0.46924709565372685,-5.738750780990614
0.03403403403403403,0.5201819701314606,0.4953790159344364,0.91,0.029,-5.481595559670893,-5.076043175451019,0.03403504727906875,0.4635866247901743,-5.549587992090437
0.035035035035035036,0.5147135293875599,0.49032029256789617,0.91,0.029,-5.440926083743818,-5.023535281753027,0.0350360472300749,0.45813682103735315,-5.33723800320314
0.036036036036036036,0.5092892252190606,0.48532188824323913,0.91,0.029,-5.391714240910005,-4.958381033755899,0.03603704718108104,0.4529014748307454,-5.105686338273443
0.037037037037037035,0.5039193066830354,0.4803936038116281,0.91,0.029,-5.3313093492196515,-4.8815207864311105,0.03703804713208719,0.44791523748842427,-4.876248111764085
0.03803803803803804,0.49861593322863085,0.47554907385598966,0.91,0.029,-5.257418992656341,-4.787766489588165,0.03803904708309334,0.44313922658880606,-4.649094212378401
0.03903903903903904,0.493393943334374,0.47080848571435446,0.91,0.029,-5.167542988252535,-4.674005013179766,0.03904004703409948,0.4386077513307968,-4.418824842432713
0.04004004004004004,0.48827050182071785,0.4661917064622364,0.91,0.029,-5.060840598765395,-4.545798570314531,0.040041046985105626,0.4342927396872463,-4.202285250664886
0.04104104104104104,0.48326213032383264,0.46170778787588695,0.91,0.029,-4.937387302874384,-4.40750395316482,0.04104204693611178,0.43019477667073797,-4.000637715524078
0.04204204204204204,0.4783858425557041,0.4573678747241687,0.91,0.029,-4.7974130376966855,-4.2522641514326835,0.04204304688711792,0.4262834633727804,-3.8326232443853883
0.043043043043043044,0.4736576998179334,0.45319474653167735,0.91,0.029,-4.644787221365533,-4.087822894867941,0.043044046838124066,0.4225218653110284,-3.6672797286799153
0.044044044044044044,0.4690869692396569,0.44918404510481336,0.91,0.029,-4.482217182416008,-3.927217543029542,0.04404504678913022,0.41894156971531155,-3.5178658152114792
0.04504504504504504,0.46468429204532874,0.44533244914823483,0.91,0.029,-4.312923122679223,-3.765473524397862,0.04504604674013636,0.41547909829368257,-3.408491435254973
0.04604604604604605,0.4604524885135724,0.4416455595704833,0.91,0.029,-4.143076977482849,-3.6022422384633614,0.046047046691142506,0.4121177701959214,-3.3059286649132957
0.04704704704704705,0.4563898436419596,0.43812075297513503,0.91,0.029,-3.9735999770027206,-3.449705017911043,0.04704804664214866,0.4088606294304666,-3.2165841365709014
0.04804804804804805,0.45249733340445786,0.43473924321830903,0.91,0.029,-3.80838617208272,-3.3103017219380035,0.0480490465931548,0.4056781690696921,-3.146629254421299
0.04904904904904905,0.4487654469010533,0.43149352230058446,0.91,0.029,-3.6531331877765467,-3.1738839990229906,0.049050046544160945,0.40256107797144614,-3.085074543235919
0.050050050050050046,0.4451837534489493,0.42838512109814286,0.91,0.029,-3.505326740035315,-3.048178996792359,0.0500510464951671,0.3995018501364332,-3.035953043196116
0.05105105105105105,0.4417477757498315,0.42539106184654574,0.91,0.029,-3.367643020500566,-2.939294730763521,0.05105204644617324,0.39648310027645356,-3.000541216478581
0.05205205205205205,0.4384417253798791,0.4225006471626804,0.91,0.029,-3.242423307486945,-2.8389007614577224,0.052053046397179385,0.39349476691505925,-2.9735142254936875
0.05305305305305305,0.43525643779690465,0.41970757683862236,0.91,0.029,-3.127793456227664,-2.7460703681196605,0.053054046348185536,0.39053012508838303,-2.9529024541129445
0.05405405405405406,0.43217987661866253,0.41700300878806645,0.91,0.029,-3.023371909005533,-2.6652878138228004,0.05405504629919168,0.3875830564912732,-2.93231289716158
0.055055055055055056,0.42920364118227894,0.41437166529943753,0.91,0.029,-2.929209695833663,-2.595759104208895,0.055056046250197825,0.38465963495559613,-2.914461307933067
0.056056056056056056,0.42631559294331983,0.41180629386472534,0.91,0.029,-2.8461714922644035,-2.5317618224494254,0.056057046201203976,0.3817483052383726,-2.903335139284451
0.057057057057057055,0.42350560015672456,0.40930307306230157,0.91,0.029,-2.772059085946296,-2.475801477825229,0.05705804615221012,0.3788471582912398,-2.8879918881062565
0.058058058058058054,0.4207659251035875,0.40684973434955973,0.91,0.029,-2.7063492879956073,-2.429467805693463,0.058059046103216265,0.37596654576137156,-2.8712393611132256
0.05905905905905906,0.4180874834640406,0.4044392736515039,0.91,0.029,-2.6491088682913073,-2.389137451585725,0.05906004605422241,0.37309893737163735,-2.8533061999669087
0.06006006006006006,0.41546240384574706,0.40206667638842714,0.91,0.029,-2.5992322547623985,-2.3536803391837964,0.06006104600522856,0.3702542270286267,-2.821715991505414
0.06106106106106106,0.4128838152863381,0.3997272009003852,0.91,0.029,-2.556334436017721,-2.324509038464356,0.061062045956234705,0.36744986223313697,-2.7863150006717774
0.062062062062062065,0.4103446171870529,0.39741300463974977,0.91,0.029,-2.519489589358642,-2.3013083446164444,0.06206304590724085,0.36467602467030646,-2.7473808131465205
0.06306306306306306,0.4078397920844189,0.3951199769872392,0.91,0.029,-2.4883720192031547,-2.281412204775762,0.06306404585824699,0.3619496061144272,-2.6935949449256213
0.06406406406406406,0.40536289142288245,0.3928456128383969,0.91,0.029,-2.4626083193908244,-2.265155643547871,0.06406504580925314,0.3592834478545046,-2.6358892891345533
0.06506506506506507,0.40290964529885165,0.3905851308540102,0.91,0.029,-2.4414034617632865,-2.2528847844363042,0.06506604576025929,0.3566725560158646,-2.573212004856231
0.06606606606606606,0.4004751968047377,0.38833533298967554,0.91,0.029,-2.424110251123011,-2.2431678022889514,0.06606704571126543,0.3541318776729256,-2.499128604324426
0.06706706706706707,0.39805657172302983,0.3860943044230013,0.91,0.029,-2.4100807788691725,-2.2350952211952233,0.06706804566227158,0.351669300794891,-2.4229150057833237
0.06806806806806806,0.39565021026045505,0.3838606678821776,0.91,0.029,-2.399166039425296,-2.228386812716309,0.06806904561327773,0.34928120206876323,-2.344679768626577
0.06906906906906907,0.39325343650896516,0.3816330695627084,0.91,0.029,-2.3904003383233317,-2.222411582068844,0.06907004556428387,0.34697525212785035,-2.2615341504069306
0.07007007007007007,0.39086462399754546,0.3794113954456033,0.91,0.029,-2.383167133652705,-2.215998918739473,0.07007104551529002,0.3447536109212512,-2.179485178909232
0.07107107107107107,0.38848233113628705,0.3771966352909577,0.91,0.029,-2.376694235379091,-2.2085615947506483,0.07107204546629617,0.34261192301323684,-2.0975092957450556
0.07207207207207207,0.38610647738016995,0.37498985071136776,0.91,0.029,-2.3702542860434335,-2.1997051058289685,0.0720730454173023,0.3405543975166997,-2.0147671295737837
0.07307307307307308,0.3837370773103742,0.3727928212652741,0.91,0.029,-2.3632867558108615,-2.1883575174333885,0.07307404536830846,0.3385783594172526,-1.9352222831547579
0.07407407407407407,0.38137517256373177,0.37060875458037,0.91,0.029,-2.354910077250395,-2.1731685566245744,0.07407504531931461,0.33668008269545185,-1.8627034394724546
0.07507507507507508,0.37902254262118423,0.3684421334642239,0.91,0.029,-2.344347017547733,-2.1545153136658826,0.07507604527032075,0.3348492273139507,-1.7931075443387954
0.07607607607607608,0.37668178514121375,0.3662954106090669,0.91,0.029,-2.330847860656206,-2.1328106714967987,0.0760770452213269,0.3330902815673882,-1.7233918395166654
0.07707707707707707,0.3743561805377884,0.36417224222999606,0.91,0.029,-2.3137452974518737,-2.106000024776421,0.07707804517233305,0.33139899702010955,-1.6601728784327747
0.07807807807807808,0.37204966242359244,0.3620791943432483,0.91,0.029,-2.292866850807769,-2.07419242293102,0.07807904512333919,0.3297666156274422,-1.5971051391287858
0.07907907907907907,0.3697658565121472,0.3600197048467508,0.91,0.029,-2.268030844403995,-2.0388282999761884,0.07908004507434534,0.3282015926880704,-1.5347710066639877
0.08008008008008008,0.3675090601324934,0.3579974560049577,0.91,0.029,-2.239108469793564,-2.0000233833756624,0.08008104502535147,0.3266940042224895,-1.4816780722511282
0.08108108108108109,0.36528315687292084,0.35601565402918184,0.91,0.029,-2.2046092810698212,-1.956766508655818,0.08108204497635763,0.32523527333261,-1.4296802017551897
0.08208208208208208,0.3630954279381594,0.3540800055371782,0.91,0.029,-2.1657569051233736,-1.9110184727049955,0.08208304492736378,0.3238317845986667,-1.3806693109604282
0.08308308308308308,0.3609473072130142,0.3521897912209636,0.91,0.029,-2.12428203473641,-1.8646633224319373,0.08308404487836991,0.32247117350735577,-1.3362490502300943
0.08408408408408408,0.35884261105180026,0.3503469458326098,0.91,0.029,-2.0793602818606587,-1.8135073183699433,0.08408504482937607,0.32115661413104213,-1.2925828877625065
0.08508508508508508,0.35678442376584574,0.3485591459389417,0.91,0.029,-2.0316538740623002,-1.7610129682466606,0.08508604478038222,0.3198834226927124,-1.2526542628803838
0.08608608608608609,0.3547752359285524,0.34682139434462844,0.91,0.029,-1.9810862123208324,-1.7113827013592982,0.08608704473138835,0.3186488004195003,-1.2132087691403797
0.08708708708708708,0.35281828520264086,0.34513295434462876,0.91,0.029,-1.9286040976415109,-1.6615162342832832,0.0870880446823945,0.317454578855773,-1.1752950927616155
0.08808808808808809,0.3509141666640049,0.3434950355172345,0.91,0.029,-1.8757464102477854,-1.6097339333815341,0.08808904463340066,0.31629585975895597,-1.1415070506622556
0.0890890890890891,0.3490630371340767,0.3419102637873084,0.91,0.029,-1.8228256270799932,-1.5589818883547935,0.0890900445844068,0.3151692818522007,-1.107705288419055
0.09009009009009009,0.34726486610929014,0.34037395065566334,0.91,0.029,-1.7701554074667456,-1.5109585251531996,0.09009104453541295,0.31407823388008255,-1.076033569568267
0.09109109109109109,0.3455191824644736,0.3388853217950097,0.91,0.029,-1.7173837478913185,-1.4628429806344627,0.0910920444864191,0.3130150627513631,-1.048016313402087
0.0920920920920921,0.343826660407806,0.3374453360798186,0.91,0.029,-1.665685321535591,-1.4162085959621038,0.09209304443742523,0.31198010532334425,-1.0210453327553353
0.09309309309309309,0.34218447711605404,0.3360500693506411,0.91,0.029,-1.6140881000193872,-1.372978831920193,0.09309404438843139,0.3109709300952369,-0.9942913319251261
0.0940940940940941,0.3405952528001596,0.334696629709608,0.91,0.029,-1.5641656291124946,-1.3316650740534612,0.09409504433943754,0.30998953417425845,-0.967655653414198
0.09509509509509509,0.3390530143951081,0.3333840732063899,0.91,0.029,-1.5170362273942715,-1.2894329960187463,0.09509604429044367,0.30903368357191996,-0.9444486962161989
0.0960960960960961,0.3375581432358068,0.3321151822701311,0.91,0.029,-1.4707113466172643,-1.249690624871647,0.09609704424144982,0.308098747976978,-0.9215156386947001
0.0970970970970971,0.33610864733481327,0.33088219007351377,0.91,0.029,-1.426398976790665,-1.213194037386529,0.09709804419245598,0.30718880935355036,-0.8998352597194526
0.0980980980980981,0.33470248962861826,0.32968636537846635,0.91,0.029,-1.3842096648430413,-1.176431193608778,0.09809904414346211,0.30629727787519245,-0.880390218965772
0.0990990990990991,0.333337456814607,0.3285269724686914,0.91,0.029,-1.343578079882377,-1.1416224638839765,0.09910004409446826,0.30542626822144836,-0.8609541498133808
0.10010010010010009,0.3320126436228477,0.32740083492024014,0.91,0.029,-1.3035754570889253,-1.1095354851586023,0.10010104404547442,0.304573647751629,-0.8427867882107876
0.1011011011011011,0.33072769613975433,0.3263056802061116,0.91,0.029,-1.26517005774852,-1.0793786624504662,0.10110204399648055,0.30373900915403307,-0.8247750845961548
0.1021021021021021,0.3294797706343622,0.32523991667709606,0.91,0.029,-1.229694447217156,-1.0492625585834787,0.1021030439474867,0.3029224481130854,-0.8079340862444724
0.1031031031031031,0.3282658453945749,0.3242050544632017,0.91,0.029,-1.1955489102638523,-1.0204636418174289,0.10310404389849286,0.30212152519253926,-0.792440541756747
0.1041041041041041,0.32708627932252266,0.3231969464232073,0.91,0.029,-1.1621613699390991,-0.994598894922575,0.104105043849499,0.3013359822261377,-0.7767753917951268
0.10510510510510511,0.3259391960053074,0.3222138654843777,0.91,0.029,-1.1310087822151615,-0.9687018478017535,0.10510604380050514,0.3005664209342799,-0.7620478610229782
0.1061061061061061,0.32482199747624607,0.32125760338456516,0.91,0.029,-1.1017173269670764,-0.9436784394443976,0.1061070437515113,0.29981036248304105,-0.7466276884655088
0.10710710710710711,0.3237335557110791,0.32032461935936385,0.91,0.029,-1.0735539707898738,-0.9201082390896431,0.10710804370251743,0.2990716723751322,-0.7315800913936812
0.10810810810810811,0.3226727402774675,0.3194155448478491,0.91,0.029,-1.0465174015164962,-0.8976540806363289,0.10810904365352358,0.2983457392117568,-0.7183297371724393
0.1091091091091091,0.3216384257781131,0.3185275140928247,0.91,0.029,-1.0206013785019934,-0.8761048266251805,0.10911004360452974,0.29763357631170045,-0.7058619279922311
0.11011011011011011,0.3206294942744605,0.3176615812309819,0.91,0.029,-0.99526233639304,-0.855204035332946,0.11011104355553587,0.29693260370108204,-0.6941878729609243
0.1111111111111111,0.319645908588137,0.31681539390196795,0.91,0.029,-0.9707063137931016,-0.8363508843419822,0.11111204350654202,0.2962438122580546,-0.6825197807671657
0.11211211211211211,0.31868613829089076,0.3159872050861532,0.91,0.029,-0.9477456340664787,-0.8180928598436594,0.11211304345754818,0.2955661991668647,-0.6717914669541472
0.11311311311311312,0.3177485199313473,0.3151775703587374,0.91,0.029,-0.9261791382842546,-0.7999703628396446,0.11311404340855431,0.29489888580703966,-0.6609744148025811
0.11411411411411411,0.3168319258018332,0.31438566281820596,0.91,0.029,-0.905688743349998,-0.7828712523795218,0.11411504335956046,0.2942429284531973,-0.6505483125160652
0.11511511511511512,0.31593532925396994,0.3136102605441638,0.91,0.029,-0.8862107482670467,-0.766707573587496,0.1151160433105666,0.2935964881491282,-0.6408451240715181
0.11611611611611611,0.3150577301096069,0.3128507127209337,0.91,0.029,-0.8677178960287506,-0.7510633788377277,0.11611704326157275,0.29295995657760115,-0.630797768998832
0.11711711711711711,0.31419815628894743,0.3121066301561003,0.91,0.029,-0.8490153063877699,-0.7360629527493643,0.1171180432125789,0.29233363107740296,-0.6214082870192783
0.11811811811811812,0.3133579997664882,0.31137711321593,0.91,0.029,-0.8306381032200818,-0.7217568689943619,0.11811904316358504,0.2917158972478789,-0.6129887108583603
0.11911911911911911,0.3125352171433617,0.3106616714594149,0.91,0.029,-0.8138052797401087,-0.7073668345523458,0.11912004311459119,0.29110642773832995,-0.6040863188467824
0.12012012012012012,0.3117287599672088,0.3099609633970064,0.91,0.029,-0.798132558144033,-0.6933788975342452,0.12012104306559734,0.29050651649674064,-0.5955819953869366
0.12112112112112113,0.31093735416409435,0.3092735255184054,0.91,0.029,-0.7833287759770258,-0.6807054984101342,0.12112204301660348,0.289914072641925,-0.5877009969615017
0.12212212212212212,0.310160534189477,0.30859818962641555,0.91,0.029,-0.7691012860465491,-0.6687925510066464,0.12212304296760963,0.28932993915841126,-0.5801300038565671
0.12312312312312312,0.3093976118496869,0.3079346014923661,0.91,0.029,-0.7533399022323124,-0.6562133362304223,0.12312404291861578,0.28875265243104975,-0.5720187358564885
0.12412412412412413,0.3086523461970199,0.3072844492135418,0.91,0.029,-0.7383848132251671,-0.6443548326465702,0.12412504286962192,0.28818475770527735,-0.5640049206156448
0.12512512512512514,0.30791936397536224,0.306644601827408,0.91,0.029,-0.725664518059034,-0.634097833300217,0.1251260428206281,0.28762351463524277,-0.5572872067128003
0.12612612612612611,0.30719956437908397,0.3060149840818097,0.91,0.029,-0.7132678071892826,-0.6236007682825004,0.12612704277163422,0.28706906877204563,-0.5506717149942517
0.12712712712712712,0.30649140039740574,0.30539615184085644,0.91,0.029,-0.7005791760130364,-0.6130974405492964,0.1271280427226404,0.28652106991578336,-0.5441928212898688
0.12812812812812813,0.3057970034661449,0.30478756177840777,0.91,0.029,-0.6886572490336107,-0.6033399691482657,0.12812904267364653,0.2859795947971475,-0.5378912746573121
0.12912912912912913,0.30511270720614725,0.3041882640147338,0.91,0.029,-0.6775036581552456,-0.5939023340090159,0.12913004262465266,0.28544421163662614,-0.5317565717944035
0.13013013013013014,0.30444063978615443,0.30359856811672803,0.91,0.029,-0.6661412445182577,-0.5847001205243316,0.13013104257565883,0.28491501819252074,-0.5256777901970509
0.13113113113113112,0.3037790911010056,0.30301769320287336,0.91,0.029,-0.6563748135809249,-0.5759735047098786,0.13113204252666497,0.28439180475216164,-0.5199816771841199
0.13213213213213212,0.30312657609530175,0.30244546800719874,0.91,0.029,-0.6456023866685996,-0.5670561664810521,0.1321330424776711,0.28387401492575,-0.5144868212019276
0.13313313313313313,0.3024865938303978,0.30188244562233074,0.91,0.029,-0.6349993977872259,-0.5592522510157494,0.13313404242867727,0.28336180218652873,-0.5085078772413567
0.13413413413413414,0.30185530602966165,0.30132584388104106,0.91,0.029,-0.626886195382923,-0.5508707109642899,0.1341350423796834,0.2828559822053403,-0.5027643122187726
0.13513513513513514,0.3012315664122137,0.30077960135613596,0.91,0.029,-0.6167834548431301,-0.5425260844521915,0.13513604233068954,0.28235526808273154,-0.49778064864702287
0.13613613613613612,0.30062050431826404,0.3002397055738295,0.91,0.029,-0.6071172326713281,-0.5357120848964598,0.1361370422816957,0.28185942539552533,-0.492675548800122
0.13713713713713713,0.3000161164969558,0.29970710468967654,0.91,0.029,-0.599743769234891,-0.5273416595944411,0.13713804223270185,0.28136893168230986,-0.4877528232342172
0.13813813813813813,0.29941981609156754,0.2991839665155824,0.91,0.029,-0.5903679632349679,-0.5199312290748139,0.13813904218370798,0.2808829442912042,-0.48310874509539303
0.13913913913913914,0.29883419865264155,0.2986662013281654,0.91,0.029,-0.5827050822380215,-0.5133094305607813,0.13914004213471415,0.2804017480219676,-0.4785096652844345
0.14014014014014015,0.29825323935035025,0.29815632000795317,0.91,0.029,-0.5744924458591072,-0.5064233692478695,0.14014104208572029,0.2799249679881928,-0.4741364820328897
0.14114114114114115,0.29768406362589656,0.2976523407290706,0.91,0.029,-0.5657580900880248,-0.5002197809699851,0.14114204203672642,0.2794525268313973,-0.4696021156273673
0.14214214214214213,0.2971205905213452,0.29715487900501025,0.91,0.029,-0.5589418234729635,-0.49375416940526407,0.1421430419877326,0.27898482459872204,-0.4653655890230084
0.14314314314314314,0.296565060976301,0.2966638438934244,0.91,0.029,-0.5510390229783013,-0.487899143511072,0.14314404193873873,0.2785208649677734,-0.46100460870752613
0.14414414414414414,0.2960174092941614,0.29617810394292604,0.91,0.029,-0.5445262563339952,-0.48193494554243443,0.14414504188974486,0.27806189341726234,-0.4568492230501704
0.14514514514514515,0.29547491832097766,0.2956990091676137,0.91,0.029,-0.5375173118151508,-0.475860823362126,0.14514604184075103,0.2776062528679925,-0.4526014648753005
0.14614614614614616,0.2949412985597967,0.29522542962188075,0.91,0.029,-0.5306589661088026,-0.4706793571915284,0.14614704179175717,0.27715578532893137,-0.44858220032188
0.14714714714714713,0.2944125380084475,0.2947567081522153,0.91,0.029,-0.5243477985333982,-0.46514309080848193,0.1471480417427633,0.27670819134690366,-0.44504790284369733
0.14814814814814814,0.29389155321738747,0.2942942122228648,0.91,0.029,-0.5179090168450386,-0.45958968798601063,0.14814904169376947,0.2762647994710475,-0.4412600937672835
0.14914914914914915,0.2933756831198689,0.29383660867676775,0.91,0.029,-0.5120809653652714,-0.45466780826478725,0.1491500416447756,0.27582478868241966,-0.4379522738136359
0.15015015015015015,0.2928663660995391,0.29338396636047276,0.91,0.029,-0.5060944361914608,-0.44987650352061337,0.15015104159578174,0.2753880190617865,-0.4345487264262431
0.15115115115115116,0.29236248104541146,0.29293595501606584,0.91,0.029,-0.5004509650944158,-0.44462400797644364,0.1511520415467879,0.27495482217469475,-0.43118018990068663
0.15215215215215216,0.2918644622655162,0.29249382820636577,0.91,0.029,-0.49483872549149055,-0.43998801684642785,0.15215304149779404,0.2745247963638557,-0.4281051360275683
0.15315315315315314,0.29137181292630937,0.2920550981254824,0.91,0.029,-0.48942858983727433,-0.4354151725458735,0.15315404144880018,0.2740977557343166,-0.42497764121290516
0.15415415415415415,0.29088462524882497,0.2916221261592269,0.91,0.029,-0.48411974912454525,-0.43088457921575696,0.15415504139980635,0.27367399116779006,-0.42199046648980243
0.15515515515515516,0.2904026042193533,0.29119246633526064,0.91,0.029,-0.47898600069649433,-0.42638206631914954,0.15515604135081248,0.27325293086175395,-0.41893476325091683
0.15615615615615616,0.28992569431649967,0.2907685084088382,0.91,0.029,-0.4739145940180549,-0.4223976255485695,0.15615704130181862,0.2728352838128122,-0.41576765922735603
0.15715715715715717,0.28945382625335125,0.2903468254432715,0.91,0.029,-0.46909515889257136,-0.41797956754862753,0.1571580412528248,0.2724205640487209,-0.4129026082479186
0.15815815815815815,0.2889865648692673,0.28993171247780997,0.91,0.029,-0.464201304896676,-0.4138505168030804,0.15815904120383092,0.2720086528315593,-0.4101872255116916
0.15915915915915915,0.28852449431161614,0.28951829588010214,0.91,0.029,-0.45972924926340397,-0.4095687339623453,0.15916004115483706,0.2715993692634398,-0.40757754054016004
0.16016016016016016,0.2880661859918631,0.28911175505245995,0.91,0.029,-0.4549584978973087,-0.40540073752035255,0.1601610411058432,0.27119268263533547,-0.4049936067763156
0.16116116116116116,0.2876136664879979,0.2887066827919733,0.91,0.029,-0.4508621125347929,-0.4016580299015118,0.16116204105684936,0.270788572102358,-0.4025226070849044
0.16216216216216217,0.2871635591399416,0.2883076348724769,0.91,0.029,-0.4461642467516356,-0.3976638318822836,0.1621630410078555,0.2703868324153938,-0.39975937326690314
0.16316316316316315,0.2867204447727794,0.2879105590044212,0.91,0.029,-0.44245188470196695,-0.39435400275255006,0.16316404095886164,0.2699882538762492,-0.3971639753175964
0.16416416416416416,0.2862777695809787,0.2875181373694688,0.91,0.029,-0.4374826444881421,-0.3904585794967943,0.1641650409098678,0.26959171017572514,-0.3948796085825279
0.16516516516516516,0.285844603642673,0.28712886014656974,0.91,0.029,-0.4327327723674159,-0.3874060809539799,0.16516604086087394,0.2691977049385603,-0.392441378770485
0.16616616616616617,0.2854114377043673,0.28674254961981116,0.91,0.029,-0.42930644571634957,-0.38383039641902883,0.16616704081188008,0.268806042573881,-0.39025001027582107
0.16716716716716717,0.2849851312788765,0.28636043092450963,0.91,0.029,-0.42483804509103607,-0.380892955107754,0.16716804076288624,0.2684164244562278,-0.38768343183315324
0.16816816816816815,0.2845609110875684,0.285980001161137,0.91,0.029,-0.4217376470639067,-0.37750439188860696,0.16816904071389238,0.2680299003813393,-0.3851954265097959
0.16916916916916916,0.28414081166513494,0.2856046663761841,0.91,0.029,-0.41763444897387103,-0.3740137465066766,0.16917004066489852,0.26764526325009963,-0.38308779750815347
0.17017017017017017,0.28372480608461775,0.2852312248918544,0.91,0.029,-0.4145840855743472,-0.3711805422919099,0.17017104061590468,0.2672629586482658,-0.38090998242660135
0.17117117117117117,0.28331081349581694,0.2848615621874115,0.91,0.029,-0.4108301735121245,-0.36796880356317274,0.17117204056691082,0.266882681502606,-0.3790955547120518
0.17217217217217218,0.2829023232547636,0.2844945506104466,0.91,0.029,-0.4072992700794771,-0.3653039703021079,0.17217304051791696,0.266504009384879,-0.3771717596977737
0.17317317317317318,0.2824953995417039,0.2841302229075274,0.91,0.029,-0.40400428601023464,-0.3623924031248862,0.17317404046892312,0.26612758367664924,-0.37496007417848887
0.17417417417417416,0.28209350586535376,0.2837690402938803,0.91,0.029,-0.4003182960396998,-0.35958267818068634,0.17417504041992926,0.2657533393531151,-0.3730872415949307
0.17517517517517517,0.28169396151159437,0.2834103376659244,0.91,0.029,-0.39763644905397655,-0.3568723574088324,0.1751760403709354,0.26538066305553415,-0.3715028605589623
0.17617617617617617,0.28129743689827874,0.28305458111988857,0.91,0.029,-0.39436965478779484,-0.3539772175882945,0.17617704032194156,0.26500959066267876,-0.36960970762757483
0.17717717717717718,0.2809044326731803,0.2827016745676495,0.91,0.029,-0.3915427610987763,-0.3513897015088219,0.1771780402729477,0.26464070445708093,-0.36782598465669025
0.1781781781781782,0.28051356750668954,0.282351098233985,0.91,0.029,-0.3883124042584143,-0.34907468858153834,0.17817904022395384,0.2642732030774385,-0.3661108926201848
0.17917917917917917,0.2801270304624528,0.28200282634226104,0.91,0.029,-0.3849350810008616,-0.34631969006764507,0.17918004017496,0.2639077504859296,-0.36424916871510504
0.18018018018018017,0.279742926703885,0.28165776552113686,0.91,0.029,-0.3824086889223963,-0.3437914540669169,0.18018104012596614,0.2635439762773628,-0.3628655134560006
0.18118118118118118,0.27936144750164715,0.2813145551629479,0.91,0.029,-0.3797446191495055,-0.3413878802356862,0.18118204007697228,0.2631812937635471,-0.360949718105843
0.18218218218218218,0.2789826772160982,0.28097430630144576,0.91,0.029,-0.37694045938235377,-0.33884370835008326,0.18218304002797844,0.2628213549770836,-0.35905631891193934
0.1831831831831832,0.27860681194732817,0.28063618938046525,0.91,0.029,-0.3740831025527882,-0.336878407958352,0.18318403997898458,0.26246246304826854,-0.3579424259777113
0.1841841841841842,0.27823376209587236,0.2802998750542819,0.91,0.029,-0.37127980658397064,-0.3343376714596502,0.18418503992999072,0.2621047542753502,-0.35654504916149676
0.18518518518518517,0.2778635090312442,0.2799668446928584,0.91,0.029,-0.3687388934962712,-0.3320201502896225,0.18518603988099688,0.26174865989478424,-0.3549130448592166
0.18618618618618618,0.2774955460928768,0.2796351700486971,0.91,0.029,-0.3667567488498662,-0.33011719941134743,0.18618703983200302,0.26139421839431914,-0.35348522178756525
0.1871871871871872,0.277129261285799,0.2793059493987416,0.91,0.029,-0.363713882759896,-0.32737242510336273,0.18718803978300916,0.26104098251540275,-0.3522880607357024
0.1881881881881882,0.27676739017143553,0.2789797697982399,0.91,0.029,-0.3608904779754596,-0.3254876599751526,0.18818903973401532,0.2606889377312462,-0.3509513401342872
0.1891891891891892,0.2764067578263887,0.27865432245184435,0.91,0.029,-0.3591612722084676,-0.32340078539607475,0.18919003968502146,0.2603383779668428,-0.3494824574385973
0.19019019019019018,0.2760483485854326,0.278332320778428,0.91,0.029,-0.3564655998843307,-0.3208019724179394,0.1901910396360276,0.25998927388569915,-0.3482275464191389
0.19119119119119118,0.2756931129817754,0.2780120762608174,0.91,0.029,-0.3542272646246545,-0.31952862956615036,0.19119203958703376,0.2596412264530337,-0.34717978781117154
0.1921921921921922,0.2753391848924903,0.2776926238223396,0.91,0.029,-0.35189333953920254,-0.3171759121929085,0.1921930395380399,0.2592942199845205,-0.3457755599923473
0.1931931931931932,0.2749886218115267,0.27737708944962036,0.91,0.029,-0.349110385132434,-0.3148376003316571,0.19319403948904604,0.2589489838158108,-0.3443287299249107
0.1941941941941942,0.27464026520253554,0.2770623183161701,0.91,0.029,-0.3477177055931122,-0.3138490958161526,0.1941950394400522,0.2586048739009508,-0.3432535393877174
0.19519519519519518,0.27429249026879776,0.2767487629314699,0.91,0.029,-0.3450425311927745,-0.31137122549176866,0.19519603939105834,0.2582617902635912,-0.3421003044265376
0.1961961961961962,0.27394948936431174,0.2764389524993698,0.91,0.029,-0.34220147053471806,-0.3093277509153438,0.19619703934206448,0.2579199891250105,-0.34086287872443677
0.1971971971971972,0.2736074022396992,0.2761294881548626,0.91,0.029,-0.34155790158567356,-0.30830501033887003,0.19719803929307064,0.25757938281378523,-0.33982153514583047
0.1981981981981982,0.2732656897615376,0.2758217252514441,0.91,0.029,-0.33865019354203696,-0.30595580684848755,0.19819903924407678,0.2572396664449469,-0.3389273432150901
0.1991991991991992,0.2729294238742497,0.27551696401702774,0.91,0.029,-0.3359296214005951,-0.3042525932631861,0.19920003919508292,0.25690085030587934,-0.3378076904453735
0.20020020020020018,0.2725931579869618,0.27521261095061694,0.91,0.029,-0.33544154025190664,-0.30303080451597,0.20020103914608908,0.25656337548177627,-0.33676452624214903
0.2012012012012012,0.27225786923911066,0.2749102957397185,0.91,0.029,-0.3326792390158744,-0.30088931333338564,0.20120203909709522,0.25622664775734133,-0.33601321939400464
0.2022022022022022,0.27192713348442754,0.2746102299429425,0.91,0.029,-0.33033644078398083,-0.29943123379572967,0.20220303904810136,0.25589067704947466,-0.33500347716937995
0.2032032032032032,0.2715965350233269,0.2743108338101975,0.91,0.029,-0.3295945998695231,-0.29807102396961227,0.20320403899910752,0.25555597082887443,-0.3340483611217877
0.2042042042042042,0.27126728443563974,0.27401349115621654,0.91,0.029,-0.327114926160192,-0.2961397017612626,0.20420503895011366,0.2552219122632415,-0.33335265849721907
0.20520520520520522,0.2709416502862695,0.27371796153439915,0.91,0.029,-0.32507382068692436,-0.29479507726230736,0.2052060389011198,0.2548885988392275,-0.332330472356702
0.2062062062062062,0.2706164859958261,0.27342331082135707,0.91,0.029,-0.3241198146661759,-0.2933935072700251,0.20620703885212596,0.25455658669014763,-0.3314106795543381
0.2072072072072072,0.27029276176841927,0.27313058714547017,0.91,0.029,-0.32189418012652027,-0.2916726474782365,0.2072080388031321,0.2542251146912339,-0.33076359131833044
0.2082082082082082,0.26997205320278,0.2728393815971764,0.91,0.029,-0.3199965855713174,-0.29033829739117323,0.20820903875413824,0.2538943980127391,-0.3298399188379477
0.2092092092092092,0.2696521279634717,0.27254932929283515,0.91,0.029,-0.3189516421443841,-0.2889551504172516,0.2092100387051444,0.25356477520604054,-0.32903835035330076
0.21021021021021022,0.2693335113766651,0.2722608928075523,0.91,0.029,-0.3169684766644991,-0.28751257657276597,0.21021103865615054,0.2532356632675735,-0.3284439284991407
0.2112112112112112,0.26901755643861786,0.27197372853893576,0.91,0.029,-0.3151278024822659,-0.2860873542400668,0.21121203860715668,0.2529072304933687,-0.3277123168479079
0.2122122122122122,0.26870262488520913,0.27168814535161623,0.91,0.029,-0.31407374519065456,-0.2847045919475022,0.21221303855816284,0.25257958324135577,-0.3269773499434905
0.2132132132132132,0.2683887801719699,0.2714037493758777,0.91,0.029,-0.3122944013174447,-0.2835521295760657,0.21321403850916898,0.2522526218708216,-0.32635555989990905
0.21421421421421422,0.2680774108685576,0.27112047342053297,0.91,0.029,-0.31048639395834243,-0.2820555189710774,0.21421503846017512,0.251926219442415,-0.32579776986784736
0.21521521521521522,0.2677671857896709,0.2708390736622219,0.91,0.029,-0.3094703960405525,-0.28069146008047596,0.21521603841118128,0.2516003747674703,-0.3251116498146587
0.21621621621621623,0.2674578505161241,0.270558528555507,0.91,0.029,-0.307833398656328,-0.27966966189646314,0.21621703836218742,0.251275345951343,-0.32449151975515633
0.2172172172172172,0.2671509027092779,0.270279174439206,0.91,0.029,-0.30608735146276445,-0.27825239837179083,0.21721803831319356,0.2509507427767167,-0.3240713621168112
0.2182182182182182,0.26684506302570815,0.27000146669690483,0.91,0.029,-0.3051156982624832,-0.2769607271445693,0.21821903826419972,0.2506265551161401,-0.3234017561330518
0.21921921921921922,0.26654006047051415,0.26972469850898667,0.91,0.029,-0.3035516351586125,-0.27599936370160094,0.21922003821520586,0.2503032924926277,-0.32273062980507916
0.22022022022022023,0.2662373520444096,0.2694489154182229,0.91,0.029,-0.30195288705732537,-0.27466486117955924,0.220221038166212,0.24998044842689401,-0.32233215654069625
0.22122122122122123,0.26593555018611514,0.2691748189070256,0.91,0.029,-0.30083595240969885,-0.2732946566306964,0.22122203811721816,0.24965798354681784,-0.32177108830059353
0.2222222222222222,0.26563507786541124,0.2689017789685118,0.91,0.029,-0.2994197612912046,-0.27234588706778595,0.2222230380682243,0.24933626273964585,-0.32123064880538266
0.22322322322322322,0.2653361112245712,0.2686295818958789,0.91,0.029,-0.29825005150084394,-0.27123697275496284,0.22322403801923044,0.2490148798193861,-0.3209113129077821
0.22422422422422422,0.26503798066520934,0.2683587620060394,0.91,0.029,-0.29683019827803037,-0.26977980118303435,0.2242250379702366,0.24869379832264982,-0.3204417818059113
0.22522522522522523,0.2647418565733639,0.26808948219381074,0.91,0.029,-0.29540320011889776,-0.2687104169129668,0.22522603792124274,0.24837335540361005,-0.3199632702864079
0.22622622622622623,0.26444658286717354,0.2678208032134209,0.91,0.029,-0.294641440878479,-0.26805875473687024,0.22622703787224888,0.2480532318868889,-0.31966630261425166
0.2272272272272272,0.26415198381885246,0.2675528280301734,0.91,0.029,-0.2930429041879279,-0.2665886885417592,0.227228037823255,0.2477333834970997,-0.31927082012541064
0.22822822822822822,0.26385991038631684,0.26728709212524915,0.91,0.029,-0.2915153365538288,-0.26534309278184764,0.22822903777426118,0.24741405173628242,-0.318879040954954
0.22922922922922923,0.2635683695314574,0.26702161062720675,0.91,0.029,-0.290821237326071,-0.2649794665251477,0.22923003772526732,0.2470949876883541,-0.3186294454411609
0.23023023023023023,0.26327768568696536,0.26675660270277635,0.91,0.029,-0.2894651378740889,-0.2636879195560766,0.23023103767627345,0.246776155617731,-0.31830613504071437
0.23123123123123124,0.26298885974592373,0.26649370688435176,0.91,0.029,-0.2879587752352393,-0.2623180357513206,0.23123203762727962,0.24645773883719269,-0.3179686249994944
0.23223223223223222,0.26270119164245037,0.26623144147004096,0.91,0.029,-0.28701524820144186,-0.2619442376638119,0.23223303757828576,0.24613958246163903,-0.3177211719048927
0.23323323323323322,0.26241425464441936,0.2659692939961359,0.91,0.029,-0.2862286904107805,-0.2610310191071221,0.2332340375292919,0.24582166108217188,-0.31737107712180546
0.23423423423423423,0.26212816123121757,0.2657088568472039,0.91,0.029,-0.2846913186964741,-0.25948256804795733,0.23423503748029806,0.24550420559633962,-0.317077635042466
0.23523523523523523,0.26184430205443643,0.26544980937541923,0.91,0.029,-0.2834447884248448,-0.2587884243128542,0.2352360374313042,0.24518687168788658,-0.3169575004074403
0.23623623623623624,0.261560704197334,0.2651907619036346,0.91,0.029,-0.2832144632101006,-0.2584392543574552,0.23623703738231033,0.24486965671158187,-0.31672322800852726
0.23723723723723725,0.2612773061320939,0.2649324134707997,0.91,0.029,-0.2817362951429345,-0.2570253721245308,0.2372380373333165,0.24455279181644848,-0.3165143008133384
0.23823823823823823,0.2609966675704213,0.264676196594076,0.91,0.029,-0.28013441636664993,-0.25584504617188486,0.23823903728432264,0.2442359951123681,-0.31644399117789135
0.23923923923923923,0.2607164764696982,0.2644202111761613,0.91,0.029,-0.27983796885027346,-0.2557067474380972,0.23924003723532877,0.24391927097711796,-0.31629224159232194
0.24024024024024024,0.2604364313965468,0.2641642711737795,0.91,0.029,-0.27905608755420985,-0.2546970786968643,0.24024103718633494,0.24360277807569303,-0.31615266317693624
0.24124124124124124,0.2601578056237438,0.26391030711470614,0.91,0.029,-0.27740371896641136,-0.2533627102691014,0.24124203713734108,0.24328633337641684,-0.31610479337420827
0.24224224224224225,0.2598810685958133,0.2636570385205881,0.91,0.029,-0.27646029090257684,-0.2528751891361196,0.2422430370883472,0.24296993631033226,-0.31602372447525795
0.24324324324324323,0.2596043315678828,0.263404050479799,0.91,0.029,-0.2764602909025484,-0.2523935603623215,0.24324403703935338,0.24265365391098379,-0.31595489907661545
0.24424424424424424,0.2593275945399523,0.2631517461074503,0.91,0.029,-0.2749303118116586,-0.2512439351547471,0.24424503699035952,0.24233739463334056,-0.3159345492408079
0.24524524524524524,0.25905392053322485,0.2629010596186283,0.91,0.029,-0.2733088119503577,-0.25028983316539666,0.24524603694136565,0.2420211529743614,-0.31588135650770255
0.24624624624624625,0.2587804297512629,0.26265066536037246,0.91,0.029,-0.27318036759547226,-0.25002662160136424,0.24624703689237182,0.2417050001885646,-0.315837643741105
0.24724724724724725,0.258507012890391,0.26240050582162855,0.91,0.029,-0.2725390418085283,-0.2491309423296002,0.24724803684337796,0.2413888460425399,-0.315854377978269
0.24824824824824826,0.2582348060439385,0.26215190471506794,0.91,0.029,-0.2711215166053478,-0.2481166578737657,0.2482490367943841,0.24107265975480197,-0.31588816815038
0.24924924924924924,0.2579642270713613,0.26190377577583523,0.91,0.029,-0.27020303902708065,-0.24756929293749863,0.24925003674539026,0.240756437960856,-0.31593341025084953
0.2502502502502503,0.2576938590188593,0.2616562704949728,0.91,0.029,-0.27004008399293866,-0.24701348184566996,0.25025103669639637,0.2404401610984374,-0.3160186730660115
0.25125125125125125,0.25742360628258654,0.2614092542906587,0.91,0.029,-0.2689149216435567,-0.2461773619494636,0.25125203664740253,0.2401237686083438,-0.3161081758082247
0.25225225225225223,0.25715549080736066,0.2611634229235024,0.91,0.029,-0.26766227983466706,-0.24536505438538825,0.25225303659840864,0.23980731256144408,-0.31618633216189096
0.25325325325325326,0.2568877458624972,0.2609180329605579,0.91,0.029,-0.26722578171919054,-0.24492158008007436,0.2532540365494148,0.23949076360233806,-0.31634633375088583
0.25425425425425424,0.25662050425737226,0.26067308942984857,0.91,0.029,-0.2666932909499735,-0.24421862908391745,0.254255036500421,0.23917398723227287,-0.3165132499373442
0.2552552552552553,0.2563538253600949,0.26042910677620573,0.91,0.029,-0.2656285839435384,-0.2434854304941041,0.2552560364514271,0.2388571041069779,-0.31662564660291537
0.25625625625625625,0.2560887153005283,0.26018563111054105,0.91,0.029,-0.2646818624660483,-0.24284419004956703,0.25625703640243325,0.23854010271879925,-0.31683552961889916
0.25725725725725723,0.2558239317415443,0.25994293222155196,0.91,0.029,-0.2643173579920983,-0.24226866266653246,0.2572580363534394,0.23822279940772684,-0.31701651226592276
0.25825825825825827,0.2555595514206643,0.25970060876286033,0.91,0.029,-0.26354851670038215,-0.24166783187305896,0.2582590363044455,0.23790543569230663,-0.317072872416972
0.25925925925925924,0.2552963070834854,0.25945911273832256,0.91,0.029,-0.26264185398297,-0.24104377773676333,0.2592600362554517,0.2375880195482173,-0.31715999801491535
0.2602602602602603,0.2550337419031809,0.2592180386372612,0.91,0.029,-0.2619470823368317,-0.24043347940016702,0.26026103620645785,0.23727048140735854,-0.3173511765981658
0.26126126126126126,0.2547718885002284,0.25897776443121506,0.91,0.029,-0.2614979854719479,-0.23981331950659523,0.26126203615746396,0.2369526825237643,-0.3175825221700137
0.26226226226226224,0.25451022241274657,0.2587379318915023,0.91,0.029,-0.26068110818843593,-0.23929554853484092,0.2622630361084701,0.23663468122909334,-0.3178823234697603
0.26326326326326327,0.2542500043997511,0.2584986942639782,0.91,0.029,-0.25986838425994563,-0.23863301980313167,0.2632640360594763,0.2363162821433264,-0.31823247105384667
0.26426426426426425,0.2539899653872011,0.2582601881081126,0.91,0.029,-0.2593080299611472,-0.23799471514047355,0.2642650360104824,0.23599757985322642,-0.31850629038254397
0.2652652652652653,0.2537308692046337,0.25802222836780114,0.91,0.029,-0.2586861497347144,-0.23745744884095643,0.26526603596148857,0.23567863258119023,-0.31887184375112554
0.26626626626626626,0.25347207519754195,0.25778479782014263,0.91,0.029,-0.25806037701941875,-0.23709908739886032,0.26626703591249473,0.23535919845328218,-0.3192800972564811
0.26726726726726724,0.25321423181320346,0.25754755552015574,0.91,0.029,-0.257366266250628,-0.23642860316297742,0.26726803586350084,0.23503943385776832,-0.3195852968710682
0.2682682682682683,0.25295682741726044,0.25731146728327986,0.91,0.029,-0.2567790842038278,-0.2357489524946459,0.268269035814507,0.2347193887202617,-0.32001882337299037
0.26926926926926925,0.2527001595725551,0.25707558564529154,0.91,0.029,-0.2561438508284368,-0.23545058973397204,0.26927003576551317,0.2343987562047335,-0.32047659929139627
0.2702702702702703,0.2524440269151014,0.2568400947312599,0.91,0.029,-0.2556060975167753,-0.23506754155712883,0.2702710357165193,0.23407779459988315,-0.32078298437346575
0.27127127127127126,0.25218843565360255,0.25660497995648845,0.91,0.029,-0.25491528556077014,-0.23440341506403684,0.27127203566752545,0.23375654870145057,-0.3212153010483547
0.27227227227227224,0.25193368600306787,0.25637081862502564,0.91,0.029,-0.2542293844683883,-0.2338360320524373,0.2722730356185316,0.2334347215986595,-0.3217068147510247
0.2732732732732733,0.25167946791692913,0.25613683975217927,0.91,0.029,-0.2536856446269553,-0.2336196252686591,0.2732740355695377,0.23311249168984235,-0.3220851409472658
0.27427427427427425,0.2514258068346455,0.25590311166753077,0.91,0.029,-0.2532984131409819,-0.23319109180367548,0.2742750355205439,0.23278990717804343,-0.3226259902591977
0.2752752752752753,0.251172363986717,0.25566999071953933,0.91,0.029,-0.25263239491967227,-0.23250004302234117,0.27527603547155005,0.23246659448895682,-0.32324556988596953
0.27627627627627627,0.2509200362742457,0.25543764611593445,0.91,0.029,-0.25195170217654095,-0.23205293334345356,0.27627703542255616,0.23214276957880584,-0.32370832646337533
0.2772772772772773,0.2506679561745518,0.25520542028241533,0.91,0.029,-0.2515686731497482,-0.23194558581155889,0.2772780353735623,0.23181853045109657,-0.32424072227945544
0.2782782782782783,0.25041639528695886,0.25497329058878415,0.91,0.029,-0.2512829963375367,-0.23142876563775872,0.2782790353245685,0.23149363968457395,-0.3249286082823346
0.27927927927927926,0.250164887112815,0.2547420994302877,0.91,0.029,-0.25054784264045793,-0.23072135973345098,0.2792800352755746,0.23116802340915435,-0.32553408889711477
0.2802802802802803,0.24991479800439542,0.2545113859646932,0.91,0.029,-0.24982091708464793,-0.23045524767418613,0.28028103522658077,0.23084192047050026,-0.32601547337810644
0.28128128128128127,0.24966474513666947,0.2542807275630721,0.91,0.029,-0.24962089190982795,-0.23039552007655573,0.28128203517758693,0.2305153404633969,-0.3267418895705845
0.2822822822822823,0.24941505647905046,0.25405013367224766,0.91,0.029,-0.24933672213421687,-0.22978898789720859,0.28228303512859304,0.23018778323959668,-0.3274802265063954
0.2832832832832833,0.2491655725197841,0.2538206895492638,0.91,0.029,-0.24859848375434979,-0.2290983850126196,0.2832840350795992,0.22985972508202013,-0.3278707011086084
0.28428428428428426,0.24891736181687962,0.25359147824679695,0.91,0.029,-0.24793975715930117,-0.22898209116441137,0.28428503503060537,0.22953138612810453,-0.3286333866516884
0.2852852852852853,0.24866919662957535,0.25336226694433006,0.91,0.029,-0.24782507919415764,-0.22886904927561602,0.2852860349816115,0.2292018010741455,-0.32953696427996704
0.2862862862862863,0.24842121551218654,0.25313328195195084,0.91,0.029,-0.24754010355785283,-0.2282759809677941,0.28628703493261765,0.22887165315790658,-0.33002480608324447
0.2872872872872873,0.2481736208466768,0.2529052579734236,0.91,0.029,-0.24678667270185883,-0.22770894582004075,0.2872880348836238,0.22854109144470522,-0.33090641317734537
0.2882882882882883,0.24792714809936994,0.2526774081865453,0.91,0.029,-0.2462128652397837,-0.22760893969790175,0.2882890348346299,0.2282091785511503,-0.33189224661452954
0.28928928928928926,0.24768070219754812,0.2524495844204749,0.91,0.029,-0.24616850372764532,-0.22746777808778518,0.2892900347856361,0.22787664319950426,-0.3324908092639731
0.2902902902902903,0.2474343182620774,0.25222201723942267,0.91,0.029,-0.24587352437252719,-0.22691196267474822,0.29029103473664225,0.22754353198358382,-0.33346525719801434
0.2912912912912913,0.24718846290951502,0.2519953062169218,0.91,0.029,-0.24511403601388793,-0.22644904440683433,0.29129203468764836,0.22720904578726936,-0.3345143713114851
0.2922922922922923,0.24694359947125882,0.2517686657991688,0.91,0.029,-0.24461857481792038,-0.22637234583966404,0.2922930346386545,0.2268738342449965,-0.335223308023302
0.2932932932932933,0.24669873603300263,0.25154210832735285,0.91,0.029,-0.2446185748179346,-0.22617326575817742,0.2932940345896607,0.22653792875745446,-0.3359812443565886
0.29429429429429427,0.24645387259474646,0.2513158664683216,0.91,0.029,-0.24431853515909552,-0.2256946003571585,0.2942950345406668,0.22620119982671666,-0.3368645275603086
0.2952952952952953,0.24620960983648793,0.2510902672855968,0.91,0.029,-0.24359396309445458,-0.22533422085280108,0.29529603449167297,0.22586352600628729,-0.33772298370293186
0.2962962962962963,0.24596619699295574,0.2508647469070547,0.91,0.029,-0.2431625029868485,-0.2252349121439181,0.29629703444267913,0.2255250784464361,-0.33856377477692945
0.2972972972972973,0.24572279801869648,0.25063934654056397,0.91,0.029,-0.24314659911526348,-0.22500284988613828,0.29729803439368524,0.22518572136235898,-0.3396746211032564
0.2982982982982983,0.24547941701474696,0.2504142907511264,0.91,0.029,-0.24285812079487812,-0.2246122821411376,0.2982990343446914,0.2248450498882713,-0.3407531648977198
0.29929929929929927,0.24523659557466268,0.2501896723020432,0.91,0.029,-0.24224631234301341,-0.22433037578767312,0.29930003429569757,0.22450353355962335,-0.3415815542827829
0.3003003003003003,0.2449944394124587,0.2499651808896897,0.91,0.029,-0.24188304516177084,-0.22420042563832965,0.3003010342467037,0.22416120365006797,-0.34276604725731374
0.3013013013013013,0.24475234523399844,0.2497408226010655,0.91,0.029,-0.24181690138962608,-0.22396709653168045,0.30130203419770984,0.22381731596660104,-0.3439918418081902
0.3023023023023023,0.24451032149175878,0.24951679831405071,0.91,0.029,-0.24153828119204945,-0.22365523620337058,0.302303034148716,0.22347253201647493,-0.34488573993752425
0.3033033033033033,0.24426878511149178,0.2492930643704281,0.91,0.029,-0.24102924859049324,-0.2234231008646077,0.3033040340997221,0.2231268547490407,-0.34591033916888136
0.30430430430430433,0.24402778045353962,0.2490695048188263,0.91,0.029,-0.2407122668688828,-0.22326772221005342,0.3043050340507283,0.22278001955135376,-0.34697842253487465
0.3053053053053053,0.24378687867131377,0.2488460819435811,0.91,0.029,-0.24060520551765308,-0.223051943443636,0.30530603400173445,0.2224322039811255,-0.3479550727383014
0.3063063063063063,0.2435460883504012,0.24862295438150173,0.91,0.029,-0.24034975161450234,-0.22280253629371316,0.30630703395274056,0.22208341352982702,-0.3489831405557453
0.3073073073073073,0.2433056979874009,0.24840003081987003,0.91,0.029,-0.2399334843534433,-0.22258959024024705,0.3073080339037467,0.22173353976792895,-0.3502802187233982
0.3083083083083083,0.24306574103437825,0.24817732957621588,0.91,0.029,-0.23965134044483705,-0.22241791969638314,0.3083090338547529,0.22138215256626592,-0.3516930195727781
0.30930930930930933,0.2428259155240479,0.24795474969935677,0.91,0.029,-0.23951251639896043,-0.22223310894401038,0.309310033805759,0.22102945037720587,-0.35289510412683
0.3103103103103103,0.24258623649704297,0.24773241844719882,0.91,0.029,-0.23928488813182014,-0.2220469515008574,0.31031103375676516,0.2206756566023834,-0.3539446182768984
0.3113113113113113,0.2423468666989592,0.24751021125791361,0.91,0.029,-0.2389517318196397,-0.22186988201200109,0.31131203370777133,0.22032085328609774,-0.35549487356938414
0.3123123123123123,0.24210785465155824,0.24728823449922688,0.91,0.029,-0.23870056583724875,-0.22170268658994985,0.31231303365877744,0.21996395590033163,-0.35691400129366
0.3133133133133133,0.24186898768827397,0.24706636203551127,0.91,0.029,-0.2385390569891257,-0.22155662009369337,0.3133140336097836,0.219606311490481,-0.35772975811391916
0.31431431431431434,0.24163029898191038,0.24684467770224255,0.91,0.029,-0.23833323798842798,-0.22142046826576234,0.31431503356078977,0.21924778095964068,-0.3588326558700885
0.3153153153153153,0.24139184406867747,0.24662307781475895,0.91,0.029,-0.2380623194529221,-0.22127265145117292,0.3153160335117959,0.2188879285485903,-0.3601397078785027
0.3163163163163163,0.2411536977417644,0.24640168941104904,0.91,0.029,-0.2378334347063742,-0.2211197694649769,0.31631703346280204,0.21852678129975717,-0.36155157867598575
0.3173173173173173,0.24091570105625235,0.24618039559360788,0.91,0.029,-0.23765059407445221,-0.2210058139464337,0.3173180334138082,0.21816410232350855,-0.3630696721248512
0.3183183183183183,0.24067792077665034,0.24595923532907418,0.91,0.029,-0.2374670532365286,-0.2209128791977406,0.3183190333648143,0.2177999158517396,-0.36453679018006824
0.31931931931931934,0.24044029154026333,0.245738127567186,0.91,0.029,-0.23727029360104268,-0.22078266586758843,0.3193200333158205,0.2174342997052882,-0.36621616014480196
0.3203203203203203,0.2402029051738454,0.2455172279899999,0.91,0.029,-0.23708467777225906,-0.2206397140308809,0.3203210332668266,0.21706675113501442,-0.3680243114417294
0.3213213213213213,0.23996564754071928,0.245296406417975,0.91,0.029,-0.23690340239461705,-0.22056117832870825,0.32132203321783276,0.2166975150698437,-0.36947125449192697
0.32232232232232233,0.23972862408797035,0.24507566406942194,0.91,0.029,-0.2367421746181293,-0.22050891194406574,0.3223230331688389,0.2163270697197252,-0.3704258730984691
0.3233233233233233,0.23949168923317546,0.24485494713480366,0.91,0.029,-0.23660511821893238,-0.22039353042079313,0.32332403311984503,0.21595592250819776,-0.3719028968797886
0.32432432432432434,0.23925494016761217,0.24463443578029126,0.91,0.029,-0.23646274051058924,-0.22026501775324903,0.3243250330708512,0.21558252015661378,-0.37362351840673114
0.3253253253253253,0.23901829035327435,0.2444139761282906,0.91,0.029,-0.23629102586438933,-0.2202203416957076,0.32532603302185736,0.215207928260958,-0.37509608437615327
0.3263263263263263,0.23878188506077658,0.2441935542153349,0.91,0.029,-0.2361457408228489,-0.2201951372673392,0.3263270329728635,0.21483157783244755,-0.37692072465804927
0.32732732732732733,0.23854552610738278,0.24397314502265033,0.91,0.029,-0.23605373345510827,-0.22010464343520653,0.32732803292386964,0.21445333300712618,-0.3785617702177717
0.3283283283283283,0.23830930501381936,0.24375290427852764,0.91,0.029,-0.2359511356012547,-0.22000441316362185,0.3283290328748758,0.21407369720556596,-0.38042103628559687
0.32932932932932935,0.23807315146153446,0.24353269574704753,0.91,0.029,-0.23579262893930775,-0.21998134426371507,0.3293300328258819,0.21369173012975903,-0.3818891276159917
0.3303303303303303,0.23783724769862552,0.24331250118690853,0.91,0.029,-0.23565826539194745,-0.21997149059534138,0.3303310327768881,0.21330915520949917,-0.382674443590048
0.3313313313313313,0.23760136314243147,0.2430923123824923,0.91,0.029,-0.2356022828678448,-0.21991531960085808,0.33133203272789424,0.21292561593118914,-0.38388436784305213
0.33233233233233234,0.23736557145664788,0.24287223027679672,0.91,0.029,-0.23553828010804523,-0.21985287694938904,0.33233303267890035,0.21254061874269337,-0.3855665551697882
0.3333333333333333,0.237129815034107,0.2426521664826937,0.91,0.029,-0.23540166205800972,-0.21984282769395236,0.3333340326299065,0.21215371172551997,-0.3876291775741123
0.33433433433433435,0.2368942968579332,0.2424321044956277,0.91,0.029,-0.2352802245999328,-0.21984044156896232,0.3343350325809127,0.21176458516717286,-0.38958622946127264
0.3353353353353353,0.2366587835534264,0.24221204547855157,0.91,0.029,-0.2352512951883483,-0.21982507852001731,0.3353360325319188,0.2113737601323132,-0.39104093185933664
0.3363363363363363,0.23642332329399257,0.24199201424834038,0.91,0.029,-0.23522067840585237,-0.21980776909461497,0.33633703248292496,0.2109817212599077,-0.39189560033558735
0.33733733733733734,0.23618787128434565,0.2417719898847686,0.91,0.029,-0.23511446845716932,-0.21980433920818143,0.3373380324339311,0.2105891851788423,-0.39191187373624814
0.3383383383383383,0.23595262365744166,0.24155196552119687,0.91,0.029,-0.2350123792771086,-0.2198075420360226,0.33833903238493723,0.21019711372709027,-0.3928612232567019
0.33933933933933935,0.23571737603053766,0.2413319347455574,0.91,0.029,-0.2350017413387917,-0.21983375391810966,0.3393400323359434,0.20980267704837793,-0.394946275097368
0.34034034034034033,0.2354821497008074,0.24111185790574516,0.91,0.029,-0.23499101364146213,-0.2198632598409347,0.34034103228694956,0.2094064313230452,-0.39688016987611263
0.34134134134134136,0.23524692355077503,0.2408917680591892,0.91,0.029,-0.2349273839613204,-0.21987022378188215,0.3413420322379557,0.20900812298717536,-0.39747488193685854
0.34234234234234234,0.23501182460779171,0.24067167727755318,0.91,0.029,-0.23486009472978253,-0.21987867262751593,0.34234303218896184,0.20861068664835525,-0.3951823507320853
0.3433433433433433,0.23477673317093564,0.24045157051639138,0.91,0.029,-0.23485519160715285,-0.21994242743545556,0.343344032139968,0.2082169679597327,-0.3943953413858168
0.34434434434434436,0.23454164404401368,0.24023135209750224,0.91,0.029,-0.23485390351849844,-0.22001303071313316,0.3443450320909741,0.20782110721354677,-0.39663953434664734
0.34534534534534533,0.2343065551859136,0.24001110398843714,0.91,0.029,-0.23483696621144645,-0.22003440177080336,0.3453460320419803,0.20742289565083652,-0.394647553914254
0.34634634634634637,0.23407149996751433,0.2397908427846478,0.91,0.029,-0.23481713277614347,-0.22005095787312712,0.34634703199298644,0.20703102284928104,-0.3898891099969717
0.34734734734734735,0.23383645081599136,0.23957056153023265,0.91,0.029,-0.23481410237144473,-0.22015099445420105,0.34734803194399255,0.20664233769082696,-0.3861609124708565
0.3483483483483483,0.2336014016644684,0.23935010005300775,0.91,0.029,-0.23481410237144473,-0.22025974567520734,0.3483490318949987,0.2062579287403534,-0.37697482995548626
0.34934934934934936,0.23336635251294546,0.23912960107843045,0.91,0.029,-0.2348402888276837,-0.22029573470818775,0.3493500318460049,0.20588763411819497,-0.35826540358881687
0.35035035035035034,0.2331312509360846,0.2389090675510894,0.91,0.029,-0.23487523115845477,-0.22032071257243047,0.350351031797011,0.20554068143747423,-0.3266620796617872
0.35135135135135137,0.23289613182994556,0.23868851857077797,0.91,0.029,-0.23488437229318038,-0.22046399824797902,0.35135203174801716,0.20523365666672094,-0.2892915948001473
0.35235235235235235,0.23266101195251462,0.23846769818522756,0.91,0.029,-0.23488492177425258,-0.2206157572011449,0.3523530316990233,0.20496151969303134,-0.25799241592159206
0.3533533533533533,0.23242589174631345,0.2382468453831881,0.91,0.029,-0.23493958312576524,-0.22066628224045814,0.35335403165002943,0.20471715587532602,-0.23950556018520786
0.35435435435435436,0.23219066243674738,0.23802592384640783,0.91,0.029,-0.23502305756790065,-0.2207154349207343,0.3543550316010356,0.20448202958500913,-0.22490999640596954
0.35535535535535534,0.23195537511454586,0.23780497264060402,0.91,0.029,-0.23505716027230505,-0.22089150287591508,0.35535603155204176,0.20426688608455967,-0.21069525170337045
0.3563563563563564,0.23172007753129736,0.23758369861542505,0.91,0.029,-0.2350656174570247,-0.22107236132802655,0.35635703150304787,0.20406021771174454,-0.2046331224782989
0.35735735735735735,0.23148477327779501,0.23736238533063794,0.91,0.029,-0.23513785854356684,-0.22115407518478492,0.35735803145405404,0.2038572105934096,-0.1997160530003157
0.35835835835835833,0.23124933106774667,0.23714094771415423,0.91,0.029,-0.23526105002495967,-0.22124994960951483,0.3583590314050602,0.20366038619320762,-0.19662778205351117
0.35935935935935936,0.23101378018465196,0.2369194424885769,0.91,0.029,-0.23532818997669835,-0.22142551089778806,0.3593600313560663,0.20346356179300562,-0.20062839490962858
0.36036036036036034,0.2307782035602858,0.2366976533980425,0.91,0.029,-0.23535316438692178,-0.22159737258496648,0.3603610313070725,0.20325872816625765,-0.20495280105640745
0.3613613613613614,0.23054260267837184,0.23647580410502345,0.91,0.029,-0.23544035371131145,-0.2217294337261535,0.36136203125807864,0.20305324630537352,-0.20642818557119824
0.36236236236236236,0.23030685150080366,0.23625375062781992,0.91,0.029,-0.2355998311496279,-0.2218726117203147,0.36236303120908475,0.20284545895897155,-0.2084088731675422
0.36336336336336333,0.23007093134473897,0.23603161469216996,0.91,0.029,-0.23570647810592504,-0.22204565910060126,0.3633640311600909,0.20263601176171359,-0.210838640020512
0.36436436436436437,0.22983496665975078,0.2358092147737647,0.91,0.029,-0.23575827496286195,-0.22221641477341336,0.3643650311110971,0.20242336002231007,-0.21651341722849793
0.36536536536536535,0.22959894280627474,0.2355867369849158,0.91,0.029,-0.23586122523559538,-0.22240454421844902,0.3653660310621032,0.2022025519216378,-0.2209609531220309
0.3663663663663664,0.2293627720146345,0.23536396043098506,0.91,0.029,-0.236049912908598,-0.22259394184044368,0.36636703101310936,0.2019809962158112,-0.22465717990746725
0.36736736736736736,0.2291263704080593,0.2351411034677177,0.91,0.029,-0.23619670221721378,-0.22276373518913317,0.3673680309641155,0.20175278826947668,-0.22797997752661558
0.3683683683683684,0.2288899057439294,0.23491798698716299,0.91,0.029,-0.23628623209698674,-0.22295362844941735,0.36836903091512163,0.2015245803231422,-0.23509269239893626
0.36936936936936937,0.22865332489835558,0.2346947498572083,0.91,0.029,-0.23640586787864493,-0.22318564424929832,0.3693700308661278,0.20128213272233017,-0.24230677125109423
0.37037037037037035,0.22841662072315133,0.2344711688805578,0.91,0.029,-0.2366007046469889,-0.22340157871678912,0.37037103081713396,0.20103948219084058,-0.24875585898632835
0.3713713713713714,0.22817964981397726,0.23424749944936693,0.91,0.029,-0.23677056787177264,-0.22357834275436517,0.37137203076814007,0.20078412351701458,-0.2562263921941508
0.37237237237237236,0.22794260557225687,0.2340235645907592,0.91,0.029,-0.23689959073089994,-0.2237999287852972,0.37237303071914624,0.2005265169787749,-0.2656224611375251
0.3733733733733734,0.22770537635906055,0.2337994515438909,0.91,0.029,-0.23704257933454187,-0.22407697449713737,0.3733740306701524,0.200252347375845,-0.2778006218739506
0.3743743743743744,0.22746804585386937,0.23357496203921332,0.91,0.029,-0.23724190324951167,-0.22432448694556228,0.3743750306211585,0.19997036016100433,-0.28855927624255173
0.37537537537537535,0.22723041759379625,0.23335035347192784,0.91,0.029,-0.2374315988615905,-0.22448748997680923,0.3753760305721647,0.19967465173308266,-0.29699137040732637
0.3763763763763764,0.22699270731760995,0.23312553763485538,0.91,0.029,-0.23761192856868263,-0.22472477328147988,0.37637703052317084,0.19937578346655035,-0.29939795156025184
0.37737737737737737,0.22675471803710218,0.23290045402591883,0.91,0.029,-0.23779104468532353,-0.22508383060366555,0.37737803047417695,0.19907525706339635,-0.3019616664923177
0.3783783783783784,0.22651664917009182,0.2326749193553686,0.91,0.029,-0.23798630058064418,-0.22536307950790047,0.3783790304251831,0.19877125623982125,-0.30577542744690334
0.3793793793793794,0.22627826898689063,0.23244927668956664,0.91,0.029,-0.2381858285095575,-0.22548832986241507,0.3793800303761893,0.19846309468760986,-0.3095892432290839
0.38038038038038036,0.2260398006645672,0.23222349126755598,0.91,0.029,-0.2384259677818079,-0.2257720466771076,0.3803810303271954,0.1981514586052126,-0.315736198804359
0.3813813813813814,0.22580093972206222,0.23199728060012303,0.91,0.029,-0.2386526151058206,-0.22621253571801958,0.38138203027820156,0.1978309908485418,-0.32360258515929274
0.38238238238238237,0.2255620176513423,0.2317706133181705,0.91,0.029,-0.23883530211014659,-0.226488946931795,0.3823830302292077,0.19750360626143276,-0.3308966884047635
0.3833833833833834,0.225322790969089,0.2315438492749343,0.91,0.029,-0.23903496702421023,-0.2265770127611546,0.38338403018021383,0.1971685357107793,-0.3404338043114308
0.3843843843843844,0.22508346916881128,0.231317005685015,0.91,0.029,-0.2393434410115134,-0.22694260874634153,0.38438503013122,0.19682205781855958,-0.3504460655440198
0.38538538538538536,0.22484362492101792,0.23108950971788456,0.91,0.029,-0.23962801517045307,-0.2274717730497997,0.38538603008222616,0.19646694272189955,-0.357585072419937
0.3863863863863864,0.2246037334027043,0.2308616067399704,0.91,0.029,-0.2397896395032859,-0.22770426585302062,0.38638703003323227,0.19610617253861384,-0.3617850742412685
0.38738738738738737,0.22436356558267298,0.23063364532178238,0.91,0.029,-0.23998192850073963,-0.22776492686688243,0.38738802998423844,0.195742649038719,-0.36347529518798183
0.3883883883883884,0.22412328910140153,0.2304056209003971,0.91,0.029,-0.2403672400573953,-0.2282440791586282,0.3883890299352446,0.1953784950332636,-0.3636448479805523
0.3893893893893894,0.22388234988686234,0.23017670021836165,0.91,0.029,-0.2407170365334821,-0.2288511834120328,0.3893900298862507,0.19501463208869468,-0.36405493655416876
0.39039039039039036,0.22364137311234553,0.2299474603730457,0.91,0.029,-0.24084910453704822,-0.22901060547063423,0.3903910298372569,0.19464965708595505,-0.36593924617380935
0.3913913913913914,0.22340016949739883,0.2297182205277298,0.91,0.029,-0.24103085179189065,-0.22909460633944434,0.39139202978826304,0.19428202175371226,-0.3715457572963885
0.3923923923923924,0.22315882886451385,0.22948881251250625,0.91,0.029,-0.24150142047651002,-0.22968768012543705,0.39239302973926915,0.19390582251625463,-0.3797690921454091
0.3933933933933934,0.22291668317011856,0.22925838533228352,0.91,0.029,-0.2419182815051073,-0.23031864482319975,0.3933940296902753,0.19352172406844984,-0.38658277783365236
0.3943943943943944,0.2226745079806197,0.2290277141244718,0.91,0.029,-0.24201236384945446,-0.23044589949309113,0.3943950296412815,0.19313188383291202,-0.39140418310704206
0.39539539539539537,0.2224321739331827,0.2287970321801452,0.91,0.029,-0.2421872541017649,-0.23055704790921538,0.3953960295922876,0.19273813293222236,-0.39454033423736234
0.3963963963963964,0.22218964861304863,0.22856613845298188,0.91,0.029,-0.24275160410294916,-0.231266358329691,0.39639702954329376,0.19234201412242893,-0.39777295881354746
0.3973973973973974,0.22194618473577934,0.2283340364677734,0.91,0.029,-0.24322952880358173,-0.2318902012783184,0.3973980294942999,0.19194179150765447,-0.401407541191503
0.3983983983983984,0.2217027026094379,0.22810189380577808,0.91,0.029,-0.2432771999807386,-0.23195428340994795,0.39839902944530603,0.19153839626429656,-0.4048321522043494
0.3993993993993994,0.2214591432943764,0.2278696635280137,0.91,0.029,-0.24345835701076624,-0.23227843287065753,0.3994000293963122,0.19113131757860993,-0.4083889196395205
0.40040040040040037,0.22121529849129823,0.22763687191814913,0.91,0.029,-0.24412499727684178,-0.2330248137445068,0.40040102934731836,0.19072080168719532,-0.4116151204658962
0.4014014014014014,0.2209704045610895,0.22740314738438108,0.91,0.029,-0.24464903627850276,-0.23356309492960747,0.40140202929832447,0.19030726414777047,-0.4144456901116058
0.4024024024024024,0.22072551063088078,0.22716927813450624,0.91,0.029,-0.2446490362785454,-0.23371884031617185,0.40240302924933063,0.18989108145620248,-0.41680973823443423
0.4034034034034034,0.22048061670067204,0.22693524179816255,0.91,0.029,-0.24486328754292686,-0.23420124956983557,0.4034040292003368,0.18947281109266734,-0.41939297969462075
0.4044044044044044,0.22023529383900303,0.22670040676399603,0.91,0.029,-0.24562614346582734,-0.23486251049173745,0.4044050291513429,0.18905145675194923,-0.42281033502626997
0.40540540540540543,0.21998887266970943,0.2264650465819629,0.91,0.029,-0.24617711350239802,-0.23528687091726397,0.4054060291023491,0.18862634484337495,-0.4260408277086043
0.4064064064064064,0.21974244676492413,0.22622936197737487,0.91,0.029,-0.24618435784201154,-0.23552872779980305,0.40640702905335524,0.18819852305662335,-0.42864295856171
0.4074074074074074,0.21949601109244815,0.2259935175973787,0.91,0.029,-0.24647112057648712,-0.23612804772194806,0.40740802900436135,0.18776820168233618,-0.4311394536385933
0.4084084084084084,0.21924901108809433,0.22575663315310673,0.91,0.029,-0.24722828483784554,-0.23679002939883276,0.4084090289553675,0.18733538191268526,-0.4336456733426104
0.4094094094094094,0.21900105957125124,0.22551946348446808,0.91,0.029,-0.24773432851867483,-0.2371419235040264,0.4094100289063737,0.1869000430867962,-0.43592574986566035
0.41041041041041043,0.21875304646643537,0.2252818745474931,0.91,0.029,-0.24780586904282131,-0.23752009086069847,0.4104110288573798,0.1864626586041696,-0.4374683024193615
0.4114114114114114,0.21850495172531964,0.22504394778704923,0.91,0.029,-0.2482349266673367,-0.23814846434581227,0.41141202880838595,0.18602423158821915,-0.4385338265684453
0.4124124124124124,0.21825607964628055,0.22480510084509908,0.91,0.029,-0.24902919317786143,-0.23876120059993866,0.4124130287593921,0.18558471392635048,-0.4401712420374082
0.4134134134134134,0.21800639478202063,0.22456594738544777,0.91,0.029,-0.24952199366251193,-0.23916061726436055,0.41341402871039823,0.18514300880479162,-0.442908601760891
0.4144144144144144,0.21775653611542464,0.22432630081053576,0.91,0.029,-0.24967700269586146,-0.23970107724932177,0.4144150286614044,0.18469801094902474,-0.4458302553789224
0.41541541541541543,0.2175065409227697,0.2240860653489126,0.91,0.029,-0.2502000304973677,-0.24024811400028057,0.41541602861241056,0.18425045667720888,-0.4484539088320929
0.4164164164164164,0.21725563515346794,0.22384532360532997,0.91,0.029,-0.2509178186236909,-0.2408571771856316,0.41641702856341667,0.1838002062674859,-0.45033544725446006
0.4174174174174174,0.2170042029475471,0.22360386879799043,0.91,0.029,-0.2513436513108189,-0.24134632831388103,0.41741802851442283,0.18334888515593278,-0.451215168378468
0.4184184184184184,0.2167524446603532,0.22336214777286975,0.91,0.029,-0.2515704153944114,-0.24193229896046375,0.418419028465429,0.18289687354460574,-0.4518409453856407
0.4194194194194194,0.216500558472283,0.2231195198511226,0.91,0.029,-0.25218526394696994,-0.24253803925678596,0.4194200284164351,0.1824442996275456,-0.45224067598698525
0.42042042042042044,0.216247569257056,0.22287658613271605,0.91,0.029,-0.2528685592293982,-0.24313181509624826,0.4204210283674413,0.18199148775559382,-0.45248418292793247
0.4214214214214214,0.21599431511046235,0.22263276947054952,0.91,0.029,-0.2532876363174097,-0.2437652431805759,0.42142202831844744,0.18153842633766176,-0.4529592809758043
0.4224224224224224,0.21574048690206618,0.22238856762785003,0.91,0.029,-0.25360961246573765,-0.24422934000891416,0.42242302826945355,0.18108466331946474,-0.4540245670501406
0.42342342342342343,0.21548658815857902,0.22214382184290407,0.91,0.029,-0.25428012048067217,-0.24488554376395655,0.4234240282204597,0.1806294691989162,-0.45557290174215836
0.4244244244244244,0.2152314175917945,0.22189830627897322,0.91,0.029,-0.2549654876324894,-0.24561054460291132,0.4244250281714659,0.18017260641481747,-0.4570685951871951
0.42542542542542544,0.21497614674189738,0.22165210904089627,0.91,0.029,-0.2553810701714383,-0.24621762248627022,0.425426028122472,0.17971441791613857,-0.4584521503681174
0.4264264264264264,0.21472014417803784,0.2214053781058275,0.91,0.029,-0.2558874732513914,-0.24668375969635292,0.42642702807347815,0.17925478525470318,-0.45947184252038653
0.4274274274274274,0.21446385950816088,0.2211582476601228,0.91,0.029,-0.2564762308638109,-0.24747796643056574,0.4274280280244843,0.17879455533243532,-0.4601439345305778
0.42842842842842843,0.2142066782503826,0.22090992672158216,0.91,0.029,-0.25711573061234105,-0.24827651727005673,0.42842902797549043,0.1783335771428614,-0.4615361534442428
0.4294294294294294,0.21394911330072874,0.220661197575498,0.91,0.029,-0.2576382843686815,-0.2486779404509747,0.4294300279264966,0.17787055999846482,-0.46268500692413284
0.43043043043043044,0.21369088588928414,0.22041207298694562,0.91,0.029,-0.2582345311982266,-0.2493184198807512,0.43043102787750276,0.17740728180433674,-0.4630894841397861
0.4314314314314314,0.2134321272522838,0.22016206159976073,0.91,0.029,-0.25876334586763505,-0.2502973824872612,0.43143202782850887,0.17694345489659408,-0.4627484016448591
0.43243243243243246,0.21317284115281243,0.2199109771261103,0.91,0.029,-0.2594378688866783,-0.25096807806635013,0.43243302777951503,0.17648085954958737,-0.4614969399157758
0.43343343343343343,0.2129127321193775,0.21965962300503325,0.91,0.029,-0.2600757526638091,-0.251297600355457,0.4334340277305212,0.1760195380681037,-0.46138877292881375
0.4344344344344344,0.2126521689753073,0.2194078788271004,0.91,0.029,-0.2606691567575723,-0.2522753735696597,0.4344350276815273,0.17555715927139431,-0.46177983214509766
0.43543543543543545,0.2123908719456887,0.21915456720209103,0.91,0.029,-0.2611296005027981,-0.2532689254864948,0.4354360276325335,0.17509505488939794,-0.4609615811745158
0.4364364364364364,0.21212938699231867,0.2189008339312315,0.91,0.029,-0.26195014178520637,-0.2535470700167508,0.43643702758353964,0.1746343142310515,-0.45969788025558955
0.43743743743743746,0.21186644723741005,0.2186469654603158,0.91,0.029,-0.2627588606119957,-0.2542473946684254,0.43743802753454575,0.17417473977817102,-0.4583767681374269
0.43843843843843844,0.21160334322732965,0.21839183013810148,0.91,0.029,-0.26317729789217026,-0.25550047458732195,0.4384390274855519,0.17371664398615566,-0.45699689394015763
0.4394394394394394,0.21133956576014848,0.21813545299867954,0.91,0.029,-0.2637793993860953,-0.2561207622825492,0.4394400274365581,0.1732598320412829,-0.4556975718696634
0.44044044044044045,0.21107525634167182,0.2178790758592576,0.91,0.029,-0.2646723698937876,-0.25638399954374336,0.4404410273875642,0.17280433749192536,-0.4546294986834596
0.44144144144144143,0.21080969114574646,0.2176221717183116,0.91,0.029,-0.2654442369861414,-0.25771492528845386,0.44144202733857035,0.1723496638294667,-0.453604952447634
0.44244244244244246,0.2105438364478057,0.21736313006288435,0.91,0.029,-0.26574294787124586,-0.2589233504471764,0.4424430272895765,0.1718962204215729,-0.4519388767121768
0.44344344344344344,0.2102776732320903,0.21710380665235124,0.91,0.029,-0.26659369315633796,-0.2590668505123972,0.44344402724058263,0.17144488224257337,-0.45002749570204514
0.4444444444444444,0.2100101153403856,0.21684447770950618,0.91,0.029,-0.26762618233253477,-0.26002811520230296,0.4444450271915888,0.1709952654192746,-0.44885816152063285
0.44544544544544545,0.2097418850792724,0.21658322984513947,0.91,0.029,-0.268142771448467,-0.26139196305921075,0.44544602714259496,0.17054626824719163,-0.44810110733470765
0.44644644644644643,0.20947329297512338,0.21632117047615435,0.91,0.029,-0.2684504886085648,-0.26191252260737485,0.44644702709360107,0.17009816704629893,-0.4465281057519661
0.44744744744744747,0.2092044466636397,0.21605888045053018,0.91,0.029,-0.2696550880906301,-0.2624838243619081,0.44744802704460723,0.16965231902323047,-0.4444179526808085
0.44844844844844844,0.2089334429489159,0.21579567733428862,0.91,0.029,-0.27076500841218376,-0.2637525036265771,0.4484490269956134,0.16920844234857943,-0.4413243474128876
0.4494494494494494,0.20866237457472642,0.21553084741023673,0.91,0.029,-0.2708693515979519,-0.2647175194037743,0.4494500269466195,0.16876878772295426,-0.43707100024620615
0.45045045045045046,0.20839116196473584,0.21526571233047728,0.91,0.029,-0.27165381867074245,-0.26515160682680516,0.4504510268976257,0.1683334262489141,-0.43284231996487676
0.45145145145145144,0.20811852308589607,0.21500001336253538,0.91,0.029,-0.2729883511936322,-0.2662692114327001,0.4514520268486318,0.16790223744079782,-0.42946981945634377
0.45245245245245247,0.20784463873912298,0.21473264083611757,0.91,0.029,-0.2736104624262907,-0.2673969747509375,0.45245302679963795,0.16747362771244526,-0.42711470255117945
0.45345345345345345,0.2075707543923499,0.2144646840837547,0.91,0.029,-0.2736372949494523,-0.26789992391695705,0.4534540267506441,0.16704715384814234,-0.4248289590780274
0.4544544544544544,0.20729681632681177,0.21419630465209966,0.91,0.029,-0.2752073509816739,-0.2689694661075208,0.4544550267016502,0.16662312017799907,-0.4223613364016927
0.45545545545545546,0.20701978872471896,0.21392620667413004,0.91,0.029,-0.2767520041954583,-0.2701454248143449,0.4554560266526564,0.16620158649405237,-0.41997790277430624
0.45645645645645644,0.20674275826035435,0.21365547297078963,0.91,0.029,-0.2767571346818869,-0.27087669520815894,0.45645702660366255,0.1657823244577976,-0.4177757072517352
0.4574574574574575,0.20646572038701752,0.21338391098802764,0.91,0.029,-0.2775457903990457,-0.27184090598966293,0.45745802655466866,0.16536519956907128,-0.4159593312613623
0.45845845845845845,0.2061871110323282,0.21311124693277225,0.91,0.029,-0.2789985733669482,-0.2729086581831268,0.4584590265056748,0.16494957391737125,-0.41473575581338196
0.45945945945945943,0.2059071646845812,0.21283754730798135,0.91,0.029,-0.27977070863497033,-0.27389112198333976,0.459460026456681,0.1645348986265719,-0.41343501601735966
0.46046046046046046,0.20562700951353952,0.21256291635823105,0.91,0.029,-0.2800344003025117,-0.2747925406272316,0.4604610264076871,0.16412187705581605,-0.4116854797087228
0.46146146146146144,0.2053465352545461,0.2122874120915104,0.91,0.029,-0.28140492891087376,-0.27580458808722597,0.46146202635869327,0.16371070433653515,-0.4101554234754161
0.4624624624624625,0.20506363628248672,0.21201075502071912,0.91,0.029,-0.2827166744326206,-0.27693459637775675,0.46246302630969943,0.16330074593820845,-0.4091278543981218
0.46346346346346345,0.2047805359063326,0.2117329884751385,0.91,0.029,-0.2829688465600526,-0.2778831701324975,0.46346402626070554,0.16289163041211963,-0.4080219676780956
0.46446446446446443,0.20449713208516931,0.2114544323577912,0.91,0.029,-0.28400369295950156,-0.27885179678980876,0.4644650262117117,0.16248388599889804,-0.4066963417749605
0.46546546546546547,0.20421195994445174,0.2111747266197035,0.91,0.029,-0.2852721212357494,-0.2800401301781079,0.46546602616271787,0.16207742437573738,-0.4048594161517798
0.46646646646646645,0.20392601672733995,0.2108937914565337,0.91,0.029,-0.2860384031660175,-0.28104834669798606,0.466467026113724,0.16167335748743344,-0.40273180191738334
0.4674674674674675,0.20363931048866396,0.2106120672669548,0.91,0.029,-0.28681190661022526,-0.2820654854169078,0.46746802606473015,0.16127115534776157,-0.40065781578339
0.46846846846846846,0.20335181871610825,0.21032909579003334,0.91,0.029,-0.287981059942382,-0.2832563255782503,0.4684690260157363,0.16087124057949462,-0.3984310262543005
0.4694694694694695,0.20306277183012067,0.21004498753606746,0.91,0.029,-0.28911204687049974,-0.28438572242106375,0.4694700259667424,0.16047349647224182,-0.3965780395950276
0.47047047047047047,0.20277301581947058,0.20975975500440555,0.91,0.029,-0.2896511905102841,-0.28540004501246585,0.4704710259177486,0.16007729138308513,-0.39458180988278
0.47147147147147145,0.20248288956683683,0.20947361607458104,0.91,0.029,-0.29089367605342886,-0.28647122648816037,0.47147202586875475,0.15968354372752067,-0.3930528864133578
0.4724724724724725,0.20219064609764192,0.20918623903546033,0.91,0.029,-0.2921962428116558,-0.28781230312026196,0.47247302581976086,0.15929039954299998,-0.3921176585724737
0.47347347347347346,0.20189791210375038,0.20889741526753344,0.91,0.029,-0.2928740000432839,-0.2888395025843522,0.473474025770767,0.15889852421348127,-0.39105314660072565
0.4744744744744745,0.20160431176322097,0.20860798177302922,0.91,0.029,-0.2939978527947744,-0.28981634629728603,0.4744750257217732,0.1585075111818237,-0.39032785059644937
0.4754754754754755,0.2013093278138709,0.20831720236203333,0.91,0.029,-0.2950323634611607,-0.2913230247255001,0.4754760256727793,0.15811708789483456,-0.3891419071806155
0.47647647647647645,0.20101365638091634,0.20802475249429953,0.91,0.029,-0.2961322138390159,-0.2923699625752221,0.47647702562378547,0.15772844912177925,-0.3864866564116767
0.4774774774774775,0.20071647052890793,0.20773187711163252,0.91,0.029,-0.29728498315537877,-0.2933494171291784,0.47747802557479163,0.1573433416465693,-0.38403638418614605
0.47847847847847846,0.20041849124947408,0.20743746637392074,0.91,0.029,-0.2981262977466912,-0.29502687218780466,0.47847902552579774,0.15695960831826944,-0.3822739398316486
0.4794794794794795,0.20011962108396963,0.20714123272286816,0.91,0.029,-0.2994252717664949,-0.29606659188259243,0.4794800254768039,0.15657802925648448,-0.37992595937723195
0.4804804804804805,0.19981904125594752,0.20684474046424586,0.91,0.029,-0.3006043620090395,-0.2970785615011948,0.48048102542781007,0.15619899658482428,-0.3779568609890731
0.48148148148148145,0.199517810549417,0.20654648084799093,0.91,0.029,-0.30146095549308427,-0.29892146232123196,0.4814820253788162,0.1558213596578195,-0.37565609327100447
0.4824824824824825,0.19921551581952496,0.20624629909823744,0.91,0.029,-0.3027642911187911,-0.2998858468205867,0.48248302532982235,0.15544693312290542,-0.37329983485862783
0.48348348348348347,0.19891167583246244,0.20594610878228403,0.91,0.029,-0.3039732447713277,-0.30094484316322223,0.4834840252808285,0.15507401342501131,-0.37174851325796965
0.4844844844844845,0.19860696077493775,0.20564380691973252,0.91,0.029,-0.3049469039659414,-0.3028539174296867,0.4844850252318346,0.15470269263578978,-0.3698736827436875
0.4854854854854855,0.19830117152021828,0.20533979463327562,0.91,0.029,-0.30616145033582143,-0.30370827417046087,0.4854860251828408,0.15433352634840153,-0.3681366990643511
0.48648648648648646,0.19799402493842963,0.2050357823468187,0.91,0.029,-0.307490910203839,-0.30490708971483116,0.48648702513384695,0.1539656830003358,-0.36658150123888333
0.4874874874874875,0.1976855741023928,0.20472937002924196,0.91,0.029,-0.30856847318740677,-0.3067335842597174,0.48748802508485306,0.15359963021884177,-0.364964858388916
0.48848848848848847,0.1973762702373537,0.20442170109704946,0.91,0.029,-0.3096067845882402,-0.3074700585254675,0.4884890250358592,0.15323502338960326,-0.3636695492421751
0.4894894894894895,0.19706574069981378,0.20411381435651832,0.91,0.029,-0.31113331822798784,-0.3089391026813786,0.4894900249868654,0.15287156381689407,-0.36176429037651303
0.4904904904904905,0.19675338071137172,0.20380320439498462,0.91,0.029,-0.3123159409099827,-0.310717937690967,0.4904910249378715,0.15251077131571797,-0.35931011799085866
0.49149149149149146,0.19644048356085486,0.20349175642320308,0.91,0.029,-0.313171110140928,-0.3113939361391971,0.49149202488887767,0.15215222499588435,-0.3571756730228799
0.4924924924924925,0.1961264115219004,0.2031797931114227,0.91,0.029,-0.3149509605840848,-0.31301157701567206,0.49249302483988383,0.15179570565332498,-0.35518927654577226
0.4934934934934935,0.19580995110723304,0.20286510661936788,0.91,0.029,-0.31627439321162854,-0.3147208899583944,0.49349402479088994,0.15144113609904392,-0.352878908416713
0.4944944944944945,0.19549322955350878,0.20254972125965418,0.91,0.029,-0.3169627342528827,-0.3155544983334835,0.4944950247418961,0.1510892421132525,-0.3503767156282578
0.4954954954954955,0.19517539107869872,0.20223336588196347,0.91,0.029,-0.3189394112079924,-0.31709853541413224,0.49549602469290227,0.15073968194868875,-0.3480714452556697
0.4964964964964965,0.19485471221375306,0.20191488935692323,0.91,0.029,-0.3203626936722088,-0.3186715070756918,0.4964970246439084,0.1503924031139574,-0.3455308483168551
0.4974974974974975,0.19453402432460018,0.2015953848868169,0.91,0.029,-0.32091065090988025,-0.31986162555178055,0.49749802459491455,0.1500479292242162,-0.342593065668126
0.4984984984984985,0.19421224844816773,0.20127452574220497,0.91,0.029,-0.3229508399425498,-0.32129036222727336,0.4984990245459207,0.1497065318300597,-0.3399591400158357
0.4994994994994995,0.193887476096487,0.20095216093841395,0.91,0.029,-0.3244475793290462,-0.32265500320238516,0.4995000244969268,0.14936733105921635,-0.3377794530704108
0.5005005005005005,0.19356270374480625,0.2006285697798378,0.91,0.029,-0.3250219825495293,-0.3241129827273568,0.500501024447933,0.14903029739811097,-0.3345103786332402
0.5015015015015015,0.19323678143672815,0.20030328609811893,0.91,0.029,-0.32693558738047557,-0.32559024678951687,0.5015020243989391,0.1486976413139705,-0.331200641143198
0.5025025025025025,0.19290817804434485,0.1999767374539329,0.91,0.029,-0.32840318377390076,-0.326898907127088,0.5025030243499453,0.14836723374699587,-0.328953905653961
0.5035035035035035,0.19257931760534897,0.19964883383159823,0.91,0.029,-0.3292125388739606,-0.3282890782900978,0.5035040243009514,0.1480390756270847,-0.32555064431059577
0.5045045045045045,0.19224909388243502,0.19931950206196075,0.91,0.029,-0.3310077170854271,-0.32982060499891475,0.5045050242519575,0.14771548138898605,-0.3220798556916691
0.5055055055055055,0.19191663949306584,0.1989885323200889,0.91,0.029,-0.332413465426157,-0.331258361709331,0.5055060242029638,0.14739427178754985,-0.31998897627008205
0.5065065065065065,0.19158360145915937,0.19865632215863874,0.91,0.029,-0.3335007442680933,-0.3325465239959158,0.5065070241539699,0.14707486348984833,-0.31817750732855643
0.5075075075075075,0.191248970335372,0.19832277351329028,0.91,0.029,-0.3351665200999321,-0.33409717148860807,0.507508024104976,0.1467572804490556,-0.3153491715245025
0.5085085085085085,0.19091259741491529,0.19798745895245537,0.91,0.029,-0.3364955658932587,-0.33550761607048685,0.5085090240559822,0.1464435344793566,-0.3119579876416907
0.5095095095095095,0.1905753055387889,0.19765108659423025,0.91,0.029,-0.3378572501792547,-0.3368627196030616,0.5095100240069883,0.14613274058836498,-0.30888868919882384
0.5105105105105106,0.19023620652366552,0.1973130591134102,0.91,0.029,-0.33945136675937704,-0.33847702064569773,0.5105110239579944,0.14582513935384786,-0.3060983780516153
0.5115115115115115,0.18989572322295428,0.19697345492126583,0.91,0.029,-0.34065786789329877,-0.3397338431138053,0.5115120239090006,0.1455199316654995,-0.3034788259381571
0.5125125125125125,0.1895542087901454,0.19663291127934857,0.91,0.029,-0.3422049027385583,-0.34140626693782394,0.5125130238600067,0.14521757477405686,-0.30064269435342794
0.5135135135135135,0.1892106283225768,0.19628995889136028,0.91,0.029,-0.34382616944326116,-0.34304570818564173,0.5135140238110129,0.14491804502086325,-0.2984499742865836
0.5145145145145145,0.18886586811057934,0.19594613308478273,0.91,0.029,-0.34490724737689504,-0.34417875000983145,0.5145150237620191,0.14462007795477952,-0.2960266175429922
0.5155155155155156,0.18852012332282322,0.19560091234479404,0.91,0.029,-0.3465395435935079,-0.3458693545085225,0.5155160237130252,0.14432539976154915,-0.29321574906548165
0.5165165165165165,0.18817209525053225,0.1952537019446255,0.91,0.029,-0.3482772729374375,-0.3469999922409812,0.5165170236640313,0.144033060053882,-0.2913290160249318
0.5175175175175175,0.1878228715251507,0.19490621766563293,0.91,0.029,-0.34948099509878716,-0.34856463831643225,0.5175180236150375,0.1437421591000139,-0.28953099981488606
0.5185185185185185,0.18747243359868282,0.1945558748408889,0.91,0.029,-0.3508320755744023,-0.3502459244855771,0.5185190235660436,0.14345341902062309,-0.28804132003500627
0.5195195195195195,0.18712050500748426,0.1942050246236198,0.91,0.029,-0.35255610113947,-0.35115372518963284,0.5195200235170497,0.14316550040552833,-0.2867487658957799
0.5205205205205206,0.1867666155783836,0.19385286438004878,0.91,0.029,-0.35409606376308034,-0.3528998790717566,0.520521023468056,0.14287934801939758,-0.2854006888519507
0.5215215215215215,0.1864116039789295,0.19349851835921184,0.91,0.029,-0.3552542907283396,-0.3541609865492319,0.5215220234190621,0.14259412825441248,-0.28463977964680964
0.5225225225225225,0.18605539577712568,0.19314383337594623,0.91,0.029,-0.3569292707708911,-0.35545073361886637,0.5225230233700682,0.14230949920843589,-0.2835286279887157
0.5235235235235235,0.18569703086427308,0.1927869052788938,0.91,0.029,-0.3585353328335543,-0.35698046709821085,0.5235240233210744,0.14202650396896135,-0.2825977394426218
0.5245245245245245,0.18533760732300447,0.19242915776614,0.91,0.029,-0.359864500293682,-0.35804353546733125,0.5245250232720805,0.14174373856176284,-0.28232454271064
0.5255255255255256,0.18497658141423567,0.19207010140408434,0.91,0.029,-0.3614930866049946,-0.3595525827708457,0.5255260232230866,0.141461290262119,-0.28217283759299505
0.5265265265265265,0.18461389743991133,0.19170933277560773,0.91,0.029,-0.36276016592158555,-0.36063834434855835,0.5265270231740928,0.14117882856855113,-0.28218589042171516
0.5275275275275275,0.1842503348358141,0.19134810271669986,0.91,0.029,-0.3645620042398008,-0.36201897678678563,0.5275280231250989,0.1408963541371455,-0.28206887742243225
0.5285285285285285,0.18388404357756938,0.19098457005931788,0.91,0.029,-0.36638523501480336,-0.3634872742448323,0.528529023076105,0.14061412670359072,-0.2818800739877645
0.5295295295295295,0.1835168308618105,0.19062040046595946,0.91,0.029,-0.36733445292645683,-0.36450305425847773,0.5295300230271113,0.14033203025664276,-0.2814934699605942
0.5305305305305306,0.1831486392674063,0.19025483421495656,0.91,0.029,-0.3691673523506296,-0.36581147344006126,0.5305310229781174,0.14005057680431252,-0.2810252634296262
0.5315315315315315,0.18277775708333072,0.1898880451637771,0.91,0.029,-0.3706598703483053,-0.3669020484437482,0.5315320229291235,0.13976941770679369,-0.28064808796547425
0.5325325325325325,0.1824065774649072,0.18952029557943356,0.91,0.029,-0.37190010785185734,-0.3680638558691527,0.5325330228801297,0.13948871935970567,-0.28016611392362734
0.5335335335335335,0.18203321232286654,0.18915118058746253,0.91,0.029,-0.3737079435903041,-0.36921038725085964,0.5335340228311358,0.13920852517417143,-0.27979255336200026
0.5345345345345345,0.1816584134136754,0.18878113564499743,0.91,0.029,-0.37449622793819515,-0.370324542648774,0.5345350227821419,0.13892857469529118,-0.27935385780494926
0.5355355355355356,0.18128347012479207,0.1884097901116892,0.91,0.029,-0.3763892255707191,-0.3714819532245315,0.5355360227331482,0.13864925877821915,-0.278863590883077
0.5365365365365365,0.18090488143055078,0.18803742803093426,0.91,0.029,-0.378210105547069,-0.37246793884921203,0.5365370226841543,0.13837028981366847,-0.27815990586182693
0.5375375375375375,0.18052629273630946,0.18766410855243154,0.91,0.029,-0.3790457123853628,-0.3734592429487549,0.5375380226351604,0.13809238267394003,-0.2774001600297993
0.5385385385385385,0.18014603115550504,0.18728976187888471,0.91,0.029,-0.38078633634084724,-0.37447401002215486,0.5385390225861666,0.1378149347204706,-0.27693826505809227
0.5395395395395395,0.1797639577286201,0.1869144108346695,0.91,0.029,-0.38178791173842797,-0.3753860655983061,0.5395400225371727,0.13753795229443028,-0.2764802794833088
0.5405405405405406,0.17938169099186452,0.18653823822403323,0.91,0.029,-0.3833469794751778,-0.37637068174753097,0.5405410224881788,0.13726142122803672,-0.2761798018698727
0.5415415415415415,0.17899649630824935,0.18616091597631604,0.91,0.029,-0.3850425118160672,-0.37728663620509906,0.541542022439185,0.136985040358149,-0.27591367522954613
0.5425425425425425,0.1786108351123529,0.18578290962302205,0.91,0.029,-0.385965037786292,-0.37812072484861403,0.5425430223901911,0.1367090420772633,-0.27558275983363956
0.5435435435435435,0.17822379352989845,0.18540391752817068,0.91,0.029,-0.38743830567034365,-0.3789431392668803,0.5435440223411973,0.1364333236999658,-0.27506591225926513
0.5445445445445445,0.1778351828487486,0.18502426469956484,0.91,0.029,-0.38851084332284813,-0.37960614413512417,0.5445450222922035,0.1361583601478733,-0.2744940197127761
0.5455455455455456,0.1774459940437666,0.1846439452676399,0.91,0.029,-0.3899153107354323,-0.3803484009530962,0.5455460222432096,0.13588378669939788,-0.27411860007372013
0.5465465465465466,0.17705457161604501,0.18426280643939846,0.91,0.029,-0.39140439987765774,-0.3809234685440259,0.5465470221942157,0.135609574737386,-0.2733415977809983
0.5475475475475475,0.17666240165161917,0.1838813357210052,0.91,0.029,-0.39239539880036034,-0.3815610221050747,0.5475480221452219,0.13533655684742443,-0.2725596543926372
0.5485485485485485,0.17626899524207032,0.18349892050925817,0.91,0.029,-0.3936286217450089,-0.382121135409335,0.548549022096228,0.13506391033599943,-0.27178438945657035
0.5495495495495496,0.17587435636284038,0.18311632844290843,0.91,0.029,-0.39470587098719534,-0.38259488585552504,0.5495500220472341,0.13479244452636394,-0.2711397054795839
0.5505505505505506,0.17547879329815197,0.18273296478181966,0.91,0.029,-0.39586422249749376,-0.383107080877366,0.5505510219982404,0.13452108867219764,-0.2709001199336143
0.5515515515515516,0.17508183539687944,0.18234934730001082,0.91,0.029,-0.3971197502388577,-0.38342637296911164,0.5515520219492465,0.13425010251280173,-0.2704709542261128
0.5525525525525525,0.17468375876313927,0.18196534441551515,0.91,0.029,-0.3981634923702444,-0.3838302398736033,0.5525530219002526,0.13397960584833982,-0.2699217128411533
0.5535535535535535,0.17428471128803014,0.18158091839135498,0.91,0.029,-0.39916624679703716,-0.3840886151100449,0.5535540218512588,0.13370971927014272,-0.2697128436730054
0.5545545545545546,0.17388462713791997,0.18119639823911862,0.91,0.029,-0.4001766831832896,-0.3843329117729013,0.5545550218022649,0.13343964076173503,-0.2698579361727269
0.5555555555555556,0.17348355676714264,0.18081148313255033,0.91,0.029,-0.4010771230165915,-0.3845507301857509,0.555556021753271,0.13316946370836769,-0.2691872929882919
0.5565565565565566,0.17308166993468357,0.18042652690741542,0.91,0.029,-0.40217903782031783,-0.3846427756096489,0.5565570217042772,0.1329007278275495,-0.2683101639597112
0.5575575575575575,0.17267839352826317,0.18004142752572422,0.91,0.029,-0.40316390890438925,-0.38473706481683223,0.5575580216552833,0.1326323067864114,-0.2675331341503977
0.5585585585585585,0.17227453498192205,0.17965628253340776,0.91,0.029,-0.40397926594674516,-0.38473926020121496,0.5585590216062895,0.13236512651919538,-0.2668780257118186
0.5595595595595596,0.17186962622907048,0.1792711787565526,0.91,0.029,-0.4048366120067186,-0.38469763861067463,0.5595600215572957,0.1320980170050871,-0.26675286107936813
0.5605605605605606,0.17146405127420086,0.17888611709074373,0.91,0.029,-0.4054836316759207,-0.3846170977620744,0.5605610215083018,0.131831087317453,-0.26681624897824463
0.5615615615615616,0.17105784718667627,0.17850117455682873,0.91,0.029,-0.406278319070708,-0.3844483641529308,0.5615620214593079,0.1315638509007774,-0.2671366595382665
0.5625625625625625,0.17065068126605132,0.17811645069604318,0.91,0.029,-0.40686780919482146,-0.38425009563076173,0.5625630214103141,0.13129627975123345,-0.26740094007938353
0.5635635635635635,0.17024329701811808,0.1777319050961065,0.91,0.029,-0.4075576505839109,-0.38397620729548976,0.5635640213613202,0.13102851424494047,-0.26754406214720916
0.5645645645645646,0.16983475003365112,0.17734772956031647,0.91,0.029,-0.40821638391801685,-0.3836605476255244,0.5645650213123263,0.1307606565650308,-0.26775796971347177
0.5655655655655656,0.16942604700026415,0.17696381591167099,0.91,0.029,-0.4086210845189555,-0.3832831467814941,0.5655660212633326,0.13049246281581106,-0.2678932044039328
0.5665665665665666,0.16901668980438397,0.1765803959331263,0.91,0.029,-0.40917443132860853,-0.38280229511366315,0.5665670212143387,0.13022433439606435,-0.2672637528691979
0.5675675675675675,0.16860687896957624,0.17619744495048248,0.91,0.029,-0.40950520008156843,-0.3823039169965483,0.5675680211653448,0.1299574008087555,-0.2664966418811048
0.5685685685685685,0.16819685957399044,0.17581502272592603,0.91,0.029,-0.4099387842537823,-0.3817285406231008,0.568569021116351,0.12969080814513176,-0.26589027575381863
0.5695695695695696,0.1677861807028019,0.17543322364793373,0.91,0.029,-0.4102681923173179,-0.3810829752183764,0.5695700210673571,0.12942508850275034,-0.265012081336792
0.5705705705705706,0.16737550183161337,0.1750520938466099,0.91,0.029,-0.4104982422253016,-0.380426560529429,0.5705710210183632,0.12916025398426345,-0.2640682632315645
0.5715715715715716,0.16696436240004855,0.1746716089121391,0.91,0.029,-0.4107694412989247,-0.3796912317334602,0.5715720209693694,0.12889642386563618,-0.26278811234460875
0.5725725725725725,0.1665531405877717,0.17429195124053692,0.91,0.029,-0.4108680261933131,-0.3789569579006127,0.5725730209203755,0.12863415220909954,-0.26157755933652993
0.5735735735735735,0.16614180378905097,0.1739129363237495,0.91,0.029,-0.41097506281418816,-0.3780722459113406,0.5735740208713817,0.12837274561747586,-0.2592705822213901
0.5745745745745746,0.1657303676892448,0.17353504984732102,0.91,0.029,-0.4110253820781793,-0.37716600978448866,0.5745750208223879,0.12811509252889763,-0.25692918109455576
0.5755755755755756,0.1653189301512568,0.1731578492170738,0.91,0.029,-0.41099107183745787,-0.3763271083026467,0.575576020773394,0.12785837342210046,-0.2538968775952739
0.5765765765765766,0.16490756274062127,0.17278164222309153,0.91,0.029,-0.4109445827515259,-0.3752651834953582,0.5765770207244001,0.1276067910048307,-0.251081346023426
0.5775775775775776,0.1644962182738764,0.17240656756843445,0.91,0.029,-0.41079559464739646,-0.3743530956259775,0.5775780206754063,0.12735570859196443,-0.24529587989749757
0.5785785785785785,0.1640851491377236,0.17203218657619268,0.91,0.029,-0.4105911895976817,-0.37319961943740054,0.5785790206264124,0.12711570867731187,-0.2397617205940179
0.5795795795795796,0.16367421389029746,0.17165942118317437,0.91,0.029,-0.4103743283135799,-0.37218265325735445,0.5795800205774185,0.12687570565082892,-0.24184367048501088
0.5805805805805806,0.1632635789108695,0.171287076159261,0.91,0.029,-0.41005415414865354,-0.37098656828023024,0.5805810205284248,0.12663153767269858,-0.2440532650503897
0.5815815815815816,0.16285328465276264,0.17091670533076153,0.91,0.029,-0.40973280454315386,-0.3696417181778173,0.5815820204794309,0.12638711103811226,-0.2486070689827784
0.5825825825825826,0.16244329301588825,0.17054705269944556,0.91,0.029,-0.4093090372575432,-0.3686979449419425,0.582583020430437,0.1261338263449555,-0.2530742272269748
0.5835835835835835,0.16203384714073554,0.17017857130685377,0.91,0.029,-0.40877601091078475,-0.3671371691665257,0.5835840203814432,0.125880456460002,-0.2534093185229125
0.5845845845845846,0.16162492262367445,0.16981204335176484,0.91,0.029,-0.40820721740155363,-0.3659468701290649,0.5845850203324493,0.12562650091410363,-0.2537509182461122
0.5855855855855856,0.16121661547426594,0.16944594494022897,0.91,0.029,-0.4075717994200545,-0.3645834066847442,0.5855860202834554,0.12537244714653778,-0.2539636460823331
0.5865865865865866,0.16080896306527595,0.16908214664168528,0.91,0.029,-0.4069275463440505,-0.3631189033767157,0.5865870202344616,0.1251180657195321,-0.2538044627184206
0.5875875875875876,0.16040194571181543,0.168718980168704,0.91,0.029,-0.4062574783671238,-0.36188565359074687,0.5875880201854677,0.12486433063704522,-0.2528477240404001
0.5885885885885885,0.15999563478025672,0.1683576508387008,0.91,0.029,-0.4054737722050845,-0.360195766989321,0.5885890201364739,0.1246118646007792,-0.2515445281704416
0.5895895895895896,0.15959018640810158,0.1679978675220787,0.91,0.029,-0.40471581313948946,-0.35907346645851135,0.5895900200874801,0.12436073851629625,-0.24998764272110208
0.5905905905905906,0.15918539291210954,0.16763878503998503,0.91,0.029,-0.4037357191235458,-0.35737096520745126,0.5905910200384862,0.12411138936454726,-0.24777178225273389
0.5915915915915916,0.15878190669013653,0.16728241013427603,0.91,0.029,-0.40278558684195787,-0.3556959096808612,0.5915920199894923,0.12386469943250487,-0.24510727689683875
0.5925925925925926,0.15837901536087443,0.16692668111670003,0.91,0.029,-0.4019241885345508,-0.35433571011989784,0.5925930199404985,0.12362068462021727,-0.24186322874736277
0.5935935935935935,0.15797725366003737,0.1665730293332352,0.91,0.029,-0.4008231956890711,-0.3525544321539229,0.5935940198915046,0.12338048927225227,-0.23822856224570899
0.5945945945945946,0.15757656652065602,0.1662208664377132,0.91,0.029,-0.4000003664115468,-0.351134816553639,0.5945950198425107,0.12314375106194485,-0.2351360634905646
0.5955955955955956,0.15717645212567988,0.16587005672752217,0.91,0.029,-0.3986747323073274,-0.34937590001131014,0.595596019793517,0.1229097468961846,-0.23235253652801902
0.5965965965965966,0.15677841890842914,0.1655214151864393,0.91,0.029,-0.39749966141788207,-0.3476045725334558,0.5965970197445231,0.12267858130658345,-0.22914930233717
0.5975975975975976,0.15638065700772616,0.16517415167740515,0.91,0.029,-0.3964002793418331,-0.34595908167494827,0.5975980196955292,0.12245099001535942,-0.22476595146261502
0.5985985985985985,0.15598482475559267,0.16482880441231532,0.91,0.029,-0.39497173554468645,-0.34419925614706415,0.5985990196465354,0.1222285998937796,-0.2199782328734443
0.5995995995995996,0.1555899228024315,0.16448506407751112,0.91,0.029,-0.39409147793681143,-0.3426884957435874,0.5996000195975415,0.12201059361470194,-0.2109216453647349
0.6006006006006006,0.15519585282779122,0.16414274135777354,0.91,0.029,-0.3924205243609862,-0.34098057881605826,0.6006010195485476,0.12180633478042714,-0.2040547894827469
0.6016016016016016,0.15480429612703414,0.16380242027607758,0.91,0.029,-0.3911651440563304,-0.3390303626593152,0.6016020194995538,0.12160207594615233,-0.1987233829497299
0.6026026026026026,0.1544127394262771,0.16346400189299015,0.91,0.029,-0.38982312290588084,-0.33736388928214467,0.6026030194505599,0.12140849058723421,-0.19269262300522882
0.6036036036036035,0.1540238694545499,0.16312701709433156,0.91,0.029,-0.3880487479875825,-0.33588744759981637,0.603604019401566,0.12121630533377739,-0.18931173473043827
0.6046046046046046,0.15363586505593158,0.16279155455044797,0.91,0.029,-0.3870674305662618,-0.3340175278407713,0.6046050193525723,0.1210294885128541,-0.1822208792262927
0.6056056056056056,0.15324895968364644,0.16245831333489053,0.91,0.029,-0.385319410874402,-0.33224847216254716,0.6056060193035784,0.12085149915142175,-0.1778115585854465
0.6066066066066066,0.1528644548239508,0.16212639244401647,0.91,0.029,-0.3838781437025176,-0.33055749485401975,0.6066070192545845,0.1206735097899894,-0.181290688968069
0.6076076076076076,0.1524804348714292,0.16179653656841603,0.91,0.029,-0.38234284057621437,-0.3286842930780125,0.6076080192055907,0.12048855520987192,-0.18646457826698537
0.6086086086086087,0.15209900369166607,0.16146836583124766,0.91,0.029,-0.3804846656170895,-0.3272545955685189,0.6086090191565968,0.12030020772257013,-0.18901224774938186
0.6096096096096096,0.1517187038091327,0.16114137221292346,0.91,0.029,-0.3793116537943604,-0.3253191495737866,0.6096100191076029,0.12011015270839855,-0.19639592720670151
0.6106106106106106,0.1513396210013871,0.16081707624251135,0.91,0.029,-0.3775374123993771,-0.3234030559326442,0.6106110190586092,0.1199070230955467,-0.20292669609789726
0.6116116116116116,0.1509628731536785,0.16049391864749277,0.91,0.029,-0.3757650579973131,-0.322118137238931,0.6116120190096153,0.11970389348269488,-0.2035692250850616
0.6126126126126126,0.1505873386029941,0.16017219508687788,0.91,0.029,-0.37406505068207707,-0.32001148737245444,0.6126130189606214,0.1194994775268737,-0.20443207590611223
0.6136136136136137,0.150213994173334,0.15985325500910946,0.91,0.029,-0.3721527551075212,-0.31831569121828807,0.6136140189116276,0.11929462048676266,-0.20472787347703303
0.6146146146146146,0.14984228804221825,0.15953492643579018,0.91,0.029,-0.3706789593874191,-0.31694479353529914,0.6146150188626337,0.11908961234423349,-0.2049195357637288
0.6156156156156156,0.14947189415454037,0.15921873089792768,0.91,0.029,-0.368828141956854,-0.3146656250731752,0.6156160188136398,0.1188843715962433,-0.2048610358394214
0.6166166166166166,0.14910389336362598,0.15890496522443248,0.91,0.029,-0.3668157609609466,-0.31334877627719493,0.616617018764646,0.11867948057055681,-0.20117003778005937
0.6176176176176176,0.1487375282667307,0.15859140602049587,0.91,0.029,-0.365217101093279,-0.3117329239795623,0.6176180187156521,0.11848162920031981,-0.1976537261946376
0.6186186186186187,0.14837272799607187,0.15828087528653542,0.91,0.029,-0.3636222415597814,-0.30933076600726395,0.6186190186666582,0.1182837778300828,-0.19247821703049794
0.6196196196196196,0.14800955581115552,0.15797212520766848,0.91,0.029,-0.3617594521131622,-0.30830713343058846,0.6196200186176645,0.11809628782868525,-0.1840383794779683
0.6206206206206206,0.1476484848486982,0.15766364378817588,0.91,0.029,-0.35986095177271693,-0.30651307096381686,0.6206210185686706,0.11791533301240141,-0.18077405108957834
0.6216216216216216,0.14728911346526422,0.15735848542595915,0.91,0.029,-0.3581231208954847,-0.30421817969978804,0.6216220185196767,0.11773437819611757,-0.18039079214460685
0.6226226226226226,0.14693152164370224,0.15705459838337152,0.91,0.029,-0.3563622706147953,-0.3033077628371359,0.6226230184706829,0.11755419066420399,-0.17998814018917386
0.6236236236236237,0.1465756754860554,0.15675126267753645,0.91,0.029,-0.3547413969967863,-0.301409600266183,0.623624018421689,0.11737404195709546,-0.18002996666353255
0.6246246246246246,0.14622132865672166,0.15645117576021597,0.91,0.029,-0.35268938243247305,-0.29927650793581506,0.6246250183726951,0.11719377068858433,-0.1802497529898588
0.6256256256256256,0.14586959063634075,0.1561521105094968,0.91,0.029,-0.3507275339609066,-0.29838196724811894,0.6256260183237013,0.11701318196927202,-0.18040831983137906
0.6266266266266266,0.14551917143157472,0.15585381446442398,0.91,0.029,-0.3496249304075718,-0.2963248083215433,0.6266270182747075,0.11683259324995972,-0.178983281080896
0.6276276276276276,0.14516964082571499,0.15555886764999421,0.91,0.029,-0.34729578572495257,-0.29415455771302845,0.6276280182257136,0.11665485745808624,-0.1766538677320142
0.6286286286286287,0.1448238845732665,0.15526491645098447,0.91,0.029,-0.34510957518666885,-0.2932839227876798,0.6286290181767198,0.11647893222407012,-0.17574949313362254
0.6296296296296297,0.14447873076528117,0.15497171264941825,0.91,0.029,-0.34413526854253007,-0.2912973479743499,0.6296300181277259,0.11630300699005401,-0.1631189711104355
0.6306306306306306,0.14413492507668488,0.15468173857716197,0.91,0.029,-0.34180585264923025,-0.28924898663669296,0.630631018078732,0.1161523680598907,-0.14867227401777683
0.6316316316316316,0.14379443476398143,0.15439263559909458,0.91,0.029,-0.3399218336166143,-0.2884278834871026,0.6316320180297382,0.11600536511203847,-0.1468560989483123
0.6326326326326326,0.14345440088526024,0.1541043053769876,0.91,0.029,-0.33869563404793723,-0.2865657774774064,0.6326330179807443,0.11585836216418627,-0.14598900516960356
0.6336336336336337,0.14311636542654815,0.15381893033887953,0.91,0.029,-0.3362693852001968,-0.2846353161540378,0.6336340179317504,0.11571309513799406,-0.14453955425727827
0.6346346346346347,0.14278118890287742,0.15353446490420672,0.91,0.029,-0.33476984968166335,-0.28360363672682354,0.6346350178827567,0.11556899399072629,-0.14395719712366173
0.6356356356356356,0.14244615551727555,0.1532511552903774,0.91,0.029,-0.3333351780736109,-0.2819801082506501,0.6356360178337628,0.11542489284345851,-0.14161910058841443
0.6366366366366366,0.14211385120903638,0.15296994016296417,0.91,0.029,-0.3307379218195905,-0.28033479056362864,0.6366370177847689,0.11528547256522521,-0.1324926561552715
0.6376376376376376,0.14178401753565478,0.1526899244784382,0.91,0.029,-0.32950383970825214,-0.27901212584310997,0.6376380177357751,0.1151596425588183,-0.12570430825737589
0.6386386386386387,0.14145418386227313,0.1524113573284434,0.91,0.029,-0.32796607788971244,-0.27749388660119223,0.6386390176867812,0.11503381255241142,-0.12570430825737589
0.6396396396396397,0.1411274287911308,0.15213438116191927,0.91,0.029,-0.3254050162133808,-0.2760723989801619,0.6396400176377873,0.11490798254600453,-0.12541809271220927
0.6406406406406406,0.14080272236835245,0.15185865983298766,0.91,0.029,-0.32426824948383626,-0.27460916046101147,0.6406410175887934,0.11478272554309102,-0.1247507313253351
0.6416416416416416,0.1404782431064785,0.15158461307290824,0.91,0.029,-0.3226636523245361,-0.27313024271478525,0.6416420175397997,0.11465823159411524,-0.12436958548362753
0.6426426426426426,0.14015674909042547,0.15131185254026538,0.91,0.029,-0.3202792136009407,-0.27205456949724294,0.6426430174908058,0.11453373764513948,-0.12436958548362043
0.6436436436436437,0.13983704347964976,0.15103995928012096,0.91,0.029,-0.31909878964162885,-0.270347156941682,0.6436440174418119,0.11440924369616373,-0.12292448189174365
0.6446446446446447,0.13951791267472646,0.15077061699083258,0.91,0.029,-0.31740243021039305,-0.26874246107298916,0.6446450173928181,0.11428764284443729,-0.12034619217845233
0.6456456456456456,0.13920160317892827,0.1505019363350299,0.91,0.029,-0.3150851050282739,-0.2678681446934945,0.6456460173438242,0.11416831063121491,-0.11921300605703777
0.6466466466466466,0.13888711166365886,0.15023434442888367,0.91,0.029,-0.31366512089745413,-0.2663155301096509,0.6466470172948303,0.11404897841799252,-0.11921300605703777
0.6476476476476476,0.13857364497893337,0.14996877211058615,0.91,0.029,-0.31207658683609907,-0.26473309196775574,0.6476480172458365,0.11392964620477013,-0.1190927238445525
0.6486486486486487,0.13826233371203506,0.14970434824876805,0.91,0.029,-0.310135759524627,-0.26373628410044603,0.6486490171968426,0.11381055479652535,-0.11886351632370662
0.6496496496496497,0.13795275256747264,0.14944077154181645,0.91,0.029,-0.30853629164865026,-0.26259301503210963,0.6496500171478488,0.11369168145673723,-0.11875459101535313
0.6506506506506506,0.1376446434384642,0.14917863650696203,0.91,0.029,-0.3070595577231785,-0.2608948268528479,0.650651017098855,0.1135728081169491,-0.11875459101535313
0.6516516516516516,0.137338018718177,0.14891845957614508,0.91,0.029,-0.30535999349275755,-0.259609152190194,0.6516520170498611,0.11345393477716098,-0.11937053028794509
0.6526526526526526,0.1370333121201604,0.14865889846453922,0.91,0.029,-0.30361608163391907,-0.25910840771922494,0.6526530170008672,0.11333382832700949,-0.120671405352752
0.6536536536536537,0.1367301787149059,0.14839972402515564,0.91,0.029,-0.3023046345768847,-0.2572663166842233,0.6536540169518734,0.11321235063546908,-0.12135634114496696
0.6546546546546547,0.13642809763652297,0.14814385078348968,0.91,0.029,-0.3006915611724139,-0.2554916071906064,0.6546550169028795,0.1130908729439287,-0.12135634114496696
0.6556556556556556,0.13612819360745362,0.14788822931606535,0.91,0.029,-0.29887623985504774,-0.2551841735106706,0.6556560168538856,0.11296939525238829,-0.12160820198953104
0.6566566566566566,0.13582974680598237,0.14763297155724212,0.91,0.029,-0.2977198273775059,-0.25394067874221093,0.6566570168048919,0.11284741333546175,-0.1221029756259071
0.6576576576576576,0.13553215791700818,0.14737983956883371,0.91,0.029,-0.2960807796126943,-0.25206260003407976,0.657658016755898,0.11272494510714981,-0.12234588841771199
0.6586586586586587,0.13523699249244342,0.14712834172734404,0.91,0.029,-0.29434472595907835,-0.25119127140951036,0.6586590167069041,0.11260247687883788,-0.1223458884177191
0.6596596596596597,0.13494287918635933,0.14687695414058644,0.91,0.029,-0.2930638540232877,-0.2509424429333649,0.6596600166579103,0.11248000865052593,-0.12028978125831458
0.6606606606606606,0.13465027806997437,0.14662595445420418,0.91,0.029,-0.2915061261606411,-0.24893348175508834,0.6606610166089164,0.11236165674854566,-0.11672429340769952
0.6616616616616616,0.13435928333818992,0.14637858881174745,0.91,0.029,-0.29030190855993965,-0.24711827681427678,0.6616620165599225,0.11224632662656127,-0.11521491271649609
0.6626626626626626,0.1340690930678524,0.14613122316929072,0.91,0.029,-0.2886050427759841,-0.24711815176431173,0.6626630165109287,0.11213099650457688,-0.11521491271650319
0.6636636636636637,0.13378149546476453,0.14588385777718427,0.91,0.029,-0.28694683591355385,-0.24602941254373434,0.6636640164619348,0.11201566638259249,-0.11480400554365389
0.6646646646646647,0.13349462492788527,0.14563867179282675,0.91,0.029,-0.28610629451226544,-0.24403892663782756,0.664665016412941,0.11190115889672787,-0.11377906993586606
0.6656656656656657,0.1332087100903656,0.14539529135748894,0.91,0.029,-0.2844263375388323,-0.24307158337472856,0.6656660163639472,0.11178788069572983,-0.11316504150092754
0.6666666666666666,0.13292520283071044,0.14515204199628076,0.91,0.029,-0.28278980023516453,-0.24291321984681247,0.6666670163149533,0.1116746024947318,-0.11316504150092754
0.6676676676676676,0.13264256434414906,0.14490897860504287,0.91,0.029,-0.28174652931691924,-0.241295083171849,0.6676680162659594,0.11156132429373376,-0.11364185077969324
0.6686686686686687,0.13236114571496085,0.1446689687566975,0.91,0.029,-0.28055251441659834,-0.2395527469797969,0.6686690162169656,0.11144709152060635,-0.1168309642932499
0.6696696696696697,0.1320808976486203,0.14442939352600423,0.91,0.029,-0.27879568037529623,-0.23916971416126387,0.6696700161679717,0.11132742871466668,-0.11954326852803376
0.6706706706706707,0.1318029962047,0.1441901505101284,0.91,0.029,-0.27735871143210034,-0.23853508340863527,0.6706710161189778,0.11120776590872701,-0.11954326852803376
0.6716716716716716,0.13152562495306055,0.1439518458114724,0.91,0.029,-0.27691722116485096,-0.237036185543829,0.6716720160699841,0.11108810310278731,-0.11977786182590933
0.6726726726726726,0.13124860737353916,0.14371560359212274,0.91,0.029,-0.27510919564502956,-0.2358298774471166,0.6726730160209902,0.11096797064108829,-0.1216554180533791
0.6736736736736737,0.13097485579261006,0.1434797139246914,0.91,0.029,-0.27319021669278243,-0.23543669517331978,0.6736740159719963,0.11084454896776519,-0.12329838098298751
0.6746746746746747,0.1307016800127928,0.14324425885704098,0.91,0.029,-0.27267388905691803,-0.23450147969552404,0.6746750159230025,0.11072112729444207,-0.12329838098298751
0.6756756756756757,0.13042896212082444,0.14301024149286853,0.91,0.029,-0.2717730979043296,-0.23320620024118455,0.6756760158740086,0.11059770562111897,-0.12405444038032698
0.6766766766766766,0.13015758972669808,0.14277737957727885,0.91,0.029,-0.2697540557722249,-0.23229917583370252,0.6766770158250147,0.11047277031695647,-0.12744559045307824
0.6776776776776777,0.12988891396112026,0.14254517807778605,0.91,0.029,-0.26836642863275983,-0.2318177214468733,0.6776780157760209,0.11034255956152,-0.13008068112849003
0.6786786786786787,0.12962031959930514,0.14231328003484264,0.91,0.029,-0.26829118699512833,-0.2307728856200555,0.678679015727027,0.11021234880608355,-0.13008068112848292
0.6796796796796797,0.12935179446763653,0.14208317029876694,0.91,0.029,-0.2666643580295869,-0.22959380041005772,0.6796800156780332,0.1100821380506471,-0.1315059081992942
0.6806806806806807,0.12908645702066734,0.14185363278677446,0.91,0.029,-0.26453266720004365,-0.228894434419189,0.6806810156290394,0.10994907399075451,-0.13422372098445123
0.6816816816816816,0.12882219953830712,0.1416249231828126,0.91,0.029,-0.26399322487789334,-0.22829792026517737,0.6816820155800455,0.1098134221743885,-0.1355163066987899
0.6826826826826827,0.12855794205594684,0.1413965798933507,0.91,0.029,-0.26377614446180075,-0.2273153109520365,0.6826830155310516,0.10967777035802248,-0.1355163066987899
0.6836836836836837,0.1282941191690142,0.1411698374752009,0.91,0.029,-0.26164960079817945,-0.22634582630387,0.6836840154820578,0.10954211854165645,-0.13272048919904478
0.6846846846846847,0.12803411903132586,0.14094343509594556,0.91,0.029,-0.2597167266137461,-0.22562030956737544,0.6846850154330639,0.10941206395165096,-0.1298506420149863
0.6856856856856857,0.1277741657623801,0.14071814516375472,0.91,0.029,-0.25962301165235857,-0.22486089830812261,0.68568601538407,0.10928215756906622,-0.12977661233068005
0.6866866866866866,0.12751435324223206,0.14049326312736074,0.91,0.029,-0.2588057833776105,-0.22409647478475847,0.6866870153350763,0.10915225118648145,-0.1290773749040568
0.6876876876876877,0.12725603606592842,0.14026950357259407,0.91,0.029,-0.25692056859550405,-0.22335761104338303,0.6876880152860824,0.10902374467715628,-0.1264584104464177
0.6886886886886887,0.12699999774954834,0.1400461007428895,0.91,0.029,-0.2556527953304695,-0.22249923087601076,0.6886890152370885,0.1088990814611591,-0.12453868341538765
0.6896896896896897,0.12674421865785943,0.13982405966693642,0.91,0.029,-0.25540150362093783,-0.22167467302413968,0.6896900151880947,0.10877441824516193,-0.12453868341538765
0.6906906906906907,0.12648868342798492,0.13960230760370204,0.91,0.029,-0.25426914945198575,-0.2210871903598246,0.6906910151391008,0.10864975502916475,-0.12658971116751871
0.6916916916916916,0.12623517131160922,0.13938144266921906,0.91,0.029,-0.2526667195425176,-0.2204409414631101,0.6916920150901069,0.1085209856558088,-0.131668331012186
0.6926926926926927,0.12598284414962152,0.13916098439756966,0.91,0.029,-0.2517975130370971,-0.2195493184903512,0.6926930150411131,0.10838615504338024,-0.13469592310471512
0.6936936936936937,0.1257310721864098,0.13894190449406318,0.91,0.029,-0.2514134301370561,-0.21874758476037925,0.6936940149921192,0.1082513244309517,-0.13469592310472223
0.6946946946946947,0.12547951395915696,0.13872305129494628,0.91,0.029,-0.2501792145664581,-0.21826184090204492,0.6946950149431254,0.10811649381852315,-0.14178107961993902
0.6956956956956957,0.12523021289798847,0.13850494385161666,0.91,0.029,-0.24878316865126493,-0.2176726585537665,0.6956960148941316,0.10796747872344538,-0.1502965399258258
0.6966966966966966,0.12498144955745273,0.13828727019674056,0.91,0.029,-0.2480662519777752,-0.21678425715408878,0.6966970148451377,0.10781560016031887,-0.1517268437164745
0.6976976976976977,0.12473358376489983,0.13807094133479164,0.91,0.029,-0.2475519205497534,-0.21600821106981982,0.6976980147961438,0.10766372159719237,-0.15183927822130272
0.6986986986986987,0.12448585011691266,0.1378548213257299,0.91,0.029,-0.2463728752466352,-0.2155985316193494,0.69869901474715,0.10751161794019819,-0.15200933961830287
0.6996996996996997,0.1242403447754171,0.13763931264286103,0.91,0.029,-0.24517306567129538,-0.21510033781993343,0.6997000146981561,0.10735939891417157,-0.1520669665104677
0.7007007007007007,0.12399501314860177,0.13742419001878312,0.91,0.029,-0.24447578868412734,-0.21421342725294323,0.7007010146491622,0.10720717988814495,-0.1521818336625813
0.7017017017017017,0.12375090375703046,0.13721045693264491,0.91,0.029,-0.2438429165900189,-0.21341120281130088,0.7017020146001685,0.10705473089809102,-0.1524127971168383
0.7027027027027027,0.12350683914141453,0.13699694036350524,0.91,0.029,-0.24281497186916567,-0.21307933531727485,0.7027030145511746,0.1069020494832516,-0.15252889341898168
0.7037037037037037,0.12326478769723231,0.13678387167675443,0.91,0.029,-0.24179947459301587,-0.21271007823791876,0.7037040145021807,0.10674936806841219,-0.15192853023177832
0.7047047047047047,0.12302275610919629,0.13657109436102693,0.91,0.029,-0.24105144329017492,-0.21184179324245633,0.7047050144531869,0.1065978885806147,-0.15017880692951024
0.7057057057057057,0.12278220222517992,0.13635976398257535,0.91,0.029,-0.24031333013235923,-0.21096786075001717,0.705706014404193,0.10644871011165498,-0.1490294468144313
0.7067067067067067,0.12254164834116354,0.13614873628144733,0.91,0.029,-0.23947368888097742,-0.21068829557091817,0.7067070143551991,0.10629953164269527,-0.1484428011523633
0.7077077077077077,0.1223027754206134,0.13593796559304397,0.91,0.029,-0.23863377683774445,-0.21047075295189188,0.7077080143062053,0.10615152763829351,-0.14333410300186245
0.7087087087087087,0.12206390304218906,0.13572737341267474,0.91,0.029,-0.23781363055409344,-0.2096535828910504,0.7087090142572114,0.10601257678253052,-0.13881205051341539
0.7097097097097097,0.12182667205614074,0.1355182387003692,0.91,0.029,-0.23698006524073634,-0.20867235966198905,0.7097100142082176,0.10587362592676754,-0.13881205051341539
0.7107107107107107,0.12158946847714255,0.13530961093086896,0.91,0.029,-0.2363208379413706,-0.2083849523492347,0.7107110141592238,0.10573467507100454,-0.14085792400533848
0.7117117117117117,0.12135355726546734,0.13510105160857894,0.91,0.029,-0.2356436714337562,-0.208321349099009,0.7117120141102299,0.1055916283767112,-0.14401063413712478
0.7127127127127127,0.12111770937517308,0.13489255117291302,0.91,0.029,-0.23477793266367541,-0.2076210273606307,0.712713014061236,0.10544636579557329,-0.145117470776988
0.7137137137137137,0.12088353137424876,0.13468539389614523,0.91,0.029,-0.2338626733042588,-0.20652137671220316,0.7137140140122422,0.10530110321443538,-0.1498310418635569
0.7147147147147147,0.12064951583502442,0.13447909496327898,0.91,0.029,-0.23333232586817587,-0.2060926339333804,0.7147150139632483,0.10514640406444405,-0.16395989159791213
0.7157157157157157,0.12041639959072889,0.13427279603041276,0.91,0.029,-0.23280595920488878,-0.20609263393335198,0.7157160139142544,0.10497285552752242,-0.17337517024569848
0.7167167167167167,0.12018343783861825,0.13406649709754656,0.91,0.029,-0.23195499410601172,-0.20570175220339593,0.7167170138652607,0.10479930699060078,-0.1727961558662301
0.7177177177177178,0.11995202522815429,0.13386098071068625,0.91,0.029,-0.23097069673675463,-0.20474004743421403,0.7177180138162668,0.10462691764041011,-0.17175970315204125
0.7187187187187187,0.11972103404134746,0.13365660711269325,0.91,0.029,-0.23048827583073717,-0.20414379685163908,0.7187190137672729,0.10445544408172075,-0.1713022648173137
0.7197197197197197,0.11949058723850318,0.13345228442069298,0.91,0.029,-0.23010051283461763,-0.2040901844193428,0.7197200137182791,0.10428397052303136,-0.16580788937282165
0.7207207207207207,0.11926037235399087,0.13324801815489679,0.91,0.029,-0.22935065404423938,-0.20390758547289067,0.7207210136692852,0.1041234967034435,-0.15848310496246398
0.7217217217217217,0.11903142676994616,0.13304406102635286,0.91,0.029,-0.22831014814579476,-0.20315392753934702,0.7217220136202913,0.10396668736242592,-0.15665269599659837
0.7227227227227228,0.1188032949803256,0.13284130358524843,0.91,0.029,-0.22777329331253782,-0.20247072551269696,0.7227230135712975,0.10380987802140834,-0.15739430684971722
0.7237237237237237,0.11857542418073184,0.13263871422852963,0.91,0.029,-0.22751168204666072,-0.202301699974484,0.7237240135223036,0.10365158397553549,-0.15848664504764542
0.7247247247247247,0.11834781613738936,0.1324362951768911,0.91,0.029,-0.22696592451161024,-0.20219712785402066,0.7247250134733098,0.10349258777355272,-0.15883737239244766
0.7257257257257257,0.11812103794547338,0.13223391517376684,0.91,0.029,-0.2258820551124785,-0.20165737056471755,0.725726013424316,0.10333359157156992,-0.1642831180013573
0.7267267267267267,0.11789559981083786,0.1320325767173021,0.91,0.029,-0.22517571067596975,-0.20096704066754967,0.7267270133753221,0.10316369298741172,-0.17266150688793402
0.7277277277277278,0.11767023572189786,0.13183157875601398,0.91,0.029,-0.22502547929162375,-0.20070273741124822,0.7277280133263282,0.10298792325169899,-0.1755941501656082
0.7287287287287287,0.11744509835079454,0.13163076943519747,0.91,0.029,-0.22479117428589035,-0.20054121732795238,0.7287290132773344,0.10281215351598624,-0.17603264227529536
0.7297297297297297,0.11722020334094513,0.13143009483743953,0.91,0.029,-0.22366077978456644,-0.20024508022187604,0.7297300132283405,0.10263550591911287,-0.17651445976232338
0.7307307307307307,0.11699732902189652,0.13122987838370223,0.91,0.029,-0.22265144472956422,-0.1996725394637764,0.7307310131793466,0.10245877158483833,-0.17508578035606348
0.7317317317317317,0.11677445470284792,0.13103035001368823,0.91,0.029,-0.22260427821566253,-0.19927535832228216,0.7317320131303529,0.10228498420399627,-0.1671349011733554
0.7327327327327328,0.11655167481125456,0.13083092871739133,0.91,0.029,-0.222554433919953,-0.19908095476111498,0.732733013081359,0.10212416752906645,-0.16065602677420543
0.7337337337337337,0.11632890028058572,0.13063178954369598,0.91,0.029,-0.22161597982122316,-0.19892632572224045,0.7337340130323651,0.10196335085413663,-0.16067608566988412
0.7347347347347347,0.11610799917597683,0.1304326778150445,0.91,0.029,-0.2204231351826067,-0.19845478348509005,0.7347350129833713,0.10180249402129961,-0.16078139261537672
0.7357357357357357,0.1158876127226626,0.13023448266985196,0.91,0.029,-0.22016606686092643,-0.19798352220439597,0.7357360129343774,0.10164146652187524,-0.16086664066519063
0.7367367367367368,0.11566722626934835,0.1300363144072279,0.91,0.029,-0.22016606686091222,-0.1978061830848361,0.7367370128853835,0.10148043902245087,-0.1645922813394307
0.7377377377377378,0.11544683981603412,0.12983847429530773,0.91,0.029,-0.2197333035464979,-0.19758005318881544,0.7377380128363897,0.10131195279076172,-0.18324436632315155
0.7387387387387387,0.11522731975574174,0.12964075874518824,0.91,0.029,-0.21868815908229777,-0.1973102437280403,0.7387390127873958,0.10111358381902762,-0.1981708106326252
0.7397397397397397,0.11500902568373723,0.1294434587923487,0.91,0.029,-0.21806756414918738,-0.19694892754503712,0.739740012738402,0.10091521484729352,-0.20149837659752734
0.7407407407407407,0.11479074805574338,0.12924646659795094,0.91,0.029,-0.21802805851892515,-0.19670460428508818,0.7407410126894082,0.1007101840888237,-0.2058087438772418
0.7417417417417418,0.11457253307408974,0.1290496557807669,0.91,0.029,-0.21799591542407626,-0.19644563862226505,0.7417420126404143,0.100503185762218,-0.20255591331093115
0.7427427427427428,0.1143543197966361,0.12885318203614457,0.91,0.029,-0.21710786274202576,-0.19622331259319026,0.7427430125914204,0.10030466717022322,-0.1930471885982996
0.7437437437437437,0.11413788269822983,0.12865681631611586,0.91,0.029,-0.21622066130787232,-0.19597092441271968,0.7437440125424266,0.10011670530956045,-0.18777409576676263
0.7447447447447447,0.11392144559982356,0.12846084785313613,0.91,0.029,-0.21613349535735438,-0.19575118298362781,0.7447450124934327,0.09992874344889771,-0.18578588732047763
0.7457457457457457,0.11370518300782473,0.1282649220558884,0.91,0.029,-0.21602114989300958,-0.19549397227510923,0.7457460124444388,0.0997447619813496,-0.1835349339597414
0.7467467467467468,0.11348897082526298,0.12806946852926204,0.91,0.029,-0.2155881377329294,-0.19522399702879056,0.746747012395445,0.09956130652909446,-0.1851752589658915
0.7477477477477478,0.1132735751244755,0.12787408322299793,0.91,0.029,-0.21484456243247507,-0.19506856097404324,0.7477480123464512,0.09937404113104478,-0.19254682312343618
0.7487487487487487,0.11305885158115392,0.12767894087966436,0.91,0.029,-0.21445607524780996,-0.19487314274390855,0.7487490122974573,0.09917582780806859,-0.19801531736036537
0.7497497497497497,0.11284423363248791,0.1274839468010882,0.91,0.029,-0.21428350115253636,-0.19469581872176178,0.7497500122484635,0.09897761448509237,-0.2007398336599877
0.7507507507507507,0.11262985558285056,0.127289159460802,0.91,0.029,-0.21412747584414404,-0.19443242110966708,0.7507510121994696,0.09877394668075132,-0.20402830824141205
0.7517517517517518,0.1124155499971643,0.12709469270477255,0.91,0.029,-0.21351583803630803,-0.19424772765135145,0.7517520121504757,0.09856914983198534,-0.20753639032891869
0.7527527527527528,0.11220239644764271,0.12690027512115962,0.91,0.029,-0.21294039597207615,-0.19411906100318532,0.7527530121014819,0.09835845884764884,-0.2137091936064479
0.7537537537537538,0.11198924289812112,0.12670606595601744,0.91,0.029,-0.21276437443601992,-0.19398717480064676,0.753754012052488,0.0981413040473261,-0.21793054281411628
0.7547547547547547,0.1117764417440671,0.12651191240884602,0.91,0.029,-0.2125442973094991,-0.19378512376263046,0.7547550120034942,0.0979221619222895,-0.2217599844886351
0.7557557557557557,0.1115637287893934,0.12631810775028646,0.91,0.029,-0.2122363974695105,-0.19355976562092536,0.7557560119545004,0.09769734058010959,-0.22439600765711276
0.7567567567567568,0.11135154405143545,0.12612440537056588,0.91,0.029,-0.21174394562787313,-0.1934571309054931,0.7567570119055065,0.097472921136948,-0.22268190633489127
0.7577577577577578,0.11113981698633456,0.12593080618691208,0.91,0.029,-0.21144878362949981,-0.1933738940194374,0.7577580118565126,0.09725153142544724,-0.22116855378288847
0.7587587587587588,0.11092822316328832,0.12573727044760405,0.91,0.029,-0.2111939750051519,-0.1932606986461778,0.7587590118075188,0.09703014171394643,-0.21923416740698087
0.7597597597597597,0.11071700622556349,0.12554389788131412,0.91,0.029,-0.21100572078710655,-0.19304606286971193,0.7597600117585249,0.09681262464378071,-0.21718026030508497
0.7607607607607607,0.11050578928783866,0.12535079184326028,0.91,0.029,-0.21062702002851807,-0.19290189411312042,0.760761011709531,0.09659534685409667,-0.2250448527948805
0.7617617617617618,0.11029533050979068,0.12515770790310968,0.91,0.029,-0.21024103067320965,-0.19285515225377736,0.7617620116605373,0.09636208487053698,-0.23605236559267695
0.7627627627627628,0.11008488632352792,0.12496469544235181,0.91,0.029,-0.21004211571023035,-0.1928162743028352,0.7627630116115434,0.09612277004131035,-0.24719920567317644
0.7637637637637638,0.10987482577363407,0.12477168933593684,0.91,0.029,-0.20976546607774793,-0.19266244155282664,0.7637640115625495,0.09586719208500177,-0.2585931745244636
0.7647647647647647,0.10966493544048939,0.12457898484865246,0.91,0.029,-0.2095640189337331,-0.1924774552643882,0.7647650115135557,0.09560506653125132,-0.26256125224310267
0.7657657657657657,0.10945527818818117,0.12438634908515729,0.91,0.029,-0.20927162910738417,-0.19243455786747177,0.7657660114645618,0.09534154448373884,-0.2634240622358561
0.7667667667667668,0.10924597322005418,0.1241937304785474,0.91,0.029,-0.20906788422463052,-0.1924185454560572,0.7667670114155679,0.09507769158446748,-0.26485979766404455
0.7677677677677678,0.10903672386540912,0.12400112677193192,0.91,0.029,-0.2087823147734582,-0.19238067394449132,0.7677680113665741,0.09481129519476841,-0.26423500754092544
0.7687687687687688,0.10882799060789511,0.12380858398416404,0.91,0.029,-0.2085245242565108,-0.19226552428419552,0.7687690113175802,0.09454869312526232,-0.25639578556071285
0.7697697697697697,0.10861925735038108,0.123616210807399,0.91,0.029,-0.20835734229670066,-0.1921805912422272,0.7697700112685864,0.09429799085719952,-0.24588584471142383
0.7707707707707707,0.1084108587914853,0.12342383805575118,0.91,0.029,-0.20814573798044478,-0.1921786309392317,0.7707710112195926,0.09405642968824383,-0.23165272464169817
0.7717717717717718,0.10820254916623605,0.12323146880351664,0.91,0.029,-0.2079667661705784,-0.192175073614969,0.7717720111705987,0.09383422212516596,-0.22559252177825329
0.7727727727727728,0.1079945089092619,0.1230391031736391,0.91,0.029,-0.20768538194461428,-0.1921439228713382,0.7727730111216048,0.09360479348174908,-0.24909070836502423
0.7737737737737738,0.1077867626157964,0.1228467962852557,0.91,0.029,-0.20751554166780295,-0.19209962030750916,0.773774011072611,0.09333554255142698,-0.27786791543731937
0.7747747747747747,0.10757906237939643,0.12265451934919964,0.91,0.029,-0.20737175899121496,-0.19208465912000605,0.7747750110236171,0.0930485019422712,-0.3022219020535175
0.7757757757757757,0.1073716039391373,0.12246224241314359,0.91,0.029,-0.20725098181889479,-0.19208465912001316,0.7757760109746232,0.0927304943331299,-0.3193822700058391
0.7767767767767768,0.10716414549887814,0.1222699654770875,0.91,0.029,-0.20702950659386232,-0.19209185348596947,0.7767770109256295,0.09240909866901503,-0.31529580230456133
0.7777777777777778,0.10695713045246288,0.12207767413789637,0.91,0.029,-0.20676541094749012,-0.19212239880943116,0.7777780108766356,0.09209927216781126,-0.29846733178769114
0.7787787787787788,0.1067502007322165,0.1218853360500416,0.91,0.029,-0.20667732512714565,-0.19214810561937412,0.7787790108276417,0.09181156710002224,-0.2931415201181835
0.7797797797797797,0.10654336203378993,0.1216929932457655,0.91,0.029,-0.20658840424980696,-0.1921512276282371,0.7797800107786479,0.09151240287325892,-0.30302747286719267
0.7807807807807807,0.106336610333318,0.12150064890764274,0.91,0.029,-0.20650245506964637,-0.19215219679357887,0.780781010729654,0.09120490612903508,-0.3205807209824485
0.7817817817817818,0.10612994370532218,0.12130830416309567,0.91,0.029,-0.20626895022825664,-0.19221400017366363,0.7817820106806601,0.09087060030126505,-0.3345811472087874
0.7827827827827828,0.10592365948201016,0.12111583609448223,0.91,0.029,-0.20607793908871486,-0.19231795766081206,0.7827830106316663,0.09053507470510791,-0.33181530404445425
0.7837837837837838,0.10571737525869813,0.12092328322683779,0.91,0.029,-0.2060363221997008,-0.19236464670378695,0.7837840105826724,0.09020630609508186,-0.3158221803361201
0.7847847847847848,0.10551117435248124,0.12073072168666685,0.91,0.029,-0.20598720999279152,-0.19237675043881808,0.7847850105336786,0.08990279873102171,-0.3042883198983972
0.7857857857857857,0.10530498845190578,0.12053814458732065,0.91,0.029,-0.2058786254187268,-0.19240162768502955,0.7857860104846848,0.08959712090846177,-0.307430327815311
0.7867867867867868,0.10509900493222353,0.12034553324285296,0.91,0.029,-0.2056810589883895,-0.19255507395288873,0.7867870104356909,0.08928732324485983,-0.328611481694459
0.7877877877877878,0.10489321456003711,0.1201526489437713,0.91,0.029,-0.2055816397327206,-0.19270147223660672,0.787788010386697,0.08893924075430937,-0.3554086119158484
0.7887887887887888,0.10468743007790378,0.11995974450964655,0.91,0.029,-0.20556448187939225,-0.19273979026215216,0.7887890103377032,0.08857579523862996,-0.36870955996824506
0.7897897897897898,0.10448167405577406,0.11976678349780102,0.91,0.029,-0.2055502661075863,-0.1927771262490623,0.7897900102887093,0.08820108425138193,-0.37779475936806506
0.7907907907907907,0.10427591803364435,0.11957380431695575,0.91,0.029,-0.20544805717733539,-0.19288965743820086,0.7907910102397154,0.08781945016739436,-0.38185329458899986
0.7917917917917918,0.1040703666339976,0.11938061801744426,0.91,0.029,-0.2053250443004231,-0.19309914536545136,0.7917920101907217,0.08743661399303167,-0.3845510248233026
0.7927927927927928,0.10386485688389373,0.11918721944134922,0.91,0.029,-0.2053030930003743,-0.19322235433056534,0.7927930101417278,0.08704957905337936,-0.3881894152522989
0.7937937937937938,0.10365934943079366,0.11899378647724294,0.91,0.029,-0.20530073937572269,-0.19329638156599316,0.7937940100927339,0.08665945882173438,-0.3913963384400674
0.7947947947947948,0.10345384439265104,0.11880023969847436,0.91,0.029,-0.20529247527241523,-0.19338104055117356,0.7947950100437401,0.08626600362217436,-0.3948985831566816
0.7957957957957957,0.10324835348430235,0.11860663724691027,0.91,0.029,-0.20524347395772935,-0.19359012065022796,0.7957960099947462,0.0858688718969499,-0.39858533463280565
0.7967967967967968,0.10304294654688982,0.11841267188936479,0.91,0.029,-0.20520153047510092,-0.19380931494168863,0.7967970099457523,0.08546803582129599,-0.40274708874792964
0.7977977977977978,0.10283753960947731,0.11821863061039034,0.91,0.029,-0.20520153047509382,-0.19393116025804602,0.7977980098967585,0.08506257226474079,-0.4070379632576646
0.7987987987987988,0.10263213267206481,0.11802442131827762,0.91,0.029,-0.2052015304750867,-0.19405353589467467,0.7987990098477646,0.08465314585873883,-0.4107928718410321
0.7997997997997998,0.10242672573465231,0.11783013504303363,0.91,0.029,-0.20521748550714136,-0.1942130997026581,0.7998000097987708,0.08424016497556772,-0.4147815378946689
0.8008008008008007,0.10222128685523371,0.11763560630385789,0.91,0.029,-0.20525255960841804,-0.19448017154557817,0.800801009749777,0.08382275326051718,-0.4194087901324224
0.8018018018018018,0.10201580969940022,0.1174407853502497,0.91,0.029,-0.20527180193310812,-0.19467616788625008,0.8018020097007831,0.0834005086188195,-0.42385182964043366
0.8028028028028028,0.10181033229680905,0.11724586422600751,0.91,0.029,-0.20527291107465118,-0.19485333867028487,0.8028030096517892,0.08297420193910933,-0.4281762984840043
0.8038038038038038,0.101604852920472,0.11705068857613501,0.91,0.029,-0.20527389696071197,-0.19500272192556878,0.8038040096027954,0.08254329971121051,-0.4328061974248598
0.8048048048048048,0.10139937354413496,0.11685546838631668,0.91,0.029,-0.20535911990265987,-0.19526892946444718,0.8048050095538015,0.08210772397427443,-0.43763735663646486
0.8058058058058059,0.10119372355129751,0.1166597597884184,0.91,0.029,-0.20547017632729592,-0.19553588088897556,0.8058060095048076,0.08166714976610741,-0.4424717496102133
0.8068068068068068,0.10098802183977598,0.1164640051613137,0.91,0.029,-0.20550169335939472,-0.19574912288265267,0.8068070094558139,0.08122189557491155,-0.44740778331294706
0.8078078078078078,0.10078230874977721,0.1162678696525172,0.91,0.029,-0.20551502955565581,-0.1960149263197195,0.80780800940682,0.08077143942775535,-0.4525053100934855
0.8088088088088088,0.10057658033916406,0.11607158288639935,0.91,0.029,-0.2055375414411671,-0.19622384442432406,0.8088090093578261,0.08031597998844438,-0.4581437772036949
0.8098098098098098,0.10037082218032543,0.11587502912313918,0.91,0.029,-0.20571180439562653,-0.19649748082640173,0.8098100093088323,0.07985423563068599,-0.4643774339434117
0.8108108108108109,0.10016474489492856,0.11567819453639654,0.91,0.029,-0.20587120811146065,-0.1967313850080714,0.8108110092598384,0.07938629641119292,-0.4671410765701509
0.8118118118118118,0.0999586676095317,0.11548117249649638,0.91,0.029,-0.2059005853931879,-0.19709026373192273,0.8118120092108445,0.07891901924116666,-0.4588030754125114
0.8128128128128128,0.09975253151075802,0.11528361943383014,0.91,0.029,-0.2059398427023993,-0.19740072472961145,0.8128130091618507,0.07846777269917411,-0.431922804437157
0.8138138138138138,0.09954637563214953,0.11508597585039106,0.91,0.029,-0.20604224601638066,-0.19763687946781516,0.8138140091128568,0.07805430982900659,-0.39570112060092555
0.8148148148148148,0.09934003452173626,0.11488795000546616,0.91,0.029,-0.20626666746827738,-0.19786155712670705,0.814815009063863,0.07767557909450494,-0.37003532961145424
0.8158158158158159,0.09913342935093176,0.11468985661690415,0.91,0.029,-0.20640499526822964,-0.19830064697838168,0.8158160090148692,0.07731349913538337,-0.36671669002301144
0.8168168168168168,0.09892681130798603,0.11449095171321712,0.91,0.029,-0.20648407759618692,-0.19878890722034726,0.8168170089658753,0.07694141231701258,-0.36561482732345496
0.8178178178178178,0.09872004781420267,0.11429188082667323,0.91,0.029,-0.20655673028958432,-0.19902140669846347,0.8178180089168814,0.0765815382869076,-0.34473965142086627
0.8188188188188188,0.09851328432041931,0.11409251045856555,0.91,0.029,-0.20675341043160955,-0.199259332029321,0.8188190088678876,0.07625124356864825,-0.2943321543039943
0.8198198198198198,0.09830612707259785,0.11389296324503295,0.91,0.029,-0.20701491273971584,-0.19961284801314605,0.8198200088188937,0.07599228534283192,-0.25581425724401186
0.8208208208208209,0.09809884005067013,0.11369288513721791,0.91,0.029,-0.20713680976030702,-0.20022595531938236,0.8208210087698998,0.07573910345071241,-0.24786029563750134
0.8218218218218218,0.0978914387647694,0.11349211048163076,0.91,0.029,-0.20726990966412018,-0.2006233754041702,0.821822008720906,0.07549606905525288,-0.2196243934820501
0.8228228228228228,0.0976838852765678,0.11329123673801036,0.91,0.029,-0.20737688814348587,-0.20080810466754428,0.8228230086719122,0.07529941543648183,-0.15884565126817307
0.8238238238238238,0.0974762698195372,0.1130900922540681,0.91,0.029,-0.20766219750218795,-0.20106725422693472,0.8238240086229183,0.07517806007697893,-0.12123413131133276
0.8248248248248248,0.09726814514142829,0.112888699692511,0.91,0.029,-0.20791655343082027,-0.2017350807874081,0.8248250085739245,0.075056704717476,-0.12123413131133276
0.8258258258258259,0.09706002046331934,0.11268621821845767,0.91,0.029,-0.20807673047327313,-0.20234980145027492,0.8258260085249306,0.0749353493579731,-0.11971872802723738
0.8268268268268268,0.09685157511045074,0.11248359498490282,0.91,0.029,-0.20827832833271742,-0.2025347769141348,0.8268270084759367,0.07481702783569645,-0.11604714692720819
0.8278278278278278,0.09664304683302362,0.11228074318960056,0.91,0.029,-0.20846316358723982,-0.20270350886487876,0.8278280084269429,0.07470302298119601,-0.1138909691112886
0.8288288288288288,0.09643423143960542,0.11207778215434251,0.91,0.029,-0.20875882526784295,-0.203340562427492,0.828829008377949,0.07458901812669556,-0.1138909691112886
0.8298298298298298,0.09622511124690182,0.11187365497653251,0.91,0.029,-0.20896296200825049,-0.2041878308570304,0.8298300083289551,0.07447501327219513,-0.11214036139693206
0.8308308308308309,0.09601588717132062,0.11166899770818228,0.91,0.029,-0.209247873685797,-0.20448741079067645,0.8308310082799614,0.07436451313416728,-0.10285025403722159
0.8318318318318318,0.09580619658486818,0.11146427077074535,0.91,0.029,-0.20948089586599394,-0.2045447789268593,0.8318320082309675,0.07426910707369068,-0.09531075439185344
0.8328328328328328,0.09559650599841574,0.11125949865127166,0.91,0.029,-0.20973973297056858,-0.20506346291510624,0.8328330081819736,0.07417370101321408,-0.09531075439185344
0.8338338338338338,0.09538629721956174,0.11105373330745184,0.91,0.029,-0.21003205516202428,-0.20611975554766104,0.8338340081329798,0.07407829495273746,-0.09531075439186054
0.8348348348348348,0.09517602140349678,0.11084684648801309,0.91,0.029,-0.2102937197720962,-0.20668227014002838,0.8348350080839859,0.07398288889226086,-0.09511033394209534
0.8358358358358359,0.09496528877156954,0.11063995498885316,0.91,0.029,-0.21067710522164873,-0.20668460766073338,0.835836008034992,0.07388788407350504,-0.09368524307019044
0.8368368368368369,0.09475424541706703,0.11043306348969327,0.91,0.029,-0.21092261909768695,-0.20702067192802787,0.8368370079859982,0.07379533104481432,-0.09246057264806495
0.8378378378378378,0.09454302126586847,0.11022549918919747,0.91,0.029,-0.21121094203189017,-0.20814382590236136,0.8378380079370044,0.07370277801612361,-0.09246057264805785
0.8388388388388388,0.09433140068827447,0.11001635913353239,0.91,0.029,-0.21142851210046132,-0.20899827603420817,0.8388390078880105,0.07361022498743292,-0.09246057264805785
0.8398398398398398,0.09411974096136305,0.10980708422216202,0.91,0.029,-0.21195011413456655,-0.20909170831486534,0.8398400078390167,0.0735176719587422,-0.09246057264805785
0.8408408408408409,0.0939070761354525,0.10959775711488401,0.91,0.029,-0.21245216108461307,-0.20931630211322272,0.8408410077900228,0.07342511893005149,-0.059194606286659734
0.8418418418418419,0.09369441130954198,0.10938803256627967,0.91,0.029,-0.21264862050851008,-0.21035261789076287,0.8418420077410289,0.07339916436275666,-0.02370080049279011
0.8428428428428428,0.0934813531714715,0.10917663075274035,0.91,0.029,-0.21290279302940007,-0.21133901764154928,0.8428430076920351,0.0733776699297873,-0.021472961060347018
0.8438438438438438,0.09326817949166531,0.10896493142986016,0.91,0.029,-0.21329702532982964,-0.21161860058141713,0.8438440076430412,0.07335617549681793,-0.021472961060347018
0.8448448448448448,0.09305433209974014,0.1087529698907155,0.91,0.029,-0.21395199985078506,-0.2118724237096643,0.8448450075940473,0.07333468106384856,-0.021472961060347018
0.8458458458458459,0.09283984715963171,0.10854076241342439,0.91,0.029,-0.2143242040346749,-0.21281510439615658,0.8458460075450536,0.0733131866308792,-0.021472961060347018
0.8468468468468469,0.0926252546141852,0.1083269136256581,0.91,0.029,-0.21452442064298083,-0.2138657441201275,0.8468470074960597,0.07329169219790983,-0.021472961060339912
0.8478478478478478,0.09241036884002615,0.10811260276553626,0.91,0.029,-0.21469230569102393,-0.21431632542036283,0.8478480074470658,0.07327019776494048,-0.021472961060339912
0.8488488488488488,0.09219544018837736,0.10789785191310484,0.91,0.029,-0.21547665823334938,-0.2146470544766288,0.848849007398072,0.07324870333197112,-0.021472961060347018
0.8498498498498498,0.0919789841388583,0.10768287893275022,0.91,0.029,-0.21623959346955957,-0.21554253544311308,0.8498500073490781,0.07322720889900175,-0.021472961060347018
0.8508508508508509,0.0917625280893392,0.10746633532563114,0.91,0.029,-0.21635062808852012,-0.21660793831674852,0.8508510073000842,0.07320571446603238,-0.021472961060339912
0.8518518518518519,0.09154584974829068,0.10724922940659054,0.91,0.029,-0.21648900343456035,-0.21720404474651644,0.8518520072510904,0.07318422003306302,-0.021472961060347018
0.8528528528528528,0.0913291166710518,0.1070314923932057,0.91,0.029,-0.21706703097989077,-0.21763921107614692,0.8528530072020966,0.07316272560009365,-0.021472961060339912
0.8538538538538538,0.09111128111770032,0.10681351527030197,0.91,0.029,-0.21801588484229484,-0.2185419465312961,0.8538540071531027,0.0731412311671243,-0.021472961060332807
0.8548548548548548,0.0908926484331293,0.10659397097872864,0.91,0.029,-0.2184371952573656,-0.21961427835854153,0.8548550071041089,0.07311973673415494,-0.021472961060347018
0.8558558558558559,0.09067396941548338,0.10637384704535995,0.91,0.029,-0.2184984808873196,-0.2203077217401912,0.855856007055115,0.07309824230118557,-0.021472961060347018
0.8568568568568569,0.09045521403695847,0.10615291447874825,0.91,0.029,-0.21873580937808157,-0.22083958006572146,0.8568570070061211,0.0730767478682162,-0.021472961060347018
0.8578578578578578,0.09023605988719895,0.10593172576394709,0.91,0.029,-0.2198667301327788,-0.2218154921208466,0.8578580069571273,0.07305525343524684,-0.021472961060347018
0.8588588588588588,0.09001504040305902,0.10570883941944727,0.91,0.029,-0.22079846465578612,-0.2229117328768453,0.8588590069081334,0.07303375900227747,-0.021472961060339912
0.8598598598598598,0.0897940209189191,0.10548545602845792,0.91,0.029,-0.22079846465579323,-0.22366065272149882,0.8598600068591395,0.07301226456930812,-0.021472961060339912
0.8608608608608609,0.08957300143477914,0.10526107034492975,0.91,0.029,-0.22079846465578612,-0.22432515530397268,0.8608610068101458,0.07299077013633876,-0.021472961060347018
0.8618618618618619,0.08935198195063922,0.10503635661843994,0.91,0.029,-0.22183551194940065,-0.2253775229804873,0.8618620067611519,0.07296927570336939,-0.021472961060347018
0.8628628628628628,0.08912888629574131,0.10480986409271657,0.91,0.029,-0.22310294892338334,-0.22646259838607108,0.862863006712158,0.07294778127040003,-0.020322127822836933
0.8638638638638638,0.08890532940024207,0.10458297804309245,0.91,0.029,-0.22335473693227925,-0.22736221511092936,0.8638640066631642,0.07292859080545938,-0.01815833668396749
0.8648648648648649,0.08868172966524625,0.10435468448288487,0.91,0.029,-0.22338696315171092,-0.22834061915794024,0.8648650066141703,0.07291142828213801,-0.01714537878260103
0.8658658658658659,0.08845810825279117,0.10412583966639985,0.91,0.029,-0.22404388016188648,-0.2292978715943761,0.8658660065651764,0.07289426575881665,-0.01714537878260103
0.8668668668668669,0.08823319336862587,0.10389562968489814,0.91,0.029,-0.2253097165179625,-0.2302571514178311,0.8668670065161826,0.07287710323549527,-0.017145378782608134
0.8678678678678678,0.08800703774925171,0.10366486438828608,0.91,0.029,-0.22598430139090908,-0.23155040411305094,0.8678680064671888,0.0728599407121739,-0.017145378782608134
0.8688688688688688,0.08778077234482025,0.10343206531229945,0.91,0.029,-0.22612825542360326,-0.2327943075127834,0.8688690064181949,0.07284277818885253,-0.017145378782608134
0.8698698698698699,0.08755432852918443,0.10319880971859081,0.91,0.029,-0.22653499459991622,-0.23354269607660427,0.8698700063692011,0.07282561566553115,-0.017145378782608134
0.8708708708708709,0.08732724883210768,0.10296451236720111,0.91,0.029,-0.22778458118075662,-0.23463035720145342,0.8708710063202072,0.0728084531422098,-0.01714537878260103
0.8718718718718719,0.08709830334163537,0.10272907927374307,0.91,0.029,-0.22875769821732206,-0.23602209296358723,0.8718720062712133,0.07279129061888842,-0.017145378782608134
0.8728728728728729,0.08686927546230325,0.10249199566457132,0.91,0.029,-0.22903084216261504,-0.2372005278686231,0.8728730062222195,0.07277412809556705,-0.017145378782608134
0.8738738738738738,0.08663978313710563,0.10225420334207416,0.91,0.029,-0.22932638072745704,-0.2378943802309479,0.8738740061732256,0.07275696557224567,-0.01714537878261524
0.8748748748748749,0.086410163588975,0.10201573063908392,0.91,0.029,-0.23054470627314316,-0.23929119274363586,0.8748750061242317,0.0727398030489243,-0.017145378782608134
0.8758758758758759,0.0861782321735958,0.10177514189513993,0.91,0.029,-0.23169948396383688,-0.24090911397703252,0.875876006075238,0.07272264052560293,-0.01714537878260103
0.8768768768768769,0.08594630075821659,0.10153343011060138,0.91,0.029,-0.23210973560716752,-0.24183559760479767,0.8768770060262441,0.07270547800228157,-0.017145378782608134
0.8778778778778779,0.0857135480182261,0.10129098654457978,0.91,0.029,-0.23253019440993938,-0.24246788431442212,0.8778780059772502,0.0726883154789602,-0.01714537878261524
0.8788788788788788,0.08548077484348199,0.10104800892078274,0.91,0.029,-0.23360275930764374,-0.2444657817665714,0.8788790059282564,0.07267115295563882,-0.017145378782608134
0.8798798798798799,0.085245874826419,0.1008015655600621,0.91,0.029,-0.23477430979865233,-0.24630219948438992,0.8798800058792625,0.07265399043231745,-0.017145378782608134
0.8808808808808809,0.08501075620524642,0.10055491142431747,0.91,0.029,-0.23538711056697537,-0.24664946619205352,0.8808810058302686,0.07263682790899607,-0.017145378782608134
0.8818818818818819,0.08477462935981846,0.1003077728349529,0.91,0.029,-0.23597371914558352,-0.2480609039623971,0.8818820057812748,0.0726196653856747,-0.01714537878260103
0.8828828828828829,0.08453833634709712,0.10005829299796634,0.91,0.029,-0.23696626462105286,-0.25026117652036817,0.882883005732281,0.07260250286235334,-0.01714537878260103
0.8838838838838838,0.08430022242364019,0.09980674945853577,0.91,0.029,-0.23807492591347312,-0.251407017020405,0.8838840056832871,0.07258534033903197,-0.017145378782608134
0.8848848848848849,0.08406170986879186,0.09955497564657413,0.91,0.029,-0.23889286729011872,-0.2517016910261418,0.8848850056342933,0.0725681778157106,-0.017145378782608134
0.8858858858858859,0.08382195842506135,0.0993028421691941,0.91,0.029,-0.23966518509039503,-0.25427138519858516,0.8858860055852994,0.07255101529238922,-0.017145378782608134
0.8868868868868869,0.0835818996884307,0.09904592382435475,0.91,0.029,-0.24065358947132154,-0.2566614264945244,0.8868870055363055,0.07253385276906785,-0.01714537878260103
0.8878878878878879,0.08334016945715081,0.09878900547951538,0.91,0.029,-0.24170363474561185,-0.25672197345166836,0.8878880054873117,0.07251669024574649,-0.01714537878260103
0.8888888888888888,0.08309800852777885,0.09853196591954662,0.91,0.029,-0.24272407494675718,-0.25845910701004726,0.8888890054383178,0.07249952772242511,-0.017145378782608134
0.8898898898898899,0.08285423537317331,0.09827156982984563,0.91,0.029,-0.24372272203988388,-0.2611894455888901,0.889890005389324,0.07248236519910374,-0.017145378782608134
0.8908908908908909,0.0826100751503216,0.09800906412657584,0.91,0.029,-0.24473950384928855,-0.26228172966659713,0.8908910053403302,0.07246520267578237,-0.020213066943476576
0.8918918918918919,0.08236426639649806,0.09774648128196456,0.91,0.029,-0.24572689089353617,-0.26315862395317424,0.8918920052913363,0.07244189864106354,-0.02672269173304187
0.8928928928928929,0.08211812942280701,0.0974822200345775,0.91,0.029,-0.24701240382262313,-0.2658692608282891,0.8928930052423424,0.07241170384955131,-0.030164628361745827
0.8938938938938938,0.08186974706952585,0.09721421048951553,0.91,0.029,-0.24829074226363446,-0.26793617460734254,0.8938940051933486,0.07238150905803908,-0.030164628361752932
0.8948948948948949,0.08162105085971663,0.09694581127660484,0.91,0.029,-0.2492212001433245,-0.2684566547053251,0.8948950051443547,0.07235131426652686,-0.030164628361745827
0.8958958958958959,0.08137080572789755,0.09667675972934468,0.91,0.029,-0.2500686233930196,-0.2710281168077415,0.8958960050953608,0.07232111947501463,-0.03016462836173872
0.8968968968968969,0.08112041297504594,0.09640321244415692,0.91,0.029,-0.251581203691579,-0.27364161296689815,0.896897005046367,0.0722909246835024,-0.030164628361745827
0.8978978978978979,0.08086713965444094,0.09612892867235391,0.91,0.029,-0.25309961928338254,-0.27450938386387236,0.8978980049973732,0.07226072989199017,-0.030164628361752932
0.8988988988988988,0.08061370703053466,0.09585364410809313,0.91,0.029,-0.25378732756310285,-0.27672517872727553,0.8988990049483793,0.07223053510047794,-0.030164628361745827
0.8998998998998999,0.08035905691657685,0.09557492431053753,0.91,0.029,-0.2547856043554404,-0.2792830680795362,0.8999000048993854,0.07220034030896572,-0.030164628361745827
0.9009009009009009,0.08010362574053376,0.0952945188466726,0.91,0.029,-0.25652327089935056,-0.2807025272485717,0.9009010048503916,0.07217014551745349,-0.030164628361745827
0.9019019019019019,0.07984549681467627,0.09501295728901889,0.91,0.029,-0.25806226622572126,-0.28292516750158114,0.9019020048013977,0.07213995072594126,-0.030164628361752932
0.9029029029029029,0.0795869845669087,0.0947281020949177,0.91,0.029,-0.25859587278311835,-0.2855210830647579,0.9029030047524038,0.07210975593442903,-0.030164628361745827
0.9039039039039038,0.07932778735965502,0.09444134350910947,0.91,0.029,-0.2599573972971143,-0.2873198980368272,0.90390400470341,0.0720795611429168,-0.030164628361745827
0.9049049049049049,0.07906654933708462,0.09415288708383293,0.91,0.029,-0.2619928665821263,-0.28978121299693527,0.9049050046544161,0.07204936635140458,-0.030164628361745827
0.9059059059059059,0.07880327711624735,0.09386120094054702,0.91,0.029,-0.26325014878813846,-0.2924441901631525,0.9059060046054223,0.07201917155989235,-0.030164628361745827
0.9069069069069069,0.07853952201218345,0.09356741322965245,0.91,0.029,-0.26360931193655546,-0.2948115271825884,0.9069070045564285,0.07198897676838012,-0.03467942967439086
0.9079079079079079,0.078275530746004,0.09327098767291422,0.91,0.029,-0.265725706042403,-0.29753475638084126,0.9079080045074346,0.07194974334508239,-0.04333198187382692
0.9089089089089089,0.07800753861670318,0.09297174805171285,0.91,0.029,-0.2680933147763298,-0.29999642143037164,0.9089090044584407,0.07190222614491472,-0.047469732760646366
0.9099099099099099,0.07773880739309844,0.09267039423661717,0.91,0.029,-0.26861694688543736,-0.3024785744611833,0.9099100044094469,0.07185470894474702,-0.04746973276065347
0.9109109109109109,0.07746976695126682,0.09236618534007883,0.91,0.029,-0.2694892457581446,-0.3053372308113538,0.910911004360453,0.07180719174457934,-0.04746973276065347
0.9119119119119119,0.07719928938357264,0.0920591084892471,0.91,0.029,-0.27219756853155275,-0.30798455472324804,0.9119120043114591,0.07175967454441165,-0.047469732760646366
0.9129129129129129,0.07692482687412659,0.09174959964493722,0.91,0.029,-0.2741880469365938,-0.31065463711166075,0.9129130042624654,0.07171215734424397,-0.047469732760646366
0.9139139139139139,0.07665036436468056,0.09143717728381837,0.91,0.029,-0.2741880469366009,-0.313548841670638,0.9139140042134715,0.07166464014407628,-0.04746973276065347
0.914914914914915,0.07637590185523449,0.09112187423618719,0.91,0.029,-0.2764357344705033,-0.3166522651540973,0.9149150041644776,0.0716171229439086,-0.047469732760646366
0.9159159159159159,0.07609693947084568,0.09080323881504136,0.91,0.029,-0.2794121734918491,-0.3197268396318407,0.9159160041154838,0.07156960574374091,-0.047469732760646366
0.9169169169169169,0.07581651812452009,0.09048178046315049,0.91,0.029,-0.28019568399258077,-0.3221436535116027,0.9169170040664899,0.07152208854357323,-0.05249623137651582
0.9179179179179179,0.07553598715054022,0.0901583065757789,0.91,0.029,-0.28117893518086134,-0.32590577643441776,0.917918004017496,0.07146450829366911,-0.06549451455475719
0.9189189189189189,0.07525359733336723,0.08982931644626478,0.91,0.029,-0.2840661049629034,-0.3296284488167345,0.9189190039685022,0.07139096853185227,-0.07346629911710778
0.91991991991992,0.07496728623970357,0.08949838976133097,0.91,0.029,-0.2862226562294339,-0.33185386446242404,0.9199200039195083,0.07131742877003544,-0.07346629911710778
0.9209209209209209,0.07468057900257755,0.08916494434523889,0.91,0.029,-0.2865320570516019,-0.3360464393724669,0.9209210038705145,0.07124388900821862,-0.07346629911710778
0.9219219219219219,0.07439364848784852,0.08882562411694167,0.91,0.029,-0.28931544659516106,-0.3395431652472851,0.9219220038215207,0.07117034924640178,-0.07346629911712199
0.9229229229229229,0.07410136889928394,0.08848517824864774,0.91,0.029,-0.2922804410512754,-0.3428916249867555,0.9229230037725268,0.07109680948458495,-0.07346629911710778
0.9239239239239239,0.07380850245971785,0.08813915439724848,0.91,0.029,-0.2929766419622766,-0.3473490141483495,0.9239240037235329,0.07102326972276812,-0.09129695249647796
0.924924924924925,0.07351482907553562,0.08778978482692931,0.91,0.029,-0.2951689324280409,-0.3502594481941017,0.9249250036745391,0.07091403299463296,-0.11257479020708416
0.9259259259259259,0.07321757366606808,0.08743793428074374,0.91,0.029,-0.29787786078043155,-0.35486395541988003,0.9259260036255452,0.07079789500380448,-0.11602197453830598
0.9269269269269269,0.07291847700190114,0.08707934647774038,0.91,0.029,-0.2996347443511169,-0.35873162958911564,0.9269270035765513,0.07068175701297601,-0.11602197453831309
0.9279279279279279,0.0726177043080078,0.08671975284012491,0.91,0.029,-0.3016294689236716,-0.36276748584708685,0.9279280035275576,0.07056561902214752,-0.11980075307318572
0.9289289289289289,0.07231461420125317,0.08635308524481329,0.91,0.029,-0.3041306731392197,-0.36806598515923383,0.9289290034785637,0.07044191591706248,-0.12526710453412448
0.92992992992993,0.07200883409151285,0.08598288400096726,0.91,0.029,-0.3065660614288035,-0.37152257199145566,0.9299300034295698,0.07031483429114484,-0.12695467746019062
0.9309309309309309,0.0717008683325268,0.08560929631189744,0.91,0.029,-0.3086077776577554,-0.3768065299291834,0.930931003380576,0.07018775266522717,-0.12695467746019062
0.9319319319319319,0.07139100070280864,0.08522851657368163,0.91,0.029,-0.31124083578257,-0.38153189766788387,0.9319320033315821,0.07006067103930953,-0.13231139052369656
0.9329329329329329,0.07107776355618534,0.08484546868893873,0.91,0.029,-0.314274127071279,-0.38634410199093594,0.9329330032825882,0.06992286527436363,-0.13825232297163836
0.933933933933934,0.0707618232712345,0.0844550549080341,0.91,0.029,-0.316560696900801,-0.39146507826024646,0.9339340032335944,0.06978388990226733,-0.13883654235606002
0.934934934934935,0.07044400840723475,0.08406175481854782,0.91,0.029,-0.3190688540064812,-0.3967532266599747,0.9349350031846005,0.06964491453017106,-0.14335227614022727
0.9359359359359359,0.07012304678673706,0.08366075415396008,0.91,0.029,-0.3221805264541544,-0.4028718571910517,0.9359360031356067,0.06949689865948137,-0.1537007755922133
0.9369369369369369,0.0697990023482675,0.08325520455390109,0.91,0.029,-0.324733206531441,-0.408456811915741,0.9369370030866129,0.06933720559249623,-0.15953354126003916
0.9379379379379379,0.06947293025714459,0.08284302279877344,0.91,0.029,-0.3271127296935248,-0.41468012107441155,0.937938003037619,0.0691775125255111,-0.16732301357563273
0.938938938938939,0.06914412200854071,0.08242501412131967,0.91,0.029,-0.3304747796731391,-0.4206843932027624,0.9389390029886251,0.06900222493571344,-0.18584122812425363
0.93993993993994,0.06881131908662776,0.08200081180137046,0.91,0.029,-0.33353262243943504,-0.42708759998329526,0.9399400029396313,0.06880545840501649,-0.19656997035730228
0.9409409409409409,0.06847638903068401,0.0815699838911229,0.91,0.029,-0.33562843065638504,-0.4335976088363296,0.9409410028906374,0.06860869187431956,-0.20167399585592705
0.9419419419419419,0.0681393902965249,0.08113274852041688,0.91,0.029,-0.3394112507586513,-0.4403700347573505,0.9419420028416435,0.06840170708507452,-0.20691903709513326
0.9429429429429429,0.06779688702716319,0.08068836219991701,0.91,0.029,-0.3430597676912086,-0.44738992367572905,0.9429430027926498,0.0681944399823306,-0.21417540064166474
0.943943943943944,0.06745258395480073,0.08023707299754253,0.91,0.029,-0.3450967936427034,-0.4547729465148649,0.9439440027436559,0.06797292795397646,-0.22512904850861304
0.944944944944945,0.06710600255540601,0.07977790585053787,0.91,0.029,-0.3491324702544105,-0.4622221914951581,0.944945002694662,0.06774373164927626,-0.22926088859998117
0.9459459459459459,0.06675362005038751,0.0793117032447995,0.91,0.029,-0.3528639209856408,-0.4702194758538525,0.9459460026456682,0.06751394767746405,-0.22979618251554257
0.9469469469469469,0.0663995682791585,0.07883652551849815,0.91,0.029,-0.3556054721045925,-0.47858802466867445,0.9469470025966743,0.06728367971439733,-0.2301889495913585
0.9479479479479479,0.06604169718331127,0.07835356906127865,0.91,0.029,-0.3598571310728147,-0.48710881282841,0.9479480025476804,0.06705310942293786,-0.23051944099122323
0.948948948948949,0.065679133582316,0.07786133270002284,0.91,0.029,-0.36285386547833554,-0.4958019283186488,0.9489490024986866,0.06682217981612096,-0.2324615755369024
0.94994994994995,0.06531526301818945,0.07736097260818822,0.91,0.029,-0.36700938241469316,-0.5054126688357172,0.9499500024496927,0.06658772137149137,-0.2372063890780325
0.950950950950951,0.06494438006396828,0.07684949552517657,0.91,0.029,-0.3717125863806743,-0.5152616217587962,0.9509510024006989,0.06634729264843006,-0.24692256710679317
0.9519519519519519,0.06457109367608602,0.07632941780987235,0.91,0.029,-0.3740827185574602,-0.5247253528071525,0.9519520023517051,0.06609338241633891,-0.26519963419430326
0.9529529529529529,0.06419546571250193,0.07579899431835548,0.91,0.029,-0.3794294175710853,-0.5364740430296564,0.9529530023027112,0.06581636300675937,-0.28044562022429886
0.953953953953954,0.06381147522249024,0.07525539570170484,0.91,0.029,-0.3836064995216475,-0.5472302222297287,0.9539540022537173,0.06553193031213012,-0.28632360203992135
0.954954954954955,0.06342748473247858,0.07470343831789551,0.91,0.029,-0.3875035847790187,-0.5588943888227504,0.9549550022047235,0.06524314318353162,-0.31452727645912404
0.955955955955956,0.06303569226997971,0.07413648801637404,0.91,0.029,-0.39324023331099767,-0.5723491171314095,0.9559560021557296,0.06490224673547874,-0.3431582422993813
0.9569569569569569,0.06264021699812225,0.07355759423955438,0.91,0.029,-0.3964818238400589,-0.5849576130676084,0.9569570021067357,0.06455614041607358,-0.34719264288861496
0.9579579579579579,0.06224193486489452,0.0729654017039264,0.91,0.029,-0.4020541564490756,-0.5992491175205359,0.957958002057742,0.06420716709843632,-0.34945360302860706
0.958958958958959,0.06183530377199795,0.0723578963065803,0.91,0.029,-0.40674114246048276,-0.6141420598837044,0.9589590020087481,0.06385653433705245,-0.3508663520397164
0.95995995995996,0.06142763828339202,0.07173588807052554,0.91,0.029,-0.41189950681843257,-0.6295239358177795,0.9599600019597542,0.06350473269603342,-0.3517876499984709
0.960960960960961,0.061010680134723834,0.07109758812676494,0.91,0.029,-0.4179462389214663,-0.6459578302769273,0.9609610019107604,0.06315225549622636,-0.3523813208145903
0.9619619619619619,0.060590909076342056,0.0704426792011023,0.91,0.029,-0.42269954362251383,-0.662713719012828,0.9619620018617665,0.06279926532629164,-0.35269208300236343
0.9629629629629629,0.06016443480214625,0.0697708339345471,0.91,0.029,-0.42902391430677156,-0.6806028546505516,0.9629630018127726,0.06244616598061514,-0.35259811731788915
0.963963963963964,0.05973200234099314,0.06908011092352358,0.91,0.029,-0.4346452551017421,-0.7000144681030989,0.9639640017637788,0.06209336392997149,-0.3549338372059232
0.964964964964965,0.05929427413127186,0.06836940356797427,0.91,0.029,-0.4410239454984257,-0.7204856729320852,0.9649650017147849,0.06173558847330803,-0.3655069386549705
0.965965965965966,0.0588490715191745,0.06763769716389981,0.91,0.029,-0.44731631122978754,-0.7422564852471609,0.965966001665791,0.06136161907459945,-0.4756084431121117
0.9669669669669669,0.05839874598066169,0.06688340459851053,0.91,0.029,-0.45378967093400036,-0.7659492473535607,0.9669670016167973,0.06078342041680132,-0.5833835876815527
0.9679679679679679,0.05794058368947682,0.06610426523726609,0.91,0.029,-0.4606280091643704,-0.7909286723622628,0.9679680015678034,0.06019368518922538,-0.5464967978641582
0.968968968968969,0.0574765677841364,0.06529996381300043,0.91,0.029,-0.46740677078723536,-0.8171873631156146,0.9689690015188095,0.05968933388102728,-0.48328026341027197
0.96996996996997,0.057004834398611454,0.06446825450029783,0.91,0.029,-0.47487992641807253,-0.8466116887931143,0.9699700014698157,0.05922615814923352,-0.46443656785127985
0.970970970970971,0.05652585722073688,0.06360504551711836,0.91,0.029,-0.48214641822178095,-0.8730102783322629,0.9709710014208218,0.058759531917698074,-0.4657319452888764
0.9719719719719719,0.05603957630407338,0.06272048617530836,0.91,0.029,-0.49018659033831824,-0.8843679389450472,0.9719720013718279,0.058293762840401234,-0.46640730305079003
0.9729729729729729,0.05554450268552505,0.061834539132844035,0.91,0.029,-0.4980953466355338,-0.8851583736058863,0.9729730013228342,0.057825784542692556,-0.4901389091942505
0.973973973973974,0.05504238842292113,0.06094839733926049,0.91,0.029,-0.5066207478334803,-0.8854508161837131,0.9739740012738403,0.05731250479222192,-0.5577898725421235
0.974974974974975,0.05453024693410664,0.060061864826169875,0.91,0.029,-0.5153453699554831,-0.885907854453805,0.9749750012248464,0.056709089272519816,-0.5985925882145402
0.975975975975976,0.05401066596054782,0.05917480804105471,0.91,0.029,-0.5242581727211828,-0.8865058910919892,0.9759760011758526,0.0561141224892711,-0.5349321253392567
0.9769769769769769,0.05348068102275294,0.058287078257417184,0.91,0.029,-0.53399288158327,-0.8872838543162871,0.9769770011268587,0.05563815521000737,-0.5171591066136934
0.9779779779779779,0.052941611142563315,0.057398463988369494,0.91,0.029,-0.543179778225948,-0.888244327681079,0.9779780010778648,0.05507877000850576,-0.6096383547069841
0.978978978978979,0.052393234019297553,0.056508811335132685,0.91,0.029,-0.5541411500121995,-0.8893404886404852,0.978979001028871,0.05441765928362101,-0.6768546317887854
0.97997997997998,0.05183221945084716,0.05561800254964974,0.91,0.029,-0.5634866165921011,-0.8905778931145676,0.9799800009798771,0.05372370710198802,-0.6925428217488978
0.980980980980981,0.05126513268477886,0.05472587261017863,0.91,0.029,-0.5758986279860636,-0.8920393621242795,0.9809810009308833,0.05303118862234045,-0.6914662799736924
0.9819819819819819,0.050679269244668874,0.05383213796081239,0.91,0.029,-0.588982995456881,-0.8936597280689469,0.9819820008818895,0.05233939167723586,-0.6914302945866986
0.9829829829829829,0.05008598754872907,0.05293676404547608,0.91,0.029,-0.5993801797218481,-0.8953716436587023,0.9829830008328956,0.05164694524032952,-0.6914430188348497
0.983983983983984,0.049479308924905374,0.052039602137671795,0.91,0.029,-0.6139625958788315,-0.8972953972333428,0.9839840007839017,0.05095512282128146,-0.6769003086125771
0.984984984984985,0.04885683320262526,0.051140376863827684,0.91,0.029,-0.6275229749663076,-0.8994248982973971,0.9849850007349079,0.05029179088881503,-0.7226234708804284
0.985985985985986,0.0482230066727206,0.05023895169063,0.91,0.029,-0.6418189526522795,-0.9016581755573227,0.985986000685914,0.04950843070338704,-0.8122549694098211
0.986986986986987,0.0475719103744926,0.04933525539124049,0.91,0.029,-0.6584004434713329,-0.904012433008262,0.9869870006369201,0.04866565651964763,-0.8421132230324879
0.9879879879879879,0.04690488766677202,0.0484291169899128,0.91,0.029,-0.6741051679552541,-0.9066429297171936,0.9879880005879264,0.04782252011339271,-0.8360907978608196
0.988988988988989,0.046222350478686246,0.04752015443084565,0.91,0.029,-0.6900768123840919,-0.9094293493358308,0.9889890005389325,0.04699180282425686,-0.8262139505140169
0.98998998998999,0.04552335250684386,0.04660843761186303,0.91,0.029,-0.7086359187518347,-0.9122551438771431,0.9899900004899386,0.046168439865422524,-0.8374310686511706
0.990990990990991,0.04480365995065458,0.04569381780646703,0.91,0.029,-0.7275246645644842,-0.9153219618027926,0.9909910004409448,0.04531526590687513,-0.8464518362499582
0.991991991991992,0.04406684667187996,0.04477596121185748,0.91,0.029,-0.7471699071028084,-0.9186204905661093,0.9919920003919509,0.04447384337219195,-0.80878637952868
0.992992992992993,0.04330782430079906,0.04385473774527356,0.91,0.029,-0.7687481329401677,-0.9219936101257993,0.992993000342957,0.04369607565430989,-0.795207644573221
0.993993993993994,0.042527811370698394,0.04293012815855251,0.91,0.029,-0.7911124199361339,-0.9254619945541975,0.9939940002939632,0.042881837745676894,-0.8491692884949806
0.994994994994995,0.04172401565227831,0.04200196097939934,0.91,0.029,-0.8152489614995098,-0.9292615189624911,0.9949950002449693,0.04199603882195106,-0.9074823000159249
0.995995995995996,0.04089568131764636,0.04106974473720622,0.91,0.029,-0.8403780607894653,-0.9332167182545028,0.9959960001959755,0.04106505826996719,-0.9355583347044032
0.996996996996997,0.04004157709213928,0.04013365924115213,0.91,0.029,-0.8673079812547684,-0.9371563917473296,0.9969970001469817,0.04012305112754603,-0.9393226665886694
0.997997997997998,0.03915932900282194,0.03919355576473903,0.91,0.029,-0.8966992859547496,-0.9413635480245723,0.9979980000979878,0.03918453438349871,-0.9387177566046034
0.998998998998999,0.03824638332646404,0.03824904753339516,0.91,0.029,-0.9287348369095767,-0.9458311044871657,0.9989990000489939,0.03824373827080648,-0.9413259119566284
1.0,0.0373,0.0373,0.91,0.029,-0.9454369431375956,-0.948098485861789,1.0,0.037299999999999986,-0.942795521476239
