sto_common,p_si_original,p_si_reconstructed_deformed,si_scale_a,si_shift_b,dUdx_si_original,dUdx_si_reconstructed_deformed,x_anode_common,p_anode_reconstructed,dUdx_anode_reconstructed
0.0,1.0,1.0,0.91,0.029,-177.67052081056616,-235.43628603169995,1.8534390306462995e-06,1.0000000000000002,-91.76982207223605
0.001001001001001001,0.8221516308202541,0.7643280420103103,0.91,0.029,-103.3559775420618,-129.75084008963637,0.0010028525847373222,0.9081384865040383,-91.00052655612745
0.002002002002002002,0.7930811260419184,0.7402385583791063,0.91,0.029,-25.849677990515602,-21.6764692720281,0.0020038517304439983,0.8178171013169178,-76.7104257269529
0.003003003003003003,0.7704005237321347,0.7209317071313752,0.91,0.029,-20.680644351403828,-17.67874753565269,0.0030048508761506745,0.7545643452650878,-46.04920443249301
0.004004004004004004,0.7516784346477164,0.7048456704198417,0.91,0.029,-17.360018854395946,-14.98020992901263,0.00400585002185735,0.7256266727221226,-25.47742672874972
0.005005005005005005,0.7356457312308416,0.6909412968630816,0.91,0.029,-15.045854006761715,-13.12026929456664,0.005006849167564026,0.7035585804845219,-20.163375157176006
0.006006006006006006,0.7215566048043497,0.678578865025314,0.91,0.029,-13.34220781636185,-11.750970118646933,0.0060078483132707024,0.6852596301083297,-17.1395350771906
0.007007007007007007,0.7089346044713585,0.6674158311600847,0.91,0.029,-12.037599881106985,-10.642154112488754,0.007008847458977378,0.6692452605443671,-15.153850571545775
0.008008008008008008,0.6974573057430744,0.6572732511864976,0.91,0.029,-11.008472629544826,-9.762176201856335,0.008009846604684054,0.6549216471557618,-13.790525643137869
0.009009009009009009,0.6868956202280254,0.6478719348600721,0.91,0.029,-10.178196972223645,-9.083900365993884,0.00901084575039073,0.641636651769113,-12.852140302332202
0.01001001001001001,0.677080535027912,0.6390872644677911,0.91,0.029,-9.496070479061075,-8.506250179231188,0.010011844896097405,0.6291916842294881,-12.032237368451092
0.011011011011011011,0.6678844681177931,0.6308424049717214,0.91,0.029,-8.927552196822944,-8.012148775244725,0.011012844041804082,0.6175481331155941,-11.327387549780724
0.012012012012012012,0.6592075576568951,0.6230469265794133,0.91,0.029,-8.447749079156267,-7.60564452748946,0.012013843187510758,0.6065142737086503,-10.74798250357702
0.013013013013013013,0.6509720575489116,0.615615889401172,0.91,0.029,-8.03919098528604,-7.266082576837334,0.013014842333217433,0.5960306905072923,-10.226877676678669
0.014014014014014014,0.643113081209876,0.608500214713873,0.91,0.029,-7.689034459625191,-6.960364753890019,0.01401584147892411,0.5860400820734463,-9.813138327042168
0.015015015015015015,0.6355785951672797,0.60168122522922,0.91,0.029,-7.386462975835684,-6.69640658799409,0.015016840624630785,0.576384804343151,-9.436303664290165
0.016016016016016016,0.6283253675445393,0.5950939953184895,0.91,0.029,-7.123856292648156,-6.479344198592457,0.01601783977033746,0.5671486182602798,-9.121254888830379
0.017017017017017015,0.6213166206074235,0.5887095651719778,0.91,0.029,-6.895661674795576,-6.285294804220655,0.017018838916044134,0.5581240676401669,-8.88076833397264
0.018018018018018018,0.61452023906647,0.5825108225372669,0.91,0.029,-6.696290372244391,-6.112463642016337,0.018019838061750813,0.5493693352292289,-8.664113434793194
0.01901901901901902,0.6079106338762036,0.5764724007234966,0.91,0.029,-6.522129266989566,-5.965748816820735,0.019020837207457487,0.5407785273470993,-8.487721820640559
0.02002002002002002,0.6014629232166411,0.5705673814625508,0.91,0.029,-6.370086976115601,-5.840773364500137,0.020021836353164162,0.5323769306463147,-8.323349627927144
0.02102102102102102,0.5951577069970932,0.5647791607545274,0.91,0.029,-6.237137326262086,-5.727400662661694,0.02102283549887084,0.5241151956131532,-8.200980571884998
0.022022022022022022,0.588976161802703,0.5591011138696345,0.91,0.029,-6.121420285579973,-5.62901069164252,0.022023834644577515,0.5159585815534867,-8.059750719258972
0.023023023023023025,0.5829026113302664,0.5535098700805683,0.91,0.029,-6.020687185833083,-5.54820808308574,0.02302483379028419,0.5079795884439793,-7.925765667535671
0.024024024024024024,0.5769227340032375,0.5479935901797732,0.91,0.029,-5.933489528848895,-5.477059522544096,0.02402583293599087,0.5000912122289378,-7.794242623097716
0.025025025025025023,0.5710237534146531,0.5425447859513509,0.91,0.029,-5.858207243163463,-5.414702424457857,0.025026832081697543,0.49237552802967643,-7.635949491740774
0.026026026026026026,0.5651945913742814,0.5371533450857634,0.91,0.029,-5.793501068572027,-5.362655651891885,0.026027831227404218,0.4848040543931541,-7.4721174462302145
0.02702702702702703,0.5594251526767712,0.5318087386002159,0.91,0.029,-5.7378969965983515,-5.319145576526921,0.027028830373110893,0.47741636166908363,-7.282215948380468
0.028028028028028028,0.5537073100998103,0.5265044049926164,0.91,0.029,-5.690228699169211,-5.279921286969625,0.02802982951881757,0.4702250705067934,-7.068402201230043
0.029029029029029027,0.5480333034291852,0.5212383256132898,0.91,0.029,-5.649122550844083,-5.245260682948526,0.029030828664524246,0.46326543253919866,-6.800450520789752
0.03003003003003003,0.5423977554434658,0.516003382604331,0.91,0.029,-5.612915127438782,-5.214959816759034,0.03003182781023092,0.4566105801833313,-6.502957937051633
0.031031031031031032,0.5367962361069855,0.5107979656197782,0.91,0.029,-5.580091601899937,-5.184920365511289,0.0310328269559376,0.4502465218600884,-6.212961230006442
0.03203203203203203,0.5312264008851076,0.5056231616523565,0.91,0.029,-5.548716446682192,-5.1525545139640485,0.03203382610164428,0.444172242416241,-5.896993786787846
0.03303303303303303,0.5256876946721863,0.5004825411673978,0.91,0.029,-5.51669316144671,-5.116950786101114,0.033034825247350956,0.43844075037446395,-5.575153863732083
0.03403403403403403,0.5201819701314606,0.4953790159344364,0.91,0.029,-5.481595559670893,-5.076043175451019,0.03403582439305763,0.4330107939066829,-5.268138182027883
0.035035035035035036,0.5147135293875599,0.49032029256789617,0.91,0.029,-5.440926083743818,-5.023535281753027,0.035036823538764306,0.42789394673511455,-4.99321935182553
0.036036036036036036,0.5092892252190606,0.48532188824323913,0.91,0.029,-5.391714240910005,-4.958381033755899,0.036037822684470984,0.42301437729567604,-4.74219786906869
0.037037037037037035,0.5039193066830354,0.4803936038116281,0.91,0.029,-5.3313093492196515,-4.8815207864311105,0.037038821830177655,0.4184000747036951,-4.527221827566791
0.03803803803803804,0.49861593322863085,0.47554907385598966,0.91,0.029,-5.257418992656341,-4.787766489588165,0.038039820975884334,0.413950886932038,-4.361441299404618
0.03903903903903904,0.493393943334374,0.47080848571435446,0.91,0.029,-5.167542988252535,-4.674005013179766,0.03904082012159101,0.40966847667418743,-4.219424997534645
0.04004004004004004,0.48827050182071785,0.4661917064622364,0.91,0.029,-5.060840598765395,-4.545798570314531,0.04004181926729768,0.405503605296227,-4.104552837721428
0.04104104104104104,0.48326213032383264,0.46170778787588695,0.91,0.029,-4.937387302874384,-4.40750395316482,0.04104281841300436,0.40145116890605326,-4.009350681844751
0.04204204204204204,0.4783858425557041,0.4573678747241687,0.91,0.029,-4.7974130376966855,-4.2522641514326835,0.04204381755871104,0.39747689208149684,-3.9441552525333066
0.043043043043043044,0.4736576998179334,0.45319474653167735,0.91,0.029,-4.644787221365533,-4.087822894867941,0.04304481670441771,0.39355497682941265,-3.9002830703523443
0.044044044044044044,0.4690869692396569,0.44918404510481336,0.91,0.029,-4.482217182416008,-3.927217543029542,0.04404581585012439,0.38966853203862295,-3.8649604358017484
0.04504504504504504,0.46468429204532874,0.44533244914823483,0.91,0.029,-4.312923122679223,-3.765473524397862,0.04504681499583107,0.38581733264055734,-3.8246821469455483
0.04604604604604605,0.4604524885135724,0.4416455595704833,0.91,0.029,-4.143076977482849,-3.6022422384633614,0.04604781414153774,0.3820115249152389,-3.7929939020663426
0.04704704704704705,0.4563898436419596,0.43812075297513503,0.91,0.029,-3.9735999770027206,-3.449705017911043,0.04704881328724442,0.3782237653292792,-3.7630106079114682
0.04804804804804805,0.45249733340445786,0.43473924321830903,0.91,0.029,-3.80838617208272,-3.3103017219380035,0.048049812432951096,0.3744779841076298,-3.729955661227649
0.04904904904904905,0.4487654469010533,0.43149352230058446,0.91,0.029,-3.6531331877765467,-3.1738839990229906,0.04905081157865777,0.370756400468454,-3.6768114332995196
0.050050050050050046,0.4451837534489493,0.42838512109814286,0.91,0.029,-3.505326740035315,-3.048178996792359,0.050051810724364446,0.367117013900315,-3.612237256686342
0.05105105105105105,0.4417477757498315,0.42539106184654574,0.91,0.029,-3.367643020500566,-2.939294730763521,0.05105280987007112,0.3635247076523883,-3.5415048246740923
0.05205205205205205,0.4384417253798791,0.4225006471626804,0.91,0.029,-3.242423307486945,-2.8389007614577224,0.052053809015777795,0.36002692729228525,-3.4515254992165296
0.05305305305305305,0.43525643779690465,0.41970757683862236,0.91,0.029,-3.127793456227664,-2.7460703681196605,0.053054808161484474,0.35661475950018723,-3.351551979889649
0.05405405405405406,0.43217987661866253,0.41700300878806645,0.91,0.029,-3.023371909005533,-2.6652878138228004,0.054055807307191145,0.35331712595496323,-3.241976691230974
0.055055055055055056,0.42920364118227894,0.41437166529943753,0.91,0.029,-2.929209695833663,-2.595759104208895,0.05505680645289782,0.35012432770354085,-3.12311587852912
0.056056056056056056,0.42631559294331983,0.41180629386472534,0.91,0.029,-2.8461714922644035,-2.5317618224494254,0.0560578055986045,0.347064653302262,-2.993770529722326
0.057057057057057055,0.42350560015672456,0.40930307306230157,0.91,0.029,-2.772059085946296,-2.475801477825229,0.05705880474431117,0.3441308042181532,-2.8674744248348247
0.058058058058058054,0.4207659251035875,0.40684973434955973,0.91,0.029,-2.7063492879956073,-2.429467805693463,0.05805980389001785,0.3413239744030711,-2.733124109298018
0.05905905905905906,0.4180874834640406,0.4044392736515039,0.91,0.029,-2.6491088682913073,-2.389137451585725,0.05906080303572453,0.33865909442111786,-2.6027283917178465
0.06006006006006006,0.41546240384574706,0.40206667638842714,0.91,0.029,-2.5992322547623985,-2.3536803391837964,0.0600618021814312,0.33611331660983906,-2.4870260348905617
0.06106106106106106,0.4128838152863381,0.3997272009003852,0.91,0.029,-2.556334436017721,-2.324509038464356,0.06106280132713788,0.33368007254856635,-2.374918285201403
0.062062062062062065,0.4103446171870529,0.39741300463974977,0.91,0.029,-2.519489589358642,-2.3013083446164444,0.06206380047284456,0.3313587342606195,-2.268781284555729
0.06306306306306306,0.4078397920844189,0.3951199769872392,0.91,0.029,-2.4883720192031547,-2.281412204775762,0.06306479961855123,0.3291379762932953,-2.160329516772862
0.06406406406406406,0.40536289142288245,0.3928456128383969,0.91,0.029,-2.4626083193908244,-2.265155643547871,0.0640657987642579,0.32703375825915043,-2.057756535581774
0.06506506506506507,0.40290964529885165,0.3905851308540102,0.91,0.029,-2.4414034617632865,-2.2528847844363042,0.06506679790996457,0.3250183512249159,-1.97087532410373
0.06606606606606606,0.4004751968047377,0.38833533298967554,0.91,0.029,-2.424110251123011,-2.2431678022889514,0.06606779705567126,0.3230880692277061,-1.8905267410901274
0.06706706706706707,0.39805657172302983,0.3860943044230013,0.91,0.029,-2.4100807788691725,-2.2350952211952233,0.06706879620137793,0.32123351991938215,-1.8159173537790991
0.06806806806806806,0.39565021026045505,0.3838606678821776,0.91,0.029,-2.399166039425296,-2.228386812716309,0.0680697953470846,0.31945260578809254,-1.743630725104424
0.06906906906906907,0.39325343650896516,0.3816330695627084,0.91,0.029,-2.3904003383233317,-2.222411582068844,0.06907079449279128,0.3177427741868673,-1.6744352832733114
0.07007007007007007,0.39086462399754546,0.3794113954456033,0.91,0.029,-2.383167133652705,-2.215998918739473,0.07007179363849796,0.3161003892118971,-1.607831774143051
0.07107107107107107,0.38848233113628705,0.3771966352909577,0.91,0.029,-2.376694235379091,-2.2085615947506483,0.07107279278420463,0.31452389772215283,-1.5477158752240427
0.07207207207207207,0.38610647738016995,0.37498985071136776,0.91,0.029,-2.3702542860434335,-2.1997051058289685,0.07207379192991131,0.3130018646741053,-1.4945439199118198
0.07307307307307308,0.3837370773103742,0.3727928212652741,0.91,0.029,-2.3632867558108615,-2.1883575174333885,0.07307479107561798,0.31153182334804713,-1.4426338615791394
0.07407407407407407,0.38137517256373177,0.37060875458037,0.91,0.029,-2.354910077250395,-2.1731685566245744,0.07407579022132466,0.3101137141480888,-1.3922679667855675
0.07507507507507508,0.37902254262118423,0.3684421334642239,0.91,0.029,-2.344347017547733,-2.1545153136658826,0.07507678936703134,0.3087445052573529,-1.346758644182728
0.07607607607607608,0.37668178514121375,0.3662954106090669,0.91,0.029,-2.330847860656206,-2.1328106714967987,0.07607778851273801,0.30741750564348874,-1.3057051666086181
0.07707707707707707,0.3743561805377884,0.36417224222999606,0.91,0.029,-2.3137452974518737,-2.106000024776421,0.07707878765844468,0.3061304857447129,-1.2661805714576815
0.07807807807807808,0.37204966242359244,0.3620791943432483,0.91,0.029,-2.292866850807769,-2.07419242293102,0.07807978680415137,0.3048826143028098,-1.2300439008797923
0.07907907907907907,0.3697658565121472,0.3600197048467508,0.91,0.029,-2.268030844403995,-2.0388282999761884,0.07908078594985804,0.30366793995678815,-1.1957218490705088
0.08008008008008008,0.3675090601324934,0.3579974560049577,0.91,0.029,-2.239108469793564,-2.0000233833756624,0.08008178509556471,0.30248878120396505,-1.1630834502853702
0.08108108108108109,0.36528315687292084,0.35601565402918184,0.91,0.029,-2.2046092810698212,-1.956766508655818,0.0810827842412714,0.30133944887654573,-1.133117288155404
0.08208208208208208,0.3630954279381594,0.3540800055371782,0.91,0.029,-2.1657569051233736,-1.9110184727049955,0.08208378338697807,0.30022028232910697,-1.1022808598962968
0.08308308308308308,0.3609473072130142,0.3521897912209636,0.91,0.029,-2.12428203473641,-1.8646633224319373,0.08308478253268474,0.2991326844783757,-1.070903387674008
0.08408408408408408,0.35884261105180026,0.3503469458326098,0.91,0.029,-2.0793602818606587,-1.8135073183699433,0.08408578167839142,0.29807633557671487,-1.0429726705271776
0.08508508508508508,0.35678442376584574,0.3485591459389417,0.91,0.029,-2.0316538740623002,-1.7610129682466606,0.0850867808240981,0.29704465497398946,-1.019026523872185
0.08608608608608609,0.3547752359285524,0.34682139434462844,0.91,0.029,-1.9810862123208324,-1.7113827013592982,0.08608777996980477,0.2960362462170179,-0.9961415210822508
0.08708708708708708,0.35281828520264086,0.34513295434462876,0.91,0.029,-1.9286040976415109,-1.6615162342832832,0.08708877911551145,0.29505038135077694,-0.9742376577013943
0.08808808808808809,0.3509141666640049,0.3434950355172345,0.91,0.029,-1.8757464102477854,-1.6097339333815341,0.08808977826121812,0.2940858240908691,-0.9528112931344026
0.0890890890890891,0.3490630371340767,0.3419102637873084,0.91,0.029,-1.8228256270799932,-1.5589818883547935,0.0890907774069248,0.29314285476988255,-0.9319394571649013
0.09009009009009009,0.34726486610929014,0.34037395065566334,0.91,0.029,-1.7701554074667456,-1.5109585251531996,0.09009177655263148,0.2922200828899243,-0.9125350496643136
0.09109109109109109,0.3455191824644736,0.3388853217950097,0.91,0.029,-1.7173837478913185,-1.4628429806344627,0.09109277569833815,0.29131596115959973,-0.8946753338027236
0.0920920920920921,0.343826660407806,0.3374453360798186,0.91,0.029,-1.665685321535591,-1.4162085959621038,0.09209377484404482,0.29042894440028155,-0.8780489810876588
0.09309309309309309,0.34218447711605404,0.3360500693506411,0.91,0.029,-1.6140881000193872,-1.372978831920193,0.09309477398975151,0.289558108599685,-0.8618956913530269
0.0940940940940941,0.3405952528001596,0.334696629709608,0.91,0.029,-1.5641656291124946,-1.3316650740534612,0.09409577313545818,0.2887034306988162,-0.8447808640578387
0.09509509509509509,0.3390530143951081,0.3333840732063899,0.91,0.029,-1.5170362273942715,-1.2894329960187463,0.09509677228116485,0.28786685875322254,-0.8290697025835527
0.0960960960960961,0.3375581432358068,0.3321151822701311,0.91,0.029,-1.4707113466172643,-1.249690624871647,0.09609777142687154,0.2870436345707814,-0.8156758137438089
0.0970970970970971,0.33610864733481327,0.33088219007351377,0.91,0.029,-1.426398976790665,-1.213194037386529,0.09709877057257821,0.2862338771677602,-0.8022132505678883
0.0980980980980981,0.33470248962861826,0.32968636537846635,0.91,0.029,-1.3842096648430413,-1.176431193608778,0.09809976971828488,0.28543760501379534,-0.7890243442777489
0.0990990990990991,0.333337456814607,0.3285269724686914,0.91,0.029,-1.343578079882377,-1.1416224638839765,0.09910076886399155,0.2846542517786326,-0.7769021820282376
0.10010010010010009,0.3320126436228477,0.32740083492024014,0.91,0.029,-1.3035754570889253,-1.1095354851586023,0.10010176800969824,0.2838822481727795,-0.7647705243350345
0.1011011011011011,0.33072769613975433,0.3263056802061116,0.91,0.029,-1.26517005774852,-1.0793786624504662,0.10110276715540491,0.28312318249559054,-0.7520713410257827
0.1021021021021021,0.3294797706343622,0.32523991667709606,0.91,0.029,-1.229694447217156,-1.0492625585834787,0.10210376630111158,0.28237660263302494,-0.7401235580226455
0.1031031031031031,0.3282658453945749,0.3242050544632017,0.91,0.029,-1.1955489102638523,-1.0204636418174289,0.10310476544681826,0.28164145639699445,-0.7295250815271856
0.1041041041041041,0.32708627932252266,0.3231969464232073,0.91,0.029,-1.1621613699390991,-0.994598894922575,0.10410576459252494,0.28091609466626427,-0.7194572610871717
0.10510510510510511,0.3259391960053074,0.3222138654843777,0.91,0.029,-1.1310087822151615,-0.9687018478017535,0.1051067637382316,0.28020110418955296,-0.7099691465396063
0.1061061061061061,0.32482199747624607,0.32125760338456516,0.91,0.029,-1.1017173269670764,-0.9436784394443976,0.10610776288393829,0.2794947376479358,-0.7005523824606996
0.10710710710710711,0.3237335557110791,0.32032461935936385,0.91,0.029,-1.0735539707898738,-0.9201082390896431,0.10710876202964496,0.27879859951682107,-0.6912149540923167
0.10810810810810811,0.3226727402774675,0.3194155448478491,0.91,0.029,-1.0465174015164962,-0.8976540806363289,0.10810976117535163,0.2781109264908436,-0.6817818194994345
0.1091091091091091,0.3216384257781131,0.3185275140928247,0.91,0.029,-1.0206013785019934,-0.8761048266251805,0.10911076032105832,0.2774336734790665,-0.6726028630748999
0.11011011011011011,0.3206294942744605,0.3176615812309819,0.91,0.029,-0.99526233639304,-0.855204035332946,0.11011175946676499,0.27676437670816784,-0.6646852802087722
0.1111111111111111,0.319645908588137,0.31681539390196795,0.91,0.029,-0.9707063137931016,-0.8363508843419822,0.11111275861247166,0.27610297468376094,-0.6569817786424608
0.11211211211211211,0.31868613829089076,0.3159872050861532,0.91,0.029,-0.9477456340664787,-0.8180928598436594,0.11211375775817835,0.275449100309836,-0.6497335870519407
0.11311311311311312,0.3177485199313473,0.3151775703587374,0.91,0.029,-0.9261791382842546,-0.7999703628396446,0.11311475690388502,0.274802209152609,-0.6428729361635419
0.11411411411411411,0.3168319258018332,0.31438566281820596,0.91,0.029,-0.905688743349998,-0.7828712523795218,0.11411575604959169,0.2741620697900407,-0.6359415659832734
0.11511511511511512,0.31593532925396994,0.3136102605441638,0.91,0.029,-0.8862107482670467,-0.766707573587496,0.11511675519529838,0.2735290552240718,-0.6293704587152718
0.11611611611611611,0.3150577301096069,0.3128507127209337,0.91,0.029,-0.8677178960287506,-0.7510633788377277,0.11611775434100505,0.27290207120702664,-0.6232521977143506
0.11711711711711711,0.31419815628894743,0.3121066301561003,0.91,0.029,-0.8490153063877699,-0.7360629527493643,0.11711875348671172,0.2722813053891281,-0.6168939532789466
0.11811811811811812,0.3133579997664882,0.31137711321593,0.91,0.029,-0.8306381032200818,-0.7217568689943619,0.1181197526324184,0.27166705056657897,-0.6109127763689344
0.11911911911911911,0.3125352171433617,0.3106616714594149,0.91,0.029,-0.8138052797401087,-0.7073668345523458,0.11912075177812508,0.2710582590546348,-0.6055269158632939
0.12012012012012012,0.3117287599672088,0.3099609633970064,0.91,0.029,-0.798132558144033,-0.6933788975342452,0.12012175092383175,0.27045478671561585,-0.6000289600442841
0.12112112112112113,0.31093735416409435,0.3092735255184054,0.91,0.029,-0.7833287759770258,-0.6807054984101342,0.12112275006953843,0.26985700210182767,-0.5945928234747271
0.12212212212212212,0.310160534189477,0.30859818962641555,0.91,0.029,-0.7691012860465491,-0.6687925510066464,0.1221237492152451,0.26926441289893277,-0.5893712876017503
0.12312312312312312,0.3093976118496869,0.3079346014923661,0.91,0.029,-0.7533399022323124,-0.6562133362304223,0.12312474836095177,0.2686770817910409,-0.5839362166359763
0.12412412412412413,0.3086523461970199,0.3072844492135418,0.91,0.029,-0.7383848132251671,-0.6443548326465702,0.12412574750665846,0.2680953735909332,-0.5787952671682604
0.12512512512512514,0.30791936397536224,0.306644601827408,0.91,0.029,-0.725664518059034,-0.634097833300217,0.12512674665236515,0.2675183346550919,-0.5736563103367871
0.12612612612612611,0.30719956437908397,0.3060149840818097,0.91,0.029,-0.7132678071892826,-0.6236007682825004,0.12612774579807182,0.2669469146377804,-0.5689270730982798
0.12712712712712712,0.30649140039740574,0.30539615184085644,0.91,0.029,-0.7005791760130364,-0.6130974405492964,0.1271287449437785,0.2663793436268103,-0.5649059481004599
0.12812812812812813,0.3057970034661449,0.30478756177840777,0.91,0.029,-0.6886572490336107,-0.6033399691482657,0.12812974408948516,0.26581597389487405,-0.5608734258120478
0.12912912912912913,0.30511270720614725,0.3041882640147338,0.91,0.029,-0.6775036581552456,-0.5939023340090159,0.12913074323519183,0.26525647598663543,-0.5568840149095706
0.13013013013013014,0.30444063978615443,0.30359856811672803,0.91,0.029,-0.6661412445182577,-0.5847001205243316,0.1301317423808985,0.2647010930485097,-0.5533276468189854
0.13113113113113112,0.3037790911010056,0.30301769320287336,0.91,0.029,-0.6563748135809249,-0.5759735047098786,0.13113274152660517,0.2641487149831121,-0.5492873657613302
0.13213213213213212,0.30312657609530175,0.30244546800719874,0.91,0.029,-0.6456023866685996,-0.5670561664810521,0.13213374067231187,0.26360142068076053,-0.5449827655645265
0.13313313313313313,0.3024865938303978,0.30188244562233074,0.91,0.029,-0.6349993977872259,-0.5592522510157494,0.13313473981801854,0.2630576604176022,-0.5412419807120159
0.13413413413413414,0.30185530602966165,0.30132584388104106,0.91,0.029,-0.626886195382923,-0.5508707109642899,0.13413573896372522,0.26251785516013393,-0.5378605701011452
0.13513513513513514,0.3012315664122137,0.30077960135613596,0.91,0.029,-0.6167834548431301,-0.5425260844521915,0.1351367381094319,0.26198086447524105,-0.5348552804705662
0.13613613613613612,0.30062050431826404,0.3002397055738295,0.91,0.029,-0.6071172326713281,-0.5357120848964598,0.13613773725513856,0.26144707580247845,-0.5318000629266351
0.13713713713713713,0.3000161164969558,0.29970710468967654,0.91,0.029,-0.599743769234891,-0.5273416595944411,0.13713873640084523,0.2609162016578884,-0.5288800520947916
0.13813813813813813,0.29941981609156754,0.2991839665155824,0.91,0.029,-0.5903679632349679,-0.5199312290748139,0.13813973554655193,0.26038825884182204,-0.5260162715138108
0.13913913913913914,0.29883419865264155,0.2986662013281654,0.91,0.029,-0.5827050822380215,-0.5133094305607813,0.1391407346922586,0.2598631179810622,-0.5232934690908735
0.14014014014014015,0.29825323935035025,0.29815632000795317,0.91,0.029,-0.5744924458591072,-0.5064233692478695,0.14014173383796527,0.25934062621079434,-0.5203292226925385
0.14114114114114115,0.29768406362589656,0.2976523407290706,0.91,0.029,-0.5657580900880248,-0.5002197809699851,0.14114273298367194,0.25882141976625933,-0.5172156825237266
0.14214214214214213,0.2971205905213452,0.29715487900501025,0.91,0.029,-0.5589418234729635,-0.49375416940526407,0.1421437321293786,0.2583051612980896,-0.5144552672751956
0.14314314314314314,0.296565060976301,0.2966638438934244,0.91,0.029,-0.5510390229783013,-0.487899143511072,0.14314473127508529,0.2577914812001658,-0.5120718463639093
0.14414414414414414,0.2960174092941614,0.29617810394292604,0.91,0.029,-0.5445262563339952,-0.48193494554243443,0.14414573042079198,0.25727999433658816,-0.5098291823433954
0.14514514514514515,0.29547491832097766,0.2956990091676137,0.91,0.029,-0.5375173118151508,-0.475860823362126,0.14514672956649866,0.2567708040482017,-0.5076717920649969
0.14614614614614616,0.2949412985597967,0.29522542962188075,0.91,0.029,-0.5306589661088026,-0.4706793571915284,0.14614772871220533,0.2562636362762753,-0.505641481320211
0.14714714714714713,0.2944125380084475,0.2947567081522153,0.91,0.029,-0.5243477985333982,-0.46514309080848193,0.147148727857912,0.2557585106665309,-0.5036702395931201
0.14814814814814814,0.29389155321738747,0.2942942122228648,0.91,0.029,-0.5179090168450386,-0.45958968798601063,0.14814972700361867,0.2552552893171741,-0.5017151223990339
0.14914914914914915,0.2933756831198689,0.29383660867676775,0.91,0.029,-0.5120809653652714,-0.45466780826478725,0.14915072614932534,0.2547540778487118,-0.49968129554572727
0.15015015015015015,0.2928663660995391,0.29338396636047276,0.91,0.029,-0.5060944361914608,-0.44987650352061337,0.15015172529503204,0.25425492821724033,-0.4977111346338745
0.15115115115115116,0.29236248104541146,0.29293595501606584,0.91,0.029,-0.5004509650944158,-0.44462400797644364,0.1511527244407387,0.25375766100755737,-0.4959493261597743
0.15215215215215216,0.2918644622655162,0.29249382820636577,0.91,0.029,-0.49483872549149055,-0.43998801684642785,0.15215372358644538,0.2532620385136409,-0.4943571638714417
0.15315315315315314,0.29137181292630937,0.2920550981254824,0.91,0.029,-0.48942858983727433,-0.4354151725458735,0.15315472273215205,0.2527679588101388,-0.4928509216515522
0.15415415415415415,0.29088462524882497,0.2916221261592269,0.91,0.029,-0.48411974912454525,-0.43088457921575696,0.15415572187785873,0.252275351810573,-0.49142817056083743
0.15515515515515516,0.2904026042193533,0.29119246633526064,0.91,0.029,-0.47898600069649433,-0.42638206631914954,0.1551567210235654,0.2517841204523236,-0.4900609635048596
0.15615615615615616,0.28992569431649967,0.2907685084088382,0.91,0.029,-0.4739145940180549,-0.4223976255485695,0.1561577201692721,0.25129425059894783,-0.4887918557616473
0.15715715715715717,0.28945382625335125,0.2903468254432715,0.91,0.029,-0.46909515889257136,-0.41797956754862753,0.15715871931497877,0.25080555999223203,-0.48747227057531006
0.15815815815815815,0.2889865648692673,0.28993171247780997,0.91,0.029,-0.464201304896676,-0.4138505168030804,0.15815971846068544,0.25031833194614467,-0.4860249294401626
0.15915915915915915,0.28852449431161614,0.28951829588010214,0.91,0.029,-0.45972924926340397,-0.4095687339623453,0.1591607176063921,0.24983253891390853,-0.4846971486873599
0.16016016016016016,0.2880661859918631,0.28911175505245995,0.91,0.029,-0.4549584978973087,-0.40540073752035255,0.16016171675209878,0.24934796908261966,-0.4836126859854204
0.16116116116116116,0.2876136664879979,0.2887066827919733,0.91,0.029,-0.4508621125347929,-0.4016580299015118,0.16116271589780545,0.2488643471428599,-0.4826619805118497
0.16216216216216217,0.2871635591399416,0.2883076348724769,0.91,0.029,-0.4461642467516356,-0.3976638318822836,0.16216371504351215,0.24838168062230476,-0.48175331435543
0.16316316316316315,0.2867204447727794,0.2879105590044212,0.91,0.029,-0.44245188470196695,-0.39435400275255006,0.16316471418921882,0.2478998778306376,-0.4809215504317734
0.16416416416416416,0.2862777695809787,0.2875181373694688,0.91,0.029,-0.4374826444881421,-0.3904585794967943,0.1641657133349255,0.2474188765000365,-0.48016049674166084
0.16516516516516516,0.285844603642673,0.28712886014656974,0.91,0.029,-0.4327327723674159,-0.3874060809539799,0.16516671248063217,0.24693859733655663,-0.4794765922403741
0.16616616616616617,0.2854114377043673,0.28674254961981116,0.91,0.029,-0.42930644571634957,-0.38383039641902883,0.16616771162633884,0.24645896518159857,-0.4787132659185005
0.16716716716716717,0.2849851312788765,0.28636043092450963,0.91,0.029,-0.42483804509103607,-0.380892955107754,0.1671687107720455,0.24598021419611088,-0.47779949496876384
0.16816816816816815,0.2845609110875684,0.285980001161137,0.91,0.029,-0.4217376470639067,-0.37750439188860696,0.1681697099177522,0.24550241140903295,-0.4770611967415874
0.16916916916916916,0.28414081166513494,0.2856046663761841,0.91,0.029,-0.41763444897387103,-0.3740137465066766,0.16917070906345888,0.24502513849533464,-0.4765702789384534
0.17017017017017017,0.28372480608461775,0.2852312248918544,0.91,0.029,-0.4145840855743472,-0.3711805422919099,0.17017170820916555,0.24454831852485978,-0.4761943824098296
0.17117117117117117,0.28331081349581694,0.2848615621874115,0.91,0.029,-0.4108301735121245,-0.36796880356317274,0.17117270735487222,0.24407179815536953,-0.47589756174632214
0.17217217217217218,0.2829023232547636,0.2844945506104466,0.91,0.029,-0.4072992700794771,-0.3653039703021079,0.1721737065005789,0.24359557241935587,-0.47565010833193355
0.17317317317317318,0.2824953995417039,0.2841302229075274,0.91,0.029,-0.40400428601023464,-0.3623924031248862,0.17317470564628556,0.24311954745117845,-0.47547111532863084
0.17417417417417416,0.28209350586535376,0.2837690402938803,0.91,0.029,-0.4003182960396998,-0.35958267818068634,0.17417570479199226,0.24264368005885154,-0.47534529908709544
0.17517517517517517,0.28169396151159437,0.2834103376659244,0.91,0.029,-0.39763644905397655,-0.3568723574088324,0.17517670393769894,0.24216790697457471,-0.4751882573547448
0.17617617617617617,0.28129743689827874,0.28305458111988857,0.91,0.029,-0.39436965478779484,-0.3539772175882945,0.1761777030834056,0.24169235397952765,-0.47502516419828567
0.17717717717717718,0.2809044326731803,0.2827016745676495,0.91,0.029,-0.3915427610987763,-0.3513897015088219,0.17717870222911228,0.2412169074074714,-0.475001185247379
0.1781781781781782,0.28051356750668954,0.282351098233985,0.91,0.029,-0.3883124042584143,-0.34907468858153834,0.17817970137481895,0.24074140241824307,-0.475109119910897
0.17917917917917917,0.2801270304624528,0.28200282634226104,0.91,0.029,-0.3849350810008616,-0.34631969006764507,0.17918070052052562,0.24026573976117488,-0.4752721042910508
0.18018018018018017,0.279742926703885,0.28165776552113686,0.91,0.029,-0.3824086889223963,-0.3437914540669169,0.18018169966623232,0.23978990847749596,-0.4754990464767985
0.18118118118118118,0.27936144750164715,0.2813145551629479,0.91,0.029,-0.3797446191495055,-0.3413878802356862,0.181182698811939,0.23931379148255963,-0.4757981296612144
0.18218218218218218,0.2789826772160982,0.28097430630144576,0.91,0.029,-0.37694045938235377,-0.33884370835008326,0.18218369795764566,0.23883736143485654,-0.4761449699184652
0.1831831831831832,0.27860681194732817,0.28063618938046525,0.91,0.029,-0.3740831025527882,-0.336878407958352,0.18318469710335233,0.2383605500663178,-0.476383286446989
0.1841841841841842,0.27823376209587236,0.2802998750542819,0.91,0.029,-0.37127980658397064,-0.3343376714596502,0.184185696249059,0.23788364290933178,-0.47622246843900484
0.18518518518518517,0.2778635090312442,0.2799668446928584,0.91,0.029,-0.3687388934962712,-0.3320201502896225,0.18518669539476568,0.23740715349817026,-0.47602342390038643
0.18618618618618618,0.2774955460928768,0.2796351700486971,0.91,0.029,-0.3667567488498662,-0.33011719941134743,0.18618769454047238,0.23693064482801046,-0.47633698485813625
0.1871871871871872,0.277129261285799,0.2793059493987416,0.91,0.029,-0.363713882759896,-0.32737242510336273,0.18718869368617905,0.2364535276683473,-0.4769760183051943
0.1881881881881882,0.27676739017143553,0.2789797697982399,0.91,0.029,-0.3608904779754596,-0.3254876599751526,0.18818969283188572,0.2359757396543183,-0.47767682483208773
0.1891891891891892,0.2764067578263887,0.27865432245184435,0.91,0.029,-0.3591612722084676,-0.32340078539607475,0.1891906919775924,0.2354972194811857,-0.47843197349597233
0.19019019019019018,0.2760483485854326,0.278332320778428,0.91,0.029,-0.3564655998843307,-0.3208019724179394,0.19019169112329906,0.23501791966082186,-0.47924422873141737
0.19119119119119118,0.2756931129817754,0.2780120762608174,0.91,0.029,-0.3542272646246545,-0.31952862956615036,0.19119269026900573,0.2345377733540957,-0.4800629610892173
0.1921921921921922,0.2753391848924903,0.2776926238223396,0.91,0.029,-0.35189333953920254,-0.3171759121929085,0.19219368941471243,0.2340568344329504,-0.480761323743252
0.1931931931931932,0.2749886218115267,0.27737708944962036,0.91,0.029,-0.349110385132434,-0.3148376003316571,0.1931946885604191,0.2335752900053841,-0.4814397535698305
0.1941941941941942,0.27464026520253554,0.2770623183161701,0.91,0.029,-0.3477177055931122,-0.3138490958161526,0.19419568770612577,0.23309299286888513,-0.48234095032799473
0.19519519519519518,0.27429249026879776,0.2767487629314699,0.91,0.029,-0.3450425311927745,-0.31137122549176866,0.19519668685183245,0.23260964424694877,-0.4834548287285827
0.1961961961961962,0.27394948936431174,0.2764389524993698,0.91,0.029,-0.34220147053471806,-0.3093277509153438,0.19619768599753912,0.232125117127795,-0.48461241492421436
0.1971971971971972,0.2736074022396992,0.2761294881548626,0.91,0.029,-0.34155790158567356,-0.30830501033887003,0.1971986851432458,0.23163945102027278,-0.48584289583828877
0.1981981981981982,0.2732656897615376,0.2758217252514441,0.91,0.029,-0.33865019354203696,-0.30595580684848755,0.19819968428895246,0.23115246048043142,-0.48712348105807735
0.1991991991991992,0.2729294238742497,0.27551696401702774,0.91,0.029,-0.3359296214005951,-0.3042525932631861,0.19920068343465916,0.23066423064348718,-0.48838588072050015
0.20020020020020018,0.2725931579869618,0.27521261095061694,0.91,0.029,-0.33544154025190664,-0.30303080451597,0.20020168258036583,0.2301747127816786,-0.4895242695327653
0.2012012012012012,0.27225786923911066,0.2749102957397185,0.91,0.029,-0.3326792390158744,-0.30088931333338564,0.2012026817260725,0.2296842038922772,-0.49068934561205424
0.2022022022022022,0.27192713348442754,0.2746102299429425,0.91,0.029,-0.33033644078398083,-0.29943123379572967,0.20220368087177917,0.22919235355014853,-0.49213495726930034
0.2032032032032032,0.2715965350233269,0.2743108338101975,0.91,0.029,-0.3295945998695231,-0.29807102396961227,0.20320468001748584,0.2286989505486793,-0.49375344310246305
0.2042042042042042,0.27126728443563974,0.27401349115621654,0.91,0.029,-0.327114926160192,-0.2961397017612626,0.20420567916319252,0.22820386000067794,-0.4954852638762617
0.20520520520520522,0.2709416502862695,0.27371796153439915,0.91,0.029,-0.32507382068692436,-0.29479507726230736,0.20520667830889922,0.22770698989697852,-0.49729538887586955
0.2062062062062062,0.2706164859958261,0.27342331082135707,0.91,0.029,-0.3241198146661759,-0.2933935072700251,0.2062076774546059,0.2272082754818207,-0.4991983009843324
0.2072072072072072,0.27029276176841927,0.27313058714547017,0.91,0.029,-0.32189418012652027,-0.2916726474782365,0.20720867660031256,0.22670759575133145,-0.5006497504514584
0.2082082082082082,0.26997205320278,0.2728393815971764,0.91,0.029,-0.3199965855713174,-0.29033829739117323,0.20820967574601923,0.22620597553682037,-0.50187673539223
0.2092092092092092,0.2696521279634717,0.27254932929283515,0.91,0.029,-0.3189516421443841,-0.2889551504172516,0.2092106748917259,0.2257028393845761,-0.5035192601317675
0.21021021021021022,0.2693335113766651,0.2722608928075523,0.91,0.029,-0.3169684766644991,-0.28751257657276597,0.21021167403743257,0.22519793083834286,-0.5055423829356585
0.2112112112112112,0.26901755643861786,0.27197372853893576,0.91,0.029,-0.3151278024822659,-0.2860873542400668,0.21121267318313927,0.22469074439770184,-0.5077074598948172
0.2122122122122122,0.26870262488520913,0.27168814535161623,0.91,0.029,-0.31407374519065456,-0.2847045919475022,0.21221367232884594,0.2241815013710956,-0.5099009333834772
0.2132132132132132,0.2683887801719699,0.2714037493758777,0.91,0.029,-0.3122944013174447,-0.2835521295760657,0.21321467147455261,0.22366992360027804,-0.5122151959581203
0.21421421421421422,0.2680774108685576,0.27112047342053297,0.91,0.029,-0.31048639395834243,-0.2820555189710774,0.21421567062025929,0.22315604742395148,-0.5141190856295168
0.21521521521521522,0.2677671857896709,0.2708390736622219,0.91,0.029,-0.3094703960405525,-0.28069146008047596,0.21521666976596596,0.22264065806926475,-0.5154980376128577
0.21621621621621623,0.2674578505161241,0.270558528555507,0.91,0.029,-0.307833398656328,-0.27966966189646314,0.21621766891167263,0.22212402123342362,-0.5174004717065515
0.2172172172172172,0.2671509027092779,0.270279174439206,0.91,0.029,-0.30608735146276445,-0.27825239837179083,0.21721866805737933,0.22160482320893177,-0.5199609580448623
0.2182182182182182,0.26684506302570815,0.27000146669690483,0.91,0.029,-0.3051156982624832,-0.2769607271445693,0.218219667203086,0.22108306028381616,-0.5225674383109009
0.21921921921921922,0.26654006047051415,0.26972469850898667,0.91,0.029,-0.3035516351586125,-0.27599936370160094,0.21922066634879267,0.22055864409028508,-0.5252648332178467
0.22022022022022023,0.2662373520444096,0.2694489154182229,0.91,0.029,-0.30195288705732537,-0.27466486117955924,0.22022166549449934,0.22003148098517453,-0.5275871399163066
0.22122122122122123,0.26593555018611514,0.2691748189070256,0.91,0.029,-0.30083595240969885,-0.2732946566306964,0.221222664640206,0.219502415537601,-0.5290080293492991
0.2222222222222222,0.26563507786541124,0.2689017789685118,0.91,0.029,-0.2994197612912046,-0.27234588706778595,0.22222366378591268,0.21897240781427327,-0.5303893583940749
0.22322322322322322,0.2653361112245712,0.2686295818958789,0.91,0.029,-0.29825005150084394,-0.27123697275496284,0.22322466293161938,0.21844057694831223,-0.532978403914754
0.22422422422422422,0.26503798066520934,0.2683587620060394,0.91,0.029,-0.29683019827803037,-0.26977980118303435,0.22422566207732605,0.21790538596027573,-0.5362959665430509
0.22522522522522523,0.2647418565733639,0.26808948219381074,0.91,0.029,-0.29540320011889776,-0.2687104169129668,0.22522666122303273,0.21736691333960118,-0.5395785412635519
0.22622622622622623,0.26444658286717354,0.2678208032134209,0.91,0.029,-0.294641440878479,-0.26805875473687024,0.2262276603687394,0.2168251506425828,-0.5424742297286969
0.2272272272272272,0.26415198381885246,0.2675528280301734,0.91,0.029,-0.2930429041879279,-0.2665886885417592,0.22722865951444607,0.21628088085854855,-0.5440599209600663
0.22822822822822822,0.26385991038631684,0.26728709212524915,0.91,0.029,-0.2915153365538288,-0.26534309278184764,0.22822965866015274,0.21573594361039428,-0.5457682856146278
0.22922922922922923,0.2635683695314574,0.26702161062720675,0.91,0.029,-0.290821237326071,-0.2649794665251477,0.22923065780585944,0.21518825368324043,-0.5489680910293657
0.23023023023023023,0.26327768568696536,0.26675660270277635,0.91,0.029,-0.2894651378740889,-0.2636879195560766,0.2302316569515661,0.21463691043011304,-0.5523837393504323
0.23123123123123124,0.26298885974592373,0.26649370688435176,0.91,0.029,-0.2879587752352393,-0.2623180357513206,0.23123265609727278,0.21408238238085633,-0.5557158392536508
0.23223223223223222,0.26270119164245037,0.26623144147004096,0.91,0.029,-0.28701524820144186,-0.2619442376638119,0.23223365524297945,0.2135243682694159,-0.5563890148982154
0.23323323323323322,0.26241425464441936,0.2659692939961359,0.91,0.029,-0.2862286904107805,-0.2610310191071221,0.23323465438868612,0.21296849252366895,-0.5562668319254698
0.23423423423423423,0.26212816123121757,0.2657088568472039,0.91,0.029,-0.2846913186964741,-0.25948256804795733,0.2342356535343928,0.2124107230223312,-0.5589836600365743
0.23523523523523523,0.26184430205443643,0.26544980937541923,0.91,0.029,-0.2834447884248448,-0.2587884243128542,0.2352366526800995,0.21184940819134773,-0.5625147121547087
0.23623623623623624,0.261560704197334,0.2651907619036346,0.91,0.029,-0.2832144632101006,-0.2584392543574552,0.23623765182580617,0.2112845695297026,-0.5640318419561083
0.23723723723723725,0.2612773061320939,0.2649324134707997,0.91,0.029,-0.2817362951429345,-0.2570253721245308,0.23723865097151284,0.2107202174074489,-0.5601114963680374
0.23823823823823823,0.2609966675704213,0.264676196594076,0.91,0.029,-0.28013441636664993,-0.25584504617188486,0.2382396501172195,0.2101632272709728,-0.5578511890312399
0.23923923923923923,0.2607164764696982,0.2644202111761613,0.91,0.029,-0.27983796885027346,-0.2557067474380972,0.23924064926292618,0.20960340028014543,-0.5610553816933361
0.24024024024024024,0.2604364313965468,0.2641642711737795,0.91,0.029,-0.27905608755420985,-0.2546970786968643,0.24024164840863285,0.2090399953554345,-0.5578369593508796
0.24124124124124124,0.2601578056237438,0.26391030711470614,0.91,0.029,-0.27740371896641136,-0.2533627102691014,0.24124264755433955,0.20848661164063775,-0.5469183486883509
0.24224224224224225,0.2598810685958133,0.2636570385205881,0.91,0.029,-0.27646029090257684,-0.2528751891361196,0.24224364670004622,0.20794506575581778,-0.5426229562592084
0.24324324324324323,0.2596043315678828,0.263404050479799,0.91,0.029,-0.2764602909025484,-0.2523935603623215,0.2432446458457529,0.20740028140932518,-0.5306339941990075
0.24424424424424424,0.2593275945399523,0.2631517461074503,0.91,0.029,-0.2749303118116586,-0.2512439351547471,0.24424564499145957,0.20688273740606553,-0.5105179892742342
0.24524524524524524,0.25905392053322485,0.2629010596186283,0.91,0.029,-0.2733088119503577,-0.25028983316539666,0.24524664413716624,0.20637822526706237,-0.47909001256806505
0.24624624624624625,0.2587804297512629,0.26265066536037246,0.91,0.029,-0.27318036759547226,-0.25002662160136424,0.2462476432828729,0.20592360001947105,-0.42439099883847575
0.24724724724724725,0.258507012890391,0.26240050582162855,0.91,0.029,-0.2725390418085283,-0.2491309423296002,0.2472486424285796,0.20552859521249653,-0.34954992166788657
0.24824824824824826,0.2582348060439385,0.26215190471506794,0.91,0.029,-0.2711215166053478,-0.2481166578737657,0.24824964157428628,0.20522380167352827,-0.27787533870690595
0.24924924924924924,0.2579642270713613,0.26190377577583523,0.91,0.029,-0.27020303902708065,-0.24756929293749863,0.24925064071999295,0.2049722892591794,-0.23332589184173003
0.2502502502502503,0.2576938590188593,0.2616562704949728,0.91,0.029,-0.27004008399293866,-0.24701348184566996,0.25025163986569965,0.20475668363671862,-0.2072236118328874
0.25125125125125125,0.25742360628258654,0.2614092542906587,0.91,0.029,-0.2689149216435567,-0.2461773619494636,0.2512526390114063,0.20455742794234946,-0.1944104480464688
0.25225225225225223,0.25715549080736066,0.2611634229235024,0.91,0.029,-0.26766227983466706,-0.24536505438538825,0.252253638157113,0.2043674742518967,-0.17721280686293994
0.25325325325325326,0.2568877458624972,0.2609180329605579,0.91,0.029,-0.26722578171919054,-0.24492158008007436,0.25325463730281966,0.20420264820579329,-0.1646615252473964
0.25425425425425424,0.25662050425737226,0.26067308942984857,0.91,0.029,-0.2666932909499735,-0.24421862908391745,0.25425563644852633,0.20403782215968988,-0.16269594522998432
0.2552552552552553,0.2563538253600949,0.26042910677620573,0.91,0.029,-0.2656285839435384,-0.2434854304941041,0.255256635594233,0.20387693120142297,-0.15705359248566708
0.25625625625625625,0.2560887153005283,0.26018563111054105,0.91,0.029,-0.2646818624660483,-0.24284419004956703,0.2562576347399397,0.20372340113587326,-0.15337681975876194
0.25725725725725723,0.2558239317415443,0.25994293222155196,0.91,0.029,-0.2643173579920983,-0.24226866266653246,0.25725863388564635,0.2035698710703235,-0.15433554061900168
0.25825825825825827,0.2555595514206643,0.25970060876286033,0.91,0.029,-0.26354851670038215,-0.24166783187305896,0.258259633031353,0.20341442164724965,-0.15886685331862793
0.25925925925925924,0.2552963070834854,0.25945911273832256,0.91,0.029,-0.26264185398297,-0.24104377773676333,0.2592606321770597,0.2032518199014174,-0.16243944515800024
0.2602602602602603,0.2550337419031809,0.2592180386372612,0.91,0.029,-0.2619470823368317,-0.24043347940016702,0.26026163132276636,0.2030892181555852,-0.16293165400709597
0.26126126126126126,0.2547718885002284,0.25897776443121506,0.91,0.029,-0.2614979854719479,-0.23981331950659523,0.26126263046847303,0.20292563100847805,-0.1649021001314992
0.26226226226226224,0.25451022241274657,0.2587379318915023,0.91,0.029,-0.26068110818843593,-0.23929554853484092,0.2622636296141797,0.20275908443287147,-0.1663803374068067
0.26326326326326327,0.2542500043997511,0.2584986942639782,0.91,0.029,-0.25986838425994563,-0.23863301980313167,0.26326462875988643,0.2025925378572649,-0.16861420541776795
0.26426426426426425,0.2539899653872011,0.2582601881081126,0.91,0.029,-0.2593080299611472,-0.23799471514047355,0.2642656279055931,0.20242151908171704,-0.1748511453070165
0.2652652652652653,0.2537308692046337,0.25802222836780114,0.91,0.029,-0.2586861497347144,-0.23745744884095643,0.2652666270512998,0.20224248616310858,-0.17885421718526118
0.26626626626626626,0.25347207519754195,0.25778479782014263,0.91,0.029,-0.25806037701941875,-0.23709908739886032,0.26626762619700645,0.2020634532445001,-0.18157417370804296
0.26726726726726724,0.25321423181320346,0.25754755552015574,0.91,0.029,-0.257366266250628,-0.23642860316297742,0.2672686253427131,0.20187897497758028,-0.18564468139423695
0.2682682682682683,0.25295682741726044,0.25731146728327986,0.91,0.029,-0.2567790842038278,-0.2357489524946459,0.2682696244884198,0.20169179290953884,-0.1878020583013864
0.26926926926926925,0.2527001595725551,0.25707558564529154,0.91,0.029,-0.2561438508284368,-0.23545058973397204,0.26927062363412646,0.201502995577737,-0.1962625635856199
0.2702702702702703,0.2524440269151014,0.2568400947312599,0.91,0.029,-0.2556060975167753,-0.23506754155712883,0.27027162277983313,0.20129887559257204,-0.20391624312613033
0.27127127127127126,0.25218843565360255,0.25660497995648845,0.91,0.029,-0.25491528556077014,-0.23440341506403684,0.2712726219255398,0.20109475560740706,-0.20968275428968752
0.27227227227227224,0.25193368600306787,0.25637081862502564,0.91,0.029,-0.2542293844683883,-0.2338360320524373,0.2722736210712465,0.20087909107674523,-0.21751755735583345
0.2732732732732733,0.25167946791692913,0.25613683975217927,0.91,0.029,-0.2536856446269553,-0.2336196252686591,0.27327462021695315,0.20065928582922826,-0.22628843464103454
0.27427427427427425,0.2514258068346455,0.25590311166753077,0.91,0.029,-0.2532984131409819,-0.23319109180367548,0.2742756193626598,0.2004260620172273,-0.23858622280873476
0.2752752752752753,0.251172363986717,0.25566999071953933,0.91,0.029,-0.25263239491967227,-0.23250004302234117,0.27527661850836654,0.20018163661881042,-0.25297870592872584
0.27627627627627627,0.2509200362742457,0.25543764611593445,0.91,0.029,-0.25195170217654095,-0.23205293334345356,0.2762776176540732,0.19991959908019397,-0.26828561879884205
0.2772772772772773,0.2506679561745518,0.25520542028241533,0.91,0.029,-0.2515686731497482,-0.23194558581155889,0.2772786167997799,0.19964452926836437,-0.277009013911524
0.2782782782782783,0.25041639528695886,0.25497329058878415,0.91,0.029,-0.2512829963375367,-0.23142876563775872,0.27827961594548656,0.199365027507637,-0.2799683434446081
0.27927927927927926,0.250164887112815,0.2547420994302877,0.91,0.029,-0.25054784264045793,-0.23072135973345098,0.27928061509119323,0.19908403312313844,-0.282994899495975
0.2802802802802803,0.24991479800439542,0.2545113859646932,0.91,0.029,-0.24982091708464793,-0.23045524767418613,0.2802816142368999,0.19879847220236738,-0.28753190860282984
0.28128128128128127,0.24966474513666947,0.2542807275630721,0.91,0.029,-0.24962089190982795,-0.23039552007655573,0.28128261338260657,0.19850839473338877,-0.2929002699505361
0.2822822822822823,0.24941505647905046,0.25405013367224766,0.91,0.029,-0.24933672213421687,-0.22978898789720859,0.28228361252831324,0.1982120863623719,-0.3012480864182834
0.2832832832832833,0.2491655725197841,0.2538206895492638,0.91,0.029,-0.24859848375434979,-0.2290983850126196,0.2832846116740199,0.1979052965790878,-0.31044720186788766
0.28428428428428426,0.24891736181687962,0.25359147824679695,0.91,0.029,-0.24793975715930117,-0.22898209116441137,0.2842856108197266,0.19759057159465832,-0.32273678270129835
0.2852852852852853,0.24866919662957535,0.25336226694433006,0.91,0.029,-0.24782507919415764,-0.22886904927561602,0.28528660996543326,0.19725917809154359,-0.33895870671925366
0.2862862862862863,0.24842121551218654,0.25313328195195084,0.91,0.029,-0.24754010355785283,-0.2282759809677941,0.28628760911113993,0.1969119768429467,-0.3535565214068299
0.2872872872872873,0.2481736208466768,0.2529052579734236,0.91,0.029,-0.24678667270185883,-0.22770894582004075,0.28728860825684666,0.19655135853976907,-0.3670466221978472
0.2882882882882883,0.24792714809936994,0.2526774081865453,0.91,0.029,-0.2462128652397837,-0.22760893969790175,0.2882896074025533,0.1961771501324375,-0.3765680008976773
0.28928928928928926,0.24768070219754812,0.2524495844204749,0.91,0.029,-0.24616850372764532,-0.22746777808778518,0.28929060654826,0.19579747004537096,-0.3789467814805505
0.2902902902902903,0.2474343182620774,0.25222201723942267,0.91,0.029,-0.24587352437252719,-0.22691196267474822,0.29029160569396667,0.19541849932337685,-0.377869004471421
0.2912912912912913,0.24718846290951502,0.2519953062169218,0.91,0.029,-0.24511403601388793,-0.22644904440683433,0.29129260483967334,0.19504097694404113,-0.3773705939782417
0.2922922922922923,0.24694359947125882,0.2517686657991688,0.91,0.029,-0.24461857481792038,-0.22637234583966404,0.29229360398538,0.19466300403900277,-0.37950792012605916
0.2932932932932933,0.24669873603300263,0.25154210832735285,0.91,0.029,-0.2446185748179346,-0.22617326575817742,0.2932946031310867,0.19428120273637092,-0.3890490020803554
0.29429429429429427,0.24645387259474646,0.2513158664683216,0.91,0.029,-0.24431853515909552,-0.2256946003571585,0.29429560227679336,0.19388412860156182,-0.4042720168704079
0.2952952952952953,0.24620960983648793,0.2510902672855968,0.91,0.029,-0.24359396309445458,-0.22533422085280108,0.2952966014225,0.19347185084933013,-0.41725142086100675
0.2962962962962963,0.24596619699295574,0.2508647469070547,0.91,0.029,-0.2431625029868485,-0.2252349121439181,0.2962976005682067,0.1930487919699083,-0.42561626017169374
0.2972972972972973,0.24572279801869648,0.25063934654056397,0.91,0.029,-0.24314659911526348,-0.22500284988613828,0.29729859971391337,0.19261976782366869,-0.4310531216210052
0.2982982982982983,0.24547941701474696,0.2504142907511264,0.91,0.029,-0.24285812079487812,-0.2246122821411376,0.29829959885962004,0.19218582435691467,-0.43658307479820735
0.29929929929929927,0.24523659557466268,0.2501896723020432,0.91,0.029,-0.24224631234301341,-0.22433037578767312,0.29930059800532677,0.19174572925386268,-0.4426432246196157
0.3003003003003003,0.2449944394124587,0.2499651808896897,0.91,0.029,-0.24188304516177084,-0.22420042563832965,0.30030159715103344,0.19129965337752047,-0.4490685353389807
0.3013013013013013,0.24475234523399844,0.2497408226010655,0.91,0.029,-0.24181690138962608,-0.22396709653168045,0.3013025962967401,0.19084669481338654,-0.45559438911872974
0.3023023023023023,0.24451032149175878,0.24951679831405071,0.91,0.029,-0.24153828119204945,-0.22365523620337058,0.3023035954424468,0.19038755418892728,-0.46115684259483203
0.3033033033033033,0.24426878511149178,0.2492930643704281,0.91,0.029,-0.24102924859049324,-0.2234231008646077,0.30330459458815345,0.18992345960243812,-0.46543350996627453
0.30430430430430433,0.24402778045353962,0.2490695048188263,0.91,0.029,-0.2407122668688828,-0.22326772221005342,0.3043055937338601,0.18945575709720827,-0.4696758564449368
0.3053053053053053,0.24378687867131377,0.2488460819435811,0.91,0.029,-0.24060520551765308,-0.223051943443636,0.3053065928795668,0.18898316934031725,-0.475961667032081
0.3063063063063063,0.2435460883504012,0.24862295438150173,0.91,0.029,-0.24034975161450234,-0.22280253629371316,0.30630759202527347,0.1885028826530318,-0.48223495280102213
0.3073073073073073,0.2433056979874009,0.24840003081987003,0.91,0.029,-0.2399334843534433,-0.22258959024024705,0.30730859117098014,0.1880177357887498,-0.4869740106441611
0.3083083083083083,0.24306574103437825,0.24817732957621588,0.91,0.029,-0.23965134044483705,-0.22241791969638314,0.3083095903166868,0.18752796151575948,-0.49176067761531783
0.30930930930930933,0.2428259155240479,0.24795474969935677,0.91,0.029,-0.23951251639896043,-0.22223310894401038,0.3093105894623935,0.18703323175237968,-0.4965770677594179
0.3103103103103103,0.24258623649704297,0.24773241844719882,0.91,0.029,-0.23928488813182014,-0.2220469515008574,0.31031158860810015,0.18653381507455008,-0.49938930489936695
0.3113113113113113,0.2423468666989592,0.24751021125791361,0.91,0.029,-0.2389517318196397,-0.22186988201200109,0.3113125877538069,0.18603345521722106,-0.5006859093886931
0.3123123123123123,0.24210785465155824,0.24728823449922688,0.91,0.029,-0.23870056583724875,-0.22170268658994985,0.31231358689951355,0.18553144273941913,-0.5039764862495844
0.3133133133133133,0.24186898768827397,0.24706636203551127,0.91,0.029,-0.2385390569891257,-0.22155662009369337,0.3133145860452202,0.1850244951528369,-0.5097168441965181
0.31431431431431434,0.24163029898191038,0.24684467770224255,0.91,0.029,-0.23833323798842798,-0.22142046826576234,0.3143155851909269,0.1845109904882331,-0.5158593644629974
0.3153153153153153,0.24139184406867747,0.24662307781475895,0.91,0.029,-0.2380623194529221,-0.22127265145117292,0.31531658433663357,0.18399174558657239,-0.5208240229256234
0.3163163163163163,0.2411536977417644,0.24640168941104904,0.91,0.029,-0.2378334347063742,-0.2211197694649769,0.31631758348234024,0.18346830168420897,-0.523374572894511
0.3173173173173173,0.24091570105625235,0.24618039559360788,0.91,0.029,-0.23765059407445221,-0.2210058139464337,0.3173185826280469,0.1829439505858684,-0.5241843253967033
0.3183183183183183,0.24067792077665034,0.24595923532907418,0.91,0.029,-0.2374670532365286,-0.2209128791977406,0.3183195817737536,0.1824188855603791,-0.5244837898292616
0.31931931931931934,0.24044029154026333,0.245738127567186,0.91,0.029,-0.23727029360104268,-0.22078266586758843,0.31932058091946025,0.18189393493475622,-0.5245553213970737
0.3203203203203203,0.2402029051738454,0.2455172279899999,0.91,0.029,-0.23708467777225906,-0.2206397140308809,0.3203215800651669,0.1813687267031904,-0.5256409672006157
0.3213213213213213,0.23996564754071928,0.245296406417975,0.91,0.029,-0.23690340239461705,-0.22056117832870825,0.3213225792108736,0.18084160261652374,-0.5290678292297457
0.32232232232232233,0.23972862408797035,0.24507566406942194,0.91,0.029,-0.2367421746181293,-0.22050891194406574,0.32232357835658026,0.1803095338130307,-0.5332725999984831
0.3233233233233233,0.23949168923317546,0.24485494713480366,0.91,0.029,-0.23660511821893238,-0.22039353042079313,0.32332457750228694,0.17977399178246922,-0.5371054275329499
0.32432432432432434,0.23925494016761217,0.24463443578029126,0.91,0.029,-0.23646274051058924,-0.22026501775324903,0.32432557664799366,0.17923424966480087,-0.5400957946631877
0.3253253253253253,0.23901829035327435,0.2444139761282906,0.91,0.029,-0.23629102586438933,-0.2202203416957076,0.32532657579370033,0.17869272092435395,-0.5429137268825599
0.3263263263263263,0.23878188506077658,0.2441935542153349,0.91,0.029,-0.2361457408228489,-0.2201951372673392,0.326327574939407,0.1781473373111971,-0.5468210373392424
0.32732732732732733,0.23854552610738278,0.24397314502265033,0.91,0.029,-0.23605373345510827,-0.22010464343520653,0.3273285740851137,0.17759798614189193,-0.5498118689626637
0.3283283283283283,0.23830930501381936,0.24375290427852764,0.91,0.029,-0.2359511356012547,-0.22000441316362185,0.32832957323082035,0.17704661488893508,-0.5502049511998308
0.32932932932932935,0.23807315146153446,0.24353269574704753,0.91,0.029,-0.23579262893930775,-0.21998134426371507,0.329330572376527,0.1764964767696627,-0.5485028816450637
0.3303303303303303,0.23783724769862552,0.24331250118690853,0.91,0.029,-0.23565826539194745,-0.21997149059534138,0.3303315715222337,0.17594851305704637,-0.5491913967665312
0.3313313313313313,0.23760136314243147,0.2430923123824923,0.91,0.029,-0.2356022828678448,-0.21991531960085808,0.33133257066794036,0.1753969965316772,-0.5507210226373473
0.33233233233233234,0.23736557145664788,0.24287223027679672,0.91,0.029,-0.23553828010804523,-0.21985287694938904,0.33233356981364703,0.174845970510681,-0.5493611878154638
0.3333333333333333,0.237129815034107,0.2426521664826937,0.91,0.029,-0.23540166205800972,-0.21984282769395236,0.3333345689593537,0.17429717637230183,-0.5471601486831332
0.33433433433433435,0.2368942968579332,0.2424321044956277,0.91,0.029,-0.2352802245999328,-0.21984044156896232,0.3343355681050604,0.1737505568278879,-0.5450774716678808
0.3353353353353353,0.2366587835534264,0.24221204547855157,0.91,0.029,-0.2352512951883483,-0.21982507852001731,0.33533656725076705,0.17320593220533484,-0.5432508655293304
0.3363363363363363,0.23642332329399257,0.24199201424834038,0.91,0.029,-0.23522067840585237,-0.21980776909461497,0.3363375663964738,0.17266296952328938,-0.5424358441812984
0.33733733733733734,0.23618787128434565,0.2417719898847686,0.91,0.029,-0.23511446845716932,-0.21980433920818143,0.33733856554218045,0.17211997657208244,-0.5410844992388633
0.3383383383383383,0.23595262365744166,0.24155196552119687,0.91,0.029,-0.2350123792771086,-0.2198075420360226,0.3383395646878871,0.17157971928030294,-0.5378569088014729
0.33933933933933935,0.23571737603053766,0.2413319347455574,0.91,0.029,-0.2350017413387917,-0.21983375391810966,0.3393405638335938,0.17104318795963705,-0.536493629775677
0.34034034034034033,0.2354821497008074,0.24111185790574516,0.91,0.029,-0.23499101364146213,-0.2198632598409347,0.34034156297930046,0.1705056599501379,-0.5366772464332286
0.34134134134134136,0.23524692355077503,0.2408917680591892,0.91,0.029,-0.2349273839613204,-0.21987022378188215,0.34134256212500713,0.1699687610292373,-0.534922033863694
0.34234234234234234,0.23501182460779171,0.24067167727755318,0.91,0.029,-0.23486009472978253,-0.21987867262751593,0.3423435612707138,0.16943474695230343,-0.5300363085003426
0.3433433433433433,0.23477673317093564,0.24045157051639138,0.91,0.029,-0.23485519160715285,-0.21994242743545556,0.3433445604164205,0.1689076292452326,-0.5222680611929178
0.34434434434434436,0.23454164404401368,0.24023135209750224,0.91,0.029,-0.23485390351849844,-0.22001303071313316,0.34434555956212715,0.16838916718613545,-0.513500382411678
0.34534534534534533,0.2343065551859136,0.24001110398843714,0.91,0.029,-0.23483696621144645,-0.22003440177080336,0.3453465587078338,0.1678796023570043,-0.5068013060601544
0.34634634634634637,0.23407149996751433,0.2397908427846478,0.91,0.029,-0.23481713277614347,-0.22005095787312712,0.3463475578535405,0.16737455183731698,-0.5030070933398747
0.34734734734734735,0.23383645081599136,0.23957056153023265,0.91,0.029,-0.23481410237144473,-0.22015099445420105,0.34734855699924716,0.1668725830155691,-0.4994966669280956
0.3483483483483483,0.2336014016644684,0.23935010005300775,0.91,0.029,-0.23481410237144473,-0.22025974567520734,0.3483495561449539,0.16637456036356027,-0.4955438015535094
0.34934934934934936,0.23336635251294546,0.23912960107843045,0.91,0.029,-0.2348402888276837,-0.22029573470818775,0.34935055529066056,0.16588050517153846,-0.49247319669910894
0.35035035035035034,0.2331312509360846,0.2389090675510894,0.91,0.029,-0.23487523115845477,-0.22032071257243047,0.35035155443636723,0.1653886298652018,-0.49101569350823127
0.35135135135135137,0.23289613182994556,0.23868851857077797,0.91,0.029,-0.23488437229318038,-0.22046399824797902,0.3513525535820739,0.16489749259207784,-0.49112876249878923
0.35235235235235235,0.23266101195251462,0.23846769818522756,0.91,0.029,-0.23488492177425258,-0.2206157572011449,0.3523535527277806,0.16440539092181528,-0.4908817086461852
0.3533533533533533,0.23242589174631345,0.2382468453831881,0.91,0.029,-0.23493958312576524,-0.22066628224045814,0.35335455187348724,0.16391474825008212,-0.4894837068823392
0.35435435435435436,0.23219066243674738,0.23802592384640783,0.91,0.029,-0.23502305756790065,-0.2207154349207343,0.3543555510191939,0.16342544537696216,-0.4897320504964142
0.35535535535535534,0.23195537511454586,0.23780497264060402,0.91,0.029,-0.23505716027230505,-0.22089150287591508,0.3553565501649006,0.16293430552173793,-0.4905415645061879
0.3563563563563564,0.23172007753129736,0.23758369861542505,0.91,0.029,-0.2350656174570247,-0.22107236132802655,0.35635754931060726,0.16244338200295355,-0.49050484823860074
0.35735735735735735,0.23148477327779501,0.23736238533063794,0.91,0.029,-0.23513785854356684,-0.22115407518478492,0.35735854845631393,0.1619523156536343,-0.48936175244685387
0.35835835835835833,0.23124933106774667,0.23714094771415423,0.91,0.029,-0.23526105002495967,-0.22124994960951483,0.3583595476020206,0.1614636806106719,-0.48698731487678515
0.35935935935935936,0.23101378018465196,0.2369194424885769,0.91,0.029,-0.23532818997669835,-0.22142551089778806,0.35936054674772727,0.160977367881311,-0.4843968152443381
0.36036036036036034,0.2307782035602858,0.2366976533980425,0.91,0.029,-0.23535316438692178,-0.22159737258496648,0.360361545893434,0.16049391901418664,-0.4822819675353003
0.3613613613613614,0.23054260267837184,0.23647580410502345,0.91,0.029,-0.23544035371131145,-0.2217294337261535,0.36136254503914067,0.16001184020632583,-0.481106254493028
0.36236236236236236,0.23030685150080366,0.23625375062781992,0.91,0.029,-0.2355998311496279,-0.2218726117203147,0.36236354418484734,0.15953074511470333,-0.48155913672124484
0.36336336336336333,0.23007093134473897,0.23603161469216996,0.91,0.029,-0.23570647810592504,-0.22204565910060126,0.363364543330554,0.15904775963739542,-0.48279122182603373
0.36436436436436437,0.22983496665975078,0.2358092147737647,0.91,0.029,-0.23575827496286195,-0.22221641477341336,0.3643655424762607,0.15856419791349827,-0.4846930084526804
0.36536536536536535,0.22959894280627474,0.2355867369849158,0.91,0.029,-0.23586122523559538,-0.22240454421844902,0.36536654162196736,0.15807740506261317,-0.48507719494620005
0.3663663663663664,0.2293627720146345,0.23536396043098506,0.91,0.029,-0.236049912908598,-0.22259394184044368,0.366367540767674,0.15759307419801238,-0.48223025426652555
0.36736736736736736,0.2291263704080593,0.2351411034677177,0.91,0.029,-0.23619670221721378,-0.22276373518913317,0.3673685399133807,0.15711198091750375,-0.47968587685573993
0.3683683683683684,0.2288899057439294,0.23491798698716299,0.91,0.029,-0.23628623209698674,-0.22295362844941735,0.36836953905908737,0.15663274389213208,-0.4771833142376636
0.36936936936936937,0.22865332489835558,0.2346947498572083,0.91,0.029,-0.23640586787864493,-0.22318564424929832,0.36937053820479404,0.156156660737709,-0.474847449370273
0.37037037037037035,0.22841662072315133,0.2344711688805578,0.91,0.029,-0.2366007046469889,-0.22340157871678912,0.3703715373505007,0.15568210010981082,-0.47261157725638725
0.3713713713713714,0.22817964981397726,0.23424749944936693,0.91,0.029,-0.23677056787177264,-0.22357834275436517,0.3713725364962074,0.15521049316753954,-0.4707358690972825
0.37237237237237236,0.22794260557225687,0.2340235645907592,0.91,0.029,-0.23689959073089994,-0.2237999287852972,0.3723735356419141,0.15473968770417107,-0.46924414956552596
0.3733733733733734,0.22770537635906055,0.2337994515438909,0.91,0.029,-0.23704257933454187,-0.22407697449713737,0.3733745347876208,0.1542710671818536,-0.4685872362950505
0.3743743743743744,0.22746804585386937,0.23357496203921332,0.91,0.029,-0.23724190324951167,-0.22432448694556228,0.37437553393332745,0.1538015768577303,-0.46806688699078336
0.37537537537537535,0.22723041759379625,0.23335035347192784,0.91,0.029,-0.2374315988615905,-0.22448748997680923,0.3753765330790341,0.15333399807383088,-0.46738421866524504
0.3763763763763764,0.22699270731760995,0.23312553763485538,0.91,0.029,-0.23761192856868263,-0.22472477328147988,0.3763775322247408,0.1528658744505289,-0.46620615362769513
0.37737737737737737,0.22675471803710218,0.23290045402591883,0.91,0.029,-0.23779104468532353,-0.22508383060366555,0.37737853137044747,0.15240065415082185,-0.4628713569855023
0.3783783783783784,0.22651664917009182,0.2326749193553686,0.91,0.029,-0.23798630058064418,-0.22536307950790047,0.37837953051615414,0.15193920678469974,-0.4594000955072204
0.3793793793793794,0.22627826898689063,0.23244927668956664,0.91,0.029,-0.2381858285095575,-0.22548832986241507,0.3793805296618608,0.1514809359445413,-0.45625786324485773
0.38038038038038036,0.2260398006645672,0.23222349126755598,0.91,0.029,-0.2384259677818079,-0.2257720466771076,0.3803815288075675,0.15102577932203964,-0.45245137791660284
0.3813813813813814,0.22580093972206222,0.23199728060012303,0.91,0.029,-0.2386526151058206,-0.22621253571801958,0.38138252795327415,0.15057512905900464,-0.44753394511913314
0.38238238238238237,0.2255620176513423,0.2317706133181705,0.91,0.029,-0.23883530211014659,-0.226488946931795,0.3823835270989808,0.15012981712856166,-0.4422774131888332
0.3833833833833834,0.225322790969089,0.2315438492749343,0.91,0.029,-0.23903496702421023,-0.2265770127611546,0.3833845262446875,0.14968969043346986,-0.43706887976755127
0.3843843843843844,0.22508346916881128,0.231317005685015,0.91,0.029,-0.2393434410115134,-0.22694260874634153,0.3843855253903942,0.14925480597803706,-0.43125435431748826
0.38538538538538536,0.22484362492101792,0.23108950971788456,0.91,0.029,-0.23962801517045307,-0.2274717730497997,0.3853865245361009,0.14882631995296164,-0.42486266736257505
0.3863863863863864,0.2246037334027043,0.2308616067399704,0.91,0.029,-0.2397896395032859,-0.22770426585302062,0.38638752368180757,0.14840423164389185,-0.4186681958826739
0.38738738738738737,0.22436356558267298,0.23063364532178238,0.91,0.029,-0.23998192850073963,-0.22776492686688243,0.38738852282751424,0.14798814694013543,-0.41129093171545605
0.3883883883883884,0.22412328910140153,0.2304056209003971,0.91,0.029,-0.2403672400573953,-0.2282440791586282,0.3883895219732209,0.14758082790132374,-0.404247416971657
0.3893893893893894,0.22388234988686234,0.23017670021836165,0.91,0.029,-0.2407170365334821,-0.2288511834120328,0.3893905211189276,0.14717884430204992,-0.400139587964631
0.39039039039039036,0.22364137311234553,0.2299474603730457,0.91,0.029,-0.24084910453704822,-0.22901060547063423,0.39039152026463425,0.1467797491298917,-0.39494877849146803
0.3913913913913914,0.22340016949739883,0.2297182205277298,0.91,0.029,-0.24103085179189065,-0.22909460633944434,0.3913925194103409,0.1463881575223142,-0.3876984642238739
0.3923923923923924,0.22315882886451385,0.22948881251250625,0.91,0.029,-0.24150142047651002,-0.22968768012543705,0.3923935185560476,0.14600357746693193,-0.38156301915034874
0.3933933933933934,0.22291668317011856,0.22925838533228352,0.91,0.029,-0.2419182815051073,-0.23031864482319975,0.39339451770175426,0.14562426900990869,-0.3749576737847633
0.3943943943943944,0.2226745079806197,0.2290277141244718,0.91,0.029,-0.24201236384945446,-0.23044589949309113,0.39439551684746094,0.1452529128446625,-0.36872622039015823
0.39539539539539537,0.2224321739331827,0.2287970321801452,0.91,0.029,-0.2421872541017649,-0.23055704790921538,0.3953965159931676,0.1448860797466883,-0.36405870761031167
0.3963963963963964,0.22218964861304863,0.22856613845298188,0.91,0.029,-0.24275160410294916,-0.231266358329691,0.3963975151388743,0.1445240679340525,-0.35923587193241246
0.3973973973973974,0.22194618473577934,0.2283340364677734,0.91,0.029,-0.24322952880358173,-0.2318902012783184,0.397398514284581,0.14416689014486525,-0.35407799623924063
0.3983983983983984,0.2217027026094379,0.22810189380577808,0.91,0.029,-0.2432771999807386,-0.23195428340994795,0.3983995134302877,0.14381520439055445,-0.3502240135921113
0.3993993993993994,0.2214591432943764,0.2278696635280137,0.91,0.029,-0.24345835701076624,-0.23227843287065753,0.39940051257599435,0.1434657422680419,-0.348256472886078
0.40040040040040037,0.22121529849129823,0.22763687191814913,0.91,0.029,-0.24412499727684178,-0.2330248137445068,0.400401511721701,0.14311799552686288,-0.34657184200386837
0.4014014014014014,0.2209704045610895,0.22740314738438108,0.91,0.029,-0.24464903627850276,-0.23356309492960747,0.4014025108674077,0.1427719060324982,-0.3450486596878761
0.4024024024024024,0.22072551063088078,0.22716927813450624,0.91,0.029,-0.2446490362785454,-0.23371884031617185,0.40240351001311436,0.14242720869971331,-0.34411237429348773
0.4034034034034034,0.22048061670067204,0.22693524179816255,0.91,0.029,-0.24486328754292686,-0.23420124956983557,0.40340450915882103,0.14208299364710844,-0.3438520430514558
0.4044044044044044,0.22023529383900303,0.22670040676399603,0.91,0.029,-0.24562614346582734,-0.23486251049173745,0.4044055083045277,0.1417388174970253,-0.34442620606554897
0.40540540540540543,0.21998887266970943,0.2264650465819629,0.91,0.029,-0.24617711350239802,-0.23528687091726397,0.4054065074502344,0.14139345297104725,-0.3464458048007941
0.4064064064064064,0.21974244676492413,0.22622936197737487,0.91,0.029,-0.24618435784201154,-0.23552872779980305,0.40640750659594105,0.1410452335877468,-0.34867673457452497
0.4074074074074074,0.21949601109244815,0.2259935175973787,0.91,0.029,-0.24647112057648712,-0.23612804772194806,0.4074085057416477,0.14069540274417344,-0.35012784230674754
0.4084084084084084,0.21924901108809433,0.22575663315310673,0.91,0.029,-0.24722828483784554,-0.23679002939883276,0.4084095048873544,0.14034427824567244,-0.351352773148335
0.4094094094094094,0.21900105957125124,0.22551946348446808,0.91,0.029,-0.24773432851867483,-0.2371419235040264,0.4094105040330611,0.13999199509264715,-0.35226029903880374
0.41041041041041043,0.21875304646643537,0.2252818745474931,0.91,0.029,-0.24780586904282131,-0.23752009086069847,0.4104115031787678,0.13963905372886395,-0.3529264679327042
0.4114114114114114,0.21850495172531964,0.22504394778704923,0.91,0.029,-0.2482349266673367,-0.23814846434581227,0.41141250232447446,0.13928543690685133,-0.35365833691676585
0.4124124124124124,0.21825607964628055,0.22480510084509908,0.91,0.029,-0.24902919317786143,-0.23876120059993866,0.41241350147018113,0.1389310303426125,-0.3545080225851507
0.4134134134134134,0.21800639478202063,0.22456594738544777,0.91,0.029,-0.24952199366251193,-0.23916061726436055,0.4134145006158878,0.13857571245134354,-0.354812121918215
0.4144144144144144,0.21775653611542464,0.22432630081053576,0.91,0.029,-0.24967700269586146,-0.23970107724932177,0.4144154997615945,0.13822069708075949,-0.3545209952241919
0.41541541541541543,0.2175065409227697,0.2240860653489126,0.91,0.029,-0.2502000304973677,-0.24024811400028057,0.41541649890730115,0.13786596202463455,-0.35429984525798375
0.4164164164164164,0.21725563515346794,0.22384532360532997,0.91,0.029,-0.2509178186236909,-0.2408571771856316,0.4164174980530078,0.137511389395905,-0.3550670960256781
0.4174174174174174,0.2170042029475471,0.22360386879799043,0.91,0.029,-0.2513436513108189,-0.24134632831388103,0.4174184971987145,0.13715511830505403,-0.3563218782804398
0.4184184184184184,0.2167524446603532,0.22336214777286975,0.91,0.029,-0.2515704153944114,-0.24193229896046375,0.41841949634442116,0.13679803360439435,-0.3570368261135144
0.4194194194194194,0.216500558472283,0.2231195198511226,0.91,0.029,-0.25218526394696994,-0.24253803925678596,0.41942049549012783,0.13644033118920315,-0.3575622760203032
0.42042042042042044,0.216247569257056,0.22287658613271605,0.91,0.029,-0.2528685592293982,-0.24313181509624826,0.4204214946358345,0.13608219453872786,-0.35774920995137904
0.4214214214214214,0.21599431511046235,0.22263276947054952,0.91,0.029,-0.2532876363174097,-0.2437652431805759,0.42142249378154123,0.13572411788212602,-0.35734606206757746
0.4224224224224224,0.21574048690206618,0.22238856762785003,0.91,0.029,-0.25360961246573765,-0.24422934000891416,0.4224234929272479,0.13536678833302523,-0.35653252735130536
0.42342342342342343,0.21548658815857902,0.22214382184290407,0.91,0.029,-0.25428012048067217,-0.24488554376395655,0.4234244920729546,0.13501034037153542,-0.3556864053789752
0.4244244244244244,0.2152314175917945,0.22189830627897322,0.91,0.029,-0.2549654876324894,-0.24561054460291132,0.42442549121866124,0.13465470475717758,-0.3557381534228341
0.42542542542542544,0.21497614674189738,0.22165210904089627,0.91,0.029,-0.2553810701714383,-0.24621762248627022,0.4254264903643679,0.13429815319619234,-0.35623586680299013
0.4264264264264264,0.21472014417803784,0.2214053781058275,0.91,0.029,-0.2558874732513914,-0.24668375969635292,0.4264274895100746,0.13394152116049785,-0.3563033584431281
0.4274274274274274,0.21446385950816088,0.2211582476601228,0.91,0.029,-0.2564762308638109,-0.24747796643056574,0.42742848865578126,0.13358483448136438,-0.35756158228554114
0.42842842842842843,0.2142066782503826,0.22090992672158216,0.91,0.029,-0.25711573061234105,-0.24827651727005673,0.42842948780148793,0.13322568348368713,-0.3580197653443662
0.4294294294294294,0.21394911330072874,0.220661197575498,0.91,0.029,-0.2576382843686815,-0.2486779404509747,0.4294304869471946,0.13286807952285276,-0.3564502979522075
0.43043043043043044,0.21369088588928414,0.22041207298694562,0.91,0.029,-0.2582345311982266,-0.2493184198807512,0.43043148609290127,0.13251207059621303,-0.3548994072546776
0.4314314314314314,0.2134321272522838,0.22016206159976073,0.91,0.029,-0.25876334586763505,-0.2502973824872612,0.43143248523860794,0.1321575715159053,-0.35516935153829365
0.43243243243243246,0.21317284115281243,0.2199109771261103,0.91,0.029,-0.2594378688866783,-0.25096807806635013,0.4324334843843146,0.131801022161271,-0.3573975483880929
0.43343343343343343,0.2129127321193775,0.21965962300503325,0.91,0.029,-0.2600757526638091,-0.251297600355457,0.43343448353002134,0.131442062234677,-0.35976798710255764
0.4344344344344344,0.2126521689753073,0.2194078788271004,0.91,0.029,-0.2606691567575723,-0.2522753735696597,0.434435482675728,0.1310807672657864,-0.3621278626996087
0.43543543543543545,0.2123908719456887,0.21915456720209103,0.91,0.029,-0.2611296005027981,-0.2532689254864948,0.4354364818214347,0.1307170828722792,-0.3647229240933143
0.4364364364364364,0.21212938699231867,0.2189008339312315,0.91,0.029,-0.26195014178520637,-0.2535470700167508,0.43643748096714136,0.1303505925949123,-0.36532657513828326
0.43743743743743746,0.21186644723741005,0.2186469654603158,0.91,0.029,-0.2627588606119957,-0.2542473946684254,0.437438480112848,0.1299856996930445,-0.3637645165858032
0.43843843843843844,0.21160334322732965,0.21839183013810148,0.91,0.029,-0.26317729789217026,-0.25550047458732195,0.4384394792585547,0.12962233665423073,-0.3621675688421675
0.4394394394394394,0.21133956576014848,0.21813545299867954,0.91,0.029,-0.2637793993860953,-0.2561207622825492,0.43944047840426137,0.12926064083901714,-0.35925062694086307
0.44044044044044045,0.21107525634167182,0.2178790758592576,0.91,0.029,-0.2646723698937876,-0.25638399954374336,0.44044147754996804,0.12890311751290595,-0.3548766323962269
0.44144144144144143,0.21080969114574646,0.2176221717183116,0.91,0.029,-0.2654442369861414,-0.25771492528845386,0.4414424766956747,0.12855017842729738,-0.34940692796824635
0.44244244244244246,0.2105438364478057,0.21736313006288435,0.91,0.029,-0.26574294787124586,-0.2589233504471764,0.4424434758413814,0.12820360544010553,-0.34192434135103866
0.44344344344344344,0.2102776732320903,0.21710380665235124,0.91,0.029,-0.26659369315633796,-0.2590668505123972,0.44344447498708806,0.12786564648011997,-0.3304620576236914
0.4444444444444444,0.2100101153403856,0.21684447770950618,0.91,0.029,-0.26762618233253477,-0.26002811520230296,0.4444454741327947,0.12754202096536596,-0.3163069540013055
0.44544544544544545,0.2097418850792724,0.21658322984513947,0.91,0.029,-0.268142771448467,-0.26139196305921075,0.44544647327850145,0.1272324004986472,-0.300765052627348
0.44644644644644643,0.20947329297512338,0.21632117047615435,0.91,0.029,-0.2684504886085648,-0.26191252260737485,0.4464474724242081,0.12693988984388913,-0.2968617755132712
0.44744744744744747,0.2092044466636397,0.21605888045053018,0.91,0.029,-0.2696550880906301,-0.2624838243619081,0.4474484715699148,0.1266380837312837,-0.3055059294094491
0.44844844844844844,0.2089334429489159,0.21579567733428862,0.91,0.029,-0.27076500841218376,-0.2637525036265771,0.44844947071562147,0.12632826749519477,-0.32036707022252386
0.4494494494494494,0.20866237457472642,0.21553084741023673,0.91,0.029,-0.2708693515979519,-0.2647175194037743,0.44945046986132814,0.12599670940407312,-0.3322439781665736
0.45045045045045046,0.20839116196473584,0.21526571233047728,0.91,0.029,-0.27165381867074245,-0.26515160682680516,0.4504514690070348,0.1256631156185729,-0.33391647752115006
0.45145145145145144,0.20811852308589607,0.21500001336253538,0.91,0.029,-0.2729883511936322,-0.2662692114327001,0.4514524681527415,0.125328209186601,-0.33527670249720387
0.45245245245245247,0.20784463873912298,0.21473264083611757,0.91,0.029,-0.2736104624262907,-0.2673969747509375,0.45245346729844815,0.12499189223302282,-0.3336768558214587
0.45345345345345345,0.2075707543923499,0.2144646840837547,0.91,0.029,-0.2736372949494523,-0.26789992391695705,0.4534544664441548,0.12466018869136228,-0.3291728249506818
0.4544544544544544,0.20729681632681177,0.21419630465209966,0.91,0.029,-0.2752073509816739,-0.2689694661075208,0.4544554655898615,0.12433288879989184,-0.32438619913956046
0.45545545545545546,0.20701978872471896,0.21392620667413004,0.91,0.029,-0.2767520041954583,-0.2701454248143449,0.45545646473556817,0.12401076807492681,-0.3148916060537914
0.45645645645645644,0.20674275826035435,0.21365547297078963,0.91,0.029,-0.2767571346818869,-0.27087669520815894,0.45645746388127484,0.12370247634259175,-0.3039405911212043
0.4574574574574575,0.20646572038701752,0.21338391098802764,0.91,0.029,-0.2775457903990457,-0.27184090598966293,0.4574584630269815,0.123402279530811,-0.29361550704850004
0.45845845845845845,0.2061871110323282,0.21311124693277225,0.91,0.029,-0.2789985733669482,-0.2729086581831268,0.45845946217268824,0.1231146585991482,-0.28255504228141604
0.45945945945945943,0.2059071646845812,0.21283754730798135,0.91,0.029,-0.27977070863497033,-0.27389112198333976,0.4594604613183949,0.12283660481893335,-0.275546803590089
0.46046046046046046,0.20562700951353952,0.21256291635823105,0.91,0.029,-0.2800344003025117,-0.2747925406272316,0.4604614604641016,0.12256301436915644,-0.263718265127622
0.46146146146146144,0.2053465352545461,0.2122874120915104,0.91,0.029,-0.28140492891087376,-0.27580458808722597,0.46146245960980825,0.12230864130273338,-0.2529942668717453
0.4624624624624625,0.20506363628248672,0.21201075502071912,0.91,0.029,-0.2827166744326206,-0.27693459637775675,0.4624634587555149,0.12205652027914184,-0.23305242377939805
0.46346346346346345,0.2047805359063326,0.2117329884751385,0.91,0.029,-0.2829688465600526,-0.2778831701324975,0.4634644579012216,0.12184207074851727,-0.21423547816633715
0.46446446446446443,0.20449713208516931,0.2114544323577912,0.91,0.029,-0.28400369295950156,-0.27885179678980876,0.46446545704692827,0.12162762121789271,-0.205603654425353
0.46546546546546547,0.20421195994445174,0.2111747266197035,0.91,0.029,-0.2852721212357494,-0.2800401301781079,0.46546645619263494,0.12143045258364937,-0.1943996931759031
0.46646646646646645,0.20392601672733995,0.2108937914565337,0.91,0.029,-0.2860384031660175,-0.28104834669798606,0.4664674553383416,0.12123843336430327,-0.18870899799543395
0.4674674674674675,0.20363931048866396,0.2106120672669548,0.91,0.029,-0.28681190661022526,-0.2820654854169078,0.4674684544840483,0.1210526574920882,-0.17682387596999405
0.46846846846846846,0.20335181871610825,0.21032909579003334,0.91,0.029,-0.287981059942382,-0.2832563255782503,0.46846945362975495,0.12088443226673025,-0.16805731161657178
0.4694694694694695,0.20306277183012067,0.21004498753606746,0.91,0.029,-0.28911204687049974,-0.28438572242106375,0.4694704527754616,0.1207162070413723,-0.1714299441484144
0.47047047047047047,0.20277301581947058,0.20975975500440555,0.91,0.029,-0.2896511905102841,-0.28540004501246585,0.47047145192116835,0.12054122981144805,-0.17986959039886585
0.47147147147147145,0.20248288956683683,0.20947361607458104,0.91,0.029,-0.29089367605342886,-0.28647122648816037,0.471472451066875,0.12035610842871652,-0.18493660411751023
0.4724724724724725,0.20219064609764192,0.20918623903546033,0.91,0.029,-0.2921962428116558,-0.28781230312026196,0.4724734502125817,0.120170987045985,-0.19553268200908747
0.47347347347347346,0.20189791210375038,0.20889741526753344,0.91,0.029,-0.2928740000432839,-0.2888395025843522,0.47347444935828836,0.11996465233341887,-0.20880879292521115
0.4744744744744745,0.20160431176322097,0.20860798177302922,0.91,0.029,-0.2939978527947744,-0.28981634629728603,0.47447544850399503,0.11975295219931664,-0.21228673505714823
0.4754754754754755,0.2013093278138709,0.20831720236203333,0.91,0.029,-0.2950323634611607,-0.2913230247255001,0.4754764476497017,0.11953965465254474,-0.21381161945843985
0.47647647647647645,0.20101365638091634,0.20802475249429953,0.91,0.029,-0.2961322138390159,-0.2923699625752221,0.4764774467954084,0.11932490170247653,-0.2146070224043939
0.4774774774774775,0.20071647052890793,0.20773187711163252,0.91,0.029,-0.29728498315537877,-0.2933494171291784,0.47747844594111505,0.11911001176036583,-0.21485077595836088
0.47847847847847846,0.20041849124947408,0.20743746637392074,0.91,0.029,-0.2981262977466912,-0.29502687218780466,0.4784794450868217,0.11889477081609906,-0.2147174087751509
0.4794794794794795,0.20011962108396963,0.20714123272286816,0.91,0.029,-0.2994252717664949,-0.29606659188259243,0.4794804442325284,0.11868014787486128,-0.20758411854356495
0.4804804804804805,0.19981904125594752,0.20684474046424586,0.91,0.029,-0.3006043620090395,-0.2970785615011948,0.48048144337823506,0.1184791877654503,-0.20075952139711006
0.48148148148148145,0.199517810549417,0.20654648084799093,0.91,0.029,-0.30146095549308427,-0.29892146232123196,0.48148244252394173,0.1182782276560393,-0.19136851724475434
0.4824824824824825,0.19921551581952496,0.20624629909823744,0.91,0.029,-0.3027642911187911,-0.2998858468205867,0.48248344166964846,0.118096068320896,-0.1768499071023939
0.48348348348348347,0.19891167583246244,0.20594610878228403,0.91,0.029,-0.3039732447713277,-0.30094484316322223,0.48348444081535513,0.11792417444418367,-0.1717223011124318
0.4844844844844845,0.19860696077493775,0.20564380691973252,0.91,0.029,-0.3049469039659414,-0.3028539174296867,0.4844854399610618,0.11775228056747135,-0.1710574464004182
0.4854854854854855,0.19830117152021828,0.20533979463327562,0.91,0.029,-0.30616145033582143,-0.30370827417046087,0.4854864391067685,0.1175817177287565,-0.1702707759024733
0.48648648648648646,0.19799402493842963,0.2050357823468187,0.91,0.029,-0.307490910203839,-0.30490708971483116,0.48648743825247515,0.11741139876503696,-0.17015254636578447
0.4874874874874875,0.1976855741023928,0.20472937002924196,0.91,0.029,-0.30856847318740677,-0.3067335842597174,0.4874884373981818,0.11724107262165256,-0.17035667682963407
0.48848848848848847,0.1973762702373537,0.20442170109704946,0.91,0.029,-0.3096067845882402,-0.3074700585254675,0.4884894365438885,0.11707034498909319,-0.170557221044227
0.4894894894894895,0.19706574069981378,0.20411381435651832,0.91,0.029,-0.31113331822798784,-0.3089391026813786,0.48949043568959516,0.11689961735653381,-0.16981455862192973
0.4904904904904905,0.19675338071137172,0.20380320439498462,0.91,0.029,-0.3123159409099827,-0.310717937690967,0.49049143483530183,0.11673037653287498,-0.16604000451238932
0.49149149149149146,0.19644048356085486,0.20349175642320308,0.91,0.029,-0.313171110140928,-0.3113939361391971,0.4914924339810085,0.11656720555119375,-0.16300811282513905
0.4924924924924925,0.1961264115219004,0.2031797931114227,0.91,0.029,-0.3149509605840848,-0.31301157701567206,0.4924934331267152,0.11640403456951252,-0.15811145047476316
0.4934934934934935,0.19580995110723304,0.20286510661936788,0.91,0.029,-0.31627439321162854,-0.3147208899583944,0.49349443227242185,0.11625066669749039,-0.13815002319778813
0.4944944944944945,0.19549322955350878,0.20254972125965418,0.91,0.029,-0.3169627342528827,-0.3155544983334835,0.4944954314181286,0.11612745845911186,-0.12308525827114636
0.4954954954954955,0.19517539107869872,0.20223336588196347,0.91,0.029,-0.3189394112079924,-0.31709853541413224,0.49549643056383524,0.11600425022073335,-0.12308525827114636
0.4964964964964965,0.19485471221375306,0.20191488935692323,0.91,0.029,-0.3203626936722088,-0.3186715070756918,0.4964974297095419,0.11588104198235485,-0.12245325241509875
0.4974974974974975,0.19453402432460018,0.2015953848868169,0.91,0.029,-0.32091065090988025,-0.31986162555178055,0.4974984288552486,0.11575909901862032,-0.12057536438636163
0.4984984984984985,0.19421224844816773,0.20127452574220497,0.91,0.029,-0.3229508399425498,-0.32129036222727336,0.49849942800095526,0.11563965030886682,-0.11932948221365791
0.4994994994994995,0.193887476096487,0.20095216093841395,0.91,0.029,-0.3244475793290462,-0.32265500320238516,0.49950042714666193,0.11552020159911333,-0.1193294822136508
0.5005005005005005,0.19356270374480625,0.2006285697798378,0.91,0.029,-0.3250219825495293,-0.3241129827273568,0.5005014262923687,0.11540075288935982,-0.11612042131721978
0.5015015015015015,0.19323678143672815,0.20030328609811893,0.91,0.029,-0.32693558738047557,-0.32559024678951687,0.5015024254380753,0.11528772871403806,-0.1055910542612537
0.5025025025025025,0.19290817804434485,0.1999767374539329,0.91,0.029,-0.32840318377390076,-0.326898907127088,0.502503424583782,0.11518935977914026,-0.09827074810171865
0.5035035035035035,0.19257931760534897,0.19964883383159823,0.91,0.029,-0.3292125388739606,-0.3282890782900978,0.5035044237294887,0.11509099084424249,-0.09827074810173286
0.5045045045045045,0.19224909388243502,0.19931950206196075,0.91,0.029,-0.3310077170854271,-0.32982060499891475,0.5045054228751954,0.11499262190934469,-0.09827074810172576
0.5055055055055055,0.19191663949306584,0.1989885323200889,0.91,0.029,-0.332413465426157,-0.331258361709331,0.505506422020902,0.1148942529744469,-0.09794494406222043
0.5065065065065065,0.19158360145915937,0.19865632215863874,0.91,0.029,-0.3335007442680933,-0.3325465239959158,0.5065074211666087,0.11479653629867956,-0.0971483794440644
0.5075075075075075,0.191248970335372,0.19832277351329028,0.91,0.029,-0.3351665200999321,-0.33409717148860807,0.5075084203123154,0.11469976208478629,-0.09667761886544923
0.5085085085085085,0.19091259741491529,0.19798745895245537,0.91,0.029,-0.3364955658932587,-0.33550761607048685,0.5085094194580221,0.11460298787089301,-0.09667761886544213
0.5095095095095095,0.1905753055387889,0.19765108659423025,0.91,0.029,-0.3378572501792547,-0.3368627196030616,0.5095104186037287,0.11450621365699974,-0.09667761886544923
0.5105105105105106,0.19023620652366552,0.1973130591134102,0.91,0.029,-0.33945136675937704,-0.33847702064569773,0.5105114177494354,0.11440943944310647,-0.09547955703432365
0.5115115115115115,0.18989572322295428,0.19697345492126583,0.91,0.029,-0.34065786789329877,-0.3397338431138053,0.511512416895142,0.11431506374695212,-0.09270994744534988
0.5125125125125125,0.1895542087901454,0.19663291127934857,0.91,0.029,-0.3422049027385583,-0.34140626693782394,0.5125134160408488,0.11422383428672386,-0.09113839968748749
0.5135135135135135,0.1892106283225768,0.19628995889136028,0.91,0.029,-0.34382616944326116,-0.34304570818564173,0.5135144151865555,0.1141326048264956,-0.0911383996874946
0.5145145145145145,0.18886586811057934,0.19594613308478273,0.91,0.029,-0.34490724737689504,-0.34417875000983145,0.5145154143322621,0.11404137536626735,-0.09113839968750881
0.5155155155155156,0.18852012332282322,0.19560091234479404,0.91,0.029,-0.3465395435935079,-0.3458693545085225,0.5155164134779688,0.1139501459060391,-0.09108875460996302
0.5165165165165165,0.18817209525053225,0.1952537019446255,0.91,0.029,-0.3482772729374375,-0.3469999922409812,0.5165174126236755,0.11385901583517123,-0.09076570993193656
0.5175175175175175,0.1878228715251507,0.19490621766563293,0.91,0.029,-0.34948099509878716,-0.34856463831643225,0.5175184117693822,0.11376843310983646,-0.09049231033140614
0.5185185185185185,0.18747243359868282,0.1945558748408889,0.91,0.029,-0.3508320755744023,-0.3502459244855771,0.5185194109150888,0.1136778503845017,-0.09049231033140614
0.5195195195195195,0.18712050500748426,0.1942050246236198,0.91,0.029,-0.35255610113947,-0.35115372518963284,0.5195204100607955,0.11358726765916694,-0.09049231033139904
0.5205205205205206,0.1867666155783836,0.19385286438004878,0.91,0.029,-0.35409606376308034,-0.3528998790717566,0.5205214092065021,0.11349668493383218,-0.09049231033140614
0.5215215215215215,0.1864116039789295,0.19349851835921184,0.91,0.029,-0.3552542907283396,-0.3541609865492319,0.5215224083522089,0.11340610220849741,-0.09157345979380693
0.5225225225225225,0.18605539577712568,0.19314383337594623,0.91,0.029,-0.3569292707708911,-0.35545073361886637,0.5225234074979155,0.11331335502378616,-0.09286501176600126
0.5235235235235235,0.18569703086427308,0.1927869052788938,0.91,0.029,-0.3585353328335543,-0.35698046709821085,0.5235244066436222,0.1132201866136098,-0.09307541427577348
0.5245245245245245,0.18533760732300447,0.19242915776614,0.91,0.029,-0.359864500293682,-0.35804353546733125,0.5245254057893288,0.11312701820343347,-0.09307541427577348
0.5255255255255256,0.18497658141423567,0.19207010140408434,0.91,0.029,-0.3614930866049946,-0.3595525827708457,0.5255264049350356,0.11303384979325713,-0.09307541427577348
0.5265265265265265,0.18461389743991133,0.19170933277560773,0.91,0.029,-0.36276016592158555,-0.36063834434855835,0.5265274040807423,0.11294068138308078,-0.0933446287455908
0.5275275275275275,0.1842503348358141,0.19134810271669986,0.91,0.029,-0.3645620042398008,-0.36201897678678563,0.5275284032264489,0.11284697400599583,-0.09374760941179971
0.5285285285285285,0.18388404357756938,0.19098457005931788,0.91,0.029,-0.36638523501480336,-0.3634872742448323,0.5285294023721556,0.11275299882921427,-0.09388137560817711
0.5295295295295295,0.1835168308618105,0.19062040046595946,0.91,0.029,-0.36733445292645683,-0.36450305425847773,0.5295304015178622,0.11265902365243272,-0.09388137560819132
0.5305305305305306,0.1831486392674063,0.19025483421495656,0.91,0.029,-0.3691673523506296,-0.36581147344006126,0.530531400663569,0.11256504847565114,-0.09388137560817
0.5315315315315315,0.18277775708333072,0.1898880451637771,0.91,0.029,-0.3706598703483053,-0.3669020484437482,0.5315323998092756,0.1124710732988696,-0.09187967002821296
0.5325325325325325,0.1824065774649072,0.18952029557943356,0.91,0.029,-0.37190010785185734,-0.3680638558691527,0.5325333989549823,0.11238110553323905,-0.08819599041141402
0.5335335335335335,0.18203321232286654,0.18915118058746253,0.91,0.029,-0.3737079435903041,-0.36921038725085964,0.5335343981006889,0.11229450507675642,-0.08651401637460054
0.5345345345345345,0.1816584134136754,0.18878113564499743,0.91,0.029,-0.37449622793819515,-0.370324542648774,0.5345353972463956,0.1122079046202738,-0.08651401637458633
0.5355355355355356,0.18128347012479207,0.1884097901116892,0.91,0.029,-0.3763892255707191,-0.3714819532245315,0.5355363963921023,0.11212130416379118,-0.08651401637460765
0.5365365365365365,0.18090488143055078,0.18803742803093426,0.91,0.029,-0.378210105547069,-0.37246793884921203,0.536537395537809,0.11203470370730854,-0.08651401637460054
0.5375375375375375,0.18052629273630946,0.18766410855243154,0.91,0.029,-0.3790457123853628,-0.3734592429487549,0.5375383946835157,0.11194810325082591,-0.08542874149932089
0.5385385385385385,0.18014603115550504,0.18728976187888471,0.91,0.029,-0.38078633634084724,-0.37447401002215486,0.5385393938292223,0.1118636755127893,-0.08432394832038881
0.5395395395395395,0.1797639577286201,0.1869144108346695,0.91,0.029,-0.38178791173842797,-0.3753860655983061,0.5395403929749291,0.11177928685036327,-0.08430443001671506
0.5405405405405406,0.17938169099186452,0.18653823822403323,0.91,0.029,-0.3833469794751778,-0.37637068174753097,0.5405413921206357,0.11169489818793725,-0.08430443001671506
0.5415415415415415,0.17899649630824935,0.18616091597631604,0.91,0.029,-0.3850425118160672,-0.37728663620509906,0.5415423912663424,0.11161050952551123,-0.08430443001670795
0.5425425425425425,0.1786108351123529,0.18578290962302205,0.91,0.029,-0.385965037786292,-0.37812072484861403,0.542543390412049,0.1115261208630852,-0.08516318247314558
0.5435435435435435,0.17822379352989845,0.18540391752817068,0.91,0.029,-0.38743830567034365,-0.3789431392668803,0.5435443895577557,0.11144001297970868,-0.08828008851450875
0.5445445445445445,0.1778351828487486,0.18502426469956484,0.91,0.029,-0.38851084332284813,-0.37960614413512417,0.5445453887034624,0.11134938427671333,-0.09053824209948402
0.5455455455455456,0.1774459940437666,0.1846439452676399,0.91,0.029,-0.3899153107354323,-0.3803484009530962,0.5455463878491691,0.11125875557371796,-0.09053824209947692
0.5465465465465466,0.17705457161604501,0.18426280643939846,0.91,0.029,-0.39140439987765774,-0.3809234685440259,0.5465473869948757,0.1111681268707226,-0.09053824209948402
0.5475475475475475,0.17666240165161917,0.1838813357210052,0.91,0.029,-0.39239539880036034,-0.3815610221050747,0.5475483861405824,0.11107749816772723,-0.09053824209947692
0.5485485485485485,0.17626899524207032,0.18349892050925817,0.91,0.029,-0.3936286217450089,-0.382121135409335,0.548549385286289,0.11098686946473187,-0.09228078010070817
0.5495495495495496,0.17587435636284038,0.18311632844290843,0.91,0.029,-0.39470587098719534,-0.38259488585552504,0.5495503844319958,0.11089275220363533,-0.094092854298232
0.5505505505505506,0.17547879329815197,0.18273296478181966,0.91,0.029,-0.39586422249749376,-0.383107080877366,0.5505513835777025,0.11079849573119259,-0.09416239049454589
0.5515515515515516,0.17508183539687944,0.18234934730001082,0.91,0.029,-0.3971197502388577,-0.38342637296911164,0.5515523827234091,0.11070423925874985,-0.0941623904945601
0.5525525525525525,0.17468375876313927,0.18196534441551515,0.91,0.029,-0.3981634923702444,-0.3838302398736033,0.5525533818691158,0.1106099827863071,-0.09416239049453878
0.5535535535535535,0.17428471128803014,0.18158091839135498,0.91,0.029,-0.39916624679703716,-0.3840886151100449,0.5535543810148225,0.11051572631386437,-0.09710227323074605
0.5545545545545546,0.17388462713791997,0.18119639823911862,0.91,0.029,-0.4001766831832896,-0.3843329117729013,0.5545553801605292,0.11041558420120681,-0.10055178553026423
0.5555555555555556,0.17348355676714264,0.18081148313255033,0.91,0.029,-0.4010771230165915,-0.3845507301857509,0.5555563793062358,0.11031442181103422,-0.10106141509360356
0.5565565565565566,0.17308166993468357,0.18042652690741542,0.91,0.029,-0.40217903782031783,-0.3846427756096489,0.5565573784519425,0.11021325942086162,-0.10106141509358935
0.5575575575575575,0.17267839352826317,0.18004142752572422,0.91,0.029,-0.40316390890438925,-0.38473706481683223,0.5575583775976491,0.11011209703068903,-0.10132018683681565
0.5585585585585585,0.17227453498192205,0.17965628253340776,0.91,0.029,-0.40397926594674516,-0.38473926020121496,0.5585593767433559,0.11001041657992865,-0.10414246791898307
0.5595595595595596,0.17186962622907048,0.1792711787565526,0.91,0.029,-0.4048366120067186,-0.38469763861067463,0.5595603758890625,0.10990360398785164,-0.10670597725797393
0.5605605605605606,0.17146405127420086,0.17888611709074373,0.91,0.029,-0.4054836316759207,-0.3846170977620744,0.5605613750347692,0.1097967913957746,-0.10670597725796682
0.5615615615615616,0.17105784718667627,0.17850117455682873,0.91,0.029,-0.406278319070708,-0.3844483641529308,0.5615623741804759,0.10968997880369757,-0.10670597725795261
0.5625625625625625,0.17065068126605132,0.17811645069604318,0.91,0.029,-0.40686780919482146,-0.38425009563076173,0.5625633733261826,0.10958316621162056,-0.10482159885223297
0.5635635635635635,0.17024329701811808,0.1777319050961065,0.91,0.029,-0.4075576505839109,-0.38397620729548976,0.5635643724718893,0.10948012614189219,-0.10158907478236046
0.5645645645645646,0.16983475003365112,0.17734772956031647,0.91,0.029,-0.40821638391801685,-0.3836605476255244,0.5645653716175959,0.10937978505748,-0.10024092911823601
0.5655655655655656,0.16942604700026415,0.17696381591167099,0.91,0.029,-0.4086210845189555,-0.3832831467814941,0.5655663707633026,0.1092794439730678,-0.1002409291182289
0.5665665665665666,0.16901668980438397,0.1765803959331263,0.91,0.029,-0.40917443132860853,-0.38280229511366315,0.5665673699090092,0.10917910288865561,-0.10024092911823601
0.5675675675675675,0.16860687896957624,0.17619744495048248,0.91,0.029,-0.40950520008156843,-0.3823039169965483,0.567568369054716,0.1090787618042434,-0.09804581677902036
0.5685685685685685,0.16819685957399044,0.17581502272592603,0.91,0.029,-0.4099387842537823,-0.3817285406231008,0.5685693682004226,0.10898281533098378,-0.09524380516978681
0.5695695695695696,0.1677861807028019,0.17543322364793373,0.91,0.029,-0.4102681923173179,-0.3810829752183764,0.5695703673461293,0.1088880838690258,-0.0946369058997405
0.5705705705705706,0.16737550183161337,0.1750520938466099,0.91,0.029,-0.4104982422253016,-0.380426560529429,0.5705713664918359,0.10879335240706785,-0.0946369058997476
0.5715715715715716,0.16696436240004855,0.1746716089121391,0.91,0.029,-0.4107694412989247,-0.3796912317334602,0.5715723656375427,0.10869862094510988,-0.0946369058997405
0.5725725725725725,0.1665531405877717,0.17429195124053692,0.91,0.029,-0.4108680261933131,-0.3789569579006127,0.5725733647832493,0.10860388948315192,-0.0982379316975539
0.5735735735735735,0.16614180378905097,0.1739129363237495,0.91,0.029,-0.41097506281418816,-0.3780722459113406,0.573574363928956,0.1085019487736994,-0.10338476323805423
0.5745745745745746,0.1657303676892448,0.17353504984732102,0.91,0.029,-0.4110253820781793,-0.37716600978448866,0.5745753630746627,0.10839691336379115,-0.10493056898074116
0.5755755755755756,0.1653189301512568,0.1731578492170738,0.91,0.029,-0.41099107183745787,-0.3763271083026467,0.5755763622203693,0.1082918779538829,-0.10493056898075537
0.5765765765765766,0.16490756274062127,0.17278164222309153,0.91,0.029,-0.4109445827515259,-0.3752651834953582,0.5765773613660761,0.10818684254397465,-0.10601279533846508
0.5775775775775776,0.1644962182738764,0.17240656756843445,0.91,0.029,-0.41079559464739646,-0.3743530956259775,0.5775783605117827,0.10807964051874733,-0.1154541639108686
0.5785785785785785,0.1640851491377236,0.17203218657619268,0.91,0.029,-0.4105911895976817,-0.37319961943740054,0.5785793596574894,0.10795570350508854,-0.12381330612553398
0.5795795795795796,0.16367421389029746,0.17165942118317437,0.91,0.029,-0.4103743283135799,-0.37218265325735445,0.579580358803196,0.10783176649142975,-0.1238133061255482
0.5805805805805806,0.1632635789108695,0.171287076159261,0.91,0.029,-0.41005415414865354,-0.37098656828023024,0.5805813579489028,0.10770782947777095,-0.12380194149152857
0.5815815815815816,0.16285328465276264,0.17091670533076153,0.91,0.029,-0.40973280454315386,-0.3696417181778173,0.5815823570946094,0.10758391521609006,-0.1237522829282156
0.5825825825825826,0.16244329301588825,0.17054705269944556,0.91,0.029,-0.4093090372575432,-0.3686979449419425,0.5825833562403161,0.10746007761879017,-0.12371398899890806
0.5835835835835835,0.16203384714073554,0.17017857130685377,0.91,0.029,-0.40877601091078475,-0.3671371691665257,0.5835843553860227,0.10733624002149031,-0.12371398899892228
0.5845845845845846,0.16162492262367445,0.16981204335176484,0.91,0.029,-0.40820721740155363,-0.3659468701290649,0.5845853545317294,0.10721240242419042,-0.12374789678757736
0.5855855855855856,0.16121661547426594,0.16944594494022897,0.91,0.029,-0.4075717994200545,-0.3645834066847442,0.5855863536774361,0.10708849694355557,-0.123847635710014
0.5865865865865866,0.16080896306527595,0.16908214664168528,0.91,0.029,-0.4069275463440505,-0.3631189033767157,0.5865873528231428,0.1069644596691034,-0.12391346684377424
0.5875875875875876,0.16040194571181543,0.168718980168704,0.91,0.029,-0.4062574783671238,-0.36188565359074687,0.5875883519688495,0.10684042239465122,-0.12391346684377424
0.5885885885885885,0.15999563478025672,0.1683576508387008,0.91,0.029,-0.4054737722050845,-0.360195766989321,0.5885893511145561,0.10671638512019906,-0.12288810044202592
0.5895895895895896,0.15959018640810158,0.1679978675220787,0.91,0.029,-0.40471581313948946,-0.35907346645851135,0.5895903502602629,0.10659440062753127,-0.12064605793248973
0.5905905905905906,0.15918539291210954,0.16763878503998503,0.91,0.029,-0.4037357191235458,-0.35737096520745126,0.5905913494059695,0.10647485191835245,-0.11942938182473029
0.5915915915915916,0.15878190669013653,0.16728241013427603,0.91,0.029,-0.40278558684195787,-0.3556959096808612,0.5915923485516762,0.10635530320917362,-0.11942938182471607
0.5925925925925926,0.15837901536087443,0.16692668111670003,0.91,0.029,-0.4019241885345508,-0.35433571011989784,0.5925933476973828,0.1062357544999948,-0.11694644702927803
0.5935935935935935,0.15797725366003737,0.1665730293332352,0.91,0.029,-0.4008231956890711,-0.3525544321539229,0.5935943468430895,0.10612117662203414,-0.1111577670267394
0.5945945945945946,0.15757656652065602,0.1662208664377132,0.91,0.029,-0.4000003664115468,-0.351134816553639,0.5945953459887962,0.10601321684032994,-0.10785202181966014
0.5955955955955956,0.15717645212567988,0.16587005672752217,0.91,0.029,-0.3986747323073274,-0.34937590001131014,0.5955963451345029,0.10590525705862572,-0.10785202181965303
0.5965965965965966,0.15677841890842914,0.1655214151864393,0.91,0.029,-0.39749966141788207,-0.3476045725334558,0.5965973442802095,0.1057972972769215,-0.10785202181966724
0.5975975975975976,0.15638065700772616,0.16517415167740515,0.91,0.029,-0.3964002793418331,-0.34595908167494827,0.5975983434259162,0.10568933749521728,-0.11097387843935991
0.5985985985985985,0.15598482475559267,0.16482880441231532,0.91,0.029,-0.39497173554468645,-0.34419925614706415,0.598599342571623,0.10557512776189437,-0.11419862328916253
0.5995995995995996,0.1555899228024315,0.16448506407751112,0.91,0.029,-0.39409147793681143,-0.3426884957435874,0.5996003417173296,0.1054607120465106,-0.11430151151927248
0.6006006006006006,0.15519585282779122,0.16414274135777354,0.91,0.029,-0.3924205243609862,-0.34098057881605826,0.6006013408630363,0.10534629633112683,-0.11430151151927248
0.6016016016016016,0.15480429612703414,0.16380242027607758,0.91,0.029,-0.3911651440563304,-0.3390303626593152,0.6016023400087429,0.10523188061574305,-0.12678484839319282
0.6026026026026026,0.1544127394262771,0.16346400189299015,0.91,0.029,-0.38982312290588084,-0.33736388928214467,0.6026033391544496,0.10509247328126656,-0.14323274266928365
0.6036036036036035,0.1540238694545499,0.16312701709433156,0.91,0.029,-0.3880487479875825,-0.33588744759981637,0.6036043383001563,0.1049451289096447,-0.14719730007146836
0.6046046046046046,0.15363586505593158,0.16279155455044797,0.91,0.029,-0.3870674305662618,-0.3340175278407713,0.604605337445863,0.10479778453802283,-0.14639601596915952
0.6056056056056056,0.15324895968364644,0.16245831333489053,0.91,0.029,-0.385319410874402,-0.33224847216254716,0.6056063365915696,0.10465204433580472,-0.1447623815465846
0.6066066066066066,0.1528644548239508,0.16212639244401647,0.91,0.029,-0.3838781437025176,-0.33055749485401975,0.6066073357372763,0.10450797049750564,-0.14393003122630432
0.6076076076076076,0.1524804348714292,0.16179653656841603,0.91,0.029,-0.38234284057621437,-0.3286842930780125,0.6076083348829829,0.10436389665920659,-0.1425982555232821
0.6086086086086087,0.15209900369166607,0.16146836583124766,0.91,0.029,-0.3804846656170895,-0.3272545955685189,0.6086093340286897,0.10422248903358952,-0.13358912859009564
0.6096096096096096,0.1517187038091327,0.16114137221292346,0.91,0.029,-0.3793116537943604,-0.3253191495737866,0.6096103331743963,0.1040964514520178,-0.12591177735995984
0.6106106106106106,0.1513396210013871,0.16081707624251135,0.91,0.029,-0.3775374123993771,-0.3234030559326442,0.610611332320103,0.10397041387044607,-0.12591177735995274
0.6116116116116116,0.1509628731536785,0.16049391864749277,0.91,0.029,-0.3757650579973131,-0.322118137238931,0.6116123314658097,0.10384437628887436,-0.12622529525906856
0.6126126126126126,0.1505873386029941,0.16017219508687788,0.91,0.029,-0.37406505068207707,-0.32001148737245444,0.6126133306115163,0.10371771104500425,-0.12718460633580264
0.6136136136136137,0.150213994173334,0.15985325500910946,0.91,0.029,-0.3721527551075212,-0.31831569121828807,0.6136143297572231,0.10358975292429602,-0.12783039951335695
0.6146146146146146,0.14984228804221825,0.15953492643579018,0.91,0.029,-0.3706789593874191,-0.31694479353529914,0.6146153289029297,0.10346179480358782,-0.12783039951336406
0.6156156156156156,0.14947189415454037,0.15921873089792768,0.91,0.029,-0.368828141956854,-0.3146656250731752,0.6156163280486364,0.1033338366828796,-0.13331097228659416
0.6166166166166166,0.14910389336362598,0.15890496522443248,0.91,0.029,-0.3668157609609466,-0.31334877627719493,0.616617327194343,0.10319490646484339,-0.14304286000042055
0.6176176176176176,0.1487375282667307,0.15859140602049587,0.91,0.029,-0.365217101093279,-0.3117329239795623,0.6176183263400498,0.10304746512155988,-0.1472941749409955
0.6186186186186187,0.14837272799607187,0.15828087528653542,0.91,0.029,-0.3636222415597814,-0.30933076600726395,0.6186193254857564,0.10290002377827637,-0.1473560025389773
0.6196196196196196,0.14800955581115552,0.15797212520766848,0.91,0.029,-0.3617594521131622,-0.30830713343058846,0.6196203246314631,0.10275245865624735,-0.14756429204320654
0.6206206206206206,0.1476484848486982,0.15766364378817588,0.91,0.029,-0.35986095177271693,-0.30651307096381686,0.6206213237771697,0.10260460031773223,-0.14771075394948951
0.6216216216216216,0.14728911346526422,0.15735848542595915,0.91,0.029,-0.3581231208954847,-0.30421817969978804,0.6216223229228764,0.1024567419792171,-0.14732704025498577
0.6226226226226226,0.14693152164370224,0.15705459838337152,0.91,0.029,-0.3563622706147953,-0.3033077628371359,0.6226233220685832,0.10230965183486275,-0.13766789822780368
0.6236236236236237,0.1465756754860554,0.15675126267753645,0.91,0.029,-0.3547413969967863,-0.301409600266183,0.6236243212142898,0.10218113108218256,-0.12839246989514663
0.6246246246246246,0.14622132865672166,0.15645117576021597,0.91,0.029,-0.35268938243247305,-0.29927650793581506,0.6246253203599965,0.10205261032950234,-0.12839246989512532
0.6256256256256256,0.14586959063634075,0.1561521105094968,0.91,0.029,-0.3507275339609066,-0.29838196724811894,0.6256263195057031,0.10192408957682215,-0.12834197115329005
0.6266266266266266,0.14551917143157472,0.15585381446442398,0.91,0.029,-0.3496249304075718,-0.2963248083215433,0.6266273186514099,0.10179566992253686,-0.1281693508572559
0.6276276276276276,0.14516964082571499,0.15555886764999421,0.91,0.029,-0.34729578572495257,-0.29415455771302845,0.6276283177971165,0.10166749475539436,-0.12804722930310675
0.6286286286286287,0.1448238845732665,0.15526491645098447,0.91,0.029,-0.34510957518666885,-0.2932839227876798,0.6286293169428232,0.10153931958825184,-0.12804722930309254
0.6296296296296297,0.14447873076528117,0.15497171264941825,0.91,0.029,-0.34413526854253007,-0.2912973479743499,0.6296303160885298,0.10141114442110934,-0.14014295742256877
0.6306306306306306,0.14413492507668488,0.15468173857716197,0.91,0.029,-0.34180585264923025,-0.28924898663669296,0.6306313152342365,0.10125875362693824,-0.1627409795779613
0.6316316316316316,0.14379443476398143,0.15439263559909458,0.91,0.029,-0.3399218336166143,-0.2884278834871026,0.6316323143799432,0.10108533725805131,-0.1732432736138989
0.6326326326326326,0.14345440088526024,0.1541043053769876,0.91,0.029,-0.33869563404793723,-0.2865657774774064,0.6326333135256499,0.10091192088916437,-0.17733359788925185
0.6336336336336337,0.14311636542654815,0.15381893033887953,0.91,0.029,-0.3362693852001968,-0.2846353161540378,0.6336343126713565,0.10073031569806684,-0.18272853731635763
0.6346346346346347,0.14278118890287742,0.15353446490420672,0.91,0.029,-0.33476984968166335,-0.28360363672682354,0.6346353118170632,0.10054609866966457,-0.18214785496051888
0.6356356356356356,0.14244615551727555,0.1532511552903774,0.91,0.029,-0.3333351780736109,-0.2819801082506501,0.63563631096277,0.10036565600365126,-0.169048253896122
0.6366366366366366,0.14211385120903638,0.15296994016296417,0.91,0.029,-0.3307379218195905,-0.28033479056362864,0.6366373101084766,0.10020766435419812,-0.15783395033930248
0.6376376376376376,0.14178401753565478,0.1526899244784382,0.91,0.029,-0.32950383970825214,-0.27901212584310997,0.6376383092541833,0.10004967270474495,-0.1575398062184874
0.6386386386386387,0.14145418386227313,0.1524113573284434,0.91,0.029,-0.32796607788971244,-0.27749388660119223,0.6386393083998899,0.0998922699313191,-0.15446671732061645
0.6396396396396397,0.1411274287911308,0.15213438116191927,0.91,0.029,-0.3254050162133808,-0.2760723989801619,0.6396403075455966,0.09974043060058885,-0.15168777254353216
0.6406406406406406,0.14080272236835245,0.15185865983298766,0.91,0.029,-0.32426824948383626,-0.27460916046101147,0.6406413066913033,0.09958859126985863,-0.15168777254353927
0.6416416416416416,0.1404782431064785,0.15158461307290824,0.91,0.029,-0.3226636523245361,-0.27313024271478525,0.64164230583701,0.09943675193912839,-0.15963911421734167
0.6426426426426426,0.14015674909042547,0.15131185254026538,0.91,0.029,-0.3202792136009407,-0.27205456949724294,0.6426433049827166,0.09926899403595277,-0.16824443436193803
0.6436436436436437,0.13983704347964976,0.15103995928012096,0.91,0.029,-0.31909878964162885,-0.270347156941682,0.6436443041284233,0.09909992686899599,-0.16919815964077145
0.6446446446446447,0.13951791267472646,0.15077061699083258,0.91,0.029,-0.31740243021039305,-0.26874246107298916,0.6446453032741299,0.09893025960944164,-0.17316908201888737
0.6456456456456456,0.13920160317892827,0.1505019363350299,0.91,0.029,-0.3150851050282739,-0.2678681446934945,0.6456463024198367,0.09875324266266856,-0.1768402575889354
0.6466466466466466,0.13888711166365886,0.15023434442888367,0.91,0.029,-0.31366512089745413,-0.2663155301096509,0.6466473015655433,0.0985762257158955,-0.17951242704957338
0.6476476476476476,0.13857364497893337,0.14996877211058615,0.91,0.029,-0.31207658683609907,-0.26473309196775574,0.64764830071125,0.09839385909042786,-0.1870419139190318
0.6486486486486487,0.13826233371203506,0.14970434824876805,0.91,0.029,-0.310135759524627,-0.26373628410044603,0.6486492998569567,0.09820176812380689,-0.19189923132786646
0.6496496496496497,0.13795275256747264,0.14944077154181645,0.91,0.029,-0.30853629164865026,-0.26259301503210963,0.6496502990026634,0.09800967715718593,-0.19613682071085492
0.6506506506506506,0.1376446434384642,0.14917863650696203,0.91,0.029,-0.3070595577231785,-0.2608948268528479,0.6506512981483701,0.09780910254386053,-0.2011351780928976
0.6516516516516516,0.137338018718177,0.14891845957614508,0.91,0.029,-0.30535999349275755,-0.259609152190194,0.6516522972940767,0.09760700487430082,-0.2003220658422009
0.6526526526526526,0.1370333121201604,0.14865889846453922,0.91,0.029,-0.30361608163391907,-0.25910840771922494,0.6526532964397834,0.09740805811031207,-0.19693618108468058
0.6536536536536537,0.1367301787149059,0.14839972402515564,0.91,0.029,-0.3023046345768847,-0.2572663166842233,0.65365429558549,0.09721273897625182,-0.195124176576968
0.6546546546546547,0.13642809763652297,0.14814385078348968,0.91,0.029,-0.3006915611724139,-0.2554916071906064,0.6546552947311968,0.09701741984219156,-0.1919107543349199
0.6556556556556556,0.13612819360745362,0.14788822931606535,0.91,0.029,-0.29887623985504774,-0.2551841735106706,0.6556562938769034,0.09682853397396947,-0.18869467760119107
0.6566566566566566,0.13582974680598237,0.14763297155724212,0.91,0.029,-0.2977198273775059,-0.25394067874221093,0.6566572930226101,0.0966396534200352,-0.1952345124740802
0.6576576576576576,0.13553215791700818,0.14737983956883371,0.91,0.029,-0.2960807796126943,-0.25206260003407976,0.6576582921683167,0.09643767481357143,-0.20979072289795653
0.6586586586586587,0.13523699249244342,0.14712834172734404,0.91,0.029,-0.29434472595907835,-0.25119127140951036,0.6586592913140235,0.09621965275123913,-0.2218360697570816
0.6596596596596597,0.13494287918635933,0.14687695414058644,0.91,0.029,-0.2930638540232877,-0.2509424429333649,0.6596602904597302,0.09599355938094388,-0.23859573707655812
0.6606606606606606,0.13465027806997437,0.14662595445420418,0.91,0.029,-0.2915061261606411,-0.24893348175508834,0.6606612896054368,0.09574198449327334,-0.25137814142336623
0.6616616616616616,0.13435928333818992,0.14637858881174745,0.91,0.029,-0.29030190855993965,-0.24711827681427678,0.6616622887511435,0.09549030077131564,-0.25154477010794807
0.6626626626626626,0.1340690930678524,0.14613122316929072,0.91,0.029,-0.2886050427759841,-0.24711815176431173,0.6626632878968501,0.09523839229330326,-0.2520544178879831
0.6636636636636637,0.13378149546476453,0.14588385777718427,0.91,0.029,-0.28694683591355385,-0.24602941254373434,0.6636642870425569,0.09498568825736071,-0.2530131604437429
0.6646646646646647,0.13349462492788527,0.14563867179282675,0.91,0.029,-0.28610629451226544,-0.24403892663782756,0.6646652861882635,0.09473186037838979,-0.24691213222349262
0.6656656656656657,0.1332087100903656,0.14539529135748894,0.91,0.029,-0.2844263375388323,-0.24307158337472856,0.6656662853339702,0.09449137059052007,-0.2340297348968079
0.6666666666666666,0.13292520283071044,0.14515204199628076,0.91,0.029,-0.28278980023516453,-0.24291321984681247,0.6666672844796768,0.09426333324898645,-0.2196212835057736
0.6676676676676676,0.13264256434414906,0.14490897860504287,0.91,0.029,-0.28174652931691924,-0.241295083171849,0.6676682836253836,0.09405168915618352,-0.19941665047629442
0.6686686686686687,0.13236114571496085,0.1446689687566975,0.91,0.029,-0.28055251441659834,-0.2395527469797969,0.6686692827710902,0.09386410145545353,-0.1874004603646
0.6696696696696697,0.1320808976486203,0.14442939352600423,0.91,0.029,-0.27879568037529623,-0.23916971416126387,0.6696702819167969,0.09367651375472351,-0.2141374010010466
0.6706706706706707,0.1318029962047,0.1441901505101284,0.91,0.029,-0.27735871143210034,-0.23853508340863527,0.6706712810625035,0.09343539874452174,-0.24604335962881407
0.6716716716716716,0.13152562495306055,0.1439518458114724,0.91,0.029,-0.27691722116485096,-0.237036185543829,0.6716722802082102,0.09318393536913304,-0.2887414078194155
0.6726726726726726,0.13124860737353916,0.14371560359212274,0.91,0.029,-0.27510919564502956,-0.2358298774471166,0.672673279353917,0.09285733893940695,-0.33021284883172797
0.6736736736736737,0.13097485579261006,0.1434797139246914,0.91,0.029,-0.27319021669278243,-0.23543669517331978,0.6736742784996236,0.09252284980996918,-0.3336595301431444
0.6746746746746747,0.1307016800127928,0.14324425885704098,0.91,0.029,-0.27267388905691803,-0.23450147969552404,0.6746752776453303,0.0921893531301466,-0.30308698134572865
0.6756756756756757,0.13042896212082444,0.14301024149286853,0.91,0.029,-0.2717730979043296,-0.23320620024118455,0.6756762767910369,0.09191607019116539,-0.276476996795715
0.6766766766766766,0.13015758972669808,0.14277737957727885,0.91,0.029,-0.2697540557722249,-0.23229917583370252,0.6766772759367436,0.0916358466549465,-0.28878561631462674
0.6776776776776777,0.12988891396112026,0.14254517807778605,0.91,0.029,-0.26836642863275983,-0.2318177214468733,0.6776782750824503,0.09133792188071875,-0.3142334768131221
0.6786786786786787,0.12962031959930514,0.14231328003484264,0.91,0.029,-0.26829118699512833,-0.2307728856200555,0.678679274228157,0.09100675177126176,-0.33915587069216
0.6796796796796797,0.12935179446763653,0.14208317029876694,0.91,0.029,-0.2666643580295869,-0.22959380041005772,0.6796802733738636,0.09065893240707024,-0.3473631518920044
0.6806806806806807,0.12908645702066734,0.14185363278677446,0.91,0.029,-0.26453266720004365,-0.228894434419189,0.6806812725195703,0.090311331334674,-0.32023682063621095
0.6816816816816816,0.12882219953830712,0.1416249231828126,0.91,0.029,-0.26399322487789334,-0.22829792026517737,0.681682271665277,0.09001781883930889,-0.2903863681280896
0.6826826826826827,0.12855794205594684,0.1413965798933507,0.91,0.029,-0.26377614446180075,-0.2273153109520365,0.6826832708109837,0.08972997832183184,-0.28870260904223244
0.6836836836836837,0.1282941191690142,0.1411698374752009,0.91,0.029,-0.26164960079817945,-0.22634582630387,0.6836842699566904,0.08943983670927973,-0.3084146008650066
0.6846846846846847,0.12803411903132586,0.14094343509594556,0.91,0.029,-0.2597167266137461,-0.22562030956737544,0.684685269102397,0.08911253281785317,-0.3457026902207403
0.6856856856856857,0.1277741657623801,0.14071814516375472,0.91,0.029,-0.25962301165235857,-0.22486089830812261,0.6856862682481037,0.08874774051412081,-0.37986746092313695
0.6866866866866866,0.12751435324223206,0.14049326312736074,0.91,0.029,-0.2588057833776105,-0.22409647478475847,0.6866872673938104,0.08835203881012152,-0.40334631763401774
0.6876876876876877,0.12725603606592842,0.14026950357259407,0.91,0.029,-0.25692056859550405,-0.22335761104338303,0.6876882665395171,0.08794024187536965,-0.4107559664045155
0.6886886886886887,0.12699999774954834,0.1400461007428895,0.91,0.029,-0.2556527953304695,-0.22249923087601076,0.6886892656852237,0.08752970606719182,-0.4108826825735221
0.6896896896896897,0.12674421865785943,0.13982405966693642,0.91,0.029,-0.25540150362093783,-0.22167467302413968,0.6896902648309304,0.08711765544688614,-0.4128036809221385
0.6906906906906907,0.12648868342798492,0.13960230760370204,0.91,0.029,-0.25426914945198575,-0.2210871903598246,0.690691263976637,0.08670327380329655,-0.4152377551944326
0.6916916916916916,0.12623517131160922,0.13938144266921906,0.91,0.029,-0.2526667195425176,-0.2204409414631101,0.6916922631223438,0.08628635017045658,-0.4179320139766389
0.6926926926926927,0.12598284414962152,0.13916098439756966,0.91,0.029,-0.2517975130370971,-0.2195493184903512,0.6926932622680504,0.08586657462538838,-0.42073536094203234
0.6936936936936937,0.1257310721864098,0.13894190449406318,0.91,0.029,-0.2514134301370561,-0.21874758476037925,0.6936942614137571,0.08544403869671346,-0.4237216020968333
0.6946946946946947,0.12547951395915696,0.13872305129494628,0.91,0.029,-0.2501792145664581,-0.21826184090204492,0.6946952605594637,0.08501828470195558,-0.42687055876931623
0.6956956956956957,0.12523021289798847,0.13850494385161666,0.91,0.029,-0.24878316865126493,-0.2176726585537665,0.6956962597051705,0.08458944456740264,-0.429687754224382
0.6966966966966966,0.12498144955745273,0.13828727019674056,0.91,0.029,-0.2480662519777752,-0.21678425715408878,0.6966972588508772,0.08415805055215707,-0.43271467719436174
0.6976976976976977,0.12473358376489983,0.13807094133479164,0.91,0.029,-0.2475519205497534,-0.21600821106981982,0.6976982579965838,0.08372315052299004,-0.43605630620240277
0.6986986986986987,0.12448585011691266,0.1378548213257299,0.91,0.029,-0.2463728752466352,-0.2155985316193494,0.6986992571422905,0.08328506657217985,-0.43914891810572243
0.6996996996996997,0.1242403447754171,0.13763931264286103,0.91,0.029,-0.24517306567129538,-0.21510033781993343,0.6997002562879971,0.08284397513926635,-0.44222748526671296
0.7007007007007007,0.12399501314860177,0.13742419001878312,0.91,0.029,-0.24447578868412734,-0.21421342725294323,0.7007012554337039,0.08239972790225988,-0.4453624246270138
0.7017017017017017,0.12375090375703046,0.13721045693264491,0.91,0.029,-0.2438429165900189,-0.21341120281130088,0.7017022545794105,0.08195236032610335,-0.4485304528917524
0.7027027027027027,0.12350683914141453,0.13699694036350524,0.91,0.029,-0.24281497186916567,-0.21307933531727485,0.7027032537251172,0.08150177070192374,-0.45176368179321
0.7037037037037037,0.12326478769723231,0.13678387167675443,0.91,0.029,-0.24179947459301587,-0.21271007823791876,0.7037042528708238,0.08104793020703073,-0.4551467043865358
0.7047047047047047,0.12302275610919629,0.13657109436102693,0.91,0.029,-0.24105144329017492,-0.21184179324245633,0.7047052520165306,0.08059056777739948,-0.4586545705480205
0.7057057057057057,0.12278220222517992,0.13635976398257535,0.91,0.029,-0.24031333013235923,-0.21096786075001717,0.7057062511622372,0.08012970454044467,-0.4635552984308404
0.7067067067067067,0.12254164834116354,0.13614873628144733,0.91,0.029,-0.23947368888097742,-0.21068829557091817,0.7067072503079439,0.07966253086196533,-0.4688312352151769
0.7077077077077077,0.1223027754206134,0.13593796559304397,0.91,0.029,-0.23863377683774445,-0.21047075295189188,0.7077082494536505,0.07919110520858266,-0.46360497338551454
0.7087087087087087,0.12206390304218906,0.13572737341267474,0.91,0.029,-0.23781363055409344,-0.2096535828910504,0.7087092485993572,0.07873439449735681,-0.4344455806293155
0.7097097097097097,0.12182667205614074,0.1355182387003692,0.91,0.029,-0.23698006524073634,-0.20867235966198905,0.709710247745064,0.07832134589845065,-0.37850522868721015
0.7107107107107107,0.12158946847714255,0.13530961093086896,0.91,0.029,-0.2363208379413706,-0.2083849523492347,0.7107112468907706,0.07797662767623396,-0.3309756593702389
0.7117117117117117,0.12135355726546734,0.13510105160857894,0.91,0.029,-0.2356436714337562,-0.208321349099009,0.7117122460364773,0.07765873319389203,-0.3077438876242411
0.7127127127127127,0.12111770937517308,0.13489255117291302,0.91,0.029,-0.23477793266367541,-0.2076210273606307,0.7127132451821839,0.07736052493901732,-0.3017143713853656
0.7137137137137137,0.12088353137424876,0.13468539389614523,0.91,0.029,-0.2338626733042588,-0.20652137671220316,0.7137142443278907,0.07705470153788369,-0.3050590578615555
0.7147147147147147,0.12064951583502442,0.13447909496327898,0.91,0.029,-0.23333232586817587,-0.2060926339333804,0.7147152434735973,0.07674979722639833,-0.2924196388397178
0.7157157157157157,0.12041639959072889,0.13427279603041276,0.91,0.029,-0.23280595920488878,-0.20609263393335198,0.715716242619304,0.07646927792055087,-0.2600189433324118
0.7167167167167167,0.12018343783861825,0.13406649709754656,0.91,0.029,-0.23195499410601172,-0.20570175220339593,0.7167172417650106,0.07622923974611172,-0.21278830333937293
0.7177177177177178,0.11995202522815429,0.13386098071068625,0.91,0.029,-0.23097069673675463,-0.20474004743421403,0.7177182409107173,0.07604327610083271,-0.1857780259619588
0.7187187187187187,0.11972103404134746,0.13365660711269325,0.91,0.029,-0.23048827583073717,-0.20414379685163908,0.718719240056424,0.07585731245555373,-0.17939526081121215
0.7197197197197197,0.11949058723850318,0.13345228442069298,0.91,0.029,-0.23010051283461763,-0.2040901844193428,0.7197202392021307,0.07568412709520102,-0.17178237152507592
0.7207207207207207,0.11926037235399087,0.13324801815489679,0.91,0.029,-0.22935065404423938,-0.20390758547289067,0.7207212383478374,0.07551340444126559,-0.16972286557450644
0.7217217217217217,0.11903142676994616,0.13304406102635286,0.91,0.029,-0.22831014814579476,-0.20315392753934702,0.721722237493544,0.07534434220830707,-0.12238353383509804
0.7227227227227228,0.1188032949803256,0.13284130358524843,0.91,0.029,-0.22777329331253782,-0.20247072551269696,0.7227232366392508,0.07526839281563061,-0.0758735839108482
0.7237237237237237,0.11857542418073184,0.13263871422852963,0.91,0.029,-0.22751168204666072,-0.202301699974484,0.7237242357849574,0.07519244342295414,-0.0758735839108553
0.7247247247247247,0.11834781613738936,0.1324362951768911,0.91,0.029,-0.22696592451161024,-0.20219712785402066,0.7247252349306641,0.07511649403027768,-0.0758735839108482
0.7257257257257257,0.11812103794547338,0.13223391517376684,0.91,0.029,-0.2258820551124785,-0.20165737056471755,0.7257262340763707,0.07504054463760121,-0.07587358391086241
0.7267267267267267,0.11789559981083786,0.1320325767173021,0.91,0.029,-0.22517571067596975,-0.20096704066754967,0.7267272332220774,0.07496459524492473,-0.0758735839108553
0.7277277277277278,0.11767023572189786,0.13183157875601398,0.91,0.029,-0.22502547929162375,-0.20070273741124822,0.7277282323677841,0.07488864585224826,-0.07411703127843339
0.7287287287287287,0.11744509835079454,0.13163076943519747,0.91,0.029,-0.22479117428589035,-0.20054121732795238,0.7287292315134908,0.07481621307494067,-0.07152079509897646
0.7297297297297297,0.11722020334094513,0.13143009483743953,0.91,0.029,-0.22366077978456644,-0.20024508022187604,0.7297302306591974,0.07474546134265958,-0.07068111155195567
0.7307307307307307,0.11699732902189652,0.13122987838370223,0.91,0.029,-0.22265144472956422,-0.1996725394637764,0.7307312298049041,0.07467470961037846,-0.07068111155195567
0.7317317317317317,0.11677445470284792,0.13103035001368823,0.91,0.029,-0.22260427821566253,-0.19927535832228216,0.7317322289506107,0.07460395787809736,-0.07068111155196277
0.7327327327327328,0.11655167481125456,0.13083092871739133,0.91,0.029,-0.222554433919953,-0.19908095476111498,0.7327332280963175,0.07453320614581625,-0.07068111155194856
0.7337337337337337,0.11632890028058572,0.13063178954369598,0.91,0.029,-0.22161597982122316,-0.19892632572224045,0.7337342272420242,0.07446245441353515,-0.07068111155194856
0.7347347347347347,0.11610799917597683,0.1304326778150445,0.91,0.029,-0.2204231351826067,-0.19845478348509005,0.7347352263877308,0.07439170268125404,-0.06522905042985627
0.7357357357357357,0.1158876127226626,0.13023448266985196,0.91,0.029,-0.22016606686092643,-0.19798352220439597,0.7357362255334375,0.07433186596602408,-0.05896091735370845
0.7367367367367368,0.11566722626934835,0.1300363144072279,0.91,0.029,-0.22016606686091222,-0.1978061830848361,0.7367372246791442,0.07427366302545174,-0.058144845399695555
0.7377377377377378,0.11544683981603412,0.12983847429530773,0.91,0.029,-0.2197333035464979,-0.19758005318881544,0.7377382238248509,0.0742154600848794,-0.058144845399681344
0.7387387387387387,0.11522731975574174,0.12964075874518824,0.91,0.029,-0.21868815908229777,-0.1973102437280403,0.7387392229705575,0.07415725714430707,-0.05814484539970266
0.7397397397397397,0.11500902568373723,0.1294434587923487,0.91,0.029,-0.21806756414918738,-0.19694892754503712,0.7397402221162642,0.07409905420373472,-0.05814484539968845
0.7407407407407407,0.11479074805574338,0.12924646659795094,0.91,0.029,-0.21802805851892515,-0.19670460428508818,0.7407412212619708,0.07404085126316239,-0.05814484539968845
0.7417417417417418,0.11457253307408974,0.1290496557807669,0.91,0.029,-0.21799591542407626,-0.19644563862226505,0.7417422204076776,0.07398264832259005,-0.05814484539968845
0.7427427427427428,0.1143543197966361,0.12885318203614457,0.91,0.029,-0.21710786274202576,-0.19622331259319026,0.7427432195533842,0.07392444538201771,-0.05756661129446883
0.7437437437437437,0.11413788269822983,0.12865681631611586,0.91,0.029,-0.21622066130787232,-0.19597092441271968,0.7437442186990909,0.07386740006513608,-0.056595553623907335
0.7447447447447447,0.11392144559982356,0.12846084785313613,0.91,0.029,-0.21613349535735438,-0.19575118298362781,0.7447452178447976,0.07381114118036106,-0.05620273005857257
0.7457457457457457,0.11370518300782473,0.1282649220558884,0.91,0.029,-0.21602114989300958,-0.19549397227510923,0.7457462169905043,0.07375488229558604,-0.05620273005858678
0.7467467467467468,0.11348897082526298,0.12806946852926204,0.91,0.029,-0.2155881377329294,-0.19522399702879056,0.746747216136211,0.07369862341081101,-0.056202730058565464
0.7477477477477478,0.1132735751244755,0.12787408322299793,0.91,0.029,-0.21484456243247507,-0.19506856097404324,0.7477482152819176,0.07364236452603601,-0.056202730058579675
0.7487487487487487,0.11305885158115392,0.12767894087966436,0.91,0.029,-0.21445607524780996,-0.19487314274390855,0.7487492144276243,0.07358610564126099,-0.05620273005857257
0.7497497497497497,0.11284423363248791,0.1274839468010882,0.91,0.029,-0.21428350115253636,-0.19469581872176178,0.7497502135733309,0.07352984675648597,-0.056202730058579675
0.7507507507507507,0.11262985558285056,0.127289159460802,0.91,0.029,-0.21412747584414404,-0.19443242110966708,0.7507512127190377,0.07347358787171095,-0.05543072647868286
0.7517517517517518,0.1124155499971643,0.12709469270477255,0.91,0.029,-0.21351583803630803,-0.19424772765135145,0.7517522118647443,0.07341887453678383,-0.03350273904504064
0.7527527527527528,0.11220239644764271,0.12690027512115962,0.91,0.029,-0.21294039597207615,-0.19411906100318532,0.752753211010451,0.07340651544538511,-0.012346755191281034
0.7537537537537538,0.11198924289812112,0.12670606595601744,0.91,0.029,-0.21276437443601992,-0.19398717480064676,0.7537542101561576,0.07339415635398638,-0.012346755191295244
0.7547547547547547,0.1117764417440671,0.12651191240884602,0.91,0.029,-0.2125442973094991,-0.19378512376263046,0.7547552093018643,0.07338179726258766,-0.012346755191281034
0.7557557557557557,0.1115637287893934,0.12631810775028646,0.91,0.029,-0.2122363974695105,-0.19355976562092536,0.755756208447571,0.07336943817118893,-0.012346755191288139
0.7567567567567568,0.11135154405143545,0.12612440537056588,0.91,0.029,-0.21174394562787313,-0.1934571309054931,0.7567572075932777,0.07335707907979021,-0.012346755191288139
0.7577577577577578,0.11113981698633456,0.12593080618691208,0.91,0.029,-0.21144878362949981,-0.1933738940194374,0.7577582067389844,0.07334471998839147,-0.012346755191288139
0.7587587587587588,0.11092822316328832,0.12573727044760405,0.91,0.029,-0.2111939750051519,-0.1932606986461778,0.758759205884691,0.07333236089699274,-0.012346755191288139
0.7597597597597597,0.11071700622556349,0.12554389788131412,0.91,0.029,-0.21100572078710655,-0.19304606286971193,0.7597602050303978,0.07332000180559402,-0.012346755191281034
0.7607607607607607,0.11050578928783866,0.12535079184326028,0.91,0.029,-0.21062702002851807,-0.19290189411312042,0.7607612041761044,0.07330764271419529,-0.012346755191288139
0.7617617617617618,0.11029533050979068,0.12515770790310968,0.91,0.029,-0.21024103067320965,-0.19285515225377736,0.7617622033218111,0.07329528362279657,-0.012346755191281034
0.7627627627627628,0.11008488632352792,0.12496469544235181,0.91,0.029,-0.21004211571023035,-0.1928162743028352,0.7627632024675177,0.07328292453139784,-0.012346755191288139
0.7637637637637638,0.10987482577363407,0.12477168933593684,0.91,0.029,-0.20976546607774793,-0.19266244155282664,0.7637642016132244,0.07327056543999912,-0.012346755191281034
0.7647647647647647,0.10966493544048939,0.12457898484865246,0.91,0.029,-0.2095640189337331,-0.1924774552643882,0.7647652007589311,0.07325820634860039,-0.012346755191295244
0.7657657657657657,0.10945527818818117,0.12438634908515729,0.91,0.029,-0.20927162910738417,-0.19243455786747177,0.7657661999046378,0.07324584725720165,-0.012346755191288139
0.7667667667667668,0.10924597322005418,0.1241937304785474,0.91,0.029,-0.20906788422463052,-0.1924185454560572,0.7667671990503444,0.07323348816580293,-0.012346755191288139
0.7677677677677678,0.10903672386540912,0.12400112677193192,0.91,0.029,-0.2087823147734582,-0.19238067394449132,0.7677681981960511,0.0732211290744042,-0.012346755191281034
0.7687687687687688,0.10882799060789511,0.12380858398416404,0.91,0.029,-0.2085245242565108,-0.19226552428419552,0.7687691973417579,0.07320876998300548,-0.012346755191288139
0.7697697697697697,0.10861925735038108,0.123616210807399,0.91,0.029,-0.20835734229670066,-0.1921805912422272,0.7697701964874645,0.07319641089160675,-0.012346755191288139
0.7707707707707707,0.1084108587914853,0.12342383805575118,0.91,0.029,-0.20814573798044478,-0.1921786309392317,0.7707711956331712,0.07318405180020802,-0.012346755191281034
0.7717717717717718,0.10820254916623605,0.12323146880351664,0.91,0.029,-0.2079667661705784,-0.192175073614969,0.7717721947788778,0.0731716927088093,-0.012346755191288139
0.7727727727727728,0.1079945089092619,0.1230391031736391,0.91,0.029,-0.20768538194461428,-0.1921439228713382,0.7727731939245845,0.07315933361741057,-0.012346755191288139
0.7737737737737738,0.1077867626157964,0.1228467962852557,0.91,0.029,-0.20751554166780295,-0.19209962030750916,0.7737741930702912,0.07314697452601183,-0.012346755191295244
0.7747747747747747,0.10757906237939643,0.12265451934919964,0.91,0.029,-0.20737175899121496,-0.19208465912000605,0.7747751922159979,0.07313461543461311,-0.012346755191281034
0.7757757757757757,0.1073716039391373,0.12246224241314359,0.91,0.029,-0.20725098181889479,-0.19208465912001316,0.7757761913617045,0.07312225634321438,-0.012346755191288139
0.7767767767767768,0.10716414549887814,0.1222699654770875,0.91,0.029,-0.20702950659386232,-0.19209185348596947,0.7767771905074112,0.07310989725181566,-0.012346755191281034
0.7777777777777778,0.10695713045246288,0.12207767413789637,0.91,0.029,-0.20676541094749012,-0.19212239880943116,0.7777781896531178,0.07309753816041693,-0.012346755191281034
0.7787787787787788,0.1067502007322165,0.1218853360500416,0.91,0.029,-0.20667732512714565,-0.19214810561937412,0.7787791887988246,0.07308517906901821,-0.012346755191281034
0.7797797797797797,0.10654336203378993,0.1216929932457655,0.91,0.029,-0.20658840424980696,-0.1921512276282371,0.7797801879445312,0.07307281997761948,-0.012346755191295244
0.7807807807807807,0.106336610333318,0.12150064890764274,0.91,0.029,-0.20650245506964637,-0.19215219679357887,0.7807811870902379,0.07306046088622076,-0.012346755191288139
0.7817817817817818,0.10612994370532218,0.12130830416309567,0.91,0.029,-0.20626895022825664,-0.19221400017366363,0.7817821862359446,0.07304810179482202,-0.012346755191288139
0.7827827827827828,0.10592365948201016,0.12111583609448223,0.91,0.029,-0.20607793908871486,-0.19231795766081206,0.7827831853816513,0.07303574270342329,-0.012346755191288139
0.7837837837837838,0.10571737525869813,0.12092328322683779,0.91,0.029,-0.2060363221997008,-0.19236464670378695,0.783784184527358,0.07302338361202457,-0.012346755191281034
0.7847847847847848,0.10551117435248124,0.12073072168666685,0.91,0.029,-0.20598720999279152,-0.19237675043881808,0.7847851836730646,0.07301102452062584,-0.012346755191281034
0.7857857857857857,0.10530498845190578,0.12053814458732065,0.91,0.029,-0.2058786254187268,-0.19240162768502955,0.7857861828187713,0.07299866542922712,-0.012346755191281034
0.7867867867867868,0.10509900493222353,0.12034553324285296,0.91,0.029,-0.2056810589883895,-0.19255507395288873,0.7867871819644779,0.07298630633782839,-0.012346755191288139
0.7877877877877878,0.10489321456003711,0.1201526489437713,0.91,0.029,-0.2055816397327206,-0.19270147223660672,0.7877881811101847,0.07297394724642967,-0.012346755191281034
0.7887887887887888,0.10468743007790378,0.11995974450964655,0.91,0.029,-0.20556448187939225,-0.19273979026215216,0.7887891802558913,0.07296158815503094,-0.012346755191295244
0.7897897897897898,0.10448167405577406,0.11976678349780102,0.91,0.029,-0.2055502661075863,-0.1927771262490623,0.789790179401598,0.0729492290636322,-0.01226011056689913
0.7907907907907907,0.10427591803364435,0.11957380431695575,0.91,0.029,-0.20544805717733539,-0.19288965743820086,0.7907911785473046,0.07293704343462347,-0.010998636901746295
0.7917917917917918,0.1040703666339976,0.11938061801744426,0.91,0.029,-0.2053250443004231,-0.19309914536545136,0.7917921776930114,0.07292720981134704,-0.009823807860975364
0.7927927927927928,0.10386485688389373,0.11918721944134922,0.91,0.029,-0.2053030930003743,-0.19322235433056534,0.792793176838718,0.0729173761880706,-0.009823807860989575
0.7937937937937938,0.10365934943079366,0.11899378647724294,0.91,0.029,-0.20530073937572269,-0.19329638156599316,0.7937941759844247,0.07290754256479418,-0.009823807860975364
0.7947947947947948,0.10345384439265104,0.11880023969847436,0.91,0.029,-0.20529247527241523,-0.19338104055117356,0.7947951751301314,0.07289770894151776,-0.009823807860975364
0.7957957957957957,0.10324835348430235,0.11860663724691027,0.91,0.029,-0.20524347395772935,-0.19359012065022796,0.795796174275838,0.07288787531824133,-0.00982380786098247
0.7967967967967968,0.10304294654688982,0.11841267188936479,0.91,0.029,-0.20520153047510092,-0.19380931494168863,0.7967971734215448,0.0728780416949649,-0.009823807860975364
0.7977977977977978,0.10283753960947731,0.11821863061039034,0.91,0.029,-0.20520153047509382,-0.19393116025804602,0.7977981725672514,0.07286820807168846,-0.00982380786098247
0.7987987987987988,0.10263213267206481,0.11802442131827762,0.91,0.029,-0.2052015304750867,-0.19405353589467467,0.7987991717129581,0.07285837444841205,-0.009823807860975364
0.7997997997997998,0.10242672573465231,0.11783013504303363,0.91,0.029,-0.20521748550714136,-0.1942130997026581,0.7998001708586647,0.07284854082513562,-0.009823807860989575
0.8008008008008007,0.10222128685523371,0.11763560630385789,0.91,0.029,-0.20525255960841804,-0.19448017154557817,0.8008011700043715,0.07283870720185918,-0.00982380786098247
0.8018018018018018,0.10201580969940022,0.1174407853502497,0.91,0.029,-0.20527180193310812,-0.19467616788625008,0.8018021691500781,0.07282887357858275,-0.009823807860975364
0.8028028028028028,0.10181033229680905,0.11724586422600751,0.91,0.029,-0.20527291107465118,-0.19485333867028487,0.8028031682957848,0.07281903995530634,-0.009823807860975364
0.8038038038038038,0.101604852920472,0.11705068857613501,0.91,0.029,-0.20527389696071197,-0.19500272192556878,0.8038041674414914,0.0728092063320299,-0.009823807860989575
0.8048048048048048,0.10139937354413496,0.11685546838631668,0.91,0.029,-0.20535911990265987,-0.19526892946444718,0.8048051665871981,0.07279937270875347,-0.00982380786098247
0.8058058058058059,0.10119372355129751,0.1166597597884184,0.91,0.029,-0.20547017632729592,-0.19553588088897556,0.8058061657329049,0.07278953908547704,-0.009823807860975364
0.8068068068068068,0.10098802183977598,0.1164640051613137,0.91,0.029,-0.20550169335939472,-0.19574912288265267,0.8068071648786115,0.07277970546220063,-0.009823807860975364
0.8078078078078078,0.10078230874977721,0.1162678696525172,0.91,0.029,-0.20551502955565581,-0.1960149263197195,0.8078081640243182,0.0727698718389242,-0.00982380786098247
0.8088088088088088,0.10057658033916406,0.11607158288639935,0.91,0.029,-0.2055375414411671,-0.19622384442432406,0.8088091631700248,0.07276003821564776,-0.00982380786098247
0.8098098098098098,0.10037082218032543,0.11587502912313918,0.91,0.029,-0.20571180439562653,-0.19649748082640173,0.8098101623157316,0.07275020459237133,-0.009823807860968259
0.8108108108108109,0.10016474489492856,0.11567819453639654,0.91,0.029,-0.20587120811146065,-0.1967313850080714,0.8108111614614382,0.07274037096909491,-0.00982380786098247
0.8118118118118118,0.0999586676095317,0.11548117249649638,0.91,0.029,-0.2059005853931879,-0.19709026373192273,0.8118121606071449,0.07273053734581848,-0.00982380786098247
0.8128128128128128,0.09975253151075802,0.11528361943383014,0.91,0.029,-0.2059398427023993,-0.19740072472961145,0.8128131597528515,0.07272070372254205,-0.00982380786098247
0.8138138138138138,0.09954637563214953,0.11508597585039106,0.91,0.029,-0.20604224601638066,-0.19763687946781516,0.8138141588985582,0.07271087009926562,-0.009823807860975364
0.8148148148148148,0.09934003452173626,0.11488795000546616,0.91,0.029,-0.20626666746827738,-0.19786155712670705,0.8148151580442649,0.0727010364759892,-0.009823807860975364
0.8158158158158159,0.09913342935093176,0.11468985661690415,0.91,0.029,-0.20640499526822964,-0.19830064697838168,0.8158161571899716,0.07269120285271277,-0.009823807860989575
0.8168168168168168,0.09892681130798603,0.11449095171321712,0.91,0.029,-0.20648407759618692,-0.19878890722034726,0.8168171563356782,0.07268136922943634,-0.009823807860989575
0.8178178178178178,0.09872004781420267,0.11429188082667323,0.91,0.029,-0.20655673028958432,-0.19902140669846347,0.8178181554813849,0.07267153560615991,-0.009823807860975364
0.8188188188188188,0.09851328432041931,0.11409251045856555,0.91,0.029,-0.20675341043160955,-0.199259332029321,0.8188191546270916,0.07266170198288349,-0.009823807860975364
0.8198198198198198,0.09830612707259785,0.11389296324503295,0.91,0.029,-0.20701491273971584,-0.19961284801314605,0.8198201537727983,0.07265186835960706,-0.00982380786098247
0.8208208208208209,0.09809884005067013,0.11369288513721791,0.91,0.029,-0.20713680976030702,-0.20022595531938236,0.820821152918505,0.07264203473633063,-0.00982380786098247
0.8218218218218218,0.0978914387647694,0.11349211048163076,0.91,0.029,-0.20726990966412018,-0.2006233754041702,0.8218221520642116,0.0726322011130542,-0.009823807860975364
0.8228228228228228,0.0976838852765678,0.11329123673801036,0.91,0.029,-0.20737688814348587,-0.20080810466754428,0.8228231512099183,0.07262236748977778,-0.009823807860975364
0.8238238238238238,0.0974762698195372,0.1130900922540681,0.91,0.029,-0.20766219750218795,-0.20106725422693472,0.823824150355625,0.07261253386650135,-0.00982380786098247
0.8248248248248248,0.09726814514142829,0.112888699692511,0.91,0.029,-0.20791655343082027,-0.2017350807874081,0.8248251495013317,0.07260270024322492,-0.00982380786098247
0.8258258258258259,0.09706002046331934,0.11268621821845767,0.91,0.029,-0.20807673047327313,-0.20234980145027492,0.8258261486470383,0.07259286661994849,-0.00982380786098247
0.8268268268268268,0.09685157511045074,0.11248359498490282,0.91,0.029,-0.20827832833271742,-0.2025347769141348,0.826827147792745,0.07258303299667207,-0.009823807860968259
0.8278278278278278,0.09664304683302362,0.11228074318960056,0.91,0.029,-0.20846316358723982,-0.20270350886487876,0.8278281469384516,0.07257319937339564,-0.009823807860989575
0.8288288288288288,0.09643423143960542,0.11207778215434251,0.91,0.029,-0.20875882526784295,-0.203340562427492,0.8288291460841584,0.07256336575011921,-0.00982380786098247
0.8298298298298298,0.09622511124690182,0.11187365497653251,0.91,0.029,-0.20896296200825049,-0.2041878308570304,0.8298301452298651,0.07255353212684278,-0.009823807860968259
0.8308308308308309,0.09601588717132062,0.11166899770818228,0.91,0.029,-0.209247873685797,-0.20448741079067645,0.8308311443755717,0.07254369850356636,-0.00982380786098247
0.8318318318318318,0.09580619658486818,0.11146427077074535,0.91,0.029,-0.20948089586599394,-0.2045447789268593,0.8318321435212784,0.07253386488028993,-0.009823807860975364
0.8328328328328328,0.09559650599841574,0.11125949865127166,0.91,0.029,-0.20973973297056858,-0.20506346291510624,0.832833142666985,0.0725240312570135,-0.009823807860989575
0.8338338338338338,0.09538629721956174,0.11105373330745184,0.91,0.029,-0.21003205516202428,-0.20611975554766104,0.8338341418126918,0.07251419763373707,-0.009823807860975364
0.8348348348348348,0.09517602140349678,0.11084684648801309,0.91,0.029,-0.2102937197720962,-0.20668227014002838,0.8348351409583984,0.07250436401046065,-0.00982380786098247
0.8358358358358359,0.09496528877156954,0.11063995498885316,0.91,0.029,-0.21067710522164873,-0.20668460766073338,0.8358361401041051,0.07249453038718422,-0.009823807860975364
0.8368368368368369,0.09475424541706703,0.11043306348969327,0.91,0.029,-0.21092261909768695,-0.20702067192802787,0.8368371392498117,0.07248469676390779,-0.009823807860989575
0.8378378378378378,0.09454302126586847,0.11022549918919747,0.91,0.029,-0.21121094203189017,-0.20814382590236136,0.8378381383955185,0.07247486314063135,-0.009823807860968259
0.8388388388388388,0.09433140068827447,0.11001635913353239,0.91,0.029,-0.21142851210046132,-0.20899827603420817,0.8388391375412251,0.07246502951735494,-0.010184831323456933
0.8398398398398398,0.09411974096136305,0.10980708422216202,0.91,0.029,-0.21195011413456655,-0.20909170831486534,0.8398401366869318,0.07245447312572346,-0.013993330774404455
0.8408408408408409,0.0939070761354525,0.10959775711488401,0.91,0.029,-0.21245216108461307,-0.20931630211322272,0.8408411358326384,0.07243701489305339,-0.017440806762877514
0.8418418418418419,0.09369441130954198,0.10938803256627967,0.91,0.029,-0.21264862050851008,-0.21035261789076287,0.8418421349783451,0.07241955666038331,-0.01744080676288462
0.8428428428428428,0.0934813531714715,0.10917663075274035,0.91,0.029,-0.21290279302940007,-0.21133901764154928,0.8428431341240519,0.07240209842771322,-0.01744080676288462
0.8438438438438438,0.09326817949166531,0.10896493142986016,0.91,0.029,-0.21329702532982964,-0.21161860058141713,0.8438441332697585,0.07238464019504315,-0.01744080676288462
0.8448448448448448,0.09305433209974014,0.1087529698907155,0.91,0.029,-0.21395199985078506,-0.2118724237096643,0.8448451324154652,0.07236718196237307,-0.017440806762877514
0.8458458458458459,0.09283984715963171,0.10854076241342439,0.91,0.029,-0.2143242040346749,-0.21281510439615658,0.8458461315611718,0.07234972372970298,-0.01744080676288462
0.8468468468468469,0.0926252546141852,0.1083269136256581,0.91,0.029,-0.21452442064298083,-0.2138657441201275,0.8468471307068786,0.07233226549703291,-0.017440806762877514
0.8478478478478478,0.09241036884002615,0.10811260276553626,0.91,0.029,-0.21469230569102393,-0.21431632542036283,0.8478481298525852,0.07231480726436283,-0.01744080676288462
0.8488488488488488,0.09219544018837736,0.10789785191310484,0.91,0.029,-0.21547665823334938,-0.2146470544766288,0.8488491289982919,0.07229734903169274,-0.017440806762877514
0.8498498498498498,0.0919789841388583,0.10768287893275022,0.91,0.029,-0.21623959346955957,-0.21554253544311308,0.8498501281439985,0.07227989079902267,-0.017440806762891725
0.8508508508508509,0.0917625280893392,0.10746633532563114,0.91,0.029,-0.21635062808852012,-0.21660793831674852,0.8508511272897052,0.07226243256635258,-0.01744080676288462
0.8518518518518519,0.09154584974829068,0.10724922940659054,0.91,0.029,-0.21648900343456035,-0.21720404474651644,0.8518521264354119,0.0722449743336825,-0.01744080676288462
0.8528528528528528,0.0913291166710518,0.1070314923932057,0.91,0.029,-0.21706703097989077,-0.21763921107614692,0.8528531255811186,0.07222751610101243,-0.017440806762877514
0.8538538538538538,0.09111128111770032,0.10681351527030197,0.91,0.029,-0.21801588484229484,-0.2185419465312961,0.8538541247268252,0.07221005786834234,-0.01744080676288462
0.8548548548548548,0.0908926484331293,0.10659397097872864,0.91,0.029,-0.2184371952573656,-0.21961427835854153,0.8548551238725319,0.07219259963567226,-0.017440806762877514
0.8558558558558559,0.09067396941548338,0.10637384704535995,0.91,0.029,-0.2184984808873196,-0.2203077217401912,0.8558561230182387,0.07217514140300219,-0.017440806762877514
0.8568568568568569,0.09045521403695847,0.10615291447874825,0.91,0.029,-0.21873580937808157,-0.22083958006572146,0.8568571221639453,0.0721576831703321,-0.017440806762891725
0.8578578578578578,0.09023605988719895,0.10593172576394709,0.91,0.029,-0.2198667301327788,-0.2218154921208466,0.857858121309652,0.07214022493766202,-0.017440806762877514
0.8588588588588588,0.09001504040305902,0.10570883941944727,0.91,0.029,-0.22079846465578612,-0.2229117328768453,0.8588591204553586,0.07212276670499194,-0.017440806762891725
0.8598598598598598,0.0897940209189191,0.10548545602845792,0.91,0.029,-0.22079846465579323,-0.22366065272149882,0.8598601196010653,0.07210530847232186,-0.017440806762877514
0.8608608608608609,0.08957300143477914,0.10526107034492975,0.91,0.029,-0.22079846465578612,-0.22432515530397268,0.860861118746772,0.07208785023965178,-0.01744080676288462
0.8618618618618619,0.08935198195063922,0.10503635661843994,0.91,0.029,-0.22183551194940065,-0.2253775229804873,0.8618621178924787,0.07207039200698169,-0.01744080676288462
0.8628628628628628,0.08912888629574131,0.10480986409271657,0.91,0.029,-0.22310294892338334,-0.22646259838607108,0.8628631170381853,0.07205293377431161,-0.017440806762877514
0.8638638638638638,0.08890532940024207,0.10458297804309245,0.91,0.029,-0.22335473693227925,-0.22736221511092936,0.863864116183892,0.07203547554164154,-0.017440806762877514
0.8648648648648649,0.08868172966524625,0.10435468448288487,0.91,0.029,-0.22338696315171092,-0.22834061915794024,0.8648651153295986,0.07201801730897145,-0.017440806762891725
0.8658658658658659,0.08845810825279117,0.10412583966639985,0.91,0.029,-0.22404388016188648,-0.2292978715943761,0.8658661144753054,0.07200055907630137,-0.017440806762877514
0.8668668668668669,0.08823319336862587,0.10389562968489814,0.91,0.029,-0.2253097165179625,-0.2302571514178311,0.8668671136210121,0.0719831008436313,-0.02007319091917026
0.8678678678678678,0.08800703774925171,0.10366486438828608,0.91,0.029,-0.22598430139090908,-0.23155040411305094,0.8678681127667187,0.07196037258237796,-0.025239974938322973
0.8688688688688688,0.08778077234482025,0.10343206531229945,0.91,0.029,-0.22612825542360326,-0.2327943075127834,0.8688691119124254,0.07193257045692947,-0.027774374801147417
0.8698698698698699,0.08755432852918443,0.10319880971859081,0.91,0.029,-0.22653499459991622,-0.23354269607660427,0.8698701110581321,0.07190476833148099,-0.027774374801147417
0.8708708708708709,0.08732724883210768,0.10296451236720111,0.91,0.029,-0.22778458118075662,-0.23463035720145342,0.8708711102038388,0.07187696620603251,-0.02777437480114031
0.8718718718718719,0.08709830334163537,0.10272907927374307,0.91,0.029,-0.22875769821732206,-0.23602209296358723,0.8718721093495454,0.07184916408058403,-0.027774374801147417
0.8728728728728729,0.08686927546230325,0.10249199566457132,0.91,0.029,-0.22903084216261504,-0.2372005278686231,0.8728731084952521,0.07182136195513555,-0.02777437480114031
0.8738738738738738,0.08663978313710563,0.10225420334207416,0.91,0.029,-0.22932638072745704,-0.2378943802309479,0.8738741076409587,0.07179355982968708,-0.02777437480114031
0.8748748748748749,0.086410163588975,0.10201573063908392,0.91,0.029,-0.23054470627314316,-0.23929119274363586,0.8748751067866655,0.0717657577042386,-0.027774374801133206
0.8758758758758759,0.0861782321735958,0.10177514189513993,0.91,0.029,-0.23169948396383688,-0.24090911397703252,0.8758761059323721,0.07173795557879012,-0.027774374801147417
0.8768768768768769,0.08594630075821659,0.10153343011060138,0.91,0.029,-0.23210973560716752,-0.24183559760479767,0.8768771050780788,0.07171015345334163,-0.02777437480114031
0.8778778778778779,0.0857135480182261,0.10129098654457978,0.91,0.029,-0.23253019440993938,-0.24246788431442212,0.8778781042237854,0.07168235132789315,-0.02777437480114031
0.8788788788788788,0.08548077484348199,0.10104800892078274,0.91,0.029,-0.23360275930764374,-0.2444657817665714,0.8788791033694922,0.07165454920244467,-0.02777437480114031
0.8798798798798799,0.085245874826419,0.1008015655600621,0.91,0.029,-0.23477430979865233,-0.24630219948438992,0.8798801025151989,0.07162674707699619,-0.02777437480114031
0.8808808808808809,0.08501075620524642,0.10055491142431747,0.91,0.029,-0.23538711056697537,-0.24664946619205352,0.8808811016609055,0.07159894495154771,-0.027774374801147417
0.8818818818818819,0.08477462935981846,0.1003077728349529,0.91,0.029,-0.23597371914558352,-0.2480609039623971,0.8818821008066122,0.07157114282609922,-0.02777437480114031
0.8828828828828829,0.08453833634709712,0.10005829299796634,0.91,0.029,-0.23696626462105286,-0.25026117652036817,0.8828830999523188,0.07154334070065074,-0.02777437480114031
0.8838838838838838,0.08430022242364019,0.09980674945853577,0.91,0.029,-0.23807492591347312,-0.251407017020405,0.8838840990980256,0.07151553857520226,-0.029271838188222432
0.8848848848848849,0.08406170986879186,0.09955497564657413,0.91,0.029,-0.23889286729011872,-0.2517016910261418,0.8848850982437322,0.07148473853061138,-0.03726271676029569
0.8858858858858859,0.08382195842506135,0.0993028421691941,0.91,0.029,-0.23966518509039503,-0.25427138519858516,0.8858860973894389,0.07144093867991473,-0.043756131945272614
0.8868868868868869,0.0835818996884307,0.09904592382435475,0.91,0.029,-0.24065358947132154,-0.2566614264945244,0.8868870965351455,0.07139713882921808,-0.043756131945286825
0.8878878878878879,0.08334016945715081,0.09878900547951538,0.91,0.029,-0.24170363474561185,-0.25672197345166836,0.8878880956808523,0.07135333897852143,-0.04375613194526551
0.8888888888888888,0.08309800852777885,0.09853196591954662,0.91,0.029,-0.24272407494675718,-0.25845910701004726,0.8888890948265589,0.0713095391278248,-0.043756131945272614
0.8898898898898899,0.08285423537317331,0.09827156982984563,0.91,0.029,-0.24372272203988388,-0.2611894455888901,0.8898900939722656,0.07126573927712815,-0.043756131945272614
0.8908908908908909,0.0826100751503216,0.09800906412657584,0.91,0.029,-0.24473950384928855,-0.26228172966659713,0.8908910931179723,0.0712219394264315,-0.04375613194527972
0.8918918918918919,0.08236426639649806,0.09774648128196456,0.91,0.029,-0.24572689089353617,-0.26315862395317424,0.8918920922636789,0.07117813957573485,-0.04375613194527972
0.8928928928928929,0.08211812942280701,0.0974822200345775,0.91,0.029,-0.24701240382262313,-0.2658692608282891,0.8928930914093857,0.0711343397250382,-0.04375613194526551
0.8938938938938938,0.08186974706952585,0.09721421048951553,0.91,0.029,-0.24829074226363446,-0.26793617460734254,0.8938940905550923,0.07109053987434157,-0.043756131945272614
0.8948948948948949,0.08162105085971663,0.09694581127660484,0.91,0.029,-0.2492212001433245,-0.2684566547053251,0.894895089700799,0.07104674002364492,-0.0463866232316974
0.8958958958958959,0.08137080572789755,0.09667675972934468,0.91,0.029,-0.2500686233930196,-0.2710281168077415,0.8958960888465056,0.07099767393388727,-0.060077438841020125
0.8968968968968969,0.08112041297504594,0.09640321244415692,0.91,0.029,-0.251581203691579,-0.27364161296689815,0.8968970879922123,0.07092646509373271,-0.07113776316391096
0.8978978978978979,0.08086713965444094,0.09612892867235391,0.91,0.029,-0.25309961928338254,-0.27450938386387236,0.897898087137919,0.07085525625357815,-0.07113776316391807
0.8988988988988988,0.08061370703053466,0.09585364410809313,0.91,0.029,-0.25378732756310285,-0.27672517872727553,0.8988990862836257,0.07078404741342358,-0.07113776316391807
0.8998998998998999,0.08035905691657685,0.09557492431053753,0.91,0.029,-0.2547856043554404,-0.2792830680795362,0.8999000854293323,0.07071283857326902,-0.07113776316391807
0.9009009009009009,0.08010362574053376,0.0952945188466726,0.91,0.029,-0.25652327089935056,-0.2807025272485717,0.900901084575039,0.07064162973311446,-0.07113776316391096
0.9019019019019019,0.07984549681467627,0.09501295728901889,0.91,0.029,-0.25806226622572126,-0.28292516750158114,0.9019020837207457,0.0705704208929599,-0.07267617150820627
0.9029029029029029,0.0795869845669087,0.0947281020949177,0.91,0.029,-0.25859587278311835,-0.2855210830647579,0.9029030828664524,0.07049613216192857,-0.07626170761780315
0.9039039039039038,0.07932778735965502,0.09444134350910947,0.91,0.029,-0.2599573972971143,-0.2873198980368272,0.9039040820121591,0.07041774508460878,-0.07830883538311184
0.9049049049049049,0.07906654933708462,0.09415288708383293,0.91,0.029,-0.2619928665821263,-0.28978121299693527,0.9049050811578657,0.07033935800728901,-0.07830883538311895
0.9059059059059059,0.07880327711624735,0.09386120094054702,0.91,0.029,-0.26325014878813846,-0.2924441901631525,0.9059060803035724,0.07026097092996922,-0.07830883538311184
0.9069069069069069,0.07853952201218345,0.09356741322965245,0.91,0.029,-0.26360931193655546,-0.2948115271825884,0.9069070794492791,0.07018258385264944,-0.07830883538311895
0.9079079079079079,0.078275530746004,0.09327098767291422,0.91,0.029,-0.265725706042403,-0.29753475638084126,0.9079080785949858,0.07010419677532966,-0.07943826382626895
0.9089089089089089,0.07800753861670318,0.09297174805171285,0.91,0.029,-0.2680933147763298,-0.29999642143037164,0.9089090777406924,0.0700235485841964,-0.08339690515556697
0.9099099099099099,0.07773880739309844,0.09267039423661717,0.91,0.029,-0.26861694688543736,-0.3024785744611833,0.9099100768863991,0.06993723631369905,-0.08622611804170077
0.9109109109109109,0.07746976695126682,0.09236618534007883,0.91,0.029,-0.2694892457581446,-0.3053372308113538,0.9109110760321057,0.06985092404320171,-0.08622611804170077
0.9119119119119119,0.07719928938357264,0.0920591084892471,0.91,0.029,-0.27219756853155275,-0.30798455472324804,0.9119120751778125,0.06976461177270436,-0.08622611804170788
0.9129129129129129,0.07692482687412659,0.09174959964493722,0.91,0.029,-0.2741880469365938,-0.31065463711166075,0.9129130743235191,0.06967829950220701,-0.08622611804170788
0.9139139139139139,0.07665036436468056,0.09143717728381837,0.91,0.029,-0.2741880469366009,-0.313548841670638,0.9139140734692258,0.06959198723170966,-0.09121252200657892
0.914914914914915,0.07637590185523449,0.09112187423618719,0.91,0.029,-0.2764357344705033,-0.3166522651540973,0.9149150726149324,0.06949569218899433,-0.09827867937487156
0.9159159159159159,0.07609693947084568,0.09080323881504136,0.91,0.029,-0.2794121734918491,-0.3197268396318407,0.9159160717606392,0.06939523348351881,-0.10035843277827894
0.9169169169169169,0.07581651812452009,0.09048178046315049,0.91,0.029,-0.28019568399258077,-0.3221436535116027,0.9169170709063459,0.06929477477804329,-0.10035843277827894
0.9179179179179179,0.07553598715054022,0.0901583065757789,0.91,0.029,-0.28117893518086134,-0.32590577643441776,0.9179180700520525,0.06919431607256778,-0.10035843277827894
0.9189189189189189,0.07525359733336723,0.08982931644626478,0.91,0.029,-0.2840661049629034,-0.3296284488167345,0.9189190691977592,0.06909385736709225,-0.11225202415471358
0.91991991991992,0.07496728623970357,0.08949838976133097,0.91,0.029,-0.2862226562294339,-0.33185386446242404,0.9199200683434658,0.06896958771200234,-0.12529673178209322
0.9209209209209209,0.07468057900257755,0.08916494434523889,0.91,0.029,-0.2865320570516019,-0.3360464393724669,0.9209210674891726,0.06884301352414485,-0.1264478480330169
0.9219219219219219,0.07439364848784852,0.08882562411694167,0.91,0.029,-0.28931544659516106,-0.3395431652472851,0.9219220666348792,0.06871643933628735,-0.12684538090833541
0.9229229229229229,0.07410136889928394,0.08848517824864774,0.91,0.029,-0.2922804410512754,-0.3428916249867555,0.9229230657805859,0.06858906928829268,-0.1305625312805816
0.9239239239239239,0.07380850245971785,0.08813915439724848,0.91,0.029,-0.2929766419622766,-0.3473490141483495,0.9239240649262925,0.06845505337174103,-0.13388214877751636
0.924924924924925,0.07351482907553562,0.08778978482692931,0.91,0.029,-0.2951689324280409,-0.3502594481941017,0.9249250640719993,0.06832103745518936,-0.13388214877750215
0.9259259259259259,0.07321757366606808,0.08743793428074374,0.91,0.029,-0.29787786078043155,-0.35486395541988003,0.9259260632177059,0.0681870215386377,-0.1380129130360288
0.9269269269269269,0.07291847700190114,0.08707934647774038,0.91,0.029,-0.2996347443511169,-0.35873162958911564,0.9269270623634126,0.06804473583909826,-0.14605863468907643
0.9279279279279279,0.0726177043080078,0.08671975284012491,0.91,0.029,-0.3016294689236716,-0.36276748584708685,0.9279280615091193,0.06789461240154399,-0.1499735920836187
0.9289289289289289,0.07231461420125317,0.08635308524481329,0.91,0.029,-0.3041306731392197,-0.36806598515923383,0.9289290606548259,0.06774448896398974,-0.14998961783845033
0.92992992992993,0.07200883409151285,0.08598288400096726,0.91,0.029,-0.3065660614288035,-0.37152257199145566,0.9299300598005327,0.06759433344290168,-0.1500420845978354
0.9309309309309309,0.0717008683325268,0.08560929631189744,0.91,0.029,-0.3086077776577554,-0.3768065299291834,0.9309310589462393,0.06744410496698477,-0.15007852560238888
0.9319319319319319,0.07139100070280864,0.08522851657368163,0.91,0.029,-0.31124083578257,-0.38153189766788387,0.931932058091946,0.06729387649106786,-0.15008744707754573
0.9329329329329329,0.07107776355618534,0.08484546868893873,0.91,0.029,-0.314274127071279,-0.38634410199093594,0.9329330572376526,0.06714363015437293,-0.15017690925110827
0.933933933933934,0.0707618232712345,0.0844550549080341,0.91,0.029,-0.316560696900801,-0.39146507826024646,0.9339340563833594,0.06699322257533741,-0.15025744994949974
0.934934934934935,0.07044400840723475,0.08406175481854782,0.91,0.029,-0.3190688540064812,-0.3967532266599747,0.934935055529066,0.0668428149963019,-0.15025744994951395
0.9359359359359359,0.07012304678673706,0.08366075415396008,0.91,0.029,-0.3221805264541544,-0.4028718571910517,0.9359360546747727,0.06669240741726637,-0.15326476101206765
0.9369369369369369,0.0697990023482675,0.08325520455390109,0.91,0.029,-0.324733206531441,-0.408456811915741,0.9369370538204793,0.06653597920662187,-0.15661433739200703
0.9379379379379379,0.06947293025714459,0.08284302279877344,0.91,0.029,-0.3271127296935248,-0.41468012107441155,0.937938052966186,0.06637886578139673,-0.1569566027093927
0.938938938938939,0.06914412200854071,0.08242501412131967,0.91,0.029,-0.3304747796731391,-0.4206843932027624,0.9389390521118927,0.06622175235617161,-0.16836000213590552
0.93993993993994,0.06881131908662776,0.08200081180137046,0.91,0.029,-0.33353262243943504,-0.42708759998329526,0.9399400512575994,0.06604180934477831,-0.18205653662171528
0.9409409409409409,0.06847638903068401,0.0815699838911229,0.91,0.029,-0.33562843065638504,-0.4335976088363296,0.9409410504033061,0.0658572754809143,-0.18534155483622783
0.9419419419419419,0.0681393902965249,0.08113274852041688,0.91,0.029,-0.3394112507586513,-0.4403700347573505,0.9419420495490127,0.06567075586866829,-0.18979332778583569
0.9429429429429429,0.06779688702716319,0.08068836219991701,0.91,0.029,-0.3430597676912086,-0.44738992367572905,0.9429430486947195,0.06547730956296542,-0.19325321758021374
0.943943943943944,0.06745258395480073,0.08023707299754253,0.91,0.029,-0.3450967936427034,-0.4547729465148649,0.9439440478404261,0.06528386325726257,-0.2089823019923145
0.944944944944945,0.06710600255540601,0.07977790585053787,0.91,0.029,-0.3491324702544105,-0.4622221914951581,0.9449450469861328,0.06505892735144118,-0.2304327836901905
0.9459459459459459,0.06675362005038751,0.0793117032447995,0.91,0.029,-0.3528639209856408,-0.4702194758538525,0.9459460461318394,0.06482253721802919,-0.23753803373969617
0.9469469469469469,0.0663995682791585,0.07883652551849815,0.91,0.029,-0.3556054721045925,-0.47858802466867445,0.9469470452775461,0.06458337661374863,-0.2395263192370649
0.9479479479479479,0.06604169718331127,0.07835356906127865,0.91,0.029,-0.3598571310728147,-0.48710881282841,0.9479480444232528,0.06434300593616805,-0.24031899978335503
0.948948948948949,0.065679133582316,0.07786133270002284,0.91,0.029,-0.36285386547833554,-0.4958019283186488,0.9489490435689595,0.0641022583867882,-0.24059084988252266
0.94994994994995,0.06531526301818945,0.07736097260818822,0.91,0.029,-0.36700938241469316,-0.5054126688357172,0.9499500427146661,0.06386134346577356,-0.24082572341051645
0.950950950950951,0.06494438006396828,0.07684949552517657,0.91,0.029,-0.3717125863806743,-0.5152616217587962,0.9509510418603728,0.06362012569999197,-0.24104386278799694
0.9519519519519519,0.06457109367608602,0.07632941780987235,0.91,0.029,-0.3740827185574602,-0.5247253528071525,0.9519520410060796,0.06337877406431629,-0.24120386697898866
0.9529529529529529,0.06419546571250193,0.07579899431835548,0.91,0.029,-0.3794294175710853,-0.5364740430296564,0.9529530401517862,0.06313723597041773,-0.24133728619462147
0.953953953953954,0.06381147522249024,0.07525539570170484,0.91,0.029,-0.3836064995216475,-0.5472302222297287,0.9539540392974929,0.06289561722970033,-0.24138991686364264
0.954954954954955,0.06342748473247858,0.07470343831789551,0.91,0.029,-0.3875035847790187,-0.5588943888227504,0.9549550384431995,0.06265397376929231,-0.2414074338925083
0.955955955955956,0.06303569226997971,0.07413648801637404,0.91,0.029,-0.39324023331099767,-0.5723491171314095,0.9559560375889062,0.06241231995951305,-0.24128281300298582
0.9569569569569569,0.06264021699812225,0.07355759423955438,0.91,0.029,-0.3964818238400589,-0.5849576130676084,0.9569570367346129,0.06217092598991292,-0.2411005206627479
0.9579579579579579,0.06224193486489452,0.0729654017039264,0.91,0.029,-0.4020541564490756,-0.5992491175205359,0.9579580358803196,0.06192963712908737,-0.24549802279373623
0.958958958958959,0.06183530377199795,0.0723578963065803,0.91,0.029,-0.40674114246048276,-0.6141420598837044,0.9589590350260262,0.06167943936773449,-0.2517124118206304
0.95995995995996,0.06142763828339202,0.07173588807052554,0.91,0.029,-0.41189950681843257,-0.6295239358177795,0.9599600341717329,0.06142570931069494,-0.33274990711642616
0.960960960960961,0.061010680134723834,0.07109758812676494,0.91,0.029,-0.4179462389214663,-0.6459578302769273,0.9609610333174395,0.06101327462221947,-0.44747744027490555
0.9619619619619619,0.060590909076342056,0.0704426792011023,0.91,0.029,-0.42269954362251383,-0.662713719012828,0.9619620324631463,0.06052986023981855,-0.4642249082134775
0.9629629629629629,0.06016443480214625,0.0697708339345471,0.91,0.029,-0.42902391430677156,-0.6806028546505516,0.9629630316088529,0.06008389714914456,-0.4070579841378468
0.963963963963964,0.05973200234099314,0.06908011092352358,0.91,0.029,-0.4346452551017421,-0.7000144681030989,0.9639640307545596,0.05971493085106844,-0.3528199314482272
0.964964964964965,0.05929427413127186,0.06836940356797427,0.91,0.029,-0.4410239454984257,-0.7204856729320852,0.9649650299002663,0.059377552249208605,-0.3393327223847571
0.965965965965966,0.0588490715191745,0.06763769716389981,0.91,0.029,-0.44731631122978754,-0.7422564852471609,0.965966029045973,0.059035587320633506,-0.34180896083127976
0.9669669669669669,0.05839874598066169,0.06688340459851053,0.91,0.029,-0.45378967093400036,-0.7659492473535607,0.9669670281916797,0.05869325129363462,-0.3415037241896073
0.9679679679679679,0.05794058368947682,0.06610426523726609,0.91,0.029,-0.4606280091643704,-0.7909286723622628,0.9679680273373863,0.058351897448294616,-0.34023424533345903
0.968968968968969,0.0574765677841364,0.06529996381300043,0.91,0.029,-0.46740677078723536,-0.8171873631156146,0.968969026483093,0.05801210291579673,-0.3440424814481453
0.96996996996997,0.057004834398611454,0.06446825450029783,0.91,0.029,-0.47487992641807253,-0.8466116887931143,0.9699700256287996,0.057663124988261816,-0.38192250081555557
0.970970970970971,0.05652585722073688,0.06360504551711836,0.91,0.029,-0.48214641822178095,-0.8730102783322629,0.9709710247745064,0.05724749472171168,-0.45001256583418936
0.9719719719719719,0.05603957630407338,0.06272048617530836,0.91,0.029,-0.49018659033831824,-0.8843679389450472,0.971972023920213,0.056762200600347236,-0.4827232045094476
0.9729729729729729,0.05554450268552505,0.061834539132844035,0.91,0.029,-0.4980953466355338,-0.8851583736058863,0.9729730230659197,0.0562810836910582,-0.43813382191900274
0.973973973973974,0.05504238842292113,0.06094839733926049,0.91,0.029,-0.5066207478334803,-0.8854508161837131,0.9739740222116263,0.05588505743745498,-0.37798780553724143
0.974974974974975,0.05453024693410664,0.060061864826169875,0.91,0.029,-0.5153453699554831,-0.885907854453805,0.974975021357333,0.05552435275019757,-0.4020668121032003
0.975975975975976,0.05401066596054782,0.05917480804105471,0.91,0.029,-0.5242581727211828,-0.8865058910919892,0.9759760205030397,0.055080120366590365,-0.4936772952841224
0.9769769769769769,0.05348068102275294,0.058287078257417184,0.91,0.029,-0.53399288158327,-0.8872838543162871,0.9769770196487464,0.054536011648529184,-0.5665078993509063
0.9779779779779779,0.052941611142563315,0.057398463988369494,0.91,0.029,-0.543179778225948,-0.888244327681079,0.9779780187944531,0.05394597252001763,-0.5906455163800253
0.978978978978979,0.052393234019297553,0.056508811335132685,0.91,0.029,-0.5541411500121995,-0.8893404886404852,0.9789790179401597,0.053353540333905415,-0.5900765613781864
0.97997997997998,0.05183221945084716,0.05561800254964974,0.91,0.029,-0.5634866165921011,-0.8905778931145676,0.9799800170858665,0.052764640252335446,-0.5882197953432744
0.980980980980981,0.05126513268477886,0.05472587261017863,0.91,0.029,-0.5758986279860636,-0.8920393621242795,0.9809810162315731,0.05217592530865267,-0.5882615590896307
0.9819819819819819,0.050679269244668874,0.05383213796081239,0.91,0.029,-0.588982995456881,-0.8936597280689469,0.9819820153772798,0.051586941616133856,-0.5876961531117431
0.9829829829829829,0.05008598754872907,0.05293676404547608,0.91,0.029,-0.5993801797218481,-0.8953716436587023,0.9829830145229864,0.05099935861425276,-0.5710336855992999
0.983983983983984,0.049479308924905374,0.052039602137671795,0.91,0.029,-0.6139625958788315,-0.8972953972333428,0.9839840136686931,0.0504437331532246,-0.5997217009650839
0.984984984984985,0.04885683320262526,0.051140376863827684,0.91,0.029,-0.6275229749663076,-0.8994248982973971,0.9849850128143998,0.04979871679359717,-0.7112126336540925
0.985985985985986,0.0482230066727206,0.05023895169063,0.91,0.029,-0.6418189526522795,-0.9016581755573227,0.9859860119601065,0.04901988667581751,-0.7962918621909729
0.986986986986987,0.0475719103744926,0.04933525539124049,0.91,0.029,-0.6584004434713329,-0.904012433008262,0.9869870111058131,0.04820454184602449,-0.7951455331361643
0.9879879879879879,0.04690488766677202,0.0484291169899128,0.91,0.029,-0.6741051679552541,-0.9066429297171936,0.9879880102515198,0.04742800667705397,-0.7746431754326224
0.988988988988989,0.046222350478686246,0.04752015443084565,0.91,0.029,-0.6900768123840919,-0.9094293493358308,0.9889890093972266,0.04665370753235329,-0.7752875045708585
0.98998998998999,0.04552335250684386,0.04660843761186303,0.91,0.029,-0.7086359187518347,-0.9122551438771431,0.9899900085429332,0.04587588241754899,-0.7965132068299177
0.990990990990991,0.04480365995065458,0.04569381780646703,0.91,0.029,-0.7275246645644842,-0.9153219618027926,0.9909910076886399,0.04505908945319163,-0.7926947570540506
0.991991991991992,0.04406684667187996,0.04477596121185748,0.91,0.029,-0.7471699071028084,-0.9186204905661093,0.9919920068343465,0.04428890886831445,-0.723464995322967
0.992992992992993,0.04330782430079906,0.04385473774527356,0.91,0.029,-0.7687481329401677,-0.9219936101257993,0.9929930059800532,0.0436107137686577,-0.718914123922783
0.993993993993994,0.042527811370698394,0.04293012815855251,0.91,0.029,-0.7911124199361339,-0.9254619945541975,0.9939940051257599,0.042849644020548125,-0.8086258545680778
0.994994994994995,0.04172401565227831,0.04200196097939934,0.91,0.029,-0.8152489614995098,-0.9292615189624911,0.9949950042714666,0.04199184618941976,-0.8931074159444954
0.995995995995996,0.04089568131764636,0.04106974473720622,0.91,0.029,-0.8403780607894653,-0.9332167182545028,0.9959960034171732,0.041061644499778664,-0.9374430839787067
0.996996996996997,0.04004157709213928,0.04013365924115213,0.91,0.029,-0.8673079812547684,-0.9371563917473296,0.9969970025628799,0.040115086736997124,-0.9409967447054974
0.997997997997998,0.03915932900282194,0.03919355576473903,0.91,0.029,-0.8966992859547496,-0.9413635480245723,0.9979980017085865,0.03917777062465273,-0.9367294504759371
0.998998998998999,0.03824638332646404,0.03824904753339516,0.91,0.029,-0.9287348369095767,-0.9458311044871657,0.9989990008542933,0.03823975597762774,-0.9379481654437356
1.0,0.0373,0.0373,0.91,0.029,-0.9454369431375956,-0.948098485861789,1.0,0.037299999999999986,-0.9388179616919344
