sto_common,p_si_original,p_si_reconstructed_deformed,si_scale_a,si_shift_b,dUdx_si_original,dUdx_si_reconstructed_deformed,x_anode_common,p_anode_reconstructed,dUdx_anode_reconstructed
0.0,1.0,1.0,0.91,0.04,-177.67052081056616,-224.77704014372378,1.5989161841141562e-06,1.0000000000000002,-99.21432122543983
0.001001001001001001,0.8221516308202541,0.7749979578140903,0.91,0.04,-103.3559775420618,-124.49607992463945,0.0010025983166684145,0.9006865239338782,-97.52854177835701
0.002002002002002002,0.7930811260419184,0.7507585987494706,0.91,0.04,-25.849677990515602,-21.797885037133938,0.0020035977171527146,0.8047479762995134,-72.92255170447089
0.003003003003003003,0.7704005237321347,0.7313585483303388,0.91,0.04,-20.680644351403828,-17.786201578575685,0.003004597117637015,0.7546956628579566,-37.99702921124003
0.004004004004004004,0.7516784346477164,0.7151505875811509,0.91,0.04,-17.360018854395946,-15.064410573152713,0.004005596518121315,0.7286779693782421,-23.18804460731502
0.005005005005005005,0.7356457312308416,0.7011995682039068,0.91,0.04,-15.045854006761715,-13.163368029636445,0.005006595918605615,0.7082732253573055,-18.918696051990935
0.006006006006006006,0.7215566048043497,0.6887974984327295,0.91,0.04,-13.34220781636185,-11.789498641473529,0.006007595319089916,0.6908027625662669,-16.185542748507828
0.007007007007007007,0.7089346044713585,0.677596968321077,0.91,0.04,-12.037599881106985,-10.695983202969785,0.007008594719574216,0.6758697881817669,-14.177729757664565
0.008008008008008008,0.6974573057430744,0.6673841186470043,0.91,0.04,-11.008472629544826,-9.811145600924306,0.008009594120058517,0.6624189645909656,-12.960155086492591
0.009009009009009009,0.6868956202280254,0.6579550351860933,0.91,0.04,-10.178196972223645,-9.111634416663833,0.009010593520542818,0.6499235732382417,-12.032323326912717
0.01001001001001001,0.677080535027912,0.6491426083033329,0.91,0.04,-9.496070479061075,-8.544879552831958,0.010011592921027117,0.6383302677176199,-11.260502678254738
0.011011011011011011,0.6678844681177931,0.6408481692144579,0.91,0.04,-8.927552196822944,-8.054706582455026,0.011012592321511418,0.6273800603780719,-10.649601424918785
0.012012012012012012,0.6592075576568951,0.6330170695997193,0.91,0.04,-8.447749079156267,-7.636752415920569,0.012013591721995719,0.617009778434139,-10.111949201196012
0.013013013013013013,0.6509720575489116,0.6255593755889912,0.91,0.04,-8.03919098528604,-7.293286966652488,0.013014591122480018,0.6071359502018222,-9.655758882533007
0.014014014014014014,0.643113081209876,0.6184158944913059,0.91,0.04,-7.689034459625191,-7.0001868974462695,0.014015590522964319,0.597678960728866,-9.26654760662143
0.015015015015015015,0.6355785951672797,0.6115449874059156,0.91,0.04,-7.386462975835684,-6.736716782642873,0.015016589923448618,0.5885843330042477,-8.939339239453545
0.016016016016016016,0.6283253675445393,0.6049289740055344,0.91,0.04,-7.123856292648156,-6.508773933101338,0.016017589323932917,0.5797824142900284,-8.657559151306259
0.017017017017017015,0.6213166206074235,0.5985144089612682,0.91,0.04,-6.895661674795576,-6.319920816483602,0.01701858872441722,0.5712519099640178,-8.418458689182671
0.018018018018018018,0.61452023906647,0.59227647987844,0.91,0.04,-6.696290372244391,-6.15340430438431,0.01801958812490152,0.562928670088281,-8.221542860631814
0.01901901901901902,0.6079106338762036,0.586195281224763,0.91,0.04,-6.522129266989566,-6.004015253528223,0.019020587525385817,0.554792391014921,-8.063328730624733
0.02002002002002002,0.6014629232166411,0.5802564293208261,0.91,0.04,-6.370086976115601,-5.875479533612861,0.020021586925870118,0.5467858956377546,-7.924226723955485
0.02102102102102102,0.5951577069970932,0.5744325594357483,0.91,0.04,-6.237137326262086,-5.7681545060961525,0.02102258632635442,0.5389280986149587,-7.799899945913296
0.022022022022022022,0.588976161802703,0.5687085724517646,0.91,0.04,-6.121420285579973,-5.673223998715457,0.02202358572683872,0.5311705052983611,-7.693024191348627
0.023023023023023025,0.5829026113302664,0.5630747536325141,0.91,0.04,-6.020687185833083,-5.589590158647013,0.02302458512732302,0.5235266734080564,-7.598357160943749
0.024024024024024024,0.5769227340032375,0.5575182017637826,0.91,0.04,-5.933489528848895,-5.5195432077711075,0.02402558452780732,0.5159586033728205,-7.488729046081488
0.025025025025025023,0.5710237534146531,0.5520246170804198,0.91,0.04,-5.858207243163463,-5.461099699522151,0.02502658392829162,0.5085342468370224,-7.372290662061459
0.026026026026026026,0.5651945913742814,0.5465850692322067,0.91,0.04,-5.793501068572027,-5.409681534230742,0.02602758332877592,0.5011992863069815,-7.24017988991946
0.02702702702702703,0.5594251526767712,0.5411944238186966,0.91,0.04,-5.7378969965983515,-5.3651174248255415,0.02702858272926022,0.4940394153786067,-7.078513414368302
0.028028028028028028,0.5537073100998103,0.5358440934067302,0.91,0.04,-5.690228699169211,-5.327769584010184,0.02802958212974452,0.487028110938776,-6.893840199887137
0.029029029029029027,0.5480333034291852,0.5305282184453028,0.91,0.04,-5.649122550844083,-5.294979661045545,0.029030581530228822,0.4802379555643635,-6.672065973195913
0.03003003003003003,0.5423977554434658,0.5252435335247572,0.91,0.04,-5.612915127438782,-5.263104645426381,0.03003158093071312,0.47367064286045446,-6.439422688619601
0.031031031031031032,0.5367962361069855,0.5199914724084131,0.91,0.04,-5.580091601899937,-5.231236108313681,0.03103258033119742,0.467346239062817,-6.165204334594392
0.03203203203203203,0.5312264008851076,0.5147705883629681,0.91,0.04,-5.548716446682192,-5.1983616382582625,0.03203357973168172,0.4613279111748701,-5.8638266150383345
0.03303303303303303,0.5256876946721863,0.5095843420014897,0.91,0.04,-5.51669316144671,-5.160689499619224,0.03303457913216602,0.45560686521042254,-5.570399266107188
0.03403403403403403,0.5201819701314606,0.5044388776530196,0.91,0.04,-5.481595559670893,-5.113214832319954,0.034035578532650324,0.4501759785232071,-5.2854980427644875
0.035035035035035036,0.5147135293875599,0.49934767567051885,0.91,0.04,-5.440926083743818,-5.054933746547107,0.035036577933134624,0.44502530446628613,-5.012135238917438
0.036036036036036036,0.5092892252190606,0.49431889017244485,0.91,0.04,-5.391714240910005,-4.9855625455860775,0.036037577333618925,0.44014168978460194,-4.750009672164168
0.037037037037037035,0.5039193066830354,0.4893665694731493,0.91,0.04,-5.3313093492196515,-4.899434997478096,0.037038576734103226,0.4355157907980242,-4.519183946038709
0.03803803803803804,0.49861593322863085,0.484510211498815,0.91,0.04,-5.257418992656341,-4.793176572598981,0.03803957613458752,0.4310942889432759,-4.314865911064004
0.03903903903903904,0.493393943334374,0.47977062037885704,0.91,0.04,-5.167542988252535,-4.671204700478825,0.03904057553507182,0.4268774344177338,-4.140799255844911
0.04004004004004004,0.48827050182071785,0.47515845033669524,0.91,0.04,-5.060840598765395,-4.536639425613998,0.04004157493555612,0.4228044137980227,-3.9918780778417897
0.04104104104104104,0.48326213032383264,0.4706882591664166,0.91,0.04,-4.937387302874384,-4.385548994856094,0.04104257433604042,0.41888569929228164,-3.8631038178106394
0.04204204204204204,0.4783858425557041,0.4663785724691155,0.91,0.04,-4.7974130376966855,-4.221434663585114,0.042043573736524724,0.41507048458674856,-3.772530018883117
0.043043043043043044,0.4736576998179334,0.46223693851859854,0.91,0.04,-4.644787221365533,-4.055385855900312,0.043044573137009025,0.4113330987178596,-3.698173140241664
0.044044044044044044,0.4690869692396569,0.45825968186671245,0.91,0.04,-4.482217182416008,-3.891897821601873,0.044045572537493326,0.40766674639421047,-3.642744738485476
0.04504504504504504,0.46468429204532874,0.4544453512881644,0.91,0.04,-4.312923122679223,-3.723729951762948,0.04504657193797763,0.404040328119177,-3.5948644850153357
0.04604604604604605,0.4604524885135724,0.4508047670483682,0.91,0.04,-4.143076977482849,-3.560306500483506,0.04604757133846193,0.40046983200556513,-3.556977442282488
0.04704704704704705,0.4563898436419596,0.4473176105464557,0.91,0.04,-3.9735999770027206,-3.4123655605378076,0.04704857073894623,0.3969192635446551,-3.5388578490954785
0.04804804804804805,0.45249733340445786,0.44397320436460885,0.91,0.04,-3.80838617208272,-3.27306951366549,0.04804957013943053,0.3933850428348777,-3.5232002169740326
0.04904904904904905,0.4487654469010533,0.4407649188274057,0.91,0.04,-3.6531331877765467,-3.138904167846448,0.04905056953991482,0.38986582093470085,-3.5064339914051743
0.050050050050050046,0.4451837534489493,0.43768911193648785,0.91,0.04,-3.505326740035315,-3.0178382739852623,0.050051568940399124,0.386365166188409,-3.47426751407545
0.05105105105105105,0.4417477757498315,0.4347232005611689,0.91,0.04,-3.367643020500566,-2.912420129922367,0.051052568340883425,0.3829103415372776,-3.4377903332426456
0.05205205205205205,0.4384417253798791,0.43185844100571236,0.91,0.04,-3.242423307486945,-2.8158914815243747,0.052053567741367726,0.3794827140632757,-3.3949751820763368
0.05305305305305305,0.43525643779690465,0.42908578017773674,0.91,0.04,-3.127793456227664,-2.727424915007248,0.05305456714185203,0.3761136052934426,-3.3369825093540157
0.05405405405405406,0.43217987661866253,0.42639813086555767,0.91,0.04,-3.023371909005533,-2.650140858062798,0.05405556654233633,0.3728020790806958,-3.2689478162074863
0.055055055055055056,0.42920364118227894,0.4237801928743077,0.91,0.04,-2.929209695833663,-2.584171343879518,0.05505656594282063,0.36956917568496633,-3.177924378438462
0.056056056056056056,0.42631559294331983,0.4212246146615947,0.91,0.04,-2.8461714922644035,-2.5246011768578853,0.05605756534330493,0.3664398782854931,-3.08440974007317
0.057057057057057055,0.42350560015672456,0.4187259362639816,0.91,0.04,-2.772059085946296,-2.472481199730481,0.05705856474378923,0.36339419108364396,-2.9782572440973922
0.058058058058058054,0.4207659251035875,0.416274702349822,0.91,0.04,-2.7063492879956073,-2.4289135231426258,0.05805956414427353,0.36047741085383406,-2.862833897787425
0.05905905905905906,0.4180874834640406,0.41386324652796036,0.91,0.04,-2.6491088682913073,-2.3920095982097394,0.059060563544757826,0.3576628010529013,-2.7545845984272432
0.06006006006006006,0.41546240384574706,0.4114858943453981,0.91,0.04,-2.5992322547623985,-2.3600546493913725,0.060061562945242127,0.35496273579061616,-2.636702748716516
0.06106106106106106,0.4128838152863381,0.40913841239504467,0.91,0.04,-2.556334436017721,-2.333466552311279,0.06106256234572643,0.35238412531146024,-2.524525952189549
0.062062062062062065,0.4103446171870529,0.4068142896360662,0.91,0.04,-2.519489589358642,-2.312461778411972,0.06206356174621073,0.3499086378613186,-2.412368681492268
0.06306306306306306,0.4078397920844189,0.40450885928511077,0.91,0.04,-2.4883720192031547,-2.2955294468130205,0.06306456114669504,0.3475545661036185,-2.301659745714261
0.06406406406406406,0.40536289142288245,0.402218635087892,0.91,0.04,-2.4626083193908244,-2.2814802122341007,0.06406556054717934,0.3453007178101609,-2.2032677298234944
0.06506506506506507,0.40290964529885165,0.39994133133269016,0.91,0.04,-2.4414034617632865,-2.2704573518634845,0.06506655994766364,0.343143626750299,-2.1031121713564005
0.06606606606606606,0.4004751968047377,0.3976731749240011,0.91,0.04,-2.424110251123011,-2.262165015434192,0.06606755934814794,0.34109028976480293,-2.005299921512119
0.06706706706706707,0.39805657172302983,0.39541247244293204,0.91,0.04,-2.4100807788691725,-2.25520387266144,0.06706855874863224,0.33912901871184936,-1.9180831228616455
0.06806806806806806,0.39565021026045505,0.3931582522560103,0.91,0.04,-2.399166039425296,-2.2487175214668866,0.06806955814911654,0.3372502896526758,-1.8391428395229354
0.06906906906906907,0.39325343650896516,0.39091053546301835,0.91,0.04,-2.3904003383233317,-2.242244481156007,0.06907055754960084,0.33544705695231447,-1.7643184503384362
0.07007007007007007,0.39086462399754546,0.388669274315758,0.91,0.04,-2.383167133652705,-2.2352352504819066,0.07007155695008514,0.33371812623057145,-1.6952603780107722
0.07107107107107107,0.38848233113628705,0.3864355900166081,0.91,0.04,-2.376694235379091,-2.226533820905871,0.07107255635056944,0.3320531477082073,-1.629359963041253
0.07207207207207207,0.38610647738016995,0.3842117491487793,0.91,0.04,-2.3702542860434335,-2.215048187798544,0.07207355575105374,0.33045614953821667,-1.5668113684288016
0.07307307307307308,0.3837370773103742,0.38200105911010446,0.91,0.04,-2.3632867558108615,-2.2004329909528337,0.07307455515153805,0.32891639322726884,-1.50668557750123
0.07407407407407407,0.38137517256373177,0.37980647789562044,0.91,0.04,-2.354910077250395,-2.1826718721191867,0.07407555455202235,0.3274397668186225,-1.4499340850066176
0.07507507507507508,0.37902254262118423,0.3776313456524084,0.91,0.04,-2.344347017547733,-2.1603740212690923,0.07507655395250663,0.32601362692760216,-1.4015038248002725
0.07607607607607608,0.37668178514121375,0.3754814047799666,0.91,0.04,-2.330847860656206,-2.1333218215982583,0.07607755335299093,0.32463395784181953,-1.3553680819577494
0.07707707707707707,0.3743561805377884,0.37336043109465417,0.91,0.04,-2.3137452974518737,-2.102428624314996,0.07707855275347524,0.3233001816526516,-1.3118691077158076
0.07807807807807808,0.37204966242359244,0.3712723384650217,0.91,0.04,-2.292866850807769,-2.067085293573996,0.07807955215395954,0.32200759746114477,-1.2712591647614317
0.07907907907907907,0.3697658565121472,0.3692221221986101,0.91,0.04,-2.268030844403995,-2.0264959981616926,0.07908055155444384,0.32075512232907893,-1.2329326100932008
0.08008008008008008,0.3675090601324934,0.36721528941965303,0.91,0.04,-2.239108469793564,-1.9826807399205109,0.08008155095492814,0.31953926785406306,-1.1963976104044889
0.08108108108108109,0.36528315687292084,0.36525279138795846,0.91,0.04,-2.2046092810698212,-1.9373575326347918,0.08108255035541244,0.31835993574756744,-1.1617056057275192
0.08208208208208208,0.3630954279381594,0.36333669576072447,0.91,0.04,-2.1657569051233736,-1.889681093521574,0.08208354975589674,0.31721353462431806,-1.1294105517027617
0.08308308308308308,0.3609473072130142,0.36146964605558296,0.91,0.04,-2.12428203473641,-1.8369364197386915,0.08308454915638104,0.3160988571772572,-1.097221225245164
0.08408408408408408,0.35884261105180026,0.3596591453708572,0.91,0.04,-2.0793602818606587,-1.783619790671338,0.08408554855686534,0.31501689904698,-1.0675047655839194
0.08508508508508508,0.35678442376584574,0.3578988356638486,0.91,0.04,-2.0316538740623002,-1.7332644697583817,0.08508654795734964,0.31396171391652994,-1.0413127595653862
0.08608608608608609,0.3547752359285524,0.35618914643240196,0.91,0.04,-1.9810862123208324,-1.6817419320931037,0.08608754735783394,0.31293219215089674,-1.0156017242644282
0.08708708708708708,0.35281828520264086,0.3545319849489475,0.91,0.04,-1.9286040976415109,-1.6287945391124765,0.08708854675831824,0.3119284804822909,-0.9911522075533696
0.08808808808808809,0.3509141666640049,0.3529282965042489,0.91,0.04,-1.8757464102477854,-1.5772202157771744,0.08808954615880255,0.31094790661979754,-0.9675485350916802
0.0890890890890891,0.3490630371340767,0.35137438691936357,0.91,0.04,-1.8228256270799932,-1.527901277063478,0.08909054555928685,0.30999144947515844,-0.9442718843385478
0.09009009009009009,0.34726486610929014,0.3498694350887063,0.91,0.04,-1.7701554074667456,-1.4788464054781514,0.09009154495977115,0.3090574754395634,-0.9226704091966553
0.09109109109109109,0.3455191824644736,0.3484137334549429,0.91,0.04,-1.7173837478913185,-1.4311978160226317,0.09109254436025545,0.3081442644222575,-0.9030456886490867
0.0920920920920921,0.343826660407806,0.34700417419576807,0.91,0.04,-1.665685321535591,-1.3867352273006475,0.09209354376073975,0.30724957905366806,-0.8848113277900893
0.09309309309309309,0.34218447711605404,0.3456374867536403,0.91,0.04,-1.6140881000193872,-1.3447975797653555,0.09309454316122405,0.30637287320493833,-0.8672483834242826
0.0940940940940941,0.3405952528001596,0.34431188674879043,0.91,0.04,-1.5641656291124946,-1.301929302458916,0.09409554256170835,0.3055133488299107,-0.8502289595197681
0.09509509509509509,0.3390530143951081,0.3430310216836525,0.91,0.04,-1.5170362273942715,-1.2609770829402578,0.09509654196219265,0.304670715847431,-0.8337133834737926
0.0960960960960961,0.3375581432358068,0.34178740810426544,0.91,0.04,-1.4707113466172643,-1.2234019829103602,0.09609754136267695,0.30384425563584466,-0.8184839833791955
0.0970970970970971,0.33610864733481327,0.34058176846461274,0.91,0.04,-1.426398976790665,-1.1869354065762536,0.09709854076316124,0.30303211189409385,-0.8035334273120895
0.0980980980980981,0.33470248962861826,0.33941116104405267,0.91,0.04,-1.3842096648430413,-1.1514359848006848,0.09809954016364554,0.30223558267782763,-0.7889236457852462
0.0990990990990991,0.333337456814607,0.33827659131786464,0.91,0.04,-1.343578079882377,-1.1179955876007739,0.09910053956412984,0.30145268770117606,-0.7757845629787141
0.10010010010010009,0.3320126436228477,0.3371729316394465,0.91,0.04,-1.3035754570889253,-1.087382166579573,0.10010153896461414,0.30068246291293427,-0.7624038051108357
0.1011011011011011,0.33072769613975433,0.3360996500434311,0.91,0.04,-1.26517005774852,-1.0576413036635586,0.10110253836509844,0.29992635619749025,-0.7487889355461732
0.1021021021021021,0.3294797706343622,0.33505553163211205,0.91,0.04,-1.229694447217156,-1.0281426508005609,0.10210353776558274,0.2991833883617923,-0.7354252337665059
0.1031031031031031,0.3282658453945749,0.3340413063981847,0.91,0.04,-1.1955489102638523,-1.0007558748941108,0.10310453716606705,0.29845403576128765,-0.7234098751372642
0.1041041041041041,0.32708627932252266,0.3330520163670588,0.91,0.04,-1.1621613699390991,-0.9755851788527252,0.10410553656655135,0.29773512265915864,-0.7123843601733881
0.10510510510510511,0.3259391960053074,0.33208818291699804,0.91,0.04,-1.1310087822151615,-0.9503596742732157,0.10510653596703565,0.29702784312639174,-0.7015532125331276
0.1061061061061061,0.32482199747624607,0.33114939439654184,0.91,0.04,-1.1017173269670764,-0.9256670231350768,0.10610753536751995,0.29633061396885163,-0.6914343605877207
0.10710710710710711,0.3237335557110791,0.3302349956834944,0.91,0.04,-1.0735539707898738,-0.9028974586822471,0.10710853476800425,0.2956435923655466,-0.6819313184504097
0.10810810810810811,0.3226727402774675,0.32934179187665746,0.91,0.04,-1.0465174015164962,-0.8818977406660622,0.10810953416848855,0.294965388286971,-0.6725963379332995
0.1091091091091091,0.3216384257781131,0.3284694346411199,0.91,0.04,-1.0206013785019934,-0.8607724091057776,0.10911053356897285,0.2942970553034683,-0.6631046821254643
0.11011011011011011,0.3206294942744605,0.32761852379035966,0.91,0.04,-0.99526233639304,-0.8406870832953643,0.11011153296945715,0.29363785350843913,-0.6544335717465231
0.1111111111111111,0.319645908588137,0.3267863774173054,0.91,0.04,-0.9707063137931016,-0.822550841663741,0.11111253236994145,0.29298688007751816,-0.6453655842946091
0.11211211211211211,0.31868613829089076,0.32597177535860045,0.91,0.04,-0.9477456340664787,-0.8053319384510473,0.11211353177042575,0.29234583238249495,-0.6369183536327512
0.11311311311311312,0.3177485199313473,0.3251741012642502,0.91,0.04,-0.9261791382842546,-0.7876171949514799,0.11311453117091005,0.2917117702972305,-0.6297138897475065
0.11411411411411411,0.3168319258018332,0.32439496415749636,0.91,0.04,-0.905688743349998,-0.7702459803819579,0.11411553057139436,0.2910851459302672,-0.6220203380358953
0.11511511511511512,0.31593532925396994,0.32363206726949156,0.91,0.04,-0.8862107482670467,-0.7545744341991849,0.11511652997187866,0.29046648632630456,-0.6144069695345991
0.11611611611611611,0.3150577301096069,0.3228843046295701,0.91,0.04,-0.8677178960287506,-0.7397622900074623,0.11611752937236296,0.28985510391395214,-0.6071823973153698
0.11711711711711711,0.31419815628894743,0.32215106168389107,0.91,0.04,-0.8490153063877699,-0.7251412972953517,0.11711852877284726,0.2892509078949099,-0.6006353807566995
0.11811811811811812,0.3133579997664882,0.3214325703006505,0.91,0.04,-0.8306381032200818,-0.7107244327555122,0.11811952817333154,0.2886526326018579,-0.5935999776293102
0.11911911911911911,0.3125352171433617,0.32072818994664276,0.91,0.04,-0.8138052797401087,-0.6969954088403938,0.11912052757381585,0.28806252145144107,-0.5867949826071879
0.12012012012012012,0.3117287599672088,0.3200371840967658,0.91,0.04,-0.798132558144033,-0.6839414580201719,0.12012152697430015,0.2874778697502639,-0.5810748962266814
0.12112112112112113,0.31093735416409435,0.3193589377784342,0.91,0.04,-0.7833287759770258,-0.6714597147683321,0.12112252637478445,0.2868992102059223,-0.5751647743753097
0.12212212212212212,0.310160534189477,0.3186929204035359,0.91,0.04,-0.7691012860465491,-0.659269492081421,0.12212352577526875,0.2863263905616052,-0.569417935338862
0.12312312312312312,0.3093976118496869,0.3180390789354284,0.91,0.04,-0.7533399022323124,-0.6478281348836958,0.12312452517575305,0.28575923618212384,-0.5638078809888327
0.12412412412412413,0.3086523461970199,0.3173959671805455,0.91,0.04,-0.7383848132251671,-0.6371556946255623,0.12412552457623735,0.2851976478598889,-0.558417616882366
0.12512512512512514,0.30791936397536224,0.316763491959201,0.91,0.04,-0.725664518059034,-0.626194249496308,0.12512652397672167,0.28464128478268563,-0.5533196036605545
0.12612612612612611,0.30719956437908397,0.3161423250394118,0.91,0.04,-0.7132678071892826,-0.6156056913164889,0.12612752337720595,0.28408990267680806,-0.5483869113130027
0.12712712712712712,0.30649140039740574,0.3155310481327416,0.91,0.04,-0.7005791760130364,-0.6065499132965044,0.12712852277769027,0.2835434148437701,-0.5433229951337921
0.12812812812812813,0.3057970034661449,0.31492801089867806,0.91,0.04,-0.6886572490336107,-0.5966237247494064,0.12812952217817455,0.28300217069201156,-0.5380534067777489
0.12912912912912913,0.30511270720614725,0.31433660624135135,0.91,0.04,-0.6775036581552456,-0.5865189845618772,0.12913052157865884,0.282466232568544,-0.5331414321957482
0.13013013013013014,0.30444063978615443,0.31375379871737297,0.91,0.04,-0.6661412445182577,-0.5787121288936419,0.13013152097914316,0.281934822184009,-0.5286124175231066
0.13113113113113112,0.3037790911010056,0.3131780234007235,0.91,0.04,-0.6563748135809249,-0.5697740775728448,0.13113252037962744,0.2814079511424856,-0.5242481807349293
0.13213213213213212,0.30312657609530175,0.3126131098733833,0.91,0.04,-0.6456023866685996,-0.5606159608088319,0.13213351978011176,0.2808852779547677,-0.5201478861354474
0.13313313313313313,0.3024865938303978,0.3120556691248299,0.91,0.04,-0.6349993977872259,-0.5531590631352685,0.13313451918059604,0.28036661569811616,-0.5161282738821171
0.13413413413413414,0.30185530602966165,0.31150568432156095,0.91,0.04,-0.626886195382923,-0.5449587807911485,0.13413551858108036,0.2798519897693097,-0.5121569346920865
0.13513513513513514,0.3012315664122137,0.3109646605546775,0.91,0.04,-0.6167834548431301,-0.5371838713199395,0.13513651798156465,0.2793412781289549,-0.5082375533581853
0.13613613613613612,0.30062050431826404,0.31043024113573525,0.91,0.04,-0.6071172326713281,-0.5297985909883778,0.13613751738204896,0.27883449879687944,-0.5045356037956026
0.13713713713713713,0.3000161164969558,0.3099040027148609,0.91,0.04,-0.599743769234891,-0.5219439788115778,0.13713851678253325,0.2783311984551101,-0.500875303790508
0.13813813813813813,0.29941981609156754,0.3093853082452216,0.91,0.04,-0.5903679632349679,-0.5154927821197077,0.13813951618301756,0.27783174703925606,-0.4970297475088614
0.13913913913913914,0.29883419865264155,0.30887198513303965,0.91,0.04,-0.5827050822380215,-0.5085876314142865,0.13914051558350185,0.27733614549655167,-0.4934408714826759
0.14014014014014015,0.29825323935035025,0.30836711478893675,0.91,0.04,-0.5744924458591072,-0.5017591592355757,0.14014151498398617,0.2768438790061989,-0.49031201043172246
0.14114114114114115,0.29768406362589656,0.3078674622917272,0.91,0.04,-0.5657580900880248,-0.4958497530229806,0.14114251438447045,0.2763545414395669,-0.4872152123094793
0.14214214214214213,0.2971205905213452,0.30737442259069253,0.91,0.04,-0.5589418234729635,-0.4896565648199953,0.14214351378495477,0.27586847473534165,-0.48417861652291094
0.14314314314314314,0.296565060976301,0.3068871688686641,0.91,0.04,-0.5510390229783013,-0.4837336401209029,0.14314451318543905,0.27538521642983343,-0.4812512636909787
0.14414414414414414,0.2960174092941614,0.30640598687473475,0.91,0.04,-0.5445262563339952,-0.47795924264488576,0.14414551258592337,0.27490501028246767,-0.47856315664589033
0.14514514514514515,0.29547491832097766,0.30593029350801365,0.91,0.04,-0.5375173118151508,-0.4722545568389762,0.14514651198640766,0.27442713356404064,-0.4758086021566612
0.14614614614614616,0.2949412985597967,0.30546053230648856,0.91,0.04,-0.5306589661088026,-0.4669842112787137,0.14614751138689197,0.2739524420314595,-0.4729244252023648
0.14714714714714713,0.2944125380084475,0.3049953901821304,0.91,0.04,-0.5243477985333982,-0.4616324899506026,0.14714851078737626,0.27348033943183675,-0.47040134790935895
0.14814814814814814,0.29389155321738747,0.30453634313741834,0.91,0.04,-0.5179090168450386,-0.4562533174728003,0.14814951018786057,0.27301069909697095,-0.46793466294261066
0.14914914914914915,0.2933756831198689,0.3040819701271298,0.91,0.04,-0.5120809653652714,-0.45124583375564953,0.14915050958834486,0.27254353479769405,-0.4655309711150437
0.15015015015015015,0.2928663660995391,0.3036329480748444,0.91,0.04,-0.5060944361914608,-0.446863708539297,0.15015150898882915,0.2720787066509849,-0.4631915327770457
0.15115115115115116,0.29236248104541146,0.30318734808801207,0.91,0.04,-0.5004509650944158,-0.441639150110376,0.15115250838931346,0.27161622590445555,-0.46093280300055994
0.15215215215215216,0.2918644622655162,0.302748785612161,0.91,0.04,-0.49483872549149055,-0.4367330093567432,0.15215350778979775,0.27115591973205067,-0.4587581692320555
0.15315315315315314,0.29137181292630937,0.30231300772893954,0.91,0.04,-0.48942858983727433,-0.4324851009062911,0.15315450719028206,0.27069779259971843,-0.45664534749576546
0.15415415415415415,0.29088462524882497,0.30188294957431056,0.91,0.04,-0.48411974912454525,-0.42846682377074785,0.15415550659076635,0.27024171629389626,-0.45460109783223857
0.15515515515515516,0.2904026042193533,0.3014552162899591,0.91,0.04,-0.47898600069649433,-0.423760826322507,0.15515650599125066,0.2697876817469393,-0.4525809273843606
0.15615615615615616,0.28992569431649967,0.30103457955164287,0.91,0.04,-0.4739145940180549,-0.4192722796713326,0.15615750539173495,0.2693356498199316,-0.4505508730700001
0.15715715715715717,0.28945382625335125,0.3006158323466731,0.91,0.04,-0.46909515889257136,-0.4152704703132599,0.15715850479221927,0.2688856794392778,-0.44868554648854797
0.15815815815815815,0.2889865648692673,0.3002032072387035,0.91,0.04,-0.464201304896676,-0.41091619466263296,0.15815950419270355,0.2684373818938496,-0.44654671285934455
0.15915915915915915,0.28852449431161614,0.2997931773023035,0.91,0.04,-0.45972924926340397,-0.4070337024700734,0.15916050359318787,0.26799169345555696,-0.44444542401993203
0.16016016016016016,0.2880661859918631,0.2993883249514761,0.91,0.04,-0.4549584978973087,-0.40282339664227607,0.16016150299367216,0.2675476026878657,-0.44278103851561923
0.16116116116116116,0.2876136664879979,0.29898672405577237,0.91,0.04,-0.4508621125347929,-0.39948682128306245,0.16116250239415647,0.267105246347357,-0.44115284465831905
0.16216216216216217,0.2871635591399416,0.298588551535494,0.91,0.04,-0.4461642467516356,-0.3955922544389239,0.16216350179464076,0.2666644152218159,-0.43969744389994503
0.16316316316316315,0.2867204447727794,0.29819474757040915,0.91,0.04,-0.44245188470196695,-0.39232704078671077,0.16316450119512507,0.2662249725918803,-0.4382133594551192
0.16416416416416416,0.2862777695809787,0.29780311201439946,0.91,0.04,-0.4374826444881421,-0.3887782406303586,0.16416550059560936,0.2657871126016183,-0.43681087380679173
0.16516516516516516,0.285844603642673,0.2974164127543324,0.91,0.04,-0.4327327723674159,-0.38557253876692243,0.16516649999609367,0.2653504777462691,-0.4355200382603073
0.16616616616616617,0.2854114377043673,0.2970311950198711,0.91,0.04,-0.42930644571634957,-0.3821306271718754,0.16616749939657796,0.2649152020072234,-0.43410334564910613
0.16716716716716717,0.2849851312788765,0.296651386473708,0.91,0.04,-0.42483804509103607,-0.37846799352948324,0.16716849879706228,0.2644814033687831,-0.43293187765914354
0.16816816816816815,0.2845609110875684,0.2962735013391314,0.91,0.04,-0.4217376470639067,-0.37574167809088976,0.16816949819754656,0.26404847290724875,-0.43160173590786144
0.16916916916916916,0.28414081166513494,0.2958991508819344,0.91,0.04,-0.41763444897387103,-0.3724836587999789,0.16917049759803088,0.2636173372109996,-0.4301677895085163
0.17017017017017017,0.28372480608461775,0.2955277883085008,0.91,0.04,-0.4145840855743472,-0.3696811911623854,0.17017149699851516,0.2631872775084374,-0.42883014856829504
0.17117117117117117,0.28331081349581694,0.29515904839712487,0.91,0.04,-0.4108301735121245,-0.36672679797143815,0.17117249639899945,0.26275881976774673,-0.4276439837448436
0.17217217217217218,0.2829023232547636,0.29479360052477416,0.91,0.04,-0.4072992700794771,-0.36381572424656383,0.17217349579948377,0.2623311347657388,-0.4267572514694393
0.17317317317317318,0.2824953995417039,0.29443068858882343,0.91,0.04,-0.40400428601023464,-0.36099710169699506,0.17317449519996805,0.26190445226200026,-0.4257893902812384
0.17417417417417416,0.28209350586535376,0.2940708836044599,0.91,0.04,-0.4003182960396998,-0.3580508076934166,0.17417549460045237,0.26147870491693065,-0.4249109756404721
0.17517517517517517,0.28169396151159437,0.2937138701550028,0.91,0.04,-0.39763644905397655,-0.35544789346556627,0.17517649400093666,0.26105378099824966,-0.42408990637085253
0.17617617617617617,0.28129743689827874,0.2933592762101344,0.91,0.04,-0.39436965478779484,-0.353061899646292,0.17617749340142097,0.26062967743287335,-0.4232608404905136
0.17717717717717718,0.2809044326731803,0.2930070395250802,0.91,0.04,-0.3915427610987763,-0.350236144727603,0.17717849280190526,0.26020641330309074,-0.42252371189604787
0.1781781781781782,0.28051356750668954,0.29265810274721626,0.91,0.04,-0.3883124042584143,-0.3476516563203802,0.17817949220238957,0.25978378546827663,-0.42175196392724956
0.17917917917917917,0.2801270304624528,0.2923110402131275,0.91,0.04,-0.3849350810008616,-0.3451905338422421,0.17918049160287386,0.25936206637700226,-0.42082218886102396
0.18018018018018017,0.279742926703885,0.291967030607392,0.91,0.04,-0.3824086889223963,-0.34260229845097,0.18018149100335817,0.2589412999507559,-0.41997146093837046
0.18118118118118118,0.27936144750164715,0.29162514972573816,0.91,0.04,-0.3797446191495055,-0.3405936064122841,0.18118249040384246,0.25852128401576263,-0.4192932248727175
0.18218218218218218,0.2789826772160982,0.2912851615254855,0.91,0.04,-0.37694045938235377,-0.3379785485174125,0.18218348980432678,0.25810187541730645,-0.4187385816939866
0.1831831831831832,0.27860681194732817,0.29094851599497257,0.91,0.04,-0.3740831025527882,-0.33565699992993814,0.18318448920481106,0.257682969877292,-0.41826347376445483
0.1841841841841842,0.27823376209587236,0.2906131755396398,0.91,0.04,-0.37127980658397064,-0.33362228564976704,0.18418548860529538,0.257264512444341,-0.41782527856088336
0.18518518518518517,0.2778635090312442,0.2902806035111893,0.91,0.04,-0.3687388934962712,-0.33084514273812715,0.18518648800577966,0.25684648417059874,-0.41741265453831033
0.18618618618618618,0.2774955460928768,0.2899508229015254,0.91,0.04,-0.3667567488498662,-0.3290142250665724,0.18618748740626398,0.2564288528104462,-0.4170355731500166
0.1871871871871872,0.277129261285799,0.2896219163739189,0.91,0.04,-0.363713882759896,-0.32675098001823244,0.18718848680674827,0.2560115794531912,-0.4166850520753229
0.1881881881881882,0.27676739017143553,0.2892966667853728,0.91,0.04,-0.3608904779754596,-0.324206356124904,0.18818948620723258,0.2555946498358098,-0.4164036377462992
0.1891891891891892,0.2764067578263887,0.288972854599895,0.91,0.04,-0.3591612722084676,-0.32287953605296593,0.18919048560771687,0.25517793986970416,-0.41613928611438666
0.19019019019019018,0.2760483485854326,0.2886502613077893,0.91,0.04,-0.3564655998843307,-0.3203810736788455,0.19019148500820118,0.2547615394839729,-0.4158221983373238
0.19119119119119118,0.2756931129817754,0.28833145104898644,0.91,0.04,-0.3542272646246545,-0.31823929823187314,0.19119248440868547,0.2543454643272167,-0.4155474447320273
0.1921921921921922,0.2753391848924903,0.2880131455956134,0.91,0.04,-0.35189333953920254,-0.31700739705468095,0.19219348380916979,0.2539296139978738,-0.41536377846172456
0.1931931931931932,0.2749886218115267,0.28769680160543354,0.91,0.04,-0.349110385132434,-0.3144331289200295,0.19319448320965407,0.25351390654077055,-0.415274421538939
0.1941941941941942,0.27464026520253554,0.28738364984201975,0.91,0.04,-0.3477177055931122,-0.31272224328500897,0.19419548261013836,0.2530982351038799,-0.41523494678880013
0.19519519519519518,0.27429249026879776,0.28707073104830644,0.91,0.04,-0.3450425311927745,-0.3113048409928183,0.19519648201062267,0.2526826066751791,-0.415230433042197
0.1961961961961962,0.27394948936431174,0.2867604169271192,0.91,0.04,-0.34220147053471806,-0.308907811435688,0.19619748141110696,0.2522669442748038,-0.41527323621787104
0.1971971971971972,0.2736074022396992,0.28645229699137814,0.91,0.04,-0.34155790158567356,-0.30757931197632615,0.19719848081159128,0.2518512301541966,-0.4153503730900354
0.1981981981981982,0.2732656897615376,0.2861446425287682,0.91,0.04,-0.33865019354203696,-0.30594106913073915,0.19819948021207556,0.2514354133258957,-0.41547018614772924
0.1991991991991992,0.2729294238742497,0.2858398023584837,0.91,0.04,-0.3359296214005951,-0.30377105449684905,0.19920047961255988,0.2510194593396906,-0.41559253449102584
0.20020020020020018,0.2725931579869618,0.2855364922695153,0.91,0.04,-0.33544154025190664,-0.30265823221273536,0.20020147901304416,0.25060339757015315,-0.41572252244696983
0.2012012012012012,0.27225786923911066,0.2852338799716715,0.91,0.04,-0.3326792390158744,-0.30090486815640816,0.20120247841352848,0.25018718334821616,-0.41575724190821006
0.2022022022022022,0.27192713348442754,0.28493408012105403,0.91,0.04,-0.33033644078398083,-0.29891957029261107,0.20220347781401277,0.2497710520703589,-0.41591528033534075
0.2032032032032032,0.2715965350233269,0.28463544239350813,0.91,0.04,-0.3295945998695231,-0.2979320001427084,0.20320447721449708,0.2493545214556803,-0.41626289298615404
0.2042042042042042,0.27126728443563974,0.28433761966030785,0.91,0.04,-0.327114926160192,-0.29616937375101315,0.20420547661498137,0.24893769425771292,-0.41660531471427475
0.20520520520520522,0.2709416502862695,0.2840425107143269,0.91,0.04,-0.32507382068692436,-0.29432227881900985,0.20520647601546568,0.24852047811514516,-0.4170287968782276
0.2062062062062062,0.2706164859958261,0.2837483858688784,0.91,0.04,-0.3241198146661759,-0.29333405739808427,0.20620747541594997,0.24810280310639332,-0.4174666842511954
0.2072072072072072,0.27029276176841927,0.28345525534416055,0.91,0.04,-0.32189418012652027,-0.29170665620804925,0.20720847481643428,0.2476847103138299,-0.41793351959984193
0.2082082082082082,0.26997205320278,0.28316438855915255,0.91,0.04,-0.3199965855713174,-0.2900607332933589,0.20820947421691857,0.24726610070126986,-0.41848980021943305
0.2092092092092092,0.2696521279634717,0.2828745531754051,0.91,0.04,-0.3189516421443841,-0.28890238705329807,0.2092104736174029,0.246846894235573,-0.41909319905701636
0.21021021021021022,0.2693335113766651,0.2825860054018887,0.91,0.04,-0.3169684766644991,-0.2874685277452613,0.21021147301788717,0.24642707661926364,-0.419586061363475
0.2112112112112112,0.26901755643861786,0.28229904060734656,0.91,0.04,-0.3151278024822659,-0.2860765900161937,0.2112124724183715,0.24600688344382018,-0.4199921081491311
0.2122122122122122,0.26870262488520913,0.2820132794959504,0.91,0.04,-0.31407374519065456,-0.284779672788261,0.21221347181885578,0.2455862529223328,-0.4204958089169537
0.2132132132132132,0.2683887801719699,0.281728911132295,0.91,0.04,-0.3122944013174447,-0.2834436428501306,0.2132144712193401,0.2451650513385561,-0.4211404045044418
0.21421421421421422,0.2680774108685576,0.28144582475550967,0.91,0.04,-0.31048639395834243,-0.2822588887832751,0.21421547061982438,0.24474313033747547,-0.421910632913864
0.21521521521521522,0.2677671857896709,0.28116382827186803,0.91,0.04,-0.3094703960405525,-0.2808981283107528,0.21521647002030866,0.24432038675734666,-0.4226731197378797
0.21621621621621623,0.2674578505161241,0.28088346614027293,0.91,0.04,-0.307833398656328,-0.2795588155666735,0.21621746942079298,0.24389693925855857,-0.4235818165727494
0.2172172172172172,0.2671509027092779,0.2806041509634263,0.91,0.04,-0.30608735146276445,-0.27866046960849644,0.21721846882127727,0.24347237646845593,-0.4245408835393505
0.2182182182182182,0.26684506302570815,0.28032558732223795,0.91,0.04,-0.3051156982624832,-0.2771412036352956,0.21821946822176158,0.24304700891875064,-0.42543828433031194
0.21921921921921922,0.26654006047051415,0.2800493137189112,0.91,0.04,-0.3035516351586125,-0.27570215880177784,0.21922046762224587,0.24262064953334053,-0.42644213532636854
0.22022022022022023,0.2662373520444096,0.2797736310483605,0.91,0.04,-0.30195288705732537,-0.2749942253311133,0.22022146702273018,0.24219327227514476,-0.4273718454963529
0.22122122122122123,0.26593555018611514,0.27949877472925927,0.91,0.04,-0.30083595240969885,-0.2735467929670392,0.22122246642321447,0.2417650516110891,-0.42828696868755856
0.2222222222222222,0.26563507786541124,0.2792259898211992,0.91,0.04,-0.2994197612912046,-0.2721415158690661,0.22222346582369878,0.2413358422773618,-0.4293808408768882
0.22322322322322322,0.2653361112245712,0.2789539468696615,0.91,0.04,-0.29825005150084394,-0.27154383862509235,0.22322446522418307,0.24090543168249468,-0.43042760204711783
0.22422422422422422,0.26503798066520934,0.27868235851264045,0.91,0.04,-0.29683019827803037,-0.2702833376210947,0.2242254646246674,0.24047412673415966,-0.43171322807447154
0.22522522522522523,0.2647418565733639,0.2784128390866363,0.91,0.04,-0.29540320011889776,-0.2688209974890299,0.22522646402515167,0.24004114231752732,-0.43298187705099167
0.22622622622622623,0.26444658286717354,0.2781441783374873,0.91,0.04,-0.294641440878479,-0.2681930829024566,0.226227463425636,0.23960729753546242,-0.4343005340733299
0.2272272272272272,0.26415198381885246,0.2778759159977425,0.91,0.04,-0.2930429041879279,-0.2673179544605375,0.22722846282612028,0.2391716731690525,-0.43573886997423017
0.22822822822822822,0.26385991038631684,0.2776090072574862,0.91,0.04,-0.2915153365538288,-0.2658090387552363,0.2282294622266046,0.23873494884023858,-0.4371062282420155
0.22922922922922923,0.2635683695314574,0.27734376577000425,0.91,0.04,-0.290821237326071,-0.26491996253128036,0.22923046162708888,0.23829658702421608,-0.43849446343767795
0.23023023023023023,0.26327768568696536,0.2770786369621283,0.91,0.04,-0.2894651378740889,-0.26449289525126574,0.2302314610275732,0.23785708345020498,-0.4394823049092196
0.23123123123123124,0.26298885974592373,0.2768142504641959,0.91,0.04,-0.2879587752352393,-0.26303346530878,0.23123246042805748,0.23741674397674092,-0.44049181448926333
0.23223223223223222,0.26270119164245037,0.2765520434379866,0.91,0.04,-0.28701524820144186,-0.26181948858771875,0.2322334598285418,0.23697521936576096,-0.44186089942655826
0.23323323323323322,0.26241425464441936,0.2762900873238801,0.91,0.04,-0.2862286904107805,-0.261694157992423,0.23323445922902608,0.23653213898589406,-0.44343494044404963
0.23423423423423423,0.26212816123121757,0.27602813120977354,0.91,0.04,-0.2846913186964741,-0.2604761189342639,0.2342354586295104,0.23608746314668438,-0.4451100594252324
0.23523523523523523,0.26184430205443643,0.2757686136123,0.91,0.04,-0.2834447884248448,-0.2589421893718793,0.23523645802999468,0.23564102918062568,-0.4467948771610395
0.23623623623623624,0.261560704197334,0.2755097284282483,0.91,0.04,-0.2832144632101006,-0.25859297974966466,0.23623745743047897,0.23519298033832908,-0.4485776698589774
0.23723723723723725,0.2612773061320939,0.2752509099491375,0.91,0.04,-0.2817362951429345,-0.2579905032763179,0.23723845683096328,0.2347429772234267,-0.45048120869820707
0.23823823823823823,0.2609966675704213,0.2749932309241916,0.91,0.04,-0.28013441636664993,-0.2566601830044988,0.23823945623144757,0.23429111749865641,-0.45226055073237603
0.23923923923923923,0.2607164764696982,0.27473707574892825,0.91,0.04,-0.27983796885027346,-0.25577685035113973,0.2392404556319319,0.2338375521431351,-0.4539070565999168
0.24024024024024024,0.2604364313965468,0.27448116515772286,0.91,0.04,-0.27905608755420985,-0.25559960268549275,0.24024145503241617,0.2333823961155922,-0.4556664117354359
0.24124124124124124,0.2601578056237438,0.274225364832641,0.91,0.04,-0.27740371896641136,-0.2544079831025101,0.2412424544329005,0.23292530853319907,-0.457616542321432
0.24224224224224225,0.2598810685958133,0.27397183986622636,0.91,0.04,-0.27646029090257684,-0.2531794882562224,0.24224345383338478,0.2324662483465613,-0.4597174199796825
0.24324324324324323,0.2596043315678828,0.2737184989902862,0.91,0.04,-0.2764602909025484,-0.25290381020926134,0.2432444532338691,0.23200495480961536,-0.461831480319546
0.24424424424424424,0.2593275945399523,0.2734655259318735,0.91,0.04,-0.2749303118116586,-0.2521860697309535,0.24424545263435338,0.231541662276712,-0.46401068832608416
0.24524524524524524,0.25905392053322485,0.27321362197380783,0.91,0.04,-0.2733088119503577,-0.25117672636966404,0.2452464520348377,0.23107600596794992,-0.4661823900755451
0.24624624624624625,0.2587804297512629,0.27296266962282517,0.91,0.04,-0.27318036759547226,-0.2504312297075444,0.24624745143532198,0.23060836569074808,-0.46837955403019293
0.24724724724724725,0.258507012890391,0.2727122581505695,0.91,0.04,-0.2725390418085283,-0.25001628731990877,0.2472484508358063,0.23013831066238324,-0.47051289055509926
0.24824824824824826,0.2582348060439385,0.27246213651507756,0.91,0.04,-0.2711215166053478,-0.24912629488881066,0.24824945023629058,0.22966639944801653,-0.4726343406547784
0.24924924924924924,0.2579642270713613,0.2722135068094508,0.91,0.04,-0.27020303902708065,-0.24820893533771482,0.2492504496367749,0.22919209727909579,-0.47511762260531043
0.2502502502502503,0.2576938590188593,0.2719652217296167,0.91,0.04,-0.27004008399293866,-0.24775473366827327,0.2502514490372592,0.22871521453724164,-0.4777055992652208
0.25125125125125125,0.25742360628258654,0.27171750133664135,0.91,0.04,-0.2689149216435567,-0.24710049047183702,0.25125244843774347,0.22823573124215088,-0.48042151559916135
0.25225225225225223,0.25715549080736066,0.2714705260529964,0.91,0.04,-0.26766227983466706,-0.24636555673532712,0.2522534478382278,0.22775341123905257,-0.48314040002566117
0.25325325325325326,0.2568877458624972,0.27122427699883295,0.91,0.04,-0.26722578171919054,-0.24564800261566688,0.2532544472387121,0.2272684847406,-0.48588573918091527
0.25425425425425424,0.25662050425737226,0.270978738259972,0.91,0.04,-0.2666932909499735,-0.24509378847835706,0.2542554466391964,0.22678066857180462,-0.48839531511170264
0.2552552552552553,0.2563538253600949,0.2707335987436211,0.91,0.04,-0.2656285839435384,-0.24446166188764096,0.2552564460396807,0.22629071790534774,-0.4906232831780386
0.25625625625625625,0.2560887153005283,0.27048932552346017,0.91,0.04,-0.2646818624660483,-0.24381383694506553,0.256257445440165,0.2257984413471549,-0.4930678502686874
0.25725725725725723,0.2558239317415443,0.2702454829539413,0.91,0.04,-0.2643173579920983,-0.2431972900525352,0.2572584448406493,0.22530359666031366,-0.4958843353792588
0.25825825825825827,0.2555595514206643,0.27000244406189355,0.91,0.04,-0.26354851670038215,-0.2425878390382934,0.25825944424113356,0.22480568150230656,-0.4989580625905319
0.25925925925925924,0.2552963070834854,0.2697598216145253,0.91,0.04,-0.26264185398297,-0.24203882897217,0.2592604436416179,0.2243046832172738,-0.5020303265729495
0.2602602602602603,0.2550337419031809,0.26951788184172903,0.91,0.04,-0.2619470823368317,-0.24136104796093605,0.2602614430421022,0.22380061739045762,-0.5050607328282553
0.26126126126126126,0.2547718885002284,0.26927661631330213,0.91,0.04,-0.2614979854719479,-0.2407084227383507,0.2612624424425865,0.22329355223573527,-0.5079123491321411
0.26226226226226224,0.25451022241274657,0.26903598309750815,0.91,0.04,-0.26068110818843593,-0.24014361792305294,0.26226344184307077,0.22278377747649797,-0.5102784156654963
0.26326326326326327,0.2542500043997511,0.26879584830945225,0.91,0.04,-0.25986838425994563,-0.23978042808735722,0.2632644412435551,0.22227197545941277,-0.5129646038655977
0.26426426426426425,0.2539899653872011,0.2685559422004363,0.91,0.04,-0.2593080299611472,-0.23910511877895146,0.2642654406440394,0.2217568229546197,-0.5161708746827998
0.2652652652652653,0.2537308692046337,0.2683171593829679,0.91,0.04,-0.2586861497347144,-0.2384206650121996,0.2652664400445237,0.22123860198720285,-0.5197082837077573
0.26626626626626626,0.25347207519754195,0.2680786235517632,0.91,0.04,-0.25806037701941875,-0.23809787164586282,0.26626743944500797,0.22071636759378338,-0.5232401875933448
0.26726726726726724,0.25321423181320346,0.2678404869672605,0.91,0.04,-0.257366266250628,-0.23770634545485336,0.2672684388454923,0.2201910757590224,-0.5264400685503148
0.2682682682682683,0.25295682741726044,0.2676027349722741,0.91,0.04,-0.2567790842038278,-0.237030354551365,0.2682694382459766,0.21966243520776382,-0.529061888289732
0.26926926926926925,0.2527001595725551,0.2673659517229134,0.91,0.04,-0.2561438508284368,-0.23645274737356203,0.2692704376464609,0.21913189449302814,-0.5312135570294174
0.2702702702702703,0.2524440269151014,0.2671293560986534,0.91,0.04,-0.2556060975167753,-0.2362363135873693,0.2702714370469452,0.2185989463035327,-0.5342193704548635
0.27127127127127126,0.25218843565360255,0.26689300615016587,0.91,0.04,-0.25491528556077014,-0.23577517316095964,0.2712724364474295,0.2180623879539233,-0.5380270643355658
0.27227227227227224,0.25193368600306787,0.2666573337299628,0.91,0.04,-0.2542293844683883,-0.23507760728901417,0.2722734358479138,0.2175218167658442,-0.5417222742542123
0.2732732732732733,0.25167946791692913,0.2664223803097474,0.91,0.04,-0.2536856446269553,-0.23465088272885737,0.2732744352483981,0.21697786061040836,-0.5457305189959101
0.27427427427427425,0.2514258068346455,0.266187562192968,0.91,0.04,-0.2532984131409819,-0.23454232987521095,0.2742754346488824,0.21642926492116246,-0.5482764126204671
0.2752752752752753,0.251172363986717,0.2659528260957831,0.91,0.04,-0.25263239491967227,-0.23396246742944982,0.2752764340493667,0.21588021188974277,-0.5504745939769009
0.27627627627627627,0.2509200362742457,0.2657191688647809,0.91,0.04,-0.25195170217654095,-0.23324562844572938,0.276277433449851,0.215327215444057,-0.5541433290503761
0.2772772772772773,0.2506679561745518,0.2654858678806765,0.91,0.04,-0.2515686731497482,-0.2330381472752947,0.2772784328503353,0.21477081760941916,-0.5578321657624912
0.2782782782782783,0.25041639528695886,0.26525262602739286,0.91,0.04,-0.2512829963375367,-0.2329728188371405,0.2782794322508196,0.2142104361170588,-0.5617966815038926
0.27927927927927926,0.250164887112815,0.2650194558309525,0.91,0.04,-0.25054784264045793,-0.2322734253638714,0.2792804316513039,0.2136461013266602,-0.5634590469411052
0.2802802802802803,0.24991479800439542,0.26478761416480256,0.91,0.04,-0.24982091708464793,-0.2315814886125338,0.2802814310517882,0.2130823917806878,-0.5640434839886552
0.28128128128128127,0.24966474513666947,0.26455582922712356,0.91,0.04,-0.24962089190982795,-0.23155315274138388,0.28128243045227247,0.21251688694802082,-0.5667752394661818
0.2822822822822823,0.24941505647905046,0.26432404428944445,0.91,0.04,-0.24933672213421687,-0.23137841263383052,0.2822834298527568,0.2119477084308578,-0.5705377566657717
0.2832832832832833,0.2491655725197841,0.26409260918181054,0.91,0.04,-0.24859848375434979,-0.23071870718956689,0.2832844292532411,0.2113746710432686,-0.5728618042537192
0.28428428428428426,0.24891736181687962,0.26386214497575167,0.91,0.04,-0.24793975715930117,-0.23020283949784925,0.2842854286537254,0.21080083978562114,-0.5703827166096715
0.2852852852852853,0.24866919662957535,0.2636317426362694,0.91,0.04,-0.24782507919415764,-0.23016161886692998,0.2852864280542097,0.21023276552852288,-0.5683594849225386
0.2862862862862863,0.24842121551218654,0.263401360953996,0.91,0.04,-0.24754010355785283,-0.22990673694897623,0.286287427454694,0.20966298477828707,-0.5711283505695661
0.2872872872872873,0.2481736208466768,0.26317146888862386,0.91,0.04,-0.24678667270185883,-0.229333374291258,0.2872884268551783,0.20908936725548344,-0.5695995778984866
0.2882882882882883,0.24792714809936994,0.262942235079539,0.91,0.04,-0.2462128652397837,-0.22896747372391246,0.2882894262556626,0.20852264710630206,-0.5600420114828069
0.28928928928928926,0.24768070219754812,0.2627130755478353,0.91,0.04,-0.24616850372764532,-0.22889859426078374,0.2892904256561469,0.20796816382000288,-0.5555423574198386
0.2902902902902903,0.2474343182620774,0.2624839796355735,0.91,0.04,-0.24587352437252719,-0.22858472891019233,0.2902914250566312,0.20741045197286023,-0.5450887750541824
0.2912912912912913,0.24718846290951502,0.26225544846293003,0.91,0.04,-0.24511403601388793,-0.22810338473405523,0.2912924244571155,0.20687689674592294,-0.5266750512673894
0.2922922922922923,0.24694359947125882,0.26202731620267256,0.91,0.04,-0.24461857481792038,-0.2278365843970107,0.2922934238575998,0.20635604915172281,-0.4961283952643498
0.2932932932932933,0.24669873603300263,0.26179931916483784,0.91,0.04,-0.2446185748179346,-0.22773524134311174,0.2932944232580841,0.20588364829347727,-0.44166183558596117
0.29429429429429427,0.24645387259474646,0.26157138979357725,0.91,0.04,-0.24431853515909552,-0.22740837904828481,0.2942954226585684,0.20547184268644608,-0.3586878319067921
0.2952952952952953,0.24620960983648793,0.2613440471347112,0.91,0.04,-0.24359396309445458,-0.2270060633787807,0.2952964220590527,0.20516555568407785,-0.28991660078442294
0.2962962962962963,0.24596619699295574,0.2611169232002263,0.91,0.04,-0.2431625029868485,-0.22680636259065068,0.296297421459537,0.20489142999929477,-0.24694198474867335
0.2972972972972973,0.24572279801869648,0.26088998034273797,0.91,0.04,-0.24314659911526348,-0.22668323516049327,0.2972984208600213,0.20467117812670224,-0.22003197253260964
0.2982982982982983,0.24547941701474696,0.26066310290961464,0.91,0.04,-0.24285812079487812,-0.22637218907919987,0.2982994202605056,0.20445092625410968,-0.2049786981959727
0.29929929929929927,0.24523659557466268,0.2604367827670038,0.91,0.04,-0.24224631234301341,-0.22603964868127946,0.2993004196609899,0.2042608110186898,-0.18669445281952335
0.3003003003003003,0.2449944394124587,0.2602105710804229,0.91,0.04,-0.24188304516177084,-0.2258752585509285,0.3003014190614742,0.20407716418341756,-0.18224182120427201
0.3013013013013013,0.24475234523399844,0.2599845800471821,0.91,0.04,-0.24181690138962608,-0.22571656995879152,0.3013024184619585,0.20389596311115246,-0.17616141161184373
0.3023023023023023,0.24451032149175878,0.2597586860554804,0.91,0.04,-0.24153828119204945,-0.2254560834212498,0.3023034178624428,0.2037244892485937,-0.17130266259478333
0.3033033033033033,0.24426878511149178,0.2595332165168092,0.91,0.04,-0.24102924859049324,-0.2251989608934366,0.3033044172629271,0.20355301538603496,-0.17320783282514185
0.30430430430430433,0.24402778045353962,0.259307837284923,0.91,0.04,-0.2407122668688828,-0.2250173811086711,0.3043054166634114,0.20337772737495946,-0.1780632560167561
0.3053053053053053,0.24378687867131377,0.25908273126934434,0.91,0.04,-0.24060520551765308,-0.22483209830974715,0.3053064160638957,0.2031965329609928,-0.18101350897813973
0.3063063063063063,0.2435460883504012,0.2588577229739926,0.91,0.04,-0.24034975161450234,-0.22464738271662554,0.30630741546438,0.2030153385470261,-0.18254076894343996
0.3073073073073073,0.2433056979874009,0.25863298675940116,0.91,0.04,-0.2399334843534433,-0.22446876748054478,0.3073084148648643,0.20283108656044013,-0.18462005399769055
0.3083083083083083,0.24306574103437825,0.2584083360521096,0.91,0.04,-0.23965134044483705,-0.22428269485510555,0.3083094142653486,0.202645729420288,-0.18607774621810336
0.30930930930930933,0.2428259155240479,0.2581839723552869,0.91,0.04,-0.23951251639896043,-0.2241044367818006,0.3093104136658329,0.20245855913562452,-0.19272073291769232
0.3103103103103103,0.24258623649704297,0.25795967852101487,0.91,0.04,-0.23928488813182014,-0.22398219238371553,0.3103114130663172,0.20225990274406497,-0.1984580524857762
0.3113113113113113,0.2423468666989592,0.2577355595577219,0.91,0.04,-0.2389517318196397,-0.2238457937623366,0.3113124124668015,0.2020612463525054,-0.20149979508668991
0.3123123123123123,0.24210785465155824,0.257511538793763,0.91,0.04,-0.23870056583724875,-0.22367575901071746,0.3123134118672858,0.20185650039590605,-0.20577134031650246
0.3133133133133133,0.24186898768827397,0.2572877602403831,0.91,0.04,-0.2385390569891257,-0.2235266890558023,0.3133144112677701,0.20164929237591805,-0.21044222592894357
0.31431431431431434,0.24163029898191038,0.2570640379147724,0.91,0.04,-0.23833323798842798,-0.2234417905881969,0.3143154106682544,0.20143519531192314,-0.21931318532634236
0.3153153153153153,0.24139184406867747,0.25684042932829454,0.91,0.04,-0.2380623194529221,-0.2233321662870651,0.31531641006873873,0.20121022764185809,-0.226748800377095
0.3163163163163163,0.2411536977417644,0.2566169264707543,0.91,0.04,-0.2378334347063742,-0.22317993103160916,0.316317409469223,0.20098124448544716,-0.2348628551840335
0.3173173173173173,0.24091570105625235,0.2563936226595626,0.91,0.04,-0.23765059407445221,-0.22306064620423172,0.3173184088697073,0.20074003248738753,-0.24414397165693913
0.3183183183183183,0.24067792077665034,0.25617035861048554,0.91,0.04,-0.2374670532365286,-0.22300765378548704,0.3183194082701916,0.20049246854692623,-0.2568023946503928
0.31931931931931934,0.24044029154026333,0.25594716089022235,0.91,0.04,-0.23727029360104268,-0.22292133307513495,0.31932040767067593,0.20022591440121157,-0.27317473217108557
0.3203203203203203,0.2402029051738454,0.25572406965538014,0.91,0.04,-0.23708467777225906,-0.22279201198722376,0.3203214070711602,0.19994557306066488,-0.2886881630781204
0.3213213213213213,0.23996564754071928,0.25550113083619386,0.91,0.04,-0.23690340239461705,-0.2227036800694293,0.3213224064716445,0.1996479610448753,-0.29944911734156676
0.32232232232232233,0.23972862408797035,0.25527821644202797,0.91,0.04,-0.2367421746181293,-0.2226762958183457,0.3223234058721288,0.19934607628679596,-0.3026171504465225
0.3233233233233233,0.23949168923317546,0.25505533244616707,0.91,0.04,-0.23660511821893238,-0.22261276365445326,0.3233244052726131,0.1990421218725289,-0.30554786427728686
0.32432432432432434,0.23925494016761217,0.2548325452435206,0.91,0.04,-0.23646274051058924,-0.2225123909550888,0.3243254046730974,0.1987343698288743,-0.31095594922804537
0.3253253253253253,0.23901829035327435,0.25460986219400467,0.91,0.04,-0.23629102586438933,-0.22245501066940676,0.3253264040735817,0.19841958843502028,-0.3172021439882684
0.3263263263263263,0.23878188506077658,0.2543871898668051,0.91,0.04,-0.2361457408228489,-0.22244453799646635,0.326327403474066,0.19809933151694512,-0.32534966851156355
0.32732732732732733,0.23854552610738278,0.2541645277836014,0.91,0.04,-0.23605373345510827,-0.22240514092689523,0.3273284028745503,0.19776823878876465,-0.3381640194959772
0.3283283283283283,0.23830930501381936,0.25394193432941387,0.91,0.04,-0.2359511356012547,-0.222341599238149,0.3283294022750346,0.19742232755538341,-0.35192417961586386
0.32932932932932935,0.23807315146153446,0.25371939945679833,0.91,0.04,-0.23579262893930775,-0.22231163827508738,0.3293304016755189,0.1970636870031418,-0.3650711056029081
0.3303303303303303,0.23783724769862552,0.25349686598451876,0.91,0.04,-0.23565826539194745,-0.22231016526458802,0.33033140107600323,0.1966914556396981,-0.38162409955607757
0.3313313313313313,0.23760136314243147,0.25327433406087324,0.91,0.04,-0.2356022828678448,-0.22229855391574915,0.3313324004764875,0.19629967601340986,-0.3936219484802308
0.33233233233233234,0.23736557145664788,0.25305182383453734,0.91,0.04,-0.23553828010804523,-0.22228003353266956,0.3323333998769718,0.19590342497080573,-0.3959749252140057
0.3333333333333333,0.237129815034107,0.2528293289887357,0.91,0.04,-0.23540166205800972,-0.22227235095581932,0.3333343992774561,0.1955069346879178,-0.3953378571433177
0.33433433433433435,0.2368942968579332,0.2526068341429341,0.91,0.04,-0.2352802245999328,-0.22227276749342195,0.33433539867794043,0.1951119590548273,-0.3940752003790635
0.3353353353353353,0.2366587835534264,0.25238433846322333,0.91,0.04,-0.2352512951883483,-0.22229434343637422,0.3353363980784247,0.1947179966092675,-0.39506431950908905
0.3363363363363363,0.23642332329399257,0.25216180042234076,0.91,0.04,-0.23522067840585237,-0.22232700291047536,0.336337397478909,0.19432104076086462,-0.4033825754561491
0.33733733733733734,0.23618787128434565,0.2519392393582975,0.91,0.04,-0.23511446845716932,-0.22233886488503174,0.3373383968793933,0.19391042517687265,-0.4167436541249856
0.3383383383383383,0.23595262365744166,0.25171667756971805,0.91,0.04,-0.2350123792771086,-0.22233938501754835,0.33833939627987764,0.19348672046499513,-0.42826984406146096
0.33933933933933935,0.23571737603053766,0.2514941154643685,0.91,0.04,-0.2350017413387917,-0.22239696357152638,0.3393403956803619,0.19305302946257064,-0.43579869585947506
0.34034034034034033,0.2354821497008074,0.25127143840340865,0.91,0.04,-0.23499101364146213,-0.22247622509890164,0.3403413950808462,0.19261425199842075,-0.4402537617028912
0.34134134134134136,0.23524692355077503,0.2510487176163227,0.91,0.04,-0.2349273839613204,-0.22250365121931281,0.3413423944813305,0.19217164195951952,-0.4445882527935936
0.34234234234234234,0.23501182460779171,0.2508259856482148,0.91,0.04,-0.23486009472978253,-0.22251141112148787,0.3423433938818148,0.1917241868494033,-0.4493474398110209
0.3433433433433433,0.23477673317093564,0.2506032493257892,0.91,0.04,-0.23485519160715285,-0.22260587563560819,0.3433443932822991,0.19127204892379954,-0.4542050857461817
0.34434434434434436,0.23454164404401368,0.25038032823953493,0.91,0.04,-0.23485390351849844,-0.22272410254232966,0.3443453926827834,0.19081486881234558,-0.45899570249146393
0.34534534534534533,0.2343065551859136,0.2501573552266053,0.91,0.04,-0.23483696621144645,-0.22276633465490647,0.34534639208326773,0.19035314007776186,-0.46288405955142764
0.34634634634634637,0.23407149996751433,0.2499343495915772,0.91,0.04,-0.23481713277614347,-0.22278835989104095,0.346347391483752,0.18988817548013617,-0.46561825705215654
0.34734734734734735,0.23383645081599136,0.24971133248408067,0.91,0.04,-0.23481410237144473,-0.22292404219969342,0.3473483908842363,0.18942097288543433,-0.4683258499617722
0.3483483483483483,0.2336014016644684,0.24948805521279904,0.91,0.04,-0.23481410237144473,-0.22307966988292094,0.3483493902847206,0.18895058769005008,-0.47254115244815864
0.34934934934934936,0.23336635251294546,0.24926472653836915,0.91,0.04,-0.2348402888276837,-0.2231400589045478,0.34935038968520493,0.18847494606482476,-0.4765896310187685
0.35035035035035034,0.2331312509360846,0.24904132836814527,0.91,0.04,-0.23487523115845477,-0.22319084442524684,0.3503513890856892,0.1879964558201965,-0.47928547023893486
0.35135135135135137,0.23289613182994556,0.24881789802100132,0.91,0.04,-0.23488437229318038,-0.22336140033586105,0.3513523884861735,0.18751541712808473,-0.4819485294029846
0.35235235235235235,0.23266101195251462,0.24859415839750287,0.91,0.04,-0.23488492177425258,-0.2235429811334484,0.3523533878866578,0.18703159544220313,-0.4845512721067422
0.3533533533533533,0.23242589174631345,0.24837036452523867,0.91,0.04,-0.23493958312576524,-0.22363420836902037,0.35335438728714214,0.1865453460623192,-0.4853964243033744
0.35435435435435436,0.23219066243674738,0.248146442264632,0.91,0.04,-0.23502305756790065,-0.2237323699695537,0.3543553866876264,0.1860598323827534,-0.48490977530138935
0.35535535535535534,0.23195537511454586,0.24792245187264692,0.91,0.04,-0.23505716027230505,-0.22390917601398996,0.3553563860881107,0.18557455727358785,-0.4858739272502248
0.3563563563563564,0.23172007753129736,0.2476981756459854,0.91,0.04,-0.2350656174570247,-0.2240847529067338,0.356357385488595,0.1850871133629765,-0.4888302437100407
0.35735735735735735,0.23148477327779501,0.2474738337487095,0.91,0.04,-0.23513785854356684,-0.22422005173427806,0.35735838488907934,0.18459591971180314,-0.4920065060886287
0.35835835835835833,0.23124933106774667,0.24724928665352439,0.91,0.04,-0.23526105002495967,-0.22436661393294344,0.3583593842895636,0.18410211692771838,-0.4945438465393721
0.35935935935935936,0.23101378018465196,0.24702465133843335,0.91,0.04,-0.23532818997669835,-0.22454450214544863,0.3593603836900479,0.18360584352400489,-0.4953468111651631
0.36036036036036034,0.2307782035602858,0.2467997481106906,0.91,0.04,-0.23535316438692178,-0.22472344330782335,0.36036138309053223,0.18311043320570208,-0.4943047060322101
0.3613613613613614,0.23054260267837184,0.24657475455503433,0.91,0.04,-0.23544035371131145,-0.22491061126248724,0.36136238249101654,0.18261624609521526,-0.49303621588138924
0.36236236236236236,0.23030685150080366,0.24634947661667156,0.91,0.04,-0.2355998311496279,-0.22510338112267902,0.3623633818915008,0.1821233752926735,-0.4914566522797088
0.36336336336336333,0.23007093134473897,0.24612409713536934,0.91,0.04,-0.23570647810592504,-0.2252786058066505,0.3633643812919851,0.1816323504666232,-0.49012316284449753
0.36436436436436437,0.22983496665975078,0.24589846839683846,0.91,0.04,-0.23575827496286195,-0.22547642694100034,0.36436538069246943,0.1811421493083319,-0.48985163055466785
0.36536536536536535,0.22959894280627474,0.24567269287722918,0.91,0.04,-0.23586122523559538,-0.225713342356471,0.3653663800929537,0.18065166808960031,-0.49073817711865786
0.3663663663663664,0.2293627720146345,0.24544658983356227,0.91,0.04,-0.236049912908598,-0.22593608775154905,0.366367379493438,0.18015969206615082,-0.49177150323556873
0.36736736736736736,0.2291263704080593,0.24522036837722605,0.91,0.04,-0.23619670221721378,-0.22610901718606158,0.3673683788939223,0.17966714212977217,-0.4924492955595525
0.3683683683683684,0.2288899057439294,0.2449939191284851,0.91,0.04,-0.23628623209698674,-0.226341563439874,0.36836937829440664,0.17917380916690276,-0.49247760835419285
0.36936936936936937,0.22865332489835558,0.24476723211408313,0.91,0.04,-0.23640586787864493,-0.22663356139769064,0.3693703776948909,0.17868120254834324,-0.49244022698893275
0.37037037037037035,0.22841662072315133,0.24454019828484608,0.91,0.04,-0.2366007046469889,-0.2268796822213517,0.3703713770953752,0.17818794442292218,-0.49322752260154346
0.3713713713713714,0.22817964981397726,0.24431301853606244,0.91,0.04,-0.23677056787177264,-0.2270326739712658,0.3713723764958595,0.17769376163949024,-0.49332876156383065
0.37237237237237236,0.22794260557225687,0.24408567841703568,0.91,0.04,-0.23689959073089994,-0.22731302584080026,0.37237337589634384,0.17720030083378807,-0.4918872365378064
0.3733733733733734,0.22770537635906055,0.24385793740324804,0.91,0.04,-0.23704257933454187,-0.22767763576047173,0.3733743752968281,0.17670900398172984,-0.48904514682726585
0.3743743743743744,0.22746804585386937,0.2436298673344321,0.91,0.04,-0.23724190324951167,-0.22792052242827765,0.3743753746973124,0.17622123303622036,-0.4866793311520041
0.37537537537537535,0.22723041759379625,0.2434016400610493,0.91,0.04,-0.2374315988615905,-0.22806003846824296,0.37537637409779673,0.1757346725443073,-0.4857282299425236
0.3763763763763764,0.22699270731760995,0.24317329068084206,0.91,0.04,-0.23761192856868263,-0.22840750719130654,0.37637737349828104,0.17524880570227883,-0.484092549170569
0.37737737737737737,0.22675471803710218,0.24294436777437997,0.91,0.04,-0.23779104468532353,-0.22883856177143969,0.3773783728987653,0.17476551984131003,-0.4812154184540276
0.3783783783783784,0.22651664917009182,0.24271515542204042,0.91,0.04,-0.23798630058064418,-0.22905400590204295,0.3783793722992496,0.17428541301152625,-0.47803761391111266
0.3793793793793794,0.22627826898689063,0.24248580119599744,0.91,0.04,-0.2381858285095575,-0.22916747381012215,0.37938037169973393,0.1738084891114421,-0.47492899036362246
0.38038038038038036,0.2260398006645672,0.24225636168067882,0.91,0.04,-0.2384259677818079,-0.22963416052208174,0.38038137110021825,0.17333460574227302,-0.4720039335764312
0.3813813813813814,0.22580093972206222,0.24202607314690425,0.91,0.04,-0.2386526151058206,-0.2301498421560666,0.3813823705007025,0.17286353780236965,-0.4695595098439327
0.38238238238238237,0.2255620176513423,0.24179560123592192,0.91,0.04,-0.23883530211014659,-0.23027405528871725,0.3823833699011868,0.17239454816658203,-0.46733587907976926
0.3833833833833834,0.225322790969089,0.24156506402720715,0.91,0.04,-0.23903496702421023,-0.23036551523746596,0.38338436930167114,0.1719279319328023,-0.46426635526589166
0.3843843843843844,0.22508346916881128,0.24133440901322425,0.91,0.04,-0.2393434410115134,-0.23100317309074114,0.38438536870215545,0.17146508748000963,-0.46079158564702993
0.38538538538538536,0.22484362492101792,0.2411025952122107,0.91,0.04,-0.23962801517045307,-0.23158198721253598,0.3853863681026397,0.17100542773084057,-0.4585370921158898
0.3863863863863864,0.2246037334027043,0.2408707814111972,0.91,0.04,-0.2397896395032859,-0.23158198721247913,0.386387367503124,0.17054709677139396,-0.45710048168204764
0.38738738738738737,0.22436356558267298,0.24063896761018366,0.91,0.04,-0.23998192850073963,-0.23180141885100625,0.38738836690360834,0.1700903131145909,-0.45458964739827934
0.3883883883883884,0.22412328910140153,0.24040671450659062,0.91,0.04,-0.2403672400573953,-0.2325219743543272,0.3883893663040926,0.1696370088423699,-0.451065267095899
0.3893893893893894,0.22388234988686234,0.2401734581520168,0.91,0.04,-0.2407170365334821,-0.2330275535856856,0.3893903657045769,0.16918728099070635,-0.4459753969718321
0.39039039039039036,0.22364137311234553,0.23994019287779045,0.91,0.04,-0.24084910453704822,-0.23303708073113683,0.3903913651050612,0.1687441666323708,-0.4395842444186684
0.3913913913913914,0.22340016949739883,0.23970691744985242,0.91,0.04,-0.24103085179189065,-0.23342998885843258,0.39139236450554554,0.16830723386045546,-0.4333959178707403
0.3923923923923924,0.22315882886451385,0.2394728655727685,0.91,0.04,-0.24150142047651002,-0.23414559738760943,0.3923933639060298,0.16787650852444894,-0.4283142923857639
0.3933933933933934,0.22291668317011856,0.2392381574951225,0.91,0.04,-0.2419182815051073,-0.2345192177645714,0.3933943633065141,0.16744974916066144,-0.42508808943867393
0.3943943943943944,0.2226745079806197,0.23900335762929587,0.91,0.04,-0.24201236384945446,-0.23461816066459562,0.39439536270699843,0.16702548267908665,-0.4220380224396507
0.39539539539539537,0.2224321739331827,0.23876845146776596,0.91,0.04,-0.2421872541017649,-0.2352184832840578,0.39539636210748275,0.16660482954577407,-0.4184789322859501
0.3963963963963964,0.22218964861304863,0.23853244975485333,0.91,0.04,-0.24275160410294916,-0.23595552128163888,0.396397361507967,0.16618768835841963,-0.4153631894062073
0.3973973973973974,0.22194618473577934,0.23829606804177664,0.91,0.04,-0.24322952880358173,-0.23625286706484872,0.3973983609084513,0.16577327293861635,-0.41277664215284915
0.3983983983983984,0.2217027026094379,0.2380594710420108,0.91,0.04,-0.2432771999807386,-0.23645433575667596,0.39839936030893564,0.1653613100157618,-0.4107821166887078
0.3993993993993994,0.2214591432943764,0.2378226859882097,0.91,0.04,-0.24345835701076624,-0.2371565620572511,0.39940035970941995,0.1649508876335462,-0.40954763027095
0.40040040040040037,0.22121529849129823,0.2375846831299843,0.91,0.04,-0.24412499727684178,-0.23782617595975353,0.4004013591099042,0.16454139615101984,-0.4082577217342447
0.4014014014014014,0.2209704045610895,0.23734655750780984,0.91,0.04,-0.24464903627850276,-0.23803604117578914,0.4014023585103885,0.16413355616414807,-0.40645970473943294
0.4024024024024024,0.22072551063088078,0.23710813449900167,0.91,0.04,-0.2446490362785454,-0.23846448050481683,0.40240335791087284,0.16372766430948946,-0.40492150692240614
0.4034034034034034,0.22048061670067204,0.23686915114043286,0.91,0.04,-0.24486328754292686,-0.23911606710420585,0.40340435731135715,0.163322903792803,-0.4041648566214775
0.4044044044044044,0.22023529383900303,0.23662942365394815,0.91,0.04,-0.24562614346582734,-0.23966693598033828,0.4044053567118414,0.16291852675113966,-0.40334442494729217
0.40540540540540543,0.21998887266970943,0.23638933745478657,0.91,0.04,-0.24617711350239802,-0.23999636347436137,0.4054063561123257,0.16251540873768114,-0.4023196888336713
0.4064064064064064,0.21974244676492413,0.23614895045379924,0.91,0.04,-0.24618435784201154,-0.2405567280258225,0.40640735551281004,0.1621130832164886,-0.4006171353827739
0.4074074074074074,0.21949601109244815,0.23590774240368384,0.91,0.04,-0.24647112057648712,-0.24117159993345183,0.4074083549132943,0.1617133737129974,-0.3983213506553085
0.4084084084084084,0.21924901108809433,0.23566612442790646,0.91,0.04,-0.24722828483784554,-0.24167738632679914,0.4084093543137786,0.16131564435007648,-0.3963016294128039
0.4094094094094094,0.21900105957125124,0.23542390379241895,0.91,0.04,-0.24773432851867483,-0.2421166564562327,0.40941035371426293,0.16091997832609103,-0.39416765147002764
0.41041041041041043,0.21875304646643537,0.23518140639696308,0.91,0.04,-0.24780586904282131,-0.2427281491768838,0.41041135311474725,0.16052652118445287,-0.392209388547613
0.4114114114114114,0.21850495172531964,0.23493796155182456,0.91,0.04,-0.2482349266673367,-0.243376240046004,0.4114123525152315,0.16013477560049014,-0.390333901163018
0.4124124124124124,0.21825607964628055,0.23469416667715126,0.91,0.04,-0.24902919317786143,-0.24386948494442606,0.4124133519157158,0.15974507318234712,-0.38924216906961817
0.4134134134134134,0.21800639478202063,0.23444973435473865,0.91,0.04,-0.24952199366251193,-0.2444684761596534,0.41341435131620013,0.15935551324472633,-0.38893915876900564
0.4144144144144144,0.21775653611542464,0.23420474029845323,0.91,0.04,-0.24967700269586146,-0.24497044462084716,0.41441535071668445,0.15896641745284182,-0.38852177585422965
0.41541541541541543,0.2175065409227697,0.23395930303417642,0.91,0.04,-0.2502000304973677,-0.24565806785585664,0.4154163501171687,0.158577693115316,-0.3887048715397441
0.4164164164164164,0.21725563515346794,0.23371293235479784,0.91,0.04,-0.2509178186236909,-0.24631342669455591,0.416417349517653,0.15818823076608857,-0.388184984170735
0.4174174174174174,0.2170042029475471,0.23346618306081396,0.91,0.04,-0.2513436513108189,-0.24683327055066684,0.41741834891813734,0.15780054724245215,-0.3859882212981489
0.4184184184184184,0.2167524446603532,0.23321877165299473,0.91,0.04,-0.2515704153944114,-0.24741632236975875,0.41841934831862165,0.15741548280986167,-0.3839195339592578
0.4194194194194194,0.216500558472283,0.23297085508810167,0.91,0.04,-0.25218526394696994,-0.2481538941799073,0.4194203477191059,0.15703194079579733,-0.3823942257855748
0.42042042042042044,0.216247569257056,0.23272196706004203,0.91,0.04,-0.2528685592293982,-0.24884458558221922,0.4204213471195902,0.15664993002834163,-0.38007774355817503
0.4214214214214214,0.21599431511046235,0.23247266772957867,0.91,0.04,-0.2532876363174097,-0.24924454205623192,0.42142234652007454,0.15627102560891898,-0.3780423580151364
0.4224224224224224,0.21574048690206618,0.2322229789878574,0.91,0.04,-0.25360961246573765,-0.25003859933151773,0.42242334592055886,0.15589308968087995,-0.37646037458684134
0.42342342342342343,0.21548658815857902,0.23197208995313923,0.91,0.04,-0.25428012048067217,-0.25091975745884554,0.4234243453210431,0.15551735239038397,-0.3746626507595465
0.4244244244244244,0.2152314175917945,0.23172063713108287,0.91,0.04,-0.2549654876324894,-0.2514027273568473,0.42442534472152743,0.15514301550329163,-0.37355223754704525
0.42542542542542544,0.21497614674189738,0.2314687811896621,0.91,0.04,-0.2553810701714383,-0.25189841967916493,0.42542634412201175,0.15476950125871566,-0.3721210239479831
0.4264264264264264,0.21472014417803784,0.231216335990584,0.91,0.04,-0.2558874732513914,-0.2528938151923228,0.42642734352249606,0.15439802965953253,-0.3709969416372161
0.4274274274274274,0.21446385950816088,0.23096248726535318,0.91,0.04,-0.2564762308638109,-0.2537197144661434,0.4274283429229803,0.154026765826395,-0.37042348453263685
0.42842842842842843,0.2142066782503826,0.23070838861427545,0.91,0.04,-0.25711573061234105,-0.2539769991110603,0.42842934232346463,0.15365644228764758,-0.36947330823159064
0.4294294294294294,0.21394911330072874,0.23045402480467034,0.91,0.04,-0.2576382843686815,-0.254906745253237,0.42943034172394895,0.15328708070632543,-0.36878776431215954
0.43043043043043044,0.21369088588928414,0.2301980647999547,0.91,0.04,-0.2582345311982266,-0.2560060815682874,0.4304313411244332,0.15291812962568277,-0.36758195300251373
0.4314314314314314,0.2134321272522838,0.2299415001168459,0.91,0.04,-0.25876334586763505,-0.2563780497505377,0.4314323405249175,0.1525511820771567,-0.36567008194836603
0.43243243243243246,0.21317284115281243,0.22968479543108478,0.91,0.04,-0.2594378688866783,-0.2569158275959751,0.43243333992540184,0.15218605856007203,-0.3638991611268523
0.43343343343343343,0.2129127321193775,0.2294271541156527,0.91,0.04,-0.2600757526638091,-0.25819010848964297,0.43343433932588615,0.15182265639290726,-0.3622118576703457
0.4344344344344344,0.2126521689753073,0.22916789831699141,0.91,0.04,-0.2606691567575723,-0.2589965428626755,0.4344353387263704,0.15146091085531943,-0.36018343807474196
0.43543543543543545,0.2123908719456887,0.22890864251833007,0.91,0.04,-0.2611296005027981,-0.2591501698244656,0.4354363381268547,0.1511015695817529,-0.3580267722479391
0.4364364364364364,0.21212938699231867,0.2286490791581836,0.91,0.04,-0.26195014178520637,-0.2604542176053286,0.43643733752733904,0.1507441416865644,-0.35601830440593574
0.43743743743743746,0.21186644723741005,0.22838721265325437,0.91,0.04,-0.2627588606119957,-0.2617884345473698,0.43743833692782336,0.15038882136320933,-0.3535331706957834
0.43843843843843844,0.21160334322732965,0.22812497818811875,0.91,0.04,-0.26317729789217026,-0.2619752970592373,0.4384393363283076,0.15003636870272882,-0.3506052852010839
0.4394394394394394,0.21133956576014848,0.22786273758406672,0.91,0.04,-0.2637793993860953,-0.2628564511720697,0.43944033572879193,0.1496869100026235,-0.3479834347871531
0.44044044044044045,0.21107525634167182,0.22759873904663316,0.91,0.04,-0.2646723698937876,-0.2642350066245456,0.44044133512927625,0.149339706283528,-0.34568175180277194
0.44144144144144143,0.21080969114574646,0.22733373857180533,0.91,0.04,-0.2654442369861414,-0.2648475809373281,0.44144233452976056,0.1489948555499976,-0.3423167419260267
0.44244244244244246,0.2105438364478057,0.22706851365937128,0.91,0.04,-0.26574294787124586,-0.2653886861405397,0.4424433339302448,0.14865438857664065,-0.33887526724514316
0.44344344344344344,0.2102776732320903,0.22680242989084326,0.91,0.04,-0.26659369315633796,-0.2666754419527848,0.44344433333072913,0.14831642767129488,-0.3362462914201956
0.4444444444444444,0.2100101153403856,0.22653462889069703,0.91,0.04,-0.26762618233253477,-0.2676872351560604,0.44444533273121345,0.14798122390438728,-0.332533648493083
0.44544544544544545,0.2097418850792724,0.22626651951015048,0.91,0.04,-0.268142771448467,-0.2681300911650766,0.44544633213169776,0.14765069570573,-0.32885491740391615
0.44644644644644643,0.20947329297512338,0.22599783191138753,0.91,0.04,-0.2684504886085648,-0.2692678893275797,0.446447331532182,0.14732285675405207,-0.3267786644793773
0.44744744744744747,0.2092044466636397,0.22572744465664185,0.91,0.04,-0.2696550880906301,-0.2704150707628372,0.44744833093266634,0.14699648521126016,-0.3252324956836219
0.44844844844844844,0.2089334429489159,0.22545646039834877,0.91,0.04,-0.27076500841218376,-0.2709173682331709,0.44844933033315065,0.14667174168765743,-0.32182695322363486
0.4494494494494494,0.20866237457472642,0.22518506754306195,0.91,0.04,-0.2708693515979519,-0.2720379882627384,0.4494503297336349,0.14635218803678712,-0.3180035724523833
0.45045045045045046,0.20839116196473584,0.2249118398012262,0.91,0.04,-0.27165381867074245,-0.2732580941253957,0.4504513291341192,0.14603509891690397,-0.31526234220568483
0.45145145145145144,0.20811852308589607,0.22463800429155964,0.91,0.04,-0.2729883511936322,-0.2739497248416711,0.45145232853460354,0.14572103320570076,-0.3117084409990696
0.45245245245245247,0.20784463873912298,0.22436339190364532,0.91,0.04,-0.2736104624262907,-0.2749737427913175,0.45245332793508786,0.14541105899177204,-0.30872695713185294
0.45345345345345345,0.2075707543923499,0.2240875063079934,0.91,0.04,-0.2736372949494523,-0.2760899157397745,0.4534543273355721,0.14510296220769617,-0.30644871612004465
0.4544544544544544,0.20729681632681177,0.22381065933960173,0.91,0.04,-0.2752073509816739,-0.27702897826772244,0.45445532673605643,0.1447975490295413,-0.3036414903962452
0.45545545545545546,0.20701978872471896,0.22353289373888888,0.91,0.04,-0.2767520041954583,-0.27799404171965136,0.45545632613654075,0.14449507230799855,-0.3013067727761154
0.45645645645645644,0.20674275826035435,0.2232541147115343,0.91,0.04,-0.2767571346818869,-0.2790214944966891,0.45645732553702506,0.1441943332317198,-0.29860957701239954
0.4574574574574575,0.20646572038701752,0.22297429214830497,0.91,0.04,-0.2775457903990457,-0.2801626604435654,0.4574583249375093,0.143897256292862,-0.29643622402096526
0.45845845845845845,0.2061871110323282,0.22269322850444004,0.91,0.04,-0.2789985733669482,-0.2811816848158486,0.45845932433799363,0.14360086826666615,-0.29565815381481286
0.45945945945945943,0.2059071646845812,0.22241136585237736,0.91,0.04,-0.27977070863497033,-0.282102485999431,0.45946032373847795,0.14330534902342815,-0.2945313018616247
0.46046046046046046,0.20562700951353952,0.22212845876269946,0.91,0.04,-0.2800344003025117,-0.283372490460053,0.46046132313896226,0.14301121695349145,-0.2936239425882121
0.46146146146146144,0.2053465352545461,0.221844053559164,0.91,0.04,-0.28140492891087376,-0.2844872477684959,0.4614623225394465,0.14271751424243093,-0.2931489526551587
0.4624624624624625,0.20506363628248672,0.22155891472312292,0.91,0.04,-0.2827166744326206,-0.28538129157922754,0.46246332193993084,0.1424243331017706,-0.29282707501596406
0.46346346346346345,0.2047805359063326,0.22127271964208844,0.91,0.04,-0.2829688465600526,-0.2866586016838113,0.46346432134041515,0.1421312747893578,-0.2927115049809714
0.46446446446446443,0.20449713208516931,0.22098502362866085,0.91,0.04,-0.28400369295950156,-0.2878748455829623,0.46446532074089947,0.14183832501976898,-0.2931459593358028
0.46546546546546547,0.20421195994445174,0.22069639362490537,0.91,0.04,-0.2852721212357494,-0.2887633285087361,0.4654663201413837,0.14154439693025878,-0.29400727732652854
0.46646646646646645,0.20392601672733995,0.22040691886688155,0.91,0.04,-0.2860384031660175,-0.2900094067514658,0.46646731954186804,0.1412497228030852,-0.29531513746891846
0.4674674674674675,0.20363931048866396,0.22011579421198954,0.91,0.04,-0.28681190661022526,-0.2913652768830133,0.46746831894235236,0.1409531763791381,-0.29676979506004386
0.46846846846846846,0.20335181871610825,0.21982360499924786,0.91,0.04,-0.287981059942382,-0.2921902509037153,0.46846931834283667,0.14065559002921127,-0.2976061573468627
0.4694694694694695,0.20306277183012067,0.21953082874471486,0.91,0.04,-0.28911204687049974,-0.2934965521850188,0.46947031774332093,0.14035736920896882,-0.2984528267583073
0.47047047047047047,0.20277301581947058,0.21923602431419273,0.91,0.04,-0.2896511905102841,-0.2950125890330497,0.47047131714380525,0.14005808782789544,-0.2991819956252044
0.47147147147147145,0.20248288956683683,0.2189402129508549,0.91,0.04,-0.29089367605342886,-0.29574276878786065,0.47147231654428956,0.13975840721245578,-0.2996792095036369
0.4724724724724725,0.20219064609764192,0.21864394669900183,0.91,0.04,-0.2921962428116558,-0.29717554957242953,0.4724733159447738,0.139458130409794,-0.3004418009812042
0.47347347347347346,0.20189791210375038,0.2183452669056648,0.91,0.04,-0.2928740000432839,-0.2988618439348727,0.47347431534525813,0.13915692308713054,-0.30112622786728593
0.4744744744744745,0.20160431176322097,0.21804562468912225,0.91,0.04,-0.2939978527947744,-0.2994567881785173,0.47447531474574245,0.13885527606266349,-0.30175249439113827
0.4754754754754755,0.2013093278138709,0.21774575381621827,0.91,0.04,-0.2950323634611607,-0.3010565262423057,0.47547631414622676,0.1385528149551702,-0.3022087007332743
0.47647647647647645,0.20101365638091634,0.2174429089208694,0.91,0.04,-0.2961322138390159,-0.30289675322400456,0.476477313546711,0.13825025460615323,-0.3022928477128062
0.4774774774774775,0.20071647052890793,0.21713935390986394,0.91,0.04,-0.29728498315537877,-0.3033407163605091,0.47747831294719534,0.13794762503650776,-0.30248313406676175
0.47847847847847846,0.20041849124947408,0.21683562019942693,0.91,0.04,-0.2981262977466912,-0.30503544487363854,0.47847931234767965,0.13764468373443836,-0.3030446830692739
0.4794794794794795,0.20011962108396963,0.2165286723385454,0.91,0.04,-0.2994252717664949,-0.3068796454411995,0.47948031174816397,0.13734092994436317,-0.30399669135351814
0.4804804804804805,0.19981904125594752,0.21622124653487995,0.91,0.04,-0.3006043620090395,-0.307378138930801,0.4804813111486482,0.1370360827228502,-0.305039211496279
0.48148148148148145,0.199517810549417,0.21591330068903428,0.91,0.04,-0.30146095549308427,-0.3090571522293146,0.48148231054913254,0.1367302418086992,-0.3057859086438697
0.4824824824824825,0.19921551581952496,0.21560251349738385,0.91,0.04,-0.3027642911187911,-0.31070377322751597,0.48248330994961686,0.13642389970039207,-0.3064637076141423
0.48348348348348347,0.19891167583246244,0.2152912711130032,0.91,0.04,-0.3039732447713277,-0.3114387720661398,0.48348430935010117,0.1361167018335153,-0.3070515622100487
0.4844844844844845,0.19860696077493775,0.21497901245220644,0.91,0.04,-0.3049469039659414,-0.31315325952469664,0.48448530875058543,0.13580918284101207,-0.30727354106538485
0.4854854854854855,0.19830117152021828,0.21466433766050125,0.91,0.04,-0.30616145033582143,-0.31460748398589544,0.48548630815106975,0.135501540572733,-0.30730122222296075
0.48648648648648646,0.19799402493842963,0.21434916763942186,0.91,0.04,-0.307490910203839,-0.3156397625757421,0.48648730755155406,0.1351939661625855,-0.3073103579647807
0.4874874874874875,0.1976855741023928,0.2140324262239132,0.91,0.04,-0.30856847318740677,-0.31732034018469335,0.4874883069520384,0.13488630560456227,-0.30739233359695106
0.48848848848848847,0.1973762702373537,0.2137138916830961,0.91,0.04,-0.3096067845882402,-0.3185941688574445,0.48848930635252263,0.1345785670792975,-0.3082054644341099
0.4894894894894895,0.19706574069981378,0.21339460006003444,0.91,0.04,-0.31113331822798784,-0.3199164668646972,0.48949030575300695,0.1342692786343132,-0.30915758707786267
0.4904904904904905,0.19675338071137172,0.21307341827595955,0.91,0.04,-0.3123159409099827,-0.32151851787681096,0.49049130515349126,0.13395963396065724,-0.30955136089765745
0.49149149149149146,0.19644048356085486,0.21275091934356435,0.91,0.04,-0.313171110140928,-0.3227313536374794,0.4914923045539755,0.13364955718095792,-0.3108508842086479
0.4924924924924925,0.1961264115219004,0.21242730945986854,0.91,0.04,-0.3149509605840848,-0.32420433235203916,0.49249330395445984,0.13333731086319148,-0.3120318628741785
0.4934934934934935,0.19580995110723304,0.2121018616211378,0.91,0.04,-0.31627439321162854,-0.32576104403825923,0.49349430335494415,0.13302486976561978,-0.31208459840244984
0.4944944944944945,0.19549322955350878,0.21177513519752972,0.91,0.04,-0.3169627342528827,-0.32703023438428147,0.49449530275542847,0.132712517871389,-0.3115670178914769
0.4954954954954955,0.19517539107869872,0.21144714643718526,0.91,0.04,-0.3189394112079924,-0.3284916456354807,0.4954963021559127,0.1324011129693797,-0.3113591914621736
0.4964964964964965,0.19485471221375306,0.2111174942653266,0.91,0.04,-0.3203626936722088,-0.3300246361959154,0.49649730155639704,0.13208917714341115,-0.3126393928260569
0.4974974974974975,0.19453402432460018,0.21078643645481104,0.91,0.04,-0.32091065090988025,-0.3314435339713384,0.49749830095688136,0.13177520927980638,-0.31476553088114656
0.4984984984984985,0.19421224844816773,0.2104539436467654,0.91,0.04,-0.3229508399425498,-0.33285431773083474,0.49849930035736567,0.13145901692800083,-0.3166809505904524
0.4994994994994995,0.193887476096487,0.21012006144433892,0.91,0.04,-0.3244475793290462,-0.3343335484595542,0.49950029975784993,0.13114121439643472,-0.3189531913390482
0.5005005005005005,0.19356270374480625,0.2097846072134129,0.91,0.04,-0.3250219825495293,-0.33573246385553546,0.5005012991583343,0.13082047302137495,-0.32146106852761136
0.5015015015015015,0.19323678143672815,0.20944792437956306,0.91,0.04,-0.32693558738047557,-0.33730529595267456,0.5015022985588186,0.13049764972268435,-0.3228869380766639
0.5025025025025025,0.19290817804434485,0.2091093213356298,0.91,0.04,-0.32840318377390076,-0.3388527236475767,0.5025032979593028,0.13017405375849708,-0.3231650930098908
0.5035035035035035,0.19257931760534897,0.2087695405484368,0.91,0.04,-0.3292125388739606,-0.34000147361584254,0.5035042973597872,0.12985067359396363,-0.32292195855239925
0.5045045045045045,0.19224909388243502,0.20842863770476724,0.91,0.04,-0.3310077170854271,-0.3416948520528962,0.5045052967602714,0.12952756438466873,-0.32250571914083537
0.5055055055055055,0.19191663949306584,0.20808546677055312,0.91,0.04,-0.332413465426157,-0.3432591008923538,0.5055062961607557,0.1292050175309382,-0.3215103068244787
0.5065065065065065,0.19158360145915937,0.2077414322975753,0.91,0.04,-0.3335007442680933,-0.3447100288817495,0.5065072955612401,0.12888390113590706,-0.31958511547097146
0.5075075075075075,0.191248970335372,0.2073953566026217,0.91,0.04,-0.3351665200999321,-0.3464433179332502,0.5075082949617243,0.12856520851295788,-0.31701058928599934
0.5085085085085085,0.19091259741491529,0.20704785208149273,0.91,0.04,-0.3364955658932587,-0.3475829606203149,0.5085092943622087,0.12824924631626214,-0.3124745641074824
0.5095095095095095,0.1905753055387889,0.20669949481959807,0.91,0.04,-0.3378572501792547,-0.3492887846306161,0.509510293762693,0.1279396348102815,-0.305858247067313
0.5105105105105106,0.19023620652366552,0.20634857523538538,0.91,0.04,-0.33945136675937704,-0.35077048065069505,0.5105112931631772,0.12763691847236705,-0.30003400189906415
0.5115115115115115,0.18989572322295428,0.20599725161509214,0.91,0.04,-0.34065786789329877,-0.35201207998856887,0.5115122925636616,0.12733896709822976,-0.28752833328183414
0.5125125125125125,0.1895542087901454,0.2056438463465194,0.91,0.04,-0.3422049027385583,-0.35373976367978344,0.5125132919641459,0.1270612870938923,-0.2791010027889982
0.5135135135135135,0.1892106283225768,0.2052890639000175,0.91,0.04,-0.34382616944326116,-0.35481436652047194,0.5135142913646301,0.12678020722529706,-0.2842111188668781
0.5145145145145145,0.18886586811057934,0.20493350727440635,0.91,0.04,-0.34490724737689504,-0.3564528974743979,0.5145152907651145,0.12649229677469886,-0.2948382960994351
0.5155155155155156,0.18852012332282322,0.20457544448565435,0.91,0.04,-0.3465395435935079,-0.3578626858069356,0.5155162901655987,0.12618994131002637,-0.3059516829955413
0.5165165165165165,0.18817209525053225,0.204217065460979,0.91,0.04,-0.3482772729374375,-0.3591121431098685,0.516517289566083,0.12587978187218749,-0.3113373199173921
0.5175175175175175,0.1878228715251507,0.2038565012562052,0.91,0.04,-0.34948099509878716,-0.3607826835171153,0.5175182889665674,0.12556664436885495,-0.313632526746801
0.5185185185185185,0.18747243359868282,0.2034947778062901,0.91,0.04,-0.3508320755744023,-0.3617928241315127,0.5185192883670516,0.12525188992969563,-0.3150018129895287
0.5195195195195195,0.18712050500748426,0.20313219129798396,0.91,0.04,-0.35255610113947,-0.3633057830323594,0.519520287767536,0.12493601111694697,-0.3143498048709077
0.5205205205205206,0.1867666155783836,0.2027674389013204,0.91,0.04,-0.35409606376308034,-0.3646363810092055,0.5205212871680203,0.12462256199725935,-0.31165786457914635
0.5215215215215215,0.1864116039789295,0.20240218853320072,0.91,0.04,-0.3552542907283396,-0.36589377976416415,0.5215222865685045,0.12431207244574712,-0.3087402802378705
0.5225225225225225,0.18605539577712568,0.20203491882171246,0.91,0.04,-0.3569292707708911,-0.3673485894939432,0.5225232859689889,0.12400446432641242,-0.3024071156662629
0.5235235235235235,0.18569703086427308,0.20166675592160124,0.91,0.04,-0.3585353328335543,-0.36842338460922974,0.5235242853694732,0.12370665376277888,-0.2947665568054987
0.5245245245245245,0.18533760732300447,0.20129733446814047,0.91,0.04,-0.359864500293682,-0.3697463090867217,0.5245252847699574,0.12341434203312218,-0.28684961487635263
0.5255255255255256,0.18497658141423567,0.20092652307057676,0.91,0.04,-0.3614930866049946,-0.37089686409733247,0.5255262841704418,0.1231323811777381,-0.2785420787148922
0.5265265265265265,0.18461389743991133,0.2005547982036813,0.91,0.04,-0.36276016592158555,-0.37207106933819034,0.526527283570926,0.12285670112551565,-0.2734212044772235
0.5275275275275275,0.1842503348358141,0.2001816360448747,0.91,0.04,-0.3645620042398008,-0.37329905278593856,0.5275282829714104,0.12258499225421529,-0.2641303863731821
0.5285285285285285,0.18388404357756938,0.1998074527526584,0.91,0.04,-0.36638523501480336,-0.3744244277819604,0.5285292823718947,0.12232791240869717,-0.2554333063905361
0.5295295295295295,0.1835168308618105,0.1994320375908568,0.91,0.04,-0.36733445292645683,-0.3755699065965814,0.5295302817723789,0.12207361508109402,-0.238333281082042
0.5305305305305306,0.1831486392674063,0.19905556104776034,0.91,0.04,-0.3691673523506296,-0.376592441247837,0.5305312811728633,0.12185076946574,-0.2217330425502908
0.5315315315315315,0.18277775708333072,0.19867809876953976,0.91,0.04,-0.3706598703483053,-0.37761369719171967,0.5315322805733476,0.1216297057957732,-0.213024927806444
0.5325325325325325,0.1824065774649072,0.19829957766999914,0.91,0.04,-0.37190010785185734,-0.3786537889438648,0.5325332799738318,0.1214242938156951,-0.20284341027086583
0.5335335335335335,0.18203321232286654,0.1979200331260085,0.91,0.04,-0.3737079435903041,-0.37958628370105885,0.5335342793743162,0.12122361353162656,-0.19640181505238985
0.5345345345345345,0.1816584134136754,0.19753964517009714,0.91,0.04,-0.37449622793819515,-0.38059270183330796,0.5345352787748004,0.12103109761745215,-0.18532221782315617
0.5355355355355356,0.18128347012479207,0.19715808577499086,0.91,0.04,-0.3763892255707191,-0.38152612985057033,0.5355362781752847,0.12085259867375177,-0.17832072987659586
0.5365365365365365,0.18090488143055078,0.19677582909432018,0.91,0.04,-0.378210105547069,-0.38238433214962697,0.5365372775757691,0.12067409973005135,-0.1839391046928469
0.5375375375375375,0.18052629273630946,0.19639255157649313,0.91,0.04,-0.3790457123853628,-0.3832201771956534,0.5375382769762533,0.12048435280670546,-0.1923238606081057
0.5385385385385385,0.18014603115550504,0.19600862153236692,0.91,0.04,-0.38078633634084724,-0.38389849354717853,0.5385392763767377,0.12028906759171624,-0.1977179636477402
0.5395395395395395,0.1797639577286201,0.19562398602384615,0.91,0.04,-0.38178791173842797,-0.3846550790449186,0.539540275777222,0.12008852168055273,-0.21060016687424366
0.5405405405405406,0.17938169099186452,0.19523854129403875,0.91,0.04,-0.3833469794751778,-0.3852504628993927,0.5405412751777062,0.11986744631015024,-0.2209019555442282
0.5415415415415415,0.17899649630824935,0.19485271382584932,0.91,0.04,-0.3850425118160672,-0.3858926466327688,0.5415422745781906,0.11964627623042155,-0.22275135642750143
0.5425425425425425,0.1786108351123529,0.1944659834429221,0.91,0.04,-0.385965037786292,-0.38642387754997287,0.5425432739786749,0.11942149836166825,-0.22455344992670945
0.5435435435435435,0.17822379352989845,0.1940790924493729,0.91,0.04,-0.38743830567034365,-0.38694266702813707,0.5435442733791591,0.11919672049291494,-0.22498909308617243
0.5445445445445445,0.1778351828487486,0.1936913234488718,0.91,0.04,-0.38851084332284813,-0.38745976296981155,0.5445452727796435,0.11897107046707871,-0.22548242605757451
0.5455455455455456,0.1774459940437666,0.19330339722821213,0.91,0.04,-0.3899153107354323,-0.3877820888739052,0.5455462721801277,0.11874530494630817,-0.2207215905443789
0.5465465465465466,0.17705457161604501,0.19291498293060566,0.91,0.04,-0.39140439987765774,-0.3881905372668939,0.5465472715806121,0.11852918610746097,-0.214296163647127
0.5475475475475475,0.17666240165161917,0.19252623899544558,0.91,0.04,-0.39239539880036034,-0.38843868688094574,0.5475482709810964,0.11831628428363444,-0.20582560042758757
0.5485485485485485,0.17626899524207032,0.19213732790181498,0.91,0.04,-0.3936286217450089,-0.3886873488730487,0.5485492703815806,0.11811712350219632,-0.1917573452496768
0.5495495495495496,0.17587435636284038,0.19174808614484887,0.91,0.04,-0.39470587098719534,-0.38887371212341293,0.549550269782065,0.11793238630836765,-0.1845527517192096
0.5505505505505506,0.17547879329815197,0.19135880195161792,0.91,0.04,-0.39586422249749376,-0.3889784044632023,0.5505512691825493,0.117747649114539,-0.18412090132525094
0.5515515515515516,0.17508183539687944,0.19096935060037803,0.91,0.04,-0.3971197502388577,-0.38907101848792536,0.5515522685830335,0.11756377648468125,-0.18363071156475996
0.5525525525525525,0.17468375876313927,0.19057988099368417,0.91,0.04,-0.3981634923702444,-0.38905273042099964,0.5525532679835179,0.11738002065016534,-0.18367495935738276
0.5535535535535535,0.17428471128803014,0.19019046625519084,0.91,0.04,-0.39916624679703716,-0.3890085760163515,0.5535542673840022,0.11719605943627981,-0.18406927195084677
0.5545545545545546,0.17388462713791997,0.18980108504570348,0.91,0.04,-0.4001766831832896,-0.38889965738437127,0.5545552667844865,0.11701151418842456,-0.18436099738516276
0.5555555555555556,0.17348355676714264,0.1894118883625294,0.91,0.04,-0.4010771230165915,-0.38871679861071584,0.5555562661849708,0.11682696894056935,-0.18202803362441955
0.5565565565565566,0.17308166993468357,0.18902287323667302,0.91,0.04,-0.40217903782031783,-0.38851377250105656,0.556557265585455,0.11664709428336582,-0.1784419419290515
0.5575575575575575,0.17267839352826317,0.18863408301217693,0.91,0.04,-0.40316390890438925,-0.38821022962584095,0.5575582649859394,0.11646972838678486,-0.17718881399443376
0.5585585585585585,0.17227453498192205,0.18824567557976446,0.91,0.04,-0.40397926594674516,-0.38786356649279696,0.5585592643864237,0.11629236249020392,-0.15797195394549846
0.5595595595595596,0.17186962622907048,0.1878575793755547,0.91,0.04,-0.4048366120067186,-0.3874548555255899,0.5595602637869079,0.11615346872439931,-0.13742619182436044
0.5605605605605606,0.17146405127420086,0.1874699901833168,0.91,0.04,-0.4054836316759207,-0.38697984005059993,0.5605612631873923,0.11601723541894987,-0.13609728975213642
0.5615615615615616,0.17105784718667627,0.187082844961039,0.91,0.04,-0.406278319070708,-0.386445101699465,0.5615622625878766,0.11588100211350046,-0.13535265523244533
0.5625625625625625,0.17065068126605132,0.18669632631605063,0.91,0.04,-0.40686780919482146,-0.38579659378478937,0.5625632619883608,0.11574625956546661,-0.13349234978521451
0.5635635635635635,0.17024329701811808,0.1863104794079163,0.91,0.04,-0.4075576505839109,-0.38514586094282777,0.5635642613888452,0.11561375058929198,-0.13237667885766768
0.5645645645645646,0.16983475003365112,0.18592526353138028,0.91,0.04,-0.40821638391801685,-0.38445818300087353,0.5645652607893294,0.11548124161311735,-0.1323766788576748
0.5655655655655656,0.16942604700026415,0.1855407933558625,0.91,0.04,-0.4086210845189555,-0.38367239549539534,0.5655662601898138,0.1153487326369427,-0.12381103270211469
0.5665665665665666,0.16901668980438397,0.1851571506274856,0.91,0.04,-0.40917443132860853,-0.38290011736118856,0.5665672595902981,0.11523337207410102,-0.11262688887214267
0.5675675675675675,0.16860687896957624,0.1847742265543386,0.91,0.04,-0.40950520008156843,-0.3820035507262389,0.5675682589907823,0.11512325374046387,-0.11000839119771655
0.5685685685685685,0.16819685957399044,0.1843923787541598,0.91,0.04,-0.4099387842537823,-0.38117447220932377,0.5685692583912667,0.11501313540682671,-0.11000839119770944
0.5695695695695696,0.1677861807028019,0.18401111449786345,0.91,0.04,-0.4102681923173179,-0.380122424169258,0.569570257791751,0.11490301707318956,-0.10970287152475322
0.5705705705705706,0.16737550183161337,0.1836313728999671,0.91,0.04,-0.4104982422253016,-0.37904968719277576,0.5705712571922352,0.11479351038957136,-0.10892443915474814
0.5715715715715716,0.16696436240004855,0.1832522562652453,0.91,0.04,-0.4107694412989247,-0.37810248115090417,0.5715722565927196,0.11468495047660558,-0.1084515264577064
0.5725725725725725,0.1665531405877717,0.1828744109757411,0.91,0.04,-0.4108680261933131,-0.37687941034990047,0.5725732559932039,0.11457639056363982,-0.1084515264577064
0.5735735735735735,0.16614180378905097,0.18249774293121146,0.91,0.04,-0.41097506281418816,-0.37587360325277075,0.5735742553936882,0.11446783065067404,-0.1084515264577064
0.5745745745745746,0.1657303676892448,0.1821219112695293,0.91,0.04,-0.4110253820781793,-0.3745443490231821,0.5745752547941725,0.11435927073770827,-0.10563516435287568
0.5755755755755756,0.1653189301512568,0.18174790439462846,0.91,0.04,-0.41099107183745787,-0.37347063184010665,0.5755762541946567,0.11425634917829947,-0.10269011992357946
0.5765765765765766,0.16490756274062127,0.18137422231689648,0.91,0.04,-0.4109445827515259,-0.37209273085781547,0.5765772535951411,0.11415368524074992,-0.10256143759912106
0.5775775775775776,0.1644962182738764,0.18100297400252074,0.91,0.04,-0.41079559464739646,-0.37057476484829976,0.5775782529956254,0.1140510213032004,-0.10256143759912817
0.5785785785785785,0.1640851491377236,0.1806323308957788,0.91,0.04,-0.4105911895976817,-0.36950128058255416,0.5785792523961096,0.11394835736565087,-0.10248559119206391
0.5795795795795796,0.16367421389029746,0.18026323169905217,0.91,0.04,-0.4103743283135799,-0.36784602770504193,0.579580251796594,0.11384584527251733,-0.10219976806939002
0.5805805805805806,0.1632635789108695,0.17989590241188474,0.91,0.04,-0.41005415414865354,-0.3666198281740378,0.5805812511970783,0.11374375355251667,-0.1019897913537875
0.5815815815815816,0.16285328465276264,0.17952925806907413,0.91,0.04,-0.40973280454315386,-0.36506595765206384,0.5815822505975625,0.11364166183251602,-0.10198979135378039
0.5825825825825826,0.16244329301588825,0.17916503963380254,0.91,0.04,-0.4093090372575432,-0.3635054029314375,0.5825832499980469,0.11353957011251536,-0.1019897913537875
0.5835835835835835,0.16203384714073554,0.17880151952466686,0.91,0.04,-0.40877601091078475,-0.36214598679985954,0.5835842493985312,0.11343747839251471,-0.10280012419819684
0.5845845845845846,0.16162492262367445,0.17844002264321224,0.91,0.04,-0.40820721740155363,-0.3604074946183715,0.5845852487990155,0.11333376438713115,-0.10427849717487447
0.5855855855855856,0.16121661547426594,0.1780799829989043,0.91,0.04,-0.4075717994200545,-0.3590961291911725,0.5855862481994998,0.11322871296620379,-0.10494653730714987
0.5865865865865866,0.16080896306527595,0.17772111147366038,0.91,0.04,-0.4069275463440505,-0.3573477834487875,0.586587247599984,0.11312366154527645,-0.10494653730714276
0.5875875875875876,0.16040194571181543,0.17736457202102887,0.91,0.04,-0.4062574783671238,-0.35568061151418817,0.5875882470004684,0.11301861012434908,-0.10494653730714276
0.5885885885885885,0.15999563478025672,0.17700903817733568,0.91,0.04,-0.4054737722050845,-0.35399206337891087,0.5885892464009527,0.11291355870342173,-0.1054409953112696
0.5895895895895896,0.15959018640810158,0.17665587920145148,0.91,0.04,-0.40471581313948946,-0.35204434632595394,0.5895902458014369,0.112807517378163,-0.10595402987725322
0.5905905905905906,0.15918539291210954,0.1763042446911976,0.91,0.04,-0.4037357191235458,-0.3505394240233244,0.5905912452019213,0.11270143886264967,-0.10597260643911
0.5915915915915916,0.15878190669013653,0.17595409857277616,0.91,0.04,-0.40278558684195787,-0.34879605695530813,0.5915922446024056,0.11259536034713638,-0.10597260643910289
0.5925925925925926,0.15837901536087443,0.17560595428688267,0.91,0.04,-0.4019241885345508,-0.34698919882021073,0.5925932440028899,0.11248928183162306,-0.10427614024974474
0.5935935935935935,0.15797725366003737,0.17525942550206505,0.91,0.04,-0.4008231956890711,-0.3452620059630789,0.5935942434033742,0.11238659963938676,-0.10027357020203453
0.5945945945945946,0.15757656652065602,0.17491473905972935,0.91,0.04,-0.4000003664115468,-0.343490664856958,0.5945952428038584,0.11228853426430975,-0.09796746634369669
0.5955955955955956,0.15717645212567988,0.17457175650335238,0.91,0.04,-0.3986747323073274,-0.3417847774305045,0.5955962422043428,0.11219046888923274,-0.09796746634368958
0.5965965965965966,0.15677841890842914,0.1742304852510597,0.91,0.04,-0.39749966141788207,-0.3401180577666736,0.5965972416048271,0.11209240351415575,-0.09796746634368247
0.5975975975975976,0.15638065700772616,0.17389083947078648,0.91,0.04,-0.3964002793418331,-0.3382520343385522,0.5975982410053113,0.11199433813907876,-0.09736784027541034
0.5985985985985985,0.15598482475559267,0.17355330400113267,0.91,0.04,-0.39497173554468645,-0.3364614723872279,0.5985992404057957,0.11189747321467147,-0.09619881553732768
0.5995995995995996,0.1555899228024315,0.17321724292947072,0.91,0.04,-0.39409147793681143,-0.3348571850678752,0.59960023980628,0.11180174822571844,-0.09562941686751714
0.6006006006006006,0.15519585282779122,0.172882919246242,0.91,0.04,-0.3924205243609862,-0.33288933484850247,0.6006012392067642,0.11170602323676539,-0.09562941686751714
0.6016016016016016,0.15480429612703414,0.17255079781465893,0.91,0.04,-0.3911651440563304,-0.33124132332929435,0.6016022386072486,0.11161029824781234,-0.09562941686751714
0.6026026026026026,0.1544127394262771,0.17221977345379097,0.91,0.04,-0.38982312290588084,-0.32947513802939454,0.6026032380077329,0.11151457325885929,-0.09732614337899292
0.6036036036036035,0.1540238694545499,0.17189118792871422,0.91,0.04,-0.3880487479875825,-0.3274515579452242,0.6036042374082172,0.11141545142546469,-0.10084672142057372
0.6046046046046046,0.15363586505593158,0.17156421477922595,0.91,0.04,-0.3870674305662618,-0.3260870533926834,0.6046052368087015,0.11131267824349368,-0.10267057295067872
0.6056056056056056,0.15324895968364644,0.1712383609949951,0.91,0.04,-0.385319410874402,-0.32404401545832684,0.6056062362091857,0.11120990506152267,-0.10267057295067872
0.6066066066066066,0.1528644548239508,0.1709154780115416,0.91,0.04,-0.3838781437025176,-0.322109042402019,0.6066072356096701,0.11110713187955167,-0.10267057295069293
0.6076076076076076,0.1524804348714292,0.17059349804724333,0.91,0.04,-0.38234284057621437,-0.3208875536117972,0.6076082350101544,0.11100435869758064,-0.10431278719045878
0.6086086086086087,0.15209900369166607,0.17027306048679325,0.91,0.04,-0.3804846656170895,-0.3185994621263717,0.6086092344106386,0.11089829780467068,-0.10637590250074425
0.6096096096096096,0.1517187038091327,0.16995566128622955,0.91,0.04,-0.3793116537943604,-0.3169566979492515,0.609610233811123,0.1107913942683222,-0.10679680357127097
0.6106106106106106,0.1513396210013871,0.16963851254295093,0.91,0.04,-0.3775374123993771,-0.3155945785677261,0.6106112332116073,0.11068449073197373,-0.10679680357126387
0.6116116116116116,0.1509628731536785,0.169323840308116,0.91,0.04,-0.3757650579973131,-0.31313106943191826,0.6116122326120916,0.11057758719562524,-0.1079364931824216
0.6126126126126126,0.1505873386029941,0.16901162351505922,0.91,0.04,-0.37406505068207707,-0.3118281307688022,0.6126132320125759,0.11046840200204176,-0.11185190615693585
0.6136136136136137,0.150213994173334,0.16869955976603632,0.91,0.04,-0.3721527551075212,-0.31022763140340714,0.6136142314130602,0.110353659813613,-0.11462762952030658
0.6146146146146146,0.14984228804221825,0.16839054717591323,0.91,0.04,-0.3706789593874191,-0.30785660513572566,0.6146152308135445,0.11023891762518422,-0.1146276295203208
0.6156156156156156,0.14947189415454037,0.16808323022622507,0.91,0.04,-0.368828141956854,-0.30677481216925173,0.6156162302140288,0.11012417543675546,-0.11492583120713107
0.6166166166166166,0.14910389336362598,0.16777638338778664,0.91,0.04,-0.3668157609609466,-0.3049769734656138,0.616617229614513,0.11000883624890723,-0.11810081209907253
0.6176176176176176,0.1487375282667307,0.1674726657147824,0.91,0.04,-0.365217101093279,-0.3027848836438807,0.6176182290149974,0.1098877377525397,-0.1209775913041895
0.6186186186186187,0.14837272799607187,0.16717020744455563,0.91,0.04,-0.3636222415597814,-0.30177934623368685,0.6186192284154817,0.10976663925617218,-0.1209775913041824
0.6196196196196196,0.14800955581115552,0.16686850285945964,0.91,0.04,-0.3617594521131622,-0.2997593238514895,0.6196202278159659,0.10964554075980466,-0.12057044470892464
0.6206206206206206,0.1476484848486982,0.16657008867808618,0.91,0.04,-0.35986095177271693,-0.2975522927215053,0.6206212272164503,0.10952525737043264,-0.11709265111407063
0.6216216216216216,0.14728911346526422,0.16627280257373092,0.91,0.04,-0.3581231208954847,-0.2965987540668351,0.6216222266169346,0.10941112141267205,-0.11402200411445307
0.6226226226226226,0.14693152164370224,0.1659762973786531,0.91,0.04,-0.3563622706147953,-0.29459677115869454,0.6226232260174189,0.10929698545491146,-0.11402200411445307
0.6236236236236237,0.1465756754860554,0.1656830192480879,0.91,0.04,-0.3547413969967863,-0.29251997131770224,0.6236242254179032,0.10918284949715087,-0.11402200411445307
0.6246246246246246,0.14622132865672166,0.16539067181044947,0.91,0.04,-0.35268938243247305,-0.2916397388629548,0.6246252248183874,0.1090687135393903,-0.11124133590253393
0.6256256256256256,0.14586959063634075,0.16509915590702093,0.91,0.04,-0.3507275339609066,-0.2897543627899495,0.6256262242188718,0.10896014447605586,-0.10814351901123587
0.6266266266266266,0.14551917143157472,0.1648105829960552,0.91,0.04,-0.3496249304075718,-0.28779754478425446,0.6266272236193561,0.10885221034399727,-0.10782637033186404
0.6276276276276276,0.14516964082571499,0.1645229846461916,0.91,0.04,-0.34729578572495257,-0.2867133970156601,0.6276282230198403,0.10874427621193868,-0.10782637033187115
0.6286286286286287,0.1448238845732665,0.16423658220122905,0.91,0.04,-0.34510957518666885,-0.2850729805964676,0.6286292224203247,0.10863634207988006,-0.11037814863146878
0.6296296296296297,0.14447873076528117,0.16395226796832077,0.91,0.04,-0.34413526854253007,-0.28338428834648255,0.629630221820809,0.10852329929072534,-0.11623452364601405
0.6306306306306306,0.14413492507668488,0.1636692462886235,0.91,0.04,-0.34180585264923025,-0.28204712092599493,0.6306312212212933,0.10840364070290957,-0.11953912036097591
0.6316316316316316,0.14379443476398143,0.16338760906756805,0.91,0.04,-0.3399218336166143,-0.2805017649844359,0.6316322206217776,0.10828398211509381,-0.11953912036098302
0.6326326326326326,0.14345440088526024,0.16310768119355956,0.91,0.04,-0.33869563404793723,-0.27902727392452675,0.6326332200222619,0.10816432352727806,-0.12389072820321445
0.6336336336336337,0.14311636542654815,0.16282899590655797,0.91,0.04,-0.3362693852001968,-0.2775656021209443,0.6336342194227462,0.10803595302577984,-0.1344780857459824
0.6346346346346347,0.14278118890287742,0.16255199430242653,0.91,0.04,-0.33476984968166335,-0.27601428841971654,0.6346352188232305,0.10789509856085806,-0.14071383544648342
0.6356356356356356,0.14244615551727555,0.16227641474856055,0.91,0.04,-0.3333351780736109,-0.2748598967412903,0.6356362182237147,0.1077542440959363,-0.1407138354464763
0.6366366366366366,0.14211385120903638,0.16200172423888043,0.91,0.04,-0.3307379218195905,-0.2731900966158918,0.6366372176241991,0.10761338963101452,-0.14080742240468425
0.6376376376376376,0.14178401753565478,0.16172948762820843,0.91,0.04,-0.32950383970825214,-0.2715690189477016,0.6376382170246834,0.10747234780511464,-0.14090176859824766
0.6386386386386387,0.14145418386227313,0.1614580425192654,0.91,0.04,-0.32796607788971244,-0.2706380335170593,0.6386392164251677,0.10733130445922646,-0.14090252783361024
0.6396396396396397,0.1411274287911308,0.16118766974328935,0.91,0.04,-0.3254050162133808,-0.2690368943595587,0.639640215825652,0.1071902611133383,-0.1410108017885534
0.6406406406406406,0.14080272236835245,0.1609194301181452,0.91,0.04,-0.32426824948383626,-0.26748068895155086,0.6406412152261363,0.10704900100312217,-0.1411983005902684
0.6416416416416416,0.1404782431064785,0.16065217286851147,0.91,0.04,-0.3226636523245361,-0.26657991550591476,0.6416422146266206,0.10690758228485779,-0.1412775254370331
0.6426426426426426,0.14015674909042547,0.16038573659360883,0.91,0.04,-0.3202792136009407,-0.2651564958940327,0.6426432140271049,0.10676616356659342,-0.14085942377988658
0.6436436436436437,0.13983704347964976,0.16012132903288775,0.91,0.04,-0.31909878964162885,-0.26346194153636304,0.6436442134275892,0.10662558188734535,-0.13842916663048044
0.6446446446446447,0.13951791267472646,0.15985828525920165,0.91,0.04,-0.31740243021039305,-0.26240713478432554,0.6446452128280735,0.10648902854098011,-0.136417011138235
0.6456456456456456,0.13920160317892827,0.15959598942370992,0.91,0.04,-0.3150851050282739,-0.2615050143420774,0.6456462122285578,0.10635247519461488,-0.1364170111382208
0.6466466466466466,0.13888711166365886,0.15933475169695527,0.91,0.04,-0.31366512089745413,-0.25970500581792066,0.646647211629042,0.10621592184824967,-0.1322534649334557
0.6476476476476476,0.13857364497893337,0.15907605948213252,0.91,0.04,-0.31207658683609907,-0.2582685658997974,0.6476482110295264,0.10608770391639416,-0.12580116261691643
0.6486486486486487,0.13826233371203506,0.1588176975109697,0.91,0.04,-0.310135759524627,-0.2579533977270927,0.6486492104300107,0.10596406807153014,-0.12351240650514228
0.6496496496496497,0.13795275256747264,0.15855963626345965,0.91,0.04,-0.30853629164865026,-0.256239593506038,0.649650209830495,0.10584043222666611,-0.12351240650513517
0.6506506506506506,0.1376446434384642,0.15830470533177846,0.91,0.04,-0.3070595577231785,-0.254363417671712,0.6506512092309793,0.1057167963818021,-0.12629821162303045
0.6516516516516516,0.137338018718177,0.15805040019204483,0.91,0.04,-0.30535999349275755,-0.25398973926954227,0.6516522086314636,0.10558758335843234,-0.13001239710735746
0.6526526526526526,0.1370333121201604,0.15779621736527286,0.91,0.04,-0.30361608163391907,-0.2530850845463277,0.6526532080319479,0.1054565117186821,-0.1309407774738034
0.6536536536536537,0.1367301787149059,0.15754372334610625,0.91,0.04,-0.3023046345768847,-0.2510672503216824,0.6536542074324322,0.10532544007893188,-0.13236023301014654
0.6546546546546547,0.13642809763652297,0.15729358022749168,0.91,0.04,-0.3006915611724139,-0.24989297549596756,0.6546552068329164,0.10519152669089987,-0.15108942174821038
0.6556556556556556,0.13612819360745362,0.15704343710887708,0.91,0.04,-0.29887623985504774,-0.2498924974887018,0.6556562062334008,0.10502295923775293,-0.16839915494992397
0.6566566566566566,0.13582974680598237,0.156793294947234,0.91,0.04,-0.2977198273775059,-0.2480529735948096,0.6566572056338851,0.104854391784606,-0.16801375975664712
0.6576576576576576,0.13553215791700818,0.15654683455913773,0.91,0.04,-0.2960807796126943,-0.2460255870714576,0.6576582050343694,0.10468659589217388,-0.16625256899694563
0.6586586586586587,0.13523699249244342,0.15630075122937323,0.91,0.04,-0.29434472595907835,-0.24576650804205258,0.6586592044348537,0.10452155434081616,-0.16487677343052098
0.6596596596596597,0.13494287918635933,0.15605480951801248,0.91,0.04,-0.2930638540232877,-0.24502661238689427,0.659660203835338,0.10435651278945841,-0.16184437327333967
0.6606606606606606,0.13465027806997437,0.1558102074608309,0.91,0.04,-0.2915061261606411,-0.24327795623581494,0.6606612032358223,0.1041975420995794,-0.151764235127807
0.6616616616616616,0.13435928333818992,0.15556776656258545,0.91,0.04,-0.29030190855993965,-0.2420303084024482,0.6616622026363066,0.10405268097270262,-0.14471649713945567
0.6626626626626626,0.1340690930678524,0.15532566229886405,0.91,0.04,-0.2886050427759841,-0.24175350331179857,0.6626632020367909,0.10390781984582585,-0.14471649713944856
0.6636636636636637,0.13378149546476453,0.15508377556496422,0.91,0.04,-0.28694683591355385,-0.24053539379553968,0.6636642014372752,0.10376295871894907,-0.14581253168827857
0.6646646646646647,0.13349462492788527,0.154844109958933,0.91,0.04,-0.28610629451226544,-0.23898380850164358,0.6646652008377595,0.10361590333221972,-0.14693513906039612
0.6656656656656657,0.1332087100903656,0.15460532950189787,0.91,0.04,-0.2844263375388323,-0.2382851880172865,0.6656662002382437,0.10346879474673,-0.1469617118836979
0.6666666666666666,0.13292520283071044,0.15436706253547497,0.91,0.04,-0.28278980023516453,-0.2378380212796145,0.6666671996387281,0.10332168616124025,-0.1548608613506488
0.6676676676676676,0.13264256434414906,0.1541291773071439,0.91,0.04,-0.28174652931691924,-0.23648832075147652,0.6676681990392124,0.10315876348798904,-0.16610328623296056
0.6686686686686687,0.13236114571496085,0.15389361244388042,0.91,0.04,-0.28055251441659834,-0.23517989380529514,0.6686691984396967,0.10298914758136492,-0.1694465616483427
0.6696696696696697,0.1320808976486203,0.15365834668891507,0.91,0.04,-0.27879568037529623,-0.2346592378023047,0.669670197840181,0.1028195316747408,-0.16970326317488116
0.6706706706706707,0.1318029962047,0.15342382418001194,0.91,0.04,-0.27735871143210034,-0.23388113553747303,0.6706711972406653,0.10264940185196836,-0.17000060625184688
0.6716716716716716,0.13152562495306055,0.15319011618733855,0.91,0.04,-0.27691722116485096,-0.23276112884252598,0.6716721966411496,0.10247919066486065,-0.16966982863725377
0.6726726726726726,0.13124860737353916,0.15295783593408097,0.91,0.04,-0.27510919564502956,-0.2317588986252872,0.6726731960416339,0.10230972305847602,-0.1587281912119849
0.6736736736736737,0.13097485579261006,0.15272613440830893,0.91,0.04,-0.27319021669278243,-0.2311284452633373,0.6736741954421182,0.10216141701637435,-0.1481579729517577
0.6746746746746747,0.1307016800127928,0.15249511632394414,0.91,0.04,-0.27267388905691803,-0.23027726440224683,0.6746751948426025,0.10201311097427267,-0.1481579729517577
0.6756756756756757,0.13042896212082444,0.15226511886396008,0.91,0.04,-0.2717730979043296,-0.22932252905442851,0.6756761942430868,0.101864804932171,-0.14804214406873228
0.6766766766766766,0.13015758972669808,0.15203601216167303,0.91,0.04,-0.2697540557722249,-0.22843718400547175,0.6766771936435712,0.10171673077935424,-0.14789490430827357
0.6776776776776777,0.12988891396112026,0.15180778716424945,0.91,0.04,-0.26836642863275983,-0.22773501815252928,0.6776781930440554,0.10156871951107646,-0.14786349343084026
0.6786786786786787,0.12962031959930514,0.1515800861994057,0.91,0.04,-0.26829118699512833,-0.22691762215512767,0.6786791924445397,0.10142070824279868,-0.16178918949542975
0.6796796796796797,0.12935179446763653,0.15135349763040534,0.91,0.04,-0.2666643580295869,-0.22609970066038443,0.679680191845024,0.10124481774769692,-0.18791990632977473
0.6806806806806807,0.12908645702066734,0.15112743414603155,0.91,0.04,-0.26453266720004365,-0.2252829684219364,0.6806811912455083,0.10104449281564834,-0.20094017240391793
0.6816816816816816,0.12882219953830712,0.1509024806766077,0.91,0.04,-0.26399322487789334,-0.22451909201394926,0.6816821906459926,0.10084253576347786,-0.207265975999384
0.6826826826826827,0.12855794205594684,0.15067794647433194,0.91,0.04,-0.26377614446180075,-0.22378746439781594,0.6826831900464769,0.10062954658021597,-0.21277653429044818
0.6836836836836837,0.1282941191690142,0.15045445772486027,0.91,0.04,-0.26164960079817945,-0.22307866983028646,0.6836841894469612,0.10041655739695411,-0.19976454494621265
0.6846846846846847,0.12803411903132586,0.15023134253072776,0.91,0.04,-0.2597167266137461,-0.22228982823249055,0.6846851888474454,0.10022961820075763,-0.18476982974362954
0.6856856856856857,0.1277741657623801,0.15000943304371414,0.91,0.04,-0.25962301165235857,-0.22149125063789654,0.6856861882479298,0.1000466484193522,-0.18196032245016625
0.6866866866866866,0.12751435324223206,0.14978791660352478,0.91,0.04,-0.2588057833776105,-0.22085982566575524,0.6866871876484141,0.09986533385338853,-0.17845245352929595
0.6876876876876877,0.12725603606592842,0.14956727123056948,0.91,0.04,-0.25692056859550405,-0.22027626979287618,0.6876881870488984,0.09968938682135664,-0.17577136604352717
0.6886886886886887,0.12699999774954834,0.14934692307040587,0.91,0.04,-0.2556527953304695,-0.2194730026107834,0.6886891864493827,0.09951343978932478,-0.1808458280426848
0.6896896896896897,0.12674421865785943,0.1491278858399573,0.91,0.04,-0.25540150362093783,-0.21862658114146427,0.689690185849867,0.09932733369045503,-0.1910241005557225
0.6906906906906907,0.12648868342798492,0.14890923221726982,0.91,0.04,-0.25426914945198575,-0.21811137592287366,0.6906911852503513,0.0991310097690561,-0.19634211561590575
0.6916916916916916,0.12623517131160922,0.1486912264287003,0.91,0.04,-0.2526667195425176,-0.21766393390865346,0.6916921846508356,0.09893425701041235,-0.2010482088927219
0.6926926926926927,0.12598284414962152,0.14847346858582108,0.91,0.04,-0.2517975130370971,-0.2168434423972343,0.6926931840513199,0.09872851149591601,-0.205540097623242
0.6936936936936937,0.1257310721864098,0.14825710542290002,0.91,0.04,-0.2514134301370561,-0.21593890136708183,0.6936941834518042,0.09852276598141964,-0.21177219093036115
0.6946946946946947,0.12547951395915696,0.14804115847297408,0.91,0.04,-0.2501792145664581,-0.21552270995503875,0.6946951828522885,0.09830454382359492,-0.22061448038088116
0.6956956956956957,0.12523021289798847,0.14782562852609316,0.91,0.04,-0.24878316865126493,-0.2152155743767281,0.6956961822527729,0.09808109605622078,-0.22656297136676784
0.6966966966966966,0.12498144955745273,0.14761029646220988,0.91,0.04,-0.2480662519777752,-0.21440773558796877,0.6966971816532571,0.09785096502657475,-0.2326377559375743
0.6976976976976977,0.12473358376489983,0.14739638381020134,0.91,0.04,-0.2475519205497534,-0.21344125451564366,0.6976981810537414,0.09761535554777374,-0.23338188740085997
0.6986986986986987,0.12448585011691266,0.14718298664335971,0.91,0.04,-0.2463728752466352,-0.21307663716480363,0.6986991804542257,0.09738373476783044,-0.22944061732042798
0.6996996996996997,0.1242403447754171,0.14696980395601755,0.91,0.04,-0.24517306567129538,-0.21290247170583143,0.69970017985471,0.09715601570700476,-0.22609634837941428
0.7007007007007007,0.12399501314860177,0.14675675546877348,0.91,0.04,-0.24447578868412734,-0.21215361668102162,0.7007011792551943,0.09693109014947149,-0.22252460455129608
0.7017017017017017,0.12375090375703046,0.1465450719906902,0.91,0.04,-0.2438429165900189,-0.21111555628377232,0.7017021786556786,0.09671052171550704,-0.22391550307579422
0.7027027027027027,0.12350683914141453,0.14633410170243957,0.91,0.04,-0.24281497186916567,-0.21073008188398035,0.7027031780561629,0.09648281158079547,-0.2411273202182329
0.7037037037037037,0.12326478769723231,0.14612318994487639,0.91,0.04,-0.24179947459301587,-0.2106761162267219,0.7037041774566473,0.09622778510954934,-0.2611721757862142
0.7047047047047047,0.12302275610919629,0.14591232769597967,0.91,0.04,-0.24105144329017492,-0.21005362061211486,0.7047051768571315,0.09595994519802512,-0.2812445327413471
0.7057057057057057,0.12278220222517992,0.14570266217588318,0.91,0.04,-0.24031333013235923,-0.208931271098578,0.7057061762576158,0.0956647338922222,-0.2951883741678216
0.7067067067067067,0.12254164834116354,0.1454940468729595,0.91,0.04,-0.23947368888097742,-0.20840668762077996,0.7067071756581002,0.09536897842688125,-0.29566139934512137
0.7077077077077077,0.1223027754206134,0.1452854315700358,0.91,0.04,-0.23863377683774445,-0.20840668762073733,0.7077081750585844,0.09507282012524056,-0.2970680595279944
0.7087087087087087,0.12206390304218906,0.14507681626711216,0.91,0.04,-0.23781363055409344,-0.20804647785908514,0.7087091744590687,0.09477424852790015,-0.29145287971094547
0.7097097097097097,0.12182667205614074,0.14486892210485244,0.91,0.04,-0.23698006524073634,-0.20708106802527482,0.709710173859553,0.09448933180952039,-0.27621319545058753
0.7107107107107107,0.12158946847714255,0.14466223955434884,0.91,0.04,-0.2363208379413706,-0.20644376459576108,0.7107111732600373,0.09422127004179635,-0.25223973710220804
0.7117117117117117,0.12135355726546734,0.14445562127483091,0.91,0.04,-0.2356436714337562,-0.20638245702195945,0.7117121726605216,0.09398434815828516,-0.22834629428527364
0.7127127127127127,0.12111770937517308,0.1442490614622128,0.91,0.04,-0.23477793266367541,-0.20619655264307823,0.7127131720610059,0.0937641210344316,-0.2377514915457155
0.7137137137137137,0.12088353137424876,0.14404281536363353,0.91,0.04,-0.2338626733042588,-0.20543075894048002,0.7137141714614902,0.09350836995728214,-0.275977022857397
0.7147147147147147,0.12064951583502442,0.14383778867154118,0.91,0.04,-0.23333232586817587,-0.20473828829518936,0.7147151708619746,0.09321161536557619,-0.3380685250284259
0.7157157157157157,0.12041639959072889,0.1436329289005801,0.91,0.04,-0.23280595920488878,-0.2045700994186319,0.7157161702624588,0.09283155717553002,-0.3887792327098012
0.7167167167167167,0.12018343783861825,0.14342823892295534,0.91,0.04,-0.23195499410601172,-0.20446568665279585,0.7167171696629431,0.09243327980784971,-0.38273486888939345
0.7177177177177178,0.11995202522815429,0.1432235881865605,0.91,0.04,-0.23097069673675463,-0.20388425753951367,0.7177181690634274,0.09206532242692457,-0.3456227469932074
0.7187187187187187,0.11972103404134746,0.14302006223118452,0.91,0.04,-0.23048827583073717,-0.20318361127293372,0.7187191684639117,0.09174134348278182,-0.3376895152617223
0.7197197197197197,0.11949058723850318,0.1428168141900181,0.91,0.04,-0.23010051283461763,-0.20294364503290296,0.719720167864396,0.09138926842227096,-0.37031158857745794
0.7207207207207207,0.11926037235399087,0.14261376864753508,0.91,0.04,-0.22935065404423938,-0.20278369283023778,0.7207211672648803,0.09099998012646496,-0.40206637000214585
0.7217217217217217,0.11903142676994616,0.14241084083099861,0.91,0.04,-0.22831014814579476,-0.20243468393931607,0.7217221666653646,0.09058433203161687,-0.4058491029300768
0.7227227227227228,0.1188032949803256,0.14220849400501392,0.91,0.04,-0.22777329331253782,-0.20185571456694618,0.722723166065849,0.09018747070902475,-0.3689024220639041
0.7237237237237237,0.11857542418073184,0.14200672528632002,0.91,0.04,-0.22751168204666072,-0.20149286623075113,0.7237241654663332,0.08984578982497049,-0.34305608986444014
0.7247247247247247,0.11834781613738936,0.14180510488343087,0.91,0.04,-0.22696592451161024,-0.20129004475727186,0.7247251648668175,0.08950067282845119,-0.36364599004145504
0.7257257257257257,0.11812103794547338,0.1416037422137329,0.91,0.04,-0.2258820551124785,-0.20108386738596096,0.7257261642673019,0.08911777098893044,-0.41299132813829686
0.7267267267267267,0.11789559981083786,0.14140253457835386,0.91,0.04,-0.22517571067596975,-0.20061298137210315,0.7267271636677861,0.08867386468470789,-0.4633468224206183
0.7277277277277278,0.11767023572189786,0.14120211462339838,0.91,0.04,-0.22502547929162375,-0.20019791838345213,0.7277281630682704,0.08819015120601179,-0.48990226316226426
0.7287287287287287,0.11744509835079454,0.14100173794495355,0.91,0.04,-0.22479117428589035,-0.19998500283290355,0.7287291624687547,0.08769308094126523,-0.4967899011854868
0.7297297297297297,0.11722020334094513,0.14080174424735653,0.91,0.04,-0.22366077978456644,-0.1997471691273347,0.729730161869239,0.08719557841950512,-0.4987161676461369
0.7307307307307307,0.11699732902189652,0.1406018437124664,0.91,0.04,-0.22265144472956422,-0.19945278130160204,0.7307311612697233,0.08669465177161403,-0.5025266514463382
0.7317317317317317,0.11677445470284792,0.14040243937988586,0.91,0.04,-0.22260427821566253,-0.1991048952591825,0.7317321606702076,0.08618952066585477,-0.5073425081166789
0.7327327327327328,0.11655167481125456,0.14020323531354908,0.91,0.04,-0.222554433919953,-0.19885452484246002,0.7327331600706919,0.08567895267868403,-0.5124309358334642
0.7337337337337337,0.11632890028058572,0.1400043322230441,0.91,0.04,-0.22161597982122316,-0.19859265145588267,0.7337341594711763,0.08516363454673694,-0.5170031576703238
0.7347347347347347,0.11610799917597683,0.13980565242775153,0.91,0.04,-0.2204231351826067,-0.19837455891151023,0.7347351588716605,0.08464391297693105,-0.5217819119064728
0.7357357357357357,0.1158876127226626,0.139607185958957,0.91,0.04,-0.22016606686092643,-0.19810241111439097,0.7357361582721448,0.08411902778473312,-0.5267478001608481
0.7367367367367368,0.11566722626934835,0.13940905100409906,0.91,0.04,-0.22016606686091222,-0.19788206352514237,0.7367371576726292,0.08358936451259616,-0.5315661579455977
0.7377377377377378,0.11544683981603412,0.13921102567161936,0.91,0.04,-0.2197333035464979,-0.19761499754710599,0.7377381570731134,0.08305483297389053,-0.536897556091489
0.7387387387387387,0.11522731975574174,0.13901342538338415,0.91,0.04,-0.21868815908229777,-0.19738771651668685,0.7387391564735977,0.08251449624905807,-0.5421849473498668
0.7397397397397397,0.11500902568373723,0.13881585506798236,0.91,0.04,-0.21806756414918738,-0.19719899418859654,0.739740155874082,0.08196937935939286,-0.5470447996950298
0.7407407407407407,0.11479074805574338,0.1386186326022258,0.91,0.04,-0.21802805851892515,-0.19699609260999296,0.7407411552745663,0.0814193132159925,-0.5522503064289026
0.7417417417417418,0.11457253307408974,0.13842146849619058,0.91,0.04,-0.21799591542407626,-0.19679568666350633,0.7417421546750507,0.08086377490808762,-0.5572316076846491
0.7427427427427428,0.1143543197966361,0.13822464724354006,0.91,0.04,-0.21710786274202576,-0.1965390264569038,0.7427431540755349,0.08030373620554601,-0.5633668722614331
0.7437437437437437,0.11413788269822983,0.13802799697175233,0.91,0.04,-0.21622066130787232,-0.19638731324624814,0.7437441534760192,0.07973591510531484,-0.5709837588238003
0.7447447447447447,0.11392144559982356,0.13783147944925328,0.91,0.04,-0.21613349535735438,-0.19625121020462188,0.7447451528765036,0.0791606274050082,-0.5595876659554904
0.7457457457457457,0.11370518300782473,0.13763510165602738,0.91,0.04,-0.21602114989300958,-0.19611453145603264,0.7457461522769878,0.07861562126903511,-0.508976300731419
0.7467467467467468,0.11348897082526298,0.1374388577646566,0.91,0.04,-0.2155881377329294,-0.1958675440877471,0.7467471516774721,0.07814165746122251,-0.43294192192873737
0.7477477477477478,0.1132735751244755,0.1372429744406365,0.91,0.04,-0.21484456243247507,-0.19567189682099695,0.7477481510779564,0.07774887206044473,-0.37440722495765044
0.7487487487487487,0.11305885158115392,0.13704712223548543,0.91,0.04,-0.21445607524780996,-0.19559573400346153,0.7487491504784407,0.07739209464578328,-0.3610688688145274
0.7497497497497497,0.11284423363248791,0.1368513913895785,0.91,0.04,-0.21428350115253636,-0.19552410383211338,0.749750149878925,0.07702601261801098,-0.36160686072052073
0.7507507507507507,0.11262985558285056,0.13665568258817393,0.91,0.04,-0.21412747584414404,-0.19534093130246788,0.7507511492794093,0.07666815814419878,-0.34623238270881984
0.7517517517517518,0.1124155499971643,0.13646031845403803,0.91,0.04,-0.21351583803630803,-0.1951198982830249,0.7517521486798936,0.07633285580297142,-0.28148225416909867
0.7527527527527528,0.11220239644764271,0.13626505216118084,0.91,0.04,-0.21294039597207615,-0.19504617652664535,0.752753148080378,0.07610463100885831,-0.2238732034163604
0.7537537537537538,0.11198924289812112,0.13606983561814887,0.91,0.04,-0.21276437443601992,-0.1949996874717499,0.7537541474808622,0.07588466191816286,-0.21293554852928764
0.7547547547547547,0.1117764417440671,0.13587466239647264,0.91,0.04,-0.2125442973094991,-0.1949207818441181,0.7547551468813465,0.0756783342960191,-0.2037158564176238
0.7557557557557557,0.1115637287893934,0.13567960382266517,0.91,0.04,-0.2122363974695105,-0.19473696738634771,0.7557561462818309,0.07547682301787648,-0.18163897883105307
0.7567567567567568,0.11135154405143545,0.13548479859790138,0.91,0.04,-0.21174394562787313,-0.19460658058193303,0.7567571456823151,0.07531469327819015,-0.12530173157351499
0.7577577577577578,0.11113981698633456,0.13529000105873734,0.91,0.04,-0.21144878362949981,-0.19458713948202444,0.7577581450827994,0.07522596910150703,-0.08863559422733402
0.7587587587587588,0.11092822316328832,0.13509523475509455,0.91,0.04,-0.2111939750051519,-0.19456724533328895,0.7587591444832837,0.07513724492482389,-0.08863559422733402
0.7597597597597597,0.11071700622556349,0.13490047704405608,0.91,0.04,-0.21100572078710655,-0.19447963607015595,0.759760143883768,0.07504852074814077,-0.08863559422733402
0.7607607607607607,0.11050578928783866,0.13470588613433349,0.91,0.04,-0.21062702002851807,-0.19436748548986316,0.7607611432842524,0.07495979657145763,-0.08863559422734113
0.7617617617617618,0.11029533050979068,0.13451135294898128,0.91,0.04,-0.21024103067320965,-0.19433745705956085,0.7617621426847366,0.0748710723947745,-0.08582704296786403
0.7627627627627628,0.11008488632352792,0.13431682215623625,0.91,0.04,-0.21004211571023035,-0.19433522914530954,0.7627631420852209,0.07478797093434529,-0.08277828800613918
0.7637637637637638,0.10987482577363407,0.13412229343117285,0.91,0.04,-0.20976546607774793,-0.19432104385997206,0.7637641414857053,0.07470535036143996,-0.08253808430389853
0.7647647647647647,0.10966493544048939,0.13392779103739746,0.91,0.04,-0.2095640189337331,-0.1942746597744076,0.7647651408861895,0.07462272978853465,-0.08253808430389142
0.7657657657657657,0.10945527818818117,0.13373335517336624,0.91,0.04,-0.20927162910738417,-0.1942414281672029,0.7657661402866738,0.07454010921562934,-0.08253808430389142
0.7667667667667668,0.10924597322005418,0.13353891930933498,0.91,0.04,-0.20906788422463052,-0.19424142816721712,0.7667671396871582,0.07445748864272402,-0.08185640664051164
0.7677677677677678,0.10903672386540912,0.13334448344530372,0.91,0.04,-0.2087823147734582,-0.1942425534107315,0.7677681390876424,0.07437623278768343,-0.07446833104101103
0.7687687687687688,0.10882799060789511,0.13315004532853272,0.91,0.04,-0.2085245242565108,-0.19426718089125927,0.7687691384881268,0.07430840313326977,-0.06776193310489731
0.7697697697697697,0.10861925735038108,0.13295556016023616,0.91,0.04,-0.20835734229670066,-0.19429925639194323,0.769770137888611,0.07424057347885611,-0.06776193310489731
0.7707707707707707,0.1084108587914853,0.13276105782824857,0.91,0.04,-0.20814573798044478,-0.1943083782213364,0.7707711372890953,0.07417274382444244,-0.06776193310490441
0.7717717717717718,0.10820254916623605,0.13256655439803128,0.91,0.04,-0.2079667661705784,-0.19430942812205387,0.7717721366895797,0.07410491417002878,-0.06776193310490441
0.7727727727727728,0.1079945089092619,0.13237204996414034,0.91,0.04,-0.20768538194461428,-0.19434233578044768,0.7727731360900639,0.07403708451561512,-0.0677619331048902
0.7737737737737738,0.1077867626157964,0.13217748065272508,0.91,0.04,-0.20751554166780295,-0.19444336883171331,0.7737741354905482,0.07396925486120147,-0.06776193310489731
0.7747747747747747,0.10757906237939643,0.13198277395046323,0.91,0.04,-0.20737175899121496,-0.19451755426543116,0.7747751348910326,0.0739014252067878,-0.0666151733262339
0.7757757757757757,0.1073716039391373,0.13178805611966116,0.91,0.04,-0.20725098181889479,-0.19453303800477784,0.7757761342915168,0.07383589136407602,-0.06545947259751728
0.7767767767767768,0.10716414549887814,0.13159331841892213,0.91,0.04,-0.20702950659386232,-0.19454419488376118,0.7767771336920011,0.07377037542113553,-0.06545053164747827
0.7777777777777778,0.10695713045246288,0.13139857825202597,0.91,0.04,-0.20676541094749012,-0.19467214645861475,0.7777781330924854,0.07370485947819502,-0.06545053164746406
0.7787787787787788,0.1067502007322165,0.131203584391978,0.91,0.04,-0.20667732512714565,-0.19483710178360525,0.7787791324929697,0.07363934353525453,-0.06545053164747827
0.7797797797797797,0.10654336203378993,0.13100851398419092,0.91,0.04,-0.20658840424980696,-0.1948947616520229,0.7797801318934541,0.07357382759231403,-0.06545053164747827
0.7807807807807807,0.106336610333318,0.13081340468897093,0.91,0.04,-0.20650245506964637,-0.19493188059857403,0.7807811312939383,0.07350831164937352,-0.06545053164747117
0.7817817817817818,0.10612994370532218,0.13061825996897855,0.91,0.04,-0.20626895022825664,-0.19500821438326454,0.7817821306944226,0.07344279570643303,-0.0490512569909356
0.7827827827827828,0.10592365948201016,0.13042299785336878,0.91,0.04,-0.20607793908871486,-0.1952206907443923,0.782783130094907,0.07341011109169167,-0.023488165848938536
0.7837837837837838,0.10571737525869813,0.13022742775527607,0.91,0.04,-0.2060363221997008,-0.19538161496750206,0.7837841294953912,0.0733957724265665,-0.01432434936346283
0.7847847847847848,0.10551117435248124,0.13003184346904947,0.91,0.04,-0.20598720999279152,-0.19545200388070327,0.7847851288958755,0.07338143376144135,-0.014324349363469935
0.7857857857857857,0.10530498845190578,0.1298361324522116,0.91,0.04,-0.2058786254187268,-0.19553460636183218,0.7857861282963599,0.07336709509631618,-0.01432434936347704
0.7867867867867868,0.10509900493222353,0.12964038279565243,0.91,0.04,-0.2056810589883895,-0.1957212355058573,0.7867871276968441,0.07335275643119102,-0.014324349363469935
0.7877877877877878,0.10489321456003711,0.12944429814689454,0.91,0.04,-0.2055816397327206,-0.19595393958358898,0.7877881270973285,0.07333841776606585,-0.01432434936347704
0.7887887887887888,0.10468743007790378,0.1292480826163059,0.91,0.04,-0.20556448187939225,-0.1960901606905452,0.7887891264978127,0.0733240791009407,-0.014324349363469935
0.7897897897897898,0.10448167405577406,0.12905172525261918,0.91,0.04,-0.2055502661075863,-0.19621615154130723,0.789790125898297,0.07330974043581553,-0.014324349363469935
0.7907907907907907,0.10427591803364435,0.1288552574880951,0.91,0.04,-0.20544805717733539,-0.19636087215559428,0.7907911252987814,0.07329540177069037,-0.014324349363469935
0.7917917917917918,0.1040703666339976,0.1286586103934488,0.91,0.04,-0.2053250443004231,-0.19663094274024218,0.7917921246992656,0.0732810631055652,-0.01432434936346283
0.7927927927927928,0.10386485688389373,0.12846160194707357,0.91,0.04,-0.2053030930003743,-0.19684879597166116,0.7927931240997499,0.07326672444044005,-0.01432434936346283
0.7937937937937938,0.10365934943079366,0.1282645187098219,0.91,0.04,-0.20530073937572269,-0.19702271794447057,0.7937941235002343,0.07325238577531488,-0.014324349363469935
0.7947947947947948,0.10345384439265104,0.12806716207130886,0.91,0.04,-0.20529247527241523,-0.19717619013595566,0.7947951229007185,0.07323804711018972,-0.01432434936347704
0.7957957957957957,0.10324835348430235,0.12786977158242258,0.91,0.04,-0.20524347395772935,-0.19744133068933678,0.7957961223012028,0.07322370844506455,-0.01432434936347704
0.7967967967967968,0.10304294654688982,0.12767188413199088,0.91,0.04,-0.20520153047510092,-0.19772194352354688,0.7967971217016871,0.07320936977993939,-0.014324349363469935
0.7977977977977978,0.10283753960947731,0.12747393185564868,0.91,0.04,-0.20520153047509382,-0.197934351593112,0.7977981211021714,0.07319503111481424,-0.014324349363469935
0.7987987987987988,0.10263213267206481,0.1272756191638365,0.91,0.04,-0.2052015304750867,-0.19820330287753762,0.7987991205026558,0.07318069244968907,-0.01432434936347704
0.7997997997997998,0.10242672573465231,0.12707712844648444,0.91,0.04,-0.20521748550714136,-0.1984209332892135,0.79980011990314,0.0731663537845639,-0.014324349363469935
0.8008008008008007,0.10222128685523371,0.1268783800581524,0.91,0.04,-0.20525255960841804,-0.19869764214133312,0.8008011193036243,0.07315201511943874,-0.01432434936346283
0.8018018018018018,0.10201580969940022,0.1266793353691244,0.91,0.04,-0.20527180193310812,-0.1989412267372117,0.8018021187041087,0.07313767645431359,-0.014324349363469935
0.8028028028028028,0.10181033229680905,0.12648009932394375,0.91,0.04,-0.20527291107465118,-0.19930413503078626,0.8028031181045929,0.07312333778918842,-0.01432434936347704
0.8038038038038038,0.101604852920472,0.1262803280917855,0.91,0.04,-0.20527389696071197,-0.19962087178878107,0.8038041175050772,0.07310899912406325,-0.014324349363469935
0.8048048048048048,0.10139937354413496,0.12608045793898123,0.91,0.04,-0.20535911990265987,-0.1998633881834735,0.8048051169055616,0.07309466045893809,-0.014324349363469935
0.8058058058058059,0.10119372355129751,0.12588020118851528,0.91,0.04,-0.20547017632729592,-0.20009394410341486,0.8058061163060458,0.07308032179381294,-0.01432434936346283
0.8068068068068068,0.10098802183977598,0.1256798694622977,0.91,0.04,-0.20550169335939472,-0.20055272299136107,0.8068071157065302,0.07306598312868777,-0.014324349363469935
0.8078078078078078,0.10078230874977721,0.12547869423557964,0.91,0.04,-0.20551502955565581,-0.2010394219455094,0.8078081151070144,0.0730516444635626,-0.01432434936347704
0.8088088088088088,0.10057658033916406,0.12527738813708147,0.91,0.04,-0.2055375414411671,-0.20127437627640177,0.8088091145074987,0.07303730579843744,-0.014324349363469935
0.8098098098098098,0.10037082218032543,0.1250757425313226,0.91,0.04,-0.20571180439562653,-0.2015149730855299,0.8098101139079831,0.07302296713331229,-0.014324349363469935
0.8108108108108109,0.10016474489492856,0.12487395475753087,0.91,0.04,-0.20587120811146065,-0.20191645525069646,0.8108111133084673,0.07300862846818712,-0.01432434936347704
0.8118118118118118,0.0999586676095317,0.12467150538367351,0.91,0.04,-0.2059005853931879,-0.20253644666142634,0.8118121127089516,0.07299428980306195,-0.01432434936347704
0.8128128128128128,0.09975253151075802,0.12446847638583633,0.91,0.04,-0.2059398427023993,-0.2028969404360268,0.812813112109436,0.07297995113793679,-0.014324349363469935
0.8138138138138138,0.09954637563214953,0.12426530530272052,0.91,0.04,-0.20604224601638066,-0.2030864631937206,0.8138141115099202,0.07296561247281164,-0.014324349363469935
0.8148148148148148,0.09934003452173626,0.124061896879943,0.91,0.04,-0.20626666746827738,-0.20340829338170607,0.8148151109104045,0.07295127380768647,-0.014244249626031547
0.8158158158158159,0.09913342935093176,0.12385808149214653,0.91,0.04,-0.20640499526822964,-0.20411078097734503,0.8158161103108889,0.07293709550213962,-0.012778767166160776
0.8168168168168168,0.09892681130798603,0.12365326668779612,0.91,0.04,-0.20648407759618692,-0.20466057927303893,0.8168171097113731,0.07292569073114195,-0.011393384443721288
0.8178178178178178,0.09872004781420267,0.12344835060271102,0.91,0.04,-0.20655673028958432,-0.204831535371639,0.8178181091118575,0.0729142859601443,-0.011393384443721288
0.8188188188188188,0.09851328432041931,0.12324319354390896,0.91,0.04,-0.20675341043160955,-0.2050491352621293,0.8188191085123417,0.07290288118914665,-0.011393384443721288
0.8198198198198198,0.09830612707259785,0.12303784182340746,0.91,0.04,-0.20701491273971584,-0.20580059330931988,0.819820107912826,0.072891476418149,-0.011393384443721288
0.8208208208208209,0.09809884005067013,0.12283118034409049,0.91,0.04,-0.20713680976030702,-0.2066026346613583,0.8208211073133104,0.07288007164715134,-0.011393384443721288
0.8218218218218218,0.0978914387647694,0.12262422293519651,0.91,0.04,-0.20726990966412018,-0.20679624442353628,0.8218221067137946,0.07286866687615369,-0.011393384443721288
0.8228228228228228,0.0976838852765678,0.12241717384874808,0.91,0.04,-0.20737688814348587,-0.20685315607421018,0.8228231061142789,0.07285726210515603,-0.011393384443728394
0.8238238238238238,0.0974762698195372,0.12221010250261552,0.91,0.04,-0.20766219750218795,-0.20762530738858942,0.8238241055147633,0.07284585733415838,-0.011393384443721288
0.8248248248248248,0.09726814514142829,0.12200150756768985,0.91,0.04,-0.20791655343082027,-0.2086958240754342,0.8248251049152475,0.07283445256316072,-0.011393384443721288
0.8258258258258259,0.09706002046331934,0.12179229304500705,0.91,0.04,-0.20807673047327313,-0.20900530816009422,0.8258261043157319,0.07282304779216307,-0.011393384443728394
0.8268268268268268,0.09685157511045074,0.12158307852232428,0.91,0.04,-0.20827832833271742,-0.20900530816008,0.8268271037162161,0.07281164302116541,-0.011393384443728394
0.8278278278278278,0.09664304683302362,0.12137386399964153,0.91,0.04,-0.20846316358723982,-0.20963090746572988,0.8278281031167004,0.07280023825016776,-0.011393384443721288
0.8288288288288288,0.09643423143960542,0.1211633970258964,0.91,0.04,-0.20875882526784295,-0.21083064884859937,0.8288291025171848,0.0727888334791701,-0.011393384443721288
0.8298298298298298,0.09622511124690182,0.12095178061856326,0.91,0.04,-0.20896296200825049,-0.21141853317703863,0.829830101917669,0.07277742870817246,-0.011393384443721288
0.8308308308308309,0.09601588717132062,0.12074013669921564,0.91,0.04,-0.209247873685797,-0.21144903814877836,0.8308311013181533,0.07276602393717481,-0.011393384443721288
0.8318318318318318,0.09580619658486818,0.120528459220868,0.91,0.04,-0.20948089586599394,-0.21192129066375998,0.8318321007186377,0.07275461916617715,-0.011393384443728394
0.8328328328328328,0.09559650599841574,0.12031586985103995,0.91,0.04,-0.20973973297056858,-0.2131195169199671,0.8328331001191219,0.0727432143951795,-0.011393384443728394
0.8338338338338338,0.09538629721956174,0.12010179352132853,0.91,0.04,-0.21003205516202428,-0.21390832437199236,0.8338340995196062,0.07273180962418184,-0.011393384443721288
0.8348348348348348,0.09517602140349678,0.11988762495740234,0.91,0.04,-0.2102937197720962,-0.21404389233821774,0.8348350989200906,0.07272040485318419,-0.011393384443721288
0.8358358358358359,0.09496528877156954,0.11967327722035112,0.91,0.04,-0.21067710522164873,-0.21447525478371432,0.8358360983205748,0.07270900008218653,-0.011393384443721288
0.8368368368368369,0.09475424541706703,0.11945824506794542,0.91,0.04,-0.21092261909768695,-0.21565879646719566,0.8368370977210592,0.07269759531118888,-0.011393384443728394
0.8378378378378378,0.09454302126586847,0.11924152787807446,0.91,0.04,-0.21121094203189017,-0.21657455097256673,0.8378380971215434,0.07268619054019122,-0.011393384443721288
0.8388388388388388,0.09433140068827447,0.11902466238331567,0.91,0.04,-0.21142851210046132,-0.21682786025727552,0.8388390965220277,0.07267478576919358,-0.011393384443721288
0.8398398398398398,0.09411974096136305,0.1188074380677496,0.91,0.04,-0.21195011413456655,-0.21729930001347952,0.8398400959225121,0.07266338099819591,-0.011393384443721288
0.8408408408408409,0.0939070761354525,0.11858962874965505,0.91,0.04,-0.21245216108461307,-0.2184577987368712,0.8408410953229963,0.07265197622719827,-0.011393384443721288
0.8418418418418419,0.09369441130954198,0.1183700851173254,0.91,0.04,-0.21264862050851008,-0.21942919850252451,0.8418420947234806,0.0726405714562006,-0.011393384443721288
0.8428428428428428,0.0934813531714715,0.1181503310549553,0.91,0.04,-0.21290279302940007,-0.21982264677373564,0.842843094123965,0.07262916668520296,-0.011393384443721288
0.8438438438438438,0.09326817949166531,0.11792999973839902,0.91,0.04,-0.21329702532982964,-0.22042505994168238,0.8438440935244492,0.07261776191420531,-0.011393384443728394
0.8448448448448448,0.09305433209974014,0.11770903964366065,0.91,0.04,-0.21395199985078506,-0.22152150159335093,0.8448450929249336,0.07260635714320765,-0.011393384443728394
0.8458458458458459,0.09283984715963171,0.11748651324872263,0.91,0.04,-0.2143242040346749,-0.22248453047986771,0.8458460923254179,0.07259495237221,-0.011393384443728394
0.8468468468468469,0.0926252546141852,0.11726362516822546,0.91,0.04,-0.21452442064298083,-0.22305689538513462,0.8468470917259021,0.07258354760121234,-0.011393384443721288
0.8478478478478478,0.09241036884002615,0.11703995289760125,0.91,0.04,-0.21469230569102393,-0.22382172452279292,0.8478480911263865,0.0725721428302147,-0.011393384443728394
0.8488488488488488,0.09219544018837736,0.11681553362763929,0.91,0.04,-0.21547665823334938,-0.22484987307654336,0.8488490905268707,0.07256073805921703,-0.011393384443728394
0.8498498498498498,0.0919789841388583,0.11658980300155213,0.91,0.04,-0.21623959346955957,-0.2258143472016414,0.849850089927355,0.07254933328821939,-0.011393384443721288
0.8508508508508509,0.0917625280893392,0.11636345285246083,0.91,0.04,-0.21635062808852012,-0.22656671200210354,0.8508510893278394,0.07253792851722173,-0.011393384443721288
0.8518518518518519,0.09154584974829068,0.11613621599053688,0.91,0.04,-0.21648900343456035,-0.22747381093950025,0.8518520887283236,0.07252652374622408,-0.011393384443721288
0.8528528528528528,0.0913291166710518,0.11590804982755694,0.91,0.04,-0.21706703097989077,-0.2284663359603698,0.852853088128808,0.07251511897522642,-0.011393384443721288
0.8538538538538538,0.09111128111770032,0.11567882592855416,0.91,0.04,-0.21801588484229484,-0.22951953722139962,0.8538540875292923,0.07250371420422877,-0.011393384443721288
0.8548548548548548,0.0908926484331293,0.11544855125454112,0.91,0.04,-0.2184371952573656,-0.23047145517828937,0.8548550869297765,0.07249230943323111,-0.011393384443728394
0.8558558558558559,0.09067396941548338,0.11521742161388292,0.91,0.04,-0.2184984808873196,-0.2315027068523392,0.8558560863302609,0.07248090466223346,-0.011393384443721288
0.8568568568568569,0.09045521403695847,0.11498508237195383,0.91,0.04,-0.21873580937808157,-0.23247290560318135,0.8568570857307451,0.0724694998912358,-0.011393384443721288
0.8578578578578578,0.09023605988719895,0.11475201039145413,0.91,0.04,-0.2198667301327788,-0.23369712771641105,0.8578580851312294,0.07245809512023815,-0.01504992270952954
0.8588588588588588,0.09001504040305902,0.11451722025440347,0.91,0.04,-0.22079846465578612,-0.23486646471584294,0.8588590845317138,0.07243936996401665,-0.019468575161361912
0.8598598598598598,0.0897940209189191,0.1142818072588899,0.91,0.04,-0.22079846465579323,-0.23588973282306114,0.859860083932198,0.07241911905610855,-0.020230689347364716
0.8608608608608609,0.08957300143477914,0.11404496853703998,0.91,0.04,-0.22079846465578612,-0.2369034853004024,0.8608610833326823,0.07239886814820046,-0.02023068934735761
0.8618618618618619,0.08935198195063922,0.1138075260070372,0.91,0.04,-0.22183551194940065,-0.23821095632148115,0.8618620827331667,0.07237861724029236,-0.02023068934735761
0.8628628628628628,0.08912888629574131,0.11356806972558557,0.91,0.04,-0.22310294892338334,-0.2395341033599223,0.8628630821336509,0.07235836633238428,-0.02023068934735761
0.8638638638638638,0.08890532940024207,0.11332797825256288,0.91,0.04,-0.22335473693227925,-0.24031153555483087,0.8638640815341353,0.07233811542447618,-0.02023068934735761
0.8648648648648649,0.08868172966524625,0.11308696555030062,0.91,0.04,-0.22338696315171092,-0.24147979641297468,0.8648650809346196,0.07231786451656809,-0.020230689347364716
0.8658658658658659,0.08845810825279117,0.11284453521670104,0.91,0.04,-0.22404388016188648,-0.2431502649990449,0.8658660803351038,0.07229761360866,-0.020230689347371822
0.8668668668668669,0.08823319336862587,0.11260017823298522,0.91,0.04,-0.2253097165179625,-0.24441371296057923,0.8668670797355882,0.0722773627007519,-0.020230689347364716
0.8678678678678678,0.08800703774925171,0.11235521847403723,0.91,0.04,-0.22598430139090908,-0.24500550013739542,0.8678680791360724,0.0722571117928438,-0.02023068934735761
0.8688688688688688,0.08778077234482025,0.11210967673120867,0.91,0.04,-0.22612825542360326,-0.24672572346037214,0.8688690785365567,0.07223686088493572,-0.02023068934735761
0.8698698698698699,0.08755432852918443,0.11186127308172418,0.91,0.04,-0.22653499459991622,-0.24858586079980682,0.8698700779370411,0.07221660997702763,-0.020230689347364716
0.8708708708708709,0.08732724883210768,0.11161200734021803,0.91,0.04,-0.22778458118075662,-0.2493288530287998,0.8708710773375253,0.07219635906911953,-0.020230689347364716
0.8718718718718719,0.08709830334163537,0.11136211621880368,0.91,0.04,-0.22875769821732206,-0.25037226950713887,0.8718720767380097,0.07217610816121144,-0.020230689347364716
0.8728728728728729,0.08686927546230325,0.11111076155541898,0.91,0.04,-0.22903084216261504,-0.2526063730678487,0.872873076138494,0.07215585725330334,-0.020230689347364716
0.8738738738738738,0.08663978313710563,0.11085639775420339,0.91,0.04,-0.22932638072745704,-0.25420002007409437,0.8738740755389782,0.07213560634539525,-0.020230689347364716
0.8748748748748749,0.086410163588975,0.11060185260632167,0.91,0.04,-0.23054470627314316,-0.2544401169861885,0.8748750749394626,0.07211535543748715,-0.020230689347371822
0.8758758758758759,0.0861782321735958,0.11034700813060738,0.91,0.04,-0.23169948396383688,-0.2566813448274985,0.8758760743399469,0.07209510452957905,-0.02023068934735761
0.8768768768768769,0.08594630075821659,0.11008797604010045,0.91,0.04,-0.23210973560716752,-0.2591581680942241,0.8768770737404311,0.07207485362167097,-0.02023068934735761
0.8778778778778779,0.0857135480182261,0.10982817295924759,0.91,0.04,-0.23253019440993938,-0.2595432777720319,0.8778780731409155,0.07205460271376288,-0.020230689347371822
0.8788788788788788,0.08548077484348199,0.1095683698783947,0.91,0.04,-0.23360275930764374,-0.2609790353017303,0.8788790725413997,0.07203435180585478,-0.020230689347364716
0.8798798798798799,0.085245874826419,0.10930569240809296,0.91,0.04,-0.23477430979865233,-0.2637988620715106,0.879880071941884,0.07201410089794669,-0.02023068934735761
0.8808808808808809,0.08501075620524642,0.10904024402840165,0.91,0.04,-0.23538711056697537,-0.26522037095125484,0.8808810713423684,0.07199384999003859,-0.020508390990244152
0.8818818818818819,0.08477462935981846,0.10877472069447684,0.91,0.04,-0.23597371914558352,-0.26595092606940085,0.8818820707428526,0.07197304312377444,-0.026502626063162893
0.8828828828828829,0.08453833634709712,0.10850780974197644,0.91,0.04,-0.23696626462105286,-0.2685848875243195,0.882883070143337,0.07194079176443761,-0.03221915949321641
0.8838838838838838,0.08430022242364019,0.10823701321194569,0.91,0.04,-0.23807492591347312,-0.270810014488994,0.8838840695438213,0.07190854040510081,-0.032219159493209304
0.8848848848848849,0.08406170986879186,0.10796564755080727,0.91,0.04,-0.23889286729011872,-0.27129807091767333,0.8848850689443055,0.071876289045764,-0.0322191594932022
0.8858858858858859,0.08382195842506135,0.1076938739308292,0.91,0.04,-0.23966518509039503,-0.2739071333004617,0.8858860683447899,0.07184403768642719,-0.032219159493209304
0.8868868868868869,0.0835818996884307,0.10741728492157714,0.91,0.04,-0.24065358947132154,-0.2766744420781322,0.8868870677452741,0.07181178632709037,-0.03221915949321641
0.8878878878878879,0.08334016945715081,0.10713997114388601,0.91,0.04,-0.24170363474561185,-0.27753446889082767,0.8878880671457584,0.07177953496775356,-0.032219159493209304
0.8888888888888888,0.08309800852777885,0.10686166035923314,0.91,0.04,-0.24272407494675718,-0.2797647779174426,0.8888890665462428,0.07174728360841676,-0.0322191594932022
0.8898898898898899,0.08285423537317331,0.10657988149840565,0.91,0.04,-0.24372272203988388,-0.28237673752295933,0.889890065946727,0.07171503224907995,-0.03221915949321641
0.8908908908908909,0.0826100751503216,0.10629634156539336,0.91,0.04,-0.24473950384928855,-0.28384651959390794,0.8908910653472114,0.07168278088974313,-0.032219159493209304
0.8918918918918919,0.08236426639649806,0.10601162019791736,0.91,0.04,-0.24572689089353617,-0.2861192286387393,0.8918920647476957,0.07165052953040632,-0.032219159493209304
0.8928928928928929,0.08211812942280701,0.10572353029684735,0.91,0.04,-0.24701240382262313,-0.2887558762226021,0.8928930641481799,0.07161827817106951,-0.032219159493209304
0.8938938938938938,0.08186974706952585,0.10543353035562988,0.91,0.04,-0.24829074226363446,-0.29057481686819386,0.8938940635486643,0.0715860268117327,-0.0322191594932022
0.8948948948948949,0.08162105085971663,0.10514179893174584,0.91,0.04,-0.2492212001433245,-0.29315132265144683,0.8948950629491486,0.0715537754523959,-0.03221915949321641
0.8958958958958959,0.08137080572789755,0.10484664082079213,0.91,0.04,-0.2500686233930196,-0.2959205871944661,0.8958960623496328,0.07152152409305908,-0.03327479690010904
0.8968968968968969,0.08112041297504594,0.10454936532374892,0.91,0.04,-0.251581203691579,-0.29821617806240397,0.8968970617501172,0.07148715934889942,-0.04254212281782088
0.8978978978978979,0.08086713965444094,0.10424961143528182,0.91,0.04,-0.25309961928338254,-0.30102709164066255,0.8978980611506014,0.07143635481418714,-0.05075381132865431
0.8988988988988988,0.08061370703053466,0.10394670848362748,0.91,0.04,-0.25378732756310285,-0.30368909117780873,0.8988990605510857,0.07138555027947487,-0.05075381132866141
0.8998998998998999,0.08035905691657685,0.10364162526675767,0.91,0.04,-0.2547856043554404,-0.30611082385239996,0.8999000599515701,0.07133474574476258,-0.0507538113286472
0.9009009009009009,0.08010362574053376,0.10333387400144046,0.91,0.04,-0.25652327089935056,-0.30895888360906554,0.9009010593520543,0.07128394121005031,-0.05075381132865431
0.9019019019019019,0.07984549681467627,0.10302308896323603,0.91,0.04,-0.25806226622572126,-0.31185511153164924,0.9019020587525387,0.07123313667533802,-0.05075381132866141
0.9029029029029029,0.0795869845669087,0.10270953944381955,0.91,0.04,-0.25859587278311835,-0.31462201911254795,0.902903058153023,0.07118233214062575,-0.05075381132865431
0.9039039039039038,0.07932778735965502,0.1023932150510988,0.91,0.04,-0.2599573972971143,-0.3173014580192799,0.9039040575535072,0.07113152760591347,-0.05075381132865431
0.9049049049049049,0.07906654933708462,0.10207430128962679,0.91,0.04,-0.2619928665821263,-0.3206497426487829,0.9049050569539916,0.0710807230712012,-0.0507538113286472
0.9059059059059059,0.07880327711624735,0.10175127362437449,0.91,0.04,-0.26325014878813846,-0.32394370050915455,0.9059060563544759,0.07102991853648892,-0.060816336272665694
0.9069069069069069,0.07853952201218345,0.10142576535267153,0.91,0.04,-0.26360931193655546,-0.3263357724129392,0.9069070557549601,0.07095896883890403,-0.07667227059054937
0.9079079079079079,0.078275530746004,0.10109794875467894,0.91,0.04,-0.265725706042403,-0.33015795410886284,0.9079080551554445,0.07087642074269909,-0.08246567996442877
0.9089089089089089,0.07800753861670318,0.10076478846756873,0.91,0.04,-0.2680933147763298,-0.3337677247332991,0.9089090545559287,0.07079387264649417,-0.08246567996442877
0.9099099099099099,0.07773880739309844,0.1004297451015592,0.91,0.04,-0.26861694688543736,-0.3365779609950792,0.9099100539564131,0.07071132455028924,-0.08246567996443588
0.9109109109109109,0.07746976695126682,0.1000909587158268,0.91,0.04,-0.2694892457581446,-0.34068928171691226,0.9109110533568974,0.07062877645408432,-0.08246567996443588
0.9119119119119119,0.07719928938357264,0.09974768447750133,0.91,0.04,-0.27219756853155275,-0.3435111269820652,0.9119120527573816,0.07054622835787938,-0.0857554334176811
0.9129129129129129,0.07692482687412659,0.09940324875189875,0.91,0.04,-0.2741880469365938,-0.3478642868894468,0.912913052157866,0.07045709417920558,-0.08986475388334725
0.9139139139139139,0.07665036436468056,0.09905125947872367,0.91,0.04,-0.2741880469366009,-0.352367260288716,0.9139140515583503,0.0703663192283556,-0.09068432089576817
0.914914914914915,0.07637590185523449,0.09869780879136077,0.91,0.04,-0.2764357344705033,-0.3551621924663735,0.9149150509588345,0.07027554427750561,-0.09068432089576106
0.9159159159159159,0.07609693947084568,0.09834022405837053,0.91,0.04,-0.2794121734918491,-0.36017234259588093,0.9159160503593189,0.07018476932665563,-0.09068432089576106
0.9169169169169169,0.07581651812452009,0.09797674304041808,0.91,0.04,-0.28019568399258077,-0.3638403691711787,0.9169170497598031,0.07009399437580564,-0.09293026024268158
0.9179179179179179,0.07553598715054022,0.09761181491088071,0.91,0.04,-0.28117893518086134,-0.36844758369057473,0.9179180491602875,0.06999872305707608,-0.09746538573126173
0.9189189189189189,0.07525359733336723,0.09723911024023676,0.91,0.04,-0.2840661049629034,-0.37321246211706693,0.9189190485607718,0.06989886879043572,-0.09975457187292847
0.91991991991992,0.07496728623970357,0.09686464281455023,0.91,0.04,-0.2862226562294339,-0.37739269927953245,0.919920047961256,0.06979901452379535,-0.09975457187292847
0.9209209209209209,0.07468057900257755,0.09648356930073818,0.91,0.04,-0.2865320570516019,-0.38284131125083576,0.9209210473617404,0.06969916025715497,-0.09975457187292847
0.9219219219219219,0.07439364848784852,0.096098193742977,0.91,0.04,-0.28931544659516106,-0.3870949156734014,0.9219220467622247,0.0695993059905146,-0.10520003640182551
0.9229229229229229,0.07410136889928394,0.09570860450459524,0.91,0.04,-0.2922804410512754,-0.39260987612857434,0.9229230461627089,0.06948854991041667,-0.11329984525724512
0.9239239239239239,0.07380850245971785,0.09531218798496185,0.91,0.04,-0.2929766419622766,-0.39791162143827563,0.9239240455631933,0.06937247983615966,-0.1159541895837819
0.924924924924925,0.07351482907553562,0.09491198464185593,0.91,0.04,-0.2951689324280409,-0.4035438807046887,0.9249250449636776,0.06925640976190266,-0.1159541895837819
0.9259259259259259,0.07321757366606808,0.09450429232789537,0.91,0.04,-0.29787786078043155,-0.40922481942705247,0.9259260443641618,0.06914033968764566,-0.12372389003500217
0.9269269269269269,0.07291847700190114,0.09409271573409408,0.91,0.04,-0.2996347443511169,-0.4152366170800974,0.9269270437646462,0.06900871468240141,-0.13857545283932637
0.9279279279279279,0.0726177043080078,0.0936729877891965,0.91,0.04,-0.3016294689236716,-0.42204988961172774,0.9279280431651304,0.06886291179721764,-0.1456573151924303
0.9289289289289289,0.07231461420125317,0.0932477710101467,0.91,0.04,-0.3041306731392197,-0.42830580584696065,0.9289290425656148,0.06871710891203385,-0.14657438105766118
0.92992992992993,0.07200883409151285,0.0928155187084218,0.91,0.04,-0.3065660614288035,-0.4346095297696877,0.9299300419660991,0.0685694700620875,-0.15074038950740487
0.9309309309309309,0.0717008683325268,0.09237768186145859,0.91,0.04,-0.3086077776577554,-0.4411250384991092,0.9309310413665833,0.0684153268329825,-0.15398933209193189
0.9319319319319319,0.07139100070280864,0.09193238549821339,0.91,0.04,-0.31124083578257,-0.44879556299071055,0.9319320407670677,0.06826118360387748,-0.1548581004505465
0.9329329329329329,0.07107776355618534,0.0914791922458616,0.91,0.04,-0.314274127071279,-0.4560092309713184,0.932933040167552,0.06810530110156023,-0.16392444770048797
0.933933933933934,0.0707618232712345,0.09101945410487738,0.91,0.04,-0.316560696900801,-0.4632306163169062,0.9339340395680362,0.06793300705613167,-0.17212202659182196
0.934934934934935,0.07044400840723475,0.09055180362460648,0.91,0.04,-0.3190688540064812,-0.47139973101509725,0.9349350389685206,0.0677607130107031,-0.1720755322692753
0.9359359359359359,0.07012304678673706,0.09007571089964199,0.91,0.04,-0.3221805264541544,-0.4798385375709131,0.9359360383690049,0.06758851204685255,-0.17192088906677583
0.9369369369369369,0.0697990023482675,0.08959116591175181,0.91,0.04,-0.324733206531441,-0.4881922158550793,0.9369370377694892,0.06741652759692995,-0.17181274018683013
0.9379379379379379,0.06947293025714459,0.08909834910613834,0.91,0.04,-0.3271127296935248,-0.4969900148389357,0.9379380371699735,0.06724454314700738,-0.17181358944485225
0.938938938938939,0.06914412200854071,0.08859619090706924,0.91,0.04,-0.3304747796731391,-0.5068065803826869,0.9389390365704577,0.06707255699687126,-0.17181528641390287
0.93993993993994,0.06881131908662776,0.08808372131758438,0.91,0.04,-0.33353262243943504,-0.516380984840147,0.9399400359709421,0.06690056914961866,-0.17181613412493135
0.9409409409409409,0.06847638903068401,0.08756239514162352,0.91,0.04,-0.33562843065638504,-0.5266509788662788,0.9409410353714264,0.06672858130236609,-0.17436794230716401
0.9419419419419419,0.0681393902965249,0.0870293650035378,0.91,0.04,-0.3394112507586513,-0.5372232591974182,0.9419420347719106,0.06655148473819238,-0.1780117611635177
0.9429429429429429,0.06779688702716319,0.08648687310118827,0.91,0.04,-0.3430597676912086,-0.5478376450453055,0.942943034172395,0.0663722019699584,-0.17931648056721627
0.943943943943944,0.06745258395480073,0.085932592941385,0.91,0.04,-0.3450967936427034,-0.5609109324735329,0.9439440335728793,0.06619249335910289,-0.19439841693344562
0.944944944944945,0.06710600255540601,0.0853639282914314,0.91,0.04,-0.3491324702544105,-0.5727586468763022,0.9449450329733635,0.06598301657234745,-0.2092676445701187
0.9459459459459459,0.06675362005038751,0.08478592898367472,0.91,0.04,-0.3528639209856408,-0.5856642613731609,0.9459460323738479,0.06577353978559199,-0.21272960415326736
0.9469469469469469,0.0663995682791585,0.08419142726766132,0.91,0.04,-0.3556054721045925,-0.6014502356499207,0.9469470317743321,0.0655571321599021,-0.21757092296499536
0.9479479479479479,0.06604169718331127,0.08358182440779903,0.91,0.04,-0.3598571310728147,-0.6155556923493606,0.9479480311748165,0.06533796305869043,-0.2309533698754791
0.948948948948949,0.065679133582316,0.08295908353923413,0.91,0.04,-0.36285386547833554,-0.6303270770540337,0.9489490305753008,0.06509476379033173,-0.2541370792346527
0.94994994994995,0.06531526301818945,0.08231990833762075,0.91,0.04,-0.36700938241469316,-0.6475859796470118,0.949950029975785,0.06482918093078101,-0.2666854279063884
0.950950950950951,0.06494438006396828,0.08166261511151242,0.91,0.04,-0.3717125863806743,-0.6650251033249504,0.9509510293762694,0.06456085988342733,-0.26862711143211726
0.9519519519519519,0.06457109367608602,0.08098852674938264,0.91,0.04,-0.3740827185574602,-0.6824011115491899,0.9519520287767537,0.06429138977578625,-0.2691701119656642
0.9529529529529529,0.06419546571250193,0.08029644672002258,0.91,0.04,-0.3794294175710853,-0.7011734299977022,0.9529530281772379,0.06402198164201552,-0.2691390966526548
0.953953953953954,0.06381147522249024,0.07958477613877658,0.91,0.04,-0.3836064995216475,-0.7222425590661956,0.9539540275777223,0.06375257362699385,-0.2691574009086892
0.954954954954955,0.06342748473247858,0.07885051567084096,0.91,0.04,-0.3875035847790187,-0.7445477451179485,0.9549550269782066,0.06348312884812449,-0.2691857784866052
0.955955955955956,0.06303569226997971,0.0780941900624644,0.91,0.04,-0.39324023331099767,-0.7673286218692823,0.9559560263786909,0.06321366402122586,-0.26921503737301933
0.9569569569569569,0.06264021699812225,0.07731432223366526,0.91,0.04,-0.3964818238400589,-0.7921257445098888,0.9569570257791752,0.06294416066610098,-0.2692448080604066
0.9579579579579579,0.06224193486489452,0.07650835273611832,0.91,0.04,-0.4020541564490756,-0.8201928661836675,0.9579580251796594,0.06267463623832192,-0.2692637632800654
0.958958958958959,0.06183530377199795,0.07567229447353775,0.91,0.04,-0.40674114246048276,-0.849591246990478,0.9589590245801438,0.06240509493486998,-0.26914448359131526
0.95995995995996,0.06142763828339202,0.07480746935875995,0.91,0.04,-0.41189950681843257,-0.877352080556193,0.9599600239806281,0.06213580930488479,-0.2689783241338404
0.960960960960961,0.061010680134723834,0.07391583385180367,0.91,0.04,-0.4179462389214663,-0.8928582082221723,0.9609610233811123,0.06186660065246751,-0.2754762826919155
0.9619619619619619,0.060590909076342056,0.07301996543839528,0.91,0.04,-0.42269954362251383,-0.895064070880629,0.9619620227815967,0.061584306117240285,-0.30989944154382343
0.9629629629629629,0.06016443480214625,0.07212391378998063,0.91,0.04,-0.42902391430677156,-0.8953254025243069,0.962963022182081,0.06124618234207594,-0.41759133652475455
0.963963963963964,0.05973200234099314,0.07122752219009831,0.91,0.04,-0.4346452551017421,-0.8957430488682405,0.9639640215825652,0.060748288762222886,-0.5025406084533373
0.964964964964965,0.05929427413127186,0.07033063441286698,0.91,0.04,-0.4410239454984257,-0.8963419612252821,0.9649650209830496,0.06024009664651431,-0.4705540252899496
0.965965965965966,0.0588490715191745,0.06943304378924695,0.91,0.04,-0.44731631122978754,-0.8971243062079921,0.9659660203835339,0.05980624016780144,-0.4016282630288508
0.9669669669669669,0.05839874598066169,0.06853458975579396,0.91,0.04,-0.45378967093400036,-0.8980547344795724,0.9669670197840182,0.05943603734549544,-0.3728673391997468
0.9679679679679679,0.05794058368947682,0.0676351364129115,0.91,0.04,-0.4606280091643704,-0.8991310794274696,0.9679680191845025,0.05905976020180319,-0.37608476554848735
0.968968968968969,0.0574765677841364,0.0667345275347179,0.91,0.04,-0.46740677078723536,-0.900424437810706,0.9689690185849867,0.058683116095804844,-0.37569876513960665
0.96996996996997,0.057004834398611454,0.06583248488576288,0.91,0.04,-0.47487992641807253,-0.9018976026625651,0.9699700179854711,0.0583076117244683,-0.37544538322751464
0.970970970970971,0.05652585722073688,0.06492892672858668,0.91,0.04,-0.48214641822178095,-0.9034831033810633,0.9709710173859554,0.05793147488875415,-0.3796465164548941
0.9719719719719719,0.05603957630407338,0.06402370990401905,0.91,0.04,-0.49018659033831824,-0.9052292727378699,0.9719720167864396,0.05754755985373373,-0.4366394920479948
0.9729729729729729,0.05554450268552505,0.06311665591229469,0.91,0.04,-0.4980953466355338,-0.9072199778125487,0.972973016186924,0.0570573231492185,-0.5146074885918281
0.973973973973974,0.05504238842292113,0.062207453692182064,0.91,0.04,-0.5066207478334803,-0.9093728367286147,0.9739740155874083,0.056517316278603416,-0.5127265745221337
0.974974974974975,0.05453024693410664,0.0612960896725977,0.91,0.04,-0.5153453699554831,-0.9116105092287938,0.9749750149878926,0.05603084516180044,-0.43263949967251847
0.975975975975976,0.05401066596054782,0.06038240762765999,0.91,0.04,-0.5242581727211828,-0.9140470562868188,0.9759760143883769,0.05565117251900736,-0.42075435481873313
0.9769769769769769,0.05348068102275294,0.059466165635987486,0.91,0.04,-0.53399288158327,-0.9167285812306574,0.9769770137888611,0.05518849544795105,-0.511166446965305
0.9779779779779779,0.052941611142563315,0.05854711517274381,0.91,0.04,-0.543179778225948,-0.9195405809186141,0.9779780131893455,0.05462781790508741,-0.5937176691958044
0.978978978978979,0.052393234019297553,0.05762524355206628,0.91,0.04,-0.5541411500121995,-0.9224369520227427,0.9789790125898298,0.05399987338610717,-0.6292526424794112
0.97997997997998,0.05183221945084716,0.05670039454807359,0.91,0.04,-0.5634866165921011,-0.9255779032521261,0.979980011990314,0.05336805486933736,-0.6294882559350867
0.980980980980981,0.05126513268477886,0.05577223473674675,0.91,0.04,-0.5758986279860636,-0.9289502480651102,0.9809810113907984,0.052739638652501294,-0.6279096038984484
0.9819819819819819,0.050679269244668874,0.05484063429168702,0.91,0.04,-0.588982995456881,-0.9324073620548319,0.9819820107912827,0.05211098059521598,-0.6283355309872469
0.9829829829829829,0.05008598754872907,0.05390555333123161,0.91,0.04,-0.5993801797218481,-0.9359624317629311,0.9829830101917669,0.051481711672858914,-0.6277669710760136
0.983983983983984,0.049479308924905374,0.052966835629498915,0.91,0.04,-0.6139625958788315,-0.939821813633742,0.9839840095922513,0.05085419187183409,-0.6094940505166981
0.984984984984985,0.04885683320262526,0.052024028178811646,0.91,0.04,-0.6275229749663076,-0.9438849783158823,0.9849850089927356,0.050261505314526965,-0.6706109468695018
0.985985985985986,0.0482230066727206,0.051077176013250944,0.91,0.04,-0.6418189526522795,-0.9479731801372857,0.9859860083932199,0.04951162956028489,-0.7909094882420433
0.986986986986987,0.0475719103744926,0.05012618397433264,0.91,0.04,-0.6584004434713329,-0.9521980825267455,0.9869870077937042,0.04867810546739169,-0.8335106798197067
0.9879879879879879,0.04690488766677202,0.04917087354572997,0.91,0.04,-0.6741051679552541,-0.9567787874316913,0.9879880071941884,0.04784294217869138,-0.8240479511648182
0.988988988988989,0.046222350478686246,0.048210710926421284,0.91,0.04,-0.6900768123840919,-0.9615216379055838,0.9889890065946728,0.04702836245721907,-0.8083010330764324
0.98998998998999,0.04552335250684386,0.04724590530167469,0.91,0.04,-0.7086359187518347,-0.966238035165965,0.9899900059951571,0.04622472447965066,-0.8234625297374407
0.990990990990991,0.04480365995065458,0.046276300445608584,0.91,0.04,-0.7275246645644842,-0.9711772998718651,0.9909910053956413,0.045379791460042215,-0.838395954014814
0.991991991991992,0.04406684667187996,0.04530160640303236,0.91,0.04,-0.7471699071028084,-0.9764488246459706,0.9919920047961257,0.044546256784976056,-0.7902637919754483
0.992992992992993,0.04330782430079906,0.04432144794381478,0.91,0.04,-0.7687481329401677,-0.9818268312765319,0.99299300419661,0.04379768429605843,-0.7546277069782903
0.993993993993994,0.042527811370698394,0.043335987121197385,0.91,0.04,-0.7911124199361339,-0.9872019271408767,0.9939940035970943,0.043035493020427806,-0.8189876470763515
0.994994994994995,0.04172401565227831,0.04234506770929856,0.91,0.04,-0.8152489614995098,-0.9928695806333181,0.9949950029975786,0.04215807200860347,-0.9164122098670937
0.995995995995996,0.04089568131764636,0.04134826023304264,0.91,0.04,-0.8403780607894653,-0.9988319252765763,0.9959960023980629,0.04120083687508098,-0.9672606207317642
0.996996996996997,0.04004157709213928,0.04034540419523139,0.91,0.04,-0.8673079812547684,-1.0048310615937126,0.9969970017985472,0.0402216174056743,-0.9747315542348431
0.997997997997998,0.03915932900282194,0.03933658643605817,0.91,0.04,-0.8966992859547496,-1.0108648560620104,0.9979980011990315,0.039249425472236525,-0.9717796920764492
0.998998998998999,0.03824638332646404,0.038321650729641714,0.91,0.04,-0.9287348369095767,-1.0172749248110762,0.9989990005995157,0.03827611562733169,-0.9737395803101663
1.0,0.0373,0.0373,0.91,0.04,-0.9454369431375956,-1.0206290789120953,1.0,0.037299999999999986,-0.9751410708732552
