sto_original_raw,p_original_raw,sto_reconstructed_raw,p_reconstructed_raw
1.0,0.0373,0.0,1.0
0.9994906156366183,0.037781590795397696,0.001001001001001001,0.7749979578140903
0.9989812312732366,0.0382631815907954,0.002002002002002002,0.7507585987494706
0.9984535414127563,0.038744772386193095,0.0030030030030030025,0.7313585483303388
0.9979243362170085,0.0392263631815908,0.004004004004004004,0.7151505875811509
0.9973777880817909,0.039707953976988494,0.005005005005005005,0.7011995682039068
0.996828109498149,0.04018954477238619,0.006006006006006005,0.6887974984327295
0.996262142887844,0.04067113556778389,0.007007007007007006,0.677596968321077
0.9956913287289645,0.04115272636318159,0.008008008008008008,0.6673841186470043
0.9951053740146073,0.04163431715857929,0.009009009009009009,0.6579550351860933
0.9945127495717858,0.04211590795397699,0.01001001001001001,0.6491426083033329
0.9939062289623811,0.042597498749374685,0.011011011011011011,0.6408481692144579
0.9932911094135067,0.04307908954477239,0.01201201201201201,0.6330170695997193
0.9926634386276137,0.043560680340170084,0.013013013013013011,0.6255593755889912
0.9920251314451225,0.04404227113556779,0.014014014014014012,0.6184158944913059
0.9913757191438219,0.04452386193096548,0.015015015015015013,0.6115449874059156
0.9907135216867433,0.04500545272636318,0.016016016016016016,0.6049289740055344
0.9900417702336168,0.04548704352176088,0.017017017017017015,0.5985144089612682
0.9893549736003001,0.04596863431715858,0.018018018018018018,0.59227647987844
0.9886602806843922,0.04645022511255628,0.019019019019019017,0.586195281224763
0.9879481701940971,0.04693181590795398,0.02002002002002002,0.5802564293208261
0.9872299290508254,0.047413406703351674,0.02102102102102102,0.5744325594357483
0.9864917842437219,0.04789499749874937,0.022022022022022022,0.5687085724517646
0.985749159327764,0.04837658829414707,0.023023023023023025,0.5630747536325141
0.9849828433854927,0.048858179089544776,0.02402402402402402,0.5575182017637826
0.9842141971665833,0.04933976988494247,0.025025025025025023,0.5520246170804198
0.9834196628932466,0.04982136068034017,0.026026026026026022,0.5465850692322067
0.9826249551351175,0.050302951475737864,0.027027027027027025,0.5411944238186966
0.9818021134364182,0.05078454227113557,0.028028028028028024,0.5358440934067302
0.9809792717377188,0.05126613306653326,0.029029029029029027,0.5305282184453028
0.9801294416923462,0.051747723861930967,0.030030030030030023,0.5252435335247572
0.979277570182091,0.05222931465732866,0.03103103103103103,0.5199914724084131
0.978400317042021,0.05271090545272636,0.03203203203203203,0.5147705883629681
0.9775186976683342,0.05319249624812406,0.03303303303303303,0.5095843420014897
0.9766134184114057,0.053674087043521765,0.03403403403403403,0.5044388776530196
0.9757013398646823,0.05415567783891946,0.035035035035035036,0.49934767567051885
0.9747674383509755,0.05463726863431716,0.036036036036036036,0.49431889017244485
0.9738241984718359,0.05511885942971485,0.037037037037037035,0.4893665694731493
0.9728610859134567,0.055600450225112556,0.038038038038038034,0.48451021149881507
0.9718859921743371,0.05608204102051025,0.03903903903903904,0.47977062037885704
0.9708930906333166,0.056563631815907955,0.04004004004004004,0.47515845033669524
0.9698854663991495,0.05704522261130565,0.04104104104104104,0.4706882591664166
0.9688622099581791,0.05752681340670335,0.04204204204204204,0.4663785724691155
0.9678213940048024,0.05800840420210105,0.043043043043043044,0.46223693851859854
0.9667672301428715,0.05848999499749875,0.044044044044044044,0.45825968186671245
0.9656925805097549,0.05897158579289645,0.04504504504504504,0.4544453512881644
0.9646066629004503,0.059453176588294146,0.04604604604604605,0.4508047670483682
0.9634965864852426,0.05993476738369184,0.04704704704704705,0.4473176105464557
0.9623776285665833,0.060416358179089545,0.04804804804804804,0.44397320436460885
0.9612307928075539,0.06089794897448724,0.04904904904904904,0.4407649188274057
0.9600780633106554,0.061379539769884944,0.050050050050050046,0.43768911193648785
0.9588955426368685,0.06186113056528264,0.051051051051051045,0.4347232005611689
0.9577098098294148,0.06234272136068034,0.052052052052052045,0.43185844100571236
0.9564910793069035,0.06282431215607803,0.053053053053053044,0.42908578017773674
0.9552718989617809,0.06330590295147573,0.05405405405405405,0.42639813086555767
0.9540164697758879,0.06378749374687344,0.05505505505505505,0.4237801928743077
0.952761040589995,0.06426908454227113,0.05605605605605605,0.4212246146615947
0.9514708490126064,0.06475067533766883,0.057057057057057055,0.4187259362639816
0.9501782728023012,0.06523226613306653,0.058058058058058054,0.416274702349822
0.9488534256841421,0.06571385692846424,0.05905905905905905,0.41386324652796036
0.9475232969499751,0.06619544772386193,0.06006006006006006,0.4114858943453981
0.9461634884976489,0.06667703851925963,0.061061061061061066,0.40913841239504467
0.9447954498992496,0.06715862931465733,0.06206206206206206,0.4068142896360662
0.9434004134742371,0.06764022011005502,0.06306306306306307,0.4045088592851107
0.9419941587198599,0.06812181090545272,0.06406406406406406,0.402218635087892
0.9405636700580291,0.06860340170085041,0.06506506506506506,0.3999413313326902
0.9391189487204603,0.06908499249624812,0.06606606606606606,0.3976731749240011
0.9376528271425714,0.06956658329164582,0.06706706706706705,0.3954124724429321
0.9361694456223111,0.07004817408704353,0.06806806806806806,0.3931582522560103
0.9346674814076538,0.07052976488244123,0.06906906906906905,0.3909105354630184
0.9331451502686343,0.07101135567783892,0.07007007007007007,0.388669274315758
0.9316061473966484,0.07149294647323662,0.07107107107107107,0.3864355900166081
0.9300422039233618,0.07197453726863431,0.07207207207207207,0.3842117491487793
0.9284656695023512,0.07245612806403201,0.07307307307307306,0.3820010591101045
0.9268628881393698,0.0729377188594297,0.07407407407407407,0.37980647789562044
0.9252505078374188,0.0734193096548274,0.07507507507507506,0.37763134565240847
0.9236089805685843,0.07390090045022511,0.07607607607607607,0.37548140477996667
0.9219608456684844,0.07438249124562281,0.07707707707707707,0.37336043109465417
0.9202807424953477,0.0748640820410205,0.07807807807807808,0.3712723384650217
0.9185970044951977,0.07534567283641821,0.07907907907907907,0.3692221221986101
0.9168785744002002,0.07582726363181591,0.08008008008008008,0.36721528941965303
0.9151594457351676,0.07630885442721361,0.08108108108108107,0.36525279138795846
0.9134030205343672,0.0767904452226113,0.08208208208208208,0.36333669576072447
0.9116465953335667,0.077272036018009,0.08308308308308307,0.36146964605558296
0.9098547722716358,0.0777536268134067,0.08408408408408408,0.3596591453708572
0.9080607670962981,0.07823521760880439,0.08508508508508508,0.3578988356638486
0.9062346730923462,0.0787168084042021,0.08608608608608609,0.35618914643240196
0.9044035916864431,0.0791983991995998,0.08708708708708708,0.3545319849489475
0.9025437226185092,0.0796799899949975,0.08808808808808809,0.3529282965042489
0.9006761563755377,0.0801615807903952,0.08908908908908908,0.35137438691936357
0.8987830770410205,0.0806431715857929,0.09009009009009009,0.3498694350887063
0.8968797069303652,0.0811247623811906,0.09109109109109108,0.3484137334549429
0.8949540529959981,0.08160635317658829,0.0920920920920921,0.34700417419576807
0.8930156524524763,0.08208794397198599,0.09309309309309309,0.3456374867536403
0.8910570971771886,0.08256953476738368,0.0940940940940941,0.34431188674879043
0.8890826852003503,0.08305112556278138,0.09509509509509509,0.3430310216836525
0.8870919723734867,0.08353271635817909,0.09609609609609608,0.34178740810426544
0.8850838268877939,0.08401430715357679,0.09709709709709709,0.34058176846461274
0.8830626633956978,0.08449589794897448,0.09809809809809808,0.33941116104405267
0.8810225147568784,0.08497748874437219,0.09909909909909909,0.33827659131786464
0.8789721758009005,0.08545907953976989,0.10010010010010009,0.3371729316394465
0.8769011774189095,0.08594067033516758,0.1011011011011011,0.3360996500434311
0.8748226626671336,0.08642226113056528,0.10210210210210209,0.33505553163211205
0.8727220570462231,0.08690385192596298,0.1031031031031031,0.3340413063981847
0.8706164341432716,0.08738544272136067,0.10410410410410409,0.3330520163670588
0.8684875490292647,0.08786703351675837,0.1051051051051051,0.33208818291699804
0.8663559510190096,0.08834862431215607,0.10610610610610609,0.33114939439654184
0.8642001965097549,0.08883021510755378,0.10710710710710711,0.3302349956834944
0.8620438198648325,0.08931180590295147,0.1081081081081081,0.32934179187665746
0.8598626869654327,0.08979339669834918,0.1091091091091091,0.3284694346411199
0.857681554066033,0.09027498749374688,0.1101101101101101,0.32761852379035966
0.8554778465662831,0.09075657828914457,0.1111111111111111,0.3267863774173054
0.8532729023731866,0.09123816908454227,0.1121121121121121,0.32597177535860045
0.8510486324352177,0.09171975987993997,0.1131131131131131,0.3251741012642502
0.8488215158019009,0.09220135067533766,0.11411411411411411,0.32439496415749636
0.8465781245390195,0.09268294147073536,0.11511511511511512,0.32363206726949156
0.8443305407784892,0.09316453226613305,0.11611611611611611,0.3228843046295701
0.8420691318245123,0.09364612306153076,0.11711711711711711,0.32215106168389107
0.8398023118828414,0.09412771385692846,0.1181181181181181,0.3214325703006505
0.8375243062477239,0.09460930465232616,0.11911911911911911,0.32072818994664276
0.8352400700565282,0.09509089544772387,0.1201201201201201,0.3200371840967658
0.8329474960587794,0.09557248624312156,0.12112112112112111,0.3193589377784342
0.8306485236708354,0.09605407703851926,0.12212212212212213,0.3186929204035359
0.8283432806331665,0.09653566783391695,0.12312312312312311,0.3180390789354284
0.8260314940773387,0.09701725862931465,0.12412412412412412,0.3173959671805455
0.8237152244612307,0.09749884942471235,0.12512512512512514,0.316763491959201
0.8213925804409206,0.09798044022011004,0.12612612612612614,0.3161423250394118
0.8190669506750875,0.09846203101550775,0.12712712712712712,0.3155310481327416
0.8167354323811906,0.09894362181090545,0.12812812812812813,0.31492801089867806
0.8144021274286143,0.09942521260630315,0.12912912912912913,0.31433660624135135
0.8120637373156578,0.09990680340170084,0.1301301301301301,0.31375379871737297
0.8097244553936468,0.10038839419709855,0.13113113113113112,0.3131780234007235
0.8073812065111556,0.10086998499249625,0.13213213213213212,0.3126131098733833
0.8050376534862431,0.10135157578789394,0.13313313313313313,0.3120556691248299
0.8026915646628314,0.10183316658329164,0.1341341341341341,0.31150568432156095
0.8003454504862432,0.10231475737868934,0.13513513513513511,0.3109646605546775
0.7979985342898449,0.10279634817408705,0.13613613613613612,0.31043024113573525
0.7956516180934468,0.10327793896948474,0.13713713713713713,0.3099040027148609
0.7933058222306154,0.10375952976488244,0.1381381381381381,0.3093853082452216
0.7909600801525764,0.10424112056028013,0.1391391391391391,0.30887198513303965
0.7886171457233617,0.10472271135567783,0.14014014014014015,0.30836711478893675
0.7862746023713857,0.10520430215107554,0.14114114114114115,0.3078674622917272
0.7839365527427714,0.10568589294647324,0.14214214214214213,0.30737442259069253
0.7815996175156078,0.10616748374187093,0.14314314314314314,0.3068871688686641
0.7792679662297148,0.10664907453726863,0.14414414414414414,0.30640598687473475
0.7769383208424212,0.10713066533266632,0.14514514514514515,0.30593029350801365
0.7746146126931466,0.10761225612806403,0.14614614614614613,0.30546053230648856
0.7722941242732366,0.10809384692346173,0.14714714714714713,0.3049953901821304
0.7699799111508754,0.10857543771885943,0.14814814814814814,0.30453634313741834
0.767670394814057,0.10905702851425712,0.14914914914914915,0.3040819701271298
0.765367186855928,0.10953861930965482,0.15015015015015012,0.3036329480748444
0.7630704023349675,0.11002021010505252,0.15115115115115113,0.30318734808801207
0.7607796625581791,0.11050180090045023,0.15215215215215214,0.302748785612161
0.758497303607904,0.11098339169584792,0.15315315315315314,0.30231300772893954
0.7562204436890445,0.11146498249124562,0.15415415415415415,0.30188294957431056
0.7539541366415708,0.11194657328664331,0.15515515515515516,0.3014552162899591
0.7516925141194598,0.11242816408204101,0.15615615615615616,0.30103457955164287
0.7494438096971485,0.11290975487743872,0.15715715715715717,0.3006158323466731
0.7471987234769385,0.11339134567283642,0.15815815815815815,0.3002032072387035
0.744969094866033,0.11387293646823411,0.15915915915915915,0.2997931773023035
0.7427417832276139,0.11435452726363181,0.16016016016016016,0.2993883249514761
0.7405326183727865,0.1148361180590295,0.16116116116116114,0.29898672405577237
0.7383242539227614,0.11531770885442721,0.16216216216216214,0.298588551535494
0.7361368560087044,0.11579929964982491,0.16316316316316315,0.29819474757040915
0.7339494580946474,0.1162808904452226,0.16416416416416416,0.29780311201439946
0.7317855084419711,0.1167624812406203,0.16516516516516513,0.2974164127543324
0.7296225276628315,0.117244072036018,0.16616616616616614,0.2970311950198711
0.7274812888897949,0.11772566283141571,0.16716716716716715,0.296651386473708
0.7253429068053027,0.1182072536268134,0.16816816816816815,0.2962735013391314
0.7232249110561781,0.1186888444222111,0.16916916916916916,0.2958991508819344
0.721111777813907,0.1191704352176088,0.17017017017017017,0.2955277883085008
0.7190177652165584,0.1196520260130065,0.17117117117117117,0.29515904839712487
0.71693079005993,0.1201336168084042,0.17217217217217218,0.29479360052477416
0.7148614681051526,0.1206152076038019,0.17317317317317316,0.29443068858882343
0.7128014644410205,0.1210967983991996,0.17417417417417416,0.2940708836044599
0.7107574653716859,0.12157838919459729,0.17517517517517517,0.2937138701550028
0.7087251483623813,0.12205997998999499,0.17617617617617617,0.2933592762101344
0.7067070294344172,0.1225415707853927,0.17717717717717715,0.2930070395250802
0.7047030174425213,0.1230231615807904,0.17817817817817816,0.29265810274721626
0.7027112613136068,0.12350475237618809,0.17917917917917917,0.2923110402131275
0.700736075901951,0.12398634317158579,0.18018018018018017,0.291967030607392
0.6987710913032517,0.12446793396698348,0.18118118118118115,0.29162514972573816
0.6968251591612806,0.12494952476238119,0.18218218218218216,0.2912851615254855
0.6948872817102552,0.1254311155577789,0.18318318318318316,0.29094851599497257
0.692970934654027,0.12591270635317658,0.1841841841841842,0.2906131755396398
0.6910604274202101,0.12639429714857428,0.18518518518518517,0.2902806035111893
0.689173905281941,0.12687588794397198,0.18618618618618618,0.2899508229015254
0.6872910899475737,0.1273574787393697,0.1871871871871872,0.2896219163739189
0.6854356255997,0.12783906953476737,0.1881881881881882,0.2892966667853728
0.6835815001651826,0.1283206603301651,0.18918918918918917,0.288972854599895
0.6817572457903953,0.12880225112556276,0.19019019019019018,0.2886502613077893
0.6799329914156078,0.12928384192096048,0.19119119119119118,0.28833145104898644
0.6781377297755878,0.12976543271635818,0.19219219219219216,0.2880131455956134
0.6763434746546274,0.13024702351175588,0.19319319319319317,0.28769680160543354
0.6745758133369686,0.13072861430715357,0.19419419419419418,0.28738364984201975
0.6728114389984993,0.13121020510255127,0.19519519519519518,0.28707073104830644
0.6710712141755879,0.13169179589794897,0.19619619619619616,0.2867604169271192
0.6693365241305653,0.13217338669334666,0.19719719719719717,0.28645229699137814
0.6676235143356678,0.13265497748874439,0.19819819819819817,0.2861446425287682
0.6659182374484743,0.13313656828414205,0.1991991991991992,0.2858398023584837
0.6642321659159579,0.13361815907953978,0.20020020020020018,0.2855364922695153
0.6625559597755378,0.13409974987493745,0.2012012012012012,0.2852338799716715
0.6608964984691346,0.13458134067033517,0.2022022022022022,0.28493408012105403
0.6592489556496748,0.13506293146573287,0.2032032032032032,0.28463544239350813
0.6576157261852926,0.13554452226113056,0.20420420420420418,0.28433761966030785
0.6559963737646324,0.13602611305652826,0.2052052052052052,0.2840425107143269
0.654388949983892,0.13650770385192595,0.2062062062062062,0.2837483858688784
0.6527972558042021,0.13698929464732365,0.2072072072072072,0.28345525534416055
0.6512151670952477,0.13747088544272135,0.20820820820820818,0.28316438855915255
0.649650543134167,0.13795247623811907,0.20920920920920918,0.2828745531754051
0.6480933653901951,0.13843406703351674,0.2102102102102102,0.2825860054018887
0.6465554894634817,0.13891565782891446,0.2112112112112112,0.28229904060734656
0.6450231252970486,0.13939724862431213,0.21221221221221218,0.2820132794959504
0.643512544491846,0.13987883941970986,0.2132132132132132,0.281728911132295
0.6420050880496249,0.14036043021510755,0.21421421421421422,0.28144582475550967
0.6405194064517259,0.14084202101050525,0.21521521521521522,0.28116382827186803
0.6390349073330667,0.14132361180590294,0.2162162162162162,0.28088346614027293
0.6375733438022012,0.14180520260130064,0.2172172172172172,0.2806041509634263
0.6361117802713356,0.14228679339669836,0.2182182182182182,0.28032558732223795
0.6346728757625314,0.14276838419209603,0.21921921921921922,0.2800493137189112
0.6332346101495748,0.14324997498749376,0.2202202202202202,0.2797736310483605
0.6318164589546275,0.14373156578289142,0.2212212212212212,0.27949877472925927
0.6304006393254628,0.14421315657828915,0.2222222222222222,0.2792259898211992
0.6290024945099549,0.14469474737368684,0.22322322322322322,0.2789539468696615
0.6276082381086543,0.14517633816908454,0.2242242242242242,0.27868235851264045
0.6262293314909956,0.14565792896448224,0.2252252252252252,0.2784128390866363
0.6248557281109556,0.14613951975987993,0.2262262262262262,0.2781441783374873
0.6234952732448225,0.14662111055527763,0.22722722722722719,0.2778759159977425
0.6221413895630815,0.14710270135067532,0.22822822822822822,0.2776090072574862
0.620798582756228,0.14758429214607305,0.22922922922922923,0.27734376577000425
0.6194634632966484,0.14806588294147072,0.23023023023023023,0.2770786369621283
0.6181374865068033,0.14854747373686844,0.2312312312312312,0.2768142504641959
0.6168201589375688,0.1490290645322661,0.23223223223223222,0.2765520434379866
0.6155101811327164,0.14951065532766383,0.23323323323323322,0.2762900873238801
0.6142096562663332,0.14999224612306153,0.23423423423423423,0.27602813120977354
0.612915175188094,0.15047383691845923,0.2352352352352352,0.2757686136123
0.6116313937888944,0.15095542771385692,0.2362362362362362,0.2755097284282483
0.6103518300934467,0.15143701850925462,0.23723723723723722,0.2752509099491375
0.6090828730221111,0.1519186093046523,0.23823823823823823,0.2749932309241916
0.6078167506116059,0.15240020010005,0.2392392392392392,0.27473707574892825
0.606561417743872,0.15288179089544773,0.24024024024024018,0.27448116515772286
0.6053077427510255,0.1533633816908454,0.2412412412412412,0.274225364832641
0.6040650068537269,0.15384497248624313,0.24224224224224222,0.27397183986622636
0.6028229089002002,0.1543265632816408,0.24324324324324323,0.2737184989902862
0.6015917388874437,0.15480815407703852,0.24424424424424426,0.2734655259318735
0.6003605688746873,0.15528974487243621,0.24524524524524524,0.27321362197380783
0.5991397069729865,0.1557713356678339,0.24624624624624622,0.27296266962282517
0.5979190693509254,0.1562529264632316,0.24724724724724725,0.2727122581505695
0.5967070034508254,0.1567345172586293,0.24824824824824823,0.27246213651507756
0.5954958661703851,0.15721610805402703,0.2492492492492492,0.2722135068094508
0.5942917216288144,0.1576976988494247,0.2502502502502503,0.2719652217296167
0.5930890521593296,0.15817928964482242,0.25125125125125125,0.27171750133664135
0.5918919586535267,0.1586608804402201,0.2522522522522523,0.2714705260529964
0.5906967302434216,0.1591424712356178,0.25325325325325326,0.27122427699883295
0.5895058196358178,0.1596240620310155,0.25425425425425424,0.270978738259972
0.5883170079414708,0.1601056528264132,0.2552552552552553,0.2707335987436211
0.587131417109855,0.1605872436218109,0.25625625625625625,0.27048932552346017
0.5859480054930966,0.1610688344172086,0.25725725725725723,0.2702454829539413
0.5847669468716358,0.1615504252126063,0.25825825825825827,0.27000244406189355
0.5835880602819911,0.162032016008004,0.25925925925925924,0.2697598216145253
0.5824106815427714,0.16251360680340168,0.2602602602602602,0.26951788184172903
0.5812351945025513,0.16299519759879938,0.26126126126126126,0.26927661631330213
0.5800605373070535,0.1634767883941971,0.26226226226226224,0.26903598309750815
0.578887310854027,0.1639583791895948,0.26326326326326327,0.26879584830945225
0.5777144570011005,0.1644399699849925,0.26426426426426425,0.2685559422004363
0.5765425125427714,0.1649215607803902,0.2652652652652652,0.2683171593829679
0.575370635751876,0.1654031515757879,0.26626626626626626,0.2680786235517632
0.5741990072171086,0.16588474237118558,0.26726726726726724,0.2678404869672605
0.5730272907908954,0.16636633316658328,0.2682682682682682,0.2676027349722741
0.5718550241483242,0.16684792396198098,0.26926926926926925,0.2673659517229134
0.5706826608449225,0.16732951475737867,0.27027027027027023,0.2671293560986534
0.5695088169924963,0.16781110555277637,0.27127127127127126,0.26689300615016587
0.5683349731400701,0.1682926963481741,0.27227227227227224,0.2666573337299628
0.567158665365933,0.1687742871435718,0.2732732732732732,0.2664223803097474
0.5659823196493247,0.16925587793896948,0.27427427427427425,0.266187562192968
0.5648028753416708,0.16973746873436718,0.27527527527527523,0.2659528260957831
0.5636231185174587,0.17021905952976488,0.2762762762762762,0.2657191688647809
0.562439781481941,0.17070065032516257,0.27727727727727725,0.2654858678806765
0.5612557211623813,0.17118224112056027,0.2782782782782782,0.26525262602739286
0.5600677478305653,0.17166383191595797,0.27927927927927926,0.2650194558309525
0.5588785080020011,0.17214542271135566,0.2802802802802803,0.26478761416480256
0.5576850915569286,0.17262701350675336,0.28128128128128127,0.26455582922712356
0.5564897008507254,0.17310860430215108,0.2822822822822823,0.26432404428944445
0.5552898800261631,0.17359019509754878,0.2832832832832833,0.26409260918181054
0.5540871373548775,0.17407178589294647,0.28428428428428426,0.26386214497575167
0.5528802871940971,0.17455337668834417,0.2852852852852853,0.2636317426362694
0.5516697374544273,0.17503496748374187,0.2862862862862863,0.263401360953996
0.5504553193342171,0.17551655827913956,0.2872872872872873,0.26317146888862386
0.5492361669381691,0.17599814907453726,0.2882882882882883,0.262942235079539
0.5480135146473737,0.17647973986993495,0.28928928928928926,0.2627130755478353
0.5467849847153577,0.17696133066533265,0.2902902902902903,0.2624839796355735
0.5455534482874939,0.17744292146073035,0.2912912912912913,0.26225544846293003
0.5443147876115058,0.17792451225612807,0.29229229229229226,0.26202731620267256
0.5430737342056028,0.17840610305152577,0.2932932932932933,0.26179931916483784
0.5418242131755878,0.17888769384692346,0.29429429429429427,0.26157138979357725
0.5405730277206103,0.17936928464232116,0.29529529529529525,0.2613440471347112
0.5393119374349175,0.17985087543771885,0.2962962962962963,0.2611169232002263
0.5380500212082542,0.18033246623311655,0.29729729729729726,0.26088998034273797
0.5367766792527264,0.18081405702851425,0.2982982982982983,0.26066310290961464
0.5355033372971986,0.18129564782391194,0.29929929929929927,0.2604367827670038
0.53421719961981,0.18177723861930964,0.30030030030030025,0.2602105710804229
0.5329309452518759,0.18225882941470734,0.3013013013013013,0.2599845800471821
0.5316323027442721,0.18274042021010503,0.30230230230230226,0.2597586860554804
0.5303325021904451,0.18322201100550276,0.30330330330330324,0.2595332165168092
0.529020839376088,0.18370360180090045,0.3043043043043043,0.259307837284923
0.5277068843871936,0.18418519259629815,0.30530530530530525,0.25908273126934434
0.5263809150415207,0.18466678339169584,0.3063063063063063,0.2588577229739926
0.5250511850645323,0.18514837418709354,0.30730730730730726,0.25863298675940116
0.5237108549624813,0.18562996498249124,0.3083083083083083,0.2584083360521096
0.5223656538811906,0.18611155577788893,0.30930930930930933,0.2581839723552869
0.5210107836533268,0.18659314657328663,0.3103103103103103,0.25795967852101487
0.5196496977812406,0.18707473736868432,0.3113113113113113,0.2577355595577219
0.5182798947009505,0.18755632816408202,0.3123123123123123,0.257511538793763
0.5169024308890946,0.18803791895947974,0.3133133133133133,0.2572877602403831
0.5155172919186594,0.18851950975487744,0.31431431431431434,0.2570640379147724
0.5141229892846423,0.18900110055027514,0.3153153153153153,0.25684042932829454
0.5127221347908955,0.18948269134567283,0.3163163163163163,0.2566169264707543
0.5113105608661831,0.18996428214107053,0.3173173173173173,0.2563936226595626
0.5098936342799401,0.19044587293646822,0.3183183183183183,0.25617035861048554
0.5084643888625814,0.19092746373186592,0.3193193193193193,0.25594716089022235
0.5070310582626314,0.19140905452726362,0.3203203203203203,0.25572406965538014
0.505583772454077,0.1918906453226613,0.3213213213213213,0.25550113083619386
0.5041337303319661,0.192372236118059,0.3223223223223223,0.25527821644202797
0.5026680684634317,0.19285382691345673,0.3233233233233233,0.25505533244616707
0.5012010328836418,0.19333541770885443,0.3243243243243243,0.2548325452435206
0.4997166920345173,0.19381700850425213,0.3253253253253253,0.25460986219400467
0.4982323511853927,0.19429859929964982,0.3263263263263263,0.2543871898668051
0.4967291177371686,0.19478019009504752,0.3273273273273273,0.2541645277836014
0.4952258291797899,0.1952617808904452,0.3283283283283283,0.25394193432941387
0.49370409192656334,0.1957433716858429,0.3293293293293293,0.25371939945679833
0.4921807643761882,0.1962249624812406,0.33033033033033027,0.25349686598451876
0.4906405555141071,0.1967065532766383,0.3313313313313313,0.25327433406087324
0.48909723086913465,0.197188144072036,0.3323323323323323,0.25305182383453734
0.4875388898122561,0.19766973486743372,0.3333333333333333,0.2528293289887357
0.48597600583871936,0.19815132566283142,0.3343343343343343,0.2526068341429341
0.4843995185657829,0.19863291645822911,0.33533533533533527,0.25238433846322333
0.4828169563107554,0.1991145072536268,0.3363363363363363,0.25216180042234076
0.48122224485667836,0.1995960980490245,0.3373373373373373,0.2519392393582975
0.4796199224497249,0.2000776888444222,0.3383383383383383,0.25171667756971805
0.4780069382047024,0.2005592796398199,0.33933933933933935,0.2514941154643685
0.4763848123026514,0.2010408704352176,0.34034034034034033,0.25127143840340865
0.4747535356803403,0.2015224612306153,0.34134134134134136,0.2510487176163227
0.47311160002251135,0.202004052026013,0.34234234234234234,0.2508259856482148
0.4714620409422212,0.20248564282141068,0.3433433433433433,0.2506032493257892
0.46980032875837924,0.2029672336168084,0.34434434434434436,0.25038032823953493
0.46813252712606307,0.2034488244122061,0.34534534534534533,0.2501573552266053
0.4664511096916459,0.2039304152076038,0.3463463463463463,0.2499343495915772
0.4647651354050026,0.2044120060030015,0.34734734734734735,0.24971133248408067
0.4630641249306654,0.2048935967983992,0.3483483483483483,0.24948805521279904
0.4613600789076039,0.2053751875937969,0.34934934934934936,0.24926472653836915
0.4596396251680841,0.20585677838919458,0.35035035035035034,0.24904132836814527
0.457917606387894,0.20633836918459228,0.3513513513513513,0.24881789802100132
0.4561775090414208,0.20681995997998998,0.35235235235235235,0.24859415839750287
0.45443734717803913,0.20730155077538767,0.3533533533533533,0.24837036452523867
0.45267721420970486,0.2077831415707854,0.3543543543543543,0.248146442264632
0.4509170812413707,0.2082647323661831,0.35535535535535534,0.24792245187264692
0.4491396090645323,0.2087463231615808,0.3563563563563563,0.2476981756459854
0.4473607667753878,0.20922791395697848,0.3573573573573573,0.2474738337487095
0.4455662846807404,0.20970950475237618,0.35835835835835833,0.24724928665352439
0.4437690494759379,0.21019109554777388,0.3593593593593593,0.24702465133843335
0.4419578567948974,0.21067268634317157,0.36036036036036034,0.2467997481106906
0.4401425855332166,0.21115427713856927,0.3613613613613613,0.24657475455503433
0.43831501142911455,0.21163586793396696,0.3623623623623623,0.24634947661667156
0.43648209949659833,0.21211745872936466,0.36336336336336333,0.24612409713536934
0.4346385025245622,0.21259904952476238,0.3643643643643643,0.24589846839683846
0.4327883833529264,0.21308064032016008,0.3653653653653653,0.24567269287722918
0.43092915191225606,0.21356223111555778,0.3663663663663663,0.24544658983356227
0.429062297942071,0.21404382191095547,0.36736736736736736,0.24522036837722605
0.4271878500432216,0.21452541270635317,0.3683683683683684,0.2449939191284851
0.4253047717607304,0.21500700350175087,0.36936936936936937,0.24476723211408313
0.42341555360230115,0.21548859429714856,0.37037037037037035,0.24454019828484608
0.42151679664987496,0.21597018509254626,0.3713713713713714,0.24431301853606244
0.419613282434017,0.21645177588794395,0.37237237237237236,0.24408567841703568
0.41769943049969993,0.21693336668334165,0.37337337337337334,0.24385793740324804
0.41578212294357175,0.21741495747873937,0.3743743743743744,0.2436298673344321
0.41385379438994496,0.21789654827413707,0.37537537537537535,0.2434016400610493
0.4119230691547774,0.21837813906953477,0.3763763763763764,0.24317329068084206
0.4099799692482741,0.21885972986493246,0.37737737737737737,0.24294436777437997
0.40803574694867434,0.21934132066033016,0.37837837837837834,0.24271515542204042
0.40607956559139574,0.21982291145572785,0.3793793793793794,0.24248580119599744
0.4041232691025513,0.22030450225112555,0.38038038038038036,0.24225636168067882
0.4021547725054528,0.22078609304652325,0.38138138138138133,0.24202607314690425
0.4001862759083542,0.22126768384192094,0.38238238238238237,0.24179560123592192
0.3982069926764883,0.22174927463731864,0.38338338338338335,0.24156506402720715
0.396226933565983,0.22223086543271636,0.3843843843843843,0.24133440901322425
0.3942376428601801,0.22271245622811406,0.38538538538538536,0.2411025952122107
0.39224680478449225,0.22319404702351175,0.38638638638638634,0.2408707814111972
0.390248191005953,0.22367563781890945,0.38738738738738737,0.24063896761018366
0.38824738400080044,0.22415722861430715,0.38838838838838835,0.24040671450659062
0.386240150607904,0.22463881940970484,0.38938938938938933,0.2401734581520168
0.3842302092701351,0.22512041020510254,0.39039039039039036,0.23994019287779045
0.38221507925317666,0.22560200100050024,0.39139139139139134,0.23970691744985242
0.38019686370395206,0.22608359179589793,0.3923923923923923,0.2394728655727685
0.37817457786713365,0.22656518259129563,0.39339339339339335,0.2392381574951225
0.3761489703807905,0.22704677338669332,0.39439439439439433,0.23900335762929587
0.37412028545872933,0.22752836418209105,0.39539539539539537,0.23876845146776596
0.37208818805482746,0.22800995497748874,0.39639639639639634,0.23853244975485333
0.3700538756156078,0.22849154577288644,0.3973973973973974,0.23829606804177664
0.3680162090957479,0.22897313656828414,0.3983983983983984,0.2380594710420108
0.3659769976231616,0.22945472736368183,0.3993993993993994,0.2378226859882097
0.3639345224192097,0.22993631815907953,0.40040040040040037,0.2375846831299843
0.3618911494564783,0.23041790895447722,0.4014014014014014,0.23734655750780984
0.3598450074202102,0.23089949974987492,0.4024024024024024,0.23710813449900167
0.3577984310629816,0.23138109054527262,0.4034034034034034,0.23686915114043286
0.35574970962641334,0.2318626813406703,0.4044044044044044,0.23662942365394815
0.3537008407636318,0.23234427213606804,0.4054054054054054,0.23638933745478657
0.3516505156297149,0.23282586293146573,0.4064064064064064,0.23614895045379924
0.34960018090285144,0.23330745372686343,0.4074074074074074,0.23590774240368384
0.3475492359615808,0.23378904452226112,0.40840840840840836,0.23566612442790646
0.3454982910203102,0.23427063531765882,0.4094094094094094,0.23542390379241895
0.3434476924842422,0.23475222611305652,0.4104104104104104,0.23518140639696308
0.3413971164415209,0.2352338169084542,0.4114114114114114,0.23493796155182456
0.3393477147563783,0.2357154077038519,0.4124124124124124,0.23469416667715126
0.33729850017083557,0.2361969984992496,0.41341341341341337,0.23444973435473865
0.33525113612976504,0.2366785892946473,0.4144144144144144,0.23420474029845323
0.33320427556003007,0.23716018009004503,0.4154154154154154,0.23395930303417642
0.33115978927263634,0.23764177088544272,0.41641641641641636,0.23371293235479784
0.32911627431415713,0.23812336168084042,0.4174174174174174,0.23346618306081396
0.327075504537869,0.2386049524762381,0.41841841841841837,0.23321877165299473
0.32503632485972994,0.2390865432716358,0.41941941941941935,0.23297085508810167
0.32300010618609315,0.2395681340670335,0.4204204204204204,0.23272196706004203
0.32096624471510765,0.2400497248624312,0.42142142142142136,0.23247266772957867
0.3189354925891947,0.2405313156578289,0.4224224224224224,0.2322229789878574
0.3169081046616809,0.2410129064532266,0.4234234234234234,0.23197208995313925
0.3148838329690846,0.2414944972486243,0.42442442442442435,0.2317206371310829
0.3128641610892946,0.24197608804402201,0.4254254254254254,0.23146878118966213
0.3108472214684342,0.2424576788394197,0.4264264264264264,0.231216335990584
0.30883589459394695,0.2429392696348174,0.4274274274274274,0.23096248726535318
0.3068268973042521,0.2434208604302151,0.42842842842842843,0.23070838861427545
0.3048248530923462,0.2439024512256128,0.4294294294294294,0.23045402480467034
0.30282458939469736,0.2443840420210105,0.43043043043043044,0.2301980647999547
0.30083274816538275,0.2448656328164082,0.4314314314314314,0.2299415001168459
0.2988419961486744,0.2453472236118059,0.4324324324324324,0.2296847954310848
0.29686126281105557,0.24582881440720358,0.43343343343343343,0.2294271541156527
0.29488078856298156,0.24631040520260128,0.4344344344344344,0.22916789831699141
0.29291204683616817,0.24679199599799898,0.4354354354354354,0.2289086425183301
0.2909433051093546,0.2472735867933967,0.4364364364364364,0.2286490791581836
0.28898671298274137,0.2477551775887944,0.4374374374374374,0.2283872126532544
0.2870308258774387,0.2482367683841921,0.43843843843843844,0.22812497818811875
0.28508683565212606,0.2487183591795898,0.4394394394394394,0.22786273758406672
0.28314464354427216,0.24919994997498748,0.4404404404404404,0.2275987390466332
0.28121394764137075,0.24968154077038518,0.44144144144144143,0.22733373857180533
0.27928626634577314,0.25016313156578285,0.4424424424424424,0.2270685136593713
0.277369537913757,0.25064472236118057,0.4434434434434434,0.2268024298908433
0.27545715820250133,0.2511263131565783,0.4444444444444444,0.22653462889069703
0.27355506125162604,0.25160790395197596,0.4454454454454454,0.2262665195101505
0.2716587647465734,0.2520894947473737,0.44644644644644643,0.22599783191138753
0.2697726561783892,0.2525710855427714,0.4474474474474474,0.22572744465664188
0.2678944588186094,0.2530526763381691,0.4484484484484484,0.2254564603983488
0.26602482439109576,0.25353426713356675,0.4494494494494494,0.22518506754306195
0.26416423013806917,0.2540158579289645,0.4504504504504504,0.22491183980122623
0.2623111278794398,0.2544974487243622,0.4514514514514514,0.22463800429155967
0.26046880710755393,0.25497903951975986,0.4524524524524524,0.22436339190364535
0.2586327949306656,0.25546063031515753,0.4534534534534534,0.22408750630799343
0.2568093881556779,0.25594222111055526,0.45445445445445437,0.22381065933960176
0.25499100046773376,0.256423811905953,0.45545545545545546,0.22353289373888888
0.2531871164204102,0.25690540270135065,0.45645645645645644,0.2232541147115343
0.2513868629596797,0.2573869934967484,0.4574574574574575,0.22297429214830497
0.2496030776226111,0.2578685842921461,0.45845845845845845,0.22269322850444004
0.2478214429904952,0.25835017508754377,0.45945945945945943,0.22241136585237736
0.2460583005612807,0.25883176588294143,0.46046046046046046,0.22212845876269946
0.24429574481080535,0.25931335667833916,0.46146146146146144,0.221844053559164
0.24255375577568772,0.2597949474737369,0.4624624624624624,0.22155891472312295
0.24081176674057025,0.26027653826913455,0.46346346346346345,0.22127271964208844
0.23909035503051534,0.2607581290645322,0.46446446446446443,0.22098502362866085
0.23736999712756376,0.26123971985992994,0.46546546546546547,0.22069639362490537
0.23566895210505243,0.26172131065532767,0.46646646646646645,0.22040691886688155
0.2339706703241621,0.26220290145072533,0.4674674674674674,0.22011579421198957
0.23229034125522754,0.26268449224612306,0.46846846846846846,0.21982360499924786
0.23061454591175573,0.2631660830415208,0.46946946946946944,0.21953082874471488
0.22895613634617304,0.26364767383691845,0.4704704704704704,0.21923602431419276
0.22730442343201607,0.2641292646323161,0.47147147147147145,0.2189402129508549
0.22566805403091544,0.26461085542771384,0.4724724724724724,0.21864394669900186
0.2240401119568283,0.26509244622311157,0.47347347347347346,0.2183452669056648
0.2224255752256128,0.26557403701850923,0.47447447447447444,0.21804562468912228
0.22082119161005512,0.2660556278139069,0.4754754754754754,0.2177457538162183
0.21922854604572287,0.2665372186093046,0.47647647647647645,0.2174429089208694
0.2176479925059029,0.26701880940470235,0.47747747747747743,0.21713935390986397
0.2160774555692847,0.2675004002001,0.4784784784784784,0.21683562019942695
0.21452097338219106,0.26798199099549774,0.47947947947947944,0.21652867233854542
0.21297273833466723,0.26846358179089547,0.4804804804804804,0.21622124653487998
0.21144053602911453,0.26894517258629314,0.4814814814814814,0.2159133006890343
0.20991477140190104,0.2694267633816908,0.4824824824824824,0.21560251349738388
0.20840702668489244,0.2699083541770885,0.48348348348348347,0.2152912711130032
0.20690387734647317,0.27038994497248625,0.48448448448448445,0.21497901245220646
0.20542073758479243,0.2708715357678839,0.4854854854854855,0.21466433766050125
0.20394032507523774,0.2713531265632816,0.48648648648648646,0.21434916763942186
0.2024819077770384,0.27183471735867937,0.48748748748748744,0.21403242622391322
0.2010243306586293,0.27231630815407704,0.4884884884884885,0.21371389168309607
0.19959072443661838,0.2727978989494747,0.4894894894894895,0.21339460006003444
0.19815711821460727,0.27327948974487243,0.4904904904904905,0.21307341827595955
0.1967473240360179,0.27376108054027015,0.49149149149149146,0.21275091934356435
0.19533858908904453,0.2742426713356678,0.49249249249249244,0.21242730945986857
0.19395242573596808,0.2747242621310655,0.4934934934934934,0.21210186162113784
0.19256931238249128,0.2752058529264632,0.4944944944944945,0.21177513519752972
0.19120716632091042,0.27568744372186094,0.4954954954954955,0.21144714643718526
0.1898501152165083,0.2761690345172586,0.49649649649649646,0.21111749426532664
0.18851118092201097,0.27665062531265633,0.49749749749749744,0.21078643645481107
0.1871790136140069,0.27713221610805405,0.4984984984984984,0.21045394364676542
0.185863029328014,0.2776138069034517,0.4994994994994995,0.21012006144433892
0.18455569765732874,0.2780953976988494,0.5005005005005005,0.2097846072134129
0.1832626087350175,0.2785769884942471,0.5015015015015015,0.20944792437956306
0.18198004046303146,0.27905857928964484,0.5025025025025025,0.2091093213356298
0.1807097741831416,0.2795401700850425,0.5035035035035035,0.2087695405484368
0.17945187395487752,0.2800217608804402,0.5045045045045046,0.20842863770476722
0.17820434079839922,0.2805033516758379,0.5055055055055055,0.20808546677055312
0.17697099255047521,0.2809849424712356,0.5065065065065065,0.2077414322975753
0.1757460867065033,0.2814665332666333,0.5075075075075075,0.2073953566026217
0.17453715270395198,0.281948124062031,0.5085085085085085,0.20704785208149273
0.1733347524387693,0.28242971485742874,0.5095095095095095,0.20669949481959807
0.1721500761645823,0.2829113056528264,0.5105105105105106,0.20634857523538538
0.17097004517728873,0.2833928964482241,0.5115115115115115,0.20599725161509214
0.16980945085082544,0.2838744872436218,0.5125125125125125,0.2056438463465194
0.1686516382754877,0.2843560780390195,0.5135135135135135,0.2052890639000175
0.16751493326043024,0.2848376688344172,0.5145145145145145,0.20493350727440635
0.16637918001775898,0.28531925962981486,0.5155155155155156,0.20457544448565435
0.16526627425662838,0.2858008504252126,0.5165165165165165,0.204217065460979
0.16415336849549775,0.2862824412206103,0.5175175175175175,0.2038565012562052
0.16306462441740877,0.286764032016008,0.5185185185185185,0.2034947778062901
0.1619767946074037,0.2872456228114057,0.5195195195195195,0.20313219129798396
0.160909525733867,0.28772721360680337,0.5205205205205204,0.20276743890132043
0.15984487392566285,0.2882088044022011,0.5215215215215215,0.20240218853320072
0.15879880336728375,0.28869039519759876,0.5225225225225225,0.20203491882171246
0.15775707335457734,0.2891719859929965,0.5235235235235235,0.20166675592160124
0.15673197453326662,0.2896535767883942,0.5245245245245245,0.20129733446814047
0.15571289710680344,0.2901351675837919,0.5255255255255254,0.2009265230705768
0.15470853437408705,0.2906167583791896,0.5265265265265265,0.2005547982036813
0.15371182876643327,0.29109834917458727,0.5275275275275275,0.2001816360448747
0.15272795784652327,0.291579939969985,0.5285285285285285,0.1998074527526584
0.1517533322136569,0.29206153076538266,0.5295295295295295,0.1994320375908568
0.1507897017533767,0.2925431215607804,0.5305305305305305,0.1990555610477604
0.1498368560642322,0.29302471235617805,0.5315315315315315,0.19867809876953976
0.14889320675067536,0.2935063031515758,0.5325325325325325,0.19829957766999914
0.1479618289344172,0.2939878939469735,0.5335335335335335,0.1979200331260085
0.1470378945490746,0.29446948474237117,0.5345345345345345,0.19753964517009714
0.1461276672373687,0.2949510755377689,0.5355355355355355,0.19715808577499092
0.14522317628524267,0.29543266633316656,0.5365365365365364,0.19677582909432023
0.14433377247793897,0.2959142571285643,0.5375375375375375,0.19639255157649313
0.14344844680810412,0.29639584792396195,0.5385385385385385,0.19600862153236692
0.142579533725963,0.2968774387193597,0.5395395395395395,0.19562398602384615
0.14171322815457735,0.29735902951475734,0.5405405405405405,0.1952385412940388
0.14086558838264135,0.29784062031015507,0.5415415415415414,0.19485271382584937
0.14001887710155086,0.29832221110555274,0.5425425425425425,0.1944659834429221
0.13919136926963485,0.29880380190095046,0.5435435435435435,0.1940790924493729
0.13836386143771887,0.2992853926963482,0.5445445445445445,0.1936913234488718
0.13755517584242127,0.29976698349174585,0.5455455455455455,0.1933033972282122
0.13674707900910457,0.3002485742871436,0.5465465465465464,0.19291498293060572
0.1359560042382692,0.30073016508254125,0.5475475475475474,0.19252623899544563
0.13516696443431717,0.30121175587793897,0.5485485485485485,0.19213732790181498
0.13439319946173092,0.30169334667333664,0.5495495495495495,0.19174808614484892
0.1336228612731366,0.30217493746873436,0.5505505505505505,0.19135880195161797
0.13286610288959488,0.30265652826413203,0.5515515515515514,0.1909693506003781
0.13211410801280643,0.30313811905952975,0.5525525525525524,0.19057988099368423
0.13137405078229114,0.3036197098549275,0.5535535535535535,0.19019046625519084
0.13064003802421215,0.30410130065032515,0.5545545545545545,0.18980108504570353
0.12991637569834918,0.30458289144572287,0.5555555555555555,0.18941188836252945
0.1291999833842922,0.30506448224112054,0.5565565565565564,0.18902287323667308
0.1284924088514257,0.30554607303651826,0.5575575575575575,0.18863408301217693
0.12779327386193104,0.30602766383191593,0.5585585585585585,0.18824567557976446
0.12710147994327167,0.30650925462731365,0.5595595595595596,0.1878575793755547
0.1264192401220611,0.3069908454227113,0.5605605605605606,0.1874699901833168
0.12574291917403704,0.30747243621810905,0.5615615615615616,0.187082844961039
0.12507720995687852,0.3079540270135067,0.5625625625625625,0.18669632631605063
0.12441620030365187,0.30843561780890444,0.5635635635635635,0.1863104794079163
0.12376717965232618,0.30891720860430216,0.5645645645645646,0.18592526353138028
0.12312153102451232,0.30939879939969983,0.5655655655655656,0.1855407933558625
0.12248894706703353,0.30988039019509755,0.5665665665665666,0.1851571506274856
0.12185834451785899,0.3103619809904952,0.5675675675675675,0.1847742265543386
0.12124115605492748,0.31084357178589295,0.5685685685685685,0.1843923787541598
0.12062475326843428,0.3113251625812906,0.5695695695695696,0.18401111449786345
0.12002260199649828,0.31180675337668834,0.5705705705705706,0.1836313728999671
0.11942045072456235,0.312288344172086,0.5715715715715716,0.1832522562652453
0.11883262401030519,0.31276993496748373,0.5725725725725725,0.1828744109757411
0.11824515258899458,0.3132515257628814,0.5735735735735735,0.18249774293121146
0.11767056508594302,0.3137331165582791,0.5745745745745746,0.1821219112695293
0.11709741954602303,0.31421470735367685,0.5755755755755756,0.18174790439462846
0.1165357725968985,0.3146962981490745,0.5765765765765766,0.18137422231689648
0.11597660041390698,0.31517788894447224,0.5775775775775776,0.18100297400252074
0.11542759827223618,0.3156594797398699,0.5785785785785785,0.1806323308957788
0.11488205077443725,0.31614107053526763,0.5795795795795795,0.1802632316990522
0.1143453996948475,0.3166226613306653,0.5805805805805806,0.17989590241188474
0.11381313061845927,0.317104252126063,0.5815815815815816,0.17952925806907413
0.11328853928294154,0.3175858429214607,0.5825825825825826,0.17916503963380254
0.1127692057353177,0.3180674337168584,0.5835835835835835,0.17880151952466686
0.1122563854238119,0.31854902451225614,0.5845845845845845,0.17844002264321226
0.11174964788344173,0.3190306153076538,0.5855855855855856,0.1780799829989043
0.11124836085682838,0.31951220610305153,0.5865865865865866,0.17772111147366038
0.11075399297603802,0.3199937968984492,0.5875875875875876,0.17736457202102887
0.11026424550865431,0.3204753876938469,0.5885885885885885,0.17700903817733568
0.1097825646557779,0.3209569784892446,0.5895895895895895,0.1766558792014515
0.10930420821860928,0.3214385692846423,0.5905905905905905,0.17630424469119763
0.10883408121050527,0.32192016008004,0.5915915915915916,0.17595409857277616
0.10836632713456726,0.3224017508754377,0.5925925925925926,0.17560595428688267
0.10790743130540272,0.3228833416708354,0.5935935935935935,0.17525942550206505
0.10745000671605802,0.3233649324662331,0.5945945945945945,0.17491473905972937
0.10700202277113555,0.3238465232616308,0.5955955955955955,0.1745717565033524
0.10655465744792396,0.3243281140570285,0.5965965965965966,0.1742304852510597
0.1061172704268634,0.3248097048524262,0.5975975975975976,0.17389083947078648
0.10567988340580291,0.3252912956478239,0.5985985985985985,0.17355330400113267
0.10525259723916958,0.3257728864432216,0.5995995995995995,0.17321724292947074
0.10482549699749877,0.3262544772386193,0.6006006006006005,0.17288291924624202
0.1044074329576288,0.326736068034017,0.6016016016016016,0.17255079781465893
0.10399031224042023,0.32721765882941467,0.6026026026026026,0.17221977345379097
0.10358121564217108,0.3276992496248124,0.6036036036036035,0.17189118792871422
0.10317377393676841,0.32818084042021006,0.6046046046046045,0.17156421477922598
0.10277339239144573,0.3286624312156078,0.6056056056056055,0.17123836099499512
0.10237533207473734,0.3291440220110055,0.6066066066066065,0.17091547801154164
0.10198341672291146,0.3296256128064032,0.6076076076076076,0.17059349804724333
0.10159444498769384,0.3301072036018009,0.6086086086086085,0.17027306048679328
0.10121075097008506,0.33058879439719857,0.6096096096096095,0.16995566128622958
0.10083058030665332,0.3310703851925963,0.6106106106106105,0.16963851254295095
0.10045512789359681,0.33155197598799396,0.6116116116116115,0.16932384030811604
0.1000839750178089,0.3320335667833917,0.6126126126126126,0.16901162351505922
0.09971654071045526,0.33251515757878936,0.6136136136136136,0.16869955976603634
0.09935371116838419,0.3329967483741871,0.6146146146146145,0.16839054717591326
0.09899381744572285,0.3334783391695848,0.6156156156156155,0.1680832302262251
0.09863891585132567,0.33395992996498247,0.6166166166166166,0.16777638338778664
0.09828626500310153,0.3344415207603802,0.6176176176176176,0.1674726657147824
0.09793902262871436,0.33492311155577786,0.6186186186186187,0.16717020744455563
0.09759338827303651,0.3354047023511756,0.6196196196196196,0.16686850285945964
0.09725354217008506,0.33588629314657326,0.6206206206206206,0.16657008867808618
0.09691470210715357,0.336367883941971,0.6216216216216216,0.16627280257373092
0.09658199317978991,0.33684947473736865,0.6226226226226226,0.1659762973786531
0.09624972824102052,0.33733106553276637,0.6236236236236237,0.1656830192480879
0.09592390220930468,0.33781265632816404,0.6246246246246246,0.16539067181044947
0.0955980761775888,0.33829424712356176,0.6256256256256256,0.16509915590702093
0.09527880433736867,0.3387758379189595,0.6266266266266266,0.1648105829960552
0.09495961173726865,0.33925742871435716,0.6276276276276276,0.1645229846461916
0.09464624273096547,0.3397390195097549,0.6286286286286287,0.16423658220122905
0.0943334384327664,0.34022061030515255,0.6296296296296297,0.16395226796832077
0.094025769036018,0.3407022011005503,0.6306306306306306,0.1636692462886235
0.09371911320750377,0.34118379189594794,0.6316316316316316,0.16338760906756805
0.09341694354767384,0.34166538269134566,0.6326326326326326,0.16310768119355956
0.09311620069094549,0.34214697348674333,0.6336336336336336,0.162828995906558
0.09281947190405203,0.34262856428214106,0.6346346346346347,0.16255199430242653
0.09252461264207103,0.3431101550775388,0.6356356356356356,0.16227641474856055
0.092233170016008,0.34359174587293645,0.6366366366366366,0.16200172423888043
0.0919439506638319,0.3440733366683342,0.6376376376376376,0.16172948762820843
0.09165748580290146,0.34455492746373184,0.6386386386386386,0.16145804251926543
0.09137347003926963,0.34503651825912957,0.6396396396396397,0.16118766974328935
0.09109171301300652,0.34551810905452723,0.6406406406406406,0.1609194301181452
0.09081268460365183,0.34599969984992496,0.6416416416416416,0.16065217286851147
0.09053545423491748,0.3464812906453226,0.6426426426426426,0.16038573659360883
0.09026120224307155,0.34696288144072035,0.6436436436436436,0.16012132903288778
0.08998832071485745,0.347444472236118,0.6446446446446445,0.15985828525920168
0.08971863709329667,0.34792606303151574,0.6456456456456456,0.15959598942370992
0.08944992967663831,0.34840765382691347,0.6466466466466466,0.15933475169695527
0.08918461312041022,0.34888924462231113,0.6476476476476476,0.15907605948213252
0.08891990957388694,0.34937083541770886,0.6486486486486486,0.15881769751096972
0.08865876070440222,0.3498524262131065,0.6496496496496496,0.15855963626345967
0.08839789264532266,0.35033401700850425,0.6506506506506506,0.15830470533177846
0.08814071930785394,0.3508156078039019,0.6516516516516516,0.15805040019204483
0.0878835459703852,0.35129719859929964,0.6526526526526526,0.15779621736527286
0.08763013687513758,0.3517787893946973,0.6536536536536536,0.15754372334610628
0.08737674980450226,0.35226038019009503,0.6546546546546546,0.1572935802274917
0.08712666867683844,0.3527419709854927,0.6556556556556556,0.15704343710887708
0.08687688390535268,0.3532235617808904,0.6566566566566566,0.156793294947234
0.0866300146118059,0.35370515257628815,0.6576576576576576,0.15654683455913773
0.08638369536768385,0.3541867433716858,0.6586586586586586,0.15630075122937326
0.08614000124117059,0.35466833416708354,0.6596596596596596,0.1560548095180125
0.08589711429464734,0.3551499249624812,0.6606606606606605,0.15581020746083094
0.08565632982106054,0.35563151575787894,0.6616616616616616,0.15556776656258545
0.0854164971233617,0.3561131065532766,0.6626626626626626,0.15532566229886405
0.08517843143096548,0.3565946973486743,0.6636636636636636,0.15508377556496425
0.08494148635167587,0.357076288144072,0.6646646646646646,0.15484410995893302
0.08470600241445725,0.3575578789394697,0.6656656656656655,0.1546053295018979
0.08447178602861431,0.35803946973486744,0.6666666666666666,0.15436706253547497
0.08423874988494248,0.3585210605302651,0.6676676676676676,0.1541291773071439
0.08400710471235617,0.35900265132566284,0.6686686686686686,0.15389361244388045
0.0837763859091546,0.3594842421210605,0.6696696696696696,0.1536583466889151
0.08354716217508755,0.35996583291645823,0.6706706706706705,0.15342382418001196
0.08331863457578792,0.3604474237118559,0.6716716716716716,0.15319011618733855
0.08309168491345674,0.3609290145072536,0.6726726726726726,0.15295783593408097
0.08286522512201103,0.3614106053026513,0.6736736736736736,0.15272613440830896
0.08264040842531267,0.361892196098049,0.6746746746746746,0.15249511632394416
0.08241589750150077,0.3623737868934467,0.6756756756756757,0.15226511886396008
0.08219307651705854,0.3628553776888444,0.6766766766766766,0.15203601216167303
0.08197039856368184,0.36333696848424213,0.6776776776776777,0.15180778716424945
0.08174944085402704,0.3638185592796398,0.6786786786786787,0.1515800861994057
0.0815284836853927,0.3643001500750375,0.6796796796796797,0.15135349763040534
0.0813092621105553,0.3647817408704352,0.6806806806806807,0.15112743414603155
0.08109004053571787,0.3652633316658329,0.6816816816816816,0.1509024806766077
0.08087239888054029,0.3657449224612306,0.6826826826826827,0.15067794647433194
0.08065488743461732,0.3662265132566283,0.6836836836836837,0.15045445772486027
0.08043864437608807,0.366708104052026,0.6846846846846847,0.15023134253072776
0.08022262971435719,0.3671896948474237,0.6856856856856857,0.15000943304371414
0.08000767024642323,0.36767128564282137,0.6866866866866866,0.14978791660352478
0.07979302426573288,0.3681528764382191,0.6876876876876876,0.1495672712305695
0.0795792545891946,0.3686344672336168,0.6886886886886887,0.14934692307040587
0.0793658703763882,0.3691160580290145,0.6896896896896897,0.1491278858399573
0.07915320349724862,0.3695976488244122,0.6906906906906907,0.14890923221726982
0.07894097991825916,0.3700792396198099,0.6916916916916916,0.1486912264287003
0.07872933225282643,0.3705608304152076,0.6926926926926926,0.1484734685858211
0.07851817202631318,0.37104242121060527,0.6936936936936937,0.14825710542290002
0.07830746408004004,0.371524012006003,0.6946946946946947,0.14804115847297408
0.07809727618534269,0.37200560280140066,0.6956956956956957,0.14782562852609316
0.07788743253966984,0.3724871935967984,0.6966966966966966,0.14761029646220988
0.07767813029044522,0.3729687843921961,0.6976976976976976,0.14739638381020137
0.07746907946853428,0.3734503751875938,0.6986986986986987,0.14718298664335971
0.07726058243911957,0.3739319659829915,0.6996996996996997,0.14696980395601755
0.07705225744822412,0.37441355677838917,0.7007007007007007,0.14675675546877348
0.07684449002886444,0.3748951475737869,0.7017017017017017,0.1465450719906902
0.07663682743411708,0.37537673836918456,0.7027027027027026,0.1463341017024396
0.0764297178677839,0.3758583291645823,0.7037037037037036,0.1461231899448764
0.0762226593191596,0.37633991995997995,0.7047047047047047,0.14591232769597967
0.07601616522586295,0.3768215107553777,0.7057057057057057,0.14570266217588318
0.0758096746435218,0.37730310155077534,0.7067067067067067,0.1454940468729595
0.07560372571100551,0.37778469234617307,0.7077077077077076,0.14528543157003582
0.07539777677848924,0.3782662831415708,0.7087087087087086,0.1450768162671122
0.0751922663145573,0.37874787393696846,0.7097097097097097,0.14486892210485244
0.07498678885942973,0.3792294647323662,0.7107107107107107,0.14466223955434884
0.07478167272211109,0.37971105552776385,0.7117117117117117,0.14445562127483091
0.07457661858529267,0.3801926463231616,0.7127127127127126,0.14424906146221284
0.0743718597215608,0.38067423711855924,0.7137137137137136,0.14404281536363356
0.07416718555987993,0.38115582791395697,0.7147147147147146,0.1438377886715412
0.07396275096548274,0.38163741870935464,0.7157157157157157,0.1436329289005801
0.07375841873326663,0.38211900950475236,0.7167167167167167,0.14342823892295534
0.0735542794864432,0.3826006003001501,0.7177177177177176,0.14322358818656053
0.07335025643551775,0.38308219109554775,0.7187187187187186,0.14302006223118455
0.0731463874332166,0.3835637818909455,0.7197197197197196,0.14281681419001813
0.07294264563131565,0.38404537268634314,0.7207207207207207,0.14261376864753508
0.07273902616273135,0.38452696348174087,0.7217217217217217,0.14241084083099861
0.07253554393826914,0.38500855427713854,0.7227227227227226,0.14220849400501395
0.07233215678634317,0.38549014507253626,0.7237237237237236,0.14200672528632005
0.07212891535727865,0.38597173586793393,0.7247247247247246,0.1418051048834309
0.07192574706503252,0.38645332666333165,0.7257257257257257,0.1416037422137329
0.0717227353547774,0.3869349174587293,0.7267267267267267,0.14140253457835386
0.07151977793736868,0.38741650825412705,0.7277277277277276,0.1412021146233984
0.0713169906484242,0.38789809904952477,0.7287287287287286,0.14100173794495358
0.07111424169029515,0.38837968984492244,0.7297297297297296,0.14080174424735656
0.07091168604652326,0.38886128064032016,0.7307307307307306,0.14060184371246642
0.07070915003786893,0.38934287143571783,0.7317317317317317,0.14040243937988586
0.07050681496268132,0.38982446223111555,0.7327327327327327,0.1402032353135491
0.07030448275662832,0.3903060530265132,0.7337337337337336,0.14000433222304412
0.07010237595547773,0.39078764382191095,0.7347347347347347,0.13980565242775153
0.06990026915432716,0.3912692346173086,0.7357357357357357,0.139607185958957
0.0696983859625813,0.39175082541270634,0.7367367367367368,0.13940905100409906
0.06949651803046525,0.392232416208104,0.7377377377377378,0.13921102567161936
0.06929486952206103,0.39271400700350173,0.7387387387387387,0.13901342538338415
0.06909325683306652,0.39319559779889945,0.7397397397397397,0.13881585506798236
0.0688918587643822,0.3936771885942971,0.7407407407407407,0.1386186326022258
0.06869052010055027,0.39415877938969485,0.7417417417417417,0.1384214684961906
0.06848939178549275,0.3946403701850925,0.7427427427427428,0.13822464724354006
0.06828835074477238,0.39512196098049024,0.7437437437437437,0.13802799697175233
0.06808751429794899,0.3956035517758879,0.7447447447447447,0.13783147944925328
0.06788679784942471,0.39608514257128563,0.7457457457457457,0.13763510165602738
0.06768627744992498,0.3965667333666833,0.7467467467467467,0.13743885776465664
0.06748591497063532,0.397048324162081,0.7477477477477478,0.1372429744406365
0.06728573803271634,0.39752991495747875,0.7487487487487487,0.13704712223548543
0.0670857641971986,0.3980115057528764,0.7497497497497497,0.1368513913895785
0.06688596009354676,0.39849309654827414,0.7507507507507507,0.13665568258817393
0.06668640957633817,0.3989746873436718,0.7517517517517517,0.13646031845403805
0.0664870208070035,0.39945627813906953,0.7527527527527528,0.13626505216118084
0.06628796873626815,0.3999378689344672,0.7537537537537538,0.13606983561814887
0.0660890440096048,0.4004194597298649,0.7547547547547547,0.13587466239647264
0.06589050531465734,0.4009010505252626,0.7557557557557557,0.13567960382266517
0.06569206173986994,0.4013826413206603,0.7567567567567567,0.1354847985979014
0.06549407735592798,0.401864232116058,0.7577577577577577,0.13529000105873737
0.06529615011315659,0.4023458229114557,0.7587587587587588,0.13509523475509455
0.06509876627293647,0.40282741370685343,0.7597597597597597,0.13490047704405608
0.06490139454377189,0.4033090045022511,0.7607607607607607,0.13470588613433349
0.06470465844317158,0.4037905952976488,0.7617617617617617,0.1345113529489813
0.06450792234257129,0.4042721860930465,0.7627627627627627,0.13431682215623628
0.06431184285712856,0.4047537768884442,0.7637637637637638,0.13412229343117285
0.06411580361840921,0.4052353676838419,0.7647647647647647,0.13392779103739746
0.0639204102483742,0.4057169584792396,0.7657657657657657,0.13373335517336624
0.06372511699379692,0.4061985492746373,0.7667667667667667,0.133538919309335
0.06353045249089545,0.406680140070035,0.7677677677677677,0.13334448344530375
0.06333595578749374,0.4071617308654327,0.7687687687687687,0.13315004532853275
0.06314206401685843,0.4076433216608304,0.7697697697697697,0.13295556016023616
0.06294841587643821,0.4081249124562281,0.7707707707707707,0.13276105782824857
0.06275534028409205,0.4086065032516258,0.7717717717717717,0.1325665543980313
0.06256259175527763,0.4090880940470235,0.7727727727727727,0.13237204996414037
0.06237037585402702,0.4095696848424212,0.7737737737737737,0.1321774806527251
0.062178578467033514,0.4100512756378189,0.7747747747747747,0.13198277395046323
0.06198728872886444,0.41053286643321657,0.7757757757757757,0.13178805611966116
0.061796541209804906,0.4110144572286143,0.7767767767767767,0.13159331841892216
0.06160623754347175,0.41149604802401196,0.7777777777777777,0.131398578252026
0.06141658034597299,0.4119776388194097,0.7787787787787787,0.13120358439197802
0.061227290172736364,0.4124592296148074,0.7797797797797797,0.13100851398419092
0.06103874304202102,0.4129408204102051,0.7807807807807807,0.13081340468897093
0.06085049043266633,0.4134224112056028,0.7817817817817817,0.13061825996897858
0.06066310200940471,0.41390400200100047,0.7827827827827827,0.1304229978533688
0.060475928167283644,0.4143855927963982,0.7837837837837837,0.1302274277552761
0.06028974709214609,0.41486718359179586,0.7847847847847846,0.1300318434690495
0.06010369297673838,0.4153487743871936,0.7857857857857857,0.1298361324522116
0.05991876548244124,0.41583036518259126,0.7867867867867867,0.12964038279565246
0.05973387020950476,0.416311955977989,0.7877877877877877,0.12944429814689457
0.05955024060240122,0.41679354677338665,0.7887887887887887,0.12924808261630594
0.05936661099529766,0.41727513756878437,0.7897897897897896,0.1290517252526192
0.05918425383341671,0.4177567283641821,0.7907907907907907,0.1288552574880951
0.059001965938269146,0.41823831915957976,0.7917917917917917,0.12865861039344884
0.05882088402451226,0.4187199099549775,0.7927927927927927,0.1284616019470736
0.058639979258129075,0.41920150075037516,0.7937937937937938,0.1282645187098219
0.058460205377989,0.4196830915457729,0.7947947947947948,0.12806716207130886
0.05828072226763384,0.42016468234117055,0.7957957957957958,0.12786977158242255
0.05810228836488245,0.42064627313656827,0.7967967967967968,0.12767188413199088
0.05792426447463734,0.42112786393196594,0.7977977977977978,0.12747393185564868
0.05774722155587795,0.42160945472736366,0.7987987987987988,0.1272756191638365
0.05757072430845423,0.4220910455227614,0.7997997997997998,0.12707712844648444
0.05739513930215109,0.42257263631815906,0.8008008008008007,0.1268783800581524
0.05722025345752877,0.4230542271135568,0.8018018018018018,0.1266793353691244
0.05704613166293148,0.42353581790895445,0.8028028028028028,0.12648009932394375
0.056872806172486245,0.42401740870435217,0.8038038038038038,0.1262803280917855
0.05670013658439221,0.42449899949974984,0.8048048048048048,0.12608045793898123
0.056528398417208615,0.42498059029514756,0.8058058058058057,0.1258802011885153
0.05635720307013509,0.42546218109054523,0.8068068068068068,0.1256798694622977
0.05618707678734368,0.42594377188594296,0.8078078078078078,0.12547869423557964
0.056017375860130086,0.4264253626813406,0.8088088088088088,0.12527738813708147
0.05584888361490747,0.42690695347673835,0.8098098098098098,0.1250757425313226
0.05568069516508255,0.4273885442721361,0.8108108108108107,0.1248739547575309
0.055513855257878955,0.42787013506753374,0.8118118118118117,0.12467150538367354
0.055347194684242124,0.42835172586293147,0.8128128128128128,0.12446847638583633
0.05518202445232618,0.42883331665832913,0.8138138138138138,0.12426530530272052
0.05501690632196098,0.42931490745372686,0.8148148148148148,0.124061896879943
0.054853419249874955,0.4297964982491245,0.8158158158158157,0.12385808149214655
0.054689932177788905,0.43027808904452225,0.8168168168168167,0.12365326668779615
0.05452806271905955,0.4307596798399199,0.8178178178178178,0.12344835060271102
0.054366270364982504,0.43124127063531764,0.8188188188188188,0.12324319354390896
0.05420597367178591,0.4317228614307153,0.8198198198198198,0.12303784182340746
0.05404588470435219,0.43220445222611303,0.8208208208208208,0.12283118034409052
0.053887165803601804,0.43268604302151076,0.8218218218218217,0.12262422293519654
0.053728786001900966,0.4331676338169084,0.8228228228228228,0.12241717384874808
0.05357173884132067,0.43364922461230615,0.8238238238238238,0.12221010250261552
0.053415196790095064,0.4341308154077038,0.8248248248248248,0.12200150756768985
0.05325976909179591,0.43461240620310154,0.8258258258258258,0.12179229304500708
0.053104944874937485,0.4350939969984992,0.8268268268268267,0.1215830785223243
0.052951100372686355,0.43557558779389693,0.8278278278278277,0.12137386399964156
0.052797988211105575,0.4360571785892946,0.8288288288288288,0.1211633970258964
0.05264572296453228,0.4365387693846923,0.8298298298298298,0.12095178061856326
0.052494319005502756,0.43702036018009005,0.8308308308308308,0.12074013669921567
0.05234362853926965,0.4375019509754877,0.8318318318318317,0.12052845922086802
0.05219392604052027,0.43798354177088544,0.8328328328328327,0.12031586985103998
0.052044804147873956,0.4384651325662831,0.8338338338338338,0.12010179352132853
0.05189679492236119,0.43894672336168084,0.8348348348348348,0.11988762495740234
0.051749234026513276,0.4394283141570785,0.8358358358358358,0.11967327722035115
0.05160290747923963,0.4399099049524762,0.8368368368368367,0.11945824506794545
0.05145689833071538,0.4403914957478739,0.8378378378378377,0.11924152787807449
0.05131224242191097,0.4408730865432716,0.8388388388388387,0.1190246623833157
0.05116777454847426,0.4413546773386693,0.8398398398398398,0.1188074380677496
0.051024774830415225,0.441836268134067,0.8408408408408408,0.11858962874965508
0.050881835939869946,0.44231785892946474,0.8418418418418417,0.11837008511732543
0.05074047652006005,0.4427994497248624,0.8428428428428427,0.11815033105495533
0.050599117100250134,0.44328104052026013,0.8438438438438437,0.11792999973839904
0.050459315360080054,0.4437626313156578,0.8448448448448448,0.11770903964366065
0.050319577456478234,0.4442442221110555,0.8458458458458458,0.11748651324872265
0.050181326491545775,0.4447258129064532,0.8468468468468467,0.11726362516822549
0.05004327030300149,0.4452074037018509,0.8478478478478477,0.11703995289760127
0.049906522691945975,0.4456889944972486,0.8488488488488487,0.11681553362763931
0.04977008657483742,0.4461705852926463,0.8498498498498498,0.11658980300155213
0.0496347890430215,0.44665217608804403,0.8508508508508508,0.11636345285246086
0.049499909908954476,0.4471337668834417,0.8518518518518517,0.1161362159905369
0.049366034873736864,0.4476153576788394,0.8528528528528528,0.11590804982755694
0.049232689124762384,0.4480969484742371,0.8538538538538538,0.11567882592855416
0.049100215760780386,0.4485785392696348,0.8548548548548548,0.11544855125454112
0.04896837835417709,0.4490601300650325,0.8558558558558559,0.11521742161388292
0.04883728544782391,0.4495417208604302,0.8568568568568569,0.11498508237195383
0.048706931340870445,0.4500233116558279,0.8578578578578578,0.11475201039145413
0.048577196654027016,0.4505049024512256,0.8588588588588588,0.11451722025440347
0.048448298396048035,0.45098649324662327,0.8598598598598598,0.1142818072588899
0.048319899011505754,0.451468084042021,0.8608608608608609,0.11404496853703998
0.0481924301150075,0.4519496748374187,0.8618618618618619,0.1138075260070372
0.04806534293896949,0.4524312656328164,0.8628628628628628,0.11356806972558557
0.04793927450850425,0.4529128564282141,0.8638638638638638,0.11332797825256288
0.047813475158179096,0.4533944472236118,0.8648648648648648,0.11308696555030065
0.047688778779889945,0.4538760380190095,0.8658658658658658,0.11284453521670107
0.047564243070735375,0.45435762881440717,0.8668668668668669,0.11260017823298522
0.04744088936758379,0.4548392196098049,0.8678678678678678,0.11235521847403723
0.04731759382951476,0.45532081040520256,0.8688688688688688,0.11210967673120867
0.04719558617263632,0.4558024012006003,0.8698698698698698,0.11186127308172421
0.047073578515757886,0.45628399199599795,0.8708708708708708,0.11161200734021806
0.04695286890370186,0.4567655827913957,0.8718718718718719,0.11136211621880368
0.046832203921960976,0.4572471735867934,0.8728728728728729,0.11111076155541898
0.046712650297498756,0.45772876438219107,0.8738738738738738,0.11085639775420339
0.046593233599099546,0.4582103551775888,0.8748748748748748,0.1106018526063217
0.04647480695622812,0.45869194597298646,0.8758758758758758,0.11034700813060741
0.04635660675617809,0.4591735367683842,0.8768768768768769,0.11008797604010045
0.046239281945572794,0.45965512756378185,0.8778778778778779,0.10982817295924759
0.04612226886683342,0.4601367183591796,0.8788788788788788,0.1095683698783947
0.04600601909344673,0.46061830915457724,0.8798798798798798,0.10930569240809299
0.045890160869434725,0.46109989994997497,0.8808808808808808,0.10904024402840168
0.045774959926313155,0.4615814907453727,0.8818818818818818,0.10877472069447687
0.04566022621680841,0.46206308154077036,0.8828828828828829,0.10850780974197644
0.04554604815817909,0.4625446723361681,0.8838838838838838,0.10823701321194569
0.045432408141370687,0.46302626313156575,0.8848848848848848,0.1079656475508073
0.04531922685817909,0.4635078539269635,0.8858858858858858,0.10769387393082923
0.04520664971225613,0.46398944472236114,0.8868868868868868,0.10741728492157716
0.045094439095447726,0.46447103551775887,0.8878878878878879,0.10713997114388601
0.0449828939985993,0.46495262631315654,0.8888888888888888,0.10686166035923314
0.04487162807333667,0.46543421710855426,0.8898898898898898,0.10657988149840568
0.04476108468534268,0.46591580790395193,0.8908908908908908,0.10629634156539339
0.044650738237518764,0.46639739869934965,0.8918918918918918,0.10601162019791739
0.044541168626113056,0.4668789894947474,0.8928928928928929,0.10572353029684735
0.04443172586983492,0.46736058029014504,0.8938938938938938,0.10543353035562988
0.044323164709554774,0.46784217108554277,0.8948948948948948,0.10514179893174587
0.044214648364182096,0.46832376188094044,0.8958958958958958,0.10484664082079216
0.04410699548414207,0.46880535267633816,0.8968968968968968,0.10454936532374895
0.04399934260410206,0.46928694347173583,0.8978978978978978,0.10424961143528184
0.04389254479909955,0.46976853426713355,0.8988988988988988,0.10394670848362748
0.043785770822261136,0.4702501250625312,0.8998998998998998,0.1036416252667577
0.043679759687343674,0.47073171585792895,0.9009009009009008,0.10333387400144049
0.04357383668144073,0.4712133066533266,0.9019019019019018,0.10302308896323607
0.04346858776548274,0.47169489744872434,0.9029029029029028,0.1027095394438196
0.04336348683506753,0.47217648824412206,0.9039039039039038,0.1023932150510988
0.04325897709314658,0.47265807903951973,0.9049049049049048,0.10207430128962683
0.04315467126913457,0.47313966983491745,0.9059059059059058,0.10175127362437453
0.04305087721330666,0.4736212606303151,0.9069069069069068,0.10142576535267157
0.04294733856343172,0.47410285142571285,0.9079079079079078,0.10109794875467898
0.04284423767013508,0.4745844422211105,0.9089089089089087,0.10076478846756877
0.042741440188494254,0.47506603301650824,0.9099099099099098,0.10042974510155925
0.042639009932966494,0.4755476238119059,0.9109109109109109,0.1000909587158268
0.042536926650475246,0.47602921460730363,0.9119119119119119,0.09974768447750133
0.04243514481970986,0.47651080540270135,0.9129129129129129,0.09940324875189875
0.042333750212056036,0.476992396198099,0.9139139139139139,0.09905125947872367
0.04223259570645323,0.47747398699349675,0.914914914914915,0.09869780879136077
0.042131865694097055,0.4779555777888944,0.9159159159159159,0.09834022405837053
0.04203132703191596,0.47843716858429214,0.9169169169169169,0.09797674304041808
0.04193126883871937,0.4789187593796898,0.9179179179179179,0.09761181491088071
0.04183134110075038,0.47940035017508753,0.9189189189189189,0.09723911024023676
0.0417319089755878,0.4798819409704852,0.91991991991992,0.09686464281455023
0.041632554549774894,0.4803635317658829,0.9209209209209209,0.09648356930073818
0.04153371141015509,0.4808451225612806,0.9219219219219219,0.096098193742977
0.04143489968544273,0.4813267133566783,0.9229229229229229,0.09570860450459524
0.0413366228965983,0.48180830415207604,0.9239239239239239,0.09531218798496185
0.041238346107753884,0.4822898949474737,0.9249249249249248,0.09491198464185598
0.0411406020977989,0.48277148574287143,0.9259259259259259,0.09450429232789537
0.04104286950655328,0.4832530765382691,0.9269269269269269,0.09409271573409408
0.04094560939869935,0.4837346673336668,0.9279279279279279,0.0936729877891965
0.04084840029664834,0.4842162581290645,0.9289289289289289,0.0932477710101467
0.040751605753176594,0.4846978489244622,0.9299299299299298,0.09281551870842183
0.04065489846873438,0.4851794397198599,0.9309309309309309,0.09237768186145859
0.040558552575837924,0.4856610305152576,0.9319319319319319,0.09193238549821339
0.04046232736378189,0.48614262131065533,0.9329329329329329,0.0914791922458616
0.04036641339534768,0.486624212106053,0.9339339339339339,0.09101945410487744
0.04027065051045523,0.4871058029014507,0.9349349349349348,0.09055180362460653
0.040175152315157586,0.4875873936968484,0.9359359359359358,0.09007571089964204
0.0400798329753877,0.4880689844922461,0.9369369369369369,0.08959116591175181
0.03998473489359681,0.4885505752876438,0.9379379379379379,0.08909834910613834
0.03988984079849925,0.4890321660830415,0.9389389389389389,0.0885961909070693
0.03979513245812907,0.4895137568784392,0.9399399399399399,0.08808372131758443
0.03970065686543272,0.4899953476738369,0.9409409409409408,0.08756239514162358
0.03960633060880441,0.49047693846923457,0.9419419419419419,0.0870293650035378
0.03951226147873938,0.4909585292646323,0.9429429429429429,0.08648687310118827
0.039418300241120564,0.49144012006003,0.9439439439439439,0.08593259294138507
0.03932460193596799,0.4919217108554277,0.9449449449449449,0.08536392829143147
0.03923097997073537,0.4924033016508254,0.9459459459459458,0.08478592898367479
0.039137637561180605,0.4928848924462231,0.9469469469469469,0.08419142726766132
0.03904434202231116,0.4933664832416208,0.9479479479479479,0.08358182440779903
0.03895133913426715,0.49384807403701847,0.9489489489489489,0.0829590835392342
0.038858356299649836,0.4943296648324162,0.9499499499499499,0.08231990833762082
0.038765678966983505,0.49481125562781386,0.9509509509509508,0.08166261511151249
0.03867300163431717,0.4952928464232116,0.9519519519519518,0.08098852674938273
0.03858063031365684,0.49577443721860925,0.9529529529529529,0.08029644672002258
0.038488263607053534,0.496256028014007,0.9539539539539539,0.07958477613877667
0.03839616734887444,0.4967376188094047,0.9549549549549549,0.07885051567084105
0.0383040982653827,0.49721920960480237,0.9559559559559558,0.07809419006246449
0.03821226565412707,0.4977008004002001,0.9569569569569568,0.07731432223366534
0.03812048070920461,0.49818239119559776,0.9579579579579579,0.07650835273611832
0.03802890105012507,0.4986639819909955,0.9589589589589589,0.07567229447353785
0.03793738772241122,0.49914557278639315,0.9599599599599599,0.07480746935876005
0.03784605073586794,0.4996271635817909,0.960960960960961,0.07391583385180367
0.03775479698559281,0.5001087543771885,0.9619619619619618,0.07301996543839538
0.037663693634117056,0.5005903451725863,0.9629629629629628,0.07212391378998073
0.03757268934787392,0.501071935967984,0.9639639639639638,0.07122752219009851
0.037481817656128055,0.5015535267633817,0.9649649649649648,0.07033063441286717
0.03739106524187093,0.5020351175587794,0.965965965965966,0.06943304378924695
0.03730041424712356,0.502516708354177,0.9669669669669669,0.06853458975579396
0.037209887217358684,0.5029982991495747,0.9679679679679679,0.0676351364129115
0.037119440418509266,0.5034798899449724,0.9689689689689689,0.066734527534718
0.03702912817823911,0.5039614807403702,0.96996996996997,0.06583248488576288
0.036938876743371686,0.5044430715357678,0.970970970970971,0.06492892672858668
0.03684876917918958,0.5049246623311656,0.9719719719719719,0.06402370990401905
0.03675870496628313,0.5054062531265633,0.9729729729729729,0.06311665591229469
0.03666879389114557,0.505887843921961,0.9739739739739739,0.06220745369218217
0.036578909895547775,0.5063694347173586,0.9749749749749749,0.0612960896725978
0.03648918664082042,0.5068510255127563,0.9759759759759759,0.0603824076276601
0.036399475519359674,0.5073326163081541,0.976976976976977,0.05946616563598738
0.0363099314164082,0.5078142071035517,0.977977977977978,0.058547115172743705
0.03622038731345672,0.5082957978989495,0.978978978978979,0.05762524355206628
0.03613101268349174,0.5087773886943472,0.97997997997998,0.05670039454807359
0.03604163954527264,0.5092589794897449,0.980980980980981,0.05577223473674675
0.03595241708209105,0.5097405702851425,0.9819819819819819,0.05484063429168702
0.03586320864792397,0.5102221610805402,0.9829829829829829,0.05390555333123161
0.03577413183686845,0.5107037518759379,0.9839839839839839,0.05296683562949902
0.03568508040130065,0.5111853426713356,0.9849849849849849,0.05202402817881175
0.03559614344897447,0.5116669334667334,0.9859859859859859,0.05107717601325105
0.03550724226973486,0.5121485242621311,0.9869869869869868,0.050126183974332744
0.035418445736968486,0.5126301150575288,0.987987987987988,0.04917087354572987
0.03532969722201101,0.5131117058529264,0.988988988988989,0.048210710926421284
0.0352410340563782,0.5135932966483241,0.98998998998999,0.04724590530167469
0.03515242568434219,0.5140748874437218,0.990990990990991,0.046276300445608584
0.03506388784382191,0.5145564782391195,0.991991991991992,0.04530160640303236
0.034975411909254635,0.5150380690345172,0.9929929929929929,0.044321447943814894
0.03488699396488243,0.515519659829915,0.9939939939939939,0.043335987121197496
0.034798645170285136,0.5160012506253127,0.9949949949949949,0.04234506770929867
0.034710343000250124,0.5164828414207103,0.9959959959959959,0.04134826023304275
0.03462211701130566,0.516964432216108,0.9969969969969968,0.0403454041952315
0.034533926797999014,0.5174460230115057,0.9979979979979978,0.03933658643605839
0.0344458187987994,0.5179276138069034,0.998998998998999,0.038321650729641714
0.03435773668109055,0.5184092046023011,1.0,0.0373
0.034269742818909446,0.5188907953976989,,
0.03418176560555277,0.5193723861930966,,
0.03409388250925463,0.5198539769884942,,
0.03400600727343672,0.5203355677838919,,
0.033918230608704365,0.5208171585792896,,
0.03383045394397198,0.5212987493746873,,
0.03374278151305653,0.521780340170085,,
0.03365510935352675,0.5222619309654828,,
0.033567529446523255,0.5227435217608805,,
0.033479957457878934,0.5232251125562781,,
0.03339247169034518,0.5237067033516758,,
0.033305001798949484,0.5241882941470735,,
0.033217608473736886,0.5246698849424711,,
0.03313023827163582,0.5251514757378689,,
0.03304293301750874,0.5256330665332667,,
0.0329556567256128,0.5261146573286644,,
0.03286843701710855,0.526596248124062,,
0.032781252709054534,0.5270778389194597,,
0.03269411691435719,0.5275594297148574,,
0.032607022663781904,0.528041020510255,,
0.03251996981890946,0.5285226113056528,,
0.032432965144222115,0.5290042021010505,,
0.03234599428384191,0.5294857928964483,,
0.03225907725867934,0.5299673836918459,,
0.032172187346873445,0.5304489744872436,,
0.03208535797123563,0.5309305652826413,,
0.03199854867153578,0.5314121560780389,,
0.03191180550065032,0.5318937468734367,,
0.03182507581520761,0.5323753376688344,,
0.03173841884907453,0.5328569284642322,,
0.031651768777888944,0.5333385192596298,,
0.031565198016508256,0.5338201100550275,,
0.0314786275595798,0.5343017008504252,,
0.03139214300295149,0.5347832916458228,,
0.03130565844632318,0.5352648824412205,,
0.03121925916608305,0.5357464732366183,,
0.03113286659329664,0.5362280640320161,,
0.03104654734872436,0.5367096548274137,,
0.030960240980690345,0.5371912456228114,,
0.03087400172321161,0.5376728364182091,,
0.030787782041520773,0.5381544272136067,,
0.030701623179089543,0.5386360180090045,,
0.03061549066533267,0.5391176088044022,,
0.03052941320430216,0.5395991995997999,,
0.03044336930325164,0.5400807903951975,,
0.030357374205102552,0.5405623811905953,,
0.030271419879939976,0.541043971985993,,
0.03018550750945474,0.5415255627813906,,
0.03009964276018009,0.5420071535767884,,
0.030013814061080543,0.5424887443721861,,
0.02992804129564783,0.5429703351675838,,
0.029842297851925978,0.5434519259629814,,
0.029756618033516757,0.5439335167583792,,
0.0296709607761881,0.5444151075537769,,
0.029585375349574797,0.5448966983491745,,
0.029499805502501246,0.5453782891445723,,
0.02941431591245623,0.54585987993997,,
0.029328835280090053,0.5463414707353677,,
0.02924344971365684,0.5468230615307653,,
0.029158065124212106,0.5473046523261631,,
0.029072780691845927,0.5477862431215608,,
0.028987496259479748,0.5482678339169584,,
0.028902306655727877,0.5487494247123561,,
0.02881712383901951,0.5492310155077539,,
0.028732030145272643,0.5497126063031516,,
0.028646951352176098,0.5501941970985492,,
0.028561955608204098,0.550675787893947,,
0.02847698324667334,0.5511573786893447,,
0.028392086475337676,0.5516389694847423,,
0.028307221508554293,0.55212056028014,,
0.028222426338669334,0.5526021510755378,,
0.028137672619359684,0.5530837418709355,,
0.028052980987893956,0.5535653326663331,,
0.02796833996083043,0.5540469234617308,,
0.027883753777188595,0.5545285142571286,,
0.027799228331915966,0.5550101050525262,,
0.027714749852126075,0.5554916958479239,,
0.027630342396598298,0.5559732866433217,,
0.02754597366043022,0.5564548774387194,,
0.02746168660260131,0.556936468234117,,
0.027377430948474252,0.5574180590295147,,
0.0272932719937969,0.5578996498249125,,
0.02720913513656829,0.5583812406203101,,
0.027125107174587305,0.5588628314157078,,
0.02704109116218111,0.5593444222111055,,
0.026957192748124064,0.5598260130065033,,
0.02687329641750876,0.5603076038019009,,
0.026789529959329678,0.5607891945972986,,
0.026705763501150576,0.5612707853926964,,
0.026622123708304156,0.561752376188094,,
0.026538492095547785,0.5622339669834917,,
0.026454979747873954,0.5627155577788894,,
0.02637148635167584,0.5631971485742872,,
0.026288103926113065,0.5636787393696848,,
0.02620475163601802,0.5641603301650825,,
0.026121501580290165,0.5646419209604802,,
0.026038293285842926,0.5651235117558779,,
0.025955178047673846,0.5656051025512756,,
0.025872116638419228,0.5660866933466733,,
0.025789138933816912,0.566568284142071,,
0.025706227780890455,0.5670498749374687,,
0.025623390234067046,0.5675314657328664,,
0.025540632227013523,0.5680130565282641,,
0.02545793845357679,0.5684946473236618,,
0.025375339371485752,0.5689762381190595,,
0.025292796003001515,0.5694578289144572,,
0.025210366922461234,0.569939419709855,,
0.02512797886448225,0.5704210105052526,,
0.02504571304322162,0.5709026013006503,,
0.024963476268234135,0.571384192096048,,
0.0248813765957979,0.5718657828914457,,
0.024799293646273146,0.5723473736868434,,
0.024717363975387707,0.5728289644822411,,
0.02463543810440222,0.5733105552776387,,
0.024553681806203105,0.5737921460730365,,
0.024471925508004012,0.5742737368684342,,
0.024390335404402216,0.5747553276638319,,
0.02430875488684342,0.5752369184592296,,
0.024227330891745877,0.5757185092546273,,
0.024145930489144582,0.576200100050025,,
0.024064674747373702,0.5766816908454226,,
0.023983456867683845,0.5771632816408204,,
0.02390237245362682,0.5776448724362181,,
0.0238213409495748,0.5781264632316158,,
0.023740430510755396,0.5786080540270134,,
0.023659588271885947,0.5790896448224112,,
0.02357885479849926,0.5795712356178089,,
0.023498205677538787,0.5800528264132065,,
0.02341765805922962,0.5805344172086043,,
0.02333721746708355,0.581016008004002,,
0.02325685986643323,0.5814975987993997,,
0.023176621542421227,0.5819791895947973,,
0.023096450906953482,0.5824607803901951,,
0.023016415332666344,0.5829423711855928,,
0.02293643281410707,0.5834239619809904,,
0.02285660336068036,0.5839055527763881,,
0.02277681181470736,0.5843871435717859,,
0.022697191853276653,0.5848687343671836,,
0.0226175941355678,0.5853503251625812,,
0.02253818703726864,0.585831915957979,,
0.022458785989995008,0.5863135067533767,,
0.0223795946443722,0.5867950975487743,,
0.022300403298749397,0.587276688344172,,
0.022221420470135075,0.5877582791395698,,
0.022142448248324176,0.5882398699349675,,
0.0220636707413707,0.5887214607303651,,
0.021984921014507275,0.5892030515257628,,
0.021906351300250135,0.5896846423211606,,
0.021827826957878955,0.5901662331165582,,
0.021749467831865953,0.5906478239119559,,
0.021671172245122567,0.5911294147073537,,
0.02159303278314158,0.5916110055027514,,
0.021514978954977504,0.592092596298149,,
0.021437063317108575,0.5925741870935467,,
0.021359252210705358,0.5930557778889445,,
0.021281558601800914,0.5935373686843421,,
0.021203985882841437,0.5940189594797398,,
0.021126513639569806,0.5945005502751375,,
0.02104918219759881,0.5949821410705353,,
0.020971933931415724,0.5954637318659329,,
0.020894847137568805,0.5959453226613306,,
0.020817825450325168,0.5964269134567284,,
0.020740985712556288,0.596908504252126,,
0.02066419282421212,0.5973900950475237,,
0.02058760351365685,0.5978716858429214,,
0.020511042226613315,0.5983532766383192,,
0.020434706232816423,0.5988348674337168,,
0.020358378994797418,0.5993164582291145,,
0.02028229920730365,0.5997980490245123,,
0.0202062194198099,0.60027963981991,,
0.020130387774387193,0.6007612306153076,,
0.020054567082741375,0.6012428214107053,,
0.01997897684692345,0.6017244122061031,,
0.019903417659079534,0.6022060030015007,,
0.01982807552376188,0.6026875937968984,,
0.019752786026763385,0.6031691845922961,,
0.019677702084142063,0.6036507753876938,,
0.01960269479934967,0.6041323661830915,,
0.01952786427233617,0.6046139569784892,,
0.019453128123161568,0.605095547773887,,
0.0193785488344172,0.6055771385692846,,
0.019304085265632816,0.6060587293646823,,
0.019229759400300153,0.60654032016008,,
0.01915557178304151,0.6070219109554778,,
0.019081501586293143,0.6075035017508754,,
0.019007591846923463,0.6079850925462731,,
0.018933779450625316,0.6084666833416708,,
0.018860150960280132,0.6089482741370685,,
0.018786598830515255,0.6094298649324662,,
0.01871325351555778,0.6099114557278639,,
0.018639963377188585,0.6103930465232617,,
0.018566903645572782,0.6108746373186593,,
0.018493877594597297,0.611356228114057,,
0.018421106335867937,0.6118378189094547,,
0.018348346781190586,0.6123194097048524,,
0.018275865921710852,0.6128010005002501,,
0.01820338506223112,0.6132825912956478,,
0.018131186889644827,0.6137641820910454,,
0.018058999318959473,0.6142457728864432,,
0.017987091671485742,0.6147273636818409,,
0.01791521954277139,0.6152089544772386,,
0.017843590723761873,0.6156905452726363,,
0.01777201862611305,0.616172136068034,,
0.017700666192846423,0.6166537268634317,,
0.017629393163081545,0.6171353176588293,,
0.017558319151825905,0.6176169084542271,,
0.017487348561080536,0.6180984992496248,,
0.017416554987243624,0.6185800900450225,,
0.017345888761880947,0.6190616808404201,,
0.017275377257278634,0.6195432716358179,,
0.017205017323661833,0.6200248624312156,,
0.017134789313656834,0.6205064532266132,,
0.017064737116558273,0.620988044022011,,
0.016994794333916957,0.6214696348174087,,
0.01692505276288144,0.6219512256128064,,
0.016855397256878447,0.622432816408204,,
0.016785967756678333,0.6229144072036018,,
0.01671660075117559,0.6233959979989995,,
0.016647484766583294,0.6238775887943971,,
0.016578407662981482,0.6243591795897949,,
0.016509608083541766,0.6248407703851926,,
0.016440823910955478,0.6253223611805903,,
0.01637235614757379,0.6258039519759879,,
0.01630388838419209,0.6262855427713857,,
0.016235740140170082,0.6267671335667834,,
0.016167601784892446,0.627248724362181,,
0.016099749589194603,0.6277303151575787,,
0.01603193149179589,0.6282119059529765,,
0.015964377824212107,0.6286934967483742,,
0.015896883355827916,0.6291750875437718,,
0.01582962857528764,0.6296566783391696,,
0.015762457735917956,0.6301382691345673,,
0.01569550376158079,0.6306198599299649,,
0.015628659440770392,0.6311014507253626,,
0.01556200730515257,0.6315830415207604,,
0.015495489984492246,0.6320646323161581,,
0.015429140834217113,0.6325462231115557,,
0.015362952440070042,0.6330278139069534,,
0.01529690769754877,0.6335094047023512,,
0.015231049674687344,0.6339909954977488,,
0.01516531021860931,0.6344725862931465,,
0.015099783048624306,0.6349541770885443,,
0.015034349830015007,0.635435767883942,,
0.014969155920860433,0.6359173586793396,,
0.014904032166883447,0.6363989494747373,,
0.014839179705602798,0.6368805402701351,,
0.014774372786393198,0.6373621310655327,,
0.014709873331165586,0.6378437218609304,,
0.01464539156948475,0.6383253126563281,,
0.01458122874622311,0.6388069034517259,,
0.014517065922961482,0.6392884942471235,,
0.01445323215922962,0.6397700850425212,,
0.014389406449524758,0.640251675837919,,
0.014325885759529764,0.6407332666333166,,
0.014262399089744875,0.6412148574287143,,
0.014199191519509761,0.641696448224112,,
0.014136043889644819,0.6421780390195098,,
0.014073150877688845,0.6426596298149074,,
0.014010344214107058,0.6431412206103051,,
0.013947766423811915,0.6436228114057028,,
0.01388530120810405,0.6441044022011005,,
0.013823039047423715,0.6445859929964982,,
0.013760915761180596,0.6450675837918959,,
0.013698969887243617,0.6455491745872937,,
0.013637189493646824,0.6460307653826913,,
0.013575560934717363,0.646512356178089,,
0.013514124878539277,0.6469939469734867,,
0.013452814156328161,0.6474755377688844,,
0.013391721955977992,0.6479571285642821,,
0.013330736708254133,0.6484387193596798,,
0.0132700158144072,0.6489203101550776,,
0.013209368085442721,0.6494019009504752,,
0.013148992973786897,0.6498834917458729,,
0.013088664721560788,0.6503650825412706,,
0.013028636355277635,0.6508466733366683,,
0.012968628339169586,0.651328264132066,,
0.012908946718259134,0.6518098549274637,,
0.012849265097348683,0.6522914457228614,,
0.0127899250088044,0.6527730365182591,,
0.012730591096448226,0.6532546273136568,,
0.01267157169734868,0.6537362181090545,,
0.012612585011955975,0.6542178089044522,,
0.012553887491945973,0.6546993996998499,,
0.012495249478289148,0.6551809904952476,,
0.01243687397348675,0.6556625812906453,,
0.012378584631565782,0.656144172086043,,
0.012320530816208106,0.6566257628814407,,
0.012262589664432222,0.6571073536768384,,
0.01220485828634318,0.657588944472236,,
0.012147266769484742,0.6580705352676338,,
0.012089858044022015,0.6585521260630315,,
0.012032615680490253,0.6590337168584292,,
0.011975537381390693,0.6595153076538269,,
0.011918661990045024,0.6599968984492246,,
0.011861919394697353,0.6604784892446223,,
0.01180540230690346,0.6609600800400199,,
0.011748988213806901,0.6614416708354177,,
0.011692821242521263,0.6619232616308154,,
0.01163673028924463,0.662404852426213,,
0.011580912471285653,0.6628864432216107,,
0.011525144114057029,0.6633680340170085,,
0.011469676412606307,0.6638496248124062,,
0.011414231373686851,0.6643312156078038,,
0.011359113307153576,0.6648128064032016,,
0.011303995240620313,0.6652943971985993,,
0.01124922274137069,0.665775987993997,,
0.011194454309754888,0.6662575787893946,,
0.011140004276088045,0.6667391695847924,,
0.011085584997798903,0.6672207603801901,,
0.011031457826463238,0.6677023511755877,,
0.010977388183091557,0.6681839419709854,,
0.01092358355097549,0.6686655327663832,,
0.01086986306093047,0.6691471235617809,,
0.010816380888794405,0.6696287143571785,,
0.010763009552076036,0.6701103051525763,,
0.010709855094047026,0.670591895947974,,
0.010656841579289651,0.6710734867433716,,
0.010604021413306661,0.6715550775387693,,
0.010551372944372186,0.6720366683341671,,
0.010498882276788397,0.6725182591295648,,
0.010446581997999006,0.6729998499249624,,
0.010394412537968982,0.6734814407203602,,
0.010342459486143074,0.6739630315157579,,
0.010290610707003506,0.6744446223111555,,
0.010239004882141078,0.6749262131065532,,
0.010187476783891945,0.675407803901951,,
0.010136218185993,0.6758893946973487,,
0.010085010555677846,0.6763709854927463,,
0.010034097739969996,0.676852576288144,,
0.009983209456228116,0.6773341670835418,,
0.009932642422711361,0.6778157578789394,,
0.009882075389194604,0.6782973486743371,,
0.009831851755277638,0.6787789394697349,,
0.009781630022361182,0.6792605302651326,,
0.009731724406003006,0.6797421210605302,,
0.00968184701050526,0.6802237118559279,,
0.009632259406403202,0.6807053026513257,,
0.009582726348324164,0.6811868934467233,,
0.009533456387994004,0.681668484242121,,
0.009484267185742882,0.6821500750375187,,
0.009435331376188096,0.6826316658329165,,
0.009386510109304656,0.6831132566283141,,
0.00933789788924463,0.6835948474237118,,
0.009289418070235117,0.6840764382191096,,
0.009241121193796902,0.6845580290145072,,
0.009192982822661337,0.6850396198099049,,
0.009145000626213116,0.6855212106053026,,
0.009097202258179091,0.6860028014007004,,
0.009049533886643327,0.686484392196098,,
0.009002075040120069,0.6869659829914957,,
0.008954720085542782,0.6874475737868934,,
0.008907600278939472,0.6879291645822911,,
0.008860558111855934,0.6884107553776888,,
0.008813775900400209,0.6888923461730865,,
0.008767045444822413,0.6893739369684843,,
0.008720600346923466,0.6898555277638819,,
0.008674181157778897,0.6903371185592796,,
0.008628072210255137,0.6908187093546773,,
0.00858196347163582,0.691300300150075,,
0.008536189711305658,0.6917818909454727,,
0.008490415950975496,0.6922634817408704,,
0.008444951070985503,0.692745072536268,,
0.008399511534667338,0.6932266633316658,,
0.008354370023861937,0.6937082541270635,,
0.008309282048824421,0.6941898449224612,,
0.00826445519309655,0.6946714357178589,,
0.008219705776388198,0.6951530265132566,,
0.008175186241770892,0.6956346173086543,,
0.00813076767793898,0.696116208104052,,
0.008086553404152078,0.6965977988994497,,
0.008042465211605808,0.6970793896948474,,
0.007998555268734376,0.6975609804902451,,
0.007954796002701362,0.6980425712856427,,
0.007911189391045527,0.6985241620810405,,
0.007867758088344178,0.6990057528764382,,
0.007824453804652335,0.6994873436718358,,
0.0077813490205102575,0.6999689344672336,,
0.007738345991445727,0.7004505252626313,,
0.007695566762681348,0.700932116058029,,
0.007652864058629324,0.7014137068534266,,
0.007610408940470238,0.7018952976488244,,
0.007568005491345679,0.7023768884442221,,
0.007525874002201109,0.7028584792396197,,
0.0074837692798399216,0.7033400700350175,,
0.0074419594933466775,0.7038216608304152,,
0.007400151940720367,0.7043032516258129,,
0.007358673007103561,0.7047848424212105,,
0.007317194073486746,0.7052664332166083,,
0.0072760256205102606,0.705748024012006,,
0.007234880429314665,0.7062296148074036,,
0.007194006633816918,0.7067112056028013,,
0.007153179292546277,0.7071927963981991,,
0.00711259829804903,0.7076743871935968,,
0.007072087843521769,0.7081559779889944,,
0.007031798496548276,0.7086375687843922,,
0.006991603483992001,0.7091191595797899,,
0.006951604861430723,0.7096007503751876,,
0.0069117243276638415,0.7100823411705852,,
0.006872015085742874,0.710563931965983,,
0.006832447104402207,0.7110455227613807,,
0.006793026292646331,0.7115271135567783,,
0.006753770382141081,0.712008704352176,,
0.006714636831415712,0.7124902951475738,,
0.006675690583791903,0.7129718859429715,,
0.006636842868234126,0.7134534767383691,,
0.006598205801900953,0.7139350675337669,,
0.006559643163581796,0.7144166583291646,,
0.0065213133521760955,0.7148982491245622,,
0.00648303463831917,0.7153798399199599,,
0.006445013045022515,0.7158614307153577,,
0.0064070205342671395,0.7163430215107554,,
0.006369324496348182,0.716824612306153,,
0.006331632353976999,0.7173062031015507,,
0.006294238755077543,0.7177877938969485,,
0.006256845156178096,0.7182693846923461,,
0.006219734318909464,0.7187509754877438,,
0.006182642677438722,0.7192325662831416,,
0.006145809055827919,0.7197141570785393,,
0.006109017445422719,0.7201957478739369,,
0.006072459784992506,0.7206773386693346,,
0.006035966760880444,0.7211589294647324,,
0.00599968383776889,0.72164052026013,,
0.0059634879551775976,0.7221221110555277,,
0.005927478241820921,0.7226037018509254,,
0.005891577574387198,0.7230852926463232,,
0.005855840239619816,0.7235668834417208,,
0.005820234305752885,0.7240484742371185,,
0.005784768251425714,0.7245300650325163,,
0.005749455124762381,0.7250116558279139,,
0.00571425871905953,0.7254932466233116,,
0.005679236473236621,0.7259748374187093,,
0.005644308240770382,0.726456428214107,,
0.005609575431015506,0.7269380190095047,,
0.0055749184538769385,0.7274196098049024,,
0.005540490972686338,0.7279012006003002,,
0.005506113414707351,0.7283827913956978,,
0.005471976332766383,0.7288643821910955,,
0.0054378665128064045,0.7293459729864932,,
0.0054040150142071,0.729827563781891,,
0.005370168889344671,0.7303091545772886,,
0.005336600084542271,0.7307907453726863,,
0.005303031279739872,0.731272336168084,,
0.005269728022211102,0.7317539269634817,,
0.005236440948024011,0.7322355177588794,,
0.005203396631015509,0.7327171085542771,,
0.005170389842671331,0.7331986993496749,,
0.005137602862031013,0.7336802901450725,,
0.005104874433166583,0.7341618809404702,,
0.0050723435005502766,0.7346434717358679,,
0.005039891986393193,0.7351250625312656,,
0.005007615877938968,0.7356066533266633,,
0.004975439833716859,0.736088244122061,,
0.004943417055727866,0.7365698349174586,,
0.0049115145550775365,0.7370514257128564,,
0.004879743708754377,0.7375330165082541,,
0.004848113306903453,0.7380146073036518,,
0.00481659689614807,0.7384961980990495,,
0.004785246298549273,0.7389777888944472,,
0.004753988300550275,0.7394593796898449,,
0.004722917507203604,0.7399409704852425,,
0.004691914735367681,0.7404225612806403,,
0.004661111224912455,0.740904152076038,,
0.004630354873036519,0.7413857428714357,,
0.004599816237518762,0.7418673336668333,,
0.004569304461530763,0.7423489244622311,,
0.00453903021935968,0.7428305152576288,,
0.004508762562881442,0.7433121060530264,,
0.004478750306103048,0.7437936968484242,,
0.004448738049324661,0.7442752876438219,,
0.004418972963781892,0.7447568784392196,,
0.004389221247623814,0.7452384692346172,,
0.004359695523761879,0.745720060030015,,
0.004330202903451726,0.7462016508254127,,
0.004300914934167085,0.7466832416208103,,
0.0042716794833416736,0.747164832416208,,
0.004242627983241619,0.7476464232116058,,
0.0042136482571285645,0.7481280140070035,,
0.004184832002351178,0.7486096048024011,,
0.004156106556178087,0.7490911955977989,,
0.004127525414007003,0.7495727863931966,,
0.004099054729364684,0.7500543771885942,,
0.004070715006953479,0.7505359679839919,,
0.004042511605202599,0.7510175587793897,,
0.004014410964632316,0.7514991495747874,,
0.003986456063731868,0.751980740370185,,
0.003958584601050523,0.7524623311655828,,
0.003930877237818909,0.7529439219609805,,
0.0039032338860930473,0.7534255127563781,,
0.003875772134167086,0.7539071035517758,,
0.003848355261580788,0.7543886943471736,,
0.0038211371945972984,0.7548702851425713,,
0.0037939452730865447,0.7553518759379689,,
0.0037669699278639348,0.7558334667333666,,
0.003740002111405701,0.7563150575287644,,
0.0037132675615807907,0.756796648324162,,
0.00368653301175588,0.7572782391195597,,
0.0036600265375687823,0.7577598299149575,,
0.0036335308567783885,0.7582414207103552,,
0.003607244143671837,0.7587230115057528,,
0.0035809863687343703,0.7592046023011505,,
0.003554917442221109,0.7596861930965483,,
0.0035288951651825913,0.760167783891946,,
0.0035030426842421226,0.7606493746873436,,
0.0034772544603301685,0.7611309654827413,,
0.003451626890345172,0.7616125562781391,,
0.0034260862041020517,0.7620941470735367,,
0.003400678974987496,0.7625757378689344,,
0.0033753713786893427,0.7630573286643322,,
0.0033501775080540266,0.7635389194597298,,
0.0033250991489744883,0.7640205102551275,,
0.0033001163836918488,0.7645021010505252,,
0.0032752658170585283,0.764983691845923,,
0.0032504927679839926,0.7654652826413206,,
0.003225868067433719,0.7659468734367183,,
0.0032013031027513794,0.766428464232116,,
0.00317690234192096,0.7669100550275137,,
0.0031525440131065546,0.7673916458229114,,
0.00312836622881441,0.7678732366183091,,
0.003104213555477738,0.7683548274137069,,
0.0030802563397698854,0.7688364182091045,,
0.0030563073541770903,0.7693180090045022,,
0.0030325702254627345,0.7697995997998999,,
0.0030088330967483735,0.7702811905952976,,
0.0029853046824412214,0.7707627813906953,,
0.00296178475117559,0.771244372186093,,
0.0029384565032516295,0.7717259629814907,,
0.002915153287843922,0.7722075537768884,,
0.0028920298572286157,0.7726891445722861,,
0.002868949136768387,0.7731707353676838,,
0.0028460301340170074,0.7736523261630815,,
0.0028231704637318666,0.7741339169584792,,
0.0028004489858429234,0.7746155077538769,,
0.0027778002523261664,0.7750970985492746,,
0.002755272748674337,0.7755786893446723,,
0.002732833507153578,0.77606028014007,,
0.002710498753876941,0.7765418709354677,,
0.0026882675595797886,0.7770234617308655,,
0.002666124537868935,0.7775050525262631,,
0.0026441004276138084,0.7779866433216608,,
0.0026221476486243153,0.7784682341170585,,
0.0026003277328664324,0.7789498249124562,,
0.0025785634059529773,0.7794314157078539,,
0.002556947203101553,0.7799130065032516,,
0.0025353706365182625,0.7803945972986492,,
0.002513956220210105,0.780876188094047,,
0.0024925658399199612,0.7813577788894447,,
0.002471351765382694,0.7818393696848424,,
0.002450146347523761,0.7823209604802401,,
0.002429131169984993,0.7828025512756378,,
0.0024081159924462248,0.7832841420710355,,
0.0023872940940470266,0.7837657328664331,,
0.002366478776688344,0.7842473236618309,,
0.0023458483214607315,0.7847289144572286,,
0.0023252405697348696,0.7852105052526263,,
0.002304790440620314,0.7856920960480239,,
0.0022843762883941973,0.7861736868434217,,
0.0022641038919459745,0.7866552776388194,,
0.0022438818944472264,0.787136868434217,,
0.002223786325262631,0.7876184592296148,,
0.0022037555193096556,0.7881000500250125,,
0.0021838353981991016,0.7885816408204102,,
0.0021639938574287178,0.7890632316158078,,
0.002144248042221111,0.7895448224112056,,
0.002124594803451727,0.7900264132066033,,
0.002105021854227116,0.7905080040020009,,
0.002085554509504756,0.7909895947973986,,
0.0020661529000500253,0.7914711855927964,,
0.0020468704861930985,0.7919527763881941,,
0.002027639131865936,0.7924343671835917,,
0.0020085397225112554,0.7929159579789895,,
0.001989477284142072,0.7933975487743872,,
0.0019705603976988514,0.7938791395697848,,
0.0019516662244122094,0.7943607303651825,,
0.0019329294529264634,0.7948423211605803,,
0.001914202150575289,0.795323911955978,,
0.001895656089044525,0.7958055027513756,,
0.0018771100275137608,0.7962870935467733,,
0.00185873831655828,0.7967686843421711,,
0.0018403714068034036,0.7972502751375687,,
0.0018221621281140602,0.7977318659329664,,
0.0018039709989994997,0.7982134567283642,,
0.0017859228770885454,0.7986950475237619,,
0.0017679060838419233,0.7991766383191595,,
0.0017500178948474273,0.7996582291145572,,
0.0017321739926963488,0.800139819909955,,
0.00171444451275638,0.8006214107053526,,
0.001696772056928467,0.8011030015007503,,
0.0016792003467733904,0.801584592296148,,
0.0016616983740870444,0.8020661830915458,,
0.0016442831222611327,0.8025477738869434,,
0.0016269497063531799,0.8030293646823411,,
0.0016096894919959983,0.8035109554777389,,
0.0015925231880940484,0.8039925462731365,,
0.0015754169614807427,0.8044741370685342,,
0.0015584168064032052,0.8049557278639319,,
0.001541463476988495,0.8054373186593297,,
0.001524627544372188,0.8059189094547273,,
0.001507827188844425,0.806400500250125,,
0.001491161739369685,0.8068820910455228,,
0.0014745183238119072,0.8073636818409204,,
0.0014580195047523784,0.8078452726363181,,
0.001441529631215611,0.8083268634317158,,
0.001425191181890946,0.8088084542271136,,
0.0014088527325662847,0.8092900450225112,,
0.0013926694514257154,0.8097716358179089,,
0.00137648944547274,0.8102532266133066,,
0.001360452059629816,0.8107348174087043,,
0.001344430015457731,0.811216408204102,,
0.0013285365249624842,0.8116979989994997,,
0.001312670034617309,0.8121795897948975,,
0.0012969198444222124,0.8126611805902951,,
0.001281208426313159,0.8131427713856928,,
0.0012656004797398732,0.8136243621810905,,
0.001250042689094548,0.8141059529764882,,
0.0012345757622811422,0.8145875437718859,,
0.0012191701543271662,0.8150691345672836,,
0.0012038430234117094,0.8155507253626813,,
0.0011885881533766894,0.816032316158079,,
0.0011733998084042041,0.8165139069534767,,
0.0011582947131065563,0.8169954977488744,,
0.001143245046523262,0.8174770885442721,,
0.0011282906891445738,0.8179586793396698,,
0.0011133814987493772,0.8184402701350675,,
0.0010985822136068068,0.8189218609304652,,
0.0010838142743371693,0.8194034517258629,,
0.0010691609112056047,0.8198850425212606,,
0.0010545274048024038,0.8203666333166583,,
0.0010400175557278677,0.8208482241120559,,
0.0010255165914957493,0.8213298149074537,,
0.0010111502564782414,0.8218114057028514,,
0.0009967839214607335,0.822292996498249,,
0.0009825571151075546,0.8227745872936468,,
0.0009683323677838936,0.8232561780890445,,
0.0009542354489744897,0.8237377688844422,,
0.000940151326163085,0.8242193596798398,,
0.0009261826770885454,0.8247009504752376,,
0.000912237252426215,0.8251825412706353,,
0.0008983963336668362,0.825664132066033,,
0.0008845891255627852,0.8261457228614306,,
0.0008708748745372701,0.8266273136568284,,
0.0008572044382191118,0.8271089044522261,,
0.0008436159215607836,0.8275904952476237,,
0.0008300812938469243,0.8280720860430215,,
0.0008166174419709872,0.8285536768384192,,
0.000803217178089047,0.8290352676338169,,
0.0007898808874437252,0.8295168584292145,,
0.0007766226928464244,0.8299984492246123,,
0.0007634140092546293,0.83048004002001,,
0.0007502882521260659,0.8309616308154076,,
0.0007372014512756384,0.8314432216108054,,
0.0007242066868434232,0.8319248124062031,,
0.000711240438469237,0.8324064032016008,,
0.0006983747403701883,0.8328879939969984,,
0.000685527551825914,0.8333695847923962,,
0.0006727899568784411,0.8338511755877939,,
0.0006600610450225139,0.8343327663831915,,
0.0006474510716358214,0.8348143571785892,,
0.0006348410982491259,0.835295947973987,,
0.0006223552849424734,0.8357775387693847,,
0.0006098705251625842,0.8362591295647823,,
0.000597500352676339,0.8367407203601801,,
0.0005851408065032532,0.8372223111555778,,
0.0005728850631315682,0.8377039019509754,,
0.0005606492857928996,0.8381854927463731,,
0.0005485071147573799,0.8386670835417709,,
0.0005363941430715376,0.8391486743371686,,
0.0005243640679339697,0.8396302651325662,,
0.0005123719755377724,0.8401118559279639,,
0.000500456766183093,0.8405934467233617,,
0.0004885908505752898,0.8410750375187593,,
0.0004767903751875967,0.841556628314157,,
0.0004650472652326173,0.8420382191095548,,
0.00045335778889444894,0.8425198099049525,,
0.0004417321870935492,0.8430014007003501,,
0.0004301510522261162,0.8434829914957478,,
0.00041864247698849546,0.8439645822911456,,
0.0004071689832916478,0.8444461730865432,,
0.00039577598984492517,0.8449277638819409,,
0.00038440913216608645,0.8454093546773386,,
0.00037313123891946127,0.8458909454727364,,
0.00036187046423211827,0.846372536268134,,
0.0003507062264132095,0.8468541270635317,,
0.0003395503108554288,0.8473357178589295,,
0.0003284982836918477,0.8478173086543271,,
0.00031744625652826666,0.8482988994497248,,
0.00030650618359179905,0.8487804902451225,,
0.00029556636708354307,0.8492620810405203,,
0.00028472815142571375,0.8497436718359179,,
0.0002738986192096052,0.8502252626313156,,
0.0002631614427213616,0.8507068534267133,,
0.00025244123161580705,0.851188444222111,,
0.00024180649859929947,0.8516700350175087,,
0.00023119753496748425,0.8521516258129064,,
0.00022066687723861807,0.8526332166083042,,
0.00021017108744372128,0.8531148074037018,,
0.00019974050525262642,0.8535963981990995,,
0.00018935066543271712,0.8540779889944972,,
0.00017901767358679245,0.8545595797898949,,
0.00016873330215107525,0.8550411705852926,,
0.00015849726993496784,0.8555227613806903,,
0.0001483174037018496,0.8560043521760881,,
0.00013817751520760313,0.8564859429714857,,
0.00012810119099549772,0.8569675337668834,,
0.00011805648119059592,0.8574491245622811,,
0.0001080822542271125,0.8579307153576788,,
9.813169017008464e-05,0.8584123061530765,,
8.825893438719383e-05,0.8588938969484742,,
7.840194044522347e-05,0.8593754877438718,,
6.862974082040944e-05,0.8598570785392696,,
5.88655341470734e-05,0.8603386693346673,,
4.919287933967032e-05,0.860820260130065,,
3.952060341670724e-05,0.8613018509254627,,
2.9946530245122062e-05,0.8617834417208604,,
2.0372457073536884e-05,0.8622650325162581,,
1.0888959109555499e-05,0.8627466233116557,,
1.412552551274784e-06,0.8632282141070535,,
0.0,0.8637098049024512,,
0.0,0.8641913956978489,,
0.0,0.8646729864932465,,
0.0,0.8651545772886443,,
0.0,0.865636168084042,,
0.0,0.8661177588794396,,
0.0,0.8665993496748374,,
0.0,0.8670809404702351,,
0.0,0.8675625312656328,,
0.0,0.8680441220610304,,
0.0,0.8685257128564282,,
0.0,0.8690073036518259,,
0.0,0.8694888944472235,,
0.0,0.8699704852426212,,
0.0,0.870452076038019,,
0.0,0.8709336668334167,,
0.0,0.8714152576288143,,
0.0,0.8718968484242121,,
0.0,0.8723784392196098,,
0.0,0.8728600300150074,,
0.0,0.8733416208104051,,
0.0,0.8738232116058029,,
0.0,0.8743048024012006,,
0.0,0.8747863931965982,,
0.0,0.8752679839919959,,
0.0,0.8757495747873937,,
0.0,0.8762311655827913,,
0.0,0.876712756378189,,
0.0,0.8771943471735868,,
0.0,0.8776759379689845,,
0.0,0.8781575287643821,,
0.0,0.8786391195597798,,
0.0,0.8791207103551776,,
0.0,0.8796023011505752,,
0.0,0.8800838919459729,,
0.0,0.8805654827413706,,
0.0,0.8810470735367684,,
0.0,0.881528664332166,,
0.0,0.8820102551275637,,
0.0,0.8824918459229615,,
0.0,0.8829734367183592,,
0.0,0.8834550275137568,,
0.0,0.8839366183091545,,
0.0,0.8844182091045523,,
0.0,0.8848997998999499,,
0.0,0.8853813906953476,,
0.0,0.8858629814907454,,
0.0,0.886344572286143,,
0.0,0.8868261630815407,,
0.0,0.8873077538769384,,
0.0,0.8877893446723362,,
0.0,0.8882709354677338,,
0.0,0.8887525262631315,,
0.0,0.8892341170585292,,
0.0,0.889715707853927,,
0.0,0.8901972986493246,,
0.0,0.8906788894447223,,
0.0,0.8911604802401201,,
0.0,0.8916420710355177,,
0.0,0.8921236618309154,,
0.0,0.8926052526263131,,
0.0,0.8930868434217109,,
0.0,0.8935684342171085,,
0.0,0.8940500250125062,,
0.0,0.8945316158079039,,
0.0,0.8950132066033016,,
0.0,0.8954947973986993,,
0.0,0.895976388194097,,
0.0,0.8964579789894948,,
0.0,0.8969395697848924,,
0.0,0.8974211605802901,,
0.0,0.8979027513756878,,
0.0,0.8983843421710855,,
0.0,0.8988659329664832,,
0.0,0.8993475237618809,,
0.0,0.8998291145572785,,
0.0,0.9003107053526763,,
0.0,0.900792296148074,,
0.0,0.9012738869434717,,
0.0,0.9017554777388694,,
0.0,0.9022370685342671,,
0.0,0.9027186593296648,,
0.0,0.9032002501250624,,
0.0,0.9036818409204602,,
0.0,0.9041634317158579,,
0.0,0.9046450225112556,,
0.0,0.9051266133066532,,
0.0,0.905608204102051,,
0.0,0.9060897948974487,,
0.0,0.9065713856928463,,
0.0,0.9070529764882441,,
0.0,0.9075345672836418,,
0.0,0.9080161580790395,,
0.0,0.9084977488744371,,
0.0,0.9089793396698349,,
0.0,0.9094609304652326,,
0.0,0.9099425212606302,,
0.0,0.910424112056028,,
0.0,0.9109057028514257,,
0.0,0.9113872936468234,,
0.0,0.911868884442221,,
0.0,0.9123504752376188,,
0.0,0.9128320660330165,,
0.0,0.9133136568284141,,
0.0,0.9137952476238118,,
0.0,0.9142768384192096,,
0.0,0.9147584292146073,,
0.0,0.9152400200100049,,
0.0,0.9157216108054027,,
0.0,0.9162032016008004,,
0.0,0.916684792396198,,
0.0,0.9171663831915957,,
0.0,0.9176479739869935,,
0.0,0.9181295647823912,,
0.0,0.9186111555777888,,
0.0,0.9190927463731865,,
0.0,0.9195743371685843,,
0.0,0.920055927963982,,
0.0,0.9205375187593796,,
0.0,0.9210191095547774,,
0.0,0.9215007003501751,,
0.0,0.9219822911455727,,
0.0,0.9224638819409704,,
0.0,0.9229454727363682,,
0.0,0.9234270635317658,,
0.0,0.9239086543271635,,
0.0,0.9243902451225612,,
0.0,0.924871835917959,,
0.0,0.9253534267133566,,
0.0,0.9258350175087543,,
0.0,0.9263166083041521,,
0.0,0.9267981990995497,,
0.0,0.9272797898949474,,
0.0,0.9277613806903451,,
0.0,0.9282429714857429,,
0.0,0.9287245622811405,,
0.0,0.9292061530765382,,
0.0,0.9296877438719359,,
0.0,0.9301693346673336,,
0.0,0.9306509254627313,,
0.0,0.931132516258129,,
0.0,0.9316141070535268,,
0.0,0.9320956978489244,,
0.0,0.9325772886443221,,
0.0,0.9330588794397198,,
0.0,0.9335404702351175,,
0.0,0.9340220610305152,,
0.0,0.9345036518259129,,
0.0,0.9349852426213107,,
0.0,0.9354668334167083,,
0.0,0.935948424212106,,
0.0,0.9364300150075037,,
0.0,0.9369116058029014,,
0.0,0.9373931965982991,,
0.0,0.9378747873936968,,
0.0,0.9383563781890945,,
0.0,0.9388379689844922,,
0.0,0.9393195597798899,,
0.0,0.9398011505752876,,
0.0,0.9402827413706853,,
0.0,0.940764332166083,,
0.0,0.9412459229614807,,
0.0,0.9417275137568784,,
0.0,0.9422091045522761,,
0.0,0.9426906953476738,,
0.0,0.9431722861430715,,
0.0,0.9436538769384691,,
0.0,0.9441354677338669,,
0.0,0.9446170585292646,,
0.0,0.9450986493246623,,
0.0,0.94558024012006,,
0.0,0.9460618309154577,,
0.0,0.9465434217108554,,
0.0,0.947025012506253,,
0.0,0.9475066033016508,,
0.0,0.9479881940970485,,
0.0,0.9484697848924462,,
0.0,0.9489513756878438,,
0.0,0.9494329664832416,,
0.0,0.9499145572786393,,
0.0,0.9503961480740369,,
0.0,0.9508777388694347,,
0.0,0.9513593296648324,,
0.0,0.95184092046023,,
0.0,0.9523225112556277,,
0.0,0.9528041020510255,,
0.0,0.9532856928464232,,
0.0,0.9537672836418208,,
0.0,0.9542488744372185,,
0.0,0.9547304652326163,,
0.0,0.955212056028014,,
0.0,0.9556936468234116,,
0.0,0.9561752376188094,,
0.0,0.9566568284142071,,
0.0,0.9571384192096047,,
0.0,0.9576200100050024,,
0.0,0.9581016008004002,,
0.0,0.9585831915957979,,
0.0,0.9590647823911955,,
0.0,0.9595463731865933,,
0.0,0.960027963981991,,
0.0,0.9605095547773886,,
0.0,0.9609911455727863,,
0.0,0.9614727363681841,,
0.0,0.9619543271635818,,
0.0,0.9624359179589794,,
0.0,0.9629175087543771,,
0.0,0.9633990995497749,,
0.0,0.9638806903451725,,
0.0,0.9643622811405702,,
0.0,0.964843871935968,,
0.0,0.9653254627313657,,
0.0,0.9658070535267633,,
0.0,0.966288644322161,,
0.0,0.9667702351175588,,
0.0,0.9672518259129564,,
0.0,0.9677334167083541,,
0.0,0.9682150075037518,,
0.0,0.9686965982991496,,
0.0,0.9691781890945472,,
0.0,0.9696597798899449,,
0.0,0.9701413706853427,,
0.0,0.9706229614807403,,
0.0,0.971104552276138,,
0.0,0.9715861430715357,,
0.0,0.9720677338669335,,
0.0,0.9725493246623311,,
0.0,0.9730309154577288,,
0.0,0.9735125062531265,,
0.0,0.9739940970485242,,
0.0,0.9744756878439219,,
0.0,0.9749572786393196,,
0.0,0.9754388694347174,,
0.0,0.975920460230115,,
0.0,0.9764020510255127,,
0.0,0.9768836418209104,,
0.0,0.9773652326163081,,
0.0,0.9778468234117058,,
0.0,0.9783284142071035,,
0.0,0.9788100050025011,,
0.0,0.9792915957978989,,
0.0,0.9797731865932966,,
0.0,0.9802547773886943,,
0.0,0.980736368184092,,
0.0,0.9812179589794897,,
0.0,0.9816995497748874,,
0.0,0.982181140570285,,
0.0,0.9826627313656828,,
0.0,0.9831443221610805,,
0.0,0.9836259129564782,,
0.0,0.9841075037518758,,
0.0,0.9845890945472736,,
0.0,0.9850706853426713,,
0.0,0.985552276138069,,
0.0,0.9860338669334667,,
0.0,0.9865154577288644,,
0.0,0.9869970485242621,,
0.0,0.9874786393196597,,
0.0,0.9879602301150575,,
0.0,0.9884418209104552,,
0.0,0.9889234117058529,,
0.0,0.9894050025012506,,
0.0,0.9898865932966483,,
0.0,0.990368184092046,,
0.0,0.9908497748874436,,
0.0,0.9913313656828414,,
0.0,0.9918129564782391,,
0.0,0.9922945472736368,,
0.0,0.9927761380690344,,
0.0,0.9932577288644322,,
0.0,0.9937393196598299,,
0.0,0.9942209104552275,,
0.0,0.9947025012506253,,
0.0,0.995184092046023,,
0.0,0.9956656828414207,,
0.0,0.9961472736368183,,
0.0,0.9966288644322161,,
0.0,0.9971104552276138,,
0.0,0.9975920460230114,,
0.0,0.9980736368184091,,
0.0,0.9985552276138069,,
0.0,0.9990368184092046,,
0.0,0.9995184092046022,,
0.0,1.0,,
