Q_exp,V_fit,dqdv_fit,dvdq_fit,V_fit_anode,dqdv_fit_anode,dvdq_fit_anode,V_fit_cathode,dqdv_fit_cathode,dvdq_fit_cathode,dqdv_fit_si,dqdv_fit_gr,SoCs,Q_si,Q_gr,x_si,x_gr
4.705228031145718,,,,,,,,,,,,2.6806083650190113,,,,
4.698553948832036,,,,,,,,,,,,2.6768060836501895,,,,
4.691879866518354,,,,,,,,,,,,2.6730038022813685,,,,
4.685205784204673,,,,,,,,,,,,2.6692015209125475,,,,
4.678531701890991,,,,,,,,,,,,2.6653992395437265,,,,
4.671857619577309,,,,,,,,,,,,2.6615969581749046,,,,
4.665183537263626,,,,,,,,,,,,2.657794676806083,,,,
4.658509454949945,,,,,,,,,,,,2.653992395437262,,,,
4.651835372636263,,,,,,,,,,,,2.650190114068441,,,,
4.645161290322581,,,,,,,,,,,,2.6463878326996193,,,,
4.6384872080088995,,,,,,,,,,,,2.6425855513307983,,,,
4.631813125695217,,,,,,,,,,,,2.638783269961977,,,,
4.625139043381536,,,,,,,,,,,,2.6349809885931554,,,,
4.618464961067854,,,,,,,,,,,,2.6311787072243344,,,,
4.611790878754172,,,,,,,,,,,,2.627376425855513,,,,
4.605116796440489,,,,,,,,,,,,2.6235741444866916,,,,
4.598442714126808,,,,,,,,,,,,2.61977186311787,,,,
4.591768631813126,,,,,,,,,,,,2.615969581749049,,,,
4.585094549499445,,,,,,,,,,,,2.612167300380228,,,,
4.5784204671857625,,,,,,,,,,,,2.6083650190114067,,,,
4.57174638487208,,,,,,,,,,,,2.604562737642585,,,,
4.565072302558399,,,,,,,,,,,,2.600760456273764,,,,
4.558398220244717,,,,,,,,,,,,2.596958174904943,,,,
4.551724137931036,,,,,,,,,,,,2.593155893536122,,,,
4.545050055617353,,,,,,,,,,,,2.5893536121673,,,,
4.538375973303671,,,,,,,,,,,,2.5855513307984785,,,,
4.531701890989989,,,,,,,,,,,,2.5817490494296575,,,,
4.525027808676308,,,,,,,,,,,,2.5779467680608366,,,,
4.5183537263626254,,,,,,,,,,,,2.5741444866920147,,,,
4.511679644048944,,,,,,,,,,,,2.5703422053231937,,,,
4.505005561735262,,,,,,,,,,,,2.5665399239543722,,,,
4.49833147942158,,,,,,,,,,,,2.5627376425855513,,,,
4.491657397107899,,,,,,,,,,,,2.55893536121673,,,,
4.484983314794216,,,,,,,,,,,,2.5551330798479084,,,,
4.478309232480534,,,,,,,,,,,,2.551330798479087,,,,
4.471635150166852,,,,,,,,,,,,2.547528517110266,,,,
4.464961067853171,,,,,,,,,,,,2.5437262357414445,,,,
4.458286985539489,,,,,,,,,,,,2.5399239543726235,,,,
4.451612903225807,,,,,,,,,,,,2.536121673003802,,,,
4.4449388209121246,,,,,,,,,,,,2.5323193916349807,,,,
4.438264738598443,,,,,,,,,,,,2.528517110266159,,,,
4.431590656284762,,,,,,,,,,,,2.5247148288973382,,,,
4.42491657397108,,,,,,,,,,,,2.5209125475285172,,,,
4.418242491657398,,,,,,,,,,,,2.517110266159696,,,,
4.411568409343715,,,,,,,,,,,,2.513307984790874,,,,
4.404894327030034,,,,,,,,,,,,2.509505703422053,,,,
4.398220244716352,,,,,,,,,,,,2.505703422053232,,,,
4.39154616240267,,,,,,,,,,,,2.5019011406844105,,,,
4.384872080088988,,,,,,,,,,,,2.498098859315589,,,,
4.378197997775306,,,,,,,,,,,,2.4942965779467676,,,,
4.3715239154616246,,,,,,,,,,,,2.4904942965779466,,,,
4.364849833147943,,,,,,,,,,,,2.4866920152091256,,,,
4.358175750834261,,,,,,,,,,,,2.4828897338403038,,,,
4.351501668520578,,,,,,,,,,,,2.4790874524714823,,,,
4.344827586206897,,,,,,,,,,,,2.4752851711026613,,,,
4.338153503893215,,,,,,,,,,,,2.4714828897338403,,,,
4.331479421579534,,,,,,,,,,,,2.467680608365019,,,,
4.324805339265851,,,,,,,,,,,,2.4638783269961975,,,,
4.318131256952169,,,,,,,,,,,,2.460076045627376,,,,
4.3114571746384875,,,,,,,,,,,,2.4562737642585546,,,,
4.304783092324806,,,,,,,,,,,,2.4524714828897336,,,,
4.2981090100111246,,,,,,,,,,,,2.4486692015209126,,,,
4.291434927697442,,,,,,,,,,,,2.444866920152091,,,,
4.28476084538376,,,,,,,,,,,,2.4410646387832693,,,,
4.278086763070078,,,,,,,,,,,,2.4372623574144483,,,,
4.271412680756397,,,,,,,,,,,,2.4334600760456273,,,,
4.264738598442714,,,,,,,,,,,,2.429657794676806,,,,
4.258064516129033,,,,,,,,,,,,2.4258555133079844,,,,
4.2513904338153505,,,,,,,,,,,,2.422053231939163,,,,
4.244716351501669,,,,,,,,,,,,2.418250950570342,,,,
4.2380422691879875,,,,,,,,,,,,2.414448669201521,,,,
4.231368186874305,,,,,,,,,,,,2.410646387832699,,,,
4.224694104560623,,,,,,,,,,,,2.4068441064638777,,,,
4.218020022246941,,,,,,,,,,,,2.4030418250950567,,,,
4.21134593993326,,,,,,,,,,,,2.3992395437262357,,,,
4.204671857619578,,,,,,,,,,,,2.3954372623574147,,,,
4.197997775305896,,,,,,,,,,,,2.391634980988593,,,,
4.1913236929922135,,,,,,,,,,,,2.3878326996197714,,,,
4.184649610678532,,,,,,,,,,,,2.3840304182509504,,,,
4.1779755283648505,,,,,,,,,,,,2.380228136882129,,,,
4.171301446051169,,,,,,,,,,,,2.376425855513308,,,,
4.164627363737487,,,,,,,,,,,,2.3726235741444865,,,,
4.157953281423804,,,,,,,,,,,,2.368821292775665,,,,
4.151279199110123,,,,,,,,,,,,2.3650190114068437,,,,
4.144605116796441,,,,,,,,,,,,2.3612167300380227,,,,
4.137931034482759,,,,,,,,,,,,2.3574144486692012,,,,
4.131256952169077,,,,,,,,,,,,2.3536121673003803,,,,
4.124582869855395,,,,,,,,,,,,2.3498098859315584,,,,
4.1179087875417135,,,,,,,,,,,,2.3460076045627374,,,,
4.111234705228032,,,,,,,,,,,,2.3422053231939164,,,,
4.10456062291435,,,,,,,,,,,,2.338403041825095,,,,
4.097886540600668,,,,,,,,,,,,2.3346007604562735,,,,
4.091212458286986,,,,,,,,,,,,2.330798479087452,,,,
4.084538375973304,,,,,,,,,,,,2.326996197718631,,,,
4.077864293659623,,,,,,,,,,,,2.32319391634981,,,,
4.07119021134594,,,,,,,,,,,,2.319391634980988,,,,
4.064516129032258,,,,,,,,,,,,2.315589353612167,,,,
4.0578420467185765,,,,,,,,,,,,2.311787072243346,,,,
4.051167964404895,,,,,,,,,,,,2.307984790874525,,,,
4.0444938820912135,,,,,,,,,,,,2.3041825095057034,,,,
4.037819799777531,,,,,,,,,,,,2.300380228136882,,,,
4.031145717463849,,,,,,,,,,,,2.2965779467680605,,,,
4.024471635150167,,,,,,,,,,,,2.2927756653992395,,,,
4.017797552836486,,,,,,,,,,,,2.288973384030418,,,,
4.011123470522803,,,,,,,,,,,,2.2851711026615966,,,,
4.004449388209122,,,,,,,,,,,,2.2813688212927756,,,,
3.99777530589544,,,,,,,,,,,,2.277566539923954,,,,
3.991101223581758,,,,,,,,,,,,2.2737642585551328,,,,
3.984427141268076,,,,,,,,,,,,2.2699619771863118,,,,
3.977753058954394,,,,,,,,,,,,2.2661596958174903,,,,
3.9710789766407126,,,,,,,,,,,,2.2623574144486693,,,,
3.9644048943270302,,,,,,,,,,,,2.2585551330798475,,,,
3.9577308120133488,,,,,,,,,,,,2.2547528517110265,,,,
3.951056729699667,,,,,,,,,,,,2.250950570342205,,,,
3.944382647385985,,,,,,,,,,,,2.2471482889733836,,,,
3.937708565072303,,,,,,,,,,,,2.2433460076045626,,,,
3.931034482758621,,,,,,,,,,,,2.239543726235741,,,,
3.9243604004449395,,,,,,,,,,,,2.23574144486692,,,,
3.9176863181312576,,,,,,,,,,,,2.2319391634980987,,,,
3.9110122358175756,,,,,,,,,,,,2.2281368821292773,,,,
3.9043381535038937,,,,,,,,,,,,2.224334600760456,,,,
3.8976640711902117,,,,,,,,,,,,2.220532319391635,,,,
3.89098998887653,,,,,,,,,,,,2.2167300380228134,,,,
3.884315906562848,,,,,,,,,,,,2.212927756653992,,,,
3.8776418242491664,,,,,,,,,,,,2.209125475285171,,,,
3.8709677419354844,,,,,,,,,,,,2.2053231939163496,,,,
3.8642936596218025,,,,,,,,,,,,2.201520912547528,,,,
3.8576195773081206,,,,,,,,,,,,2.197718631178707,,,,
3.8509454949944386,,,,,,,,,,,,2.1939163498098857,,,,
3.844271412680757,,,,,,,,,,,,2.1901140684410647,,,,
3.8375973303670747,,,,,,,,,,,,2.186311787072243,,,,
3.8309232480533932,,,,,,,,,,,,2.182509505703422,,,,
3.8242491657397113,,,,,,,,,,,,2.1787072243346004,,,,
3.8175750834260294,,,,,,,,,,,,2.1749049429657794,,,,
3.8109010011123474,,,,,,,,,,,,2.171102661596958,,,,
3.8042269187986655,,,,,,,,,,,,2.1673003802281365,,,,
3.797552836484984,,,,,,,,,,,,2.1634980988593155,,,,
3.790878754171302,,,,,,,,,,,,2.159695817490494,,,,
3.78420467185762,,,,,,,,,,,,2.1558935361216727,,,,
3.777530589543938,,,,,,,,,,,,2.1520912547528517,,,,
3.7708565072302562,,,,,,,,,,,,2.1482889733840302,,,,
3.7641824249165743,,,,,,,,,,,,2.144486692015209,,,,
3.7575083426028923,,,,,,,,,,,,2.1406844106463874,,,,
3.750834260289211,,,,,,,,,,,,2.1368821292775664,,,,
3.744160177975529,,,,,,,,,,,,2.133079847908745,,,,
3.737486095661847,,,,,,,,,,,,2.129277566539924,,,,
3.730812013348165,,,,,,,,,,,,2.1254752851711025,,,,
3.724137931034483,,,,,,,,,,,,2.121673003802281,,,,
3.7174638487208016,,,,,,,,,,,,2.11787072243346,,,,
3.710789766407119,,,,,,,,,,,,2.1140684410646386,,,,
3.7041156840934377,,,,,,,,,,,,2.110266159695817,,,,
3.697441601779756,,,,,,,,,,,,2.106463878326996,,,,
3.690767519466074,,,,,,,,,,,,2.102661596958175,,,,
3.684093437152392,,,,,,,,,,,,2.0988593155893533,,,,
3.67741935483871,,,,,,,,,,,,2.095057034220532,,,,
3.6707452725250285,,,,,,,,,,,,2.091254752851711,,,,
3.664071190211346,,,,,,,,,,,,2.0874524714828895,,,,
3.6573971078976646,,,,,,,,,,,,2.0836501901140685,,,,
3.6507230255839827,,,,,,,,,,,,2.079847908745247,,,,
3.6440489432703007,,,,,,,,,,,,2.0760456273764256,,,,
3.637374860956619,,,,,,,,,,,,2.0722433460076046,,,,
3.630700778642937,,,,,,,,,,,,2.068441064638783,,,,
3.6240266963292553,,,,,,,,,,,,2.0646387832699618,,,,
3.6173526140155734,,,,,,,,,,,,2.0608365019011408,,,,
3.6106785317018915,,,,,,,,,,,,2.0570342205323193,,,,
3.6040044493882095,,,,,,,,,,,,2.053231939163498,,,,
3.5973303670745276,,,,,,,,,,,,2.0494296577946765,,,,
3.590656284760846,,,,,,,,,,,,2.0456273764258555,,,,
3.5839822024471637,,,,,,,,,,,,2.041825095057034,,,,
3.577308120133482,,,,,,,,,,,,2.038022813688213,,,,
3.5706340378198003,,,,,,,,,,,,2.0342205323193916,,,,
3.5639599555061183,,,,,,,,,,,,2.03041825095057,,,,
3.5572858731924364,,,,,,,,,,,,2.0266159695817487,,,,
3.5506117908787544,,,,,,,,,,,,2.0228136882129273,,,,
3.543937708565073,,,,,,,,,,,,2.0190114068441063,,,,
3.5372636262513906,,,,,,,,,,,,2.015209125475285,,,,
3.530589543937709,,,,,,,,,,,,2.011406844106464,,,,
3.523915461624027,,,,,,,,,,,,2.0076045627376424,,,,
3.517241379310345,,,,,,,,,,,,2.003802281368821,,,,
3.5105672969966637,,,,,,,,,,,,2.0,,,,
3.5038932146829813,,,,,,,,,,,,1.9961977186311783,,,,
3.4972191323693,,,,,,,,,,,,1.9923954372623573,,,,
3.490545050055618,,,,,,,,,,,,1.988593155893536,,,,
3.483870967741936,,,,,,,,,,,,1.9847908745247147,,,,
3.477196885428254,,,,,,,,,,,,1.9809885931558933,,,,
3.470522803114572,,,,,,,,,,,,1.977186311787072,,,,
3.4638487208008906,,,,,,,,,,,,1.9733840304182508,,,,
3.457174638487208,,,,,,,,,,,,1.9695817490494294,,,,
3.4505005561735267,,,,,,,,,,,,1.9657794676806082,,,,
3.4438264738598448,,,,,,,,,,,,1.961977186311787,,,,
3.437152391546163,,,,,,,,,,,,1.9581749049429655,,,,
3.430478309232481,,,,,,,,,,,,1.9543726235741443,,,,
3.423804226918799,,,,,,,,,,,,1.9505703422053229,,,,
3.4171301446051174,,,,,,,,,,,,1.946768060836502,,,,
3.410456062291435,,,,,,,,,,,,1.9429657794676802,,,,
3.4037819799777536,,,,,,,,,,,,1.9391634980988592,,,,
3.3971078976640716,,,,,,,,,,,,1.9353612167300378,,,,
3.3904338153503897,,,,,,,,,,,,1.9315589353612166,,,,
3.383759733036708,,,,,,,,,,,,1.9277566539923954,,,,
3.377085650723026,,,,,,,,,,,,1.923954372623574,,,,
3.3704115684093443,,,,,,,,,,,,1.9201520912547527,,,,
3.3637374860956624,,,,,,,,,,,,1.9163498098859315,,,,
3.3570634037819804,,,,,,,,,,,,1.91254752851711,,,,
3.3503893214682985,,,,,,,,,,,,1.9087452471482889,,,,
3.3437152391546165,,,,,,,,,,,,1.9049429657794674,,,,
3.337041156840935,,,,,,,,,,,,1.9011406844106464,,,,
3.3303670745272527,,,,,,,,,,,,1.8973384030418248,,,,
3.323692992213571,,,,,,,,,,,,1.8935361216730038,,,,
3.3170189098998892,,,,,,,,,,,,1.8897338403041823,,,,
3.3103448275862073,,,,,,,,,,,,1.8859315589353611,,,,
3.3036707452725254,,,,,,,,,,,,1.8821292775665397,,,,
3.2969966629588434,,,,,,,,,,,,1.8783269961977185,,,,
3.290322580645162,,,,,,,,,,,,1.8745247148288973,,,,
3.2836484983314795,,,,,,,,,,,,1.8707224334600756,,,,
3.276974416017798,,,,,,,,,,,,1.8669201520912546,,,,
3.270300333704116,,,,,,,,,,,,1.8631178707224334,,,,
3.263626251390434,,,,,,,,,,,,1.859315589353612,,,,
3.2569521690767527,,,,,,,,,,,,1.855513307984791,,,,
3.2502780867630703,,,,,,,,,,,,1.8517110266159693,,,,
3.243604004449389,,,,,,,,,,,,1.8479087452471483,,,,
3.236929922135707,,,,,,,,,,,,1.8441064638783269,,,,
3.230255839822025,,,,,,,,,,,,1.8403041825095057,,,,
3.223581757508343,,,,,,,,,,,,1.8365019011406842,,,,
3.216907675194661,,,,,,,,,,,,1.8326996197718628,,,,
3.2102335928809795,,,,,,,,,,,,1.8288973384030418,,,,
3.203559510567297,,,,,,,,,,,,1.8250950570342201,,,,
3.1968854282536157,,,,,,,,,,,,1.8212927756653992,,,,
3.1902113459399337,,,,,,,,,,,,1.8174904942965777,,,,
3.183537263626252,,,,,,,,,,,,1.8136882129277565,,,,
3.17686318131257,,,,,,,,,,,,1.809885931558935,,,,
3.170189098998888,,,,,,,,,,,,1.8060836501901139,,,,
3.1635150166852064,,,,,,,,,,,,1.8022813688212926,,,,
3.156840934371524,,,,,,,,,,,,1.7984790874524712,,,,
3.1501668520578425,,,,,,,,,,,,1.79467680608365,,,,
3.1434927697441606,,,,,,,,,,,,1.7908745247148288,,,,
3.1368186874304786,,,,,,,,,,,,1.7870722433460073,,,,
3.130144605116797,,,,,,,,,,,,1.7832699619771863,,,,
3.1234705228031148,,,,,,,,,,,,1.7794676806083647,,,,
3.1167964404894333,,,,,,,,,,,,1.7756653992395437,,,,
3.1101223581757513,,,,,,,,,,,,1.7718631178707223,,,,
3.1034482758620694,,,,,,,,,,,,1.768060836501901,,,,
3.0967741935483875,,,,,,,,,,,,1.7642585551330796,,,,
3.0901001112347055,,,,,,,,,,,,1.7604562737642584,,,,
3.083426028921024,,,,,,,,,,,,1.7566539923954372,,,,
3.0767519466073416,,,,,,,,,,,,1.7528517110266157,,,,
3.07007786429366,,,,,,,,,,,,1.7490494296577945,,,,
3.063403781979978,,,,,,,,,,,,1.7452471482889733,,,,
3.0567296996662963,,,,,,,,,,,,1.7414448669201519,,,,
3.0500556173526143,,,,,,,,,,,,1.7376425855513307,,,,
3.0433815350389324,,,,,,,,,,,,1.7338403041825092,,,,
3.036707452725251,,,,,,,,,,,,1.7300380228136882,,,,
3.0300333704115685,,,,,,,,,,,,1.7262357414448666,,,,
3.023359288097887,,,,,,,,,,,,1.7224334600760456,,,,
3.016685205784205,,,,,,,,,,,,1.7186311787072241,,,,
3.010011123470523,,,,,,,,,,,,1.714828897338403,,,,
3.0033370411568416,,,,,,,,,,,,1.7110266159695817,,,,
2.9966629588431593,,,,,,,,,,,,1.7072243346007603,,,,
2.9899888765294778,,,,,,,,,,,,1.703422053231939,,,,
2.983314794215796,,,,,,,,,,,,1.6996197718631179,,,,
2.976640711902114,,,,,,,,,,,,1.6958174904942964,,,,
2.969966629588432,,,,,,,,,,,,1.6920152091254752,,,,
2.96329254727475,,,,,,,,,,,,1.6882129277566538,,,,
2.9566184649610685,,,,,,,,,,,,1.6844106463878328,,,,
2.949944382647386,,,,,,,,,,,,1.6806083650190111,,,,
2.9432703003337046,,,,,,,,,,,,1.6768060836501901,,,,
2.9365962180200227,,,,,,,,,,,,1.6730038022813687,,,,
2.9299221357063407,,,,,,,,,,,,1.6692015209125475,,,,
2.923248053392659,,,,,,,,,,,,1.665399239543726,,,,
2.916573971078977,,,,,,,,,,,,1.6615969581749048,,,,
2.9098998887652954,,,,,,,,,,,,1.6577946768060836,,,,
2.903225806451613,,,,,,,,,,,,1.653992395437262,,,,
2.8965517241379315,,,,,,,,,,,,1.650190114068441,,,,
2.8898776418242496,,,,,,,,,,,,1.6463878326996197,,,,
2.8832035595105676,,,,,,,,,,,,1.6425855513307983,,,,
2.876529477196886,,,,,,,,,,,,1.6387832699619773,,,,
2.8698553948832037,,,,,,,,,,,,1.6349809885931557,,,,
2.8631813125695222,,,,,,,,,,,,1.6311787072243347,,,,
2.8565072302558403,,,,,,,,,,,,1.6273764258555132,,,,
2.8498331479421584,,,,,,,,,,,,1.6235741444866918,,,,
2.8431590656284764,,,,,,,,,,,,1.6197718631178706,,,,
2.8364849833147945,,,,,,,,,,,,1.6159695817490491,,,,
2.829810901001113,,,,,,,,,,,,1.6121673003802282,,,,
2.8231368186874306,,,,,,,,,,,,1.6083650190114065,,,,
2.816462736373749,,,,,,,,,,,,1.6045627376425855,,,,
2.809788654060067,,,,,,,,,,,,1.600760456273764,,,,
2.8031145717463852,,,,,,,,,,,,1.5969581749049429,,,,
2.7964404894327033,,,,,,,,,,,,1.5931558935361214,,,,
2.7897664071190214,,,,,,,,,,,,1.5893536121673002,,,,
2.78309232480534,,,,,,,,,,,,1.585551330798479,,,,
2.7764182424916575,,,,,,,,,,,,1.5817490494296575,,,,
2.769744160177976,,,,,,,,,,,,1.5779467680608363,,,,
2.763070077864294,,,,,,,,,,,,1.5741444866920151,,,,
2.756395995550612,,,,,,,,,,,,1.5703422053231937,,,,
2.7497219132369306,,,,,,,,,,,,1.5665399239543727,,,,
2.743047830923248,,,,,,,,,,,,1.562737642585551,,,,
2.7363737486095667,,,,,,,,,,,,1.55893536121673,,,,
2.729699666295885,,,,,,,,,,,,1.5551330798479086,,,,
2.723025583982203,,,,,,,,,,,,1.5513307984790874,,,,
2.716351501668521,,,,,,,,,,,,1.547528517110266,,,,
2.709677419354839,,,,,,,,,,,,1.5437262357414447,,,,
2.703003337041157,,,,,,,,,,,,1.5399239543726233,,,,
2.6963292547274755,,,,,,,,,,,,1.5361216730038023,,,,
2.6896551724137936,,,,,,,,,,,,1.5323193916349809,,,,
2.6829810901001117,,,,,,,,,,,,1.5285171102661597,,,,
2.6763070077864297,,,,,,,,,,,,1.5247148288973382,,,,
2.6696329254727478,,,,,,,,,,,,1.520912547528517,,,,
2.662958843159066,,,,,,,,,,,,1.5171102661596956,,,,
2.6562847608453843,,,,,,,,,,,,1.5133079847908746,,,,
2.6496106785317024,,,,,,,,,,,,1.5095057034220531,,,,
2.6429365962180205,,,,,,,,,,,,1.505703422053232,,,,
2.6362625139043385,,,,,,,,,,,,1.5019011406844105,,,,
2.6295884315906566,,,,,,,,,,,,1.4980988593155893,,,,
2.6229143492769746,,,,,,,,,,,,1.4942965779467678,,,,
2.616240266963293,,,,,,,,,,,,1.4904942965779469,,,,
2.609566184649611,,,,,,,,,,,,1.4866920152091254,,,,
2.6028921023359293,,,,,,,,,,,,1.4828897338403042,,,,
2.5962180200222473,,,,,,,,,,,,1.4790874524714828,,,,
2.5895439377085654,,,,,,,,,,,,1.4752851711026616,,,,
2.5828698553948835,,,,,,,,,,,,1.4714828897338401,,,,
2.5761957730812015,,,,,,,,,,,,1.467680608365019,,,,
2.56952169076752,,,,,,,,,,,,1.4638783269961977,,,,
2.562847608453838,,,,,,,,,,,,1.4600760456273765,,,,
2.556173526140156,,,,,,,,,,,,1.456273764258555,,,,
2.549499443826474,,,,,,,,,,,,1.4524714828897338,,,,
2.5428253615127923,,,,,,,,,,,,1.4486692015209124,,,,
2.5361512791991103,,,,,,,,,,,,1.4448669201520912,,,,
2.529477196885429,,,,,,,,,,,,1.44106463878327,,,,
2.522803114571747,,,,,,,,,,,,1.4372623574144487,,,,
2.516129032258065,,,,,,,,,,,,1.4334600760456273,,,,
2.509454949944383,,,,,,,,,,,,1.429657794676806,,,,
2.502780867630701,,,,,,,,,,,,1.4258555133079847,,,,
2.496106785317019,,,,,,,,,,,,1.4220532319391632,,,,
2.4894327030033376,,,,,,,,,,,,1.4182509505703422,,,,
2.4827586206896557,,,,,,,,,,,,1.414448669201521,,,,
2.4760845383759738,,,,,,,,,,,,1.4106463878326996,,,,
2.469410456062292,,,,,,,,,,,,1.4068441064638781,,,,
2.46273637374861,,,,,,,,,,,,1.403041825095057,,,,
2.456062291434928,,,,,,,,,,,,1.3992395437262355,,,,
2.449388209121246,,,,,,,,,,,,1.3954372623574143,,,,
2.4427141268075645,,,,,,,,,,,,1.391634980988593,,,,
2.4360400444938826,,,,,,,,,,,,1.3878326996197718,,,,
2.4293659621802006,,,,,,,,,,,,1.3840304182509504,,,,
2.4226918798665187,,,,,,,,,,,,1.3802281368821292,,,,
2.4160177975528367,,,,,,,,,,,,1.3764258555133078,,,,
2.409343715239155,,,,,,,,,,,,1.3726235741444865,,,,
2.4026696329254733,,,,0.03789607856121896,2.503786417857498,0.3993950893206398,,,,,,1.3688212927756653,1.2292816424248065,1.1792452763572574,0.9994159694510621,0.9993604036925912
2.3959955506117914,,,,0.04056167426302526,2.5762060124369337,0.3881677145276363,,,,,,1.3650190114068441,1.2260407861799785,1.1758862060034136,0.9967811269755922,0.996513733901198
2.3893214682981094,,,,0.04307740511776143,2.735158154388803,0.3656095712035561,,,,,,1.3612167300380227,1.222933904369179,1.1724729001748644,0.9942552068042105,0.9936211018431055
2.3826473859844275,,,,0.045441891008790244,2.916773028225173,0.34284464040333296,,,,,,1.3574144486692015,1.219972942964792,1.1681387118532736,0.9918479211095871,0.9899480608926048
2.3759733036707456,,,,0.04765375181947449,3.1262414878714533,0.3198729221269674,,,,,,1.35361216730038,1.2171672166649405,1.1644488968338718,0.9895668428170249,0.9868210990117559
2.3692992213570636,,,,0.04971160743317695,3.370471248565367,0.29669441637446026,,,,,,1.3498098859315588,1.2145283120229022,1.1610945575226128,0.9874213918885385,0.9839784385784855
2.362625139043382,,,,0.051614077733260315,3.7046478574319197,0.26993118873468447,,,,,,1.3460076045627376,1.2120646071373955,1.1564171815096191,0.9854183797865005,0.9800145606013723
2.3559510567297,,,,0.053314693378467407,4.084784059784595,0.24481098275063617,,,,,,1.3422053231939164,1.2098440467069513,1.152112400251238,0.9836130461032124,0.9763664408908796
2.3492769744160182,,,,0.054881855033602545,4.41764758961141,0.22636481967271704,,,,,,1.338403041825095,1.2077833592627254,1.1480804592209433,0.9819376904575003,0.9729495417126639
2.3426028921023363,,,,0.05633624825730237,4.846516277916132,0.20633377516065465,,,,,,1.3346007604562737,1.2058584261177832,1.142287159898641,0.9803727041607994,0.9680399660157976
2.3359288097886544,,,,0.057636032232632445,5.391369928165982,0.1854816147517031,,,,,,1.3307984790874523,1.2041297350223543,1.137767218400739,0.9789672642458166,0.9642095071192704
2.3292547274749724,,,,0.05881208738635739,5.87666265663137,0.17016460845707648,,,,,,1.326996197718631,1.2025579355989817,1.1318316608317351,0.9776893785357574,0.9591793735862163
2.3225806451612905,,,,0.05990741744006842,6.381008461134507,0.15671504059128072,,,,,,1.3231939163498097,1.2010887346142483,1.1262295441198757,0.9764949061904458,0.9544318170507422
2.315906562847609,,,,0.060903945547753746,6.947713346426714,0.14393224794087267,,,,,,1.3193916349809887,1.1997476526018458,1.1226978163316925,0.9754045956112568,0.9514388273997395
2.309232480533927,,,,0.06182864878076966,7.375118368552867,0.13559104410634948,,,,,,1.3155893536121672,1.1984997444622971,1.1177426533866797,0.9743900361482091,0.9472395367683726
2.302558398220245,,,,0.06271383712648146,7.9059533427235404,0.1264869594658533,,,,,,1.311787072243346,1.197302249342068,1.1110257413718891,0.97341646287973,0.9415472384507536
2.295884315906563,,,,0.06351701753893457,8.589089285245775,0.11642677899713849,,,,,,1.3079847908745246,1.1962133075872443,1.1049248932465305,0.9725311443798734,0.936377028175026
2.2892102335928812,,,,0.06426792093956897,9.385374239982173,0.10654876134187052,,,,,,1.3041825095057034,1.1951933617324761,1.0992211345938108,0.9717019201077043,0.9315433344015346
2.2825361512791993,,,,0.06493924794616757,10.493229243844297,0.09529954761892157,,,,,,1.300380228136882,1.1942802301133348,1.0940998247208842,0.970959536677508,0.9272032412888849
2.275862068965518,,,,0.0655399949900996,11.240049264938824,0.08896758158519003,,,,,,1.296577946768061,1.1934616236775626,1.088869352841459,0.9702940029898882,0.9227706380012366
2.269187986651836,,,,0.06612680187166506,11.663216118671448,0.08573964417919999,,,,,,1.2927756653992395,1.1926613389701453,1.0830003469894096,0.9696433650163783,0.9177969042283133
2.262513904338154,,,,0.06668446187569517,12.445049419028146,0.08035323656256654,,,,,,1.2889733840304183,1.1919001682936081,1.076386587686036,0.9690245270679742,0.9121920234627423
2.255839822024472,,,,0.06719937010164372,13.484597207811188,0.07415868524576563,,,,,,1.2851711026615968,1.1911963409990602,1.0698679670929703,0.9684523097553335,0.9066677687228561
2.24916573971079,,,,0.06767434421490451,14.60965134411098,0.06844790313241056,,,,,,1.2813688212927756,1.190546930367782,1.0638558230228683,0.9679243336323432,0.9015727313753121
2.242491657397108,,,,0.06811302398105298,15.695220811471687,0.06371366239518572,,,,,,1.2775665399239542,1.189946436486843,1.0583140569191223,0.9674361272250757,0.8968763194229851
2.2358175750834266,,,,0.06852480466956772,16.743036652040974,0.059726322099288964,,,,,,1.2737642585551332,1.1893827638426429,1.0524477577781937,0.9669778567826365,0.8919048794730455
2.2291434927697447,,,,0.06891026076102122,17.93416236074089,0.05575950411763131,,,,,,1.2699619771863118,1.1888545540787905,1.0466686089269213,0.9665484179502362,0.8870072957007807
2.2224694104560627,,,,0.06926909171007004,19.41863255461906,0.051496931989793104,,,,,,1.2661596958174905,1.188362816210462,1.0404430269451892,0.9661486310654164,0.8817313787671095
2.215795328142381,,,,0.06959765028702514,21.22018212547662,0.047124948979557324,,,,,,1.2623574144486691,1.187912346273122,1.0339597870507249,0.9657823953440017,0.8762371076701059
2.209121245828699,,,,0.06989812328710529,23.326470462177145,0.04286975183928732,,,,,,1.258555133079848,1.1875001853925322,1.0271127324728433,0.9654473051971807,0.8704345190447825
2.202447163515017,,,,0.07016988279211019,25.718635347870826,0.03888231185185287,,,,,,1.2547528517110265,1.1871274110106025,1.0206259446412218,0.9651442365939857,0.8649372412213745
2.195773081201335,,,,0.07041713078679632,28.13556751830164,0.035542201142718,,,,,,1.2509505703422052,1.18678816625766,1.0143944158880887,0.9648684278517561,0.8596562846509226
2.1890989988876535,,,,0.07064430594418206,30.63802633774927,0.03263917815645634,,,,,,1.247148288973384,1.1864763043326412,1.00836549611352,0.9646148815712531,0.854547030604678
2.1824249165739715,,,,0.07085280391013053,33.72339145006676,0.029653008105091416,,,,,,1.2433460076045628,1.1861900821163942,1.002558515701079,0.9643821805824344,0.8496258607636263
2.1757508342602896,,,,0.07104011917806538,37.81926944989239,0.02644154724683201,,,,,,1.2395437262357414,1.1859329391227862,0.996816300262447,0.9641731212380376,0.8447595764935992
2.1690767519466077,,,,0.07120575003578347,43.26359497932516,0.02311412171082594,,,,,,1.2357414448669202,1.185705564093206,0.9891789093546443,0.9639882634904113,0.8382872113174952
2.1624026696329257,,,,0.07134865027987841,49.934353045161096,0.020026293303441633,,,,,,1.2319391634980987,1.1855093011947722,0.9825896479089838,0.9638287001583514,0.8327030914482915
2.1557285873192438,,,,0.07147306429567368,57.12956067931294,0.017504072989696695,,,,,,1.2281368821292773,1.1853384133575031,0.9768528034216161,0.9636897669573197,0.827841358831878
2.1490545050055623,,,,0.07158229752779428,64.7567227880121,0.015442412107135262,,,,,,1.2243346007604563,1.185188376959468,0.9693752674265806,0.963567786145909,0.8215044639208311
2.1423804226918803,,,,0.07167919215472329,71.8669486755782,0.01391460217010465,,,,,,1.220532319391635,1.1850552881500358,0.9622606174814334,0.9634595838618177,0.8154750995605369
2.1357063403781984,,,,0.07176803192828511,77.7314217542442,0.012864810361524093,,,,,,1.2167300380228137,1.1849332630174942,0.9557374086087518,0.9633603764369871,0.8099469564480948
2.1290322580645165,,,,0.07185091376132874,84.94342234342848,0.011772541915687995,,,,,,1.2129277566539922,1.184819421364629,0.9496516714775322,0.9632678222476658,0.8047895520996036
2.1223581757508345,,,,0.07192517375585826,93.57329896405733,0.010686809282892895,,,,,,1.209125475285171,1.1847174221663905,0.9441990072509268,0.9631848960702362,0.8001686502126498
2.1156840934371526,,,,0.07199356305097804,98.99170224119149,0.010101856795668773,,,,,,1.2053231939163496,1.1846234866185288,0.9383340840427643,0.963108525706121,0.7951983763074274
2.109010011123471,,,,0.0720600150034089,104.34469390848137,0.00958362100210941,,,,,,1.2015209125475286,1.1845322120916146,0.930509230782591,0.9630343187736705,0.7885671447310093
2.102335928809789,,,,0.07212148680184044,110.77189703306541,0.009027560480448393,,,,,,1.1977186311787074,1.1844477780138314,0.9232708008377949,0.9629656731819767,0.7824328820659279
2.095661846496107,,,,0.07218051636688541,115.74402758306294,0.00863975464550304,,,,,,1.193916349809886,1.1843666689494976,0.9163199488674287,0.9628997308532501,0.7765423295486684
2.0889877641824253,,,,0.07223681166918865,121.14809179384663,0.00825436030558091,,,,,,1.1901140684410645,1.1842893156691483,0.9096910619251193,0.9628368420074376,0.7709246287501011
2.0823136818687433,,,,0.07229069692713788,125.3451054542877,0.007977974061098791,,,,,,1.1863117870722433,1.1842152739410765,0.9033459626328446,0.9627766454805501,0.7655474259600379
2.0756395995550614,,,,0.07234330298034904,129.83577182389214,0.0077020376276299984,,,,,,1.1825095057034218,1.1841429899206408,0.8971514923138211,0.9627178779842609,0.7602978748422213
2.0689655172413794,,,,0.07239350499335764,138.58087006976635,0.0072160031864179075,,,,,,1.1787072243346006,1.1840740092024018,0.891240102643723,0.9626617960995137,0.7552882225794263
2.062291434927698,,,,0.07243962337883293,151.74208156899778,0.006590129709966419,,,,,,1.1749049429657794,1.1840106396448193,0.8858095684646756,0.9626102761339995,0.7506860749700641
2.055617352614016,,,,0.07248147112964196,167.7323482982342,0.0059618792090239126,,,,,,1.1711026615969582,1.1839531382074369,0.8785402071161668,0.9625635269979161,0.7445255992509888
2.048943270300334,,,,0.07251920352400344,185.78598130984383,0.005382537438776147,,,,,,1.1673003802281368,1.1839012915282312,0.870610661535649,0.9625213752262043,0.7378056453691941
2.042269187986652,,,,0.07255331812548768,203.94053267491464,0.004903390154393783,,,,,,1.1634980988593155,1.1838544159236133,0.8634414030772835,0.9624832649785474,0.7317300026078674
2.03559510567297,,,,0.07258465478301648,218.544692440784,0.004575723111056362,,,,,,1.159695817490494,1.183811357388427,0.8568559356448391,0.9624482580393716,0.726149098004101
2.0289210233592883,,,,0.0726143956308633,224.67759565139806,0.004450822063947868,,,,,,1.155893536121673,1.1837704915959506,0.8506058311233693,0.9624150338178461,0.7208523992570927
2.0222469410456068,,,,0.07264406508865318,218.34190957043083,0.00457997276824873,,,,,,1.1520912547528517,1.1837297238978952,0.8443707293792252,0.9623818893478824,0.715568414728157
2.015572858731925,,,,0.07267552986136272,211.8191441255375,0.004721008594989584,,,,,,1.1482889733840305,1.183686489324406,0.837758338260054,0.962346739288135,0.7099646934407238
2.008898776418243,,,,0.0727070818885863,211.5262599892609,0.0047275454123321126,,,,,,1.144486692015209,1.1836431348577354,0.831127610413044,0.9623114917542565,0.7043454325534271
2.002224694104561,,,,0.07273863391580987,212.98085022592136,0.004695257808104536,,,,,,1.1406844106463878,1.183599780391065,0.8244968825660338,0.9622762442203779,0.6987261716661304
1.995550611790879,,,,0.0727697549627768,215.12398568517548,0.0046484821151624445,,,,,,1.1368821292775664,1.1835570181183297,0.8179567261669066,0.9622414781449835,0.6931836662431412
1.988876529477197,,,,0.07280068262035042,214.5733426243364,0.004660411157180633,,,,,,1.1330798479087452,1.1835145215747644,0.8114572109736967,0.9622069281095647,0.687675602520082
1.9822024471635156,,,,0.07283196289813405,210.7194693888204,0.004745645966651502,,,,,,1.129277566539924,1.1834715405088887,0.8048835918685759,0.962171984153568,0.6821047388716746
1.9755283648498336,,,,0.07286402828397645,204.61709468222787,0.004887177200678217,,,,,,1.1254752851711027,1.18342748065524,0.798144980579871,0.9621361631343415,0.6763940513388738
1.9688542825361517,,,,0.07289719774397181,197.31667022362532,0.005067995516378154,,,,,,1.1216730038022813,1.1833819037343767,0.7911743456820539,0.9620991087271354,0.6704867336288592
1.9621802002224698,,,,0.0729316767224598,189.71402536964723,0.005271091570860698,,,,,,1.11787072243346,1.183334527452875,0.7839285125957427,0.9620605914251016,0.6643461971150362
1.9555061179087878,,,,0.07296755714202556,182.4998678927706,0.005479456021237006,,,,,,1.1140684410646386,1.1832852255033308,0.7776796093388849,0.9620205085392933,0.6590505163888856
1.9488320355951059,,,,0.07300481740349968,176.1779403656821,0.005676079524623567,,,,,,1.1102661596958174,1.1832340275643594,0.7714619636821624,0.9619788841986662,0.6537813251543749
1.942157953281424,,,,0.07304332238595825,171.11705806166069,0.005843952738128877,,,,,,1.106463878326996,1.183181112736318,0.765036610572067,0.9619358640132667,0.6483361106542941
1.9354838709677424,,,,0.07308282344672276,167.61463023594882,0.005966066318866758,,,,,,1.102661596958175,1.1831268246969673,0.7584450411846908,0.9618917273959084,0.6427500349022803
1.9288097886540605,,,,0.07312295842136024,165.96378448243794,0.006025410923946595,,,,,,1.0988593155893536,1.1830716654419935,0.7517476901499769,0.9618468824731654,0.6370743136864211
1.9221357063403786,,,,0.07316325162368312,179.97816886591016,0.005556229437721605,,,,,,1.0950570342205324,1.1830162887277753,0.7450239355517353,0.961801860754289,0.6313762165692672
1.9154616240266966,,,,0.07319712388660235,213.05954400681745,0.004693523609381245,,,,,,1.091254752851711,1.1829697365920437,0.7393716475620382,0.9617640134894665,0.6265861420017274
1.9087875417130147,,,,0.07322590154950356,213.7204042768879,0.004679010426652752,,,,,,1.0874524714828897,1.1829301861884405,0.7345694990083398,0.961731858689789,0.6225165245833388
1.9021134593993327,,,,0.07325958008807047,167.60601265117964,0.0059663730684960115,,,,,,1.0836501901140683,1.1828839002965783,0.7289495379355825,0.961694227883397,0.6177538457081208
1.8954393770856512,,,,0.07330554167945012,120.86907609992521,0.008273414774621735,,,,,,1.0798479087452473,1.182820733266804,0.7212798953267604,0.9616428725746373,0.6112541485820003
1.8887652947719693,,,,0.07337001499051257,88.57200271403306,0.01129024939436718,,,,,,1.0760456273764258,1.1827321247692022,0.7105211892242705,0.9615708331456928,0.6021366010375174
1.8820912124582874,,,,0.07345624578705012,68.33585488582189,0.014633606350148654,,,,,,1.0722433460076046,1.1826136140055654,0.7009860661018935,0.9614744829313541,0.5940559882219437
1.8754171301446054,,,,0.07356534677716639,54.73206710356055,0.018270824635727045,,,,,,1.0684410646387832,1.182463671732371,0.6971187241825558,0.9613525786442042,0.5907785798157253
1.8687430478309235,,,,0.0737001277621655,45.25308941038825,0.022097938793333327,,,,,,1.064638783269962,1.1822784363165184,0.6923410942759786,0.961201980745137,0.5867297409118463
1.8620689655172415,,,,0.07386031370210522,39.41591828981223,0.025370460549652307,,,,,,1.0608365019011405,1.1820582857574564,0.686662925821621,0.9610229965507776,0.5819177337471365
1.85539488320356,,,,0.07403877684625429,37.26398588009461,0.026835561907352812,,,,,,1.0570342205323195,1.181812213894857,0.6805109247114247,0.9608229381259,0.5767041734842583
1.8487208008898781,,,,0.07421851920031236,37.00710974586949,0.027021834638453868,,,,,,1.053231939163498,1.1815640133710277,0.674366427778724,0.9606211490821364,0.5714969726938339
1.8420467185761962,,,,0.07439946874354178,35.56850309199789,0.028114762024522122,,,,,,1.049429657794677,1.1813141458779064,0.6682888484859579,0.9604180047787857,0.566346481767761
1.8353726362625142,,,,0.07459379967227485,31.55920470988164,0.03168647655075052,,,,,,1.0456273764258555,1.181045800453365,0.6628839725568427,0.9601998377669635,0.5617660784380023
1.8286985539488323,,,,0.0748224250490023,24.836657113624042,0.040263067425907906,,,,,,1.0418250950570342,1.1807294586853418,0.65652527400322,0.9599426493376764,0.5563773508501865
1.8220244716351504,,,,0.07513123772467852,17.530934230749047,0.05704202564664307,,,,,,1.0380228136882128,1.1802898093222562,0.6484830645319397,0.9595852108311026,0.5495619190948642
1.8153503893214689,,,,0.07558383139801197,12.247362282998811,0.08165023430295282,,,,,,1.0342205323193918,1.1796454623252233,0.6404495447945323,0.9590613514839214,0.5427538515207901
1.808676307007787,,,,0.07622111849401714,9.030568293750541,0.11073500221376253,,,,,,1.0304182509505704,1.1787112872410914,0.6341462773912965,0.9583018595456028,0.5374120994841496
1.802002224694105,,,,0.07706194043757278,7.081381900036517,0.1412153749248919,,,,,,1.0266159695817492,1.1774426055802816,0.6292215115173357,0.9572704110408794,0.5332385690824879
1.795328142380423,,,,0.0781060845664295,5.869116819070009,0.17038338660269758,,,,,,1.0228136882129277,1.175806462624845,0.6240768718542187,0.9559402135161342,0.5288787049612023
1.788654060066741,,,,0.07933624593171337,5.105387481144449,0.1958715188011224,,,,,,1.0190114068441065,1.1737801066938343,0.6203175678433885,0.9542927696697839,0.5256928541045666
1.7819799777530592,,,,0.08072060984519869,4.62687484885801,0.2161286035750063,,,,,,1.015209125475285,1.1713775331483465,0.6168412051418789,0.9523394578441841,0.5227467840185415
1.7753058954393772,,,,0.08222116611291481,4.42716637293769,0.2258781161044192,,,,,,1.0114068441064636,1.168623400805416,0.613041865843596,0.9501003258580617,0.5195270049522
1.7686318131256957,,,,0.0837356681246792,4.438446421335763,0.22530406026598992,,,,,,1.0076045627376427,1.165665253698534,0.6092072152640653,0.9476953282101902,0.5162773010712418
1.7619577308120138,,,,0.08522856180055866,4.5893038843252585,0.21789796997655664,,,,,,1.0038022813688214,1.1625706346193665,0.6054272774517413,0.9451793777393224,0.5130739639421537
1.7552836484983318,4.201921019399326,-1.4291894173651674,-0.6996973164296062,0.08664420609989466,4.8512281151654815,0.20613336999632903,4.2885961680497795,-1.9933109452242006,-0.5016778753941591,0.66207925989689,0.7211480755849753,1.0,1.1594627392793146,0.6018429309947491,0.9426526335604185,0.5100363821989399
1.74860956618465,4.196794308965013,-1.4426546206321325,-0.6931666011382731,0.08798006395846297,5.194623953557274,0.1925067163553198,4.284849051265379,-1.988600244349524,-0.5028662763375564,0.6578042849983242,0.7302648431990132,0.9961977186311787,1.156370936733731,0.5984752866794995,0.9401389729542527,0.5071824463385589
1.741935483870968,4.192563445792048,-1.4697281029551459,-0.6803979579551651,0.08921381744167872,5.631717088555519,0.17756573781594032,4.281889299691368,-1.9806490998892932,-0.504884989499601,0.6471545970218506,0.8500143232215931,0.9923954372623573,1.1533751827934575,0.5950855948664932,0.9377034006450874,0.5043098261580451
1.735261401557286,4.188188663709458,-1.496524569576334,-0.6682148895711748,0.09035024065900947,6.116356027196592,0.1634960416878064,4.2784656431158234,-1.9755524389524863,-0.5061875252120558,0.6325785086865316,0.8856367260756456,0.988593155893536,1.1504912352724825,0.5902186413772104,0.9353587278638069,0.5001852893027207
1.7285873192436045,4.183618060818611,-1.5229569093254227,-0.6566173959859043,0.09139618952204985,6.618811490336245,0.15108452649845727,4.275017062815737,-1.9732666433868453,-0.5067738834745796,0.617726348567357,0.852604911274077,0.9847908745247149,1.147729798278544,0.58675170463068,0.9331136571370277,0.49724720731413563
1.7219132369299226,4.179226673044131,-1.54893357524851,-0.6456054772003768,0.09236694179135811,7.148594930987171,0.13988762961869305,4.271577618249946,-1.9737722604229846,-0.5066440642881958,0.6021590040777656,0.8095806174951421,0.9809885931558936,1.145074741020186,0.5826188819380896,0.9309550740001513,0.49374481520177094
1.7152391546162407,4.174869102707784,-1.579165373803492,-0.6332459010239404,0.09326343263153186,7.721801872216609,0.12950345224448778,4.268247083872681,-1.9841992119892136,-0.5039816536352077,0.5868686354120904,0.8699925535794392,0.9771863117870723,1.1425372337667992,0.5795082069899474,0.9288920599730074,0.4911086499914809
1.7085650723025587,4.170800732391107,-1.596897583561097,-0.6262142358372103,0.0940955751917295,8.228095392970166,0.12153480875469302,4.264857134744965,-1.9814558437243364,-0.5046794270824648,0.5741378757154842,1.1877473580036386,0.973384030418251,1.1401115660536398,0.5738981679509443,0.9269199724013332,0.48635437961944433
1.7018909899888768,4.166737027217491,-1.614066034701454,-0.6195533382777398,0.09488569926674469,8.611883106512716,0.11611862209831347,4.261539265384741,-1.986354869583225,-0.5034347161792994,0.5708390635603077,1.0006157182154283,0.9695817490494296,1.1377370395190598,0.5693573703885042,0.924989463023626,0.4825062460919527
1.6952169076751948,4.162547290757852,-1.6473226910975616,-0.6070456052139548,0.09564554567580044,9.115524788770138,0.10970295437427247,4.25817078628938,-2.0106861905200173,-0.4973426508396983,0.5645079925819225,0.9554141354006249,0.9657794676806083,1.1353910497965343,0.5655204899003176,0.9230821543061254,0.4792546524578963
1.6885428253615133,4.158466349724149,-1.673108934806964,-0.5976897135603281,0.09635003236184063,9.695709226151969,0.10313840655438877,4.254854004007561,-2.022034894729218,-0.4945513070059633,0.5523912865814742,1.0750066259084163,0.9619771863117872,1.1331593681183518,0.561613050935517,0.9212677789580097,0.47594326350467553
1.6818687430478314,4.154524764385358,-1.6952967617807675,-0.5898672271098917,0.09702225410589234,10.26465966472779,0.09742164208680748,4.2515426540713195,-2.0306812172012196,-0.4924455850230629,0.5394281394430178,1.1935684051084912,0.9581749049429659,1.130983283010429,0.5567112350285813,0.9194986040735195,0.47178918222761135
1.6751946607341495,4.150664652708225,-1.7135083702956,-0.5835979662168143,0.09765043247868346,10.683131693517124,0.0936055108828091,4.248317705907614,-2.040847750030078,-0.4899924553339474,0.5358388900168451,1.1482100859932516,0.9543726235741445,1.1289087472042791,0.5521901809710159,0.9178119895969749,0.46795778048391184
1.6685205784204675,4.146735880260574,-1.727960952958445,-0.578716780774414,0.09827171587518457,11.03390045274436,0.09062978266686095,4.245024015069698,-2.0488150757490162,-0.488086998107633,0.5342870501192528,1.1783521243593686,0.9505703422053232,1.1268086366032832,0.547765289229587,0.9161045826042954,0.4642078722284636
1.6618464961067856,4.142914454632259,-1.7446061159076167,-0.5731952851029405,0.09886017373786293,11.66379920213008,0.08573535797987475,4.241785574163626,-2.051450682114165,-0.4874599271230977,0.5187265047513375,1.2460151626308738,0.9467680608365019,1.124779753594818,0.5430686983619174,0.9144550842234294,0.4602277104762012
1.6551724137931036,4.1391240180995625,-1.7578855690099604,-0.5688652422143718,0.09941612554788591,12.274631609119941,0.08146884011223676,4.238541600353547,-2.051718058826653,-0.48739640210209245,0.5063223008619109,1.3352839651095343,0.9429657794676806,1.1228368530659996,0.5382261240917064,0.9128754902975605,0.4561238339760224
1.6484983314794217,4.135386393628958,-1.7685514478005704,-0.5654344979579946,0.09994763322768145,12.756856949842707,0.07838921483025096,4.235291536553227,-2.053197176201093,-0.4870452831277703,0.4991644056549644,1.3348475162177578,0.9391634980988592,1.1209344899238496,0.5328759112013711,0.9113288535966257,0.4515897552553993
1.6418242491657402,4.13165119860252,-1.7784569460577062,-0.5622851889761478,0.10046247769244987,13.20065800454293,0.07575379951937666,4.232066226705413,-2.0553658441575644,-0.4865313894567862,0.4920385093826785,1.1255979944972232,0.9353612167300381,1.1190689021091502,0.5280916378666056,0.9098121155358946,0.44753528632763195
1.6351501668520583,4.127789030006445,-1.7884569778255732,-0.5591412107747828,0.10095880741481436,13.661908379721796,0.07319621623903494,4.228785321379481,-2.0578460756763466,-0.485944994535771,0.485706349272058,1.0928693395417617,0.9315589353612168,1.117240939163877,0.5242354142502623,0.9083259667999,0.4442673002120867
1.6284760845383763,4.1240188316770094,-1.796216877687269,-0.5567256451167282,0.10143951283690864,14.081052284840622,0.07101741970495912,4.22551738608555,-2.058849217865783,-0.48570822541176994,0.4802705838292503,1.3169660746829188,0.9277566539923955,1.1154434957971313,0.519868914892125,0.9068646307293751,0.4405668770272245
1.6218020022246944,4.120340350606308,-1.8049907143302888,-0.5540194706048851,0.10190675962444676,14.50521573408427,0.06894071886502218,4.222248536749136,-2.0615209312159926,-0.485078751739934,0.4749251129098243,1.536292983943339,0.9239543726235742,1.113671623943013,0.5140273581393149,0.9054240845065146,0.43561640520280925
1.6151279199110125,4.116759406154818,-1.816110899652336,-0.550627167201867,0.10235974490184777,14.85034138389756,0.06733851930732815,4.219078440905001,-2.069156816235034,-0.48328864789453974,0.4732456756737803,1.353088703630078,0.9201520912547528,1.1119310200985653,0.5084933518456715,0.9040089594297278,0.43092656936073853
1.6084538375973305,4.113094373750492,-1.8258787386262503,-0.5476814965008998,0.10280560526592389,15.114794491918452,0.06616034379658142,4.2158843086187465,-2.076751964859532,-0.48152115270426066,0.47360826328990957,1.2414880558420107,0.9163498098859314,1.110193343902678,0.5039100761520637,0.9025962145550228,0.4270424374170032
1.601779755283649,4.109392660677665,-1.8364969281076966,-0.5445149320398741,0.10324286406264752,15.407001948611962,0.06490555419771926,4.21265187121181,-2.0850301228457733,-0.4796093778420527,0.4731455310271159,1.3233840371033223,0.9125475285171104,1.1084686604681628,0.49941613263782697,0.9011940329009455,0.42323401071002287
1.595105672969967,4.105751222867676,-1.8443727822490361,-0.542189740395429,0.1036719752885853,15.554205864837515,0.06429129257319666,4.209419903882296,-2.092494764435851,-0.4778984478222128,0.4766995287714817,1.468515070711464,0.9087452471482891,1.1067543926080727,0.49417193747811855,0.8998003191935551,0.4187897775238293
1.5884315906562851,4.102163213130699,-1.8512628524879373,-0.5401718068593482,0.10410103482002056,15.635378131752706,0.06395751938798178,4.206234049649246,-2.099894997501857,-0.4762142874713504,0.4818044215865845,1.3958188197047776,0.9049429657794678,1.105018344379247,0.48878389687821017,0.8983888978693064,0.414223641422212
1.5817575083426032,4.098598409597796,-1.8600716764901424,-0.5376136912567517,0.1045256907865339,15.989980935074819,0.06253916149496153,4.203102122047685,-2.104932883901731,-0.4750745297619119,0.47905032898540345,1.243493271259221,0.9011406844106463,1.1032804257235658,0.4840314505715916,0.8969759558728176,0.4101961445521963
1.5750834260289213,4.094956718857361,-1.868911282618565,-0.535070877521207,0.1049358178433126,16.59414536954414,0.06026221765149398,4.19992210529866,-2.1061115445417076,-0.47480865986972276,0.46950054695940446,1.2203331793852632,0.897338403041825,1.1015799562955202,0.479802009717129,0.8955934604028619,0.4066118726416348
1.5684093437152393,4.091370442598442,-1.87923184863283,-0.5321323181743196,0.10533008078855607,17.08001862467905,0.05854794552478371,4.1967515910422835,-2.111556161377194,-0.4735843726494977,0.4639364694857994,1.3820309165132212,0.8935361216730037,1.0999260908543438,0.4752967964067845,0.894248854353125,0.4027938952599869
1.5617352614015578,4.087853169875251,-1.8869086071944619,-0.5299673742475761,0.10571732545877133,17.201820734511077,0.05813338107830379,4.193593653168662,-2.1193894769707953,-0.47183399316924124,0.4674828797248764,1.6130280313620151,0.8897338403041827,1.098284601678853,0.46977581911209,0.8929143103080105,0.3981151009424492
1.5550611790878759,4.084382059579273,-1.8888067443997778,-0.5294347889030746,0.10610605472953452,17.257741766315274,0.057945008885917026,4.1904645893323424,-2.1209367464201723,-0.4714897800171798,0.47165072595889057,1.567840574935695,0.8859315589353614,1.0966186602589671,0.46385769932657683,0.8915598863894042,0.3930997451920143
1.548387096774194,4.08088533556356,-1.8895817722937598,-0.5292176367610182,0.1064907849767146,17.509619823071024,0.05711146273332446,4.187336772856761,-2.1181675966419693,-0.4721061740276582,0.4692586233536234,1.4302948713997408,0.8821292775665399,1.0949514533492755,0.4586145033945382,0.8902044336172971,0.3886563588089307
1.541713014460512,4.077300089355301,-1.896666953062622,-0.5272406936733205,0.10686838793620848,17.857398548095585,0.055999198164653485,4.1841357287824446,-2.1220542111229337,-0.47124149550865013,0.4668850238934932,1.3584712832324084,0.8783269961977186,1.093303570911827,0.45372907180657335,0.8888646917982335,0.3845161625479435
1.53503893214683,4.073742992466508,-1.9047344200723688,-0.5250075755768648,0.10723827149281678,18.11106826940336,0.05521485453673591,4.180969620413468,-2.1285983269087434,-0.46979272104016445,0.46663192432234374,1.3313569613829006,0.8745247148288973,1.0916656634200712,0.449046707879349,0.8875330596911148,0.3805480575248721
1.5283648498331481,4.0702959471258175,-1.9096350601080394,-0.523660264146713,0.10760540490444079,18.315810365786025,0.05459763887204261,4.177912774365882,-2.131911489248264,-0.4690626252746597,0.4669047706205944,1.3171084724374593,0.8707224334600759,1.0900334579933788,0.44439888296530744,0.8862060634092511,0.37660922285195547
1.5216907675194662,4.0667627254430485,-1.9157101340167884,-0.5219996398428179,0.10796704976474616,18.697455449115044,0.05348321340951934,4.174769235554667,-2.134396882543859,-0.4685164264333821,0.4635510756946312,1.3794782122422966,0.8669201520912546,1.0884020463300703,0.4398388543611847,0.8848797124634719,0.3727447918315125
1.5150166852057847,4.063245431448392,-1.925273198751496,-0.519406804524408,0.10831930764183147,19.297139832961037,0.05182115114758723,4.171596127187804,-2.1386455995354035,-0.467585653376716,0.4545482124808398,1.5239308412344523,0.8631178707224335,1.0868030088958471,0.43472127484371687,0.8835796820291439,0.36840786003704823
1.5083426028921028,4.059822705770471,-1.935775365042427,-0.5165888656600828,0.10865876702144361,19.96242345663857,0.050094118190216363,4.168494028974781,-2.1436468586708126,-0.46649474746976693,0.44618701113114667,1.6365457786984712,0.8593155893536122,1.0852495964131876,0.4292467967712473,0.8823167450513721,0.3637684718400401
1.5016685205784208,4.056469161817662,-1.9427193951643558,-0.5147423773547075,0.1089879721782971,20.53740362423432,0.048691646631514374,4.165439091690512,-2.145689158019737,-0.4660507307232251,0.43819027809858085,1.6254059225040043,0.8555133079847909,1.083725867960251,0.42341207014867055,0.8810779414310984,0.35882378826158523
1.4949944382647389,4.053014706060418,-1.9471891074141863,-0.513560802180109,0.1093087111366585,21.010958046082834,0.04759421240129669,4.162295395716803,-2.1460766113608187,-0.46596658977887273,0.432518231564625,1.5210194116174318,0.8517110266159695,1.0822381027597807,0.4180418430391442,0.8798683762274639,0.35427274833825784
1.488320355951057,4.049596399672476,-1.9560371989578502,-0.5112377211091825,0.10962326756073933,21.30102512872681,0.04694609738060862,4.159196381788953,-2.1538187399747013,-0.4642916237286272,0.4332075084471171,1.4349041546192178,0.8479087452471482,1.0807608557419834,0.4129688703240581,0.8786673623918564,0.34997361891869333
1.481646273637375,4.0461449605796105,-1.9661298010610448,-0.508613418839559,0.10993535537310711,21.38262412113078,0.04676694470870757,4.156079969419106,-2.1652216829880353,-0.46184647413099356,0.4360889148963209,1.4299870045540755,0.8441064638783269,1.0792818422514103,0.40822976876719586,0.8774649123995206,0.3459574311586406
1.4749721913236935,4.04275295645251,-1.971520786241632,-0.507222651152631,0.11024752043782998,21.514357634986737,0.04648058831065427,4.153009878990617,-2.170411778407528,-0.46074206284197317,0.4376616073316002,1.4870586735526334,0.8403041825095058,1.0778002121897046,0.40324783457706237,0.876260335113581,0.3417354530314088
1.4682981090100116,4.039331070322907,-1.977947484420275,-0.5055745958255784,0.11055578591785441,21.893816433011214,0.04567499700473476,4.149900477270288,-2.174387632787974,-0.4598995988207548,0.43549285637398516,1.5439318888008402,0.8365019011406845,1.0763186582897688,0.3981590867795448,0.8750558197477795,0.33742295489791935
1.4616240266963296,4.036024188641943,-1.992527143715191,-0.5018752206985937,0.11085719781720353,22.5583304475314,0.04432952174035698,4.146889351049023,-2.18557403616034,-0.45754569895825625,0.42748747989403435,1.5869422908256703,0.8326996197718631,1.0748609922125927,0.39281520338296455,0.8738707253760916,0.3328942401550547
1.4549499443826477,4.032682618475626,-2.010038010936524,-0.49750302957409076,0.11114750367189699,23.345665660593067,0.042834503609292085,4.143836677392529,-2.1994044955674754,-0.45466852596479157,0.41977072171258906,1.5837854886159741,0.8288973384030418,1.0734536567010393,0.38752799998221976,0.8727265501634466,0.3284135593069659
1.4482758620689657,4.0294013711239876,-2.0217136017099877,-0.49462990166074405,0.11142895982311177,23.971048299084057,0.04171699074329638,4.140839758611457,-2.2079299924889177,-0.45291291091740504,0.41474954378385004,1.6256547529496532,0.8250950570342205,1.072073059235801,0.38229743328362703,0.8716041131998382,0.32398087566409073
1.4416017797552838,4.026069712324708,-2.02672770090824,-0.49340619341802494,0.11170434893209674,24.25508316277903,0.041228471297701574,4.137774752994174,-2.2115198318724305,-0.45217772212032514,0.4126966262422971,1.6806527284616601,0.8212927756653992,1.0707150561383725,0.376777766158335,0.8705000456409533,0.31930319165960597
1.4349276974416023,4.022798657792623,-2.0305820477693812,-0.49246963504799623,0.11197928424532803,24.22697993068243,0.04127629621443418,4.134769097338498,-2.2163447771306513,-0.4511933388336047,0.4162652502445211,1.6669064461691319,0.817490494296578,1.0693550087983703,0.37122838662553764,0.8693943160962361,0.3146003276487607
1.4282536151279204,4.0195097669968805,-2.0365168989849334,-0.49103447189582994,0.11225531172917483,24.065373984662983,0.041553478480629735,4.131751510664929,-2.224788177141919,-0.44948099341513625,0.423448034111847,1.6276403300512394,0.8136882129277567,1.0679784444538791,0.3658173042782901,0.8682751580925847,0.3100146646426188
1.4215795328142384,4.016295464083867,-2.043255645170928,-0.48941501880267424,0.11253394691692711,23.87343366915412,0.04188756480774103,4.128815447911136,-2.234499785595907,-0.447527453994951,0.4303785389710787,1.562970796702929,0.8098859315589354,1.0665791420049884,0.36055623165373074,0.8671375138251939,0.3055561285201108
1.4149054505005565,4.012986437437698,-2.0495949498616373,-0.4879012802346665,0.11281443384006794,23.691202273995362,0.0422097615998851,4.125799894251843,-2.243704351976603,-0.44569151863481693,0.437319885863754,1.5359369687931868,0.8060836501901141,1.0651666855523174,0.3555910313801706,0.8659891752457864,0.3013483316781107
1.4082313681868746,4.00968843979436,-2.0562917172319275,-0.48631232213790554,0.11309736976364415,23.44850815581573,0.04264663633843924,4.1227934604689604,-2.2539493857813127,-0.4436656857994876,0.4466160002089941,1.5639463099301711,0.8022813688212928,1.0637306330897138,0.3505521153872424,0.8648216529184665,0.2970780638874936
1.4015572858731926,4.006427573515115,-2.0646682756621004,-0.4843393061189545,0.11338368816271675,23.306570029522828,0.04290635639363849,4.119823104324194,-2.2653496994778903,-0.4414329497253675,0.4537999467501713,1.6083916464536463,0.7984790874524714,1.0622668623512013,0.3454373485234032,0.8636315954074808,0.29274351569779933
1.3948832035595107,4.003275015656255,-2.072259998828771,-0.4825649293839547,0.11367009087234678,23.35649751267422,0.04281463860141521,4.116952989727845,-2.2740178254812564,-0.4397502907825128,0.4568026195686762,1.6370834068215427,0.7946768060836501,1.0607967511518652,0.3401473633399468,0.8624363830502969,0.28826047740673455
1.3882091212458292,4.000066485692979,-2.0780663206162813,-0.4812165954854777,0.11395518500722952,23.312711648847714,0.04289505292488904,4.114027393351726,-2.2814301897146834,-0.43832154256057265,0.4616423979671197,1.637115711360311,0.790874524714829,1.0593244211401887,0.33489223038427673,0.8612393667806412,0.28380697490192947
1.3815350389321472,3.9968422431377646,-2.086147243702839,-0.47935254954728634,0.11424266110048764,23.236535430032895,0.04303567556407373,4.111087177135411,-2.2919122766689846,-0.4363168739832304,0.4677741751084811,1.6051597722895106,0.7870722433460077,1.0578311330866637,0.32963156946807987,0.8600253114525721,0.27934878768481347
1.3748609566184653,3.993618726645015,-2.0901712543721853,-0.47842969704430516,0.1145296322895086,22.88986367163978,0.043687459844463206,4.108157704648272,-2.3002135850446295,-0.43474223719994143,0.4782059241066448,1.5733267752755375,0.7832699619771863,1.056331308120302,0.3246119156965383,0.8588059415612211,0.2750948438106257
1.3681868743047834,3.990451129443498,-2.083770280243647,-0.4798993485419487,0.1148258085066429,21.78733637046375,0.045898221930224636,4.105290491284908,-2.30414148416391,-0.43400112661174717,0.5030138300015797,1.6044852339147306,0.779467680608365,1.0547753175994834,0.31958406366053876,0.8575409086174662,0.27083395225469387
1.3615127919911014,3.9872486307527892,-2.0719487903787774,-0.482637411041992,0.11514228931193651,20.19049439948368,0.049528257219177974,4.10239264199588,-2.308886781019577,-0.4331091538227838,0.5426106733405532,1.605289443390129,0.7756653992395437,1.0531008499802037,0.3143243061289373,0.8561795528294339,0.26637653061774347
1.3548387096774195,3.9840233401245486,-2.062668951486059,-0.4848087713152154,0.11548691983771091,18.664199605651984,0.053578509720672685,4.099498627531915,-2.318946718401723,-0.43123026159446454,0.5885008622818262,1.513670666018448,0.7718631178707224,1.0512663225635455,0.3092352963866178,0.8546880671248338,0.26206381049713373
1.348164627363738,3.98077474796965,-2.053649517296961,-0.486938005525019,0.11585746408017683,17.267805525925503,0.057911238257728925,4.096617826749493,-2.330856898206512,-0.429026767267203,0.6374688777456547,1.489107003588751,0.7680608365019013,1.0492807204330818,0.30450264889397877,0.85307375644966,0.25805309228303286
1.341490545050056,3.9775480456960977,-2.0371099658897958,-0.4908915162874905,0.11625992857974954,15.826249436657351,0.06318616447961212,4.093768022614727,-2.3380581883606415,-0.42770535180784464,0.694565628322281,1.2612857564367532,0.7642585551330799,1.047107469262489,0.29954802528803615,0.8513068855792595,0.25385425871867473
1.334816462736374,3.9741986171372865,-2.0177862896712475,-0.4955926230239811,0.11670088340582238,14.389948174934235,0.06949295354252172,4.090890896661431,-2.3468687530705665,-0.4260996694815731,0.7620144287182828,1.1202063349767513,0.7604562737642586,1.044709435354381,0.29586278618008216,0.849357264515757,0.2507311747288832
1.3281423804226922,3.970917296259502,-2.001822555136883,-0.49954477605115244,0.11718753196407686,13.137385709733032,0.0761186450710003,4.088117290396927,-2.3616870259877443,-0.4234261309801468,0.8356570338352898,1.1586903073470924,0.7566539923954373,1.042040485923266,0.2921375665082189,0.8471873869294845,0.2475742089052703
1.3214682981090102,3.9675576002103794,-1.9938680215186646,-0.5015377092202584,0.11771692761144197,12.339190922748163,0.08104259073878417,4.08526615514607,-2.3781488917428084,-0.42049511848148313,0.896583123616858,1.2014457566470846,0.752851711026616,1.039115205918214,0.2881155188645165,0.844809110502613,0.24416569395298007
1.3147942157953283,3.9642537703904335,-1.9917198819063597,-0.5020786351958577,0.11826930180708622,11.985730649232465,0.08343254401967037,4.082475196005822,-2.3886524228388266,-0.41864609117618556,0.9313469490861936,1.029769278380299,0.7490494296577946,1.0360301310639761,0.28409435578292375,0.8423009195642082,0.24075792862959638
1.3081201334816468,3.9608147160506455,-1.9961658024847346,-0.5009603905423319,0.1188305989442963,11.879493503377333,0.08417867308195426,4.07963249458085,-2.3993374903617095,-0.41678171746036696,0.9495110938510851,0.8836333782112709,0.7452471482889735,1.0328717267484424,0.28098505994336354,0.8397331111775954,0.23812293215539282
1.3014460511679649,3.9574574189095313,-2.0042085758591255,-0.49895006539992437,0.11939293259349715,11.894418550649005,0.08407304617218436,4.076898602527296,-2.4103528362728803,-0.4148770192277311,0.9608791940576532,0.8533120245049247,0.7414448669201522,1.0296803678228383,0.27815963639082203,0.8371385104250718,0.2357285054159509
1.294771968854283,3.954095977795425,-2.0064664129310925,-0.4983886067343519,0.11995281980532659,11.818464129376459,0.08461336338233316,4.074152253498189,-2.416770979092341,-0.41377524335200633,0.9756086591651013,0.9355993130187445,0.7376425855513309,1.0264720489240884,0.2753014356263758,0.8345301210764946,0.23330630137828462
1.288097886540601,3.950812166960465,-2.0005260429582745,-0.49986852384148506,0.1205223656975995,11.4928264702734,0.08701079778647447,4.0714177341199616,-2.4221419072260684,-0.41285772605505144,1.0071115327107654,1.1539266689462335,0.7338403041825096,1.023188444363445,0.2718123806367732,0.8318605238727195,0.23034947511590953
1.281423804226919,3.9475258533073507,-1.9877309911485026,-0.5030861844248875,0.12111425425853871,10.981012281749285,0.09106628554291163,4.068626503617958,-2.4270672429014852,-0.4120198988819652,1.0560146836732367,1.1818759989768852,0.7300380228136882,1.0197453829883694,0.2673875925222505,0.8290612869824141,0.22659965467987328
1.274749721913237,3.944217703205442,-1.9704667256621793,-0.5074939794600937,0.12173793346902881,10.363128718292652,0.09649595476266093,4.0658814156476675,-2.4331017180344756,-0.4109980246973919,1.1172884460040362,0.9274375612142024,0.7262357414448669,1.0160856728487095,0.2637264023655283,0.8260859128851297,0.2234969511572274
1.2680756395995552,3.9408602001405133,-1.9506659355491505,-0.5126454416288766,0.12240229814858536,9.723608719126084,0.10284247637742006,4.063167869404986,-2.440197081996203,-0.4098029652514583,1.1875478370240184,0.6953776852562013,0.7224334600760456,1.0121605219081737,0.2608913253086199,0.8228947332586778,0.2210943434818813
1.2614015572858737,3.9373611532550212,-1.930153757365537,-0.518093440060909,0.12311069177440034,9.131948883984627,0.10950565018533709,4.060405269299617,-2.447454438872258,-0.40858778987558253,1.2615736364973928,0.552088191176338,0.7186311787072245,1.007941590536343,0.25876312435980714,0.8194647077531244,0.21929078335576876
1.2547274749721917,3.9338328476673716,-1.9114256371849119,-0.5231697119396017,0.1238639975948857,8.59852082714287,0.11629907284091345,4.057674287365227,-2.457783639083537,-0.40687063909859944,1.3380236788892084,0.4476468147172325,0.7148288973384032,1.0034177147855423,0.2570013801836638,0.8157867599882458,0.21779777981666423
1.2480533926585098,3.9302491353593942,-1.896695546145848,-0.5272327454092647,0.12466307094469065,8.172123187853217,0.1223672204900641,4.054940683537066,-2.4699559198066843,-0.4048655249192734,1.4091580459590074,0.387017245419305,0.7110266159695818,0.9985796775998643,0.25556742200127897,0.811853396422654,0.21658256101803305
1.2413793103448278,3.9267180236163517,-1.8864164464912452,-0.5301056412331491,0.12549737539898,7.917388312484429,0.1263042761744,4.052280487971364,-2.4764651299645863,-0.4038013650587118,1.4586041910334198,0.37654224989319396,0.7072243346007605,0.9934892712765596,0.2542644517303529,0.8077148546963899,0.21547834892402787
1.234705228031146,3.9231957310205416,-1.8814574947282938,-0.5315028390500061,0.12634900121620657,7.79634978875616,0.1282651531928689,4.04961697582708,-2.479926939057242,-0.4032376858570501,1.487755226155176,0.43948514981219333,0.7034220532319391,0.988255432074951,0.2529005609793578,0.8034597008739439,0.21432250930454055
1.228031145717464,3.919739738042398,-1.8860819528018613,-0.53019965464091,0.12720947977975247,7.746847521563729,0.12908476605696073,4.04694535734312,-2.4930513138770536,-0.40111488858400435,1.5101664137868405,0.4965351567182107,0.6996197718631177,0.9829327828933095,0.250937613036816,0.7991323438156989,0.2126589940989966
1.2213570634037825,3.9162104598011336,-1.8924919908916071,-0.5284038214232396,0.1280720459244196,7.732391434592216,0.12932609639061,4.044238749622783,-2.505777539746166,-0.39907772503272554,1.5261475432608187,0.381438501371692,0.6958174904942968,0.9775671291394601,0.24932157677814226,0.794770023690618,0.2112894718458833
1.2146829810901005,3.912668409212411,-1.8950265575512053,-0.5276970900567335,0.1289357458049886,7.720537444970206,0.12952466160908038,4.041569299528146,-2.511474749516288,-0.39817242844770817,1.5374090531509652,0.31564053763915495,0.6920152091254754,0.9721682656023902,0.2481253207242087,0.7903807037417807,0.21027569552899045
1.2080088987764186,3.909108208994199,-1.8952669074257302,-0.5276301697043095,0.12980096243088118,7.6943933663924415,0.1299647616624071,4.038900502917579,-2.5146768609418326,-0.39766540804191663,1.5485338597679392,0.29154173988231585,0.6882129277566541,0.9667377298224615,0.24707857395934948,0.7859656340020013,0.20938862199944872
1.2013348164627367,3.905539823285919,-1.8960073209569432,-0.5274241238136597,0.13067053683941451,7.647230291208678,0.13076629863620148,4.036227148202048,-2.5210645965515917,-0.3966578251774422,1.5632315630554268,0.2963464815122832,0.6844106463878327,0.9612617598874373,0.24607053681020233,0.7815136259247458,0.20853435322898503
1.1946607341490547,3.902069775042395,-1.8985806861594774,-0.5267092451165922,0.13154645251278824,7.597338105244971,0.13162504895097804,4.033640564590941,-2.5311060520902675,-0.3950841961656124,1.5790707041406784,0.323655002223905,0.6806083650190113,0.9557317418843396,0.24498664372175688,0.7770176763287314,0.20761579976420075
1.1879866518353728,3.8986054482234644,-1.9057747231511153,-0.5247209902892109,0.13242748966189702,7.609280603855744,0.13141846806034252,4.031043643351564,-2.5425720494565915,-0.3933025222289075,1.5847569346686772,0.34641042995881016,0.67680608365019,0.9501595720462166,0.24378224755928368,0.7724874569481436,0.2065951250502404
1.1813125695216913,3.895080741801067,-1.917387437712798,-0.5215430018634493,0.1333006478595336,7.6892819909439964,0.13005115447420756,4.028382343060715,-2.554331607845688,-0.39149184738914755,1.5786712702547083,0.35249798183119074,0.673003802281369,0.9446319323474752,0.24255998666886464,0.7679934409329067,0.20555931073632597
1.1746384872080093,3.8915937439478028,-1.9278831389367208,-0.5187036391383799,0.1341634338817974,7.769508014276181,0.12870827833146414,4.025755479817575,-2.564133065405891,-0.3899953608069495,1.57059454786401,0.36201540516458225,0.6692015209125476,0.9391690390543865,0.24132815290522713,0.763552064271859,0.20451538381798912
1.1679644048943274,3.8881404951485155,-1.9357894483769194,-0.5165851073516592,0.13501866714760655,7.828011608427006,0.1277463614033838,4.023155692267582,-2.571760171587426,-0.38883874594836243,1.5636835475765667,0.3729277393293132,0.6653992395437263,0.9337573230658961,0.2400516669203102,0.7591522951755253,0.2034336160341612
1.1612903225806455,3.8847016816744544,-1.940837043807033,-0.5152416083518574,0.13586861334435651,7.866733307234561,0.12711756722200818,4.020567908805703,-2.5764958982930555,-0.3881240411298563,1.5572171477535568,0.37960287357024247,0.6615969581749049,0.9283865306324661,0.23875630918109475,0.7547857972621675,0.2023358552382159
1.1546162402669635,3.8812569475467398,-1.9456792917716794,-0.5139593170513876,0.13671545336191593,7.895306714094423,0.12665752404714503,4.017972494624249,-2.5819658417873033,-0.38730179300426926,1.551407432015129,0.3909565582100515,0.6577946768060836,0.9230473971904801,0.2374405746445424,0.750445038366244,0.2012208259699512
1.1479421579532816,3.8778673201993255,-1.9519799172762131,-0.5123003526570074,0.13755925882663209,7.932642869582216,0.1260613917001745,4.015426739639854,-2.589070759518331,-0.38623896095680266,1.5440819929473137,0.40870649167146195,0.6539923954372623,0.9177431040414169,0.23607195365442885,0.7461326049117211,0.2000609776732448
1.1412680756395996,3.87445988280469,-1.9579619416345908,-0.5107351571732579,0.13839814157148445,7.983161702023176,0.12526365334007572,4.012856943284194,-2.59422548763276,-0.38547150383311646,1.5330288461370418,0.4233577879019064,0.650190114068441,0.9124882658025378,0.23464289955303588,0.7418603787012503,0.19884991487545414
1.1345939933259181,3.8710428348980552,-1.963522238897796,-0.5092888586590902,0.1392312986932404,8.040712042732013,0.12436709518827982,4.010275623255912,-2.5979305274474687,-0.38492176347091345,1.519358683550141,0.4363102878785835,0.6463878326996199,0.9072913690121013,0.23318512165580785,0.737635259359432,0.19761450987780327
1.1279199110122362,3.8676307709013806,-1.967453248705957,-0.5082712896266912,0.14005821403228458,8.100663104811757,0.12344668418638527,4.007694316643837,-2.5985864361652657,-0.38482460544037167,1.5033065275483715,0.4530151013942461,0.6425855513307985,0.9021589583771417,0.23167480318505185,0.733462567786294,0.19633457897038292
1.1212458286985543,3.8642445032277943,-1.9702424352587193,-0.5075517520607491,0.14087908535646249,8.15192162456658,0.1226704629968971,4.005133862990972,-2.59820372778433,-0.3848812890637987,1.4875083088036205,0.4749442645161616,0.6387832699619772,0.8970914286185233,0.230109647458537,0.7293426248931084,0.1950081758123195
1.1145717463848723,3.860827207050192,-1.974729316644142,-0.5063985183039676,0.1416956395672821,8.178275903614955,0.12227516065555832,4.002533734241405,-2.6033303627304796,-0.38412335764837735,1.4768317910918298,0.5021011156563525,0.6349809885931559,0.8920807366452351,0.22845156798174887,0.725268891581492,0.1936030237133465
1.1078976640711904,3.8574695918112396,-1.977493876327659,-0.5056905672229277,0.14251123433073024,8.166833253916897,0.12244648187476947,3.9999871354945244,-2.6093031523018193,-0.3832440853481671,1.4708878163848567,0.5193914413907756,0.6311787072243346,0.8871085966302694,0.22671154472232616,0.7212265013254223,0.1921284277307849
1.1012235817575085,3.8541277986864175,-1.97505307123959,-0.5063155084599202,0.14333007536538805,8.114660432900358,0.12323374567166923,3.9974581167676013,-2.610408787726245,-0.3830817627882084,1.4674345150173638,0.5226168554249476,0.6273764258555132,0.8821521386587894,0.2249452533324928,0.7171968606982028,0.1906315706207566
1.094549499443827,3.850750517050253,-1.9687146939455187,-0.507945617044129,0.14415617865560232,8.018617841869958,0.12470977164897512,3.994900602457593,-2.609359254923783,-0.38323584539500644,1.468131816112,0.5109269544015791,0.6235741444866921,0.8771911208820649,0.2231794983344438,0.7131635129122479,0.18913516808003714
1.087875417130145,3.8473262865414743,-1.9631960091276277,-0.5093734886127663,0.14499472192799945,7.878527376508171,0.12692727361483236,3.992312464817299,-2.6147467559731448,-0.38244621499791265,1.4766932808136366,0.4888672143163071,0.6197718631178708,0.8721979067694479,0.22147844476839307,0.7091039892434535,0.18769359726135007
1.081201334816463,3.84396326738659,-1.9567794544296246,-0.5110437958331318,0.14585042479951557,7.703411990157302,0.12981260787787363,3.98980495952617,-2.6230802505000055,-0.3812311879552226,1.4901603353201742,0.46315702048717117,0.6159695817490495,0.8671503028260249,0.21985209401074765,0.7050002462000202,0.18631533390741328
1.0745272525027811,3.8405533297938845,-1.9451792051586279,-0.5140914509819936,0.14672748198866076,7.509351727427372,0.13316728744341155,3.987274025781064,-2.6251944500197277,-0.3809241635386229,1.5029882473798895,0.43611686474673894,0.6121673003802282,0.8620321275022791,0.2183137286754482,0.7008391280506334,0.18501163447071883
1.0678531701890992,3.8370432588430705,-1.9331732885828659,-0.5172842010107956,0.14762796367528971,7.313892873053392,0.1367260933892407,3.9846666236457664,-2.627719604372061,-0.3805581076215958,1.5158195090803401,0.4151637576978314,0.6083650190114068,0.85683591889011,0.21685461835297998,0.6966145682033414,0.18377510029913557
1.0611790878754173,3.833570436554302,-1.925653861305883,-0.5193041283763478,0.14855252439207667,7.129518600341253,0.14026192455015618,3.982117202781406,-2.6382286455319583,-0.3790422038262591,1.5298745544243104,0.39508356707878467,0.6045627376425855,0.8515650201774813,0.21544513838129972,0.6923292846971393,0.18258062574686418
1.0545050055617358,3.8301363804444626,-1.9202707576129974,-0.5207598959862594,0.14950020293513605,6.967314421230824,0.1435273248115223,3.979631641561863,-2.650884564092555,-0.37723257117471576,1.5408044683639253,0.37628198483402375,0.6007604562737644,0.8462306108794594,0.21411159013399156,0.6879923665686661,0.18145050011355218
1.0478309232480538,3.826695382580289,-1.912964927801867,-0.5227487370346466,0.1504683507521859,6.831246702779421,0.14638616397694015,3.9771606872281873,-2.657012337532735,-0.37636257305774734,1.5437333364700279,0.36343003247785,0.5969581749049431,0.840854392272139,0.21282751820874057,0.6836214571318203,0.1803623035667293
1.0411568409343719,3.8231477658188777,-1.9054264955847053,-0.524816886044789,0.1514541895510685,6.7185075587266025,0.1488425801800446,3.974602732057551,-2.659756223766283,-0.37597430586475866,1.5403191674133028,0.35814870618761113,0.5931558935361217,0.8354588687960396,0.21157475110047627,0.679234852679707,0.17930063652582737
1.03448275862069,3.8196369455610517,-1.9005893053922487,-0.5261525975984682,0.15245512601599073,6.620649252254122,0.15104258840770513,3.9720964934093534,-2.6658846085110017,-0.3751100091907347,1.5346419404976293,0.359810405695135,0.5893536121673004,0.8300639275014127,0.21031856552459338,0.674848721545864,0.17823607247846898
1.027808676307008,3.816139021959567,-1.8949020063069504,-0.527731775401378,0.15347033088687773,6.533251805530021,0.15306313452568254,3.9696168980611914,-2.6690250821708914,-0.37466864087565455,1.5248685873698022,0.3691006278240128,0.5855513307984791,0.8246807670817281,0.20904759610147686,0.6704721683591286,0.1771589797470143
1.021134593993326,3.8126278470661408,-1.88726415376231,-0.5298675323252837,0.1544982379340199,6.460669668567916,0.1547827162353066,3.9671310991848414,-2.6660636664113366,-0.37508481608995226,1.5095850236971913,0.38449612180815784,0.5817490494296578,0.8193221584599727,0.2077159479101091,0.6661155759837176,0.17603046433060096
1.0144605116796441,3.8090791175374727,-1.8813937393898612,-0.5315208502417477,0.15553639606465716,6.400002403174033,0.156249941328781,3.964615139095393,-2.664741594003817,-0.37527090891296666,1.492323374962619,0.3966014432063252,0.5779467680608364,0.8140033798065521,0.2063258733065693,0.6617913656963839,0.1748524350055672
1.0077864293659626,3.8055098454554814,-1.881393973227961,-0.5315207841791221,0.15658388787389235,6.3418075264172815,0.15768375117573719,3.9620902033783993,-2.67496238124421,-0.3738370330033831,1.4777231995488267,0.40490444734808595,0.5741444866920153,0.8087338133175728,0.20490136365803208,0.6575071652988397,0.17364522343901023
1.0011123470522807,3.8019370922340183,-1.883380152325719,-0.53096025184567,0.1576411847344111,6.282213407296777,0.1591795654121686,3.9595765057717784,-2.689757796708448,-0.3717806864334534,1.46388926000574,0.4117021443837433,0.570342205323194,0.8035187450929857,0.20345268558928403,0.6532672724333217,0.1724175301604102
0.9944382647385988,3.798412131658859,-1.8808954579667037,-0.5316616592189689,0.15870864291832623,6.222008073099849,0.16071981717982453,3.9571258197027586,-2.6958403897031196,-0.3709418420391444,1.4468964178074832,0.4279548876318559,0.5665399239543727,0.7983581461819513,0.20198319448042934,0.6490716635625621,0.17117219871222827
0.9877641824249168,3.794868569126539,-1.877044528449364,-0.5327524120198177,0.15978649931300723,6.163003844252732,0.16225853906168552,3.9546588590223046,-2.6990999662576267,-0.37049387295814995,1.4290713222102087,0.45269706882276556,0.5627376425855514,0.7932498801344944,0.20040863258327987,0.6449186017353613,0.16983782422311855
0.9810901001112349,3.7912952482709503,-1.874152912930257,-0.5335743914494628,0.16087449660991715,6.107169512510679,0.16374197538671176,3.9521690142326125,-2.7039273913470194,-0.36983241606270667,1.411404242207781,0.46570251494085707,0.55893536121673,0.7881949928072585,0.19876072442620915,0.6408089372416735,0.16844129188661794
0.9744160177975529,3.7877461499165332,-1.8722922993924476,-0.5341046375742167,0.16197215415687882,6.055525479514167,0.16513843486960766,3.9497185892185036,-2.7102753386885836,-0.3689662027046552,1.3925988936433253,0.4724012130072847,0.5551330798479087,0.7831967982296175,0.19709154697865028,0.6367453644143232,0.16702673472766974
0.9677419354838714,3.784234557714718,-1.8689208394028236,-0.5350681414197993,0.16307879162486183,5.9975837420852,0.16673381198214443,3.9473210392545606,-2.714924784574068,-0.3683343294377437,1.3742039857151265,0.4863155744812592,0.5513307984790876,0.7782657722146269,0.19539230492586618,0.6327364001744934,0.1655866990897171
0.9610678531701895,3.780638336612255,-1.861533194380679,-0.5371916026094254,0.16419774452816435,5.9204436702770575,0.16890626035687006,3.9448461606528866,-2.7152859081599074,-0.3682853422524772,1.3576589415998463,0.5041925698479,0.5475285171102663,0.7733814009101022,0.1936149265680706,0.6287653665935791,0.16408044624412765
0.9543937708565076,3.7769763076926828,-1.8535639558132098,-0.5395012116327393,0.16533338019469773,5.823133320339499,0.171728851975125,3.9423166438846287,-2.719073290149436,-0.367772359657522,1.3450631747307855,0.5196356571348231,0.543726235741445,0.7685302621421043,0.19177512754151133,0.6248213513350441,0.16252129452670452
0.9477196885428256,3.7733783416004476,-1.8464323729598744,-0.541584958455303,0.16649000951559653,5.713859397540542,0.17501305692443836,3.939864073970915,-2.7279777741389446,-0.36657190153084684,1.3360308257777036,0.5273534340159318,0.5399239543726236,0.7636950168257475,0.18987087188327811,0.6208902575819085,0.16090751854515095
0.9410456062291437,3.769775978254477,-1.8378640194048028,-0.5441098957494432,0.16766948329046333,5.599676009263506,0.17858176050644836,3.937431111964471,-2.735767519879423,-0.3655281352430393,1.3269494614445942,0.5221191924326527,0.5361216730038023,0.7588717972783906,0.18796280985358677,0.6169689408767404,0.15929051682507353
0.9343715239154617,3.7661783576119485,-1.8279878646190115,-0.547049583509363,0.16887374825428106,5.48163204879084,0.1824274214502566,3.93503233348708,-2.7425650551594747,-0.36462216205910636,1.3187367416101028,0.502541504384743,0.532319391634981,0.7540574931574668,0.18607836809609085,0.6130548724857454,0.15769353228482277
0.9276974416017802,3.762496975619075,-1.821545607181248,-0.5489843328970778,0.17010455454452678,5.360210231778929,0.186559846864089,3.9325941680264984,-2.7591954697808414,-0.362424486033035,1.3151385895871737,0.4914798641404557,0.5285171102661599,0.749242244232327,0.1842878878783343,0.6091400359612414,0.15617617616807994
0.9210233592880983,3.758816640014008,-1.8171343424413062,-0.5503170440642862,0.1713639798030786,5.2417265731293625,0.19077683393985012,3.9301812401905134,-2.781330076137145,-0.3595402101245213,1.3128755664256664,0.4986388914077701,0.5247148288973386,0.744420247039853,0.18247663104844497,0.6052197130405309,0.15464121275291948
0.9143492769744164,3.7551308842491147,-1.80748114240411,-0.5532561178867468,0.17265107513104316,5.135899174487043,0.19470787218089747,3.927782248862047,-2.789024941487945,-0.35854824570571964,1.3048993848359702,0.5062345702073302,0.5209125475285172,0.7395982247226733,0.18062423254611848,0.6012993696932304,0.15307138351365973
0.9076751946607344,3.751433467092084,-1.796490708861768,-0.5566407858761409,0.17396297253519294,5.051903058864867,0.1979452076470949,3.9253916465482677,-2.78787936259813,-0.3586955782290602,1.2917730713498305,0.5084339667193185,0.5171102661596959,0.7347835594419257,0.1787377443159325,0.5973850076763624,0.1514726646745191
0.9010011123470525,3.7477102269041773,-1.7885713238808458,-0.5591054640360653,0.17529328034991432,4.9917867211357505,0.2003290717061077,3.922998527628318,-2.78725139495847,-0.35877639233001446,1.2758406306143282,0.5109179471723153,0.5133079847908746,0.7299998324331317,0.1768465113040547,0.5934957987261233,0.14986992483394468
0.8943270300333706,3.7439760970055307,-1.7849195402768265,-0.5602493431412086,0.17663699796397306,4.947350870673681,0.2021283766081119,3.9206106987190035,-2.7923525664554765,-0.35812096653302206,1.2602886511420326,0.5171401749564459,0.5095057034220533,0.7252613069350552,0.1749243724551037,0.5896433389715896,0.14824099360602008
0.8876529477196886,3.740266357053896,-1.7870417103268863,-0.5595840288568752,0.17799132319674119,4.913653320498462,0.20351456132003953,3.9182636138604297,-2.80844074308824,-0.35606946753676993,1.2479568190735189,0.5314408540072671,0.5057034220532318,0.7205744479764948,0.17297890054633963,0.5858328845337356,0.1465922885985929
0.8809788654060071,3.7365139911841827,-1.7925211029427077,-0.557873487993163,0.17935354383253863,4.890604083329098,0.20447371796231906,3.915875665390834,-2.829656623468636,-0.3533997700308191,1.2375903519918119,0.5558541687177005,0.5019011406844108,0.7159393428886963,0.17095122064716287,0.5820645064135742,0.14487391580268041
0.8743047830923252,3.732742820038861,-1.7982311028361464,-0.5561020485202448,0.18072067204607128,4.878945898806966,0.20496230553499828,3.913467137901268,-2.8478690321367512,-0.3511397429851968,1.2266134643938083,0.581928424370254,0.49809885931558945,0.711358193116299,0.1688356274297368,0.5783399944034952,0.1430810401946922
0.8676307007786432,3.7290341210649833,-1.805412804261004,-0.5538899456345234,0.18208941442922386,4.8808927386049525,0.20488055229949964,3.911115357768207,-2.8652523946253527,-0.3490093933350522,1.2152025405307556,0.5976485278572354,0.4942965779467681,0.7068337063770634,0.1666273883696576,0.5746615499000516,0.14120965116072678
0.8609566184649613,3.725343723502085,-1.815501621971633,-0.550811956264738,0.18345545138711022,4.895303133900304,0.2042774415898645,3.9087913360198403,-2.8857154414705923,-0.3465345146749428,1.205045907966972,0.604954804916354,0.4904942965779468,0.7023731300977332,0.1644169503788228,0.5710350651201083,0.13933639862612104
0.8542825361512794,3.7217315088883756,-1.8245486991064397,-0.5480807393574878,0.18481614334922206,4.921655576291482,0.20318366137142618,3.906547359664821,-2.8994156918911886,-0.34489707798599056,1.1936344753880694,0.6273136639374777,0.4866920152091255,0.6979733313453168,0.16217906398097148,0.5674579929636722,0.13743988472963686
0.8476084538375974,3.718141756775318,-1.8341554995833698,-0.5452100436561409,0.18616758034868658,4.955172041667259,0.20180934013817442,3.904305406927576,-2.9120499456045756,-0.3434007035179434,1.18313590297293,0.6532844768384587,0.48288973384030415,0.6936399187316225,0.15982080599027035,0.5639348932777418,0.1354413610087037
0.8409343715239159,3.7144919937778824,-1.8483841597250221,-0.5410130760635639,0.18750992764472602,5.008038317662982,0.19967898338019374,3.9019979726815968,-2.9296809824602597,-0.3413340926834394,1.173300516543281,0.6736752311047762,0.47908745247148304,0.6893626225624238,0.15742387611889672,0.5604574167174177,0.1334100645075396
0.834260289210234,3.7108442562180244,-1.8658970917324076,-0.5359352369596877,0.18883292829146997,5.096862677692235,0.19619912546923501,3.899674597000118,-2.9434610162953447,-0.3397361114904811,1.1596084840281697,0.7038772009787833,0.4752851711026617,0.6851660872727335,0.1549529148617881,0.5570455994087264,0.13131602954388824
0.827586206896552,3.707300282513415,-1.8842725984444777,-0.5307087736803737,0.1901288258712342,5.206393005071782,0.19207155491831962,3.8974274434995775,-2.95301267727042,-0.33863721876207364,1.1445104978056964,0.7350610034935317,0.4714828897338404,0.6810657790071222,0.15238372825864593,0.5537120154529449,0.12913875276156436
0.8209121245828701,3.7037528582932473,-1.9061427527385753,-0.5246196794879552,0.19139673102675347,5.334667457091454,0.1874531089413427,3.89515265033916,-2.96589308477041,-0.33716657054662846,1.1299505502539513,0.7707135551995153,0.46768060836501907,0.6770572147880264,0.14974308977616896,0.550453020152867,0.12690092353912624
0.8142380422691882,3.700236210095551,-1.9378592348790615,-0.5160333537138513,0.19263098082929442,5.5043795777434035,0.18167351758287786,3.89287103177714,-2.99078983759394,-0.3343598361309432,1.1149255332732197,0.8142896360935894,0.46387832699619774,0.6731517447593849,0.14697941668752476,0.5472778412677926,0.12455882770129219
0.8075639599555062,3.696851383462282,-1.978347817802341,-0.5054722890491803,0.193821739047882,5.7258752229005445,0.174645789695262,3.8906849946348325,-3.022732465364571,-0.3308264993539183,1.0971047378357037,0.8905669809194686,0.4600760456273764,0.6693756985180956,0.14412985701366163,0.5442078849740615,0.12214394662174716
0.8008898776418247,3.6935702122702407,-2.0223087251416394,-0.49448434235972627,0.1949621815816227,5.9866655339341115,0.1670378935204777,3.888516887819788,-3.0539344785829323,-0.32744644883933915,1.076839226380085,0.9650566561289244,0.4562737642585553,0.6657467686613402,0.14092035720397045,0.5412575354970246,0.11942403152878851
0.7942157953281428,3.6902984949372235,-2.0684662440872223,-0.4834499972424169,0.1960513883496013,6.299196517284251,0.15875040527091322,3.8863395579777253,-3.0797698079271902,-0.32469959197146636,1.0515134169646798,0.9769188529193529,0.452471482889734,0.6622652528308985,0.13776037904685348,0.5384270348218687,0.11674608393801143
0.7875417130144609,3.6870602883217978,-2.1198079168035324,-0.47174085542047806,0.1970812081258396,6.70004215699726,0.14925279223140997,3.8841659464696563,-3.10088996817784,-0.32248806318904144,1.0184406725471435,1.060106887695534,0.44866920152091266,0.6589563280896248,0.13461641671495245,0.535736852105386,0.11408170908046819
0.7808676307007789,3.683981787073165,-2.1710619810738714,-0.46060407704499085,0.1980436391913999,7.2002676060907085,0.13888372692621864,3.8820412408629195,-3.108289542863447,-0.32172035011859634,0.9759482577579051,1.2167086721018774,0.44486692015209134,0.6558452718402402,0.13100995863562803,0.5332075380814961,0.11102538867426105
0.774193548387097,3.6809623263189786,-2.2252402046401896,-0.44938968742104635,0.1989350509769126,7.8082838504437095,0.12806911469325932,3.879895541230649,-3.1121567832106614,-0.32132057272781367,0.9278144619516303,1.2908926550721271,0.44106463878326996,0.6529456402104905,0.12710595393101357,0.5308501139922687,0.10771691011102845
0.767519466073415,3.677970610656459,-2.2957081238915538,-0.4355954442086727,0.19975312681800628,8.521418164356652,0.11735135874246794,3.8777413916968855,-3.142242214916411,-0.3182440854664037,0.8826054157083942,1.3464232090869468,0.43726235741444863,0.6502682602713064,0.12326722911676175,0.5286733823343954,0.10446375348878115
0.7608453837597331,3.675119465622329,-2.3774423171996912,-0.42062008939836915,0.2005014762326519,9.380848786520561,0.10660016196369249,3.8756597136776514,-3.184511276622706,-0.31401992743468554,0.8346565319499684,1.5077752242433766,0.4334600760456273,0.6478035609973244,0.11926485286530474,0.5266695617864426,0.10107190920788538
0.7541713014460516,3.6723338985021368,-2.457467918222136,-0.40692291141829173,0.20117604332920128,10.438105230760188,0.0958028279934453,3.873531935741393,-3.2141930183101266,-0.3111200834247825,0.7792892426613616,1.702259840658708,0.42965779467680626,0.6455678966866736,0.1147120115604145,0.5248519485257509,0.09721356911899534
0.7474972191323697,3.6696181719180325,-2.5394408209703445,-0.3937874794096956,0.20178026815247538,11.726133516402001,0.08527960206160401,3.871415074418497,-3.241408318634774,-0.3085078773479495,0.7197559907450028,1.7671733115923594,0.42585551330798493,0.643554319899666,0.11000929653870727,0.5232148942273708,0.09322821740568413
0.7408231368186877,3.6669812350920017,-2.633823900765828,-0.37967610503847027,0.20231436949687565,13.302008896227095,0.07517661488586391,3.8693362823993596,-3.2840777483690684,-0.30449949015263655,0.6612851923324007,1.7685323510537425,0.42205323193916355,0.6417658751122779,0.10542429255228812,0.5217608740750227,0.08934262080702383
0.7341490545050058,3.66458491151164,-2.6977403639854662,-0.37068059378503904,0.20278373798409982,14.281959907738273,0.0700184012880598,3.8674615040310116,-3.32599184385258,-0.3006621924970432,0.6373410936753311,1.8059514399967198,0.41825095057034223,0.6401852222610795,0.10104478967476457,0.5204757904561622,0.08563117769047845
0.7274749721913238,3.6621171654931546,-2.68322384903766,-0.37268601363939524,0.20324898664421348,13.375529389987236,0.07476339596312265,3.865497079534846,-3.3565763076320123,-0.29792261767630634,0.6744972163764239,1.9969911447387612,0.4144486692015209,0.6386124082678174,0.09647907031034465,0.5191970798925345,0.0817619239918175
0.7208008898776419,3.6595832133898303,-2.603603365599761,-0.384083080092978,0.20378169210151637,11.199466483696927,0.08928996764762864,3.8634412176620883,-3.3922095116302464,-0.2947931124452907,0.7777395838225001,2.3215138928349286,0.4106463878326996,0.6368011813169948,0.0909459619396783,0.5177245376560934,0.07707284910142229
0.7141268075639604,3.657063661734553,-2.4796536322089087,-0.40328213062127816,0.204440843831946,9.01547368672193,0.11092040582102847,3.8614245962329243,-3.4204203737116794,-0.2923617248001733,0.9268900095164365,2.150098775366639,0.4068441064638785,0.6345465121760742,0.08446558075995045,0.5158914733138814,0.07158100064402581
0.7074527252502785,3.654561556162271,-2.3336877727883474,-0.4285063373345679,0.2052622759389494,7.314215563239557,0.1367200612770958,3.8595380790929696,-3.427165984334085,-0.29178627605756446,1.0895081179494754,1.0064869521334991,0.40304182509505715,0.6317143837076362,0.07910120282055627,0.5135889298436067,0.06703491764453921
0.7007786429365961,3.65168939426953,-2.1939971841961854,-0.4557890990942042,0.206265805717736,6.085776063436206,0.16431758079435,3.857609911306785,-3.430866953426065,-0.29147151829988616,1.2506382564959366,0.49272932608985726,0.3992395437262356,0.6282179978498956,0.07666348430794431,0.5107463397153623,0.06496905449825789
0.6941045606229146,3.648323242941025,-2.0878645763453703,-0.4789582673749919,0.20745561405856255,5.2334838840981766,0.1910773057004107,3.85564701735104,-3.4736579806570083,-0.2878809616745457,1.4082259865283606,0.3484582928085628,0.3954372623574145,0.6240198566782522,0.07538872366546702,0.5073332168115872,0.06388874886903985
0.6874304783092331,3.6448927718404556,-2.015132128689026,-0.4962453755578622,0.20881633705077804,4.664741070666419,0.2143741710099114,3.8537583996387865,-3.547719610465295,-0.2818712045478833,1.5566426950423669,0.27582530418950346,0.39163498098859345,0.6191397372870919,0.07436966344964444,0.5033656400708064,0.06302513851664783
0.6807563959955507,3.641427338140968,-1.9647121099434008,-0.5089804225967782,0.2103171157850575,4.318142281571433,0.23158106768915587,3.8518742762138856,-3.6049110508313458,-0.27739935490762946,1.6756345089677225,0.23827355914583218,0.38783269961977185,0.6136577225354474,0.07352429556739015,0.4989087175084938,0.062308725057110305
0.6740823136818692,3.637942306447305,-1.940483262823769,-0.515335545097571,0.21190751926687362,4.156901529371737,0.24056379323258525,3.849972664375427,-3.6393843006516766,-0.27477175186498926,1.7579136983864754,0.21922383532343362,0.38403041825095074,0.6077293539746748,0.07274432223867004,0.49408890567046726,0.06164773071073733
0.6674082313681868,3.634564829041662,-1.950870652977724,-0.5125916464393185,0.2135282009005091,4.153647311754857,0.2407522654053924,3.8481606763549565,-3.6786428669624547,-0.2718393810339421,1.8083720388357347,0.19935062373682502,0.3802281368821292,0.601556889350603,0.07201292155531598,0.48907064174845777,0.06102789962314914
0.6607341490545053,3.631275557969579,-1.9907596064592918,-0.5023208210350276,0.21512112013991563,4.259725054590638,0.23475693552622978,3.846424072294408,-3.7374251689398212,-0.26756388550882093,1.8392001779764766,0.18702133925041897,0.3764258555133081,0.5953555874277991,0.07137032069201042,0.4840289328681294,0.06048332262034782
0.6540600667408238,3.6280376523582376,-2.0316062225028335,-0.49222137091510376,0.21666177512332846,4.379132724154782,0.22835571858421133,3.8447107916661136,-3.789807393141946,-0.26386565233093506,1.865979013891779,0.1788783790104466,0.372623574144487,0.5892258570144593,0.07075819583602454,0.4790454122068775,0.05996457274239368
0.6473859844271415,3.6247436693092587,-2.0627071405585897,-0.48479979553917474,0.2181692498651776,4.468678459066484,0.22377980630293592,3.8429194765287433,-3.8311242097823452,-0.2610199892362175,1.8967757612557536,0.17244442600154258,0.36882129277566544,0.5830956271926622,0.07019218100794151,0.4740614855224896,0.05948489915927248
0.64071190211346,3.62151082627536,-2.0917687685564084,-0.4780643133371427,0.2196488248181397,4.5497772848942954,0.21979097819141558,3.841161282923514,-3.8718669871035662,-0.2582733351457591,1.9289413643857376,0.16548762594163738,0.36501901140684434,0.5769512308024363,0.06964204997595987,0.4690660413027937,0.05901868642030498
0.6340378197997776,3.618291526574172,-2.122474354727734,-0.47114821329762435,0.22110305602568592,4.6274955785653376,0.21609961220320173,3.839396507047838,-3.920821348200968,-0.25504860109447236,1.9635401558409389,0.16014755981898285,0.3612167300380228,0.5707861568204207,0.06913346937820945,0.4640537860328623,0.05858768591373683
0.6273637374860961,3.6151927621920072,-2.154520776334165,-0.46414033737073623,0.2225333580177376,4.705207539475846,0.2125304764157967,3.83772615316454,-3.9744070292184395,-0.2516098609549431,1.9985605415516383,0.15665341040476818,0.3574144486692017,0.5646022494801614,0.06863484460221725,0.4590262190895621,0.05816512254425191
0.6206896551724137,3.6121453724258754,-2.1863233170354888,-0.4573888922137712,0.22393994781321597,4.782015701030981,0.20911683744250453,3.836085911307318,-4.0278395444925525,-0.2482720547712347,2.0330758364626913,0.15270316146336016,0.3536121673003801,0.5584039898162771,0.06816194697245728,0.45398698359046924,0.057764361841065495
0.6140155728587322,3.60909775976849,-2.2194239789943038,-0.45056735867706266,0.2253246839902739,4.857305155454433,0.20587547374433868,3.834422995917791,-4.086772228981007,-0.24469188493270622,2.0687972008287803,0.151132005161243,0.34980988593155904,0.5521894232072758,0.06770236225938234,0.44893449041241934,0.057374883270663
0.6073414905450507,3.6060962926189477,-2.2482501576032035,-0.44479036134754324,0.22668800752949173,4.9320554613578835,0.20275522200325824,3.8327841218514433,-4.131631475946545,-0.24203513934429566,2.10020200887385,0.14769087891938298,0.34600760456273794,0.5459614991348627,0.06725293004419816,0.44387113750801843,0.056994008512032346
0.6006674082313683,3.603195328438025,-2.274164637073143,-0.43972190214293505,0.22803109407263106,5.005706758153874,0.19977198991352907,3.831227491292172,-4.167536427535519,-0.23994991222940598,2.128576815874509,0.14485128629949026,0.34220532319391633,0.5397200693526656,0.06682470007894624,0.43879680435176066,0.05663110176181885
0.5939933259176868,3.600347308358915,-2.302375457182139,-0.43433402526966347,0.22935459693879368,5.077656420732962,0.19694124949392489,3.829702787750357,-4.212428102464565,-0.23739277577578832,2.1592164557999793,0.1439178643335211,0.3384030418250953,0.5334677042767949,0.06640271417693365,0.4337135807128414,0.05627348659062174
0.5873192436040044,3.59740245083938,-2.3344614817872236,-0.42836431776737527,0.23065989829279465,5.147544996585553,0.19426736447438842,3.828062284774796,-4.271734364473878,-0.23409695329291935,2.1926714938237923,0.14226324109855484,0.3346007604562737,0.5272016811675141,0.06599022718537416,0.4286192529817188,0.05592392134353742
0.580645161290323,3.5945100746028804,-2.3690210985186346,-0.4221152781734645,0.23194770970152198,5.214918459991517,0.1917575524280828,3.8264579676448385,-4.341074286802521,-0.23035772574547764,2.22746689443216,0.14148970322408955,0.33079847908745263,0.5209301879845127,0.06558912787060092,0.4235204780361892,0.05558400667000079
0.5739710789766406,3.591681607060659,-2.4013325328549167,-0.41643545253231196,0.233219509671145,5.278317036530758,0.18945432664978057,3.8249010615084122,-4.405652655529164,-0.2269811258826735,2.2607609479166055,0.14102180787059068,0.32699619771863103,0.5146509819420508,0.06519301544848119,0.41841543247321206,0.055248318176678975
0.5672969966629591,3.588923289969514,-2.4303344677615395,-0.41146599913099635,0.2344765772430097,5.338522215752991,0.18731775566076792,3.823399489484222,-4.46133319859319,-0.22414824347021067,2.2909041226520017,0.13950938711199148,0.32319391634980993,0.5083632880564033,0.06480517175643417,0.41330348622471813,0.054919637081723885
0.5606229143492776,3.586259898766471,-2.4617621223336847,-0.40621309058570887,0.23571985791133304,5.394912457467395,0.18535981962336479,3.8219798073253983,-4.527893092291379,-0.22085327096226592,2.3233325721352793,0.13892589841508102,0.3193916349809889,0.5020685285139432,0.06442665943794006,0.40818579553979123,0.05459886393045768
0.5539488320355952,3.5836173504079016,-2.505923170581872,-0.399054532772368,0.23695079063064078,5.447322549492641,0.1835764250995453,3.8205672252405756,-4.6408426860624665,-0.21547810767282272,2.368256740572245,0.13896961815466674,0.3155893536121673,0.49576558330133363,0.06405190640801985,0.40306144983848263,0.054281276616965975
0.5472747497219137,3.5809640718705733,-2.552197895368995,-0.3918191460836624,0.23817026625526477,5.496855318004677,0.181922197719949,3.8191330496786327,-4.7642426809706615,-0.20989694836373474,2.415082688497582,0.13622523976008505,0.31178707224334623,0.48945346089785924,0.06368637852279663,0.3979296430063896,0.05397150722270901
0.5406006674082313,3.5783056646505793,-2.5824677879655864,-0.3872265143673985,0.23937911807517842,5.543232810163725,0.18040014450889785,3.817684716328424,-4.834973416030694,-0.20682636985850422,2.446460621334943,0.13394528691741947,0.3079847908745246,0.48313442310473975,0.06333881886323756,0.3927922139062925,0.05367696513833691
0.5339265850945498,3.575728296057525,-2.6021946992408886,-0.3842909987833423,0.24057827708296986,5.586124352291458,0.17901499088358008,3.816307171317945,-4.871489903917464,-0.20527600789972666,2.4680446855571434,0.13392026724569717,0.3041825095057035,0.476808222004288,0.06299404600552289,0.38764896097909596,0.05338478475044312
0.5272525027808683,3.573156925948225,-2.6250122913225717,-0.38095059718602897,0.24176863964425832,5.625441719483064,0.1777638183569863,3.8149258282760954,-4.921580064230925,-0.20318677882897873,2.4916894388265893,0.13356106890083538,0.3003802281368825,0.47047432423866725,0.06265186419767092,0.38249945060054247,0.05309480016751773
0.5205784204671859,3.57067094628431,-2.6524178572917063,-0.3770145029188825,0.24295109779518764,5.661103877528032,0.17664399411032505,3.813622455488442,-4.990754407653707,-0.20037050880853258,2.519130422825521,0.1334210097117599,0.2965779467680609,0.4641379776574808,0.062314861572774244,0.3773479493150251,0.05280920472269004
0.5139043381535044,3.568220238316455,-2.676585532264401,-0.3736103285120862,0.24412651275807812,5.693474249317911,0.1756396808363192,3.812346740029162,-5.051253868895128,-0.1979706476757883,2.5436787199874638,0.13375565646948762,0.29277566539923977,0.4577968669241705,0.06198043758079243,0.372192574735098,0.05252579455999359
0.5072302558398221,3.56572858378997,-2.6998661082499376,-0.370388737776409,0.24529556517008844,5.722289040737825,0.17475524093257988,3.811023783445963,-5.111599067304226,-0.19563349684375453,2.5668800206787483,0.1336590837873444,0.2889733840304182,0.4514525963511536,0.06164782383432534,0.3670346311797997,0.05224391850366555
0.5005561735261406,3.5631869695900837,-2.7241752729664452,-0.36708357568750216,0.24645917448354093,5.746399478786799,0.1740220121645848,3.809645639863228,-5.179694920895016,-0.1930615635229742,2.591208000059484,0.13244013006109676,0.2851711026615971,0.4451061643539399,0.06131961138145639,0.3618749303690568,0.051965772357166436
0.4938820912124582,3.560777898645483,-2.746394122038508,-0.36411379997338145,0.2476184396372464,5.7659255187035034,0.17343269467428968,3.808396387897664,-5.244358104758248,-0.19068110529917703,2.6137357863944977,0.1318263733297344,0.2813688212927756,0.4387559247815125,0.06099877196144702,0.3567121339687093,0.05169387454359917
0.4872080088987767,3.5583825399720124,-2.7692198049871206,-0.36111254086767985,0.24877418264382073,5.781543345001034,0.17296419663871276,3.8071569479841916,-5.31495509088083,-0.18814834422886406,2.6369045553752146,0.132562768098233,0.27756653992395447,0.4324027263359468,0.060678907334511624,0.35154693198044457,0.05142280282585731
0.4805339265850952,3.55594424266783,-2.7976348765179244,-0.3574447860918326,0.24992719420861953,5.792898235447569,0.1726251626311779,3.805871313233255,-5.410680864272094,-0.18481962346055525,2.6653487289581768,0.1327225067357402,0.27376425855513337,0.42604550939239544,0.0603597986642202,0.3463784629206467,0.051152371749339155
0.4738598442714128,3.5535411823789516,-2.833642439829944,-0.35290267605535064,0.2510784117334471,5.799966739558978,0.1724147818261521,3.8046195098270537,-5.54053779767862,-0.18048789422914524,2.7006000080890167,0.13275950008890727,0.2699619771863118,0.41968569667463107,0.06004564082780602,0.34120788347530984,0.05088613629475087
0.4671857619577313,3.5512637434774104,-2.868688735169518,-0.3485913224882893,0.2522286151006261,5.803319477562422,0.17231517304300326,3.8034924697778485,-5.672917199215227,-0.17627614944535708,2.7346542472379314,0.13374690999156244,0.2661596958174907,0.4133240296206061,0.059734432801711625,0.33603579643951714,0.05062240067941663
0.46051167964404893,3.548943606849712,-2.8921016414767218,-0.3457693137954152,0.2533785030310177,5.802716660040259,0.17233307407311216,3.802322263171649,-5.7658076628086325,-0.17343623972237765,2.757398709801092,0.13483573338553284,0.2623574144486691,0.4069611883680971,0.059423310122663504,0.3308627547708106,0.05035873739208772
0.45383759733036744,3.5466292388340324,-2.906283355485932,-0.3440820724215996,0.25452894534409376,5.797316277044785,0.1724936077680681,3.801158209281777,-5.827897592180162,-0.17158846465349598,2.771514644302545,0.13468156611136545,0.25855513307984807,0.40059756700700033,0.05911211349760522,0.32568907886747994,0.050095011438648494
0.44716351501668505,3.54435958643011,-2.9216796142962767,-0.342268876815524,0.2556809761046738,5.787185979885023,0.17279555270485147,3.8000408393405514,-5.900633655753488,-0.16947332411069738,2.7868745366054264,0.13450134218903842,0.25475285171102646,0.3942319881023686,0.058804707762968596,0.3205138114653403,0.04983449810421068
0.44048943270300356,3.5420871925430313,-2.931950186371129,-0.3410699147101468,0.2568354488284745,5.7730360571782295,0.17321908092997162,3.798922949376138,-5.9576707334683014,-0.16785083378010768,2.7970365729686186,0.13508998566065442,0.2509505703422054,0.3878652743860462,0.05849762393521068,0.31533762145207006,0.04957425757221244
0.43381535038932206,3.5398009780317894,-2.9338048663974403,-0.3408542986118732,0.25799313291352755,5.754650839885209,0.17377248903948228,3.797794244316152,-5.985091989121995,-0.16708180957243712,2.7990339547930843,0.13546495113412388,0.2471482889733843,0.38149803823460626,0.058189685901818146,0.31016100669480184,0.04931329313713403
0.4271412680756397,3.537537573240274,-2.9419955642873252,-0.33990533913066656,0.25915499261988023,5.731260405156594,0.17448168976936884,3.7966923244395847,-6.045084870638088,-0.1654236493613439,2.8070572687166604,0.13486095927037636,0.24334600760456274,0.3751302876134598,0.057881287612638034,0.3049839736694795,0.049051938654778
0.4204671857619582,3.535259317354627,-2.9577038531518878,-0.33810011064304035,0.2603221432330298,5.703173377236615,0.17534097840885465,3.7955816190036615,-6.144048486084191,-0.16275913223421412,2.822315396614362,0.13470822831186366,0.23954372623574166,0.36876210136787196,0.05757775626567437,0.29980658647794467,0.04879470869972405
0.4137931034482758,3.5329661539417643,-2.9706742751756385,-0.33662391341806597,0.26149547286560465,5.671036451209946,0.1763346098377916,3.7944621137779193,-6.238719475743796,-0.16028930358032767,2.8345278300547574,0.13590252080074647,0.23574144486692006,0.36239312916027755,0.057273340163684974,0.29462856029290857,0.048536728952275406
0.4071190211345943,3.530748557649822,-2.9869868017846373,-0.3347855435459337,0.2626758866346467,5.63439671844357,0.177481290361861,3.7934247742863265,-6.357107196772057,-0.1573042531841793,2.850033336820401,0.1372310537858623,0.23193916349809898,0.35602569037566134,0.056967086108276964,0.2894517807932206,0.04827719161718387
0.4004449388209128,3.52852550723803,-3.0022906711210617,-0.3330790085113904,0.2638645223476316,5.592824345311641,0.17880053766363702,3.7923901508893376,-6.481785789712334,-0.15427847084782798,2.865434004725677,0.13700653530002915,0.2281368821292779,0.3496569688058051,0.05666007845047828,0.28427395837870334,0.04801701563599855
0.3937708565072304,3.5263131622096977,-3.00842169570384,-0.3324002088630209,0.26506254564684206,5.546529221690249,0.18029292915097272,3.791376037504315,-6.574307303987013,-0.15210727971197002,2.8708214032141233,0.13674184251094101,0.22433460076045633,0.34328598217425493,0.05635789366333247,0.2790942944506138,0.047760926833332606
0.38709677419354893,3.5241056315970862,-3.013238814423574,-0.33186881677391966,0.2662711020470885,5.495895363492248,0.18195397362233834,3.790377501245597,-6.670453565359542,-0.14991484315146408,2.8751712182216687,0.13815406729376672,0.22053231939163526,0.3369193294962351,0.05605334289961955,0.2739181540619798,0.047502832965779285
0.38042269187986655,3.5219112897858285,-3.0212101626328964,-0.3309931935117447,0.267491297241356,5.440866836102968,0.18379424274170475,3.789402708617352,-6.793526684591552,-0.14719895077001866,2.8833160408567844,0.13935425070330157,0.21673003802281365,0.3305494265616602,0.05574585921229037,0.2687393711883416,0.0472422535697376
0.37374860956618505,3.5196911146475887,-3.018147849205762,-0.3313290302405676,0.2687244178567665,5.3812724654410715,0.1858296539381854,3.7884153269667973,-6.872881694842268,-0.14549937630243903,2.879767427163293,0.13850835503884573,0.21292775665399258,0.32418040474627674,0.0554376506293707,0.2635613046717697,0.0469810598553989
0.36707452725250267,3.517478085708989,-3.0110365488561066,-0.3321115449030003,0.26997178205476896,5.3178491526252145,0.1880459507781147,3.787450007915089,-6.941282587797211,-0.1440655941249247,2.871581182938134,0.13817833656611306,0.209125475285171,0.3178132575256564,0.05513322086829875,0.25838476221598083,0.04672306853245657
0.3604004449388212,3.5152076731185193,-3.002564456836166,-0.3330486370486483,0.27123448616526197,5.250672177016558,0.1904518062234466,3.7864430272355754,-7.0127785744849085,-0.1425968308251413,2.8619426999318494,0.13955684173246544,0.20532319391634993,0.3114504562514194,0.05482504727210486,0.2532117530499345,0.04646190446788548
0.3537263626251397,3.5129935670274173,-2.986783191199449,-0.33480836605298236,0.2725139641178182,5.178946841882289,0.19308945052553383,3.7855089632951615,-7.05622108579443,-0.14171891552734905,2.845117312697776,0.14058687416385215,0.20152091254752882,0.30509022242081857,0.05451277987817348,0.24804083123643786,0.04619727108319787
0.3470522803114573,3.510787697249322,-2.9719634223790345,-0.336477896218355,0.273811875938684,5.102398991875878,0.19598624129399056,3.784601148772539,-7.117860491700274,-0.14049165492440352,2.8300541675225115,0.14162251233502046,0.19771863117870725,0.29873537921984344,0.054196724577424506,0.2428742920486532,0.04592942760798687
0.3403781979977758,3.5085726207150567,-2.962310975945486,-0.3375742817415812,0.2751300207313087,5.021629753945836,0.1991385364909135,3.7837040609247903,-7.223567859507135,-0.13843574525071745,2.819386538483213,0.14321425838059346,0.19391634980988617,0.29237942964924163,0.05387667392749453,0.2377068533733672,0.04565819824363944
0.3337041156840934,3.506264301524082,-2.9525532899057665,-0.338689907280866,0.27647000990741694,4.936233666745647,0.20258360270438303,3.782735672598006,-7.347198229444726,-0.13610630457640127,2.8085705949876782,0.14521460648159248,0.1901140684410646,0.28603121498114314,0.053551319376831996,0.23254570323670173,0.04538247404816271
0.3270300333704119,3.5040194446540256,-2.934433271463901,-0.34078130510738447,0.27783414001101137,4.845491120539953,0.20637742906204437,3.7818541290322676,-7.4402616161396,-0.13440387604526904,2.790253105351547,0.14500396953865885,0.1863117870722435,0.2796821991756895,0.0532201033156775,0.22738390176885326,0.04510178247091314
0.32035595105672954,3.501672230379929,-2.906472741302548,-0.34405965202751077,0.27922476980590916,4.749770301897693,0.21053649680711217,3.7808979345939915,-7.489337698388175,-0.13352315522041636,2.761519216780658,0.14400645302208265,0.18250950570342192,0.27333885496482285,0.052891682299660105,0.22222671135351452,0.04482345957598314
0.31368186874304804,3.4993989225716122,-2.874122965098446,-0.34793222563661175,0.28064441583046124,4.649470040206927,0.21507827587926442,3.7800446151972302,-7.527062626488372,-0.13285394975736153,2.7286955800372144,0.14495544957984452,0.17870722433460084,0.26699968821157744,0.05255873883677984,0.21707291724518493,0.04454130409896597
0.30700778642936655,3.4970796082035647,-2.8442499215926964,-0.3515865439279082,0.282095670040115,4.544832303680588,0.22003012062516802,3.7791766737793715,-7.601301212774996,-0.13155642330281125,2.698615356656314,0.14575401869329344,0.17490494296577977,0.26066603286102275,0.05221838244249195,0.211923603952051,0.044252866476688094
0.30033370411568416,3.4947659688580592,-2.8134360782244867,-0.3554372561508785,0.28358141410354465,4.4361830711905395,0.2254190108821703,3.778348726694406,-7.691228242113361,-0.13001824526861583,2.667877406430275,0.14419130306833206,0.17110266159695817,0.25433496234175984,0.051874714316568135,0.20677639214777221,0.04396162230217639
0.29365962180200267,3.492337356102679,-2.772752061123648,-0.3606525134435401,0.2851046001075078,4.323441055496033,0.2312972438305323,3.7774450819844922,-7.730647564583457,-0.12935526961302912,2.627200024109774,0.14335070326427454,0.1673003802281371,0.24800840971776983,0.05153421256607175,0.20163285342908116,0.043673061496670974
0.2869855394883203,3.4899043377126167,-2.729583335379541,-0.36635628120910724,0.28666880779205006,4.20658250107906,0.23772266435841516,3.7765766286752984,-7.774017589508189,-0.12863361685077734,2.5838448277098838,0.14500964889644183,0.16349809885931552,0.24168738665848263,0.0511845405934166,0.1964938102914493,0.04337672931645475
0.2803114571746388,3.487434411041946,-2.6873389031854296,-0.3721153289652648,0.28827776136701955,4.086420606007847,0.24471293985983777,3.7757158302181653,-7.849146370186014,-0.12740238910544122,2.540741694542477,0.14638704109574982,0.15969581749049444,0.23537284119626048,0.05082494165621334,0.1913600334928947,0.04307198445441809
0.2736373748609573,3.4849423834886357,-2.6448297428473255,-0.3780961714849127,0.28993527639974515,3.9625221573105405,0.2523645194399933,3.774881782238271,-7.953446755341987,-0.12573165204486259,2.4958236987082527,0.1478885689629752,0.15589353612167337,0.22906720590363294,0.05045739706503884,0.18623350073466094,0.042760505987321056
0.2669632925472749,3.482375746331156,-2.601232274957855,-0.38443318177581887,0.2916463645186101,3.833814266286954,0.2608368404264141,3.7740275115775086,-8.090854381950994,-0.12359634134941189,2.4497057608286705,0.15025660369855187,0.15209125475285176,0.22277645105050087,0.05007837127696615,0.18111906589471616,0.0424392976923442
0.2602892102335934,3.4797780152339706,-2.5507533042484174,-0.39204104855394917,0.2934169694866384,3.700260952493852,0.2702512100737202,3.7732011297364436,-8.210865639357918,-0.12178983848019698,2.398583536579243,0.1509127867306664,0.1482889733840307,0.2164963724528911,0.049686161819151926,0.17601331093730985,0.042106916795891465
0.25361512791991103,3.4771213885734347,-2.4930776173033924,-0.4011106565874343,0.2952537221614183,3.5621560470333273,0.280728858252246,3.77238305111666,-8.306903650135677,-0.1203817983351314,2.3415486266433057,0.1510160694123823,0.1444866920152091,0.21022442261627958,0.049288675014998284,0.1709141647286826,0.041770063572032445
0.24694104560622954,3.474458995305667,-2.426334841971676,-0.4121442690850472,0.29716418450224136,3.420772252787919,0.29233165089695845,3.7716309551828395,-8.346366310348678,-0.11981261818812072,2.2747254906008423,0.15256874077725036,0.14068441064638804,0.20395932398484554,0.04887749686123016,0.16582058860556548,0.04142160750951709
0.24026696329254715,3.4716914057241617,-2.355100000920907,-0.4246104197736713,0.2991558131633799,3.2762397638108087,0.30522796623310455,3.770853699801106,-8.376440342294362,-0.11938245354065202,2.2025231899912736,0.15091921114316198,0.13688212927756643,0.1977098334926223,0.048449123451533835,0.1607397020265222,0.04105857919621512
0.23359288097886566,3.468816072476856,-2.278823152491537,-0.43882299462626406,0.30123841764439635,3.1284376245702803,0.31964837404656876,3.7700652033702813,-8.391048321661103,-0.11917462057971306,2.124254349668671,0.14910116822279576,0.13307984790874536,0.19147542464912626,0.04802207620787213,0.15567107695050916,0.04069667475243401
0.22691879866518416,3.465780665493586,-2.1949962047149882,-0.45558165333130773,0.3034225322830224,2.9774418915460004,0.3358587795917529,3.7692206210289507,-8.352622759252993,-0.1197228737395335,2.038893407014964,0.1506476149112518,0.12927756653992428,0.18526608168219622,0.0475755749320577,0.15062283063593188,0.040318283840726866
0.22024471635150178,3.4626682291774364,-2.105058471060451,-0.47504618695757017,0.30572151592593255,2.8228159405527595,0.35425618285412597,3.7684131288720746,-8.278830747810863,-0.12079000410346907,1.9493434477976619,0.15232099386851924,0.1254752851711027,0.1790757288477645,0.04710570709627689,0.14559002345346705,0.039920090759556694
0.21357063403782028,3.4594411002997445,-2.013750712984591,-0.49658579562606064,0.30815120213202085,2.6653061528519277,0.37519141991623783,3.767619299153536,-8.23761392694451,-0.12139437570982636,1.8581601970023756,0.15424798729772854,0.12167300380228162,0.17290441896054637,0.04660941095065851,0.1405726983419076,0.0394995008056428
0.2068965517241379,3.456055640490269,-1.9246827678939729,-0.5195661418500777,0.31072963276574883,2.506074772858395,0.399030392401027,3.766814162601457,-8.296293876055438,-0.12053574944906131,1.7665558618728867,0.15506498833301957,0.11787072243346003,0.16675768896903814,0.04608284889035801,0.13557535688539687,0.03905326177148984
0.2002224694104564,3.452508876001776,-1.8357692293654346,-0.5447307777054675,0.3134775255011114,2.34457569937286,0.42651640561978255,3.766025105167374,-8.459208320920423,-0.11821437208573116,1.6746508076329503,0.1561879435579077,0.11406844106463895,0.16065083948803785,0.04553408440835434,0.13061043860816085,0.03858820712572402
0.19354838709677402,3.4487395171892605,-1.7421410544667655,-0.5740063340084021,0.31642284396423315,2.1806687374433555,0.4585749237513319,3.7652105823273985,-8.663153276675802,-0.11543141025708792,1.5798624005520345,0.15673910430575327,0.11026615969581736,0.15457911122241833,0.04494643361967835,0.12567407416456775,0.03809019798277827
0.18687430478309253,3.4447609486274433,-1.639119497840977,-0.6100836463218116,0.3195986590773251,2.01421807853384,0.4964705712143669,3.7644248738141783,-8.801803833357038,-0.11361307510742336,1.4767307308404996,0.15670093209480407,0.10646387832699629,0.14854380912695261,0.04433349385268854,0.12076732449345741,0.037570757502278423
0.18020022246941103,3.4405427787334877,-1.525922045927132,-0.6553414721735749,0.32304981488144346,1.8441213837546007,0.542263654013933,3.7636729124503407,-8.843467412753254,-0.11307781815963835,1.3659711576159332,0.15941801718556878,0.10266159695817521,0.14255030132961627,0.043669651849486756,0.1158945539265173,0.03700817953346335
0.17352614015572865,3.4360493573569553,-1.4067220415637456,-0.7108724896983745,0.32683688360253893,1.6707916877218756,0.5985186587584117,3.7629653473959004,-8.900453074303222,-0.11235383094003737,1.252919339523549,0.16069979697125197,0.09885931558935362,0.13659193847623827,0.04293750450592114,0.11105035648474655,0.03638771568298402
0.16685205784204715,3.4311527244119198,-1.2830550580214297,-0.7793897804682501,0.3310389404710998,1.4967092236981179,0.6681324496211545,3.7622446349235887,-8.988171767076258,-0.11125733084708145,1.1369264117662046,0.15936928062080383,0.09505703422053255,0.13065923591954254,0.04214520824478505,0.10622702107279881,0.03571627817354665
0.16017797552836477,3.4257697991125524,-1.1573891747829115,-0.8640136107956664,0.335755225532966,1.327112930107929,0.7535153771116327,3.76151826195092,-9.049918416437626,-0.11049823368392708,1.0189195881435313,0.15894917721919796,0.09125475285171096,0.1247605019804176,0.041280240934933,0.10143130242310375,0.03498325502960424
0.15350389321468327,3.4197859333672556,-1.036493571215358,-0.9647913192818294,0.341096987774036,1.1710854931393535,0.8539086222640151,3.7607489599786854,-9.01853965401679,-0.11088269701787112,0.9011377643653826,0.15691485409219139,0.08745247148288988,0.11890327378239209,0.040311489359072576,0.09666932827836755,0.034162279117858116
0.14682981090100178,3.4130909708592023,-0.9290257000111246,-1.0763964871887026,0.3471533383996708,1.03721581489031,0.964119506899106,3.7599639366530306,-8.90654520116768,-0.11227698028960731,0.7884790040536923,0.15283597958777323,0.08365019011406881,0.11314298032870117,0.03926208328937111,0.09198616286886274,0.033272951940145006
0.1401557285873194,3.40561927542061,-0.841002759513136,-1.1890567405259276,0.3539662136725782,0.9298494514061239,1.0754429101267888,3.7592015829536165,-8.801745319976186,-0.11361383039911743,0.6898755769278174,0.14956032694323904,0.07984790874524722,0.10755148781268596,0.03811745162221553,0.08744023399405362,0.03230292510357249
0.1334816462736379,3.3973424932119967,-0.7737988689055358,-1.2923254868728407,0.36150852741137446,0.8485805629015104,1.1784384933125835,3.7584972787627566,-8.780633931393844,-0.11388699356029974,0.6113788101700875,0.1455912735877716,0.07604562737642614,0.1021665517716767,0.03689023030183653,0.08306223721274529,0.03126290703545469
0.12680756395995552,3.3881735336446086,-0.7249979650378654,-1.3793142163478649,0.36969620468453723,0.7896260669664291,1.2664222241823673,3.757751658906432,-8.858024212506699,-0.11289199216548695,0.5572067078718418,0.14019026691871683,0.07224334600760456,0.09698256307658457,0.035607650631695714,0.07884761225738583,0.030175975111606537
0.12013348164627402,3.378279759379379,-0.6899804368435531,-1.4493164539196073,0.37841293974751306,0.7473542836155759,1.3380534800204344,3.7569788338340344,-8.987715903642245,-0.11126297389915862,0.5264137822703214,0.13480373078763427,0.06844106463878348,0.09189992185823528,0.034309824935512816,0.07471538362458154,0.029076122826705776
0.11345939933259164,3.367963564372242,-0.6619284525323017,-1.5107372952082017,0.3875567628160671,0.7142183873977637,1.4001319731398603,3.7562003192298086,-9.041156259926666,-0.1106053220684089,0.5122417491446988,0.12990517024809,0.06463878326996189,0.08679941470019088,0.033000175294576155,0.07056862983755356,0.02796625024964081
0.10678531701891014,3.3574711186864454,-0.6333231286410891,-1.5789728098919795,0.39710213182501974,0.6810627595402257,1.4682934663394072,3.7554625700587208,-9.035109604935833,-0.11067934355259013,0.5051303384593884,0.12661181261602442,0.06083650190114081,0.08157226463465184,0.03169022513636429,0.06631891433711531,0.026856122996918894
0.10011123470522865,3.346819424609687,-0.5979604918248889,-1.6723512902134132,0.40715578572604694,0.6402000215623812,1.5620118186805776,3.754738194507952,-9.06293990815888,-0.11033947153282497,0.493192425841997,0.12369891171046057,0.057034220532319733,0.07615542478607362,0.03033222853247164,0.061914979500872866,0.025705278417348848
0.09343715239154626,3.335787473490392,-0.5540065090400963,-1.805032943985907,0.4179521227306562,0.5898576203493314,1.6953243723591633,3.7540414091456413,-9.115058059475574,-0.10970857162675429,0.46541888046839225,0.11890392028186532,0.053231939163498145,0.07056885927925598,0.028930436317000645,0.05737305632459836,0.024517318912712412
0.08676307007786477,3.3239235805004053,-0.5048354255936105,-1.980843556737625,0.4297852545450794,0.5343796759048487,1.8713286546812071,3.753318547737242,-9.131177412586824,-0.10951490205650316,0.41777562661830575,0.11270946842929362,0.04942965779467707,0.06494464579382078,0.027469985612438387,0.05280052503562665,0.02327964882410033
0.08008898776418238,3.310665020076737,-0.4561310381949863,-2.192352451955969,0.4429309256852444,0.4802586490230055,2.082211329320792,3.7525723688441,-9.079261006919797,-0.11014112263518427,0.35859853621489945,0.10593475193768251,0.04562737642585548,0.059499090323944584,0.025953797603748358,0.048373244165808606,0.021994743731990136
0.07341490545050089,3.295418641955426,-0.41278759134835036,-2.4225534414286756,0.45757895415781535,0.432612494673138,2.3115374898165015,3.7517869079962116,-9.007714526413876,-0.11101595161210298,0.30355526555794343,0.10056889002353264,0.041825095057034405,0.054393906889495774,0.02437386771586106,0.04422268852804535,0.02065582009818734
0.0667408231368185,3.2780696829136104,-0.3770379599776307,-2.652252839632723,0.4737857086416386,0.3935667256573407,2.540865207366771,3.7511108924487404,-8.977657390298877,-0.11138763226591664,0.2640368765822128,0.09591408566041587,0.038022813688212816,0.04962734548338898,0.02270549708053081,0.04034743535234876,0.01924194667841594
0.06006674082313701,3.25865476108225,-0.3491403722689221,-2.8641775040262587,0.491494841241688,0.3631733018498069,2.7535063698420146,3.750351329417481,-9.03577981169943,-0.11067113418425834,0.24129290984295249,0.09026106273985339,0.03422053231939174,0.04502643096345364,0.02098114778423497,0.03660685444183223,0.017780633715453367
0.053392658509455515,3.237836199199383,-0.3290623529333641,-3.038937730450442,0.5105399649687825,0.34139153202273975,2.929188061798179,3.749585252317151,-9.111644821158794,-0.10974966865234137,0.23022041209401622,0.08412554898086944,0.030418250950570658,0.04040376272644619,0.019254815698103025,0.03284858758247658,0.016317640422121207
0.04671857619577313,3.216084410588402,-0.3221950905180876,-3.1037096139236837,0.530594125715079,0.3340080991976691,2.993939375728104,3.7488157257893824,-9.10993741508565,-0.10977023819549458,0.22387717121349773,0.07825163760670453,0.026615969581749072,0.03569044065724192,0.01756598168858398,0.029016618420521886,0.014886425159816932
0.040044493882091636,3.193586506192096,-0.30222806727559237,-3.3087595371747227,0.5505035606403484,0.31257064866784734,3.199276721157041,3.74812260864664,-9.118392633808401,-0.10966845146504056,0.2175100259988751,0.07349472406135624,0.022813688212927993,0.031125068991076876,0.016003917106069288,0.025304934139086892,0.013562641615312957
0.03337041156840925,3.1699240080759106,-0.26249581600990957,-3.8095845305292357,0.5732985980775764,0.27019284336920324,3.7010602780235615,3.747414747671673,-9.212099446193195,-0.10855288806214958,0.2063016782483377,0.0683235775127153,0.019011406844106408,0.026099771267106307,0.014326857894795871,0.021219326233419763,0.012141404995589722
0.026696329254727758,3.14434704650808,-0.22443497510864296,-4.45563352822316,0.5999059225272038,0.2300134432233355,4.3475719766041365,3.7467324341566353,-9.351661205751396,-0.10693287299426402,0.1861199825323983,0.06292363907489483,0.015209125475285329,0.020663839561642642,0.012539143129192017,0.016799869562311092,0.010626392482366118
0.020022246941046262,3.1157551317231493,-0.1903920328076462,-5.252320621054054,0.6313307045505984,0.1943751058944314,5.144691730962286,3.7459978165166814,-9.381710542216098,-0.10659037022088569,0.15549828655793443,0.058418687049566,0.01140684410646425,0.015053185944869393,0.010596779557903327,0.012238362556804385,0.008980321659240108
0.013348164627363879,3.0823579083312427,-0.16129953723235263,-6.199645809023593,0.6685781147091265,0.1641384007214357,6.09241954109892,3.745220591947667,-9.28231372444581,-0.10773176060257583,0.11670774513767214,0.05117122744619357,0.0076045627376426644,0.009705905183222268,0.008457241650245646,0.007890979823757941,0.007167153940886141
0.0066740823136823835,3.0399237432442607,-0.1370311820454088,-7.297609092130756,0.7126533235641547,0.13906744749302175,7.1907554070134125,3.7444764319621715,-9.204888362749568,-0.10863792808686412,0.07627972608228502,0.03692103763862213,0.003802281368821585,0.005145318099589349,0.006355303138505976,0.004183185446820609,0.005385850117377946
-0.0,2.971428147361288,-0.12683514187702571,-7.88425025746855,0.7645615016770494,0.12857477484890667,7.777575353914792,3.7438579849059623,-9.213070773477291,-0.10854144341089977,0.06430941473800778,0.031592467055544506,-0.0,0.0017613480014413525,0.004692903250741111,0.0014319902450742703,0.003977036653170433
-0.006674082313681495,,,,,,,3.743155896156613,-9.267742963350795,-0.10790113665802892,,,-0.0038022813688210794,,,,
-0.013348164627363879,,,,,,,3.7423603682653632,-9.265051411141538,-0.10793248257613186,,,-0.0076045627376426644,,,,
-0.020022246941045374,,,,,,,3.741569799617708,-9.156840769585585,-0.10920797086714629,,,-0.011406844106463743,,,,
-0.02669632925472687,,,,,,,3.7408994411927576,-8.931674729364044,-0.11196108572028152,,,-0.015209125475284822,,,,
-0.03337041156840925,,,,,,,3.7401999951035543,-8.746788960663208,-0.11432766978799691,,,-0.019011406844106408,,,,
-0.04004449388209075,,,,,,,3.7394701272267983,-8.779734423946215,-0.11389866158964423,,,-0.022813688212927487,,,,
-0.04671857619577313,,,,,,,3.7386574967611477,-8.90951616185971,-0.11223954049052054,,,-0.026615969581749072,,,,
-0.05339265850945463,,,,,,,3.73783640226535,-8.868410876135279,-0.11275977330853948,,,-0.03041825095057015,,,,
-0.06006674082313701,,,,,,,3.7370398721514895,-8.733394976310782,-0.11450300859087292,,,-0.03422053231939174,,,,
-0.0667408231368185,,,,,,,3.736325420385671,-8.670221572837821,-0.11533730615752802,,,-0.038022813688212816,,,,
-0.0734149054505,,,,,,,3.7356388590626355,-8.688027875031628,-0.11510091983865323,,,-0.0418250950570339,,,,
-0.08008898776418238,,,,,,,3.7348947998167565,-8.70533666512838,-0.11487206508689951,,,-0.04562737642585548,,,,
-0.08676307007786388,,,,,,,3.734065068682364,-8.622975316539955,-0.11596925229298449,,,-0.04942965779467656,,,,
-0.09343715239154626,,,,,,,3.733251701776444,-8.453144310418248,-0.11829917522732103,,,-0.053231939163498145,,,,
-0.10011123470522776,,,,,,,3.7324926038035455,-8.31243755136072,-0.12030165566011419,,,-0.05703422053231923,,,,
-0.10678531701890925,,,,,,,3.7316650361921013,-8.2409234633706,-0.12134562400012783,,,-0.0608365019011403,,,,
-0.11345939933259164,,,,,,,3.730866687889779,-8.247218812668867,-0.12125299724846172,,,-0.06463878326996189,,,,
-0.12013348164627313,,,,,,,3.730029057367006,-8.3349213969071,-0.11997713624162998,,,-0.06844106463878297,,,,
-0.12680756395995552,,,,,,,3.7292232861543653,-8.3860873021217,-0.11924512158930156,,,-0.07224334600760456,,,,
-0.133481646273637,,,,,,,3.728449742980218,-8.350111281497504,-0.11975888300025872,,,-0.07604562737642563,,,,
-0.1401557285873194,,,,,,,3.7276884459466806,-8.302697832935984,-0.12044277897638267,,,-0.07984790874524722,,,,
-0.1468298109010009,,,,,,,3.726849581252176,-8.23239305458148,-0.1214713623814987,,,-0.0836501901140683,,,,
-0.15350389321468239,,,,,,,3.7260496570935593,-8.164284703458009,-0.12248470457876692,,,-0.08745247148288937,,,,
-0.16017797552836477,,,,,,,3.7252521397885787,-8.107854952046448,-0.12333718423855089,,,-0.09125475285171096,,,,
-0.16685205784204626,,,,,,,3.7243954823230863,-8.02325261308986,-0.12463773088342123,,,-0.09505703422053204,,,,
-0.17352614015572865,,,,,,,3.723531760090523,-7.929672916410341,-0.12610860631218657,,,-0.09885931558935362,,,,
-0.18020022246941014,,,,,,,3.7226710643651857,-7.884254916069785,-0.12683506693343816,,,-0.1026615969581747,,,,
-0.18687430478309253,,,,,,,3.7218500812819872,-7.835424282768066,-0.12762550742775147,,,-0.10646387832699629,,,,
-0.19354838709677402,,,,,,,3.7210311646537404,-7.771017833351489,-0.12868327179847938,,,-0.11026615969581736,,,,
-0.20022246941045552,,,,,,,3.7201771214924366,-7.762485883369186,-0.12882471092700598,,,-0.11406844106463845,,,,
-0.2068965517241379,,,,,,,3.719286652995876,-7.766752514563163,-0.12875394164097997,,,-0.11787072243346003,,,,
-0.2135706340378194,,,,,,,3.7183957625700588,-7.737288966587205,-0.12924423584519218,,,-0.12167300380228112,,,,
-0.22024471635150178,,,,,,,3.7175490381814016,-7.644510118292862,-0.1308128296680593,,,-0.1254752851711027,,,,
-0.22691879866518327,,,,,,,3.716656586640859,-7.52597679762965,-0.13287311758853093,,,-0.12927756653992378,,,,
-0.23359288097886477,,,,,,,3.715796891881791,-7.452309613235983,-0.13418658803760763,,,-0.13307984790874486,,,,
-0.24026696329254715,,,,,,,3.714920104566382,-7.442227632772175,-0.13436837051267503,,,-0.13688212927756643,,,,
-0.24694104560622865,,,,,,,3.7140357942507904,-7.444577799751658,-0.13432595197451747,,,-0.1406844106463875,,,,
-0.25361512791991103,,,,,,,3.713092109458744,-7.415305391123686,-0.13485621255694014,,,-0.1444866920152091,,,,
-0.2602892102335925,,,,,,,3.712139913791096,-7.381771936006663,-0.13546882898430113,,,-0.1482889733840302,,,,
-0.2669632925472749,,,,,,,3.7112271729007356,-7.322757402023537,-0.13656058027044082,,,-0.15209125475285176,,,,
-0.2736373748609564,,,,,,,3.7103635359579714,-7.2363791978093275,-0.1381906576016263,,,-0.15589353612167284,,,,
-0.2803114571746379,,,,,,,3.7094947332203625,-7.192538292146699,-0.1390329754784716,,,-0.15969581749049394,,,,
-0.2869855394883203,,,,,,,3.708563091517644,-7.178202390268733,-0.13931064431335471,,,-0.16349809885931552,,,,
-0.2936596218020018,,,,,,,3.7076035134062044,-7.1405818834866865,-0.14004460929334073,,,-0.1673003802281366,,,,
-0.30033370411568416,,,,,,,3.706629927923004,-7.067394272833077,-0.14149486520710752,,,-0.17110266159695817,,,,
-0.30700778642936566,,,,,,,3.7056536420072788,-7.013858261300342,-0.1425748800082829,,,-0.17490494296577927,,,,
-0.31368186874304804,,,,,,,3.7047038965935184,-6.996538611200353,-0.14292781839282043,,,-0.17870722433460084,,,,
-0.32035595105672954,,,,,,,3.703797132426761,-7.005971521850757,-0.14273537893797084,,,-0.18250950570342192,,,,
-0.32703003337041103,,,,,,,3.70283508233425,-7.022695310562936,-0.14239547008338604,,,-0.186311787072243,,,,
-0.3337041156840934,,,,,,,3.701894876587703,-7.015853372386064,-0.14253433572827134,,,-0.1901140684410646,,,,
-0.3403781979977749,,,,,,,3.700941346280456,-6.961405994973597,-0.14364914224540826,,,-0.19391634980988567,,,,
-0.3470522803114573,,,,,,,3.6999955819288806,-6.8750107886050325,-0.14545431720011948,,,-0.19771863117870725,,,,
-0.3537263626251388,,,,,,,3.698977402126918,-6.811716591507462,-0.1468058728759729,,,-0.20152091254752832,,,,
-0.3604004449388203,,,,,,,3.6980089405946877,-6.772397590658288,-0.14765819440066252,,,-0.2053231939163494,,,,
-0.36707452725250267,,,,,,,3.6970183051872927,-6.721996591950682,-0.14876532386188046,,,-0.209125475285171,,,,
-0.37374860956618416,,,,,,,3.696027886267861,-6.6839116403548084,-0.14961298919070032,,,-0.21292775665399208,,,,
-0.38042269187986655,,,,,,,3.6950008010804805,-6.689097758651472,-0.14949699288018792,,,-0.21673003802281365,,,,
-0.38709677419354804,,,,,,,3.6940393491815686,-6.715153974095874,-0.1489169129788479,,,-0.22053231939163473,,,,
-0.3937708565072304,,,,,,,3.6930414687807214,-6.715326798237456,-0.14891308048663632,,,-0.22433460076045633,,,,
-0.4004449388209119,,,,,,,3.6920156673083335,-6.673902442556428,-0.14983737155392873,,,-0.2281368821292774,,,,
-0.4071190211345934,,,,,,,3.691015070856144,-6.621120389442569,-0.15103184071301712,,,-0.23193916349809848,,,,
-0.4137931034482758,,,,,,,3.690048709935549,-6.583106766858941,-0.1519039619764726,,,-0.23574144486692006,,,,
-0.4204671857619573,,,,,,,3.689045747747362,-6.575658621101152,-0.15207602122029584,,,-0.23954372623574113,,,,
-0.4271412680756397,,,,,,,3.688016252796805,-6.575194725070411,-0.15208675055464482,,,-0.24334600760456274,,,,
-0.4338153503893212,,,,,,,3.6869668078493647,-6.573615591986048,-0.1521232852768435,,,-0.2471482889733838,,,,
-0.44048943270300356,,,,,,,3.685913588525157,-6.5655731315068016,-0.15230962780708523,,,-0.2509505703422054,,,,
-0.44716351501668505,,,,,,,3.6849137912310854,-6.577295502719245,-0.15203817429011224,,,-0.25475285171102646,,,,
-0.45383759733036655,,,,,,,3.68394958559725,-6.61703984527046,-0.15112497784258494,,,-0.25855513307984757,,,,
-0.46051167964404893,,,,,,,3.682966621820324,-6.654860348163295,-0.15026611343932927,,,-0.2623574144486691,,,,
-0.4671857619577304,,,,,,,3.6819098702870257,-6.673292750714433,-0.14985106114113478,,,-0.2661596958174902,,,,
-0.4738598442714128,,,,,,,3.6809221612402063,-6.670679621242662,-0.14990976283968394,,,-0.2699619771863118,,,,
-0.4805339265850943,,,,,,,3.679932449678414,-6.660421209858634,-0.15014065454596448,,,-0.27376425855513287,,,,
-0.4872080088987758,,,,,,,3.678946212249071,-6.646434265709835,-0.15045661478353622,,,-0.27756653992395397,,,,
-0.4938820912124582,,,,,,,3.6779040212748044,-6.649777284715456,-0.15038097626194258,,,-0.2813688212927756,,,,
-0.5005561735261397,,,,,,,3.676904137422469,-6.671974349322155,-0.14988067214341072,,,-0.2851711026615966,,,,
-0.5072302558398221,,,,,,,3.6759020151992825,-6.680570665989652,-0.1496878111163369,,,-0.2889733840304182,,,,
-0.5139043381535036,,,,,,,3.6749277001673573,-6.675291021296448,-0.14980620272729084,,,-0.29277566539923927,,,,
-0.5205784204671859,,,,,,,3.6739380918295557,-6.661146793998323,-0.15012430005310762,,,-0.2965779467680609,,,,
-0.5272525027808674,,,,,,,3.6729125589787635,-6.664904315231368,-0.1500396633924197,,,-0.300380228136882,,,,
-0.5339265850945489,,,,,,,3.6719122180575736,-6.687235477379387,-0.14953862524845363,,,-0.304182509505703,,,,
-0.5406006674082313,,,,,,,3.6709201833979055,-6.698104255687981,-0.1492959741781874,,,-0.3079847908745246,,,,
-0.5472747497219128,,,,,,,3.6699400641260596,-6.702789198914852,-0.1491916231174173,,,-0.3117870722433457,,,,
-0.5539488320355952,,,,,,,3.668904980220279,-6.7275597983535524,-0.14864230567593495,,,-0.3155893536121673,,,,
-0.5606229143492767,,,,,,,3.6679093322085,-6.79975202401031,-0.14706418652752973,,,-0.3193916349809884,,,,
-0.5672969966629591,,,,,,,3.6669695292866704,-6.852765783120102,-0.1459264816058976,,,-0.32319391634980993,,,,
-0.5739710789766406,,,,,,,3.6660057680023237,-6.85775579904275,-0.14582029884172698,,,-0.32699619771863103,,,,
-0.5806451612903221,,,,,,,3.6650040314303767,-6.8299772408086445,-0.14641337221814865,,,-0.33079847908745214,,,,
-0.5873192436040044,,,,,,,3.6640334991168397,-6.815925936628552,-0.14671520924633796,,,-0.3346007604562737,,,,
-0.5939933259176859,,,,,,,3.6630845283089255,-6.821923444943462,-0.1465862242621938,,,-0.3384030418250948,,,,
-0.6006674082313683,,,,,,,3.6621286265623705,-6.838885185696926,-0.14622266244379034,,,-0.34220532319391633,,,,
-0.6073414905450498,,,,,,,3.6610989887394427,-6.880808305464079,-0.1453317627241404,,,-0.34600760456273744,,,,
-0.6140155728587313,,,,,,,3.6601017019670934,-6.90805988108863,-0.1447584440803098,,,-0.34980988593155854,,,,
-0.6206896551724137,,,,,,,3.6591142859310337,-6.9246505140554495,-0.1444116201922725,,,-0.3536121673003801,,,,
-0.6273637374860952,,,,,,,3.6582277964975827,-6.973317984202744,-0.1434037573312139,,,-0.3574144486692012,,,,
-0.6340378197997776,,,,,,,3.657299325522404,-7.092883641558644,-0.14098638163761734,,,-0.3612167300380228,,,,
-0.6407119021134591,,,,,,,3.656374493815329,-7.222446455763285,-0.13845723967978074,,,-0.36501901140684384,,,,
-0.6473859844271415,,,,,,,3.6553761525438766,-7.289123744377468,-0.1371907015258671,,,-0.36882129277566544,,,,
-0.654060066740823,,,,,,,3.654451933208519,-7.311588322168913,-0.1367691882990698,,,-0.3726235741444865,,,,
-0.6607341490545044,,,,,,,3.6535734899115773,-7.33151148156082,-0.1363975221910323,,,-0.3764258555133076,,,,
-0.6674082313681868,,,,,,,3.652709699867372,-7.3996251911181306,-0.1351419800560052,,,-0.3802281368821292,,,,
-0.6740823136818683,,,,,,,3.651815658941713,-7.474388072414897,-0.13379021671227065,,,-0.38403041825095025,,,,
-0.6807563959955507,,,,,,,3.6508708655482907,-7.497406884636616,-0.13337944910648503,,,-0.38783269961977185,,,,
-0.6874304783092322,,,,,,,3.64998977141354,-7.461527999914608,-0.1340208064636954,,,-0.3916349809885929,,,,
-0.6941045606229146,,,,,,,3.6491067224559846,-7.424553885846793,-0.13468822711439543,,,-0.3954372623574145,,,,
-0.7007786429365961,,,,,,,3.648238001111781,-7.415051788682013,-0.1348608247789116,,,-0.3992395437262356,,,,
-0.7074527252502776,,,,,,,3.6473274404324427,-7.437278789564022,-0.13445778063385205,,,-0.40304182509505665,,,,
-0.71412680756396,,,,,,,3.6463988367679345,-7.551075062372302,-0.13243147389476917,,,-0.40684410646387825,,,,
-0.7208008898776415,,,,,,,3.645505795952247,-7.682331631154231,-0.1301688143668116,,,-0.4106463878326993,,,,
-0.7274749721913238,,,,,,,3.6446540160530763,-7.782836815329575,-0.12848785394425022,,,-0.4144486692015209,,,,
-0.7341490545050053,,,,,,,3.643814048547769,-7.861204710231449,-0.1272069659626709,,,-0.418250950570342,,,,
-0.7408231368186868,,,,,,,3.642929145443896,-7.9606251799121805,-0.1256182746203649,,,-0.42205323193916305,,,,
-0.7474972191323692,,,,,,,3.642151561315918,-8.052823718938276,-0.12418004353531842,,,-0.42585551330798466,,,,
-0.7541713014460507,,,,,,,3.6413752045356436,-8.074167377572842,-0.12385177978569573,,,-0.42965779467680576,,,,
-0.7608453837597331,,,,,,,3.6405239636901214,-8.063903927483793,-0.12400941392564846,,,-0.4334600760456273,,,,
-0.7675194660734146,,,,,,,3.6396427507083158,-8.016951393165417,-0.12473569452504307,,,-0.4372623574144484,,,,
-0.774193548387097,,,,,,,3.6387945950688447,-7.963908038238522,-0.12556649263132158,,,-0.44106463878326996,,,,
-0.7808676307007785,,,,,,,3.6379928159214834,-7.910054699224207,-0.12642137608708026,,,-0.44486692015209106,,,,
-0.78754171301446,,,,,,,3.637139621107691,-7.919625557448859,-0.1262685960019212,,,-0.44866920152091216,,,,
-0.7942157953281423,,,,,,,3.636316370414934,-8.001270960393793,-0.1249801443983074,,,-0.4524714828897337,,,,
-0.8008898776418238,,,,,,,3.6354609899908534,-8.032708952694435,-0.12449100370611177,,,-0.4562737642585548,,,,
-0.8075639599555062,,,,,,,3.6345935979495128,-7.972466735908462,-0.1254316929910715,,,-0.4600760456273764,,,,
-0.8142380422691877,,,,,,,3.633788387062941,-7.884292869064399,-0.1268344563814594,,,-0.46387832699619747,,,,
-0.8209121245828701,,,,,,,3.632975759366465,-7.856645665350588,-0.12728078146761845,,,-0.46768060836501907,,,,
-0.8275862068965516,,,,,,,3.632137297153287,-7.813205382195236,-0.12798844406148646,,,-0.4714828897338401,,,,
-0.8342602892102331,,,,,,,3.6312289034242555,-7.7363788851744575,-0.12925943969941045,,,-0.4752851711026612,,,,
-0.8409343715239155,,,,,,,3.6303490691403293,-7.645109763855764,-0.13080256934017598,,,-0.4790874524714828,,,,
-0.847608453837597,,,,,,,3.6294595248737944,-7.503488353949256,-0.13327134698272403,,,-0.48288973384030387,,,,
-0.8542825361512794,,,,,,,3.6286008861300227,-7.3702724796361725,-0.1356801940176524,,,-0.4866920152091255,,,,
-0.8609566184649609,,,,,,,3.627704103149094,-7.28690300249777,-0.13723251148769577,,,-0.4904942965779465,,,,
-0.8676307007786423,,,,,,,3.626758483769421,-7.214619206106153,-0.13860745403633246,,,-0.4942965779467676,,,,
-0.8743047830923247,,,,,,,3.6258278064996015,-7.103050480998813,-0.14078458300065222,,,-0.4980988593155892,,,,
-0.8809788654060062,,,,,,,3.6248590727189267,-6.958390122107987,-0.1437114019840351,,,-0.5019011406844103,,,,
-0.8876529477196886,,,,,,,3.6238846755139873,-6.796979666260193,-0.14712417119091015,,,-0.5057034220532318,,,,
-0.8943270300333701,,,,,,,3.6228879226444053,-6.62761913313307,-0.15088374571809027,,,-0.5095057034220529,,,,
-0.9010011123470525,,,,,,,3.621880130952863,-6.433342037437426,-0.15544020420190918,,,-0.5133079847908746,,,,
-0.907675194660734,,,,,,,3.6208019559730293,-5.83783190819068,-0.17129647028667705,,,-0.5171102661596956,,,,
-0.9143492769744155,,,,,,,3.619692168628846,-9.890606087228315,-0.1011060385158089,,,-0.5209125475285167,,,,
-0.9210233592880979,,,,,,,3.6184833575992577,5.6642655264030495,0.1765453959279739,,,-0.5247148288973382,,,,
-0.9276974416017794,,,,,,,3.6171888895152553,4.957213317808051,0.20172623929812517,,,-0.5285171102661593,,,,
-0.9343715239154617,,,,,,,3.6157438804026865,-5.550264628246467,-0.18017158946094014,,,-0.532319391634981,,,,
-0.9410456062291432,,,,,,,3.614113702693221,-1.4347867808046904,-0.6969676703037067,,,-0.536121673003802,,,,
-0.9477196885428256,,,,,,,3.6122186209459377,-0.7163216640341328,-1.3960208802959642,,,-0.5399239543726236,,,,
-0.9543937708565071,,,,,,,3.611568249839385,-0.4391104778543178,-2.2773312194380537,,,-0.5437262357414447,,,,
-0.9610678531701886,,,,,,,3.5950596214259987,-0.29932065993881823,-3.340898687729748,,,-0.5475285171102657,,,,
-0.967741935483871,,,,,,,3.5442187289455536,-0.2552161911952885,-3.918246704163105,,,-0.5513307984790874,,,,
-0.9744160177975525,,,,,,,,,,,,-0.5551330798479084,,,,
-0.9810901001112349,,,,,,,,,,,,-0.55893536121673,,,,
-0.9877641824249164,,,,,,,,,,,,-0.5627376425855511,,,,
-0.9944382647385979,,,,,,,,,,,,-0.5665399239543721,,,,
-1.0011123470522802,,,,,,,,,,,,-0.5703422053231938,,,,
-1.0077864293659617,,,,,,,,,,,,-0.5741444866920148,,,,
-1.0144605116796441,,,,,,,,,,,,-0.5779467680608364,,,,
-1.0211345939933256,,,,,,,,,,,,-0.5817490494296575,,,,
-1.027808676307008,,,,,,,,,,,,-0.5855513307984791,,,,
-1.0344827586206895,,,,,,,,,,,,-0.5893536121673002,,,,
-1.041156840934371,,,,,,,,,,,,-0.5931558935361212,,,,
-1.0478309232480534,,,,,,,,,,,,-0.5969581749049429,,,,
-1.0545050055617349,,,,,,,,,,,,-0.600760456273764,,,,
-1.0611790878754173,,,,,,,,,,,,-0.6045627376425855,,,,
-1.0678531701890988,,,,,,,,,,,,-0.6083650190114066,,,,
-1.0745272525027803,,,,,,,,,,,,-0.6121673003802277,,,,
-1.0812013348164626,,,,,,,,,,,,-0.6159695817490493,,,,
-1.0878754171301441,,,,,,,,,,,,-0.6197718631178704,,,,
-1.0945494994438265,,,,,,,,,,,,-0.6235741444866919,,,,
-1.101223581757508,,,,,,,,,,,,-0.627376425855513,,,,
-1.1078976640711904,,,,,,,,,,,,-0.6311787072243346,,,,
-1.1145717463848719,,,,,,,,,,,,-0.6349809885931557,,,,
-1.1212458286985534,,,,,,,,,,,,-0.6387832699619768,,,,
-1.1279199110122358,,,,,,,,,,,,-0.6425855513307983,,,,
-1.1345939933259173,,,,,,,,,,,,-0.6463878326996194,,,,
-1.1412680756395996,,,,,,,,,,,,-0.650190114068441,,,,
-1.1479421579532811,,,,,,,,,,,,-0.6539923954372621,,,,
-1.1546162402669635,,,,,,,,,,,,-0.6577946768060836,,,,
-1.161290322580645,,,,,,,,,,,,-0.6615969581749047,,,,
-1.1679644048943265,,,,,,,,,,,,-0.6653992395437258,,,,
-1.174638487208009,,,,,,,,,,,,-0.6692015209125474,,,,
-1.1813125695216904,,,,,,,,,,,,-0.6730038022813685,,,,
-1.1879866518353728,,,,,,,,,,,,-0.67680608365019,,,,
-1.1946607341490543,,,,,,,,,,,,-0.6806083650190111,,,,
-1.2013348164627358,,,,,,,,,,,,-0.6844106463878322,,,,
-1.2080088987764181,,,,,,,,,,,,-0.6882129277566538,,,,
-1.2146829810900996,,,,,,,,,,,,-0.6920152091254749,,,,
-1.221357063403782,,,,,,,,,,,,-0.6958174904942964,,,,
-1.2280311457174635,,,,,,,,,,,,-0.6996197718631175,,,,
-1.234705228031146,,,,,,,,,,,,-0.7034220532319391,,,,
-1.2413793103448274,,,,,,,,,,,,-0.7072243346007602,,,,
-1.248053392658509,,,,,,,,,,,,-0.7110266159695813,,,,
-1.2547274749721913,,,,,,,,,,,,-0.7148288973384028,,,,
-1.2614015572858728,,,,,,,,,,,,-0.7186311787072239,,,,
-1.2680756395995552,,,,,,,,,,,,-0.7224334600760456,,,,
-1.2747497219132367,,,,,,,,,,,,-0.7262357414448666,,,,
-1.281423804226919,,,,,,,,,,,,-0.7300380228136882,,,,
-1.2880978865406005,,,,,,,,,,,,-0.7338403041825092,,,,
-1.294771968854282,,,,,,,,,,,,-0.7376425855513303,,,,
