Q_Ah,V_full_meas,V_full_recon,V_anode_meas,V_anode_recon,V_cathode_meas,V_cathode_recon,rpt
0.0,2.8557787,2.8609158790434024,0.7799601005271812,0.7915591009391384,3.6357388005271813,3.6524749799825407,2
0.002659512397880333,2.9280813118098226,2.9013830821978437,0.709494249708009,0.7516135393240863,3.637575561517832,3.65299662152193,2
0.005319024795760666,2.96640198556615,2.941850285352285,0.6722668529997698,0.711667977709034,3.63866883856592,3.653518263061319,2
0.007978537193641,2.994417,2.9823174885067263,0.6455348688307178,0.6717224160939819,3.6399518688307175,3.654039904600708,2
0.010638049591521332,3.0175844796786637,3.011273111359227,0.6234483481285346,0.6434460688814059,3.6410328278071984,3.6547191802406327,2
0.013297561989401664,3.0373897076094263,3.0294217594240807,0.6038145297426298,0.626124682024529,3.6412042373520563,3.6555464414486094,2
0.015957074387282,3.0552943,3.047570407488934,0.586369187545818,0.608803295167652,3.641663487545818,3.656373702656586,2
0.018616586785162332,3.0713658,3.0657190555537874,0.5707357241591874,0.591481908310775,3.6421015241591874,3.6572009638645624,2
0.021276099183042664,3.0861886129515743,3.0797124605432655,0.5565318645230749,0.5782088657074077,3.6427204774746493,3.657921326250673,2
0.023935611580922996,3.0997753,3.0923319528024638,0.543599334119237,0.5662743902120425,3.6433746341192372,3.6586063430145064,2
0.02659512397880333,3.1126001,3.1049514450616624,0.5315352065969849,0.5543399147166774,3.644135306596985,3.6592913597783396,2
0.029254636376683664,3.1246133,3.1175709373208607,0.5200959487977036,0.5424054392213121,3.6447092487977035,3.659976376542173,2
0.031914148774564,3.135977,3.127836746459097,0.5095902818855004,0.5327867900593103,3.6455672818855005,3.660623536518407,2
0.03457366117244433,3.1467605074794704,3.138072145635794,0.4993088622702286,0.5231980617431105,3.646069369749699,3.6612702073789043,2
0.037233173570324664,3.1570811,3.148307544812491,0.4897090342312378,0.5136093334269105,3.646790134231238,3.6619168782394014,2
0.03989268596820499,3.1668217,3.158272752748878,0.48067480000000007,0.5043024381374455,3.6474965,3.662575190886323,2
0.04255219836608533,3.1759126,3.167296392714421,0.47229251670624367,0.49597768035471484,3.6482051167062437,3.6632740730691356,2
0.045211710763965664,3.1848414,3.1763200326799637,0.46393443139492335,0.48765292257198417,3.6487758313949232,3.6639729552519475,2
0.04787122316184599,3.1934452,3.1853436726455064,0.4559528451048521,0.4793281647892536,3.6493980451048524,3.66467183743476,2
0.05053073555972633,3.2015807565629384,3.1938926522334175,0.44844854321128413,0.47149453957790444,3.6500292997742227,3.665387191811322,2
0.05319024795760666,3.2093546,3.2018815066143542,0.44111230769129106,0.46424047766309484,3.6504669076912912,3.6661219842774493,2
0.05584976035548699,3.2168221,3.209870360995291,0.43440563141256994,0.45698641574828525,3.65122773141257,3.6668567767435762,2
0.05850927275336733,3.2241275,3.2178592153762278,0.4275614685283856,0.44973235383347565,3.6516889685283855,3.667591569209703,2
0.06116878515124766,3.2311082,3.225152329724349,0.42128830000000006,0.4431782364333094,3.6523965,3.6683305661576586,2
0.063828297549128,3.2379265,3.2321393031168197,0.4151226000000001,0.4369321100535084,3.6530491,3.6690714131703284,2
0.06648780994700833,3.244185383568571,3.2391262765092903,0.4081202516359131,0.4306859836737075,3.652305635204484,3.6698122601829977,2
0.06914732234488866,3.2504265,3.246113249901761,0.40288412278902835,0.42443985729390654,3.6533106227890286,3.6705531071956674,2
0.07180683474276899,3.2564089419830973,3.252350115852138,0.39759860000000025,0.41879809482174446,3.6540075419830975,3.6711482106738824,2
0.07446634714064933,3.2622319411952208,3.258530663906724,0.3925687,0.4132017078540236,3.6548006411952207,3.671732371760748,2
0.07712585953852966,3.2679591,3.2647112119613104,0.38737639999999995,0.40760532088630275,3.6553355,3.672316532847613,2
0.07978537193640999,3.2736411,3.270743562809516,0.3830412745952715,0.40216523258220505,3.6566823745952712,3.672908795391721,2
0.08244488433429033,3.278888123612535,3.2760307821711354,0.37834963726320636,0.3975110096693726,3.6572377608757414,3.673541791840508,2
0.08510439673217066,3.2841933,3.2813180015327545,0.3740565428666923,0.3928567867565401,3.6582498428666925,3.6741747882892946,2
0.08776390913005098,3.2890635,3.2866052208943737,0.3695279,0.38820256384370766,3.6585914,3.6748077847380816,2
0.09042342152793133,3.2939762762202154,3.291669515372241,0.36533307262940307,0.38376943661081864,3.6593093488496184,3.6754389519830597,2
0.09308293392581166,3.2986532219475544,3.2964016746529694,0.3613003499891019,0.37966571924913184,3.6599535719366565,3.676067393902101,2
0.09574244632369198,3.3032037593046786,3.3011338339336973,0.35752090000000036,0.37556200188744504,3.660724659304679,3.6766958358211426,2
0.09840195872157233,3.30757,3.3058659932144256,0.3537889000000001,0.3714582845257582,3.6613589,3.6773242777401838,2
0.10106147111945266,3.3119533,3.3104488612087173,0.3502193,0.3674888054827123,3.6621726,3.6779376666914296,2
0.10372098351733298,3.316179113684083,3.3149467839580424,0.3469248292613561,0.3635957066969004,3.663103942945439,3.6785424906549427,2
0.10638049591521331,3.3202326,3.319444706707367,0.3434044000000003,0.3597026079110885,3.6636370000000005,3.6791473146184557,2
0.10904000831309366,3.3242457845915867,3.3239426294566923,0.3403214000000001,0.35580950912527654,3.664567184591587,3.6797521385819687,2
0.11169952071097398,3.3278625,3.328226714090948,0.33732217728267244,0.35211376043221304,3.6651846772826726,3.680340474523161,2
0.11435903310885431,3.331434,3.3324797136707263,0.3343736074227688,0.34844669997549227,3.6658076074227686,3.6809264136462185,2
0.11701854550673466,3.3350055,3.3367327132505045,0.3315595,0.3447796395187715,3.666565,3.681512352769276,2
0.11967805790461498,3.3387394,3.34092711200706,0.3286694389646897,0.3411624899394141,3.6674088389646897,3.682089601946474,2
0.12233757030249531,3.342063468836662,3.34464156121635,0.32607374799748945,0.33795411794502084,3.6681372168341513,3.682595679161371,2
0.12499708270037566,3.345089454263464,3.3483560104256407,0.3237711000000001,0.3347457459506275,3.668860554263464,3.683101756376268,2
0.127656595098256,3.348155,3.352070459634931,0.3215038635958853,0.33153737395623417,3.6696588635958856,3.6836078335911653,2
0.1303161074961363,3.3512394,3.3555437650875706,0.31906560000000006,0.32852415318020656,3.670305,3.684067918267777,2
0.13297561989401666,3.3543239,3.358558317488584,0.31744300000000036,0.32588218902801713,3.6717669,3.684440506516601,2
0.13563513229189697,3.3572459,3.361572869889597,0.3148884227201034,0.3232402248758277,3.6721343227201038,3.684813094765425,2
0.1382946446897773,3.3603306,3.3645874222906103,0.3119104959825294,0.32059826072363834,3.6722410959825296,3.6851856830142484,2
0.14095415708765766,3.3630903,3.3674880751225884,0.3099213488067778,0.31824170576393485,3.673011648806778,3.6857297808865233,2
0.14361366948553797,3.365770469053396,3.370306340870984,0.3077807115976445,0.31609159610684145,3.6735511806510406,3.686397936977826,2
0.1462731818834183,3.3684121606209643,3.3731246066193803,0.30580565605489407,0.3139414864497481,3.674217816675858,3.687066093069128,2
0.14893269428129866,3.3710449,3.375942872367776,0.3038133000000003,0.31179137679265473,3.6748582,3.687734249160431,2
0.15159220667917897,3.3735744696799332,3.3782879224816944,0.3019892953266583,0.30994541516659335,3.6755637650065913,3.6882333376482874,2
0.1542517190770593,3.3759151,3.3805262680462835,0.3004060000000002,0.30816803533753107,3.6763211,3.688694303383815,2
0.15691123147493966,3.3781073085046245,3.382764613610873,0.2987429107795735,0.3063906555084687,3.676850219284198,3.689155269119342,2
0.15957074387281997,3.3804605,3.3849914257370575,0.29715038563419144,0.30462738385809573,3.6776108856341914,3.6896188095951534,2
0.1622302562707003,3.3825907046925354,3.387006821248623,0.2954915516786684,0.3031227257514171,3.6780822563712037,3.6901295470000397,2
0.16488976866858066,3.3849572158148105,3.3890222167601878,0.2938296606302838,0.30161806764473836,3.678786876445094,3.690640284404926,2
0.16754928106646097,3.386856609120059,3.391037612271753,0.2924553000000003,0.3001134095380597,3.6793119091200595,3.6911510218098127,2
0.1702087934643413,3.389063835725063,3.3929730591816756,0.29115730000000006,0.29866665266612674,3.680221135725063,3.691639711847802,2
0.17286830586222166,3.3908503,3.3947103346450374,0.28981506610276236,0.29736341764712704,3.680665366102762,3.6920737522921647,2
0.17552781826010197,3.3927984,3.3964476101083996,0.28831205841782936,0.2960601826281274,3.68111045841783,3.692507792736527,2
0.1781873306579823,3.3947465,3.398184885571762,0.2869725505704466,0.29475694760912774,3.6817190505704467,3.6929418331808894,2
0.18084684305586265,3.396632132394297,3.3999001938343776,0.28594505198303805,0.2935334789624118,3.6825771843773354,3.6934336727967896,2
0.18350635545374297,3.398248426531002,3.4015954822943932,0.2846668000000001,0.2923827053780175,3.682915226531002,3.6939781876724105,2
0.1861658678516233,3.3997791,3.4032907707544084,0.2836934000000002,0.2912319317936233,3.6834725,3.694522702548032,2
0.18882538024950365,3.4015244981076878,3.404986059214424,0.2827199,0.29008115820922903,3.684244398107688,3.695067217423653,2
0.19148489264738397,3.403121763646064,3.406479053249549,0.2806561332052417,0.2890190023651821,3.6837778968513053,3.6954980556147308,2
0.1941444050452643,3.4048116,3.407907786119002,0.27952661224603326,0.2879849969721273,3.684338212246033,3.6958927830911295,2
0.19680391744314465,3.406435,3.4093365189884555,0.2785668976168707,0.28695099157907256,3.685001897616871,3.6962875105675277,2
0.19946342984102497,3.407896,3.410765251857909,0.2776898000000001,0.28591698618601785,3.6855858,3.6966822380439264,2
0.2021229422389053,3.4093571,3.4120789394639677,0.27687206363801264,0.2849753175746607,3.6862291636380125,3.6970542570386282,2
0.20478245463678565,3.4104934,3.413392008259542,0.27643857110682934,0.28403414562841595,3.686931971106829,3.6974261538879576,2
0.20744196703466597,3.4117923,3.4147050770551157,0.27563843362320056,0.2830929736821712,3.687430733623201,3.697798050737287,2
0.2101014794325463,3.4134157,3.4160012057174782,0.27473858850508054,0.2821689363128409,3.68815428850508,3.6981701420303192,2
0.21276099183042663,3.4147143,3.4172407431367833,0.27395780000000025,0.2813021397570708,3.6886721000000002,3.698542882893854,2
0.21542050422830697,3.4158506,3.4184802805560883,0.27341315614934864,0.28043534320130065,3.689263756149349,3.698915623757389,2
0.2180800166261873,3.4171207898099856,3.419719817975393,0.27255957073655196,0.2795685466455305,3.6896803605465376,3.6992883646209234,2
0.22073952902406763,3.4182858,3.4209199992011774,0.2716864000000001,0.27872967178521185,3.6899722,3.6996496709863886,2
0.22339904142194797,3.4194221,3.4220751010883044,0.2710372000000003,0.2779227789702214,3.6904593,3.699997880058526,2
0.2260585538198283,3.4207208,3.423230202975432,0.27036261344038753,0.277115886155231,3.691083413440387,3.7003460891306625,2
0.22871806621770863,3.421914056159663,3.4243853048625588,0.26973920000000007,0.27630899334024056,3.691653256159663,3.7006942982027993,2
0.23137757861558897,3.4229937,3.4255345284946896,0.26909019999999995,0.27553716364166314,3.6920839,3.701071692136353,2
0.2340370910134693,3.42413,3.4266812548795484,0.2685847153150315,0.2747802297364569,3.6927147153150313,3.7014614846160057,2
0.23669660341134963,3.425473684278781,3.4278279812644077,0.2676299000000002,0.2740232958312506,3.693103584278781,3.7018512770956584,2
0.23935611580922997,3.4265652,3.4289747076492665,0.26687561065255055,0.27326636192604437,3.6934408106525507,3.702241069575311,2
0.2420156282071103,3.4277015,3.4300912490630133,0.2661832005079433,0.27254865601654554,3.6938847005079434,3.702639905079559,2
0.24467514060499063,3.4285131,3.4312057805089147,0.2658449000000003,0.2718335622351058,3.6943580000000003,3.7030393427440207,2
0.24733465300287097,3.4296496,3.432320311954816,0.26535829999999994,0.271118468453666,3.6950079,3.703438780408482,2
0.2499941654007513,3.4308541863319646,3.4334115854002465,0.26470910000000014,0.2704092215452395,3.6955632863319647,3.7038208069454863,2
0.2526536777986316,3.4321192050762113,3.43439190914137,0.2640601,0.2697278664941874,3.6961793050762113,3.704119775635557,2
0.255313190196512,3.4330587,3.435372232882493,0.26339526108312994,0.2690465114431353,3.69645396108313,3.7044187443256282,2
0.2579727025943923,3.4340327,3.4363525566236164,0.2634872875957664,0.2683651563920832,3.6975199875957663,3.7047177130156994,2
0.2606322149922726,3.4350066,3.437317861835641,0.26292430000000033,0.26769592244198337,3.6979309000000002,3.705013784277624,2
0.26329172739015294,3.4359808,3.438261467994793,0.2613379285251791,0.2670442012861594,3.697318728525179,3.705305669280952,2
0.2659512397880333,3.4369547,3.439205074153945,0.2607880431417453,0.26639248013033545,3.6977427431417453,3.7055975542842803,2
0.2686107521859136,3.4380913,3.440148680313097,0.26010940578112,0.26574075897451155,3.69820070578112,3.7058894392876085,2
0.27127026458379394,3.4390652,3.441193106025799,0.2594179034011287,0.26510450086559373,3.6984831034011285,3.7062976068913924,2
0.2739297769816743,3.4401404419069546,3.4422930802398697,0.2590302000000002,0.26447676242426005,3.6991706419069548,3.7067698426641296,2
0.2765892893795546,3.4409755137283318,3.443393054453941,0.25854330000000036,0.2638490239829264,3.699518813728332,3.707242078436867,2
0.27924880177743494,3.4417922915397323,3.4444930286680115,0.25805650000000036,0.26322128554159274,3.6998487915397327,3.7077143142096043,2
0.2819083141753153,3.4426800929546517,3.4455137068571378,0.2575699,0.26261207046437557,3.7002499929546517,3.7081257773215133,2
0.2845678265731956,3.443833008865747,3.446523621865008,0.2567585000000001,0.26200536964087545,3.700591508865747,3.7085289915058834,2
0.28722733897107594,3.4449093,3.447533536872878,0.25597891387898847,0.26139866881737533,3.7008882138789883,3.708932205690253,2
0.2898868513689563,3.4460186051091126,3.4485333071498845,0.2555443744469292,0.26079390219253623,3.7015629795560416,3.7093272093424208,2
0.2925463637668366,3.4467774395729855,3.4494559312074484,0.25509516126120346,0.2602038442984027,3.701872600834189,3.7096597755058514,2
0.29520587616471694,3.4478501293436623,3.4503785552650124,0.254485049347573,0.25961378640426924,3.7023351786912353,3.7099923416692815,2
0.2978653885625973,3.448840883943405,3.4513011793225763,0.25383790000000017,0.2590237285101357,3.702678783943405,3.710324907832712,2
0.3005249009604776,3.4497797,3.452219219941245,0.25318890000000005,0.25843888358106776,3.7029686,3.710658103522313,2
0.30318441335835794,3.4507537,3.4531288209107895,0.25274337913435746,0.25786363747006147,3.7034970791343573,3.7109924583808507,2
0.3058439257562383,3.4515653,3.454038421880334,0.2522172717167968,0.25728839135905524,3.703782571716797,3.711326813239389,2
0.3085034381541186,3.4525394,3.4549480228498783,0.2515662000000001,0.25671314524804895,3.7041056,3.711661168097927,2
0.31116295055199894,3.453517554485649,3.4558979108715238,0.25099876495240503,0.25614466977352857,3.704516319438054,3.7120425806450523,2
0.3138224629498793,3.454535017993525,3.456876064906517,0.25043039999999994,0.2555809446813594,3.7049654179935247,3.7124570095878764,2
0.3164819753477596,3.455539070810982,3.4578542189415105,0.24944851707261334,0.2550172195891902,3.704987587883595,3.7128714385307005,2
0.31914148774563994,3.4565574985233973,3.4588323729765036,0.24844674983977208,0.254453494497021,3.7050042483631698,3.7132858674735245,2
0.3218010001435203,3.457543335586306,3.459782914187326,0.24809105709264317,0.2538978072063611,3.7056343926789492,3.713680721393687,2
0.3244605125414006,3.458444393505522,3.460727533363804,0.24746716310056596,0.2533438437573591,3.705911556606088,3.714071377121163,2
0.32712002493928094,3.459506988328061,3.461672152540282,0.24718398964042365,0.25278988030835703,3.706690977968485,3.7144620328486386,2
0.3297795373371613,3.4601693,3.462609655171515,0.24706731551610922,0.2522363529966382,3.707236615516109,3.714846008168153,2
0.3324390497350416,3.4610670047385637,3.46343393301357,0.24662498540288294,0.25168976466306875,3.7076919901414467,3.7151236976766384,2
0.33509856213292194,3.461892479050245,3.4642582108556255,0.24600704209922264,0.25114317632949923,3.707899521149468,3.7154013871851244,2
0.3377580745308023,3.4629292,3.4650824886976808,0.24540050000000013,0.25059658799592976,3.7083297,3.7156790766936103,2
0.3404175869286826,3.4637983504037724,3.4659181508070427,0.2447515,0.25005172999776426,3.7085498504037724,3.7159698808048067,2
0.34307709932656294,3.4647743130396473,3.4667810369156893,0.24442680000000028,0.24951100987237818,3.7092011130396476,3.7162920467880673,2
0.3457366117244433,3.4655266,3.467643923024336,0.24394019999999994,0.24897028974699206,3.7094668,3.7166142127713275,2
0.3483961241223236,3.4663384,3.468506809132982,0.2434533000000001,0.24842956962160595,3.7097917000000002,3.716936378754588,2
0.35105563652020394,3.4673123,3.469370116961424,0.24280440000000025,0.24789102224364562,3.7101167000000004,3.71726113920507,2
0.3537151489180843,3.4682863,3.470233797874349,0.24225406150793852,0.24735439703855613,3.7105403615079386,3.7175881949129055,2
0.3563746613159646,3.469238321681884,3.471097478787274,0.24166850000000029,0.24681777183346662,3.7109068216818843,3.717915250620741,2
0.35903417371384494,3.4699097,3.4719611597001996,0.24117475259030569,0.24628114662837713,3.7110844525903057,3.7182423063285763,2
0.3616936861117253,3.4710462,3.472815327840996,0.24064545846240354,0.24574605728438254,3.7116916584624033,3.718561385125378,2
0.3643531985096056,3.4720201,3.4736665952663097,0.23993965589363156,0.24521143626823141,3.7119597558936315,3.7188780315345413,2
0.36701271090748594,3.4729943,3.474517862691624,0.23954543556044464,0.24467681525208027,3.7125397355604446,3.719194677943704,2
0.3696722233053663,3.4738059,3.47536930716177,0.23889966368062257,0.244142195921225,3.7127055636806223,3.719511503082995,2
0.3723317357032466,3.47470826445398,3.4763067183432748,0.23842340000000029,0.2436083949104496,3.7131316644539805,3.7199151132537245,2
0.37499124810112694,3.4755917,3.4772441295247796,0.23816425874465114,0.24307459389967426,3.713755958744651,3.720318723424454,2
0.3776507604990073,3.4765656,3.4781815407062844,0.23775145759382038,0.24254079288889888,3.7143170575938202,3.7207223335951833,2
0.3803102728968876,3.4775398,3.4790842430676077,0.23698042072082615,0.24200675428662843,3.7145202207208263,3.721090997354236,2
0.38296978529476794,3.4783514,3.479875686977363,0.23673944267948285,0.24147195408941724,3.715090842679483,3.72134764106678,2
0.3856292976926483,3.4791632,3.480667130887118,0.23689149939674653,0.24093715389220602,3.7160546993967465,3.7216042847793243,2
0.3882888100905286,3.4799747,3.481458574796873,0.23519155997829694,0.24040235369499482,3.715166259978297,3.7218609284918682,2
0.39094832248840894,3.4809489,3.4822412828254046,0.2348536000000001,0.23986664269931052,3.7158025,3.7221079255247154,2
0.3936078348862893,3.4817605,3.483014277716047,0.23427983381137948,0.239329919016877,3.7160403338113794,3.7223441967329243,2
0.3962673472841696,3.4829838833919475,3.483787272606689,0.2335556000000003,0.23879319533444346,3.716539483391948,3.7225804679411327,2
0.39892685968204994,3.4837086,3.4845602674973315,0.23305338406547593,0.23825647165200994,3.7167619840654758,3.7228167391493416,2
0.4015863720799303,3.4845204,3.4855290136837986,0.23244907492828418,0.23771696932359423,3.7169694749282844,3.723245983007393,2
0.4042458844778106,3.485332,3.486578008352997,0.23214888234810255,0.23717632788586548,3.7174808823481027,3.723754336238863,2
0.40690539687569094,3.4861340665313363,3.487627003022196,0.23177080000000005,0.2366356864481367,3.7179048665313363,3.724262689470333,2
0.4095649092735713,3.4869554,3.4886759976913946,0.23096531561317324,0.23609504501040796,3.717920715613173,3.7247710427018026,2
0.4122244216714516,3.4880741953881986,3.489545141630399,0.23061700629922527,0.23554938017148716,3.718691201687424,3.725094521801886,2
0.41488393406933194,3.4889035,3.4904038128538506,0.22988483807193,0.23500342281970454,3.71878833807193,3.7254072356735555,2
0.4175434464672123,3.4897151,3.4912624840773026,0.22937981599178592,0.23445746546792193,3.719094915991786,3.7257199495452245,2
0.4202029588650926,3.490535751474396,3.49212676026931,0.22902942514655453,0.2339104279858749,3.7195651766209505,3.726037188255185,2
0.42286247126297294,3.491014,3.493016448921816,0.22868780000000033,0.2333584932831915,3.7197018,3.7263749422050076,2
0.42552198366085325,3.4923127,3.4939061375743217,0.22797035780933073,0.23280655858050808,3.7202830578093304,3.72671269615483,2
0.4281814960587336,3.4931242,3.4947958262268277,0.22738990000000037,0.23225462387782467,3.7205141000000004,3.7270504501046524,2
0.43084100845661394,3.4940984,3.4956739197422757,0.22690300000000008,0.23169895403833815,3.7210014,3.7273728737806135,2
0.43350052085449425,3.49491,3.4965357644886454,0.22657850000000002,0.2311380499894513,3.7214885,3.7276738144780963,2
0.4361600332523746,3.4957218,3.4973976092350147,0.2260917,0.23057714594056447,3.7218135,3.727974755175579,2
0.43881954565025494,3.4964015658110124,3.4982594539813845,0.22560480000000016,0.23001624189167763,3.7220063658110125,3.7282756958730623,2
0.44147905804813525,3.4971984151245072,3.499193349053113,0.22528039999999994,0.22945016517196148,3.722478815124507,3.7286435142250745,2
0.4441385704460156,3.4982072590230433,3.5001656727651476,0.22398240000000014,0.22888132956523505,3.7221896590230434,3.7290470023303826,2
0.44679808284389594,3.499087029073702,3.5011379964771816,0.2235649143732221,0.2283124939585086,3.7226519434469236,3.72945049043569,2
0.44945759524177625,3.5000761374356184,3.5021103201892156,0.22290560281071764,0.2277436583517822,3.722981740246336,3.729853978540998,2
0.4521171076396566,3.5008642358929043,3.503033948830953,0.22252209999999994,0.2271653913984554,3.7233863358929042,3.730199340229409,2
0.45477662003753694,3.501701220993816,3.5039514291443328,0.22247067209938143,0.22658593362611126,3.7241718930931973,3.730537362770444,2
0.45743613243541725,3.5024172394555735,3.504868909457712,0.2220352000000001,0.22600647585376715,3.7244524394555736,3.7308753853114793,2
0.4600956448332976,3.5031893,3.5057781337069507,0.2215484000000001,0.22542557419579085,3.7247377,3.7312037079027416,2
0.46275515723117794,3.5041635,3.5066288296680193,0.2210618000000002,0.22483443664902775,3.7252253000000004,3.7314632663170473,2
0.46541466962905825,3.505159906185058,3.5074795256290883,0.22041280000000008,0.22424329910226465,3.725572706185058,3.731722824731353,2
0.4680741820269386,3.506024895137291,3.508330221590157,0.2198371904862712,0.22365216155550155,3.7258620856235622,3.7319823831456587,2
0.47073369442481894,3.50661122986674,3.50920925514062,0.21930814856707417,0.22305668613468518,3.725919378433814,3.732265941275305,2
0.47339320682269925,3.507544969919915,3.5101388084711953,0.2187901000000001,0.22245347722460546,3.726335069919915,3.7325922856958007,2
0.4760527192205796,3.5083842,3.511068361801771,0.21834195925631997,0.22185026831452573,3.72672615925632,3.7329186301162967,2
0.47871223161845994,3.509340544898907,3.5119979151323464,0.21797880000000003,0.22124705940444603,3.727319344898907,3.7332449745367926,2
0.48137174401634025,3.51017,3.512935970981398,0.21749190000000018,0.22063712642721647,3.7276619,3.7335730974086148,2
0.4840312564142206,3.5108775945275927,3.5138798122855976,0.21684300000000034,0.2200226181245683,3.727720594527593,3.733902430410166,2
0.48669076881210094,3.5119226916413258,3.514823653589797,0.21612240634373392,0.2194081098219202,3.72804509798506,3.7342317634117173,2
0.48935028120998125,3.5128480572024854,3.5157674948939968,0.21563419918980692,0.21879360151927205,3.728482256392292,3.7345610964132687,2
0.4920097936078616,3.5137415,3.5167426268239064,0.2150582000000001,0.21816963267108366,3.7287997,3.73491225949499,2
0.49466930600574194,3.514821435810939,3.517724130835678,0.21457130000000024,0.21754373725961096,3.729392735810939,3.735267868095289,2
0.49732881840362225,3.5156896,3.5187056348474495,0.21402387713895588,0.21691784184813823,3.7297134771389557,3.7356234766955874,2
0.4999883308015026,3.5165012,3.5196845418313027,0.21359780000000006,0.21629137020957762,3.730099,3.7359759120408804,2
0.5026478431993829,3.5172754174742926,3.52062701722124,0.21339932869363207,0.21565681514953278,3.730674746167925,3.736283832370773,2
0.5053073555972633,3.5182869,3.5215694926111776,0.2127865,0.21502226008948797,3.7310734,3.7365917527006656,2
0.5079668679951436,3.519037522826705,3.522511968001115,0.21229969999999998,0.21438770502944313,3.731337222826705,3.736899673030558,2
0.510626380393024,3.519692467677536,3.523457285775507,0.2118994384469656,0.21375201019100426,3.7315919061245015,3.7372092959665113,2
0.5132858927909043,3.520679275197988,3.5244091645854945,0.2108598324781473,0.21311368441831544,3.7315391076761353,3.7375228490038097,2
0.5159454051887846,3.521658016792957,3.5253610433954816,0.21035270000000006,0.2124753586456266,3.7320107167929573,3.737836402041108,2
0.5186049175866649,3.5225079,3.5263129222054688,0.20970380000000022,0.2118370328729378,3.7322117,3.738149955078407,2
0.5212644299845453,3.5233689796791827,3.527224200528748,0.20928668187060745,0.21120096439120625,3.7326556615497903,3.7384251649199545,2
0.5239239423824256,3.5242937,3.528100613900302,0.20856790000000025,0.2105668343182633,3.7328616,3.7386674482185653,2
0.5265834547803059,3.5252676,3.5289770272718557,0.2082284956153679,0.20993270424532037,3.7334960956153678,3.7389097315171758,2
0.5292429671781863,3.5262415,3.5298534406434094,0.2074837112982652,0.2092985741723774,3.733725211298265,3.7391520148157866,2
0.5319024795760666,3.527179595284177,3.5309195736520347,0.20694520000000027,0.20868082393063192,3.734124795284177,3.739600397582666,2
0.5345619919739469,3.5280273,3.5320411881174407,0.2062963,0.20806786379343592,3.7343236,3.740109051910877,2
0.5372215043718273,3.5289917627807497,3.533162802582847,0.20551540438235805,0.2074549036562399,3.7345071671631076,3.740617706239087,2
0.5398810167697076,3.5298131,3.534282827095466,0.2052194395516958,0.20684244291253367,3.735032539551696,3.741125270008,2
0.5425405291675879,3.5306249,3.535236379629949,0.2046736,0.20628226989887102,3.7352985,3.74151864952882,2
0.5452000415654683,3.5314364,3.5361899321644317,0.20418670000000017,0.20572209688520837,3.7356231,3.74191202904964,2
0.5478595539633486,3.5322936842678905,3.5371434846989143,0.20370010000000027,0.20516192387154575,3.7359937842678907,3.74230540857046,2
0.5505190663612289,3.53320920541641,3.538056966406366,0.203328208674434,0.20463258803236997,3.7365374140908436,3.742689554438736,2
0.5531785787591093,3.5339553417885847,3.5388470914447487,0.20296212933238839,0.20419818337904813,3.736917471120973,3.743045274823797,2
0.5558380911569896,3.5348456,3.5396372164831313,0.20223980000000008,0.2037637787257263,3.7370854000000002,3.7434009952088574,2
0.5584976035548699,3.535812684238457,3.540427341521514,0.20175300000000007,0.20332937407240445,3.737565684238457,3.743756715593918,2
0.5611571159527503,3.536381084452204,3.541072674521732,0.20132226843777046,0.20306697669358428,3.7377033528899744,3.7441396512153164,2
0.5638166283506306,3.5372808,3.541561726514253,0.20094160000000016,0.20299023503541921,3.7382224,3.744551961549672,2
0.5664761407485109,3.53793,3.5420507785067734,0.2006171000000001,0.20291349337725417,3.7385471,3.7449642718840273,2
0.5691356531463913,3.538965826925716,3.542539830499294,0.1994365359991411,0.20283675171908913,3.7384023629248575,3.7453765822183827,2
0.5717951655442716,3.53957044166707,3.5429877816428403,0.19899470000000008,0.20278260619770613,3.73856514166707,3.745770387840546,2
0.5744546779421519,3.5403652,3.543419482254683,0.1988323000000003,0.2027373947797864,3.7391975000000004,3.7461568770344695,2
0.5771141903400323,3.5410356656877955,3.543851182866526,0.19898058656877976,0.20269218336186665,3.7400162522565754,3.7465433662283925,2
0.5797737027379126,3.5418262,3.5442828834783686,0.19867000000000035,0.20264697194394687,3.7404962000000004,3.7469298554223154,2
0.5824332151357929,3.5424757,3.544728369466157,0.19834550000000029,0.20259428010597777,3.7408212,3.7473226495721343,2
0.5850927275336733,3.5430179395332426,3.5451745447461933,0.19802100000000022,0.20254121423428087,3.741038939533243,3.747715758980474,2
0.5877522399315536,3.5439262893846903,3.5456207200262297,0.19784161829702637,0.20248814836258397,3.7417679076817167,3.7481088683888135,2
0.5904117523294339,3.5445483744008937,3.546072683064532,0.19768651911314605,0.2024126905223147,3.74223489351404,3.7484853735868464,2
0.5930712647273143,3.5452354,3.5465496264321725,0.19714034262285374,0.20224058753486518,3.742375742622854,3.7487902139670375,2
0.5957307771251946,3.5457225,3.547026569799813,0.1968852000000001,0.20206848454741566,3.7426077,3.7490950543472286,2
0.5983902895230749,3.5464591819470983,3.5475035131674533,0.19656070000000003,0.20189638155996617,3.7430198819470983,3.7493998947274196,2
0.6010498019209553,3.5471481051696077,3.547985410522928,0.1963986000000002,0.2017148810285148,3.743546705169608,3.749700291551443,2
0.6037093143188356,3.5478327,3.548474042266398,0.1960738000000002,0.20152060559538185,3.7439065,3.74999464786178,2
0.6063688267167159,3.5483198,3.5489626740098683,0.19591170000000036,0.20132633016224888,3.7442315,3.750289004172117,2
0.6090283391145963,3.548990627282618,3.5494513057533386,0.1956153858575421,0.2011320547291159,3.74460601314016,3.7505833604824543,2
0.6116878515124766,3.549488201639256,3.550023431230575,0.19542490000000035,0.20091627266543294,3.7449131016392565,3.750939703896008,2
0.6143473639103569,3.5502679,3.550638651378168,0.19534922130676755,0.2006893901141779,3.7456171213067675,3.751328041492346,2
0.6170068763082373,3.550755,3.551253871525761,0.1949972644189417,0.20046250756292286,3.745752264418942,3.7517163790886836,2
0.6196663887061176,3.5514042,3.5518690916733537,0.19477590000000022,0.2002356250116678,3.7461801,3.7521047166850217,2
0.6223259011039979,3.5520537,3.552436294257537,0.19445140000000016,0.1999782222932495,3.7465051000000003,3.7524145165507865,2
0.6249854135018783,3.5527029,3.5529978813720677,0.19447695405229143,0.1997172503584793,3.747179854052291,3.752715131730547,2
0.6276449258997586,3.55319,3.5535594684865988,0.19428899999999993,0.19945627842370908,3.747479,3.753015746910308,2
0.6303044382976389,3.5537732475558,3.554133196231125,0.19413350709254779,0.19919043940613573,3.7479067546483478,3.7533236356372606,2
0.6329639506955193,3.5544063424395325,3.554787440088584,0.19409032465761603,0.19889232211397603,3.7484966670971485,3.7536797622025597,2
0.6356234630933996,3.5550598691457385,3.555441683946043,0.19338833826825533,0.19859420482181636,3.7484482074139938,3.7540358887678593,2
0.6382829754912799,3.5556252,3.5560959278035025,0.1932005463604978,0.19829608752965666,3.748825746360498,3.754392015333159,2
0.6409424878891603,3.5561121,3.556732705587932,0.1931453219747717,0.19798385465525214,3.7492574219747716,3.754716560243184,2
0.6436020002870406,3.5567615,3.55733932653043,0.19282870000000019,0.19764724988100413,3.7495902,3.754986576411434,2
0.6462615126849209,3.5575626589078566,3.557945947472928,0.19266660000000035,0.19731064510675614,3.750229258907857,3.7552565925796837,2
0.6489210250828013,3.5580073120472075,3.5585525684154256,0.19226648215750639,0.19697404033250812,3.750273794204714,3.755526608747934,2
0.6515805374806816,3.5585473,3.5592054401485327,0.192170414973064,0.1966156377352309,3.7507177149730637,3.7558210778837635,2
0.6542400498785619,3.5591965,3.559888827485114,0.19169290000000005,0.19624285324922458,3.7508894,3.756131680734339,2
0.6568995622764423,3.5598459,3.560572214821696,0.19153080000000022,0.19587006876321825,3.7513767000000002,3.7564422835849145,2
0.6595590746743226,3.5604178474712445,3.561255602158278,0.19131202908317407,0.1954972842772119,3.7517298765544185,3.75675288643549,2
0.6622185870722029,3.5611369102015726,3.5619538989794943,0.19104313244068646,0.19509725409094425,3.752180042642259,3.7570511530704387,2
0.6648780994700833,3.5616317,3.56265507345376,0.19071940000000032,0.19469196526064225,3.7523511000000003,3.7573470387144026,2
0.6675376118679636,3.5624138489899315,3.563356247928026,0.19039490000000026,0.19428667643034025,3.7528087489899318,3.757642924358366,2
0.6701971242658439,3.5630927,3.564068974806341,0.19019644530112378,0.19387915281594917,3.7532891453011237,3.757948127622291,2
0.6728566366637243,3.5636585676490506,3.5649263749157605,0.18989975221423117,0.19344364252159246,3.7535583198632816,3.758370017437353,2
0.6755161490616046,3.5643914,3.5657837750251797,0.1893695551411963,0.19300813222723576,3.753760955141196,3.7587919072524154,2
0.6781756614594849,3.565024811554278,3.566641175134599,0.1891000467040274,0.19257262193287905,3.7541248582583058,3.759213797067478,2
0.6808351738573653,3.5657449601059614,3.567469762333548,0.1886101,0.19212910512360418,3.7543550601059614,3.759598867457152,2
0.6834946862552456,3.5665019,3.568234120518716,0.18828570000000022,0.1916677403930809,3.7547876000000002,3.7599018609117967,2
0.6861541986531259,3.5673137,3.5689984787038838,0.18779879999999993,0.1912063756625576,3.7551125,3.7602048543664415,2
0.6888137110510062,3.568036438579966,3.5697628368890517,0.18740050385799714,0.19074501093203433,3.755436942437963,3.760507847821086,2
0.6914732234488866,3.5687747,3.57059026030457,0.18714980000000025,0.19027240126208766,3.7559245000000003,3.760862661566658,2
0.6941327358467669,3.569445862879136,3.5714702482928287,0.18585818480655913,0.1897904189880453,3.7553040476856956,3.761260667280874,2
0.6967922482446472,3.5702357,3.5723502362810877,0.185365,0.18930843671400296,3.7556007,3.7616586729950905,2
0.6994517606425276,3.5712097,3.5732302242693463,0.1848782,0.1888264544399606,3.7560879,3.762056678709307,2
0.7021112730404079,3.5720215,3.574130318071389,0.18489652023600178,0.18833174171108047,3.756918020236002,3.7624620597824694,2
0.7047707854382882,3.572904036441211,3.575036045254322,0.18439130000000015,0.18783346207852888,3.757295336441211,3.7628695073328506,2
0.7074302978361686,3.5738072,3.5759417724372544,0.18378939998179183,0.18733518244597727,3.7575965999817917,3.763276954883232,2
0.7100898102340489,3.5743977206832085,3.576847500986632,0.18341790000000024,0.1868366866448031,3.7578156206832087,3.7636841876314353,2
0.7127493226319292,3.5754306,3.5777533091881875,0.18276890000000012,0.18632559003903754,3.7581995,3.764078899227225,2
0.7154088350298096,3.5764046,3.578659117389743,0.18228200000000028,0.185814493433272,3.7586866000000003,3.7644736108230146,2
0.7180683474276899,3.5773785,3.5795649255912982,0.1816331,0.18530339682750646,3.7590116,3.7648683224188044,2
0.7207278598255702,3.5785151,3.5804731357027775,0.18107124693077317,0.18478980067931566,3.7595863469307735,3.765262936382093,2
0.7233873722234506,3.5793266,3.581388452821234,0.18036350599914902,0.18426880863951506,3.759690105999149,3.765657261460749,2
0.7260468846213309,3.5804632,3.5823037699396902,0.17970029118450437,0.18374781659971448,3.7601634911845045,3.7660515865394046,2
0.7287063970192112,3.581524217340541,3.5832190870581466,0.17903690000000028,0.18322682455991388,3.7605611173405413,3.7664459116180606,2
0.7313659094170916,3.5825734,3.5841511119612184,0.17838770000000004,0.18270378204813573,3.7609611,3.766854894009354,2
0.7340254218149719,3.58371,3.5851006435390746,0.17743314695588658,0.18217859102014847,3.7611431469558867,3.767279234559223,2
0.7366849342128522,3.5846839,3.5860501751169305,0.1769418794173363,0.18165339999216118,3.7616257794173364,3.7677035751090915,2
0.7393444466107326,3.5856578,3.5869997066947867,0.17616869488366174,0.1811282089641739,3.7618264948836617,3.7681279156589604,2
0.7420039590086129,3.5867944,3.5879073589440904,0.17562940000000005,0.18060421500576804,3.7624238,3.7685115739498585,2
0.7446634714064932,3.587854947199446,3.5887990505376712,0.1750798768521262,0.18008067726325977,3.7629348240515723,3.7688797278009307,2
0.7473229838043736,3.5889046,3.589690742131252,0.17418690788916077,0.1795571395207515,3.7630915078891607,3.7692478816520034,2
0.7499824962022539,3.5901463704660594,3.590582433724833,0.17378539295339449,0.17903360177824323,3.763931763419454,3.769616035503076,2
0.7526420086001342,3.5910940497873134,3.591537356191982,0.17303330000000017,0.1785160432394785,3.7641273497873136,3.7700533994314602,2
0.7553015209980146,3.5921516,3.5924949280538017,0.17254650000000016,0.1779987352313428,3.7646981,3.7704936632851442,2
0.7579610333958949,3.5932879,3.593452499915621,0.17205979999999998,0.17748142722320714,3.7653477,3.770933927138828,2
0.7606205457937752,3.5943674105772074,3.5944130367790357,0.17090281088647857,0.17696590766389972,3.7652702214636857,3.7713789444429353,2
0.7632800581916556,3.5952361,3.5953857737705177,0.17011270000000023,0.17645774705670314,3.7653488000000004,3.771843520827221,2
0.7659395705895359,3.5963724,3.596358510762,0.16962579999999994,0.17594958644950656,3.7659982,3.7723080972115066,2
0.7685990829874162,3.5975874789035824,3.5973312477534827,0.1692767178820083,0.17544142584230998,3.766864196785591,3.7727726735957923,2
0.7712585953852966,3.5984828,3.5982768512331007,0.16832789999999997,0.17493815042094515,3.7668107,3.7732150016540458,2
0.7739181077831769,3.599531658657264,3.5991866690823007,0.16784100000000013,0.17444131793463336,3.7673726586572642,3.773627987016934,2
0.7765776201810572,3.6005931,3.6000964869315006,0.1671921000000003,0.17394448544832153,3.7677852000000005,3.774040972379822,2
0.7792371325789376,3.6016835425467053,3.6010063047807,0.1666773800581272,0.17344765296200973,3.7683609226048325,3.77445395774271,2
0.7818966449768179,3.6024815502123007,3.6019478171554544,0.16605620000000032,0.17295939762907203,3.768537750212301,3.7749072147845264,2
0.7845561573746982,3.6035205897516986,3.602905154895555,0.1655694000000003,0.17247542494695206,3.769089989751699,3.775380579842507,2
0.7872156697725786,3.6044893,3.6038624926356557,0.16507681334245258,0.1719914522648321,3.7695661133424525,3.7758539449004878,2
0.7898751821704589,3.6052558283045237,3.6048198303757566,0.16455439845934214,0.17150747958271212,3.769810226763866,3.7763273099584684,2
0.7925346945683392,3.6064374,3.6057409860638323,0.1639469,0.1710349457823881,3.7703843,3.7767759318462204,2
0.7951942069662196,3.607249,3.606658241929563,0.1634601,0.17056364490292766,3.7707091,3.7772218868324905,2
0.7978537193640999,3.6082792368023524,3.607575497795294,0.16297320000000015,0.17009234402346723,3.7712524368023526,3.777667841818761,2
0.8005132317619802,3.609206051928628,3.6084949707954825,0.16248660000000026,0.16962280782193181,3.7716926519286282,3.7781177786174145,2
0.8031727441598606,3.6101713,3.609428242563413,0.16208540434012358,0.16916425443686034,3.7722567043401236,3.7785924970002736,2
0.8058322565577409,3.6111453,3.610361514331344,0.1616340767323984,0.16870570105178886,3.7727793767323985,3.7790672153831326,2
0.8084917689556212,3.6121192,3.6112947860992746,0.16087840890880897,0.16824714766671742,3.772997608908809,3.7795419337659917,2
0.8111512813535016,3.6130618316205108,3.612208824755438,0.16040642315911957,0.16779269282516068,3.77346825477963,3.7800015175805988,2
0.8138107937513819,3.6140187105342543,3.6130906934991907,0.1600526000000002,0.1673450933374061,3.7740713105342545,3.780435786836597,2
0.8164703061492622,3.6148791,3.6139725622429437,0.15979593541312323,0.16689749384965155,3.7746750354131233,3.780870056092595,2
0.8191298185471426,3.6157172220636355,3.6148544309866963,0.1592439505732317,0.16644989436189694,3.7749611726368673,3.7813043253485934,2
0.8217893309450229,3.6167227255489145,3.6157892767092688,0.15790505744510885,0.16600773307742733,3.774627782994023,3.7817970097866964,2
0.8244488433429032,3.617948591563666,3.6167580082296777,0.15745650000000033,0.1655690502445647,3.7754050915636665,3.7823270584742428,2
0.8271083557407836,3.6187751,3.6177267397500867,0.15761880000000028,0.16513036741170206,3.7763939000000004,3.782857107161789,2
0.8297678681386639,3.619695569248617,3.618695471270496,0.15696960000000004,0.1646916845788394,3.776665169248617,3.7833871558493355,2
0.8324273805365442,3.6207080815288206,3.6196421475855263,0.15648300000000015,0.16425948900749218,3.7771910815288208,3.7839016365930185,2
0.8350868929344246,3.6217479983629057,3.620584797484699,0.1559100464061989,0.16382847775577325,3.7776580447691046,3.7844132752404724,2
0.8377464053323049,3.6226714,3.6215274473838717,0.15562742985244507,0.16339746650405432,3.7782988298524454,3.7849249138879264,2
0.8404059177301852,3.623674529218912,3.622464125542851,0.15502269999999996,0.16296707494995766,3.778697229218912,3.7854312004928086,2
0.8430654301280656,3.624704288760309,3.6233333694424688,0.1545358000000001,0.16254368116348492,3.779240088760309,3.7858770506059534,2
0.8457249425259459,3.6257296646570154,3.624202613342086,0.1540490000000001,0.16212028737701217,3.7797786646570155,3.7863229007190986,2
0.8483844549238262,3.62673,3.6250718572417036,0.1535361263321683,0.16169689359053943,3.780266126332168,3.7867687508322434,2
0.8510439673217065,3.6277039,3.625963124492448,0.15291319999999997,0.16127554158768137,3.7806171,3.7872386660801296,2
0.8537034797195869,3.628736859189127,3.626901824734177,0.15254593865151392,0.16085858709468587,3.7812827978406407,3.787760411828863,2
0.8563629921174672,3.6297105902890556,3.627840524975906,0.15185280179442368,0.16044163260169042,3.7815633920834797,3.7882821575775965,2
0.8590225045153476,3.6307906354668056,3.6287792252176345,0.15132288690072881,0.16002467810869495,3.7821135223675344,3.7888039033263294,2
0.8616820169132279,3.631793651783359,3.62972290483222,0.1508039000000001,0.15961140468324994,3.782597551783359,3.78933430951547,2
0.8643415293111082,3.632798594281303,3.630670612432628,0.15015489999999998,0.1592011089998485,3.782953494281303,3.7898717214324766,2
0.8670010417089885,3.6337134883191156,3.6316183200330365,0.14973326902219627,0.15879081331644704,3.7834467573413115,3.790409133349484,2
0.8696605541068689,3.6350093,3.6325660276334446,0.14918140000000024,0.1583805176330456,3.7841907000000004,3.7909465452664906,2
0.8723200665047492,3.636058434206798,3.6335513355311146,0.14868271962122165,0.1579756189913484,3.7847411538280196,3.791526954522463,2
0.8749795789026296,3.6369572,3.634546726485014,0.14820769999999994,0.1575721676433947,3.7851649,3.7921188941284094,2
0.8776390913005099,3.6380937,3.635542117438914,0.14782270830261549,0.15716871629544105,3.7859164083026156,3.7927108337343554,2
0.8802986036983902,3.639038573128054,3.6365361641944274,0.14736108088974606,0.15676543935355977,3.7863996540178,3.793301603547987,2
0.8829581160962705,3.640123622748147,3.6374761724776214,0.14706386722222495,0.1563691737559902,3.7871874899703717,3.7938453462336117,2
0.8856176284941509,3.6412893919354214,3.6384161807608155,0.1453956691935423,0.15597290815842058,3.7866850611289635,3.794389088919236,2
0.8882771408920312,3.6421650888021055,3.6393561890440096,0.14535335965595306,0.155576642560851,3.7875184484580586,3.7949328316048603,2
0.8909366532899116,3.6432886,3.640308659575342,0.1449347641803776,0.1551822849720081,3.7882233641803778,3.79549094454735,2
0.8935961656877919,3.6444187431647608,3.641296599430254,0.14462125431586087,0.1547933578462861,3.7890399974806215,3.79608995727654,2
0.8962556780856722,3.6454333098963043,3.642284539285166,0.14382680000000025,0.1544044307205641,3.7892601098963046,3.7966889700057296,2
0.8989151904835525,3.6464567230079026,3.6432724791400775,0.14339699230028946,0.1540155035948421,3.789853715308192,3.7972879827349195,2
0.9015747028814329,3.6475116954407407,3.6442578670825267,0.14285330000000007,0.15363008175114243,3.790364995440741,3.797887948833669,2
0.9042342152793132,3.6486456,3.6452406591560917,0.14234209325696473,0.153248225567576,3.7909876932569646,3.798488884723668,2
0.9068937276771936,3.6496493847316795,3.6462234512296567,0.14199032152683194,0.15286636938400958,3.7916397062585117,3.7990898206136667,2
0.9095532400750739,3.6507561,3.647206243303222,0.14150463586317075,0.15248451320044315,3.792260735863171,3.799690756503665,2
0.9122127524729542,3.6518924,3.6481437434394555,0.14106157245469822,0.15210764599448703,3.7929539724546983,3.8002513894339423,2
0.9148722648708345,3.6529400769052103,3.6490646156259285,0.14074380000000009,0.1517326103831578,3.7936838769052104,3.8007972260090863,2
0.9175317772687149,3.6540029,3.6499854878124016,0.14002941133086785,0.15135757477182857,3.794032311330868,3.8013430625842304,2
0.9201912896665952,3.6549771,3.6509063599988747,0.13971267415986352,0.15098253916049936,3.7946897741598633,3.801888899159374,2
0.9228508020644756,3.6561134,3.6518531978152806,0.13910485309414433,0.1506143878265563,3.7952182530941445,3.802467585641837,2
0.9255103144623559,3.6571746639111358,3.6528009164643094,0.13849733024996763,0.15024647002810304,3.7956719941611037,3.8030473864924126,2
0.9281698268602362,3.6582239,3.653748635113338,0.1379855000000001,0.1498785522296498,3.7962094,3.803627187342988,2
0.9308293392581165,3.659320852852495,3.6547033476063855,0.13756755231354004,0.14951202735902083,3.796888405166035,3.8042153749654064,2
0.9334888516559969,3.6603341,3.655685532319889,0.1370036700257901,0.14915097398878066,3.79733777002579,3.80483650630867,2
0.9361483640538772,3.661620260400741,3.6566677170333928,0.1366536076133256,0.1487899206185405,3.7982738680140664,3.805457637651933,2
0.9388078764517576,3.6627693,3.657649901746896,0.13603840000000034,0.14842886724830032,3.7988077000000002,3.8060787689951967,2
0.9414673888496379,3.663998554702989,3.6586293560191794,0.13571390000000028,0.14807060795130197,3.7997124547029895,3.8066999639704813,2
0.9441269012475182,3.6653401688109875,3.6596053160781485,0.13521210952440366,0.1477159242990925,3.8005522783353913,3.807321240377241,2
0.9467864136453985,3.6663408,3.6605812761371177,0.13360459999999996,0.14736124064688305,3.7999454,3.807942516784001,2
0.9494459260432789,3.6674771,3.661557236196087,0.13318775514522196,0.1470065569946736,3.800664855145222,3.8085637931907605,2
0.9521054384411592,3.6686362278035367,3.66252761227196,0.13316413724520088,0.14665608652995207,3.8018003650487375,3.8091836988019123,2
0.9547649508390396,3.66975,3.6634952921476005,0.13279330000000034,0.1463076503831876,3.8025433000000004,3.8098029425307884,2
0.9574244632369199,3.6707239,3.6644629720232413,0.13228352472031255,0.14595921423642313,3.8030074247203127,3.8104221862596646,2
0.9600839756348002,3.6718602,3.6654306518988817,0.13181980000000015,0.1456107780896587,3.80368,3.8110414299885407,2
0.9627434880326805,3.672672,3.666471800369056,0.1314953000000001,0.14526707055973026,3.8041673,3.8117388709287865,2
0.9654030004305609,3.673782518370209,3.667520205304877,0.13117060000000036,0.14492383007352094,3.8049531183702094,3.812444035378398,2
0.9680625128284412,3.6747825,3.668568610240698,0.13052160000000024,0.14458058958731163,3.8053041000000003,3.81314919982801,2
0.9707220252263216,3.6757565,3.6695802697156434,0.13026949132926857,0.14423813211187858,3.8060259913292684,3.813818401827522,2
0.9733815376242019,3.6768546520541503,3.6703767148905975,0.12971030000000017,0.14390026064821637,3.8065649520541505,3.8142769755388137,2
0.9760410500220822,3.6779072653657057,3.671173160065552,0.12938177092008576,0.14356238918455416,3.8072890362857916,3.814735549250106,2
0.9787005624199625,3.6790032,3.6719696052405064,0.12877653948003434,0.14322451772089195,3.807779739480034,3.815194122961398,2
0.9813600748178429,3.6803019,3.6729164528785367,0.12833457673318482,0.14288609502561467,3.808636476733185,3.815802547904151,2
0.9840195872157232,3.6814384,3.6741070671988676,0.12787338228877232,0.1425467789147694,3.8093117822887725,3.816653846113637,2
0.9866790996136036,3.6827371,3.675297681519199,0.12727160943496438,0.14220746280392416,3.8100087094349644,3.817505144323123,2
0.9893386120114839,3.6838648164723202,3.6764882958395297,0.1268374611135792,0.14186814669307887,3.8107022775858996,3.8183564425326084,2
0.9919981244093642,3.6849427749687043,3.6775991311984435,0.1262285507582982,0.14152694481862255,3.8111713257270026,3.8191260760170658,2
0.9946576368072445,3.6859839,3.678660506554149,0.12597830000000032,0.14118457384052543,3.8119622000000004,3.8198450803946744,2
0.9973171492051249,3.6869578,3.6797218819098547,0.12533617061386035,0.1408422028624283,3.8122939706138603,3.820564084772283,2
0.9999766616030052,3.6880944,3.6807832572655603,0.12549169999999998,0.14049983188433116,3.8135861,3.8212830891498917,2
1.0026361740008856,3.6890683,3.6818088032953886,0.12518206317985286,0.14015719504343677,3.814250363179853,3.8219659983388254,2
1.0052956863987659,3.6900423,3.6828281761198474,0.12487334504122247,0.13981451239577355,3.8149156450412223,3.822642688515621,2
1.0079551987966462,3.6910164,3.683847548944306,0.12401950694503239,0.13947182974811032,3.8150359069450324,3.8233193786924162,2
1.0106147111945265,3.6920648864772656,3.6848746453864196,0.12325993322970356,0.13912867126983014,3.8153248197069694,3.8240033166562495,2
1.0132742235924068,3.6931269,3.6859810375344293,0.12362737447464074,0.13878062760350118,3.8167542744746408,3.82476166513793,2
1.0159337359902871,3.6942250897655406,3.687087429682439,0.12322000000000033,0.13843258393717223,3.817445089765541,3.8255200136196112,2
1.0185932483881674,3.695331919911858,3.6881938218304486,0.12273995800205495,0.13808454027084327,3.8180718779139133,3.826278362101292,2
1.021252760786048,3.6963737,3.6893173357536453,0.12240870000000026,0.13773420383048637,3.8187824000000004,3.8270515395841316,2
1.0239122731839283,3.697453728512972,3.6904764935390784,0.1220842000000002,0.13737909432654827,3.8195379285129722,3.8278555878656264,2
1.0265717855818086,3.6984839,3.691635651324511,0.12175970000000014,0.13702398482261016,3.8202436,3.8286596361471212,2
1.029231297979689,3.699466537586613,3.692794809109944,0.12145057728198844,0.13666887531867206,3.8209171148686014,3.829463684428616,2
1.0318908103775692,3.7005944,3.69396895233224,0.12111070000000002,0.13630880361780345,3.8217051,3.8302777559500436,2
1.0345503227754496,3.7015684,3.6951548594635364,0.12087397640686355,0.13594483647940694,3.8224423764068636,3.8310996959429433,2
1.0372098351733299,3.7025425,3.6963407665948322,0.12049523440084318,0.1355808693410104,3.823037734400843,3.8319216359358426,2
1.0398693475712102,3.7036788,3.6975266737261285,0.1202887688711617,0.13521690220261387,3.823967568871162,3.8327435759287423,2
1.0425288599690905,3.704705979098197,3.6986513509409598,0.12002882790981984,0.13484649387653688,3.8247348070080167,3.833497844817497,2
1.0451883723669708,3.705642816803073,3.6997603309126874,0.11987910168988512,0.1344744342516384,3.8255219184929583,3.8342347651643256,2
1.0478478847648511,3.7067633,3.700869310884415,0.11963034734410513,0.13410237462673993,3.826393647344105,3.834971685511155,2
1.0505073971627314,3.7078998,3.701979384158565,0.11900827876499971,0.13373008605441583,3.8269080787649994,3.835709470212981,2
1.0531669095606118,3.7090361,3.7031228788691597,0.1188391000000002,0.13335079873071576,3.8278752000000003,3.8364736775998756,2
1.0558264219584923,3.7100101,3.7042663735797543,0.11867669999999997,0.13297151140701566,3.8286868,3.83723788498677,2
1.0584859343563726,3.7112392299554378,3.705409868290349,0.11835220000000035,0.13259222408331559,3.829591429955438,3.8380020923736646,2
1.061145446754253,3.7122829,3.7065790005278996,0.11802780000000013,0.1322112405425429,3.8303107,3.8387902410704426,2
1.0638049591521332,3.7133873619609763,3.7078183701098797,0.117927176196098,0.13182560999416457,3.8313145381570743,3.8396439801040443,2
1.0664644715500136,3.7143934,3.7090577396918603,0.11780945043779259,0.13143997944578623,3.8322028504377927,3.8404977191376464,2
1.0691239839478939,3.7153673,3.7102971092738404,0.11756913070764194,0.13105434889740786,3.832936430707642,3.841351458171248,2
1.0717834963457742,3.716229365320864,3.7115347015803706,0.11627041504433114,0.13066654713906267,3.8324997803651955,3.842201248719433,2
1.0744430087436545,3.7174778,3.7127705387655046,0.11705429999999994,0.13027660123526857,3.8345321,3.843047140000773,2
1.0771025211415348,3.7184517,3.7140063759506385,0.11682270796490919,0.12988665533147445,3.8352744079649095,3.843893031282113,2
1.0797620335394151,3.7194259,3.7152422131357725,0.11641627109104806,0.12949670942768035,3.835842171091048,3.844738922563453,2
1.0824215459372954,3.720415617091022,3.7164469982232524,0.11637111024233678,0.12910533516051373,3.8367867273333585,3.845552333383766,2
1.0850810583351758,3.7215068644731737,3.717640808686263,0.11624300000000032,0.12871345607232687,3.837749864473174,3.84635426475859,2
1.0877405707330563,3.7225103,3.7188346191492743,0.11608060000000009,0.12832157698414,3.8385909000000003,3.847156196133414,2
1.0904000831309366,3.7238041000442945,3.720028429612285,0.11575610000000003,0.12792969789595315,3.8395602000442945,3.847958127508238,2
1.093059595528817,3.7246206,3.7212974183649288,0.1155940000000002,0.1275406087158539,3.8402146000000004,3.8488380270807827,2
1.0957191079266972,3.7255948,3.7225683667854055,0.115338729171869,0.12715159226011644,3.840933529171869,3.849719959045522,2
1.0983786203245776,3.7267311,3.7238393152058817,0.11510710000000035,0.126762575804379,3.8418382,3.850601891010261,2
1.1010381327224579,3.727735776420967,3.7250567303351256,0.11495797424068775,0.12637535152673168,3.8426937506616548,3.8514320818618577,2
1.1036976451203382,3.7288030450940646,3.726073152240886,0.1148999831257023,0.12599485606480088,3.843703028219767,3.8520680083056873,2
1.1063571575182185,3.7297774005638695,3.727089574146647,0.11468902759452453,0.12561436060287004,3.8444664281583942,3.852703934749517,2
1.1090166699160988,3.730809161038969,3.7281059960524074,0.11462030000000034,0.1252338651409392,3.8454294610389694,3.8533398611933465,2
1.1116761823139791,3.731800472105237,3.729258780730918,0.11445192360526195,0.12486078537166335,3.846252395710499,3.854119566102581,2
1.1143356947118594,3.7326349981050098,3.73058091124881,0.11429580000000028,0.12449691498315857,3.84693079810501,3.8550778262319687,2
1.1169952071097398,3.7337117,3.7319030417667025,0.1142140452137313,0.12413304459465377,3.8479257452137317,3.8560360863613563,2
1.1196547195076203,3.7347988749983054,3.733225172284595,0.11409630446053073,0.12376917420614894,3.848895179458836,3.856994346490744,2
1.1223142319055006,3.7357625822348437,3.7344910445590753,0.11397130000000022,0.12342420616829503,3.849733882234844,3.85791525072737,2
1.124973744303381,3.7366488508960374,3.73573065890477,0.11380889999999999,0.12308806059888593,3.8504577508960374,3.858818719503656,2
1.1276332567012612,3.7377703,3.7369702732504653,0.11380889999999999,0.12275191502947683,3.8515792,3.859722188279942,2
1.1302927690991416,3.7387907157894857,3.7382098875961605,0.11364680000000016,0.12241576946006773,3.852437515789486,3.8606256570562283,2
1.1329522814970219,3.7400429,3.7394312260774396,0.1128325295151385,0.12211732775227285,3.8528754295151386,3.8615485538297123,2
1.1356117938949022,3.740451590964092,3.740650921532646,0.11255552415577606,0.1218222756749919,3.853007115119868,3.862473197207638,2
1.1382713062927825,3.7418287,3.741870616987852,0.11299780000000004,0.12152722359771095,3.8548265,3.863397840585563,2
1.1409308186906628,3.7428029,3.7430764002902714,0.11294860335601177,0.12123999378936341,3.8557515033560117,3.864316394079635,2
1.1435903310885431,3.7438123732876583,3.7442053113633706,0.11267340000000026,0.12099598628172382,3.8564857732876585,3.8652012976450947,2
1.1462498434864234,3.7450013804730515,3.7453342224364703,0.11251100000000003,0.12075197877408424,3.8575123804730516,3.8660862012105546,2
1.1489093558843038,3.7457249,3.74646313350957,0.11251100000000003,0.12050797126644465,3.8582359,3.8669711047760145,2
1.1515688682821843,3.7468612,3.7475839994726474,0.11238365607637235,0.12027545671345559,3.8592448560763724,3.8678594561861033,2
1.1542283806800646,3.7479975,3.7486922276265413,0.1120449963375525,0.12006099607985847,3.8600424963375524,3.8687532237063995,2
1.156887893077945,3.7489754580442716,3.7498004557804347,0.11207319580442746,0.11984653544626135,3.861048653848699,3.8696469912266958,2
1.1595474054758252,3.750108,3.750908683934328,0.11211697111371503,0.11963207481266423,3.862224971113715,3.8705407587469924,2
1.1622069178737056,3.7509198,3.7520353235103476,0.11186200000000035,0.11943027039956597,3.8627818000000005,3.8714655939099134,2
1.1648664302715859,3.752070210021787,3.753173023928534,0.11184434899958644,0.11923606933489037,3.8639145590213735,3.8724090932634248,2
1.1675259426694662,3.7531924,3.754310724346721,0.11158157815883872,0.11904186827021476,3.864773978158839,3.873352592616936,2
1.1701854550673465,3.754329,3.755448424764908,0.11127332583785599,0.11884766720553916,3.865602325837856,3.8742960919704474,2
1.1728449674652268,3.7554653,3.7565347021322344,0.11137520000000034,0.1186456952459483,3.8668405000000003,3.875180397378183,2
1.1755044798631071,3.7563528596237616,3.757612638400605,0.11120539871349526,0.11844246280487337,3.8675582583372567,3.8760551012054787,2
1.1781639922609874,3.7572678488845,3.7586905746689756,0.11116262615519462,0.11823923036379846,3.8684304750396947,3.8769298050327743,2
1.1808235046588678,3.758341022200059,3.7597726164112117,0.11105070000000028,0.11803607448384715,3.869391722200059,3.877808690895059,2
1.1834830170567483,3.759441178194468,3.760893245635609,0.11105070000000028,0.11783363820438233,3.870491878194468,3.8787268838399913,2
1.1861425294546286,3.7603354,3.7620138748600067,0.11101269376638934,0.11763120192491755,3.8713480937663896,3.879645076784924,2
1.188802041852509,3.76124281764501,3.763134504084404,0.11105070000000028,0.11742876564545277,3.8722935176450104,3.8805632697298567,2
1.1914615542503892,3.762383793357593,3.764239970207064,0.11113806066929165,0.11723360554844471,3.8735218540268845,3.8814735757555088,2
1.1941210666482696,3.7634199,3.765314912647235,0.11088830000000005,0.11705309257884432,3.8743082,3.8823680052260796,2
1.1967805790461499,3.764451154477144,3.766389855087406,0.10994154454654892,0.11687257960924392,3.874392699023693,3.88326243469665,2
1.1994400914440302,3.7655303,3.7674647975275772,0.11063377548890083,0.11669206663964354,3.8761640754889006,3.884156864167221,2
1.2020996038419105,3.7664862846833973,3.768565963665549,0.11046474182061138,0.11652853673786485,3.8769510265040084,3.8850945004034134,2
1.2047591162397908,3.7676408,3.769687105313616,0.1102602567286589,0.11637794343432294,3.877901056728659,3.886065048747939,2
1.2074186286376711,3.7685186835784226,3.7708082469616833,0.11037883164650049,0.11622735013078102,3.878897515224923,3.8870355970924644,2
1.2100781410355514,3.769589614812183,3.7719293886097502,0.11023930000000037,0.1160767568272391,3.879828914812183,3.8880061454369894,2
1.2127376534334318,3.7706212928282996,3.7729723099575607,0.11013165849636053,0.11594341235504024,3.88075295132466,3.888915722312601,2
1.215397165831312,3.7715368,3.7739960841950713,0.1100772000000001,0.11581429012790041,3.881614,3.889810374322972,2
1.2180566782291926,3.7726654321028485,3.775019858432582,0.10991480000000031,0.11568516790076057,3.882580232102849,3.8907050263333423,2
1.220716190627073,3.7736473,3.7760464863474885,0.10991480000000031,0.11555671075556516,3.8835621000000002,3.8916031971030542,2
1.2233757030249532,3.774663146714083,3.7771432788652968,0.10979699792329527,0.11544460626837556,3.8844601446373783,3.8925878851336724,2
1.2260352154228336,3.775729214187185,3.7782400713831046,0.1097553568210717,0.11533250178118595,3.8854845710082566,3.8935725731642905,2
1.2286947278207139,3.7765694,3.7793368639009124,0.10975250000000036,0.11522039729399634,3.8863219000000004,3.8945572611949086,2
1.2313542402185942,3.7777057,3.780359572468905,0.10968798375000256,0.11511159226329326,3.8873936837500023,3.8954711647321982,2
1.2340137526164745,3.7787240979436545,3.781186783929421,0.10975250000000036,0.11501149403346903,3.888476597943655,3.8961982779628896,2
1.2366732650143548,3.7798162,3.7820139953899368,0.10975250000000036,0.11491139580364478,3.8895687000000003,3.8969253911935815,2
1.2393327774122351,3.7807832418056417,3.7828412068504527,0.10959040000000009,0.11481129757382053,3.890373641805642,3.897652504424273,2
1.2419922898101154,3.7817643,3.7838530164026314,0.10950209990432032,0.11471436177712196,3.89126639990432,3.898567378179753,2
1.2446518022079958,3.7827382,3.785041801261611,0.10947869485899026,0.11462045782418523,3.89221689485899,3.899662259085796,2
1.247311314605876,3.7837124,3.786230586120591,0.10943494463620808,0.1145265538712485,3.8931473446362084,3.9007571399918395,2
1.2499708270037566,3.7847140317182495,3.787419370979571,0.10930108804897075,0.11443264991831176,3.89401511976722,3.901852020897883,2
1.252630339401637,3.785985,3.7884777705209887,0.10952613697430212,0.11434102775081162,3.895511136974302,3.9028187982718,2
1.2552898517995172,3.7869592,3.78949183956879,0.10953823320072723,0.11425018138135856,3.8964974332007274,3.9037420209501486,2
1.2579493641973976,3.7879902734156023,3.7905059086165913,0.1084602173358416,0.1141593350119055,3.896450490751444,3.904665243628497,2
1.2606088765952779,3.788947672109901,3.7915199776643926,0.10858038278901007,0.11406848864245245,3.897528054898911,3.905588466306845,2
1.2632683889931582,3.7900285425957745,3.7925784246139274,0.10894139999999997,0.11397789682565969,3.8989699425957745,3.906556321439587,2
1.2659279013910385,3.7910175,3.793637684981148,0.10897838137077594,0.11388730967464941,3.899995881370776,3.9075249946557973,2
1.2685874137889188,3.792039373317358,3.7946969453483685,0.10894139999999997,0.11379672252363912,3.900980773317358,3.9084936678720075,2
1.2712469261867991,3.792976888800933,3.795746613264513,0.10877900000000018,0.11370604432704692,3.9017558888009334,3.90945265759156,2
1.2739064385846794,3.7942643,3.7967618170576807,0.10877900000000018,0.11361503901842607,3.9030433,3.9103768560761063,2
1.2765659509825598,3.7951224213674175,3.797777020850848,0.10861690000000035,0.11352403370980522,3.903739321367418,3.9113010545606532,2
1.27922546338044,3.7960501,3.798792224644016,0.10861690000000035,0.11343302840118437,3.9046670000000003,3.9122252530452,2
1.2818849757783206,3.7971866,3.799826071403145,0.10861690000000035,0.11334154016304268,3.9058035,3.913167611566188,2
1.284544488176201,3.7981606,3.800882387896491,0.10852617525343966,0.11324946986633797,3.9066867752534398,3.914131857762829,2
1.2872040005740812,3.7991405792860906,3.8019387043898365,0.10856878792860927,0.11315739956963325,3.9077093672146996,3.9150961039594696,2
1.2898635129719616,3.8001087,3.8029950208831824,0.10861690000000035,0.11306532927292855,3.9087256000000004,3.9160603501561106,2
1.2925230253698419,3.801245,3.8041022528753468,0.10850529834148068,0.11297369966242879,3.9097502983414807,3.9170759525377754,2
1.2951825377677222,3.8022192,3.8052324466994594,0.10845450000000012,0.11288226879225008,3.9106737000000003,3.9181147154917095,2
1.2978420501656025,3.8032879371046957,3.8063626405235724,0.10833141213763775,0.11279083792207135,3.9116193492423332,3.919153478445644,2
1.3005015625634828,3.8043294,3.8074928343476855,0.10829220000000017,0.11269940705189263,3.9126216,3.9201922413995782,2
1.3031610749613631,3.8053528407236406,3.8084531473572194,0.10829220000000017,0.11260924591255332,3.9136450407236407,3.921062393269773,2
1.3058205873592434,3.8064399,3.8093996702561506,0.10813000000000006,0.11251918784388008,3.9145699,3.9219188581000304,2
1.3084800997571238,3.8074488116778418,3.8103461931550817,0.10813000000000006,0.11242912977520685,3.915578811677842,3.9227753229302884,2
1.311139612155004,3.808455286987068,3.8113057422219194,0.10827875505664997,0.11233961515007651,3.916734042043718,3.9236453573719956,2
1.3137991245528846,3.8095243,3.8123333496737533,0.10824010749341947,0.11225293987801853,3.9177644074934195,3.9245862895517716,2
1.316458636950765,3.810502614242142,3.813360957125587,0.10835753143686923,0.11216626460596055,3.9188601456790115,3.9255272217315476,2
1.3191181493486452,3.811747787091543,3.8143885645774205,0.10829220000000017,0.11207958933390255,3.920039987091543,3.926468153911323,2
1.3217776617465256,3.8126087,3.815421815982863,0.10844886457331969,0.11199343935189054,3.92105756457332,3.927415255334753,2
1.3244371741444059,3.8137453,3.816463662218331,0.10780560000000028,0.11190808930180085,3.9215509,3.928371751520132,2
1.3270966865422862,3.8147192,3.8175055084537997,0.10780560000000028,0.11182273925171116,3.9225248,3.9293282477055107,2
1.3297561989401665,3.8159118249248296,3.818547354689268,0.10750789791236802,0.11173738920162146,3.9234197228371976,3.930284743890889,2
1.3324157113380468,3.816690018925655,3.81964628250799,0.10751808958828532,0.11165184650749971,3.9242081085139406,3.9312981290154894,2
1.3350752237359271,3.817966,3.8207784321815295,0.10748110000000022,0.11156619169329123,3.9254471000000004,3.9323446238748203,2
1.3377347361338074,3.8189402,3.821910581855069,0.10756671615455127,0.11148053687908274,3.9265069161545516,3.9333911187341513,2
1.3403942485316878,3.8200765,3.823042731528608,0.10748110000000022,0.11139488206487426,3.9275576,3.934437613593482,2
1.343053760929568,3.8210504,3.824087666129609,0.10748110000000022,0.11130725831536109,3.9285315,3.93539492444497,2
1.3457132733274486,3.822073387586219,3.8251193188944566,0.10731869999999999,0.1112193347200145,3.929392087586219,3.9363386536144707,2
1.348372785725329,3.8233232,3.826150971659304,0.10731869999999999,0.1111314111246679,3.9306419,3.937282382783972,2
1.3510322981232092,3.8243707847971686,3.8271945983073605,0.10729362489380938,0.11104282272674154,3.931664409690978,3.938237421034102,2
1.3536918105210896,3.8254337,3.82834186471229,0.10731570379665109,0.11094848014059316,3.932749403796651,3.9392903448528833,2
1.3563513229189699,3.826426118226033,3.82948913111722,0.10715660000000016,0.11085413755444479,3.9335827182260332,3.940343268671665,2
1.3590108353168502,3.827544,3.8306363975221496,0.10715660000000016,0.11075979496829641,3.9347006,3.941396192490446,2
1.3616703477147305,3.8285182,3.8316850436035534,0.10715660000000016,0.11066380589435737,3.9356748,3.9423488494979106,2
1.3643298601126108,3.829515141820431,3.832541649941066,0.10699420000000037,0.11056461067504852,3.9365093418204316,3.9431062606161142,2
1.3669893725104911,3.830563158912726,3.833398256278578,0.10690335214974446,0.11046541545573968,3.9374665110624703,3.943863671734318,2
1.3696488849083714,3.8317649,3.8342548626160906,0.10683189999999998,0.11036622023643083,3.9385968,3.944621082852521,2
1.3723083973062518,3.832874998790579,3.8353330587575996,0.10683189999999998,0.11026480950693204,3.939706898790579,3.945597868264531,2
1.374967909704132,3.833759374520974,3.836575020216955,0.10683189999999998,0.11016176141089423,3.940591274520974,3.946736781627849,2
1.3776274221020124,3.8348494,3.837816981676311,0.10675898788824734,0.11005871331485642,3.9416083878882473,3.947875694991167,2
1.380286934499893,3.836115436569144,3.839058943135667,0.10683189999999998,0.10995566521881861,3.942947336569144,3.9490146083544855,2
1.3829464468977732,3.8371222,3.8401780445576525,0.10585840000000024,0.10985223346898576,3.9429806000000003,3.950030278026638,2
1.3856059592956536,3.8382585,3.8412684686279013,0.10585840000000024,0.10974871216867693,3.9441169,3.9510171807965784,2
1.3882654716935339,3.839190881165585,3.8423588926981505,0.10585840000000024,0.1096451908683681,3.945049281165585,3.9520040835665182,2
1.3909249840914142,3.840212226315769,3.8434480594850005,0.10645817806131948,0.10954182786034289,3.9466704043770884,3.952989887345343,2
1.3935844964892945,3.8413429,3.8445114376276304,0.10634520000000025,0.1094417116488551,3.9476881,3.9539531492764852,2
1.3962440088871748,3.8424792,3.84557481577026,0.10631860224690586,0.10934159543736732,3.948797802246906,3.9549164112076274,2
1.3989035212850551,3.8434534,3.8466381939128897,0.10628455735799736,0.10924147922587954,3.949737957357997,3.9558796731387695,2
1.4015630336829354,3.8445897,3.8477008727100093,0.10602080000000003,0.10914114190903121,3.9506105000000002,3.9568420146190406,2
1.4042225460808158,3.845726,3.8487617728082437,0.10602080000000003,0.10904024223802103,3.9517468,3.957802015046265,2
1.406882058478696,3.8467031862173466,3.8498226729064786,0.10576155724406643,0.10893934256701085,3.952464743461413,3.9587620154734893,2
1.4095415708765764,3.8479989,3.850883573004713,0.10585840000000024,0.10883844289600067,3.9538573,3.959722015900714,2
1.412201083274457,3.8489728,3.8519989752129784,0.10585840000000024,0.10873554914604538,3.9548312,3.9607345243590237,2
1.4148605956723372,3.8501093,3.8531651026236617,0.10569600000000001,0.1086307995035738,3.9558053,3.9617959021272355,2
1.4175201080702176,3.8510912585044377,3.8543312300343455,0.10569600000000001,0.10852604986110222,3.9567872585044377,3.962857279895448,2
1.4201796204680979,3.8520857838519285,3.855497357445029,0.10569600000000001,0.10842130021863063,3.9577817838519285,3.9639186576636596,2
1.4228391328659782,3.8532118981015433,3.856641382377922,0.10553390000000018,0.108310703014943,3.9587457981015435,3.964952085392865,2
1.4254986452638585,3.8544167599573913,3.8577781835615226,0.10553390000000018,0.10819819465375555,3.9599506599573915,3.965976378215278,2
1.4281581576617388,3.8554664,3.8589149847451236,0.10537149999999995,0.1080856862925681,3.9608379,3.9670006710376917,2
1.4308176700596191,3.8565974317597016,3.860051785928724,0.10528990421798748,0.10797317793138063,3.961887335977689,3.9680249638601053,2
1.4334771824574994,3.8576162974614343,3.861054656295477,0.10520940000000012,0.10785021680713612,3.9628256974614344,3.9689048731026126,2
1.4361366948553798,3.8587132,3.8620560925887917,0.10521728392463851,0.10772714375921191,3.9639304839246385,3.969783236348004,2
1.43879620725326,3.859723198319476,3.863057528882107,0.10526161320048458,0.1076040707112877,3.964984811519961,3.9706615995933947,2
1.4414557196511404,3.860986,3.86408330438803,0.10537149999999995,0.10747982920735183,3.9663575,3.9715631335953816,2
1.444115232049021,3.8621223,3.865192849809855,0.10537149999999995,0.10735156614925102,3.9674937999999997,3.972544415959106,2
1.4467747444469012,3.8632227468177174,3.8663023952316795,0.10584576753962001,0.10722330309115022,3.969068514357337,3.9735256983228298,2
1.4494342568447816,3.8643446546988516,3.8674119406535046,0.1045604,0.10709504003304943,3.9689050546988516,3.974506980686554,2
1.4520937692426619,3.865114691350577,3.8685277664040387,0.1046379965124612,0.1069682590522124,3.9697526878630383,3.975496025456251,2
1.4547532816405422,3.8665056,3.869650939079877,0.1045604,0.10684321185179618,3.971066,3.976494150931673,2
1.4574127940384225,3.8676419,3.8707741117557153,0.1045604,0.10671816465137997,3.9722023,3.9774922764070952,2
1.4600723064363028,3.8686159,3.8718972844315536,0.10439810000000005,0.10659311745096375,3.973014,3.9784904018825173,2
1.4627318188341831,3.869798357384963,3.8730123576128177,0.10439810000000005,0.1064719930240907,3.974196457384963,3.979484350636908,2
1.4653913312320634,3.8708887,3.8741239030244126,0.10407359999999999,0.10635257717809232,3.9749623,3.9804764802025048,2
1.4680508436299438,3.8721874,3.8752354484360074,0.10392661439453653,0.10623316133209393,3.9761140143945366,3.9814686097681014,2
1.470710356027824,3.873271645367646,3.8763469938476023,0.10386778902397109,0.10611374548609555,3.977139434391617,3.9824607393336975,2
1.4733698684257044,3.8742979,3.8774438204016795,0.10380764117395402,0.10599087791921954,3.9781055411739543,3.9834346983208992,2
1.476029380823585,3.8752818274026737,3.878539578548861,0.10389398911452731,0.10586775980012617,3.979175816517201,3.9844073383489875,2
1.4786888932214652,3.8765707,3.879635336696043,0.1035939452655491,0.1057446416810328,3.980164645265549,3.985379978377076,2
1.4813484056193456,3.877707,3.880735526543913,0.10363862348234089,0.1056204558103183,3.981345623482341,3.986355982354232,2
1.4840079180172259,3.8789912564597455,3.881857655309645,0.10342460000000031,0.10549098408734127,3.982415856459746,3.9873486393969864,2
1.4866674304151062,3.8799141710332945,3.8829797840753764,0.10341803711514296,0.10536151236436422,3.9833322081484375,3.988341296439741,2
1.4893269428129865,3.8811162,3.8841019128411083,0.10326230000000036,0.10523204064138719,3.9843785000000005,3.9893339534824954,2
1.4919864552108668,3.8822525,3.88517721068714,0.10309990000000013,0.10510052992142507,3.9853524,3.990277740608565,2
1.4946459676087471,3.8835511,3.886183359385046,0.10309990000000013,0.10496600847894356,3.986651,3.99114936786399,2
1.4973054800066274,3.8846124014412804,3.887189508082953,0.10277540000000007,0.10483148703646204,3.9873878014412805,3.992020995119415,2
1.4999649924045078,3.8856616,3.8881956567808595,0.10261330000000024,0.10469696559398052,3.9882749000000004,3.99289262237484,2
1.502624504802388,3.8869603,3.8893777106489207,0.10277540000000007,0.1045572574326105,3.9897357,3.993934968081531,2
1.5052840172002684,3.8880968,3.890658920079554,0.10180190000000033,0.10441462558213661,3.9898987000000004,3.9950735456616906,2
1.507943529598149,3.889090044677936,3.8919401295101874,0.1017866366383098,0.10427199373166271,3.9908766813162457,3.99621212324185,2
1.5106030419960292,3.8903694,3.893221338940821,0.10134356554313648,0.10412936188118883,3.9917129655431363,3.9973507008220097,2
1.5132625543939096,3.8916683,3.8943514082518487,0.10147750000000011,0.10398170899242494,3.9931458,3.9983331172442735,2
1.5159220667917899,3.8928046,3.8954599342027536,0.10196430000000012,0.10383334040993028,3.9947689,3.999293274612684,2
1.5185815791896702,3.8939899848668054,3.896568460153659,0.10179699453578699,0.10368497182743562,3.995786979402592,4.000253431981094,2
1.5212410915875505,3.895176511041438,3.89768592926234,0.10160087110801581,0.10353711190322831,3.9967773821494537,4.001223041165568,2
1.5239006039854308,3.896358400240805,3.8988750435317763,0.1012196078092422,0.10339332692723063,3.997578008050047,4.0022683704590065,2
1.5265601163833111,3.8975124,3.900064157801213,0.10115300000000005,0.10324954195123295,3.9986654,4.003313699752446,2
1.5292196287811914,3.8986487,3.901253272070649,0.10098682903258324,0.10310575697523527,3.999635529032583,4.004359029045885,2
1.5318791411790718,3.8999476,3.9024109891057654,0.10079569229031396,0.10296290430414977,4.000743292290314,4.0053738934099155,2
1.534538653576952,3.901366921020399,3.903509543947253,0.1006661000000002,0.10282180838664239,4.0020330210204,4.006331352333896,2
1.5371981659748324,3.9023826,3.904608098788741,0.10050400000000037,0.10268071246913499,4.0028866,4.007288811257876,2
1.5398576783727127,3.903799924541711,3.9057066536302285,0.10002895514401834,0.1025396165516276,4.003828879685729,4.008246270181856,2
1.5425171907705932,3.9049802,3.9068149421290563,0.0999873165346008,0.10239278141682519,4.004967516534601,4.009207723545882,2
1.5451767031684736,3.9061165,3.9079302090392503,0.09976844853126567,0.10224183162934858,4.005884948531266,4.010172040668599,2
1.5478362155663539,3.90734118805739,3.9090454759494446,0.09953030000000007,0.10209088184187196,4.00687148805739,4.011136357791316,2
1.5504957279642342,3.9084308949207665,3.9101607428596385,0.09936680655107788,0.10193993205439535,4.007797701471844,4.012100674914034,2
1.5531552403621145,3.9100125,3.9114342510273414,0.09920580000000001,0.10178169129943514,4.009218300000001,4.013215942326777,2
1.5558147527599948,3.911149,3.9127429284748945,0.09920580000000001,0.1016218301195627,4.0103548,4.014364758594457,2
1.5584742651578751,3.9122853,3.9140516059224475,0.09849367194159919,0.10146196893969028,4.010778971941599,4.015513574862138,2
1.5611337775557554,3.9137082871691695,3.915337404099991,0.09839449999999994,0.10130184645101116,4.0121027871691695,4.016639250551003,2
1.5637932899536358,3.9149295141752543,3.91622154439659,0.0981789428311887,0.10113713654579634,4.013108457006443,4.017358680942387,2
1.566452802351516,3.9163227356203305,3.9171056846931895,0.09790790000000005,0.10097242664058151,4.01423063562033,4.018078111333772,2
1.5691123147493964,3.9174802,3.917989824989789,0.09761973315796206,0.10080771673536669,4.015099933157962,4.018797541725156,2
1.5717718271472767,3.9187789,3.9189582780613605,0.09790790000000005,0.10064042199480817,4.0166868000000004,4.019598700056169,2
1.5744313395451572,3.9200776,3.9201335315244763,0.09673545782342208,0.10046678723090999,4.0168130578234225,4.0206003187553865,2
1.5770908519430376,3.9214928842994587,3.9213087849875925,0.09653089366992734,0.1002931524670118,4.018023777969386,4.021601937454604,2
1.5797503643409179,3.9226751,3.9224840384507087,0.0959854923917312,0.10011951770311363,4.018660592391732,4.022603556153822,2
1.5824098767387982,3.924093196011986,3.9236441807350615,0.09579400754528522,0.09993837049289958,4.01988720355727,4.023582551227961,2
1.5850693891366785,3.9252913482312315,3.9247906702704105,0.09535844751384245,0.09975043588736945,4.020649795745074,4.0245411061577805,2
1.5877289015345588,3.92682890374665,3.9259371598057595,0.09506145450674716,0.09956250128183931,4.021890358253397,4.025499661087599,2
1.5903884139324391,3.9280324,3.9270836493411085,0.09489009991498314,0.09937456667630919,4.0229224999149835,4.026458216017418,2
1.5930479263303194,3.929449947648245,3.9282320988787696,0.09448850791246181,0.09918329116325525,4.023938455560707,4.027415390042025,2
1.5957074387281998,3.930900721971279,3.9293811637000418,0.09401349999999997,0.09899096687304783,4.0249142219712795,4.028372130573089,2
1.59836695112608,3.9322531,3.9305302285213135,0.09368900000000036,0.09879864258284039,4.0259421,4.029328871104154,2
1.6010264635239604,3.933412379050683,3.9316792933425857,0.09323236352613226,0.09860631829263296,4.026644742576814,4.030285611635219,2
1.6036859759218407,3.934972601063666,3.9329181418087384,0.09288991764053614,0.09840192848680214,4.027862518704202,4.031320070295541,2
1.6063454883197212,3.9361494,3.9341572774964355,0.09271560000000001,0.09819750008289445,4.028865,4.03235477757933,2
1.6090050007176016,3.9376104,3.935396413184132,0.09239109999999995,0.09799307167898677,4.0300015,4.033389484863119,2
1.6116645131154819,3.93876350955248,3.9366232466809494,0.09193831887570622,0.09778152728597835,4.030701828428186,4.034404773966928,2
1.6143240255133622,3.9401175741104892,3.9378094790223774,0.09187895739733991,0.09754649785830836,4.031996531507829,4.035355976880686,2
1.6169835379112425,3.9415064,3.938995711363806,0.09147226082108842,0.09731146843063837,4.0329786608210885,4.036307179794444,2
1.6196430503091228,3.9428053,3.940181943705234,0.09115627481804345,0.09707643900296838,4.0339615748180435,4.0372583827082025,2
1.6223025627070031,3.944142165092434,3.941382122644125,0.09093050000000025,0.09683727969934063,4.035072665092435,4.038219402343466,2
1.6249620751048834,3.9454650500153035,3.942598138186269,0.09059976653480269,0.09659343084995109,4.036064816550106,4.03919156903622,2
1.6276215875027638,3.9470198830967,3.943814153728413,0.09044390000000035,0.09634958200056154,4.0374637830967,4.040163735728974,2
1.630281099900644,3.9481623,3.9450301692705563,0.08930810000000022,0.096105733151172,4.0374704,4.041135902421728,2
1.6329406122985244,3.9497857,3.9464188830258005,0.08898360000000016,0.09584799255848933,4.0387693,4.04226687558429,2
1.6356001246964047,3.951247,3.947880208414896,0.08882119999999993,0.09558441112843229,4.0400682,4.043464619543329,2
1.6382596370942852,3.9526143136779814,3.949341533803992,0.08849680000000015,0.09532082969837523,4.041111113677982,4.0446623635023675,2
1.6409191494921656,3.9538443,3.9508028591930877,0.08882119999999993,0.0950572482683182,4.0426655,4.045860107461406,2
1.6435786618900459,3.955146971207194,3.952245694113546,0.0884639631430681,0.09476423219189607,4.043610934350261,4.047009926305442,2
1.6462381742879262,3.956604,3.953687343140706,0.08833460000000004,0.09446932831313887,4.0449386,4.048156671453845,2
1.6488976866858065,3.9579029,3.9551289921678663,0.08800990000000031,0.09417442443438166,4.0459128,4.049303416602248,2
1.6515571990836868,3.9592016,3.956570239390029,0.08794375857488905,0.09387493971569798,4.047145358574889,4.0504451791057265,2
1.6542167114815671,3.9605002,3.958009598405158,0.08770919358568771,0.0935539282011075,4.048209393585687,4.051563526606265,2
1.6568762238794474,3.9617989,3.959448957420287,0.08768540000000025,0.09323291668651704,4.0494843,4.0526818741068045,2
1.6595357362773278,3.963126234421815,3.9608883164354163,0.08752329999999997,0.09291190517192656,4.050649534421815,4.053800221607343,2
1.662195248675208,3.9645065092496306,3.9623647656190215,0.08709612770310553,0.09257234711432613,4.051602636952736,4.054937112733348,2
1.6648547610730884,3.9660169852324936,3.963894326763806,0.08718285147356136,0.09220623098722026,4.053199836706055,4.056100557751026,2
1.6675142734709687,3.9671562,3.96542388790859,0.08702278737851742,0.09184011486011441,4.054178987378518,4.057264002768704,2
1.6701737858688492,3.968532165837986,3.9669534490533747,0.08687410000000018,0.09147399873300852,4.055406265837986,4.058427447786383,2
1.6728332982667296,3.9697535,3.968557858290345,0.08665119562706555,0.09107212986780075,4.056404695627066,4.059629988158146,2
1.6754928106646099,3.971072359960136,3.9702031187213276,0.08654960000000012,0.09065074758551035,4.0576219599601355,4.060853866306838,2
1.6781523230624902,3.9726423012792784,3.97184837915231,0.08635836987207231,0.09022936530321997,4.059000671151351,4.06207774445553,2
1.6808118354603705,3.973943311172809,3.9734936395832925,0.08622510000000005,0.08980798302092959,4.06016841117281,4.0633016226042225,2
1.6834713478582508,3.9752731,3.9752122059674466,0.08622510000000005,0.0893333728157041,4.0614982,4.064545578783151,2
1.6861308602561311,3.9765718,3.976940518617097,0.08622510000000005,0.08885168578456897,4.0627969,4.065792204401666,2
1.6887903726540114,3.9778705,3.9786688312667478,0.08618951449712968,0.08836999875343383,4.064060014497129,4.067038830020182,2
1.6914498850518918,3.9791694,3.9803652150289017,0.0859006,0.08788284215538969,4.06507,4.068248057184292,2
1.694109397449772,3.980487433753341,3.981823809425483,0.08573850000000016,0.08735495113321687,4.066225933753341,4.0691787605587,2
1.6967689098476524,3.9819291,3.9832824038220647,0.08622510000000005,0.08682706011104406,4.0681542,4.070109463933108,2
1.6994284222455327,3.983259755076167,3.984740998218646,0.08508930000000037,0.08629916908887124,4.068349055076167,4.071040167307517,2
1.702087934643413,3.984438651865471,3.986275244408743,0.08492720000000009,0.08576085867483133,4.069365851865471,4.072036103083574,2
1.7047474470412936,3.9859464043588204,3.9879474790224365,0.08471204807532502,0.08520354335169729,4.070658452434146,4.073151022374134,2
1.7074069594391739,3.9872863,3.9896197136361295,0.08444059986284574,0.0846462280285633,4.0717268998628455,4.074265941664693,2
1.7100664718370542,3.9887474,3.991291948249823,0.08430986159210709,0.08408891270542931,4.073057261592107,4.075380860955252,2
1.7127259842349345,3.9897213,3.9929634680617045,0.08418964781513298,0.08353030894598873,4.073910947815133,4.076493777007693,2
1.7153854966328148,3.991398213106672,3.994634490814389,0.08391563858562512,0.08297080923314494,4.0753138516922975,4.077605300047534,2
1.7180450090306951,3.992947812890835,3.9963055135670738,0.08377304255451604,0.08241130952030114,4.076720855445351,4.078716823087375,2
1.7207045214285754,3.994267,3.9979765363197584,0.08343765885095257,0.08185180980745735,4.077704658850952,4.079828346127216,2
1.7233640338264558,3.995728,3.999594824873874,0.08306171198545374,0.0813204052949518,4.078789711985454,4.080915230168826,2
1.726023546224336,3.997189,4.001201971351098,0.08281760000000027,0.08079493694704096,4.080006600000001,4.081996908298139,2
1.7286830586222164,3.9985879512995224,4.002809117828321,0.08249310000000021,0.08026946859913013,4.081081051299523,4.083078586427452,2
1.7313425710200967,3.9997864,4.0044125269554485,0.08233099999999993,0.07974870520059549,4.0821174,4.084161232156044,2
1.734002083417977,4.0010853,4.005958702815034,0.08216860000000015,0.07929999275245538,4.0832539,4.085258695567489,2
1.7366615958158576,4.0023837,4.00750487867462,0.08200650000000032,0.07885128030431521,4.0843902000000005,4.086356158978935,2
1.7393211082137379,4.0035316332730995,4.009051054534205,0.08184536118199529,0.07840256785617508,4.085376994455095,4.08745362239038,2
1.7419806206116182,4.0048189,4.010509631450337,0.08184420000000037,0.0779814383360167,4.086663100000001,4.088491069786354,2
1.7446401330094985,4.0062799,4.011760888464298,0.08168200000000025,0.07762558916862627,4.0879619,4.0893864776329245,2
1.7472996454073788,4.0074162,4.0130121454782595,0.08164687831751842,0.07726974000123583,4.089063078317518,4.090281885479496,2
1.7499591578052591,4.0087152,4.0142634024922215,0.08135730000000008,0.0769138908338454,4.0900725,4.091177293326067,2
1.7526186702031394,4.010021111703079,4.0155949166535745,0.08119520000000024,0.07661930511570861,4.0912163117030795,4.092214221769283,2
1.7552781826010198,4.011471233577779,4.016996818607845,0.08013225423457752,0.07637844917890056,4.091603487812357,4.093375267786746,2
1.7579376949989,4.0127735,4.018398720562116,0.08017775293643022,0.0761375932420925,4.09295125293643,4.094536313804208,2
1.7605972073967804,4.0142345,4.019800622516387,0.07990142273992924,0.07589673730528446,4.0941359227399285,4.095697359821671,2
1.7632567197946607,4.015507073814753,4.021235441576014,0.07989700000000033,0.07573625454334061,4.095404073814753,4.096971696119354,2
1.765916232192541,4.0169945,4.0226801771982,0.08014756891974588,0.0755999848951559,4.097142068919746,4.0982801620933555,2
1.7685757445904216,4.0182934,4.024124912820387,0.07989700000000033,0.07546371524697118,4.0981904,4.099588628067358,2
1.7712352569883019,4.0199165,4.025568982496315,0.07956225017448651,0.07532767753967545,4.0994787501744865,4.100896660035991,2
1.7738947693861822,4.021411674215985,4.026855778168802,0.07924800000000021,0.07524641643298068,4.1006596742159855,4.102102194601782,2
1.7765542817840625,4.022976480023767,4.028142573841288,0.07892350000000015,0.0751651553262859,4.101899980023767,4.1033077291675735,2
1.7792137941819428,4.0242996,4.029429369513775,0.0786387330511176,0.07508389421959112,4.102938333051117,4.104513263733365,2
1.7818733065798231,4.0257607,4.030677415055168,0.07859900000000009,0.07500544836718405,4.1043597,4.105682863422351,2
1.7845328189777034,4.027193797937071,4.031802715629668,0.07843670000000014,0.0749359201180107,4.105630497937071,4.1067386357476785,2
1.7871923313755838,4.028419770072607,4.032928016204168,0.07836180800528601,0.07486639186883737,4.106781578077893,4.107794408073006,2
1.789851843773464,4.0296569,4.034053316778668,0.07817138187008084,0.07479686361966402,4.1078282818700815,4.108850180398332,2
1.7925113561713444,4.0309558,4.035259008541498,0.07780261323067449,0.07473330184087805,4.1087584132306745,4.109992310382376,2
1.7951708685692247,4.0322542,4.03655331323962,0.07778770000000002,0.07467631673380624,4.1100419,4.111229629973425,2
1.797830380967105,4.0335531,4.037847617937741,0.07762560000000018,0.07461933162673445,4.1111787,4.1124669495644754,2
1.8004898933649855,4.0350142,4.039141922635863,0.07765070804029821,0.07456234651966265,4.112664908040298,4.113704269155525,2
1.8031494057628659,4.0363131,4.04043972012109,0.0773053019343214,0.07450581366239566,4.113618401934321,4.1149455337834855,2
1.8058089181607462,4.0376397008975236,4.041738934517702,0.0773009,0.0744494642683281,4.114940600897524,4.11618839878603,2
1.8084684305586265,4.0389104,4.043038148914314,0.07736803795693405,0.07439311487426054,4.116278437956934,4.117431263788574,2
1.8111279429565068,4.0402088,4.044337363310926,0.07746319999999995,0.07433676548019298,4.117672000000001,4.118674128791119,2
1.8137874553543871,4.041565935339437,4.045690578087023,0.0773009,0.07428234161486441,4.118866835339437,4.119972919701888,2
1.8164469677522674,4.0431314,4.047046806911195,0.07713870000000034,0.07422802522352477,4.120270100000001,4.12127483213472,2
1.8191064801501478,4.044547954706675,4.048403035735366,0.0775562009374935,0.07417370883218513,4.12210415564417,4.122576744567551,2
1.821765992548028,4.0460534,4.049705725523157,0.07743606653987034,0.07411939244084549,4.123489466539871,4.123825117964003,2
1.8244255049459084,4.047491997192101,4.0507691754305535,0.07679573385033422,0.07406507604950587,4.124287731042436,4.12483425148006,2
1.8270850173437887,4.0486507,4.0518326253379495,0.07606711607559037,0.07401075965816623,4.12471781607559,4.125843384996116,2
1.829744529741669,4.050022606262241,4.052896075245345,0.0760029000000002,0.07395644326682659,4.126025506262241,4.126852518512171,2
1.8324040421395495,4.0514107,4.054042294226203,0.0760029000000002,0.07390436077057437,4.127413600000001,4.127946654996778,2
1.8350635545374299,4.0527091,4.055303474911264,0.07584049999999998,0.07385538103209766,4.1285496,4.129158855943362,2
1.8377230669353102,4.054095669747535,4.056564655596325,0.07584049999999998,0.07380640129362093,4.129936169747535,4.130371056889946,2
1.8403825793331905,4.0553064,4.057825836281386,0.07577983988229828,0.07375742155514421,4.131086239882299,4.13158325783653,2
1.8430420917310708,4.056745586753574,4.059099362924028,0.07582210001014518,0.07370890540149624,4.132567686763719,4.132808268325525,2
1.8457016041289511,4.0582285,4.060379411857681,0.07567840000000015,0.07366063415677011,4.1339069,4.134040046014451,2
1.8483611165268314,4.059453964352512,4.061659460791333,0.0755161000000002,0.073612362912044,4.134970064352512,4.135271823703377,2
1.8510206289247118,4.0608263,4.062939509724985,0.07535390000000008,0.07356409166731787,4.1361802,4.136503601392303,2
1.853680141322592,4.062157216687053,4.064220296675604,0.07533442432743712,0.07352352320264612,4.13749164101449,4.13774381987825,2
1.8563396537204724,4.0635858,4.065501174791273,0.07519160000000014,0.07348390623957742,4.1387774,4.13898508103085,2
1.8589991661183527,4.0650468,4.066782052906942,0.07486710000000008,0.07344428927650873,4.1399139,4.140226342183451,2
1.861658678516233,4.0664524392606785,4.068061327701618,0.07486710000000008,0.07340826747496107,4.141319539260679,4.141469595176579,2
1.8643181909141135,4.067856830864389,4.069329459192069,0.07470470000000029,0.07339723254675252,4.142561530864389,4.1427266917388215,2
1.8669777033119939,4.0691109384376976,4.070597590682519,0.07457555384376985,0.073386197618544,4.143686492281467,4.143983788301063,2
1.8696372157098742,4.0705667,4.07186572217297,0.07470470000000029,0.07337516269033546,4.1452714,4.1452408848633056,2
1.8722967281077545,4.07174735196068,4.073024865266322,0.07464429519606804,0.07336412776212693,4.146391647156749,4.14638899302845,2
1.8749562405056348,4.0728393,4.073991518825789,0.07470470000000029,0.0733530928339184,4.147544,4.147344611659707,2
1.8776157529035151,4.0743003,4.074958172385256,0.07356910000000028,0.07334205790570987,4.1478694,4.148300230290966,2
1.8802752653013954,4.0754366,4.075924825944722,0.07373129999999994,0.07333102297750134,4.1491679,4.149255848922224,2
1.8829347776992758,4.076849431644203,4.077072812262178,0.07389360000000034,0.0733199880492928,4.150743031644204,4.150392800311471,2
1.885594290097156,4.0780339,4.078343081995935,0.07405176262561285,0.07330895312108426,4.152085662625613,4.15165203511702,2
1.8882538024950364,4.0793328,4.079613351729692,0.07405570000000017,0.07329791819287573,4.1533885,4.152911269922568,2
1.8909133148929167,4.0806317,4.080883621463449,0.07396678838739656,0.0732868832646672,4.154598488387396,4.154170504728117,2
1.893572827290797,4.0819302,4.082282904452179,0.07454260000000001,0.07327584833645867,4.1564728,4.155558752788639,2
1.8962323396886773,4.0830665,4.083708057039303,0.07438390999020647,0.07326481340825014,4.157450409990207,4.156972870447553,2
1.8988918520865579,4.084528,4.085133209626426,0.07454260000000001,0.07325377848004161,4.1590706,4.158386988106468,2
1.9015513644844382,4.0858264,4.086544418507394,0.07438020000000023,0.07324274355183308,4.1602066,4.159787162059228,2
1.9042108768823185,4.0871253,4.0877666143646305,0.07438020000000023,0.07323170862362453,4.1615055000000005,4.160998322988256,2
1.9068703892801988,4.0884237,4.088988810221867,0.07451741125134176,0.073220673695416,4.1629411112513415,4.162209483917284,2
1.9095299016780791,4.0897226,4.0902110060791035,0.07433399022516365,0.07320963876720747,4.164056590225164,4.163420644846312,2
1.9121894140759594,4.0910215,4.091442503050308,0.07438020000000023,0.07319860383899894,4.1654017,4.164641106889308,2
1.9148489264738398,4.092412362071065,4.092695251202973,0.07419263516021869,0.07318756891079041,4.166604997231283,4.165882820113763,2
1.91750843887172,4.0936189,4.093947999355638,0.07437935306040738,0.07317653398258188,4.167998253060407,4.16712453333822,2
1.9201679512696004,4.09501236745339,4.095200747508303,0.07409767504242809,0.07316549905437335,4.169110042495817,4.168366246562676,2
1.9228274636674807,4.096303517101059,4.096450200592632,0.07412940786996434,0.07315446412616482,4.170432924971023,4.169604664718797,2
1.925486976065361,4.097687057096878,4.097696848600307,0.07405570000000017,0.07314342919795627,4.171742757096878,4.170840277798263,2
1.9281464884632413,4.0991383,4.0989434966079825,0.07391890625321633,0.07313239426974774,4.173057206253216,4.172075890877729,2
1.9308060008611219,4.1004372,4.100190144615657,0.07410429173947895,0.07312135934153921,4.174541491739479,4.173311503957196,2
1.9334655132590022,4.101626127214521,4.101533162875449,0.07421809999999995,0.07311032441333068,4.175844227214521,4.17464348728878,2
1.9361250256568825,4.10288488046693,4.102904016635346,0.07421809999999995,0.07309928948512215,4.1771029804669295,4.176003306120467,2
1.9387845380547628,4.1043334,4.104274870395242,0.07422900817614296,0.07308825455691362,4.178562408176142,4.177363124952156,2
1.9414440504526431,4.1056318,4.105646010293978,0.07421809999999995,0.07307721962870509,4.179849900000001,4.178723229922683,2
1.9441035628505234,4.1070929,4.107041485043373,0.07486710000000008,0.07306618470049654,4.18196,4.18010766974387,2
1.9467630752484038,4.1083918,4.108436959792768,0.07470470000000029,0.07305514977228801,4.1830964999999996,4.181492109565056,2
1.949422587646284,4.109572453944944,4.109832434542163,0.07470470000000029,0.07304411484407948,4.184277153944944,4.1828765493862425,2
1.9520821000441644,4.110880043665198,4.111128707823456,0.07373129999999994,0.07303307991587095,4.184611343665198,4.184161787739327,2
1.9547416124420447,4.112288,4.112123127874259,0.073670410142767,0.07302204498766242,4.185958410142767,4.185145172861921,2
1.957401124839925,4.1135864,4.113117547925062,0.07356910000000028,0.07301101005945389,4.1871555,4.1861285579845156,2
1.9600606372378053,4.114909082463102,4.114111967975865,0.07356910000000028,0.07299997513124536,4.188478182463102,4.18711194310711,2
1.9627201496356859,4.116284282838542,4.115258552511794,0.07351420975461753,0.07298894020303681,4.189798492593159,4.188247492714831,2
1.9653796620335662,4.117607196076406,4.116567959956467,0.07340680000000033,0.07297790527482828,4.191013996076407,4.189545865231295,2
1.9680391744314465,4.1190989975791,4.117877367401139,0.07353736887927517,0.07296687034661975,4.192636366458376,4.190844237747759,2
1.9706986868293268,4.120386981403012,4.1191867748458115,0.07355464404583076,0.07295583541841122,4.193941625448843,4.192142610264222,2
1.9733581992272071,4.1217036,4.120456516216824,0.07340680000000033,0.07294587205325005,4.195110400000001,4.193402388270074,2
1.9760177116250874,4.1230021,4.12171074075744,0.07340680000000033,0.07293632786902943,4.1964089,4.194647068626469,2
1.9786772240229678,4.1244631,4.122964965298055,0.07326745652717438,0.0729267836848088,4.197730556527174,4.195891748982865,2
1.981336736420848,4.125762,4.124219189838672,0.07340680000000033,0.07291723950058818,4.199168800000001,4.19713642933926,2
1.9839962488187284,4.1270609,4.125489993581767,0.07334409107853955,0.07290850075408788,4.20040499107854,4.198398494335855,2
1.9866557612166087,4.128468390297623,4.1267615868983665,0.07333649561152182,0.07289980036602396,4.201804885909146,4.19966138726439,2
1.989315273614489,4.1298203,4.128033180214966,0.07325665310799659,0.07289109997796005,4.203076953107997,4.200924280192926,2
1.9919747860123693,4.131257212323783,4.129313946216184,0.07323060875521241,0.07288239958989613,4.204487821078995,4.2021963458060805,2
1.9946342984102499,4.1324182,4.130633748221991,0.07314091866460934,0.07287369920183222,4.205559118664609,4.203507447423823,2
1.9972938108081302,4.1338792,4.131953550227797,0.07318508422506853,0.0728649988137683,4.207064284225069,4.2048185490415655,2
1.9999533232060105,4.13503659766359,4.133273352233603,0.07295449367092378,0.07285629842570439,4.207991091334514,4.2061296506593076,2
2.0026128356038906,4.1364765,4.134480497716505,0.07195780884275388,0.07284759803764047,4.208434308842754,4.207328095754146,2
2.005272348001771,4.137887199590332,4.13553584784176,0.07210880000000008,0.07283889764957656,4.209995999590332,4.208374745491337,2
2.007931860399651,4.139312618857776,4.1365911979670145,0.07227090000000036,0.07283019726151264,4.211583518857776,4.209421395228527,2
2.0105913727975318,4.140600482471277,4.137646548092269,0.07241050981304543,0.07282149687344873,4.213010992284323,4.210468044965718,2
2.0132508851954123,4.1419959,4.138904708819783,0.07243330000000014,0.07281279648538481,4.2144292000000005,4.211717505305168,2
2.0159103975932924,4.1432948,4.140266544463132,0.07227090000000036,0.07280409609732089,4.2155657,4.213070640560453,2
2.018569909991173,4.144660233361565,4.141628380106481,0.07280917216676107,0.07279539570925697,4.217469405528326,4.214423775815738,2
2.021229422389053,4.1460543,4.142990215749831,0.0729105409234662,0.07278669532119306,4.218964840923466,4.215776911071024,2
2.0238889347869335,4.1475153,4.1443824535798965,0.0727578000000002,0.07277799493312914,4.2202731,4.217160448513026,2
2.0265484471848136,4.148703780817201,4.145778165053578,0.07281747191827984,0.07276929454506523,4.2215212527354815,4.218547459598644,2
2.029207959582694,4.1501131,4.147173876527259,0.07259539999999998,0.07276059415700131,4.2227085,4.219934470684261,2
2.0318674719805743,4.1514115,4.148561869976647,0.0727436380435519,0.07275189376893741,4.224155138043552,4.221313763745584,2
2.034526984378455,4.152999552662259,4.149899633648955,0.0726405596382098,0.07274319338087348,4.22564011230047,4.222642827029829,2
2.037186496776335,4.154251182421922,4.151237397321263,0.07250638175780778,0.07273449299280957,4.226757564179731,4.223971890314073,2
2.0398460091742154,4.1557946,4.152575160993571,0.07263725605948095,0.07272579260474565,4.228431856059481,4.225300953598317,2
2.042505521572096,4.157203934695561,4.153892035939383,0.07259539999999998,0.07271709221668174,4.229799334695561,4.226609128156065,2
2.045165033969976,4.1583924,4.155173178163801,0.07259539999999998,0.07270839182861782,4.2309878,4.227881569992418,2
2.0478245463678566,4.1596909,4.156454320388217,0.07243330000000014,0.07269969144055391,4.2321242,4.229154011828771,2
2.0504840587657367,4.1610311704614205,4.157735462612635,0.07243330000000014,0.07269099105249001,4.233464470461421,4.230426453665125,2
2.0531435711636172,4.162460471029161,4.1590312561867,0.07243330000000014,0.07268229066442608,4.234893771029161,4.231713546851126,2
2.0558030835614973,4.1639118,4.160336629588171,0.07229910118097026,0.07267359027636217,4.2362109011809705,4.233010219864533,2
2.058462595959378,4.1653728,4.161642002989642,0.07252228600894246,0.07266488988829825,4.237895086008943,4.234306892877941,2
2.061122108357258,4.1668339,4.162947376391113,0.07259539999999998,0.07265618950023434,4.2394293,4.235603565891347,2
2.0637816207551385,4.168109422236746,4.1643489206887745,0.07259539999999998,0.07264748911217042,4.240704822236746,4.236996409800945,2
2.0664411331530186,4.169549905677719,4.16576873169814,0.07259539999999998,0.0726387887241065,4.242145305677719,4.238407520422246,2
2.069100645550899,4.1708922,4.167188542707506,0.07316993895668954,0.07263008833604259,4.24406213895669,4.239818631043548,2
2.071760157948779,4.1721911,4.168615785488153,0.0732444000000001,0.07262138794797866,4.2454355,4.241237173436131,2
2.0744196703466597,4.1736522,4.1701332440148065,0.07308310442323997,0.07261268755991476,4.2467353044232405,4.242745931574721,2
2.0770791827445403,4.1751132,4.17165070254146,0.0722236346935123,0.07260398717185085,4.247336834693512,4.244254689713311,2
2.0797386951424204,4.1764121,4.173168161068114,0.07203801334960214,0.07259528678378693,4.248450113349603,4.245763447851901,2
2.082398207540301,4.177864213779593,4.174540958892414,0.07197807301748337,0.07258658639572302,4.249842286797076,4.247127545288136,2
2.085057719938181,4.1791716,4.175594520254026,0.07210954183288949,0.0725778860076591,4.25128114183289,4.248172406261685,2
2.0877172323360615,4.1807952,4.176648081615638,0.07210880000000008,0.07256918561959519,4.252904000000001,4.249217267235234,2
2.0903767447339416,4.1820941,4.177701642977251,0.07203377375406284,0.07256048523153127,4.2541278737540615,4.2502621282087825,2
2.093036257131822,4.1835551,4.178925700676765,0.0720749469248423,0.07255178484346735,4.255630046924843,4.251477485520232,2
2.0956957695297023,4.1849479711730355,4.180290632435505,0.07194650000000014,0.07254308445540343,4.256894471173036,4.252833716890908,2
2.098355281927583,4.186406452683055,4.181655564194245,0.07194650000000014,0.07253438406733952,4.2583529526830555,4.254189948261584,2
2.101014794325463,4.1877756,4.183020495952985,0.07186991545701436,0.0725256836792756,4.259645515457015,4.255546179632261,2
2.1036743067233434,4.1892366,4.184393516075157,0.07197995566211263,0.07251698329121169,4.261216555662113,4.256910499366368,2
2.1063338191212235,4.1906977,4.1857687738790625,0.07178410000000035,0.07250828290314777,4.262481800000001,4.258277056782211,2
2.108993331519104,4.192076759151044,4.187144031682969,0.07184105393887577,0.07249958251508386,4.26391781308992,4.259643614198053,2
2.1116528439169846,4.193525968891888,4.188519585655317,0.07178410000000035,0.07249088212701994,4.265310068891888,4.261010467782336,2
2.1143123563148647,4.195043986134093,4.189910409122837,0.07165071005678768,0.07248218173895603,4.26669469619088,4.2623925908617935,2
2.1169718687127452,4.196394074743009,4.191301232590358,0.07176932303925007,0.07247348135089211,4.268163397782259,4.26377471394125,2
2.1196313811106253,4.1978407,4.192692056057878,0.07162200000000007,0.0724647809628282,4.2694627,4.265156837020707,2
2.122290893508506,4.1993017,4.19407931339168,0.07162200000000007,0.07245446662172503,4.270923700000001,4.266533780013405,2
2.124950405906386,4.1996264,4.195456138668401,0.07293614001461979,0.07243943096292797,4.272562540014619,4.267895569631329,2
