x_plot,U_an_meas,U_an_model_lit,U_an_model_msmr,minus_dVdx_meas,minus_dVdx_lit,minus_dVdx_msmr
0.0,0.8633,0.8633,0.8633,21.591936947481905,21.923475597704687,62.370939021904675
0.0012515644555694619,0.8633,0.8370545548071707,0.7591683564152222,22.088112489592074,20.50265337737291,50.02271995907488
0.0025031289111389237,0.8008543566726817,0.8116375070245584,0.7288684856899982,22.215035308194814,19.203135760605516,39.62578387609796
0.003754693366708386,0.7557174847896796,0.7874145777996593,0.7049816099216561,22.023079606411738,18.0162661660637,30.986567520641774
0.0050062578222778474,0.7194889918115234,0.7648674122698524,0.684786735529912,21.559879436069103,16.93371639597477,23.920602562075743
0.006257822277847309,0.6916207898804991,0.7436908900722496,0.6664966769320146,20.870328697697794,15.947486636132162,18.25251559147089
0.007509386733416772,0.6685013737948791,0.7240924592645214,0.6499101258004396,19.996581140533355,15.04990545589543,13.8160281215998
0.008760951188986232,0.6478328384227978,0.7064430451080607,0.634321829987644,18.978050362515962,14.233629808190258,10.453956586936677
0.010012515644555695,0.6287604305089625,0.6897098965611979,0.6198050132544943,17.85140981029044,13.491645029508447,8.01821234365724
0.011264080100125157,0.611475536041569,0.6740105946362369,0.6060517348586946,16.650592779206246,12.817264839907928,6.3698016696388535
0.012515644555694618,0.5961704153233752,0.658847162536548,0.5930129671430467,15.406792413317492,12.204131343012747,5.378825764460444
0.01376720901126408,0.5816965256570699,0.6442080302234874,0.580218988806812,14.148461705382925,11.646215026013081,4.92448074940247
0.015018773466833543,0.5685941188986217,0.6300406292206131,0.5680649244858623,12.901313496865928,11.137814759665229,4.8950576674470625
0.016270337922403004,0.5554917121401736,0.6164533455232978,0.5562287971483797,11.688320477934543,10.673557798291608,5.187942483277823
0.017521902377972465,0.543244446152474,0.6029550632466903,0.5448439810071369,10.529715187461434,10.248399779780765,5.709616083280068
0.01877346683354193,0.5322868986232773,0.5903747756909999,0.5338001049812354,9.442990013023925,9.857624725587367,6.375654275540583
0.02002503128911139,0.5210218044908781,0.5780845499781114,0.5228011422880477,8.442897190903974,9.496845040732204,7.110727789847758
0.02127659574468085,0.5107401781999055,0.56616857279582,0.5122487279972292,7.541448806088173,9.162001513802192,7.848602277691597
0.022528160200250315,0.5008705735090252,0.5548685741744961,0.5018400861281053,6.747916792267771,8.849363316950367,8.53213831226369
0.023779724655819776,0.490944500411188,0.5436221731375125,0.49190272705825877,6.068832931838664,8.55552800589589,9.113291388457135
0.025031289111389236,0.48251636618987914,0.5331415964439884,0.48230074196929024,5.5079888559883905,8.27742152005457,9.553111923017
0.0262828535669587,0.47368218547758406,0.5227933004042897,0.4732111736515785,6.597883672156231,8.067748611612593,8.151379992297297
0.02753441802252816,0.46538003420942664,0.512821936427019,0.4640932863941555,7.089635167923692,7.840467783276804,6.8575320679616585
0.028785982478097622,0.45731176303712784,0.5032838114846483,0.4557614238359269,6.606355957576813,7.594617420863877,6.466608079008784
0.030037546933667086,0.44967559726471795,0.4939020695411298,0.4480390969615994,6.211412346036335,7.335118580027847,6.129542376618642
0.03128911138923655,0.4423351579869855,0.48530405770816326,0.4407368617831616,5.878241949300203,7.069768826919041,5.82177052539849
0.03254067584480601,0.4351141925793257,0.4765584215348591,0.4337763672002487,5.623141734664154,6.795396700732001,5.534744319907432
0.03379224030037547,0.42847572332110334,0.4680660982418061,0.42742101242508856,5.406014958976369,6.535918298871797,5.268572256446914
0.03504380475594493,0.4219145356285032,0.46029078360568126,0.42128929790867653,5.192513725819694,6.300052406842452,5.022005850812304
0.0362953692115144,0.41542660200250126,0.45256854848982553,0.41550299453904177,4.968821394639269,6.075596572301929,4.799349282127635
0.03754693366708386,0.40937539862327715,0.4448670467189959,0.4098701383174684,4.762089821153195,5.865605326186833,4.605934171545498
0.03879849812265332,0.40365840003101766,0.4377840360324377,0.40445561277136916,4.581776194626356,5.665521425445684,4.430771268499801
0.04005006257822278,0.39790857815157293,0.43103286950289366,0.3992895517194479,4.418528443526245,5.474162310321484,4.27502368412552
0.04130162703379224,0.3925745711926555,0.42423640347633473,0.3938985578909242,4.2592358951406855,5.291271847005425,4.14291197005754
0.0425531914893617,0.386946942862901,0.4175735985167376,0.3886563169526846,4.093206897137591,5.106743802036051,4.029496901032999
0.04380475594493116,0.3822955053817254,0.4112356676208895,0.38367023686086893,3.9461335284748866,4.930880108695874,3.9335484606579447
0.04505632040050063,0.3774545426783461,0.40521951332905437,0.3786615146009757,3.8027038338826027,4.764776773174622,3.8462828058555902
0.04630788485607009,0.37280214411903817,0.3995669808060367,0.37373277939856503,3.6585688692891116,4.600594747557025,3.7628667230611814
0.04755944931163955,0.3683105143929897,0.39372456011862456,0.3687268019890924,3.5270607077925127,4.446218162824531,3.678250706664564
0.04881101376720901,0.3639430454735069,0.38808200324379477,0.3642815474170081,3.3881049707875994,4.291427372581836,3.5917860439277374
0.05006257822277847,0.3599089098873575,0.38291178755124256,0.35955592535531433,3.2632114322949652,4.142505346818445,3.5010380212548844
0.05131414267834793,0.35585009768499054,0.37786019497735235,0.3550029941891784,3.1504592991950804,3.999648700798817,3.4028931435554988
0.0525657071339174,0.3519713720783715,0.3730509773328656,0.35087682000965514,3.033636908777768,3.855308227958377,3.287973378975716
0.05381727158948686,0.34815617149632605,0.36821940996668734,0.34677534583601627,2.9220775578117086,3.718796749570277,3.1577095217700855
0.05506883604505632,0.3447520768257326,0.36370710567900455,0.3428851668609515,2.8182449628709376,3.581772206441956,3.0226427209919993
0.056320400500625784,0.34120419881995195,0.35931150467136036,0.3393361817821472,2.7153760085142467,3.453143533344614,2.8808737945597698
0.057571964956195244,0.3378867025646562,0.35495888262966835,0.33585360073562254,2.6061958792587068,3.3328152710575307,2.732554370857049
0.058823529411764705,0.3346688627450968,0.3509847026507324,0.3326719728175343,2.5095097682287664,3.2043309702855076,2.5852385090353125
0.06007509386733417,0.3314287128078321,0.3470069537338214,0.32951720491147174,2.4229385908807535,3.082373185060617,2.443115562997981
0.061326658322903634,0.3282295590858704,0.3431153659452653,0.32670212026886436,2.3336188311526938,2.9709000803283105,2.304661811494854
0.0625782227784731,0.32567955547357447,0.3395866616576291,0.32395663108928696,2.2463222396151514,2.8564744623002847,2.171616687822434
0.06382978723404255,0.3230221856968363,0.33603732523608504,0.3212755926341121,2.1661884617901173,2.743649294334425,2.046900202547423
0.06508135168961202,0.3203000258729698,0.332742147781615,0.3189067628892595,2.0869374507277407,2.641414024265668,1.9368656933120498
0.06633291614518148,0.31775454262272135,0.3293845758128589,0.3165243725025754,2.009210995449192,2.5431432664691647,1.8352414761987497
0.06758448060075094,0.31525860700875963,0.32635229627720447,0.3143017939957846,1.9260588560151541,2.4420422745935,1.738201594975417
0.0688360450563204,0.31286510471422496,0.32339837558257467,0.3121087593772478,1.8481522775588202,2.34235231205283,1.6544899005462095
0.07008760951188986,0.3106037607955882,0.320441377382352,0.3101335420784609,1.7808816739080806,2.24856639542999,1.58200536943308
0.07133917396745933,0.3084976357947422,0.31778098334567584,0.3080772720001603,1.7101069608854118,2.163985261393143,1.5164955021135198
0.0725907384230288,0.30635488522740517,0.315063553353907,0.30626704892036927,1.642567872161096,2.0801681819088778,1.4542949914567864
0.07384230287859825,0.304386561519718,0.3124893910354896,0.3044879057391709,1.5773679614439882,1.9905805125877423,1.4016886346086879
0.07509386733416772,0.3024065401824727,0.3101023969193164,0.30272897848194297,1.5161937508547165,1.9050130888444445,1.355126863865908
0.07634543178973717,0.30053626606075523,0.3076490201148618,0.30105229358565944,1.4572347367632439,1.8255018510335728,1.3047693196604109
0.07759699624530664,0.29878196871088747,0.305507924113958,0.2994813274596668,1.3997918714467044,1.7506821491802047,1.2609106406884931
0.07884856070087609,0.2970490141166148,0.3033563544235876,0.29792019664122815,1.345204074855333,1.6775120669314187,1.2215805053579964
0.08010012515644556,0.29540636313606977,0.3012556467407796,0.29635192442188457,1.2980367730124842,1.6064887183976142,1.1815017201846352
0.08135168961201503,0.2934916823051887,0.2993506600191876,0.29491707087080254,1.2551747850038686,1.5406658076032458,1.1458937510960554
0.08260325406758448,0.29213844679139417,0.29747339851135046,0.29352956738609975,1.2073277227707755,1.4747007253079214,1.1129085339829659
0.08385481852315395,0.2908190290804672,0.29558366092771293,0.29218186586035283,1.159069213235763,1.4130860602146287,1.0818797650358003
0.0851063829787234,0.28939521652064976,0.2939027206525507,0.2908478821466607,1.1089263302264707,1.3561736686833217,1.051921796026492
0.08635794743429287,0.2880767305523773,0.2922864997039152,0.28948725617479965,1.0547265951777005,1.2977907133095776,1.0238515217284556
0.08760951188986232,0.2867355679576958,0.2906938811092463,0.2882114293407387,1.0137839827913468,1.2442952913442757,0.9994759869313561
0.08886107634543179,0.2854578464150245,0.28906659514094357,0.28699630864634373,0.9874216408567793,1.195195638270985,0.9736247300519434
0.09011264080100126,0.28424497133917304,0.28763213503988183,0.28580878398652165,0.952487776278831,1.1489191131316576,0.9506298876548819
0.09136420525657071,0.2830547582795106,0.2862472253749317,0.28464638747452875,0.91662255509476,1.1042104251276799,0.9303099218584162
0.09261576971214018,0.2819313545340758,0.284916145621135,0.28350859679854906,0.8839087560236791,1.0620221383352648,0.9100228252139202
0.09386733416770963,0.2808311357378533,0.28362565459395944,0.28239165830811863,0.8494340869049672,1.0260909486964245,0.8901306742323779
0.0951188986232791,0.2797435636703638,0.2823751518763157,0.28128037204824125,0.8205716526444116,0.99054640326838,0.8720318377404904
0.09637046307884857,0.27872597535380694,0.281142759062763,0.2802042181631788,0.7964320946598485,0.9588912640154367,0.853894838934723
0.09762202753441802,0.2777860747355214,0.2799671146648526,0.27913390688716694,0.7724124403796016,0.9307056056616427,0.8360552649638519
0.09887359198998749,0.2768186292866075,0.27879193909311323,0.27805244646043864,0.7497594769085538,0.9024726018306156,0.8214909096414125
0.10012515644555695,0.27587061942255087,0.27764318774353647,0.2770413664528503,0.7343426560642115,0.8785332045479113,0.8064996735172464
0.10137672090112641,0.2750063117422735,0.27656901568920883,0.27604912692337213,0.7204706126285279,0.8551676587944486,0.7914568839803117
0.10262828535669587,0.2742236966313078,0.2755191591165305,0.27507315274520633,0.7034371495251787,0.8343572170513203,0.7782993611732312
0.10387984981226533,0.27339637084778384,0.27449085388248995,0.2741127193936248,0.6864411449946868,0.8181274192127964,0.7663151207894489
0.1051314142678348,0.2725498085993534,0.27348298631405044,0.2731671291860273,0.6755316366861459,0.8015181872986834,0.7529396181085832
0.10638297872340426,0.27160787754325494,0.27249223841409514,0.27223571251333883,0.6632638346912361,0.7874509002203294,0.7399677261402207
0.10763454317897372,0.2706010679182304,0.2715170240983358,0.2713178260623721,0.6511358750336299,0.7767779870536797,0.7291312858058534
0.10888610763454318,0.26979424080100056,0.27055408452776764,0.27041285222118594,0.6462742282928173,0.7662746826617278,0.7194351464039745
0.11013767209011265,0.2690302644597114,0.26960153174785617,0.2695201993797491,0.643073352976346,0.7577285513832781,0.7101765097205825
0.1113892365456821,0.26837518868606924,0.2686575181495487,0.2686393010073656,0.6422098482496972,0.7529087426349003,0.6996361941554551
0.11264080100125157,0.2677070671896937,0.26772036218990325,0.2677696150052603,0.6394339064168655,0.749574068354393,0.6892214641983394
0.11389236545682103,0.26685039849812153,0.26678851373840196,0.2669106229599105,0.6331813939204566,0.7446144906098109,0.6806427692865377
0.11514392991239049,0.26585036911758847,0.26586049938905765,0.266061829549162,0.6271316872099704,0.739999429341472,0.6727310045078165
0.11639549436795996,0.26521739324331006,0.2649349332597625,0.26522352063975335,0.6241291899554109,0.7381390516364019,0.6651889575750998
0.11764705882352941,0.2642895081010282,0.2640106614770696,0.2643947945764833,0.6241592649207541,0.7373662099036503,0.6583156427181277
0.11889862327909888,0.2636113026708863,0.26308646868957153,0.2635749627656309,0.6214975245649226,0.7376356571025918,0.6520982011617342
0.12015018773466835,0.26286613007926496,0.26216133427284044,0.2627636021757422,0.6132744636414259,0.7384199506367427,0.6459470914513815
0.1214017521902378,0.26205930296203506,0.2612344035233393,0.26196031041013423,0.6065013167269786,0.7391601433912205,0.6399685362218035
0.12265331664580727,0.26128422999545564,0.2603047955691582,0.2611647046919546,0.602003391694415,0.7414244027929853,0.634167204145405
0.12390488110137672,0.2605867044061958,0.25937193675326625,0.26037642149027507,0.5961365901131876,0.7450782281406619,0.6273629157072441
0.1251564455569462,0.25991698253463724,0.2584352547723993,0.25959511619665515,0.5900990757049772,0.7479223046356446,0.6204991762287384
0.12640801001251564,0.2589644354527082,0.25749427956304466,0.2588213770356414,0.5830326378742274,0.7507987663840405,0.6145353726399596
0.1276595744680851,0.25814106961714667,0.25654861647737454,0.25805450961611665,0.5786147567662931,0.7536605262980046,0.608822334400304
0.12891113892365458,0.2575027383651137,0.2555979319182438,0.25729363992463306,0.5788190479225953,0.7561341171525215,0.6032918847026726
0.13016270337922403,0.25694675460635524,0.2546420070943392,0.2565384800808539,0.5813702657480774,0.7597298549625507,0.5977577713777225
0.13141426783479349,0.25624031383439244,0.2536837449890797,0.2557887580189546,0.5831403039481722,0.7644259209965173,0.5924498000549158
0.13266583229036297,0.2554645255736328,0.2527554055269704,0.2550442167829254,0.5811700993815432,0.7689983218063287,0.5879185064779487
0.13391739674593242,0.25475254078336224,0.25181829237267656,0.2543060175676325,0.57017720389866,0.7726153838934866,0.5841489000284793
0.13516896120150187,0.2541381789862029,0.25084029770327804,0.2535751840924219,0.5559669040573779,0.7756331257276563,0.5806943493831674
0.13642052565707136,0.25336984338570767,0.24987291341770607,0.2528661429913366,0.5531755181206027,0.7795148929130039,0.5772817360531528
0.1376720901126408,0.25257055043804666,0.2488988212989085,0.2521705185357016,0.5602390404209866,0.7835065847823264,0.5738935909186319
0.13892365456821026,0.2518619828280472,0.24790699470112243,0.251449697160628,0.5676706029738009,0.7872283908353802,0.5705562295403953
0.14017521902377972,0.25121767215269014,0.24690754866280118,0.2507335374696925,0.5695671319916312,0.7912996719344544,0.5671970978000829
0.1414267834793492,0.25061255181476777,0.24590311222779002,0.2500287208831983,0.571853102401198,0.7951933601165467,0.563803345202654
0.14267834793491865,0.249856974361305,0.24489372953447863,0.24932932947694528,0.5704405173077202,0.7983369147272886,0.5606246329976224
0.1439299123904881,0.24901901823344338,0.24387974417860372,0.24862710847754801,0.565679631096771,0.800777777743319,0.5579895193989014
0.1451814768460576,0.24829719080100052,0.24286387764527306,0.2479250776816522,0.5651755777761016,0.8035585703023315,0.5558967345155944
0.14643304130162704,0.2476881789859786,0.2418736032373195,0.2472257516242954,0.5638990006464605,0.8060950584890778,0.5540818389014328
0.1476846057571965,0.2468994313149609,0.24090885504705178,0.24652900936119587,0.5621424746802449,0.8079053217220533,0.552306597032693
0.14893617021276595,0.24622567326406547,0.23990036044301874,0.24583471861025843,0.5623973993600635,0.8098230618261526,0.5504195571853011
0.15018773466833543,0.2455089743182144,0.2388695536124529,0.24514361756046035,0.5656440811276973,0.8114773435282077,0.5483905269417495
0.15143929912390489,0.24477158911138847,0.2378351154695659,0.24445470972650316,0.5650093239140342,0.8125090903130886,0.5460894722455547
0.15269086357947434,0.24416646877346607,0.236798409555948,0.24376772248766662,0.5617911483767369,0.8131975057837613,0.5440256371745081
0.15394242803504382,0.24354031901300843,0.23580228503635903,0.24308271051165406,0.5577752597081154,0.8133904249015912,0.542584135956555
0.15519399249061328,0.24287503176722358,0.2348189149162853,0.24240384059017978,0.5518017358126344,0.8129873647436685,0.5413946402285634
0.15644555694618273,0.24213481034626508,0.23379623896087326,0.24174535643892345,0.5464723954550587,0.8118348605428165,0.5397725026383998
0.15769712140175218,0.24132798322903523,0.23275397486027455,0.24109188441974305,0.5395944150270682,0.8104880538638701,0.537923285485342
0.15894868585732166,0.24033844342480587,0.2317156586499163,0.24042714812382707,0.5334644699821097,0.8097354159956454,0.5364139331721666
0.16020025031289112,0.23988517229683295,0.23071550752126627,0.23975218600135842,0.5317875357212163,0.8089200303790154,0.5348559966638063
0.16145181476846057,0.2394306264080092,0.22972867434545868,0.23907624285559184,0.5311206254892363,0.8080718653433057,0.5335718765836928
0.16270337922403005,0.23882550607008676,0.22870130843969697,0.23840072584897246,0.5274077218844003,0.807486530686865,0.5329725341998524
0.1639549436795995,0.23818397924220044,0.2277110910086393,0.2377261003074166,0.5240554644124902,0.8057661344198378,0.5322219891312927
0.16520650813516896,0.23748702052565596,0.2267003616752844,0.23705212426701383,0.5239265128572413,0.8026246622582248,0.5310635825620736
0.16645807259073842,0.23668019340842608,0.22568571754568154,0.23638687896696625,0.5293299123498064,0.7995912119714654,0.5304182933412455
0.1677096370463079,0.23593779274006815,0.2246649541117882,0.23573243854998932,0.5348185793213737,0.7956170681593581,0.5304154295031407
0.16896120150187735,0.23529990438047474,0.2236753444715136,0.23508198514397183,0.5313861915597863,0.7898547161059932,0.5304788721372324
0.1702127659574468,0.23469478404255234,0.22269498960629483,0.2344224229965222,0.5233437706274923,0.7834690743946321,0.5301732613714698
0.17146433041301629,0.23408966370462994,0.22168982460310574,0.2337554239914136,0.519540697524206,0.7801641995521531,0.5302133348912805
0.17271589486858574,0.23348454336670751,0.22071470701899,0.2330820788622699,0.5169348873260013,0.7826125503138144,0.5307661258563194
0.1739674593241552,0.23287942302878512,0.21974793001258044,0.23240824168840635,0.5143580449955226,0.7865078985878549,0.5309530706816328
0.17521902377972465,0.23227430269086272,0.2187669496311196,0.2317363785873517,0.5139054196555861,0.7893504166763661,0.531265768893585
0.17647058823529413,0.23166918235294032,0.21780367542363518,0.2310700703344564,0.5204547239702957,0.7912559203167328,0.5316720206811193
0.17772215269086358,0.23099304508166899,0.21684477843874966,0.2304247021446112,0.5209312597488879,0.790644069133324,0.5318126281013806
0.17897371714643304,0.23005710553323977,0.21588732100405428,0.22976632827665944,0.5124653666899968,0.787144244203366,0.5320096703796751
0.18022528160200252,0.2293577010707422,0.21493603060172614,0.22909790812668054,0.5153631660780145,0.7806428146264566,0.5320668958207171
0.18147684605757197,0.22874870100125066,0.2139859082554164,0.22841955009938208,0.5237202243886611,0.7693514839268982,0.5324941956380592
0.18272841051314143,0.22814358066332827,0.21305180674113572,0.2277667025420183,0.5275596787052107,0.7519112826743257,0.5336486524464116
0.18397997496871088,0.22753846032540584,0.21214926565760864,0.22710067186474922,0.5209280951006001,0.7284748344708787,0.5348800861473687
0.18523153942428036,0.2269333399874834,0.21125821055490643,0.22642490665989923,0.5106499343871338,0.7003012778566383,0.5358485074039501
0.18648310387984982,0.226328219649561,0.21037036077217905,0.22574969476844733,0.50925967900928,0.6686041492400493,0.5368425435920089
0.18773466833541927,0.22572309931163861,0.20948579073857743,0.22506833833315343,0.5146662435826252,0.6324084747423624,0.5380968975275721
0.18898623279098875,0.2251179789737162,0.20861408324082314,0.2243906371221918,0.5220627737116876,0.5923150242516109,0.5394524859686713
0.1902377972465582,0.224501163342873,0.2078097278170507,0.22371802097891735,0.531002384889052,0.5496066609979566,0.5407695207978781
0.19148936170212766,0.22386417427208075,0.20706663085001167,0.22304901329462776,0.53783766617776,0.5046011206299773,0.5420224966633231
0.19274092615769714,0.22307015727993193,0.2063424868592353,0.2223653557552227,0.5348528556115923,0.45816935142582954,0.5428586813013483
0.1939924906132666,0.222268229936035,0.2057637062552365,0.22167723966191377,0.5292044249445784,0.411422455588482,0.5437619439558035
0.19524405506883605,0.22159237728410414,0.2053225108866382,0.2209912795020676,0.524571372261804,0.3658020989554677,0.545579176381155
0.1964956195244055,0.22098725694618174,0.2050557298184047,0.22032594513181353,0.5185340158790004,0.32183283098000265,0.5469265181870908
0.19774718397997498,0.2203821366082593,0.2047889487501712,0.21963086903452517,0.5173193296183427,0.28060554796448384,0.5475779520767203
0.19899874843554444,0.21977701627033694,0.20452216768193773,0.21893589144660613,0.5203902731517887,0.24303442205615655,0.5468041878057375
0.2002503128911139,0.21917189593241454,0.20433388626794216,0.21825512239812397,0.5251732078244202,0.20930768782953113,0.547093518566526
0.20150187734668337,0.21856677559449209,0.20414584410336212,0.21755193806254286,0.5309330303423838,0.18050620043011278,0.5518234288035891
0.20275344180225283,0.21735938579555802,0.20395780193878207,0.21685896094533452,0.53638514516648,0.15698795356986292,0.5588313252444382
0.20400500625782228,0.21696245165025124,0.20376975977420203,0.21616075209648555,0.5346816072484128,0.1385220477861135,0.5667523074449781
0.20525657071339173,0.2165655175049445,0.20358203697890925,0.21545220887765837,0.5290285915484659,0.1254691916934353,0.5749336274107373
0.20650813516896122,0.21586172565706999,0.2033968764179593,0.21474900287882842,0.5271616436414628,0.1176044648628384,0.5820778112528878
0.20775969962453067,0.21511338796475124,0.20321171585700937,0.21403491604770894,0.5270619196224556,0.11510345440971953,0.5875912702144457
0.20901126408010012,0.21434716954542687,0.20302655529605942,0.2133225458862921,0.5275130678620941,0.11805855387910297,0.5906530298564979
0.2102628285356696,0.21358090708062413,0.20284139473510948,0.21261607874538027,0.5281003933746067,0.1256882588425438,0.5899392350899973
0.21151439299123906,0.2131212092979295,0.20265345270869842,0.21191739774947904,0.5294235761024122,0.136862135359114,0.5851186394760111
0.2127659574468085,0.21262069255319044,0.20244958162102156,0.21121345330336355,0.5305180578231034,0.14945681903817487,0.5759178972435569
0.21401752190237797,0.212015572215268,0.20224571053334467,0.21050546561665387,0.5315380739969756,0.16156845375357332,0.5623732578948987
0.21526908635794745,0.21139832989333093,0.20204183944566778,0.2097932925219258,0.533247987241191,0.172605281123575,0.5449398949418782
0.2165206508135169,0.21061066307884638,0.20183796835799092,0.2090773268363064,0.5346201217018328,0.18194574913141154,0.5237761382036217
0.21777221526908636,0.209711285787903,0.20161564823392844,0.2083650802899926,0.5311720770030475,0.18800807585483292,0.49876822383423347
0.21902377972465584,0.20908987378051475,0.20138303562120607,0.2077034421728393,0.520876024760162,0.1922809681359923,0.470263002510273
0.2202753441802253,0.20832892733360753,0.2011504230084837,0.20706000412489375,0.508197313884086,0.19706969545355912,0.4394845368200156
0.22152690863579474,0.20778166038046292,0.20091781039576131,0.20642142414495437,0.49581421160133454,0.20444342259113557,0.407507236408395
0.2227784730913642,0.20727939384975802,0.20065390023521676,0.20587700842075873,0.482948016757308,0.2137525009968747,0.3741603432782697
0.22403003754693368,0.2066746095118887,0.20037605902264782,0.2053907656700591,0.4690350480915769,0.22192766152466495,0.3400093620603868
0.22528160200250313,0.2060694891739663,0.20009821781007892,0.20511974607026429,0.4545833678507326,0.23063695195180886,0.3070524987490845
0.2265331664580726,0.2054643688360439,0.1998021146917355,0.2048487264704695,0.440261185786601,0.24066597840089388,0.2752927710972282
0.22778473091364207,0.20492618591109565,0.19947684805920174,0.20457770687067472,0.41200791830304445,0.2508784011025847,0.2448691214192292
0.22903629536921152,0.2044127025873135,0.19915158142666797,0.2043659958353921,0.38118822311347966,0.26106096974855403,0.2175965636622217
0.23028785982478098,0.20396715234630097,0.19881803758123248,0.2041698530183506,0.3642802738474422,0.27111168732520374,0.1934181747758073
0.23153942428035043,0.20353323504397086,0.19847799839968333,0.20397371020130908,0.34557581349837857,0.2810559069736564,0.17234831494374186
0.2327909887359199,0.20315170772750127,0.19813795921813418,0.20377756738426756,0.32148468772220257,0.2910229911318876,0.1551724282349742
0.23404255319148937,0.20277018041103168,0.1977705737378918,0.20358166451581977,0.29472973963003724,0.3009734605941834,0.14206553475729614
0.23529411764705882,0.20243451766785947,0.19739867254274615,0.20338774865862932,0.2657069056139616,0.3107942814126656,0.13376386206818575
0.2365456821026283,0.20211228616276716,0.19700616200366536,0.20319383280143885,0.24240203633354304,0.32033073064977186,0.13055428453305054
0.23779724655819776,0.20179005465767488,0.1965811066386391,0.20299991694424838,0.2278662416451185,0.32928205380035136,0.13193774309020695
0.2390488110137672,0.20152585880485316,0.19615010733516078,0.20280600108705793,0.2249269711878803,0.3378961177625607,0.1375394555046304
0.2403003754693367,0.20126656412006916,0.19569876648663492,0.20260495524702637,0.2175165801572549,0.3462560325653797,0.14615348480644155
0.24155193992490614,0.20100726943528513,0.19525157110101737,0.20239174917262834,0.1975224507340058,0.3543012824875603,0.15642716466265136
0.2428035043804756,0.20076283797929184,0.19482200024118604,0.20217854309823027,0.17866041818055622,0.36238831746799477,0.16707961323344528
0.24405506883604505,0.20054279422004734,0.19439043661383495,0.20196533702383224,0.1669749868490174,0.37019235229196257,0.17763590211015873
0.24530663329161453,0.2003227504608028,0.19392220525609719,0.20175036765674262,0.16399153760631374,0.3775532297295941,0.18807668491728202
0.246558197747184,0.2001027067015583,0.19345157849779626,0.20150785984868147,0.16596882215778375,0.3844759986812535,0.19702922087983893
0.24780976220275344,0.1998826629423138,0.19295651403994135,0.2012653520406203,0.17465948633829767,0.39085001621455423,0.2043595993565832
0.24906132665832292,0.19966261918306927,0.19246014331976216,0.20102284423255914,0.1862762095186831,0.39709641693905395,0.2102187671816767
0.2503128911138924,0.19944257542382476,0.19195948106940341,0.20076798064137197,0.19720379248308542,0.4035757017174968,0.21767688249361272
0.25156445556946183,0.19922253166458026,0.19145178341931698,0.20047995320768588,0.20128062156331736,0.40995266022212,0.22742337004000987
0.2528160200250313,0.19900115277882113,0.1909334525630651,0.20019192577399983,0.2018496545252622,0.4154346490778077,0.23652775002587986
0.25406758448060074,0.19873276638575652,0.19040764357310067,0.1999000187221238,0.207375243472938,0.42019458132062126,0.24598516211022534
0.2553191489361702,0.1984643799926919,0.18987735872100675,0.1995643706808374,0.21610661077126303,0.42477041034959856,0.25643735849431243
0.2565707133917397,0.19819599359962725,0.18934342261884293,0.199228722639551,0.22819938997192477,0.4293452064059686,0.2671749135171801
0.25782227784730916,0.19790916498253355,0.18880666835474127,0.1988875036027245,0.24145982514023395,0.43429664678532987,0.2778108164040639
0.2590738423028786,0.1976102552397591,0.188258577520825,0.1985356646698808,0.24881017027763594,0.4389380212756935,0.2885476824296134
0.26032540675844806,0.19731134549698462,0.18770376976867925,0.19818382573703708,0.2534774355010876,0.44289126813670177,0.29938333918048576
0.2615769712140175,0.1969923244637546,0.1871421686341086,0.19780772999416674,0.2627754359076439,0.446943695684132,0.3101040818296367
0.26282853566958697,0.19665549517715056,0.1865840272191803,0.19742278335979385,0.27770409699070536,0.4511492971293556,0.32057498118790334
0.2640801001251564,0.19631866589054653,0.1860226496547181,0.1970190986460466,0.29270720269526507,0.455216104315877,0.3309345052908622
0.26533166458072593,0.19531623122951602,0.18544727986069806,0.19657997109441927,0.301141926696256,0.4576200489228792,0.3413223984967246
0.2665832290362954,0.1950824421328936,0.18487776701123831,0.19613359746999992,0.309818715083289,0.4589527421250769,0.3511368522723409
0.26783479349186484,0.19484865303627116,0.1843118986163031,0.19566588752499986,0.32411936615449055,0.46161839563512463,0.3605972408330425
0.2690863579474343,0.19461486393964875,0.18371891379558056,0.19520348557958056,0.3416031922710748,0.4659586392356744,0.37033922531718644
0.27033792240300375,0.19435095240284841,0.1831202693296317,0.19475413906526826,0.3611284340483927,0.4701626932226544,0.38023677361258246
0.2715894868585732,0.19390692601945722,0.1825147807058141,0.1942946316811167,0.38170391747610105,0.4734716953545652,0.38914591810525756
0.2728410513141427,0.19345629812016152,0.18193694050420903,0.19380369485065382,0.40273802451898877,0.47657013445691554,0.39716016118959624
0.27409261576971217,0.19292310410557487,0.18135386804722636,0.19330145815049266,0.4234308035610105,0.47959913038876023,0.40576820812336334
0.2753441802252816,0.19226284124166598,0.18075572520764607,0.19278020948567193,0.44336308722307793,0.4827922522072566,0.4149905528940506
0.2765957446808511,0.19150980207736967,0.1801473276484137,0.19225333063471783,0.4619694611262195,0.4859882713751903,0.4237438801247225
0.27784730913642053,0.191052823271093,0.17953576081924313,0.19172285366315395,0.4801997303990404,0.4892950853552883,0.4318596905601464
0.27909887359199,0.19054931464330271,0.17892294602647643,0.19117332100585926,0.498341974168108,0.49288162917158784,0.4400643612608732
0.28035043804755944,0.18994419430538032,0.17830862583085347,0.19061770720630972,0.5155501674716272,0.4966436059501822,0.4479015874618738
0.28160200250312895,0.18931188406965094,0.17768839876397619,0.19004948560172724,0.5319738106476825,0.5000787782250381,0.45521384283820987
0.2828535669586984,0.1884757977252448,0.17705510156845586,0.18947655507033356,0.5487206277511387,0.5034295826755042,0.4620216744896871
0.28410513141426785,0.18762883329161306,0.1764062178044624,0.1889004060053155,0.5580419366371927,0.5067784691254761,0.4680229561328635
0.2853566958698373,0.18702371295369064,0.1757677610887239,0.18830621328114322,0.5584250585677047,0.5096684876032276,0.4741747501571894
0.28660826032540676,0.1864185926157683,0.1751464755169501,0.187703818537901,0.5616876924515539,0.5118444004791625,0.4815094173075148
0.2878598247809762,0.18572500750483398,0.17451692265587238,0.18709163950406735,0.5674380171963996,0.5133480050727377,0.4885226984790042
0.28911138923654567,0.18478700577369608,0.17385769715737304,0.1864804497525311,0.5696291064874758,0.5144085249365417,0.4944059798969051
0.2903629536921152,0.18399176915599516,0.17318099995278563,0.18585907632966356,0.5505620309910074,0.514810402864856,0.5001699635115446
0.29161451814768463,0.18348108182459152,0.17256534947327268,0.18522530262635156,0.521936313348204,0.5148996339311642,0.5065546288190388
0.2928660826032541,0.1828929909261562,0.17193929706179886,0.1845991726011494,0.5039565113252157,0.5152668919601024,0.5123870829717078
0.29411764705882354,0.1822878705882338,0.17129852118591082,0.18395530774706467,0.48978077384955243,0.5153081092413918,0.5169513604507607
0.295369211514393,0.1816827502503114,0.17062277168257298,0.18329368116743186,0.4804474548561175,0.514592147609582,0.5218843969034428
0.29662077596996245,0.181077629912389,0.16996968123229364,0.18261790003185674,0.4735523552367874,0.5127648905858581,0.5276138063593341
0.2978723404255319,0.1804725095744666,0.16932416899637992,0.18196692515271393,0.4706016382933197,0.5106340084026783,0.533152644803472
0.2991239048811014,0.1798673892365442,0.168683419420174,0.1813131516222721,0.4712169900508638,0.5094953609506508,0.5383776030290977
0.30037546933667086,0.1792861246194455,0.16803960517001756,0.18064167038927703,0.46259954666501174,0.5091349667581789,0.5438201409458875
0.3016270337922403,0.17872571884855948,0.1674069951744275,0.17995402395837992,0.4464191631568971,0.5090084899038585,0.5494517067503041
0.30287859824780977,0.17824162257822157,0.1667827010818737,0.17926403516278397,0.4393105915788135,0.5089197974113417,0.5549242009572841
0.3041301627033792,0.1777517562932625,0.16616014819387484,0.1785719170868924,0.4429531502493852,0.5092353710237326,0.5599826901083773
0.3053817271589487,0.17724412201714326,0.16552473143129467,0.17787770579651385,0.45247480242868765,0.5102184085904553,0.5648479298999325
0.30663329161451813,0.17669412470759363,0.16488491578376627,0.17716144776061046,0.4664599955388593,0.5119778206431117,0.5692150346037921
0.30788485607008764,0.17608914314324486,0.16425700829290765,0.17642969536664618,0.4855855532882579,0.5142618208021977,0.5727522665785685
0.3091364205256571,0.1752504349621318,0.16361472913983152,0.17570851810771493,0.4866940645399173,0.5161326946792442,0.5755452814234493
0.31038798498122655,0.17473753195873146,0.1629623437156209,0.17500466420748823,0.4759039859948896,0.5183752034986899,0.5774719655328795
0.311639549436796,0.1742867983254703,0.1622992369961621,0.17429282472248322,0.48213377728890366,0.5225155072431442,0.578467902778384
0.31289111389236546,0.17359215197588757,0.16163329731197987,0.1735228008682263,0.49825405570925857,0.5282138988470396,0.5787795823425278
0.3141426783479349,0.17280792690863364,0.16096502484980987,0.17280313638001096,0.5120002665775405,0.5344584648941909,0.5787399427653263
0.31539424280350437,0.1720618589968902,0.16029447760700075,0.1721041014859686,0.5205043456689944,0.5402116658608542,0.5783327242319163
0.3166458072590739,0.17139570450563044,0.15962141877773678,0.1713916667662627,0.5316564996377832,0.5470135744627772,0.5769679462369288
0.31789737171464333,0.17079058416770804,0.15893558798155055,0.17063340012144873,0.5422623527686379,0.5556936687773562,0.5748343507532891
0.3191489361702128,0.17018546382978564,0.15823596773830897,0.16990317485931133,0.5471418496070364,0.5648141455466938,0.5723763224499749
0.32040050062578224,0.1695803434918632,0.1575205296976589,0.16918485210065184,0.5498824153976757,0.5731339423938576,0.5698885099255339
0.3216520650813517,0.16897522315394084,0.15678768667699264,0.168471371764773,0.5530854034229323,0.5803937370696939,0.5671419942691002
0.32290362953692114,0.1683244577429419,0.15607374274250452,0.16775791417333713,0.5571194447320229,0.5873973964584236,0.5644295668184421
0.3241551939924906,0.1674834743813292,0.15536085155450713,0.16706858568360655,0.5591100919252721,0.5935748406246995,0.5624558386637605
0.3254067584480601,0.1665580429350872,0.15463403155675418,0.16638291288713186,0.5543738528742603,0.5978491809583723,0.5608685535507218
0.32665832290362956,0.1660375499650529,0.1538823363570463,0.16569259617742277,0.5460640633366048,0.6005612240168732,0.5594653293256562
0.327909887359199,0.16544962146432873,0.15312751151220738,0.16499066065207088,0.540499414153987,0.601669385118029,0.5585179978813071
0.32916145181476847,0.16484450112640636,0.15236935307397217,0.1643079620067173,0.5384669770619623,0.600501495394806,0.5582041440677779
0.3304130162703379,0.16423938078848394,0.15160842938954774,0.16361392914323522,0.5389501189033831,0.5971222265445711,0.558411965929617
0.3316645807259074,0.1635012113628511,0.15084464520349694,0.16291017760503895,0.5411621828281181,0.5917677048134131,0.5592479696389413
0.33291614518147683,0.16270552015018552,0.1500779995934849,0.16219888076696057,0.545030441676,0.5850871996778171,0.5605719680404753
0.33416770963704634,0.16129366327681685,0.14931478884747565,0.16148885829717105,0.5446367934653262,0.5772219110691016,0.5625424312788612
0.3354192740926158,0.16094199269416443,0.14859878187830458,0.16078014621351763,0.5421969110035083,0.5680479730413489,0.5657572015027864
0.33667083854818525,0.16059032211151197,0.14788536514560624,0.16007273857495827,0.5444718427495882,0.5575763118498344,0.5699550489347814
0.3379224030037547,0.16010865876094948,0.14718620131066734,0.1593644249695178,0.5436423283874969,0.5467090018281482,0.573378430348034
0.33917396745932415,0.15950353842302709,0.1465023833172401,0.15864801181461907,0.5377975618041547,0.5367418423588189,0.5763859072633858
0.3404255319148936,0.1588210676086849,0.14583271398830888,0.1579171610657706,0.5323518520240649,0.5274711718446856,0.5806332361354298
0.34167709637046306,0.15805773032957635,0.1451939278828214,0.15717563747077126,0.5296262783296668,0.518529602126407,0.5852744809403456
0.34292866082603257,0.15728591394222063,0.14456835264235773,0.15643992908311863,0.5307699221424664,0.5107661905673964,0.5882760076223812
0.344180225281602,0.1565830570713374,0.14395412329528665,0.1557198585622522,0.5338571463958703,0.5067715389108108,0.5895471411394619
0.3454317897371715,0.15597793673341503,0.14334599122890393,0.15500520213984975,0.5370032505883102,0.5051025229022528,0.5902027123234244
0.34668335419274093,0.15536097634140952,0.14274340033456065,0.15426695065753818,0.5408309209394531,0.49795768065779134,0.5896339888767756
0.3479349186483104,0.15469026141009362,0.14214892180141545,0.15352757525850166,0.5448722955598881,0.4904026407275193,0.5870589822644995
0.34918648310387984,0.15388343429286372,0.14152806729483602,0.15279152503968366,0.5442895040479807,0.492873577445055,0.583079000727828
0.3504380475594493,0.15307660717563382,0.14089925648997031,0.15205888800471587,0.5349183645670081,0.5059297925707105,0.5780689369060632
0.3516896120150188,0.15245809156447487,0.14026638309133205,0.15133042124041177,0.5273175620738058,0.5179426522047466,0.5713431355597036
0.35294117647058826,0.15184721470588056,0.13959243461057003,0.15060626104661068,0.5257836475687743,0.5246416131695584,0.5626886911880173
0.3541927409261577,0.15124209436795816,0.13891302781156983,0.14988586403099416,0.5247516701571224,0.5344401901007279,0.5529591548007742
0.35544430538172717,0.15063697403003576,0.1382294110050883,0.14918315425789208,0.5276988769710556,0.5478703957212816,0.542648884617627
0.3566958698372966,0.15003185369211336,0.13753239229732836,0.14851440516822917,0.5287105054267192,0.5618080990769064,0.5314937528323365
0.3579474342928661,0.14942673335419096,0.13681590217013118,0.1478545774619946,0.5215306159826157,0.5754258113208761,0.519655780773348
0.3591989987484355,0.14872623831573847,0.13608515498263257,0.14720982268842023,0.4979041354500745,0.5887037595401963,0.5075598519118868
0.36045056320400504,0.1479553235711281,0.13533988812224884,0.14657898913653447,0.47770057493638485,0.6016421480619663,0.49565502130066125
0.3617021276595745,0.14723341061796874,0.13458432732132555,0.14596629822876572,0.47723678199840125,0.6151115205503648,0.4841825233248233
0.36295369211514394,0.14660500160200102,0.13384047395064289,0.1453740332119146,0.47808942513490527,0.6276077158136364,0.4737218417479902
0.3642052565707134,0.1461209053316631,0.13307299297099381,0.14479579008213556,0.4750277140466036,0.6377196638329491,0.4647060180349572
0.36545682102628285,0.14563309170368058,0.13226749184998735,0.1442367696198141,0.47054734303925283,0.6445603751763633,0.4570794686646739
0.3667083854818523,0.1451268969049628,0.1314604588143041,0.14368159104712885,0.4669071017799721,0.6479623254412449,0.4503871158619471
0.36795994993742176,0.1445857706508117,0.13067591382412153,0.14313315578550348,0.46193136826218717,0.648116349575581,0.44451047941158783
0.36921151439299127,0.14398065031288923,0.12988399407658524,0.14259481301129012,0.4580746350217602,0.6437128957704586,0.44014574076467466
0.3704630788485607,0.14337552997496683,0.1289446032623685,0.14206105474457328,0.4599678959999522,0.6334937131943917,0.43805751729378556
0.3717146433041302,0.1427704096370444,0.12800570715995924,0.1415102208975018,0.4665057907755878,0.6179912302953122,0.43825167891156375
0.37296620775969963,0.14216528929912195,0.12744267107620982,0.1409591545021251,0.47466781767322697,0.5984226840908521,0.44091556346740585
0.3742177722152691,0.14156016896119958,0.12687911081672248,0.1404089363564913,0.4807869996464731,0.5745304110269753,0.4435217994868732
0.37546933667083854,0.14095504862327718,0.12618066979871126,0.13984326939037134,0.4828885610006173,0.5468752279822812,0.4428330534682832
0.37672090112640805,0.14034992828535478,0.1251973786462405,0.13926869386407478,0.48594346852718934,0.5179142001189891,0.4423486777184383
0.3779724655819775,0.1397448079474324,0.12454523331684784,0.13869896829548134,0.49162937124599226,0.48796419411020636,0.44502467980843746
0.37922403003754696,0.13913968760951004,0.12398002800513702,0.1381274562869998,0.49667388776436566,0.4571863186928641,0.4505182067644299
0.3804755944931164,0.1385345672715876,0.12341463432501187,0.1375534652702268,0.5017868578996936,0.42669874289743226,0.4598922867354681
0.38172715894868586,0.13776950339613536,0.12284900694767437,0.13697375814925122,0.5093702159259212,0.3970311607738338,0.4666540016825667
0.3829787234042553,0.13715683667619472,0.12239827064432365,0.13639167386579917,0.519364218058604,0.3681348096907935,0.46850558660868935
0.38423028785982477,0.13667935176113585,0.12197242828574058,0.13580602096444103,0.5307178022759926,0.3398669908779666,0.4698199628382541
0.3854818523153943,0.1360648869646641,0.12163307431921375,0.13521763507576012,0.534413905147911,0.31381321042034593,0.47082564708403524
0.38673341677096373,0.13534528744263405,0.1213374248113988,0.13462943565151,0.5259077188740068,0.2915024867132542,0.47206467662820706
0.3879849812265332,0.1345501518522074,0.12104177530358386,0.134053767979011,0.515394966311994,0.27344356422465077,0.4731947662998351
0.38923654568210264,0.1338044995206907,0.12075840270955794,0.13347434378979658,0.5103080425079939,0.2594870340303727,0.4731123257788436
0.3904881101376721,0.13319360456820833,0.12048481095422357,0.13289136441654686,0.5109250838410724,0.248089839025759,0.4719831697145386
0.39173967459324155,0.1325686132023604,0.12021121919888922,0.13229118401240317,0.513495622281361,0.2388734756470249,0.47083208901186213
0.392991239048811,0.13192054970581282,0.11992349673815034,0.13169685390042393,0.5148038631957367,0.23305422736414694,0.4685465579526022
0.3942428035043805,0.1313490133855506,0.1195786446725007,0.1311125960273162,0.5130840080685565,0.23056359558008135,0.465837358541172
0.39549436795994997,0.13076088724426982,0.11923379260685109,0.13054642182363707,0.5081145054948416,0.2265736881214723,0.46401122204983103
0.3967459324155194,0.13014984172636276,0.11889968017534207,0.12997562962178424,0.500489495905329,0.2179598229531559,0.4618690951109457
0.3979974968710889,0.12955525969459483,0.1185749409137577,0.12937313538573875,0.4903258989393226,0.21414895530599798,0.4587132667720866
0.3992490613266583,0.12895776220275143,0.11825020165217333,0.1286795177183294,0.47843192000463425,0.21879402512329152,0.45473576643225894
0.4005006257822278,0.12835264186482903,0.11797962626311348,0.12807017127454978,0.46530219558735864,0.22355234661718582,0.44949668798733866
0.40175219023779724,0.12774752152690663,0.11773175582758871,0.1276282383829542,0.4511511752187781,0.219066134874563,0.4429269809013632
0.40300375469336674,0.1271510446639362,0.11748388539206393,0.12718744441492788,0.4362992184067348,0.2099983680981915,0.43490872504550154
0.4042553191489362,0.12657209331009264,0.11723601495653917,0.12674873873451778,0.4214263006471277,0.20413253832788025,0.4247532352584897
0.40550688360450565,0.12609315571169086,0.11698813442134126,0.12623923780078833,0.4070753410310188,0.19713095989709542,0.4123515939967339
0.4067584480600751,0.12564875991287275,0.11674025386445741,0.12552674004678524,0.3891315546905172,0.18683129547022503,0.3980087082205921
0.40801001251564456,0.12517753586983565,0.11649237330757355,0.12503935390334517,0.3685809594501222,0.17497949310087133,0.38230195603047845
0.409261576971214,0.1246934395994977,0.11627018977531615,0.12456198112338346,0.35344631635594925,0.16270995735119778,0.3654430124562112
0.41051314142678347,0.12399537828629177,0.1161105427154969,0.12413245394082024,0.3422489482706035,0.15046959697147827,0.34742989565091686
0.411764705882353,0.12352302028812061,0.11595089565567764,0.12370292675825702,0.3297099573420376,0.1398154430434157,0.32934099824858626
0.41301627033792243,0.12326920637227651,0.11579124859585838,0.1232760323632099,0.3143699440636575,0.13022947080851713,0.3124913153734547
0.4142678347934919,0.12301539245643241,0.11563160153603913,0.12284937773781499,0.2977375637784731,0.12166641349914586,0.2970417940656812
0.41551939924906134,0.1227615785405883,0.11547195447621987,0.12248398242705721,0.28421200593211865,0.11476208884465244,0.28283319765725734
0.4167709637046308,0.122420615698193,0.11533112858692784,0.12213761147294644,0.2735089817475849,0.10976916440038761,0.2695575586383782
0.41802252816020025,0.12207483264795163,0.11520659224558245,0.12180074273484161,0.2632639307809302,0.10650223441143421,0.2572337467287925
0.4192740926157697,0.12173042522437791,0.11508205590423706,0.12154044859995307,0.25584836669812033,0.10353683262983945,0.2463012274474447
0.4205256570713392,0.12138937860504835,0.11495751956289167,0.12128015446506452,0.2518450928152727,0.1001914837630141,0.23644978604767433
0.42177722152690866,0.12104833198571882,0.1148329832215463,0.12101986033017596,0.24914339251089493,0.09722612890636828,0.22835906624565128
0.4230287859824781,0.12073023789111287,0.1147084468802009,0.12076924235987091,0.2475635844815255,0.09474596078032498,0.22212284910307453
0.42428035043804757,0.12042767772215167,0.11458391053885553,0.12052561561924718,0.24723255764187996,0.09225749158826539,0.2144663733637646
0.425531914893617,0.12012511755319046,0.11446106740755772,0.12028198887862347,0.2473661917572449,0.09048529510880428,0.2057064224049946
0.4267834793491865,0.11982255738422923,0.11434722750679789,0.12003836213799975,0.24716921086489152,0.09024515220362161,0.20111114992819187
0.42803504380475593,0.11951999721526801,0.11423338760603807,0.11975619284949984,0.24596580354098485,0.09085562732442587,0.20091703027846528
0.42928660826032544,0.11921743704630677,0.11411954770527824,0.11946493608732259,0.24324290138299934,0.09176740146094858,0.20339815044518064
0.4305381727158949,0.11889430763687,0.11400570780451841,0.11917367932514535,0.241087482760407,0.09267737230404913,0.20736436827938137
0.43178973717146435,0.11855240952368097,0.11389186790375859,0.11889176561540588,0.24105074736708998,0.09319612820367544,0.2063369795154068
0.4330413016270338,0.11821051141049194,0.11377802800299876,0.11861478162484386,0.24115538310399653,0.09282536730560462,0.20305147833987658
0.43429286608260326,0.11792086051899037,0.11366418810223894,0.11833779763428184,0.23984172394680722,0.09166783839010285,0.20179652335314807
0.4355444305381727,0.11764149355751484,0.11355022122471556,0.11807913577574804,0.23093691607993289,0.09112597590304575,0.2002399572568361
0.43679599499374216,0.11736212659603933,0.11343492724394044,0.11785644725304449,0.21611846817215333,0.09137136030971574,0.19812746728382938
0.4380475594493117,0.11709968050003866,0.11331963326316533,0.11763375873034095,0.20550001223114778,0.09148045799452961,0.1943379009286187
0.43929912390488113,0.11685126560540307,0.11320433928239021,0.1174110702076374,0.19893041976349002,0.09131140288493704,0.18842335845599578
0.4405506883604506,0.11660285071076748,0.1130890453016151,0.11718850930618935,0.1939312723572586,0.09073420908855598,0.18126379447518498
0.44180225281602004,0.11635443581613189,0.11297375132083998,0.1169664241480267,0.18870307409085468,0.09014382002846531,0.17349090976481812
0.4430538172715895,0.11614514468440758,0.11285845734006486,0.11674433898986405,0.18221906018594225,0.08986740455928874,0.1643811049408609
0.44430538172715894,0.11594286445125107,0.11274316335928974,0.11652225383170141,0.1754941915604861,0.08960555519912164,0.1554044551907571
0.4455569461827284,0.11574058421809455,0.112628774881775,0.11630531137570303,0.16895572726607486,0.08920174497766216,0.14730416476933533
0.4468085106382979,0.11553830398493803,0.11252114537490694,0.11615237619445827,0.1622797275058251,0.08869335984691773,0.1392440751311006
0.44806007509386736,0.11534094431500842,0.11241351586803887,0.11599944101321351,0.1553391165547277,0.08810127464674894,0.1316247291419113
0.4493116395494368,0.11515475344180152,0.11230588636117081,0.11584650583196875,0.1488908080906136,0.08742983034158673,0.12491284396251834
0.45056320400500627,0.11496856256859464,0.11219825685430275,0.115693570650724,0.14302679556646816,0.08674458985505866,0.11929892436500183
0.4518147684605757,0.11478237169538774,0.11209062734743469,0.11554063546947924,0.13775403837673017,0.08625794466886365,0.11495739124397875
0.4530663329161452,0.11459618082218086,0.11198299784056662,0.11538971698462451,0.13244848973331497,0.0860040538100689,0.11115912262887853
0.45431789737171463,0.11442073138997556,0.11187536833369856,0.1152670602430687,0.12768788216050467,0.0858891101582819,0.10729000117488202
0.45556946182728414,0.11426348434160594,0.11176773882683048,0.11514440350151287,0.12431775000363295,0.08594221861157694,0.1036368095448009
0.4568210262828536,0.11410623729323632,0.11165880182622755,0.11502174675995705,0.12141251260402747,0.08618337305203227,0.10033301251260533
0.45807259073842305,0.1139489902448667,0.11154892369120917,0.11489909001840123,0.1183964197847585,0.08662398734989563,0.09737330714675976
0.4593241551939925,0.11379174319649708,0.1114390455561908,0.1147764332768454,0.11613384778869013,0.08725523045327278,0.0945497206705554
0.46057571964956195,0.11363449614812746,0.11132916742117242,0.11465377653528959,0.11495890340735122,0.08807012010803926,0.09203496967817301
0.4618272841051314,0.11349622091419038,0.11121928928615406,0.11453111979373376,0.11390627966535524,0.08904627849701355,0.09063707696389584
0.46307884856070086,0.11337489941799841,0.11110941115113568,0.11441400888099573,0.11285715260976657,0.0901531962961202,0.09035359192882231
0.46433041301627037,0.11325357792180644,0.1109995330161173,0.11430098378537992,0.11198823142933746,0.09136554214423835,0.09057138503577657
0.4655819774718398,0.11313225642561447,0.11088965488109893,0.11418795868976413,0.1109328420137373,0.0926352858074356,0.09110035141408045
0.4668335419274093,0.1130109349294225,0.11077668575964805,0.11407493359414832,0.10913689619589922,0.09390924935510425,0.091711930470759
0.46808510638297873,0.11288961343323052,0.11065272464133019,0.11396190849853252,0.10713818619957043,0.0952458958000423,0.0921372925111222
0.4693366708385482,0.11276829193703855,0.11052876352301233,0.11384888340291673,0.1055836579896463,0.09680367192731398,0.09200826225856477
0.47058823529411764,0.11264697044084658,0.11040480240469447,0.11373585830730092,0.10416992969370117,0.0981369743979967,0.09100836086051327
0.4718397997496871,0.11249756734983012,0.11028084128637661,0.11362283321168512,0.10261129504854262,0.09894571641698487,0.09038334355316001
0.4730913642052566,0.11234683585681544,0.11015688016805875,0.113509278624924,0.1008307015256557,0.09942789121929216,0.09060653143433513
0.47434292866082606,0.11219610436380079,0.11003291904974088,0.11339506802039011,0.09897789492809692,0.09962231494706894,0.09076183794645296
0.4755944931163955,0.11204537287078613,0.10990895793142302,0.11328085741585622,0.09697312394259287,0.09962077390490393,0.09073826820148681
0.47684605757196497,0.11189464137777147,0.10978233439845893,0.11316664681132234,0.09453851352003352,0.09951056743562595,0.09040144837287642
0.4780976220275344,0.11174390988475681,0.10965507614367363,0.11305243620678844,0.09152439820076985,0.0994120715225831,0.08971076625840563
0.4793491864831039,0.11165454448960893,0.10952781788888835,0.11293822560225455,0.08803539312755804,0.09941636423135977,0.08928031357731962
0.4806007509386734,0.11157523261231075,0.10940055963410304,0.11282401499772066,0.08451656537219694,0.09956976967427773,0.08917490008664737
0.48185231539424284,0.11149592073501258,0.10927330137931775,0.11270980439318677,0.08098048676558856,0.09987984887966637,0.08890306219524868
0.4831038798498123,0.1114166088577144,0.10914604312453247,0.11259839245708912,0.07715884083490336,0.10018427643246369,0.08850780306297071
0.48435544430538174,0.11133729698041624,0.10901878486974717,0.11249114612713765,0.07300335421510457,0.10050779339264806,0.08801738067621467
0.4856070087609512,0.11125798510311806,0.1088924708389796,0.11238389979718617,0.06858156112233976,0.1012020844391715,0.08744526511043414
0.48685857321652065,0.11117867322581988,0.10876681966557494,0.1122766534672347,0.06441423909839908,0.10240086434688787,0.0867900957926283
0.4881101376720901,0.1110993613485217,0.10864116849217027,0.11216940713728323,0.060759701387606564,0.10402320722905462,0.086208959895886
0.4893617021276596,0.11102004947122353,0.1085155173187656,0.11206216080733175,0.05736255790639122,0.1060066352805046,0.08584782555729784
0.49061326658322907,0.11094073759392535,0.10838986614536093,0.11195491447738028,0.054251895995668896,0.10830809588209947,0.085646766272246
0.4918648310387985,0.11086142571662717,0.10826421497195628,0.11184766814742882,0.051650708857895286,0.11138417213284921,0.08557525195069371
0.493116395494368,0.11078695847024483,0.1081385637985516,0.11174042181747734,0.04975565233791511,0.11468467803147389,0.08565693821353784
0.49436795994993743,0.11072528882402569,0.10800390242464944,0.11163155372230078,0.048735781873464,0.11707579524352123,0.08590748019662756
0.4956195244055069,0.11066361917780652,0.10784551580072597,0.11152236441448923,0.0487312894456544,0.11856495403710977,0.08633498179926352
0.49687108886107634,0.11060194953158738,0.1076871291768025,0.11141317510667767,0.049132625633033375,0.11937359910443791,0.08693155779226798
0.49812265331664585,0.11054027988536821,0.10752874255287902,0.1113039857988661,0.04951889178563394,0.1192857709348294,0.08767473093655814
0.4993742177722153,0.11047861023914905,0.10737035592895555,0.11119479649105456,0.049999622494988044,0.11876345445475514,0.08854793150379994
0.5006257822277848,0.1104169405929299,0.10721196930503207,0.111085607183243,0.05041797444430444,0.11858362078612214,0.08953694790765929
0.5018773466833542,0.11035527094671074,0.10705490619820411,0.11097641787543144,0.05057752651517214,0.11865356225125666,0.09061074082693497
0.5031289111389237,0.1102936013004916,0.10689931029475735,0.11086722856761988,0.050084841418544156,0.11887725946357605,0.09172489246017101
0.5043804755944932,0.11023193165427243,0.1067437143913106,0.11075283715391818,0.05005649999237324,0.1193123917141889,0.09283042493347372
0.5056320400500626,0.11017026200805329,0.10658811848786386,0.11063126037935793,0.05122967093904458,0.12010659295175077,0.09387459863424606
0.5068836045056321,0.11010859236183412,0.1064325225844171,0.11050968360479765,0.05285430732914373,0.12091503286801539,0.09515602271326573
0.5081351689612015,0.11004692271561498,0.10627692668097036,0.1103881068302374,0.05473870439601762,0.12136770592395119,0.0964228187564947
0.509386733416771,0.10998525306939581,0.10613329962666669,0.11026653005567714,0.05681243032682347,0.12157499704596755,0.09722281412721678
0.5106382978723404,0.10992358342317665,0.10599873028507124,0.11014495328111688,0.058996635996524396,0.12158516576757458,0.09768728848468008
0.5118898623279099,0.10985148861773592,0.10586416094347577,0.11002337650655662,0.06121895128587728,0.12140892806859059,0.09787397220679601
0.5131414267834794,0.10976208409426835,0.10572959160188031,0.10990179973199636,0.0635208293502873,0.12140729413043491,0.09787986468418519
0.5143929912390488,0.10967267957080082,0.10559502226028485,0.10977780706150396,0.06566808549650743,0.12192836111774133,0.09776226875999489
0.5156445556946183,0.10958327504733326,0.10546045291868938,0.10965342955864994,0.06733169427080346,0.12298827574351237,0.09761098161762664
0.5168961201501877,0.10949387052386571,0.10532588357709394,0.10952905205579593,0.0684582722324916,0.12462448012939041,0.09753277342255354
0.5181476846057572,0.10940446600039816,0.10514807886217556,0.10940467455294191,0.06910225089886637,0.127297697446121,0.09757738114432929
0.5193992490613266,0.10931506147693061,0.10495520376515594,0.1092802970500879,0.06958519511673146,0.13069478046584435,0.0977425778086527
0.5206508135168961,0.10922565695346306,0.1047623286681363,0.10915591954723389,0.06998974866753306,0.13346885966713573,0.09803032791792675
0.5219023779724656,0.1091362524299955,0.10456945357111666,0.10903154204437986,0.07017453780408081,0.13538730392116477,0.09832047892039816
0.523153942428035,0.10904684790652795,0.10437657847409705,0.10890785259583075,0.07016535071769729,0.13688246550670127,0.09868550493139062
0.5244055068836045,0.10895803150489801,0.10421544075602748,0.10878492235380714,0.07007174129501557,0.1380659718771821,0.09943814913479423
0.5256570713391739,0.10887456663070182,0.10405502258698218,0.10866199211178355,0.06994156795227155,0.1389174489073289,0.10064061990337136
0.5269086357947435,0.10879110175650561,0.10389460441793687,0.10853906186975995,0.06963773852229352,0.1394321354890173,0.10223491936764689
0.5281602002503129,0.10870763688230942,0.10373418624889157,0.10841613162773636,0.0691279521469459,0.13970862752877,0.10418017919083165
0.5294117647058824,0.10862417200811321,0.10357376807984624,0.10829320138571276,0.06852588583268705,0.1397257102203655,0.10632019814177036
0.5306633291614519,0.10854070713391702,0.10340698252624037,0.10817027114368916,0.06794698317090303,0.13952301439175432,0.10878703042802644
0.5319148936170213,0.10845724225972082,0.103221126178678,0.10804730580875999,0.06751028617535032,0.13918853238995757,0.11141580292113074
0.5331664580725908,0.10837377738552462,0.1030352698311156,0.10789677801501422,0.06734026711960317,0.1386915604195972,0.11346793637716955
0.5344180225281602,0.10829031251132842,0.10284941348355324,0.10774625022126848,0.06757448755057024,0.1385405258559821,0.11473999361295184
0.5356695869837297,0.10820684763713223,0.10266355713599085,0.1075957224275227,0.06883266495547391,0.13912667682028051,0.11541680063948206
0.5369211514392992,0.10812338276293602,0.10248391972660373,0.10744519463377694,0.07063451549690063,0.13997453541534047,0.11549566362798198
0.5381727158948686,0.10803877731979022,0.1023183395039016,0.1072946668400312,0.07179910538637271,0.14089494142459652,0.11507667213563977
0.5394242803504381,0.10794275230651044,0.10215275928119945,0.10714413904628542,0.07247678199328912,0.14235622789321806,0.11459995617172007
0.5406758448060075,0.10784672729323068,0.10198717905849732,0.10699569187115006,0.07303756768419435,0.14458636000158187,0.11431398309874718
0.541927409261577,0.1077507022799509,0.10182159883579517,0.10684748251093419,0.0735961491499135,0.1475885975283448,0.1141991992513387
0.5431789737171464,0.10765467726667113,0.10165601861309304,0.10669927315071832,0.07757580131542764,0.15055252136576053,0.11421857670448121
0.5444305381727159,0.10755865225339135,0.10145943845854276,0.10655106379050244,0.08393165176635652,0.15280077837859965,0.11445948457443073
0.5456821026282854,0.10746262724011157,0.10125294765653862,0.10640285443028656,0.08266161883610802,0.15470383878234303,0.11494413846412274
0.5469336670838548,0.10736660222683181,0.1010464568545345,0.1062546450700707,0.07558319947365458,0.15636588639896537,0.11536105683933884
0.5481852315394243,0.10727057721355204,0.10083996605253039,0.10611875159198739,0.07072961525186192,0.15836788140340607,0.11555236687888457
0.5494367959949937,0.10717455220027226,0.10063169085038302,0.10598818436676534,0.06856911414669206,0.16121303159171757,0.11564948944160588
0.5506883604505632,0.1070722914932858,0.1004194095896561,0.10585761714154328,0.06888724103632757,0.16399108747268798,0.11572893502998108
0.5519399249061326,0.10696433173301152,0.1002071283289292,0.10572704991632123,0.0711686433185314,0.1660527961124551,0.11573576775522064
0.5531914893617021,0.10685637197273722,0.09999484706820226,0.10559648269109917,0.07499204900630163,0.16785074974879638,0.1159585416062501
0.5544430538172717,0.10674841221246292,0.09978256580747534,0.10546591546587711,0.0805450744855289,0.16962593066150383,0.1167701616606934
0.5556946182728411,0.10664045245218863,0.09957455147845341,0.10533534824065506,0.08773412787949822,0.17075774066274255,0.11821114674240409
0.5569461827284106,0.10653249269191434,0.09936662445885215,0.10517341847033644,0.09610338417574604,0.17194010485014666,0.1203409926944773
0.55819774718398,0.10642453293164005,0.09915869743925092,0.10499541252158742,0.10523732910582198,0.17443842076970076,0.1226530764824042
0.5594493116395495,0.10631657317136575,0.09895077041964966,0.10481740657283838,0.1147628929111433,0.179536266970831,0.1250144902560351
0.5607008760951189,0.10620816226332207,0.0987240492456523,0.10463940062408936,0.12609501164324233,0.1877103914117172,0.1272978339267895
0.5619524405506884,0.10606234268937027,0.09848262683397399,0.10446139467534032,0.13797884229651525,0.193754238309697,0.12901485186847408
0.5632040050062579,0.10591652311541848,0.09824120442229568,0.10429624456112463,0.14727339035776973,0.19556783181115842,0.13024923968476282
0.5644555694618273,0.10577070354146668,0.0979997820106174,0.10414397605925606,0.15522828878590578,0.19690827207890474,0.13108938671699757
0.5657071339173968,0.10562488396751489,0.09774525665779409,0.10399170755738747,0.16166616999436664,0.2006783164444308,0.13164769460298806
0.5669586983729662,0.10547906439356311,0.0974864868170116,0.1038394390555189,0.1646090574924198,0.20574454048395638,0.1319246346534861
0.5682102628285357,0.10533324481961132,0.09722771697622908,0.10368717055365032,0.16428167781847633,0.20900027365140694,0.13187931204115536
0.5694618272841051,0.10492898404979657,0.09696863423966914,0.10353490205178174,0.16106525259578489,0.21141753443427716,0.13154516649616177
0.5707133917396746,0.1044196686513771,0.09670833572321974,0.10337309780671984,0.15609333084613036,0.21501991086539488,0.1309179620888838
0.5719649561952441,0.10421714024142148,0.09644803720677035,0.10320034128034611,0.15108986914996198,0.21988937322806335,0.13001405378743108
0.5732165206508135,0.10404606831564962,0.09618773869032098,0.10302758475397239,0.14678693962225933,0.22588560529293086,0.12919606858065727
0.574468085106383,0.10387499638987777,0.09587477638609607,0.10285482822759864,0.1439160071605118,0.23280135246770814,0.12879828396108023
0.5757196495619524,0.10370392446410591,0.09553644540735051,0.10268207170122493,0.1432163978138515,0.2390749039691101,0.12880998723404347
0.5769712140175219,0.10353285253833404,0.09519811442860493,0.10251167457814984,0.14429516391062683,0.24404970040382848,0.12955681547929687
0.5782227784730913,0.10337984264952893,0.09486506559796144,0.10235497167385017,0.14746939318692054,0.24830620714329404,0.1309954792986881
0.5794743429286608,0.10324245799949865,0.0945322413545218,0.10219826876955049,0.15275796183839058,0.2522981475689088,0.13280047802760117
0.5807259073842304,0.10310507334946836,0.09421712729640287,0.10204156586525079,0.15729521436366312,0.25652306535152325,0.13518016938257
0.5819774718397998,0.10296768869943809,0.09397347653876499,0.10188486296095112,0.16154227363835622,0.26135113104235735,0.13773307050051495
0.5832290362953693,0.10283030404940781,0.09372982578112708,0.10172816005665143,0.16887308335361234,0.2670412343960565,0.13982689508878235
0.5844806007509387,0.10269291939937754,0.0934861750234892,0.10156227088515439,0.18032835886076626,0.2738328034860365,0.14147242030279153
0.5857321652065082,0.10255553474934725,0.09312810437507174,0.10137318251761814,0.19418925520873292,0.2815061626682251,0.14275962413118282
0.5869837296620776,0.10228317160676612,0.0926168910894502,0.1011840941500819,0.208076390499587,0.2896009007423052,0.14367740133376844
0.5882352941176471,0.10198668651074691,0.0922048496808299,0.10099500578254564,0.22239277105629807,0.29824234885592754,0.14449484132361212
0.5894868585732166,0.10169020141472772,0.09185096524812011,0.1008059174150094,0.2374609147261976,0.3076322995740932,0.14563310444578628
0.590738423028786,0.10127695900209044,0.09149304039962498,0.1006148380957499,0.2546915445590896,0.31742336365110346,0.14710644682246343
0.5919899874843555,0.10082467586749129,0.09102040271653765,0.10042106025134274,0.2758388354892426,0.3273124527013478,0.14926205930221045
0.5932415519399249,0.10036640027028541,0.09055625736907062,0.1002272824069356,0.30002972338597006,0.33735028814178275,0.1520897826922454
0.5944931163954944,0.09990577046738804,0.09017793428107004,0.10003350456252845,0.320735586951561,0.34755976322914645,0.1547916173983223
0.5957446808510638,0.09948932345060542,0.0897996111930695,0.0998397267181213,0.33152289792201667,0.35786993915752563,0.15697443247649534
0.5969962453066333,0.09908977956641363,0.08938832350583187,0.09964797686866232,0.3394196452411237,0.3683078697269746,0.15852516299978447
0.5982478097622028,0.09870247468948533,0.08896016235125523,0.09945716804378026,0.34860873001770426,0.3779673165927358,0.15964990524187825
0.5994993742177722,0.09833181885031299,0.088479571093059,0.09926635921889822,0.3554400707411058,0.38584629551903316,0.16049370424505108
0.6007509386733417,0.09796116301114062,0.087949705872549,0.09907555039401615,0.35928333997397455,0.3926089779286044,0.16056194192943535
0.6020025031289111,0.09756291103923287,0.08742240951880824,0.09888474156913411,0.35949473695410966,0.3982876609073238,0.16064190854803054
0.6032540675844806,0.09716304751993374,0.08689595962237812,0.09867185880340218,0.3562132378025482,0.4030098678086093,0.16208517494825062
0.60450563204005,0.09669769113630926,0.08637287986605172,0.09845561237681345,0.35062665329897447,0.40702911124700203,0.16481891429788306
0.6057571964956195,0.09619660903192437,0.0858508774086453,0.0982393659502247,0.34336136942207673,0.4090798083689836,0.17063451700003468
0.607008760951189,0.09580161759355106,0.0853316433941102,0.09802311952363595,0.33467103110921703,0.41143279695321944,0.17773997037852982
0.6082603254067585,0.09543096175437872,0.08481435550327722,0.09779876513208635,0.3255101850159584,0.41611569084213884,0.18196826985572526
0.609511889862328,0.09502565606468029,0.08429893292888577,0.09756941848057536,0.3169117947379763,0.4221778581446871,0.18415142958324593
0.6107634543178974,0.09455143462338628,0.08378684573648279,0.09734007182906437,0.3095691164219444,0.4258075715357904,0.18582306839380283
0.6120150187734669,0.09409922274746345,0.08327600480480359,0.09711072517755338,0.3012585926916832,0.4230808258334079,0.18824701607373717
0.6132665832290363,0.09368042978632068,0.08276983472023802,0.09688027838517647,0.2911838328194841,0.4176759700140484,0.19160990375400272
0.6145181476846058,0.09328600403518539,0.08226452839695768,0.09664913635071562,0.2819268098985951,0.41328087479145653,0.19453594883665654
0.6157697121401753,0.09298715237651638,0.0817632199056784,0.09641799431625475,0.2716938442338787,0.408970983155999,0.19617249111800023
0.6170212765957447,0.09268830071784738,0.0812636769762996,0.09618685228179391,0.2586190548596159,0.40116860466580906,0.1973850979536111
0.6182728410513142,0.09239446917033527,0.08076867145267726,0.09592126468229506,0.24403815010592464,0.38868430973186563,0.19939211142083374
0.6195244055068836,0.09213461505069716,0.08027607576816712,0.09563610918511715,0.2285060033873442,0.3749452678317633,0.20232928664531635
0.6207759699624531,0.09187476093105904,0.07978675412545207,0.09535095368793922,0.21301874855541467,0.36091125813010944,0.20566314080956516
0.6220275344180225,0.09161490681142094,0.0793010756974528,0.09506674583982096,0.19864227091610612,0.34601986392811557,0.20963507964906908
0.623279098873592,0.09137726324195451,0.07881842320184934,0.09478387040125641,0.18598543279760854,0.33089785945654504,0.21413017877695845
0.6245306633291615,0.09115486973845109,0.07841734830335541,0.09450099496269186,0.17570042819490478,0.31501493980945183,0.21815127372505594
0.6257822277847309,0.0909324762349477,0.07806163822305666,0.09422841438776086,0.16796144629357113,0.2971859869218192,0.22178157429013953
0.6270337922403004,0.09071008273144429,0.07770892734197835,0.09400697996859844,0.1624686009681943,0.27781788356194403,0.22543336447509538
0.6282853566958698,0.09050479478672493,0.07740350902112406,0.09378554554943604,0.15930993545473246,0.2577949654619491,0.22894759204325438
0.6295369211514393,0.09031946686713875,0.07709809070026974,0.09356411113027362,0.15741070208499017,0.237421371460651,0.23225067625180423
0.6307884856070087,0.0901341389475526,0.07679649002557112,0.09333955132523146,0.15500756607483454,0.21702958586028587,0.23578831610990392
0.6320400500625782,0.08994881102796641,0.07656547900849404,0.09294689199072366,0.15471252011362419,0.19695096542021825,0.2397576286552721
0.6332916145181477,0.08976348310838023,0.07633446799141695,0.09255423265621587,0.15856664958100647,0.17754585600927472,0.24410906079584055
0.6345431789737171,0.08955948144346056,0.07610345697433987,0.09222337219115305,0.16455573246849592,0.15912599373831188,0.24871736981143477
0.6357947434292867,0.08933708793995714,0.07588081559576072,0.09192181934692539,0.17031145527159547,0.14201700954979068,0.25369774938625733
0.6370463078848561,0.08911469443645373,0.07576288686393405,0.09162026650269776,0.17495794980229565,0.12603287154758808,0.25915629091155434
0.6382978723404256,0.08889230093295031,0.07564495813210736,0.09127079855965883,0.17890635876037442,0.11167812228732629,0.2651199082430732
0.639549436795995,0.08866387892458927,0.07552702940028069,0.0908933614792596,0.18228131204486892,0.09976918690692138,0.271618553930094
0.6408010012515645,0.08842529687250149,0.07540910066845402,0.09052684411920539,0.1863896147160409,0.09021906285377113,0.2787274686264906
0.642052565707134,0.0881867148204137,0.07529117193662734,0.0902048049970216,0.1910729915034045,0.08280864152321708,0.286556818742395
0.6433041301627034,0.08794813276832593,0.07517324320480066,0.08988276587483783,0.19460742456988778,0.07722691636107076,0.29434981257884785
0.6445556946182729,0.08770033650806087,0.07505531447297399,0.08954870927242443,0.19815916941700878,0.0730640834343434,0.30121521422013164
0.6458072590738423,0.08744407944621833,0.07495130730865539,0.08919174056643242,0.20246268685845406,0.069747763203827,0.30722959276706635
0.6470588235294118,0.08718782238437577,0.07488259248162481,0.08883477186044038,0.20745037256232443,0.06661161584294936,0.3124999082772805
0.6483103879849812,0.08693156532253321,0.07481387765459423,0.08842752213308443,0.21260727410939975,0.06281370557847613,0.3169158417840139
0.6495619524405507,0.08665615588098544,0.07474516282756365,0.08800526674623077,0.21628779792165315,0.059343013691951586,0.3203540352335199
0.6508135168961202,0.08637943372230089,0.07467644800053307,0.08758120185183027,0.21757073400469945,0.05736264617196441,0.32189055125903576
0.6520650813516896,0.08610271156361639,0.0746077331735025,0.08715590131573542,0.2180199188887157,0.055741411248097096,0.3234183914791943
0.6533166458072591,0.0858244190138037,0.07453901834647192,0.08672920864451415,0.21967089455489822,0.05443373335166551,0.3273831644769799
0.6545682102628285,0.08554514570796552,0.07447030351944135,0.08630069949740038,0.22262631816897513,0.05332735087941395,0.3333231429543399
0.655819774718398,0.08526587240212731,0.07440158869241077,0.08587121383299584,0.22650321425085287,0.05126757925269797,0.34176344312435025
0.6570713391739674,0.08498701632922537,0.07433287386538019,0.08543933389254961,0.23079282256142192,0.04935505490378379,0.3489640502340679
0.6583229036295369,0.0847090244498461,0.07426415903834961,0.08500688093445839,0.23534639118325418,0.047810459459535194,0.3520323965049962
0.6595744680851064,0.08443103257046683,0.07419544421131903,0.0845714695056957,0.23963998332997205,0.04523167011761715,0.3547681013515755
0.6608260325406758,0.084152409503956,0.07412672938428846,0.08413586589481828,0.24238451994037025,0.04124639247531892,0.35900547860467974
0.6620775969962454,0.08384358689096624,0.07405801455725788,0.0836967639459776,0.24376746322934376,0.037983401701962814,0.3629678971500232
0.6633291614518148,0.08353476427797651,0.07402284744688878,0.08325766199713694,0.24501471872480865,0.03630273502281804,0.3648355711075393
0.6645807259073843,0.08322511297436228,0.07399092975411059,0.08281486775410844,0.24608782206354513,0.03479770898281855,0.36488920293818183
0.6658322903629537,0.08289799949326025,0.0739590120613324,0.08237191816253282,0.2464690894540367,0.033384999765748054,0.36400560673476173
0.6670838548185232,0.0825708860121582,0.07392709436855421,0.08192542448978236,0.24598076269475883,0.03194873577463373,0.36302035840189006
0.6683354192740927,0.08225500355501822,0.07389517667577603,0.08147847187597462,0.24427937929047672,0.030337093919197693,0.3619486858676037
0.6695869837296621,0.08197537871634752,0.07386325898299785,0.08102807127028863,0.24136801115041234,0.028358895903316174,0.359868997312671
0.6708385481852316,0.0816957538776768,0.07383134129021966,0.08057696272412668,0.237710940752488,0.02613695659237747,0.3558802462372633
0.672090112640801,0.08141612903900611,0.07379942359744147,0.08012243952263323,0.23342018617552096,0.024488990099819086,0.34990020193062277
0.6733416770963705,0.08107074191998354,0.07376750590466329,0.07966702442616459,0.22857682234229723,0.023377070628159025,0.3419974041009226
0.6745932415519399,0.08072194261843162,0.0737355882118851,0.07920815523049048,0.22275530835684376,0.022573997557145592,0.33192135945599105
0.6758448060075094,0.08041570084609287,0.07370367051910691,0.07874828553605415,0.21576279924494263,0.022414529406180557,0.32003118021481647
0.6770963704630789,0.08020136576928158,0.07367175282632872,0.07836785980002439,0.20791468919881817,0.022768616586483097,0.3064873597754278
0.6783479349186483,0.0799870306924703,0.07363983513355055,0.07801017585958728,0.19894857576936578,0.02350502099942995,0.29138678780897165
0.6795994993742178,0.07977269561565901,0.07360791744077236,0.07766114152286452,0.1891891367562757,0.02448903743364649,0.27489609395868875
0.6808510638297872,0.07955836053884775,0.07357599974799417,0.07734490234228551,0.17951217149778642,0.025580214962089697,0.2572730582049224
0.6821026282853567,0.07934402546203646,0.07354408205521598,0.07702866316170646,0.17018909721799036,0.026630078339142296,0.23881455141821967
0.6833541927409261,0.07912969038522519,0.07351216436243779,0.0767336598362783,0.16136506474915557,0.02747984939769331,0.21987732073347127
0.6846057571964956,0.07891535530841391,0.0734802466696596,0.07648743427045153,0.153217609315956,0.027958168446234062,0.2008265536625825
0.6858573216520651,0.07870102023160262,0.07344832897688142,0.07624120870462477,0.14593666408584546,0.02787881566594009,0.18189869957141297
0.6871088861076345,0.07853099652769217,0.07341641128410324,0.07599498313879802,0.13898997660381535,0.027038432507761105,0.16321402933677215
0.688360450563204,0.07837629847782404,0.07338449359132505,0.07581591861523128,0.13216709276840038,0.026073932035314072,0.1456417799620403
0.6896120150187734,0.07822160042795592,0.07335257589854687,0.07568715304393485,0.12589884719980174,0.025371186320305945,0.1299925766176661
0.690863579474343,0.07806690237808779,0.07332065820576868,0.07555838747263842,0.1197703066389383,0.02453709520210405,0.11632708073668531
0.6921151439299124,0.07791220432821967,0.07328874051299049,0.075429621901342,0.11351540358435415,0.02354462989574077,0.10467103761033619
0.6933667083854819,0.07775750627835154,0.0732568228202123,0.07530085633004556,0.1072983043339586,0.022413563807265023,0.0949826196277421
0.6946182728410514,0.0776348925624272,0.07322490512743411,0.07517209075874913,0.10217678525652275,0.02116767953410159,0.08714970757653762
0.6958698372966208,0.07752011458455847,0.07319298743465594,0.07504332518745271,0.09870327697914758,0.019833946434149437,0.08095832410778869
0.6971214017521903,0.07740533660668972,0.07316106974187775,0.07493771238650111,0.0963364913571946,0.01844169819487883,0.07608548529797712
0.6983729662077597,0.07729055862882098,0.07313175390420058,0.07486200803924699,0.0932825975310783,0.017021810402423503,0.07207197738266667
0.6996245306633292,0.07717578065095222,0.07312061885263793,0.07478630369199288,0.08822887516349931,0.01560587811068206,0.06831000848919783
0.7008760951188986,0.07706100267308348,0.07310948380107528,0.07471059934473875,0.08235274400756051,0.014225393410407844,0.06402107182596183
0.7021276595744681,0.07694622469521474,0.07309834874951261,0.07463489499748464,0.07789581381244437,0.012910922998310684,0.06036510690235596
0.7033792240300376,0.07683144671734599,0.07308721369794996,0.07455919065023052,0.07514692187815375,0.011691285746148292,0.058132104493335654
0.704630788485607,0.07674597472963701,0.0730760786463873,0.07448348630297641,0.0728519569487967,0.01059273026982415,0.056185608083918995
0.7058823529411765,0.07666788858698369,0.07306494359482464,0.07440778195572229,0.07090704352108801,0.009638112498485434,0.05452910543792225
0.7071339173967459,0.07658980244433038,0.07305380854326199,0.07433207760846816,0.06916541666928905,0.008846073243612754,0.05281880815833188
0.7083854818523154,0.07651171630167705,0.07304267349169932,0.07425637326121405,0.06743139461108286,0.008230215768124728,0.050504584827750956
0.7096370463078848,0.07643363015902374,0.07303153844013667,0.07418066891395993,0.06545435127343234,0.007798283355466058,0.04837432708859215
0.7108886107634543,0.07635554401637042,0.073020403388574,0.07410496456670582,0.06289941968161979,0.007551336878709401,0.04615386649051178
0.7121401752190238,0.07627745787371709,0.07300926833701135,0.07404138092032114,0.06045740968777079,0.0074829323696475325,0.04264819107292508
0.7133917396745932,0.07619937173106378,0.07299813328544869,0.07400612328287563,0.05888873781105547,0.0075782985878900325,0.03890415889620726
0.7146433041301627,0.07612128558841046,0.07298699823388603,0.07397086564543012,0.057795068748720195,0.007813514589962062,0.03651417430604927
0.7158948685857321,0.07604319944575715,0.07297586318232338,0.07393560800798461,0.05681378133922929,0.00815468729839466,0.03502516151971583
0.7171464330413017,0.07596511330310382,0.07296472813076071,0.07390035037053909,0.05574857404336377,0.008557129070827483,0.03368913681480268
0.718397997496871,0.07588754488187126,0.07295359307919806,0.07386509273309358,0.05436751986044574,0.00896453526909819,0.032298870545054
0.7196495619524406,0.07582552168979756,0.0729424580276354,0.07382983509564807,0.053221261049878114,0.009308161828344746,0.030504024286446316
0.7209011264080101,0.07576349849772386,0.07293132297607274,0.07379457745820256,0.05271864668182383,0.009506002826096597,0.028356451030584446
0.7221526908635795,0.07570147530565016,0.07292018792451008,0.07375931982075705,0.05245479658325801,0.009461968051371285,0.02649179411777102
0.723404255319149,0.07563945211357646,0.07290905287294742,0.07372406218331154,0.05224630244391497,0.009131735337111955,0.025613685261402466
0.7246558197747184,0.07557742892150277,0.07289791782138477,0.07368880454586602,0.051991394869468854,0.008896906198703479,0.02560683982448373
0.7259073842302879,0.07551540572942907,0.0728867827698221,0.0736535469084205,0.051566320323646136,0.008896906198704074,0.025984414785242924
0.7271589486858573,0.07545338253735538,0.07287564771825945,0.073618289270975,0.05082292709422693,0.008896906198704056,0.026643713275938036
0.7284105131414268,0.07539135934528167,0.07286451266669679,0.07358303163352949,0.04958625125905622,0.008896906198703773,0.027477367456997054
0.7296620775969963,0.07532933615320797,0.07285337761513414,0.07354777399608398,0.04840309372665453,0.008896906198704316,0.028370829022109228
0.7309136420525657,0.07526731296113427,0.07284224256357148,0.07351251635863847,0.047704796063648136,0.00889690619870372,0.029199859703316247
0.7321652065081352,0.07520528976906057,0.07283110751200882,0.07347725872119294,0.047146185994892426,0.008896906198704497,0.02982802177611407
0.7334167709637046,0.07514326657698689,0.07281997246044616,0.07344200108374743,0.04639560886301898,0.008896906198704235,0.03010416856453981
0.7346683354192741,0.07508124338491318,0.0728088374088835,0.07340674344630192,0.04570290553918937,0.00889690619870489,0.029859934946272374
0.7359198998748435,0.07501922019283949,0.07279770235732085,0.07337148580885641,0.045440453920016104,0.008896906198704707,0.028907227857719826
0.737171464330413,0.07495899853157206,0.07278656730575818,0.0733362281714109,0.045464974374976666,0.008896906198704318,0.027346320130428037
0.7384230287859825,0.07490522264167906,0.07277543225419553,0.07330097053396539,0.04564124490563178,0.008896906198704894,0.025865669216203646
0.7396745932415519,0.07485144675178607,0.07276429720263287,0.07326571289651988,0.045840203200145445,0.00889690619870448,0.024600681731550854
0.7409261576971214,0.07479767086189305,0.07275316215107021,0.07323045525907436,0.04593704868781438,0.008896906198705187,0.023212190224974363
0.7421777221526908,0.07474389497200006,0.07274202709950756,0.07319519762162885,0.045809344593584274,0.008896906198704771,0.02173031284884032
0.7434292866082604,0.07469011908210704,0.07273089204794489,0.07315993998418334,0.04534838704699379,0.008896906198704884,0.020187676217952606
0.7446808510638298,0.07463634319221404,0.07271975699638224,0.0731301970345483,0.04483757549790274,0.008896906198704419,0.018618506511202775
0.7459324155193993,0.07458256730232103,0.07270862194481957,0.0731179070507406,0.04440093711611892,0.008896906198703768,0.017057720573233234
0.7471839799749688,0.07452879141242803,0.07269748689325692,0.0731056170669329,0.04382859145953057,0.008896906198704207,0.015540017016093722
0.7484355444305382,0.07447501552253503,0.07268635184169427,0.0730933270831252,0.04311832453352251,0.008896906198703772,0.014098967320897143
0.7496871088861077,0.07442123963264202,0.0726752167901316,0.07308103709931749,0.042273539104446416,0.008896906198704231,0.012766106939481723
0.7509386733416771,0.07436746374274902,0.07266408173856895,0.07306874711550979,0.04130199241285063,0.00889690619870365,0.011570026396063268
0.7521902377972466,0.07431368785285601,0.07265294668700628,0.07305645713170208,0.04021453388672309,0.008896906198703904,0.010535462388899517
0.7534418022528161,0.07425991196296301,0.07264181163544363,0.07304416714789438,0.039023842854719624,0.008896906198703479,0.009682388891942258
0.7546933667083855,0.07420613607307,0.07263067658388096,0.07303187716408668,0.037743166259406005,0.008896906198703135,0.009025108256499258
0.755944931163955,0.074152360183177,0.07261954153231831,0.07301958718027897,0.03638505637049183,0.008896906198703864,0.008571342312890994
0.7571964956195244,0.074098584293284,0.07260840648075566,0.07300729719647127,0.03496010849806374,0.008896906198703392,0.008321323472105326
0.7584480600750939,0.07404794775360964,0.07259727142919299,0.07299500721266357,0.03347569870582809,0.008896906198703885,0.008266885827461554
0.7596996245306633,0.07401782225993166,0.07258613637763034,0.07298271722885587,0.031934721524337795,0.008896906198703694,0.008390556256262846
0.7609511889862328,0.07398769676625369,0.07257500132606767,0.07297042724504817,0.030334327664237166,0.008896906198704011,0.008664645521459418
0.7622027534418023,0.07395757127257573,0.07256386627450502,0.07295813726124045,0.028710827497948916,0.00889690619870395,0.009050339373299365
0.7634543178973717,0.07392744577889776,0.07255273122294237,0.07294584727743275,0.02724065385932377,0.008896906198703824,0.009496789650993234
0.7647058823529412,0.07389732028521978,0.0725415961713797,0.07293355729362505,0.025991726271183097,0.008896906198704624,0.009940205384369377
0.7659574468085106,0.07386719479154182,0.07253046111981705,0.07292126730981735,0.024906763445995864,0.00889690619870452,0.01030294389552927
0.7672090112640801,0.07383706929786385,0.07251932606825438,0.07290897732600965,0.024006936027841583,0.008896906198705055,0.010492601900511359
0.7684605757196495,0.07380694380418588,0.07250819101669173,0.07289668734220195,0.023307674928399604,0.008896906198704575,0.01040110661094248
0.769712140175219,0.0737768183105079,0.07249705596512906,0.07288439735839423,0.022817735410459974,0.008896906198704778,0.010045125429692965
0.7709637046307886,0.07374669281682994,0.07248592091356641,0.07287210737458653,0.02251269908923842,0.008896906198704747,0.009819697062509736
0.772215269086358,0.07371656732315197,0.07247478586200376,0.07285981739077883,0.02238922158270957,0.008896906198704561,0.009819697062509541
0.7734668335419275,0.07368644182947401,0.0724636508104411,0.07284752740697113,0.022480146477330508,0.008896906198705326,0.009819697062510012
0.7747183979974969,0.07365631633579603,0.07245251575887844,0.07283523742316343,0.022770236616881667,0.008896906198704905,0.009819697062509306
0.7759699624530664,0.07362619084211806,0.07244138070731578,0.07282294743935572,0.0232058544067775,0.009039773103873655,0.009819697062509587
0.7772215269086358,0.0735960653484401,0.07243024565575312,0.07281065745554802,0.02372321735277137,0.009311155345174882,0.009819697062509236
0.7784730913642053,0.07356593985476213,0.07241911060419046,0.07279836747174032,0.02424733855751299,0.009426964136822105,0.009819697062509477
0.7797246558197748,0.07353581436108415,0.0724079755526278,0.07278607748793262,0.024690967217096207,0.009307075848267008,0.0098196970625098
0.7809762202753442,0.07350568886740619,0.07239684050106515,0.07277378750412491,0.024953529117614084,0.009038577193552826,0.009819697062509566
0.7822277847309137,0.07347556337372822,0.07238570544950249,0.0727614975203172,0.024920067131714817,0.008696099726089484,0.009819697062509946
0.7834793491864831,0.07344543788005026,0.07237457039793983,0.0727492075365095,0.02454063025080079,0.008342536109490364,0.009819697062509292
0.7847309136420526,0.07341531238637228,0.07236343534637717,0.0727369175527018,0.024245124637669764,0.008029756388423213,0.009819697062509876
0.785982478097622,0.07338518689269431,0.07235230029481451,0.0727246275688941,0.024186944855512645,0.007799324259448896,0.009819697062509736
0.7872340425531915,0.07335506139901635,0.07234116524325186,0.0727123375850864,0.024101054584960074,0.007683213341870889,0.00981969706250996
0.788485607008761,0.07332493590533838,0.0723300301916892,0.07270004760127868,0.0239883790298109,0.007704523448575225,0.009819697062510001
0.7897371714643304,0.07329481041166042,0.07231889514012654,0.07268775761747098,0.023850753772557277,0.007878196856874974,0.00981969706250943
0.7909887359198999,0.07326468491798244,0.07230776008856388,0.07267546763366328,0.023690801187437424,0.00821173457935764,0.009819697062509965
0.7922403003754693,0.07323455942430447,0.07229662503700122,0.07266317764985558,0.02351180685347848,0.0087059126347245,0.009819697062509646
0.7934918648310388,0.0732044339306265,0.07228548998543856,0.07265088766604788,0.023317595967550345,0.009355498318641093,0.009819697062510317
0.7947434292866082,0.07317430843694854,0.0722743549338759,0.07263859768224017,0.02311240975740926,0.01014996647457334,0.009819697062510024
0.7959949937421777,0.07314418294327056,0.07226321988231325,0.07262630769843247,0.022900781894751716,0.011074215764639716,0.009819697062509836
0.7972465581977473,0.07311603650019906,0.07225208483075059,0.07261401771462477,0.022687414908258454,0.012109284940449971,0.009819697062509633
0.7984981226533167,0.0730890340205727,0.07224094977918794,0.07260172773081706,0.02247705659664564,0.013233069113950354,0.009819697062509288
0.7997496871088862,0.07306203154094633,0.07222981472762527,0.07258943774700936,0.022274376441713338,0.014421036028270924,0.009819697062510329
0.8010012515644556,0.07303502906131995,0.07221867967606262,0.07257714776320165,0.022083842021391614,0.015646942328563052,0.009819697062509982
0.8022528160200251,0.07300802658169359,0.0721964836775352,0.07256485777939395,0.02190959542279469,0.016883549832852614,0.009819697062509885
0.8035043804755945,0.07298102410206722,0.07216724862523824,0.07255256779558625,0.021755329655261963,0.018103341802875084,0.009819697062509587
0.804755944931164,0.07295402162244084,0.07213801357294126,0.07254027781177855,0.021624165063413473,0.019279239214927003,0.009819697062510045
0.8060075093867335,0.07292701914281448,0.07210877852064429,0.07252798782797085,0.021518525740194003,0.020385317030705268,0.009819697062510757
0.8072590738423029,0.07290001666318811,0.07207954346834733,0.07251569784416313,0.021440015939923642,0.02139752046815211,0.00981969706251045
0.8085106382978724,0.07287301418356174,0.07205030841605035,0.07250340786035543,0.021389296491348343,0.022294381272303265,0.009819697062510293
0.8097622027534418,0.07284601170393537,0.07202107336375338,0.07249111787654773,0.021365961210681936,0.023057733986125054,0.009819697062509795
0.8110137672090113,0.07281900922430899,0.07199183831145642,0.07247882789274003,0.021368413314662747,0.02367343222136613,0.009819697062510346
0.8122653316645807,0.07279200674468263,0.07196260325915944,0.07246653790893233,0.021393741833596623,0.024132064929395063,0.009945001647786927
0.8135168961201502,0.07276500426505626,0.07193336820686248,0.07245424792512462,0.021540019679405286,0.02442967267204899,0.010238946546430027
0.8147684605757197,0.07273800178542988,0.07190413315456551,0.07244195794131691,0.021792112997967218,0.024668364774972643,0.010411158905931004
0.8160200250312891,0.07271099930580352,0.07187489810226853,0.07242966795750921,0.021937978068376985,0.025229267168515625,0.010306385574371269
0.8172715894868586,0.07268399682617714,0.07184566304997157,0.07241737797370151,0.021909152238890107,0.025648897031523506,0.010023724281033757
0.818523153942428,0.07265699434655078,0.0718164279976746,0.07240508798989381,0.021757165076065847,0.025315657389964864,0.009648264619129657
0.8197747183979975,0.07262999186692441,0.07178719294537762,0.0723927980060861,0.021522502572508238,0.02447968636948377,0.009251887603767057
0.8210262828535669,0.07260298938729803,0.07175795789308066,0.0723805080222784,0.021235000319049055,0.023371091524499114,0.0088940652299059
0.8222778473091364,0.07257598690767167,0.07172872284078369,0.0723682180384707,0.020964951542182378,0.02220233754696045,0.008622660030327824
0.823529411764706,0.0725489844280453,0.07169948778848673,0.072355928054663,0.020783658683987974,0.02117063397509705,0.00847472463359331
0.8247809762202754,0.07252198194841893,0.07167025273618975,0.0723436380708553,0.020699540640629854,0.020460322902170383,0.00847730132200479
0.8260325406758449,0.07249497946879256,0.07164101768389278,0.07233134808704758,0.020714511060984948,0.020245266685227456,0.00864822158957202
0.8272841051314143,0.0724679769891662,0.07161178263159582,0.07231905810323988,0.02083937209894113,0.020407789423164454,0.008996905699969599
0.8285356695869838,0.07244097450953982,0.07158254757929884,0.07230676811943218,0.021079555356549713,0.020747200476706723,0.009525162244505442
0.8297872340425532,0.07241397202991345,0.07155331252700188,0.07229447813562448,0.021435638643160372,0.021364031220360312,0.010227987700075755
0.8310387984981227,0.07238696955028708,0.0715240774747049,0.07228218815181678,0.02190386273456846,0.022405599719034948,0.011094365987134465
0.8322903629536922,0.07235996707066071,0.07149484242240793,0.07226989816800906,0.02247664813214859,0.023928705194481467,0.012108068027650203
0.8335419274092616,0.07233296459103435,0.07146560737011097,0.07225760818420136,0.023143111821997228,0.025767851411038756,0.01324845130307113
0.8347934918648311,0.07230596211140797,0.071436372317814,0.07224531820039366,0.023889584034075165,0.027761567917075222,0.014491259412289242
0.8360450563204005,0.0722789596317816,0.07140713726551703,0.07223302821658596,0.024700125001341465,0.029926208118518774,0.015809421629597087
0.83729662077597,0.07225195715215524,0.07137790221322006,0.07222073823277826,0.025557041718901358,0.03226211963122277,0.017173852462656188
0.8385481852315394,0.07222495467252886,0.07134866716092308,0.07219874700031151,0.02644140470313871,0.03475576584102163,0.018554251210454016
0.8397997496871089,0.07219002257132484,0.07131943210862612,0.072166252369304,0.027333564750861808,0.03738184746379567,0.019919901521272196
0.8410513141426784,0.07214996170618578,0.07128246259633136,0.07213375773829649,0.028213669698439983,0.04010542410552512,0.021240470950643943
0.8423028785982478,0.07210990084104671,0.07121099068964098,0.07210126310728898,0.029179912065743784,0.04288403582235283,0.02248681051931658
0.8435544430538173,0.07206983997590763,0.0711395187829506,0.07206876847628148,0.03018425307189064,0.04566982468064529,0.02363175427121881
0.8448060075093867,0.07202977911076856,0.07106804687626024,0.07203627384527397,0.03098812405072587,0.04848823053808307,0.024650918831416013
0.8460575719649562,0.07198971824562948,0.07099657496956986,0.07200377921426646,0.031536601080322454,0.05147658767093612,0.025523502964079285
0.8473091364205256,0.07194965738049042,0.07092510306287948,0.07197128458325895,0.03188122281608887,0.05428591627998338,0.026362420295969153
0.8485607008760951,0.07190959651535135,0.0708536311561891,0.07193878995225145,0.0320671270481442,0.05652520251430698,0.02756346468906374
0.8498122653316647,0.07186953565021227,0.07078215924949872,0.07190629532124393,0.03213410408059969,0.05827825006745846,0.02855471002141619
0.851063829787234,0.0718294747850732,0.07071068734280835,0.07187380069023643,0.032117650110853734,0.05961863663126765,0.028626890261264845
0.8523153942428036,0.07178941391993414,0.07063921543611797,0.07184130605922892,0.03205002060888355,0.06061282389922881,0.028038562368720304
0.853566958698373,0.07174935305479506,0.0705677435294276,0.07180881142822142,0.03196128369652951,0.06132326756987866,0.02702222389792243
0.8548185231539425,0.071709292189656,0.07049627162273722,0.0717763167972139,0.03188037352679202,0.061811527350186427,0.025787047840721528
0.8560700876095119,0.07166923132451693,0.07042479971604684,0.0717438221662064,0.031836143663116136,0.06227769871019191,0.02452161747034873
0.8573216520650814,0.07162917045937785,0.07034959994637281,0.07171132753519889,0.03185842045868712,0.06274448251921681,0.023396661185095653
0.8585732165206509,0.07158910959423878,0.07026675355564196,0.07167883290419137,0.03197905643571572,0.06304243347609903,0.022567787351985523
0.8598247809762203,0.0715490487290997,0.07018390716491113,0.07164633827318387,0.032232983664730375,0.0632338685323508,0.022178219150450432
0.8610763454317898,0.07150898786396064,0.07010106077418028,0.07161384364217636,0.03265926714386985,0.06349233037634987,0.02236152941600797
0.8623279098873592,0.07146892699882157,0.07001821438344943,0.07158134901116885,0.0333021581781681,0.06399904467395282,0.023422088766886187
0.8635794743429287,0.07142886613368249,0.06993536799271859,0.07154885438016134,0.03432896584464611,0.06494661333370824,0.0251188803539901
0.8648310387984981,0.07138880526854342,0.06985252160198775,0.07151635974915384,0.03560884754070954,0.06653459206208936,0.02686369657941418
0.8660826032540676,0.07134874440340436,0.0697696752112569,0.07148386511814633,0.03669551505684628,0.06876834144852967,0.028706735549295807
0.8673341677096371,0.07130868353826528,0.06968682882052606,0.07145137048713882,0.03751735443950313,0.07092006102774973,0.030816488939447793
0.8685857321652065,0.07125950779049232,0.06960398242979521,0.07141887585613131,0.038202067494274156,0.0727836481649748,0.03320442598114633
0.869837296620776,0.07120588665664865,0.06952113603906436,0.07138638122512381,0.03879930001659544,0.07476643594670064,0.03586318783792473
0.8710888610763454,0.07115226552280496,0.06943236116967877,0.07135388659411629,0.039348089535861865,0.0768285848816041,0.03876911655985874
0.8723404255319149,0.07109864438896127,0.06932453704178124,0.07132139196310879,0.03987806822237126,0.07893063597978857,0.04188478403786163
0.8735919899874843,0.07104502325511759,0.06921671291388372,0.07127888418536872,0.04041066579425867,0.08103541932039637,0.04533541250267145
0.8748435544430538,0.0709914021212739,0.0691088887859862,0.07119748532614922,0.040960312424441675,0.08309038462993451,0.049211972421473536
0.8760951188986233,0.07093778098743021,0.06900106465808867,0.07111608646692974,0.041535641647556576,0.08506666458899231,0.05298293482713606
0.8773466833541927,0.07088415985358654,0.06889324053019115,0.07103468760771026,0.042140693266899946,0.08698726217688572,0.056231582403757474
0.8785982478097623,0.07083053871974285,0.06878541640229363,0.07095328874849076,0.04277611626136929,0.08886025883059277,0.059062926264148705
0.8798498122653317,0.07077691758589916,0.06867759227439611,0.07087188988927128,0.043783031650529144,0.09067501262107683,0.061559076499913205
0.8811013767209012,0.07072329645205548,0.06856976814649858,0.07079049103005179,0.04525350235016602,0.09243654773083164,0.06378315098882031
0.8823529411764706,0.07066967531821179,0.06845138980620956,0.07070909217083231,0.04640878903818115,0.09407182303044616,0.06592015648887198
0.8836045056320401,0.0706160541843681,0.06832882678518655,0.07062769331161281,0.046859796317787555,0.09536584687019992,0.068123203985187
0.8848560700876096,0.07056243305052443,0.06820626376416353,0.07054629445239331,0.04686954053473632,0.09627227786769597,0.07005372289404178
0.886107634543179,0.07050881191668074,0.06808370074314053,0.07046489559317383,0.04666787690635855,0.09688678420509753,0.07146357266182848
0.8873591989987485,0.07045519078283705,0.06796113772211751,0.07038349673395435,0.04645481562765736,0.09722751298761415,0.07251584706684121
0.8886107634543179,0.07040156964899337,0.06783857470109451,0.0702883390745749,0.04643516562270475,0.09732199488032377,0.0733589893949371
0.8898623279098874,0.07033890430263602,0.06771601168007149,0.07019193834594414,0.04710312321789669,0.09721157787582405,0.07419083101538804
0.8911138923654568,0.07026844625370397,0.06759407698817359,0.0700955376173134,0.048271026243452496,0.09695658661103146,0.07514188041987974
0.8923654568210263,0.07019798820477194,0.06747437601345922,0.06999913688868264,0.04950769258753539,0.09663765172683242,0.07622747646249162
0.8936170212765958,0.07012753015583989,0.06735467503874486,0.0699027361600519,0.050840153024925436,0.09635703922772093,0.07755076587786608
0.8948685857321652,0.07005707210690786,0.0672349740640305,0.06980633543142115,0.05223463836717801,0.09629705805089131,0.07929877961309337
0.8961201501877347,0.06998661405797581,0.06711527308931614,0.0697099347027904,0.053974605040876596,0.09642804866858734,0.08168614672765773
0.8973717146433041,0.06991615600904377,0.06699557211460179,0.06961353397415965,0.05676253763738492,0.09624269166175309,0.08513388783639754
0.8986232790988736,0.06984569796011172,0.06687587113988742,0.0695171332455289,0.059990948202053654,0.09566454028958636,0.08942850380086748
0.899874843554443,0.06977523991117969,0.06675617016517306,0.06940726960082728,0.062717117264384,0.09500055326422971,0.09333951321692241
0.9011264080100125,0.06970478186224764,0.06663798494458677,0.06927600029990184,0.06523306861621571,0.09431548499744012,0.09667207784328338
0.902377972465582,0.0696343238133156,0.06652107153410208,0.0691447309989764,0.06834355463013767,0.09367849334294948,0.10001010660346993
0.9036295369211514,0.06956386576438356,0.06640415812361743,0.06901346169805096,0.07191403809029415,0.09323062789148698,0.10379185623526932
0.904881101376721,0.06949340771545151,0.06628724471313274,0.06888219239712552,0.07512435461373825,0.09318954987293382,0.1076007355730083
0.9061326658322904,0.06939642047405636,0.06617033130264809,0.0687509230962001,0.07825240138548777,0.09340126273373842,0.11075515939087546
0.9073842302878599,0.06927256236499331,0.0660534178921634,0.06861965379527465,0.08169756424708718,0.09343021745811685,0.11346728244807874
0.9086357947434293,0.06914870425593028,0.06593650448167875,0.06847777991663316,0.0853723745203393,0.09319624803391019,0.11632581912265944
0.9098873591989988,0.06902484614686723,0.06581959107119406,0.06831909182190639,0.08945771120064121,0.09288013533634946,0.11917551040131193
0.9111389236545683,0.06890098803780419,0.06570300260895548,0.06816040372717963,0.09482836745762865,0.09260284354561969,0.12153616185991123
0.9123904881101377,0.06877712992874115,0.06558656360346908,0.06800171563245289,0.10073218635687464,0.09270280180780646,0.12372385723378299
0.9136420525657072,0.0686532718196781,0.06547012459798267,0.06784302753772613,0.1067936559799909,0.09308408180275995,0.12567214444961777
0.9148936170212766,0.0685269882823961,0.06535368559249627,0.06768433944299938,0.11306291176132084,0.093267808133519,0.12736826353672062
0.9161451814768461,0.06837229023252797,0.06523724658700987,0.06752108002663453,0.1188088611381625,0.09326760156457263,0.129103945258541
0.9173967459324155,0.06821759218265985,0.06512080758152347,0.06735473217409448,0.12423134016887508,0.09327678880631868,0.13103799511566883
0.918648310387985,0.06806289413279172,0.06500436857603706,0.06718838432155441,0.13023065758328387,0.09357789426035815,0.13327430864439366
0.9198998748435545,0.06790819608292359,0.06488792957055066,0.06702203646901433,0.13695162262941157,0.09436199148421093,0.13589463096177512
0.9211514392991239,0.06775349803305547,0.06476707149371408,0.06685568861647428,0.14326008572428348,0.09526761768337849,0.139103100577949
0.9224030037546934,0.06759057940886519,0.06464506791955549,0.06668798118719345,0.1490500322907692,0.09601431053931855,0.1431138389579202
0.9236545682102628,0.06737688577948345,0.0645230643453969,0.06650312048195113,0.1550141191293356,0.09677135389426997,0.1478002390360235
0.9249061326658323,0.06716319215010169,0.0644010607712383,0.0663182597767088,0.16646648297054265,0.0995819255807821,0.1530584339826116
0.9261576971214017,0.06694949852071996,0.06427905719707973,0.06613339907146648,0.17679265004255262,0.10355431436974448,0.16154201200457813
0.9274092615769712,0.06673580489133821,0.06415705362292114,0.06594853836622415,0.1817636537213692,0.1051025772360693,0.16916942117070183
0.9286608260325407,0.06647776403077253,0.06403505004876255,0.06575955418805547,0.1923435555215375,0.10410818309262924,0.17070079914435513
0.9299123904881101,0.06621125941913623,0.06390786488338084,0.06553474433324814,0.20223578535305978,0.10267083817013578,0.17046511526581276
0.9311639549436797,0.06594475480749991,0.06376617654270861,0.06530993447844081,0.21418178710020436,0.10239201211069843,0.17149789717616762
0.932415519399249,0.06566883502245585,0.0636244882020364,0.0650851246236335,0.2333575673800185,0.103484642896778,0.1739360151423256
0.9336670838548186,0.06537832098634778,0.06348279986136417,0.06485978664441712,0.24379485985370683,0.10584479532155472,0.17760894729406113
0.934918648310388,0.06508780695023975,0.06334111152069194,0.06460240573574012,0.2521970832850996,0.10931057629691183,0.18205602975121196
0.9361702127659575,0.06477890200616633,0.06319942318001971,0.0643450248270631,0.27224142794611683,0.1140118534857144,0.18715844445650234
0.937421777221527,0.06440824616699396,0.06305773483934748,0.06408764391838608,0.2905534274040551,0.11980024066858239,0.19489114891669718
0.9386733416770964,0.06403759032782162,0.06289373897943444,0.06382963870123183,0.30374220408860275,0.1268281022054504,0.20375704497413566
0.9399249061326659,0.0636212685963447,0.06272339920322814,0.0635708592939671,0.32635710858995903,0.13610814871784102,0.20982533522820018
0.9411764705882353,0.06318977631175482,0.06255305942702186,0.06331207988670237,0.34996402384189007,0.14580060791147947,0.2145325224810011
0.9424280350438048,0.06274123930539531,0.06238271965081556,0.06305330047943764,0.3742752210959833,0.15325728006226205,0.22068772365729936
0.9436795994993742,0.06228231228341074,0.062212379874609265,0.062793270170253,0.4019832012298141,0.15986603630492702,0.22796391829578772
0.9449311639549437,0.061763285385370334,0.0620299667349183,0.0625330945177801,0.42543711311983434,0.16775990754997733,0.23654411786128468
0.9461827284105132,0.06120730162661177,0.061828240315963755,0.062272918865307184,0.4503854407925529,0.17662245982171534,0.24536975728546465
0.9474342928660826,0.0606513178678533,0.061626513897009225,0.062005576676806944,0.47842397619340526,0.1862999705699621,0.25253389818653377
0.9486858573216521,0.060095334109094775,0.06142478747805468,0.06172573699253196,0.5070420310767504,0.1965517549511342,0.25849523526527945
0.9499374217772215,0.0595393503503363,0.06122306105910015,0.06144589730825701,0.5352734462075557,0.20577283394307738,0.26381851782258614
0.951188986232791,0.0586155652187505,0.0608730092035046,0.06114304353244181,0.5654868257492849,0.21347664399385863,0.26930782568679607
0.9524405506883604,0.05796798350022744,0.06049257501302383,0.060579587964791085,0.5951364365901239,0.22016402154295645,0.27552021223058076
0.9536921151439299,0.05732052151687194,0.060150550628562706,0.06010627672946349,0.619522329448427,0.22644420575108104,0.2831303122362894
0.9549436795994994,0.056415960018070054,0.0598627020787523,0.05974292154011782,0.6409424919537019,0.2326082512585949,0.2958700644294412
0.9561952440550688,0.05584505265185208,0.05957485352894192,0.059379566350772184,0.6539410602490244,0.238641641875303,0.3085109867133216
0.9574468085106383,0.05489332496153232,0.05928408912595668,0.05901381491282458,0.6548552729293744,0.24496201718369978,0.3137250362546911
0.9586983729662077,0.05380907698160239,0.05898315944994463,0.058647860315565035,0.6504244601767832,0.2546181793336779,0.31941267476095536
0.9599499374217773,0.053237692074371006,0.05868222977393256,0.05828083996813353,0.6470904089331058,0.2672381115440525,0.33019831432613045
0.9612015018773468,0.05245190186106016,0.058379374682601626,0.05791229327401855,0.6404089913754436,0.2741435393975133,0.3384015583506084
0.9624530663329162,0.051364253556647754,0.05806709933065702,0.05754374657990359,0.6237577352521284,0.2760522118823264,0.34513669767427013
0.9637046307884857,0.05066713300844185,0.05775482397871238,0.05703115765410626,0.6062807055157976,0.28498761636921033,0.35828610129864763
0.9649561952440551,0.05005911718679716,0.05741177473870978,0.056522506672370285,0.5784157711473111,0.2952886824220179,0.3711990247983733
0.9662077596996246,0.04909576615833305,0.05696419024677597,0.05609610421041418,0.5439056456128213,0.2994915965711261,0.38465318753450906
0.967459324155194,0.04853978239957458,0.056529317748498,0.05566879408127504,0.5210617667395945,0.3104390679704585,0.39998351209599103
0.9687108886107635,0.04764201329942958,0.05615452290480039,0.05518067941104244,0.507515619672315,0.32728266072081663,0.40999873250195523
0.969962453066333,0.04698119738934039,0.05577972806110278,0.054674909811622124,0.5002936118385641,0.3437838670637222,0.4112827551602011
0.9712140175219024,0.046445318412157786,0.05536158631318224,0.05405341573284332,0.4966734724763872,0.35714928824346837,0.412148178415651
0.9724655819774719,0.04595068268813605,0.05492685127238365,0.053427465464066605,0.49604866706071227,0.37473471066466707,0.4286762443337347
0.9737171464330413,0.04547470120708646,0.054415490569315834,0.0527978513799949,0.49837151204072666,0.3910659456260338,0.46239936515323593
0.9749687108886108,0.045061619059050165,0.053855078094618127,0.05216272815135434,0.5036010191113707,0.4035968861251409,0.5084496894299988
0.9762202753441802,0.04464789608826495,0.0532812703553602,0.051522530806281504,0.49395392752062417,0.42881854081956156,0.5458005146145999
0.9774718397997497,0.044091912329506426,0.052702250309227365,0.05087846346799516,0.48413053399592143,0.45584083673878567,0.584983112724301
0.9787234042553192,0.04352255890952581,0.05211505986519027,0.050229729238158084,0.4739243793250716,0.48442451922366514,0.6250654095680425
0.9799749687108886,0.0429285845790161,0.0515188407896763,0.049556851500568745,0.46308536538946443,0.5142837350291382,0.6649661843740755
0.9812265331664581,0.042059252784371774,0.05091737975660277,0.04853664034105914,0.45131975515612344,0.5450860323178623,0.703455069781937
0.9824780976220275,0.04142199694024174,0.05030764304407462,0.04762651146066387,0.4382901726777072,0.5764523606602141,0.7391525518424511
0.983729662077597,0.04085259420312199,0.049676977498685757,0.04689820888247176,0.42361560309250795,0.6079570710342884,0.7705299700177277
0.9849812265331664,0.04029661044436354,0.0488240132116199,0.046020195006640605,0.40687139262445216,0.6391279158259009,0.7959095171811612
0.986232790988736,0.039424857375659324,0.04783008546157909,0.044980464106784544,0.387589248583101,0.6694460488285832,0.813464239617433
0.9874843554443055,0.038725243594254624,0.04709690308734175,0.04415521694180717,0.3652572393636503,0.6983460252435902,0.8212180370225108
0.9887359198998749,0.038119721005808724,0.046403373017464694,0.04323452812749999,0.3393197944469304,0.7252158016798924,0.8170456625036477
0.9899874843554444,0.0373,0.04532041413582882,0.042059371034291824,0.3091777043994055,0.7493967361541802,0.7986727225793819
0.9912390488110138,0.0373,0.044442761950742,0.04106082226721969,0.274188120873174,0.7701835880908641,0.7636756771795392
0.9924906132665833,0.0373,0.04371907897473055,0.039776585343042334,0.23366455660596896,0.7868245183220721,0.7094818396452297
0.9937421777221527,0.0373,0.042589212109186335,0.03857487313269005,0.1868768854211576,0.7985210890876528,0.6333693767288495
0.9949937421777222,0.0373,0.041511970090987615,0.03759047129893427,0.13305134222774206,0.8044282640351732,0.5324673085940825
0.9962453066332917,0.0373,0.0402984780301162,0.0373,0.07137052302035873,0.8036544082199191,0.4037555088158976
0.9974968710888611,0.0373,0.03937951408793067,0.0373,0.0009733848792776723,0.7952612881048948,0.2440647043805476
0.9987484355444306,0.0373,0.03799586150196212,0.0373,-0.07904475402959621,0.7782640715608242,0.05007647568557297
1.0,0.0373,0.0373,0.0373,-0.16963221445472265,0.7516313278661515,-0.1816767434601987
