U,x_si_comp_1,x_si_comp_2,x_si_comp_3,x_si_comp_4,x_si_total_raw
0.0373,0.3859885528950205,0.4991546146115233,0.02344408334744361,0.06697248992110172,0.9755597407750891
0.03821879866518354,0.38510880757731036,0.49913358152243326,0.02344408273152628,0.06696838233984978,0.9746548541711197
0.03913759733036708,0.38419803680432446,0.49911189815497425,0.023444082093224333,0.066964236514495,0.9737182535670181
0.04005639599555061,0.38325531137550944,0.49908954446376985,0.02344408143172424,0.06696005209379473,0.9727489893647983
0.04097519466073415,0.38227968685436065,0.4990664997892517,0.0234440807461829,0.06695582872337147,0.9717460961131666
0.041893993325917686,0.381270204347821,0.4990427428390749,0.02344408003572657,0.0669515660456865,0.970708593268309
0.042812791991101225,0.3802258913875866,0.49901825166898606,0.023444079299449756,0.06694726370001362,0.9696354860560361
0.04373159065628476,0.37914576291902014,0.49899300366312804,0.02344407853641405,0.06694292132241234,0.9685257664409745
0.044650389321468295,0.37802882240338503,0.4989669755137668,0.02344407774564694,0.06693853854570113,0.9673784142084999
0.045569187986651834,0.37687406303908283,0.4989401432004235,0.02344407692614057,0.06693411499943042,0.9661923981650773
0.04648798665183537,0.3756804691075092,0.4989124819683969,0.02344407607685046,0.06692965030985537,0.964966677462612
0.04740678531701891,0.37444701744901854,0.49888396630665793,0.02344407519669417,0.06692514409990852,0.9637002030522792
0.04832558398220245,0.37317267907431817,0.4988545699251001,0.02344407428454991,0.06692059598917215,0.9623919192731403
0.04924438264738598,0.37185642091637644,0.49882426573112787,0.023444073339255123,0.06691600559385054,0.96104076558061
0.05016318131256952,0.37049720772763456,0.49879302580556717,0.023444072359605016,0.066911372526742,0.9596456784195487
0.05108197997775306,0.3690940041269398,0.4987608213778756,0.023444071344350996,0.0669066963972107,0.9582055932463771
0.0520007786429366,0.36764577680017885,0.49872762280063904,0.023444070292199096,0.06690197681115836,0.9567194467041753
0.052919577308120136,0.3661514968580608,0.4986933995233312,0.023444069201808325,0.06689721337099569,0.955186178954196
0.05383837597330367,0.3646101423538937,0.49865812006531984,0.02344406807178894,0.06689240567561357,0.9536047361666161
0.054757174638487206,0.3630207009634912,0.49862175198809744,0.02344406690070072,0.06688755332035423,0.9519740731726436
0.055675973303670745,0.3613821728285538,0.4985842618667188,0.023444065687051065,0.06688265589698203,0.9502931562793057
0.05659477196885428,0.35969357356397075,0.4985456152604229,0.023444064429293164,0.06687771299365425,0.9485609662473411
0.05751357063403782,0.3579539374284906,0.49850577668241874,0.023444063125823974,0.06687272419489144,0.9467765014316247
0.058432369299221354,0.35616232065710773,0.498464709568815,0.02344406177498219,0.06686768908154778,0.9449387810824526
0.05935116796440489,0.354317804952301,0.49842237624666946,0.02344406037504613,0.06686260723078111,0.9430468488047976
0.06026996662958843,0.3524195011299505,0.49837873790113907,0.023444058924231546,0.06685747821602292,0.941099776171344
0.06118876529477196,0.3504665529143396,0.4983337545417058,0.02344405742068935,0.06685230160694788,0.9390966664836826
0.06210756395995551,0.34845814087512916,0.49828738496745695,0.023444055862503234,0.06684707696944356,0.9370366586745329
0.06302636262513904,0.3463934864975797,0.4982395867313963,0.023444054247687262,0.06684180386557949,0.9349189313422427
0.06394516129032257,0.3442718563755871,0.49819031610376263,0.023444052574183326,0.06683648185357638,0.9327427069071095
0.06486395995550612,0.34209256651531755,0.49813952803433226,0.023444050839858496,0.06683111048777504,0.9305072558772832
0.06578275862068965,0.33985498673536524,0.4980871761136806,0.023444049042502354,0.06682568931860498,0.9282119012101531
0.0667015572858732,0.3375585451474473,0.49803321253337973,0.02344404717982413,0.06682021789255302,0.9258560227532042
0.06762035595105673,0.33520273269969353,0.49797758804510617,0.023444045249449808,0.0668146957521315,0.9234390617463809
0.06853915461624027,0.3327871077626088,0.4979202519186342,0.023444043248919095,0.06680912243584643,0.9209605253660086
0.0694579532814238,0.33031130073580955,0.49786115189869007,0.02344404117568228,0.06680349747816541,0.9184199912883473
0.07037675194660734,0.32777501865166847,0.49780023416064134,0.023444039027096984,0.06679782040948525,0.9158171122488921
0.07129555061179088,0.3251780497500908,0.4977374432649951,0.023444036800424804,0.06679209075609954,0.9131516205716104
0.07221434927697441,0.3225202679968014,0.4976727221106816,0.023444034492827816,0.06678630804016597,0.9104233326404767
0.07313314794215794,0.31980163751578256,0.49760601188709463,0.023444032101364958,0.06678047177967338,0.9076321532839156
0.07405194660734149,0.31702221690489835,0.4975372520248644,0.02344402962298827,0.06677458148840865,0.9047780800411597
0.07497074527252504,0.31418216340230226,0.4974663801453369,0.023444027054539032,0.06676863667592346,0.9018612072781017
0.07588954393770855,0.31128173686998856,0.4973933320087332,0.023444024392743727,0.06676263684750078,0.8988817301189662
0.0768083426028921,0.30832130355984466,0.497318041460963,0.02344402163420987,0.0667565815041211,0.8958399481591387
0.07772714126807564,0.30530133962683076,0.4972404403790664,0.023444018775421686,0.06675047014242867,0.8927362689237475
0.07864593993325918,0.30222243435347607,0.4971604586152589,0.023444015812735614,0.0667443022546973,0.8895712110361679
0.07956473859844271,0.29908529304979103,0.4970780239395525,0.023444012742375685,0.06673807732879608,0.8863454070605155
0.08048353726362625,0.2958907395929521,0.49699306198092974,0.023444009560428712,0.06673179484815489,0.8830596059824654
0.08140233592880979,0.2926397185717765,0.49690549616704366,0.023444006262839285,0.06672545429172978,0.8797146752933893
0.08232113459399332,0.2893332970020653,0.49681524766242097,0.0234440028454046,0.06671905513396796,0.8763116026438588
0.08323993325917686,0.28597266558039264,0.49672223530514276,0.023443999303769135,0.0667125968447728,0.8728514970340774
0.08415873192436041,0.2825591394458545,0.49662637554198064,0.023443995633419052,0.06670607888946851,0.8693355895107227
0.08507753058954393,0.27909415842167334,0.49652758236196437,0.02344399182967649,0.06669950072876471,0.8657652333420789
0.08599632925472747,0.275579286711391,0.49642576722835946,0.023443987887693588,0.06669286181872067,0.8621419036461648
0.08691512791991102,0.27201621202765003,0.4963208390090342,0.023443983802446274,0.06668616161070949,0.85846719644984
0.08783392658509455,0.26840674413525795,0.49621270390519323,0.023443979568727923,0.06667939955138204,0.854742827160561
0.08875272525027808,0.2647528127943202,0.4961012653784626,0.023443975181142666,0.06667257508263066,0.8509706284365562
0.08967152391546163,0.26105646509369,0.49598642407630456,0.023443970634098556,0.06666568764155277,0.8471525474456458
0.09059032258064516,0.2573198621697615,0.4958680777557476,0.023443965921800404,0.06665873666041414,0.8432906425077236
0.09150912124582869,0.25354527531069937,0.49574612120541556,0.023443961038242433,0.06665172156661207,0.8393870791209694
0.09242791991101224,0.2497350814514784,0.4956204461658442,0.023443955977200587,0.06664464178263842,0.8354441253771616
0.09334671857619578,0.2458917580705478,0.4954909412480708,0.023443950732224633,0.06663749672604233,0.8314641467768855
0.0942655172413793,0.24201787750446643,0.4953574918504896,0.02344394529662991,0.06663028580939281,0.8274496004609788
0.09518431590656284,0.23811610070240324,0.49521998007396395,0.023443939663488823,0.06662300844024119,0.8234030288800971
0.09610311457174639,0.23418917044788579,0.4950782846351923,0.023443933825622047,0.06661566402108321,0.8193270529297834
0.09702191323692992,0.2302399040805254,0.4949322807783226,0.023443927775589304,0.0666082519493212,0.8152243645837585
0.09794071190211345,0.22627118575557953,0.49478184018481747,0.023443921505679966,0.06660077161722583,0.8110977190633029
0.098859510567297,0.22228595828404446,0.49462683088157416,0.023443915007903167,0.06659322241189776,0.8069499265854196
0.09977830923248053,0.21828721460042916,0.49446711714730307,0.023443908273977646,0.06658560371522923,0.8027838437369392
0.10069710789766406,0.21427798890937777,0.4943025594171788,0.023443901295321184,0.06657791490386515,0.7986023645257428
0.10161590656284761,0.21026134756581327,0.49413301418577443,0.0234438940630397,0.06657015534916438,0.7944084111637919
0.10253470522803114,0.20624037974621232,0.49395833390830035,0.023443886567915864,0.06656232441716063,0.7902049246395891
0.10345350389321468,0.20221818797094046,0.49377836690016746,0.023443878800397392,0.06655442146852317,0.7859948551400285
0.10437230255839822,0.19819787853924503,0.49359295723490443,0.02344387075058486,0.0665464458585174,0.7817811523832517
0.10529110122358175,0.19418255193947614,0.49340194464046105,0.023443862408219097,0.06653839693696542,0.7775667559251216
0.1062098998887653,0.19017529329739222,0.4932051643939343,0.02344385376266809,0.06653027404820604,0.7733545855022006
0.10712869855394883,0.18617916292497266,0.4930024472147641,0.02344384480291347,0.06652207653105498,0.7691475314737053
0.10804749721913237,0.18219718703103596,0.4927936191564453,0.023443835517536444,0.06651380371876475,0.7649484454237825
0.1089662958843159,0.17823234865315646,0.49257850149681615,0.023443825894703268,0.06650545493898442,0.7607601309836602
0.10988509454949943,0.17428757886791557,0.4923569106269851,0.02344381592215014,0.06649702951371907,0.7565853349307698
0.11080389321468298,0.17036574833346338,0.4921286579389684,0.02344380558716761,0.06648852675928929,0.7524267386188886
0.11172269187986651,0.16646965921474643,0.491893549712118,0.023443794876584344,0.06647994598629046,0.7482869497897393
0.11264149054505006,0.16260203753764257,0.49165138699842864,0.02344378377675038,0.06647128649955174,0.7441684948123732
0.11356028921023359,0.15876552601370053,0.4914019655068203,0.02344377227351972,0.06646254759809504,0.7400738113921356
0.11447908787541712,0.1549626773722773,0.4911450754865033,0.023443760352232286,0.06645372857509382,0.7360052417861067
0.11539788654060067,0.15119594823168678,0.4908805016095454,0.023443747997695295,0.06644482871783175,0.7319650265567592
0.1163166852057842,0.1474676935355858,0.49060802285276417,0.02344373519416384,0.06643584730766113,0.727955298890175
0.11723548387096774,0.1437801615753188,0.4903274123790904,0.023443721925320876,0.0664267836199612,0.7239780794996913
0.11815428253615128,0.14013548961339042,0.49003843741854786,0.023443708174256398,0.06641763692409648,0.7200352721302913
0.11907308120133481,0.13653570011771748,0.48974085914901766,0.023443693923445922,0.06640840648337466,0.7161286596735558
0.11999187986651835,0.13298269761089973,0.48943443257696373,0.023443679154728142,0.06639909155500463,0.7122599008975963
0.12091067853170188,0.12947826613350596,0.4891189064183101,0.023443663849281805,0.06638969139005423,0.708430527791152
0.12182947719688543,0.1260240673153657,0.4887940229796775,0.02344364798760172,0.06638020523340786,0.7046419435160527
0.12274827586206896,0.12262163904413984,0.48845951804020216,0.023443631549473917,0.06637063232372407,0.70089542095754
0.1236670745272525,0.11927239471605482,0.4881151207341722,0.0234436145139499,0.06636097189339303,0.69719210185757
0.12458587319243604,0.1159776230496802,0.4877605534347408,0.02344359685931994,0.0663512231684936,0.6935329965122345
0.12550467185761957,0.11273848844001982,0.48739553163898686,0.023443578563085442,0.0663413853687507,0.6899189840108427
0.12642347052280312,0.10955603182700924,0.4870197638546162,0.023443559601930272,0.0663314577074923,0.6863508129910479
0.12734226918798663,0.10643117204977545,0.4866329514886154,0.023443539951691055,0.06632143939160633,0.6828291028816882
0.12826106785317018,0.10336470765572328,0.4862347887381889,0.0234435195873264,0.06631132962149755,0.6793543456027361
0.12917986651835373,0.10035731913167212,0.48582496248433416,0.023443498482885,0.06630112759104433,0.6759269076899356
0.13009866518353724,0.0974095715228612,0.48540315218842905,0.023443476611472572,0.0662908324875552,0.672547032810318
0.13101746384872082,0.09452191740466585,0.4849690297922297,0.02344345394521761,0.06628044349172546,0.6692148446338386
0.13193626251390433,0.09169470017129888,0.48452225962170187,0.023443430455235864,0.06626995977759359,0.6659303500258302
0.13285506117908785,0.0889281576055796,0.4840624982951301,0.02344340611159357,0.06625938051249773,0.6626934425248009
0.13377385984427143,0.0862224256940325,0.483589394635979,0.02344338088326932,0.06624870485703184,0.6595039060703127
0.13469265850945494,0.08357754265206901,0.48310258959100355,0.023443354738114545,0.066237931965002,0.656361418946189
0.1356114571746385,0.08099345312480012,0.4826017161541334,0.023443327642812577,0.06622706098338249,0.6532655579051285
0.13653025583982203,0.07847001253008756,0.4820863992966844,0.023443299562836206,0.06621609105227201,0.6502158024418802
0.13744905450500555,0.07600699151171629,0.4815562559044795,0.02344327046240372,0.06620502130484954,0.647211539183449
0.1383678531701891,0.07360408047205273,0.481010894722488,0.023443240304433344,0.06619385086733037,0.6442520663663045
0.13928665183537264,0.07126089415518831,0.4804499163076253,0.023443209050495992,0.06618257885892206,0.6413365983722317
0.14020545050055616,0.06897697625332884,0.47987291299038254,0.02344317666076635,0.06617120439178026,0.638464270296258
0.1411242491657397,0.0667518040110537,0.47927946884598843,0.02344314309397217,0.06615972657096453,0.6356341425219789
0.14204304783092325,0.0645847928039953,0.47866915967583634,0.023443108307341677,0.0661481444943942,0.6328452052815675
0.14296184649610677,0.06247530067045483,0.4780415529999398,0.023443072256549156,0.06613645725280405,0.6300963831797478
0.14388064516129032,0.060422632776454974,0.4773962080612148,0.023443034895658483,0.06612466392970018,0.6273865396630284
0.14479944382647386,0.05842604579670506,0.4767326758424151,0.02344299617706465,0.06611276360131561,0.6247144814175004
0.14571824249165738,0.05648475219589967,0.4760504990965808,0.023442956051433147,0.06610075533656615,0.6220789626804797
0.14663704115684092,0.054597924396677,0.475349212391894,0.023442914467637174,0.06608863819700596,0.619478689453214
0.14755583982202447,0.05276469882240411,0.4746283421718607,0.02344287137269252,0.0660764112367834,0.6169123236037407
0.148474638487208,0.050984179804725534,0.47388740683177605,0.023442826711690144,0.06606407350259676,0.6143784868507886
0.14939343715239156,0.0492554433474995,0.4731259168124551,0.023442780427726254,0.06605162403364992,0.6118757646213309
0.15031223581757508,0.04757754074034045,0.47234337471224247,0.0234427324618299,0.06603906186160823,0.6094027097760211
0.1512310344827586,0.045949502016482964,0.47153927541834145,0.023442682752887887,0.06602638601055426,0.6069578461982665
0.15214983314794217,0.044370339251080276,0.4707131062585306,0.023442631237567017,0.06601359549694372,0.6045396722441216
0.1530686318131257,0.0428390496973397,0.4698643471743588,0.02344257785023346,0.06600068932956125,0.6021466640514932
0.15398743047830923,0.04135461875908288,0.468992470916936,0.023442522522869224,0.06598766650947648,0.5997772787083647
0.15490622914349278,0.03991602279940101,0.4680969432664525,0.023442465184985634,0.06597452602999995,0.5974299572808391
0.1558250278086763,0.03852223178604879,0.4671772232765826,0.023442405763533597,0.06596126687663928,0.5951031277028043
0.15674382647385984,0.03717221177509703,0.4662327635449402,0.02344234418281065,0.0659478880270553,0.5927952075299032
0.1576626251390434,0.03586492723514083,0.4652630105107653,0.02344228036436467,0.06593438845101826,0.5905046065612891
0.1585814238042269,0.034599343215039886,0.46426740478103107,0.02344221422689403,0.06592076711036426,0.5882297293333292
0.15950022246941045,0.03337442735876213,0.4632453814861606,0.023442145686144195,0.06590702295895161,0.5859689774900185
0.160419021134594,0.032189151771407486,0.46219637066654556,0.023442074654800502,0.0658931549426175,0.583720752035371
0.16133781979977752,0.031042494740915565,0.46111979769104877,0.023442001042377144,0.06587916199913456,0.581483455473476
0.16225661846496106,0.02993344232031431,0.4600150837086643,0.023441924755102025,0.06586504305816779,0.5792554938422484
0.1631754171301446,0.02886098977565045,0.45888164613448956,0.02344184569579753,0.06585079704123152,0.5770352786471691
0.16409421579532812,0.02782414290496157,0.4577188991711388,0.023441763763756944,0.06583642286164641,0.5748212287015037
0.16501301446051167,0.026821919233812597,0.4565262543666965,0.023441678854616357,0.06582191942449689,0.5726117718796224
0.16593181312569522,0.02585334909302907,0.4553031212102721,0.02344159086022201,0.06580728562658844,0.5704053467901116
0.16685061179087876,0.024917476584319833,0.45404890776616497,0.023441499668492714,0.06579252035640536,0.5682004043753829
0.16776941045606228,0.024013360439502876,0.4527630213476003,0.02344140516327744,0.06577762249406854,0.5659954094444493
0.16868820912124582,0.023140074779027842,0.45144486923092364,0.023441307224207605,0.06576259091129345,0.5637888421454526
0.16960700778642937,0.022296709775438527,0.4500938594110719,0.023441205726544116,0.06574742447134843,0.5615791993844029
0.1705258064516129,0.021482372227336115,0.4487094013990523,0.023441100541018813,0.06573212202901317,0.5593649961964204
0.17144460511679643,0.0206961860492997,0.4472909070620635,0.023440991533670182,0.06571668243053731,0.5571447670755707
0.17236340378197998,0.01993729268309275,0.4458377915067874,0.023440878565673152,0.06570110451359955,0.5549170672691528
0.1732822024471635,0.01920485143533927,0.44434947400626085,0.02344076149316271,0.06568538710726676,0.5526804740420296
0.17420100111234704,0.018498039746693624,0.4428253789706039,0.023440640167051118,0.06566952903195349,0.5504335879163021
0.1751197997775306,0.01781605339735718,0.4412649369617414,0.02344051443283855,0.06565352909938173,0.5481750338913189
0.17603859844271413,0.017158106653612722,0.4396675857520923,0.023440384130416856,0.06563738611254101,0.545903462648663
0.17695739710789765,0.016523432359861295,0.43803277142703967,0.02344024909386623,0.06562109886564878,0.543617551746416
0.1778761957730812,0.01591128198045243,0.4363599495308034,0.02344010915124455,0.0656046661441111,0.5413160068066115
0.17879499443826474,0.01532092559540418,0.43464858625514924,0.023439964124369047,0.06558808672448369,0.5389975626994061
0.17971379310344826,0.014751651853911953,0.43289815967015244,0.023439813828590155,0.06557135937443333,0.5366609847270879
0.1806325917686318,0.014202767889348746,0.4311081609960162,0.023439658072557115,0.06555448285269957,0.5343050698106216
0.18155139043381535,0.013673599199264844,0.4292780959147083,0.02343949665797518,0.065537455909057,0.5319286476810053
0.18247018909899887,0.013163489493701578,0.4274074859199302,0.023439329379353967,0.06552027728427763,0.5295305820772633
0.18338898776418242,0.01267180051494544,0.4254958697036744,0.02343915602374681,0.06550294571009391,0.5271097719524606
0.18430778642936596,0.012197911831663773,0.42354280457735477,0.02343897637048062,0.06548545990916206,0.5246651526886613
0.1852265850945495,0.011741220610183373,0.42154786792520876,0.023438790190876056,0.0654678185950259,0.5221956973212941
0.18614538375973302,0.011301141365498972,0.41951065868738224,0.023438597247957542,0.06545002047208111,0.5197004177729199
0.18706418242491657,0.010877105694430032,0.4174307988698048,0.02343839729615288,0.06543206423553989,0.5171783660959276
0.18798298109010012,0.01046856199318217,0.4153079350776555,0.023438190080981962,0.06541394857139624,0.5146286357232159
0.18890177975528363,0.010074975161413114,0.41314174006890336,0.023437975338734304,0.06539567215639161,0.5120503627254424
0.18982057842046718,0.0096958262947544,0.4109319143240916,0.02343775279613494,0.06537723365798116,0.5094427270729621
0.19073937708565072,0.009330612367597236,0.4086781876282108,0.023437522169998243,0.06535863173430051,0.5068049539001067
0.19165817575083424,0.008978845907814885,0.4063803206601854,0.02343728316686936,0.06533986503413301,0.5041363147690027
0.1925769744160178,0.00864005466496511,0.40403810658518,0.023437035482652593,0.06532093219687772,0.5014361289296754
0.19349577308120133,0.008313781273393793,0.40165137264461503,0.02343677880222655,0.0653018318525178,0.49870376457275317
0.19441457174638488,0.007999582911544538,0.3992199817384727,0.023436512799045312,0.0652825626215895,0.49593864007065197
0.1953333704115684,0.0076970309586701854,0.39674383399417784,0.023436237134725337,0.06526312311515205,0.4931402252027254
0.19625216907675194,0.007405710650038453,0.39422286831604864,0.023435951458617463,0.06524351193475782,0.4903080423594624
0.1971709677419355,0.007125220731627396,0.3916570639090444,0.02343565540736354,0.06522372767242338,0.4874416677204587
0.198089766407119,0.006855173115214668,0.389046441770282,0.023435348604437082,0.06520376891060115,0.4845407324005349
0.19900856507230255,0.006595192534679582,0.3863910661415666,0.023435030659667504,0.06518363422215182,0.4816049235580655
0.1999273637374861,0.006344916204256852,0.3836910459159736,0.023434701168747164,0.06516332217031733,0.478633985459295
0.20084616240266961,0.00610399347940614,0.3809465359913449,0.023434359712720797,0.0651428313086948,0.4756277204921667
0.20176496106785316,0.005872085520892023,0.37815773856341467,0.023434005857456575,0.06512216018121104,0.4725859901229743
0.2026837597330367,0.005648864962604207,0.3753249043511765,0.02343363915309823,0.06510130732209791,0.4695087157889768
0.20360255839822025,0.0054340155835873915,0.37244833374702546,0.02343325913349751,0.06508027125586856,0.466395879719979
0.20452135706340377,0.005227231984694519,0.3695283778841851,0.023432865315626304,0.06505905049729428,0.46324752568180017
0.20544015572858731,0.005028219270225255,0.36656543961394134,0.02343245719896776,0.06503764355138243,0.46006375963451673
0.20635895439377086,0.004836692734863802,0.3635599743852706,0.023432034264885528,0.06501604891335507,0.456844750298375
0.20727775305895438,0.0046523775561859056,0.3605124910195561,0.023431595975970523,0.0649942650686285,0.453590729620341
0.20819655172413792,0.0044750084929642674,0.35742355237325585,0.023431141775364255,0.06497229049279384,0.45030199313437824
0.20911535038932147,0.004304329589464292,0.3542937758816012,0.02343067108605807,0.06495012365159837,0.44697890020872194
0.210034149054505,0.004140093885887665,0.35112383397667496,0.02343018331016731,0.0649277630009279,0.44362187417365784
0.21095294771968853,0.003982063135089795,0.3479144543735495,0.02342967782817956,0.0649052069867901,0.44023140232360897
0.21187174638487208,0.003830007525668684,0.3446664202185503,0.02342915399817616,0.06488245404529891,0.4368080357876941
0.21279054505005562,0.0036837054114962926,0.34138057009414885,0.02342861115502591,0.06485950260265984,0.4333523892633309
0.21370934371523914,0.0035429430477399194,0.33805779787548834,0.023428048609550098,0.06483635107515646,0.42986514060793485
0.2146281423804227,0.003407514333399331,0.334699052434097,0.023427465647657787,0.06481299786913783,0.4263470302842919
0.21554694104560623,0.0032772205603659294,0.33130533718494787,0.023426861529450442,0.06478944138100716,0.42279886065577144
0.21646573971078975,0.0031518701689925996,0.3278777094736791,0.023426235488294624,0.0647656799972115,0.41922149512817786
0.2173845383759733,0.003031278510146889,0.3244172798014898,0.023425586729861884,0.06474171209423266,0.41561585713573124
0.21830333704115684,0.0029152676137062087,0.320925210885975,0.02342491443113458,0.06471753603857919,0.4119829289693949
0.21922213570634036,0.0028036659634408066,0.31740271655694496,0.02342421773937641,0.06469315018677974,0.4083237504465419
0.2201409343715239,0.0026963082782190916,0.31385106048709643,0.0234234957710666,0.06466855288537751,0.4046394174217597
0.22105973303670745,0.0025930352994600232,0.3102715547582502,0.02342274761079633,0.06464374247092598,0.4009310801394325
0.221978531701891,0.002493693584748289,0.30666555826474146,0.023421972310126254,0.06461871726998597,0.39719994142960197
0.22289733036707451,0.0023981353075205,0.30303447495643765,0.023421168886403613,0.06459347559912404,0.3934472547494858
0.22381612903225806,0.0023062180627239784,0.2993797519247547,0.023420336321537723,0.06456801576491207,0.38967432207392844
0.2247349276974416,0.00221780467834394,0.2957028773359454,0.023419473560732342,0.06454233606392852,0.38588249163895016
0.22565372636262512,0.002132763032690046,0.29200537821682615,0.02341857951117343,0.06451643478276069,0.38207315554345034
0.22657252502780867,0.0020509658773292844,0.28828881809899004,0.023417653040670863,0.06449031019800877,0.37824774721499893
0.22749132369299221,0.0019722906655487834,0.2845547945284213,0.02341669297625247,0.06446396057629114,0.3744077387465137
0.22841012235817573,0.001896619386229367,0.28080493644825116,0.023415698102708868,0.06443738417425122,0.3705546381114406
0.22932892102335928,0.0018238384030087216,0.27704090146320004,0.023414667161087286,0.06441057923856588,0.3666899862658619
0.23024771968854282,0.0017538382986114133,0.27326437299500184,0.02341359884713295,0.06438354400595528,0.3628153541467015
0.23116651835372637,0.0016865137242218623,0.269477057338809,0.02341249180967594,0.06435627670319446,0.3589323395759012
0.2320853170189099,0.0016217632537759105,0.2656806806312235,0.023411344648961996,0.06432877554712638,0.3550425640810878
0.23300411568409343,0.0015594892430462312,0.2618769857411799,0.02341015591492519,0.06430103874467674,0.35114766964382804
0.23392291434927698,0.0014995976933971308,0.258067729095421,0.02340892410540073,0.06427306449287039,0.34724931538708925
0.2348417130144605,0.0014419981200845873,0.2542546774507388,0.023407647664275832,0.06424485097884945,0.3433491742139487
0.23576051167964404,0.0013866034249782225,0.25043960462551706,0.02340632497957658,0.0642163963798932,0.339448929409965
0.2366793103448276,0.0013333297735828938,0.2466242882033808,0.023404954381488794,0.06418769886343981,0.3355502712218923
0.2375981090100111,0.001282096476238782,0.24281050622195238,0.02340353414031075,0.0641587565871097,0.3316548934256116
0.23851690767519465,0.0012328258733802953,0.23900003385980853,0.023402062464335432,0.06412956769873097,0.32776448989625523
0.2394357063403782,0.001185443224735731,0.23519464013475266,0.023400537497660228,0.06410013033636647,0.3238807511935151
0.24035450500556174,0.0011398766023513673,0.2313960846264319,0.023398957317921555,0.06407044262834292,0.3200053611750478
0.24127330367074526,0.0010960567873255762,0.2276061142361694,0.023397319933952197,0.06404050269328207,0.3161399936507292
0.2421921023359288,0.0010539171701404882,0.22382645999662812,0.023395623283358834,0.06401030864013356,0.312286309090261
0.24311090100111235,0.0010133936544809328,0.2200588339435886,0.023393865230017144,0.06397985856821002,0.3084459513962967
0.24402969966629587,0.0009744245644324551,0.2163049260617057,0.02339204356148216,0.06394915056722421,0.3046205447548445
0.24494849833147941,0.0009369505549525175,0.21256640131561824,0.023390155986310984,0.06391818271732809,0.3008116905742098
0.24586729699666296,0.0009009145255112771,0.20884489677722443,0.023388200131295275,0.06388695308915424,0.2970209645231852
0.24678609566184648,0.0008662615368006415,0.2051420188593027,0.023386173538600768,0.06385545974385914,0.29324991367856323
0.24770489432703002,0.0008329387304126934,0.2014593406649731,0.02338407366281094,0.06382370073316904,0.2895000537913658
0.24862369299221357,0.0008008952513909768,0.19779839946175387,0.02338189786787194,0.06379167409942764,0.28577286668044444
0.24954249165739711,0.0007700821735604904,0.19416069428817773,0.023379643423935833,0.06375937787564641,0.28206979776132046
0.25046129032258063,0.0007404524275446695,0.19054768370011188,0.023377307504099165,0.06372681008555692,0.27839225371731263
0.2513800889877642,0.0007119607313800393,0.18696078366306979,0.023374887181033747,0.06369396874366574,0.27474160031914935
0.2522988876529477,0.0006845635236415999,0.18340136559592518,0.023372379423506492,0.06366085185531162,0.2711191603983849
0.25321768631813124,0.0006582188989943564,0.1798707545705444,0.023369781092785164,0.06362745741672506,0.267526211979049
0.25413648498331476,0.0006328865460888216,0.176370227670959,0.02336708893892676,0.06359378341509044,0.263963986571065
0.25505528364849833,0.0006085276877205927,0.1729010125147953,0.023364299596945207,0.06355982782861055,0.26043366762807163
0.25597408231368185,0.0005851050231764266,0.16946428593879181,0.02336140958285503,0.0635255886265738,0.2569363891713971
0.2568928809788654,0.0005625826726915039,0.16606117284935243,0.02335841528958757,0.06349106376942383,0.2534732345810553
0.25781167964404894,0.000540926123944838,0.16269274523823687,0.023355312982776332,0.06345625120883185,0.2500452355537899
0.25873047830923246,0.000520102180521914,0.15936002136265082,0.023352098796407893,0.0634211488877716,0.24665337122735226
0.259649276974416,0.0005000789122758893,0.15606396508821396,0.023348768728334926,0.06338575474059711,0.24329856746942186
0.26056807563959955,0.00048082560752073217,0.1528054853925187,0.0233453186356477,0.063350066693123,0.2399816963288101
0.2614868743047831,0.0004623127269918041,0.14958543602628377,0.02334174422990052,0.06331408266270777,0.23670357564588385
0.26240567296996664,0.0004445118595113794,0.14640461532843352,0.023338041072189425,0.06327780055833972,0.23346496881847406
0.26332447163515016,0.0004273956792986195,0.1432637661908196,0.023334204568077582,0.06324121828072592,0.2302665847189217
0.2642432703003337,0.0004109379048654472,0.1401635761677345,0.023330229962364696,0.06320433372238392,0.22710907775734857
0.2651620689655172,0.0003951132594416585,0.13710467772485088,0.023326112333696806,0.06316714476773651,0.22399304808572584
0.26608086763070077,0.0003798974328744605,0.13408764862176795,0.023321846589012818,0.06312964929320936,0.22091904193686457
0.26699966629588434,0.00036526704494944115,0.13111301242194445,0.02331742745782425,0.06309184516733185,0.21788755209205
0.26791846496106786,0.00035119961008170934,0.128181239123452,0.023312849486324484,0.06305373025084082,0.214899018470699
0.2688372636262514,0.0003376735033276744,0.12529274590369738,0.023308107031324115,0.06301530239678742,0.21195382883513658
0.2697560622914349,0.0003246679276695989,0.12244789797103008,0.023303194254008824,0.0629765594506472,0.20905231960335569
0.27067486095661847,0.00031216288252665386,0.11964700951597022,0.0232981051135164,0.06293749925043346,0.20619477676244674
0.271593659621802,0.0003001391334478119,0.11689034475466913,0.023292833360329643,0.06289811962681356,0.20338143687526017
0.27251245828698556,0.00028857818294340283,0.11417811905713612,0.023287372529481813,0.06285841840322881,0.20061248817279015
0.2734312569521691,0.00027746224241368756,0.1115105001527423,0.023281715933571628,0.06281839339601743,0.19788807172474504
0.2743500556173526,0.0002667742051341927,0.10888760940552171,0.02327585665558479,0.06277804241454113,0.19520828268078183
0.2752688542825361,0.00025649762025899104,0.10630952315185921,0.02326978754151929,0.06273736326131481,0.1925731715749523
0.2761876529477197,0.0002466166678044402,0.10377627409324547,0.023263501192811828,0.0626963537321399,0.18998274568600165
0.2771064516129032,0.00023711613457721398,0.1012878527369208,0.023256989958563012,0.06265501161624114,0.18743697044630217
0.2780252502780868,0.0002279813910117244,0.09884420887739159,0.023250245927559084,0.06261333469640679,0.18493577089236918
0.2789440489432703,0.00021919836888328943,0.09644525311200862,0.02324326092008841,0.06257132074913256,0.18247903315011288
0.2798628476084538,0.00021075353986455355,0.09409085838401018,0.023236026479550996,0.06252896754476912,0.18006660594819485
0.28078164627363733,0.00020263389489386642,0.09178086154668932,0.023228533863859865,0.06248627284767305,0.1776983021531161
0.2817004449388209,0.00019482692432540958,0.08951506494260272,0.023220774036633387,0.062443234416361855,0.17537390031992336
0.2826192436040045,0.00018732059883196474,0.08729323799202646,0.02321273765817804,0.06239985000367233,0.17309314625270877
0.283538042269188,0.0001801033510322437,0.08511511878515557,0.0232044150762616,0.06235611735692305,0.17085575456937246
0.2844568409343715,0.00017316405781572935,0.08298041567285314,0.023195796316677217,0.062312034218080334,0.16866141026542641
0.28537563959955503,0.00016649202333894416,0.08088880885106839,0.023186871073599367,0.062267598323928385,0.1665097702719351
0.28629443826473855,0.0001600769626680081,0.07883995193435878,0.023177628699733284,0.06222280740624309,0.16440046500300315
0.2872132369299221,0.00015390898604326333,0.07683347351427561,0.023168058196260125,0.06217765919196987,0.16233309988854888
0.28813203559510564,0.00014797858374262688,0.07486897869869254,0.023158148202580827,0.06213215140340552,0.1603072568884215
0.2890508342602892,0.00014227661152117343,0.07294605062847401,0.023147886985862266,0.06208628175838395,0.15832249598424142
0.28996963292547273,0.00013679427660529347,0.07106425196820082,0.023137262430390503,0.062040047970466174,0.1563783566456628
0.29088843159065625,0.00013152312422054093,0.06922312636797376,0.023126262026736275,0.06199344774913417,0.15447435926806474
0.2918072302558398,0.00012645502463307304,0.06742219989362587,0.023114872860739398,0.061946478799989026,0.15261000657898735
0.29272602892102334,0.00012158216068531296,0.06566098242296355,0.023103081602319418,0.06189913882495323,0.1507847850109215
0.2936448275862069,0.00011689701580717994,0.06393896900594348,0.023090874494121196,0.061851425522477195,0.14899816603834906
0.29456362625139043,0.00011239236248493038,0.062255641186969725,0.023078237340005258,0.06180333658774986,0.14724960747720978
0.29548242491657395,0.00010806125117030363,0.060610468287752774,0.023065155493393972,0.0617548697129139,0.14553855474523095
0.2964012235817575,0.000103896999613322,0.05900290864943032,0.02305161384548626,0.06170602258728484,0.14386444208181473
0.29732002224694104,9.989318260269978e-05,0.05743241083288383,0.023037596813354815,0.06165679289757494,0.14222669372641628
0.29823882091212456,9.6043622098423e-05,0.05589841477641128,0.023023088327941508,0.06160717832812114,0.14062472505457235
0.29915761957730813,9.23423777416304e-05,0.05440035291013266,0.023008071821968457,0.061557176561117685,0.13905794367096042
0.30007641824249165,8.87837377274816e-05,0.05293765122670051,0.022992530217783975,0.061506785276853035,0.137525750459065
0.30099521690767517,8.536221002723273e-05,0.05150973030807455,0.02297644591516463,0.06145600215395125,0.13602754058721767
0.30191401557285874,8.207251394626033e-05,0.050116006308295706,0.022959800779096737,0.061404824869618124,0.13456270447095683
0.30283281423804226,7.890957200525901e-05,0.04875589189235077,0.022942576127562814,0.06135325109989167,0.13313062869181053
0.3037516129032258,7.586850213232767e-05,0.04742879713136716,0.022924752719360904,0.06130127851989719,0.1317306968727576
0.30467041156840935,7.294461015411752e-05,0.04613413035451336,0.022906310741987134,0.061248904804107135,0.13036229051076176
0.30558921023359287,7.013338257465522e-05,0.04487129895810127,0.022887229799614606,0.06119612762660546,0.129024789766896
0.3065080088987764,6.74304796308847e-05,0.04363971017249597,0.02286748890120434,0.06114294466135666,0.12771757421468785
0.30742680756395996,6.483172861438713e-05,0.042438771787540894,0.022847066448787135,0.061089353582479626,0.12644002354742204
0.3083456062291435,6.233311744913207e-05,0.04126789283729142,0.022825940225958224,0.06103535206452618,0.12519151824522495
0.309264404894327,5.99307885154913e-05,0.040126484244928005,0.02280408738662973,0.060980937782764276,0.12397144020283751
0.31018320355951057,5.7621032711125756e-05,0.03901395942878973,0.022781484444089638,0.06092610841346611,0.1227791733190566
0.3111020022246941,5.540028373970299e-05,0.0379297348705255,0.022758107260419266,0.06087086163420103,0.12161410404888551
0.31202080088987766,5.326511261874263e-05,0.03687323064640968,0.022733931036325185,0.06081519512413316,0.12047562191948677
0.3129395995550612,5.1212222398226005e-05,0.03584387092291253,0.022708930301445353,0.060759106564324025,0.11936312001108014
0.3138583982202447,4.923844308191166e-05,0.03484108441764576,0.022683078905193277,0.06070259363803998,0.11827599540396093
0.31477719688542827,4.734072674361181e-05,0.03386430482683336,0.02265635000820825,0.06064565403106451,0.11721364959284972
0.3156959955506118,4.551614283097449e-05,0.03291297122047474,0.022628716074484186,0.06058828543201546,0.11617548886980536
0.3166147942157953,4.3761873649599025e-05,0.03198652840638156,0.02260014886425388,0.060530485532667266,0.11516092467695231
0.3175335928809789,4.207521002058697e-05,0.031084427264277823,0.02257061942771038,0.06047225202827804,0.11416937393028682
0.3184523915461624,4.045354710489049e-05,0.030206125051154314,0.022540098099651913,0.060413582617921596,0.11320025931583272
0.3193711902113459,3.889438038807245e-05,0.029351085679066066,0.022508554495141556,0.06035447500482462,0.11225300955942032
0.3202899888765295,3.739530181933738e-05,0.028518779966556326,0.022475957506278108,0.06029492689670855,0.11132705967136232
0.321208787541713,3.59539960989231e-05,0.027708685864877916,0.02244227530017945,0.0602349360061368,0.11042185116729308
0.3221275862068965,3.456823710817039e-05,0.026920288660170225,0.022407475318285068,0.060174500050866615,0.10953683226643007
0.3230463848720801,3.323588447680325e-05,0.026153081152732953,0.022371524277089452,0.060113616754206234,0.10867145806850545
0.3239651835372636,3.195488028215977e-05,0.025406563814517245,0.02233438817042339,0.06005228384537695,0.10782519071059975
0.32488398220244713,3.072324587531645e-05,0.02468024492593249,0.022296032273405354,0.05999049905988014,0.1069974995050933
0.3258027808676307,2.9539078829239634e-05,0.02397364069304414,0.022256421148190316,0.05992826013986945,0.10618786105993315
0.3267215795328142,2.840055000428355e-05,0.023286275346210156,0.022215518651648475,0.059865564834527915,0.10539575938239083
0.32764037819799774,2.7305900726534883e-05,0.022617681221176605,0.022173287945111197,0.05980241090045011,0.10462068596746445
0.3285591768631813,2.6253440074672657e-05,0.021967398823625087,0.02212969150632631,0.05973879610202937,0.10386213987205543
0.32947797552836483,2.5241542271180722e-05,0.021334976878133474,0.02208469114376953,0.05967471821185,0.10311962777602418
0.3303967741935484,2.4268644173907018e-05,0.02071997236248119,0.022038248013462727,0.059610175011084454,0.10239266403120229
0.3313155728587319,2.3333242864117528e-05,0.020121950528200244,0.021990322638454116,0.059545164289895626,0.10168077069941411
0.33223437152391544,2.243389332734023e-05,0.019540484908239508,0.021940874931118452,0.05947968384784401,0.10098347758052931
0.333153170189099,2.156920622343686e-05,0.018975157312580024,0.02188986421843872,0.05941373149429993,0.10030032223154212
0.33407196885428253,2.0737845742474322e-05,0.018425557812606096,0.02183724927043294,0.05934730504886068,0.0996308499776422
0.33499076751946605,1.9938527543100893e-05,0.017891284715004743,0.021782988331891684,0.059280402341772724,0.09897461391621226
0.3359095661846496,1.9170016770258357e-05,0.017371944525935958,0.021727039157592765,0.059213021214358584,0.09833117491465757
0.33682836484983314,1.843112614918069e-05,0.01686715190618326,0.021669359051160034,0.059145159519448987,0.09770010160294146
0.33774716351501666,1.772071415274885e-05,0.016376529617963636,0.02160990490773198,0.059076815121819594,0.09708097036166796
0.33866596218020023,1.703768323938238e-05,0.015899708464046074,0.02154863326060471,0.059007985898632695,0.09647336530652287
0.33958476084538375,1.638097815875691e-05,0.015436327219796986,0.021485500332010285,0.05893866973988388,0.09587687826984992
0.34050355951056727,1.5749584322739928e-05,0.014986032558741676,0.021420462088187632,0.05886886454885328,0.09529110878010533
0.34142235817575084,1.5142526239038309e-05,0.014548478972203098,0.021353474298897418,0.058798568242561716,0.09471566403990127
0.34234115684093436,1.4558866005146195e-05,0.014123328683550235,0.021284492601525342,0.058727778752231646,0.09415015890331237
0.3432599555061179,1.3997701860274469e-05,0.013710251557561367,0.021213472569909336,0.05865649402375257,0.09359421585308356
0.34417875417130145,1.345816679303257e-05,0.013308925005381706,0.021140369788016023,0.05858471201815144,0.09304746497834221
0.34509755283648497,1.2939427202718488e-05,0.012919033885528607,0.021065139928579082,0.0585124307120674,0.0925095439533778
0.3460163515016685,1.2440681612154417e-05,0.01254027040137262,0.02098773883679817,0.05843964809823125,0.0919800980180142
0.34693515016685206,1.1961159430086584e-05,0.012172333995499425,0.020908122619180517,0.05836636218594937,0.0914587799600594
0.3478539488320356,1.1500119761241771e-05,0.011814931241333938,0.02082624773758866,0.0582925710015922,0.09094525010027604
0.34877274749721915,1.105685026220696e-05,0.011467775732385438,0.020742071108536948,0.058218272589087024,0.09043917628027162
0.34969154616240267,1.0630666041370241e-05,0.011130587969452047,0.020655550207756345,0.05814346501041528,0.08994023385366504
0.3506103448275862,1.022090860122644e-05,0.010803095246100989,0.02056664318002094,0.05806814634611402,0.08944810568083718
0.35152914349276976,9.826944821417881e-06,0.010485031532722563,0.020475308954201955,0.057992314695781706,0.08896248212752764
0.3524479421579533,9.448165980942996e-06,0.010176137359436052,0.020381507363483705,0.057915968178588226,0.08848306106748893
0.3533667408231368,9.083986818024798e-06,0.009876159698107562,0.020285199270643102,0.05783910493378889,0.08800954788935758
0.35428553948832037,8.733844626190148e-06,0.009584851843723345,0.020186346698258334,0.05776172312124264,0.08754165550785051
0.3552043381535039,8.397198385166509e-06,0.009301973295344742,0.020084912963674026,0.05768382092193412,0.08707910437933805
0.3561231368186874,8.073527925255092e-06,0.009027289636855238,0.019980862818509453,0.057605396538499644,0.08662162252178959
0.357041935483871,7.762333123892638e-06,0.008760572417695772,0.019874162592453497,0.057526448195757064,0.08616894553903023
0.3579607341490545,7.463133133162522e-06,0.008501599033769387,0.019764780341044674,0.057446974141239296,0.08572081664918652
0.358879532814238,7.175465637063249e-06,0.008250152608682886,0.01965268599708747,0.05736697264573153,0.08527698671713896
0.3597983314794216,6.898886137389339e-06,0.008006021875480787,0.01953785152530744,0.057286442003811985,0.0848372142907376
0.3607171301446051,6.632967267122843e-06,0.007769001059013928,0.019420251079797005,0.057205380534396146,0.0844012656404742
0.3616359288097886,6.377298130275833e-06,0.007538889759073826,0.01929986116375249,0.05712378658128438,0.08396891480224097
0.3625547274749722,6.131483667165945e-06,0.007315492834413128,0.01917666079095073,0.057041658513712776,0.0835399436227438
0.3634735261401557,5.895144044145548e-06,0.007098620287761647,0.019050631648360957,0.05695899472690727,0.08311414180707402
0.36439232480533923,5.6679140668424585e-06,0.006888087151937981,0.018921758259235196,0.05687579364264069,0.08269130696788071
0.3653111234705228,5.449442616007351e-06,0.006683713377147566,0.018790028145968748,0.056792053709792886,0.08227124467552521
0.3662299221357063,5.23939210509712e-06,0.0064853237195489685,0.018655431991971748,0.056707773404913654,0.08185376850853947
0.3671487208008899,5.037437958756753e-06,0.00629274763116223,0.01851796380174392,0.05662295123278836,0.08143870010365327
0.3680675194660734,4.843268111395429e-06,0.0061058191511855,0.01837762105829885,0.05653758572700634,0.08102586920460209
0.36898631813125693,4.656582525082443e-06,0.005924376798778514,0.018234404877040502,0.05645167545053146,0.08061511370887556
0.3699051167964405,4.47709272601913e-06,0.005748263467365112,0.01808832015515623,0.05636521899627544,0.0802062797115228
0.370823915461624,4.3045213588712215e-06,0.005577326320500428,0.017939375715555452,0.05627821498767319,0.07979922154508795
0.37174271412680754,4.138601758273599e-06,0.005411416689342262,0.017787584444354396,0.056190662079260226,0.07939380181471516
0.3726615127919911,3.979077536846191e-06,0.005250389971760848,0.017632963420884197,0.05610255895725217,0.07898989142743407
0.37358031145717463,3.825702189084769e-06,0.005094105533115865,0.017475534039183553,0.056013904340126035,0.07858736961461454
0.37449911012235815,3.6782387105153236e-06,0.004942426608724499,0.01731532211992838,0.055924696979203194,0.07818612394656659
0.3754179087875417,3.5364592315239546e-06,0.00479522020804026,0.01715235801175088,0.05583493565923387,0.07778605033825653
0.37633670745272524,3.400144665296889e-06,0.004652357020557552,0.016986676680908794,0.05574461919898311,0.07738705304511476
0.37725550611790876,3.26908436932716e-06,0.004513711323453361,0.0168183177882835,0.05565374645181785,0.07698904464792404
0.37817430478309233,3.1430758199652466e-06,0.004379160890973787,0.016647325752713923,0.05556231630629517,0.07659194602580285
0.37909310344827585,3.021924299511097e-06,0.004248586905569595,0.016473749799711036,0.05547032768675154,0.07619568631633168
0.38001190211345937,2.905442595364476e-06,0.00412187387078198,0.016297643994646744,0.05537777955389259,0.07580020286191667
0.38093070077864294,2.793450710768976e-06,0.003998909525876887,0.01611906725957069,0.055284670905383686,0.07540544114154203
0.38184949944382646,2.6857755867030767e-06,0.0038795847622234638,0.01593808337287864,0.0551910007764409,0.07501135468712972
0.38276829810901,2.582250834488729e-06,0.0037637935414097986,0.015754760951137377,0.05509676824042214,0.0746179049838038
0.38368709677419355,2.4827164787045195e-06,0.003651432815087049,0.015569173412462535,0.05500197240941834,0.07422506135344663
0.38460589543937707,2.387018710006506e-06,0.0035424024465307243,0.015381398920947252,0.054906612434844786,0.07383280082103277
0.38552469410456064,2.2950096474747933e-06,0.00343660513390621,0.015191520311750339,0.05481068750803175,0.07344110796333578
0.38644349276974416,2.2065471101189602e-06,0.003333946335223971,0.014999624996572572,0.05471419686081501,0.07304997473972166
0.3873622914349277,2.1214943971893346e-06,0.0032343341949680553,0.01480580484937649,0.05461713976612546,0.0726594003048672
0.38828109010011125,2.039720076954938e-06,0.0031376794723804876,0.014610156072339633,0.054519515538577985,0.07226939080337506
0.38919988876529477,1.961097783621705e-06,0.0030438954713826356,0.014412779042170245,0.05442132353505926,0.07187995914639576
0.3901186874304783,1.8855060220773841e-06,0.0029528979721134972,0.01421377813705794,0.05432256315531417,0.07149112477050767
0.39103748609566186,1.8128279801615907e-06,0.002864605164064092,0.01401326154467845,0.054223233842530916,0.07110291337925362
0.3919562847608454,1.7429513481709065e-06,0.0027789375807860148,0.013811341051818339,0.05412333508392442,0.07071535666787694
0.3928750834260289,1.6757681453203177e-06,0.002695818036151447,0.013608131816332254,0.054022866411317726,0.07032849203194674
0.39379388209121247,1.6111745528929194e-06,0.0026151715621414336,0.013403752122289976,0.05392182740172146,0.06994236226070577
0.394712680756396,1.5490707538201371e-06,0.002536925348138456,0.01319832311931032,0.05382021767791091,0.06955701521611352
0.3956314794215795,1.4893607784446424e-06,0.0024610086816987944,0.012991968547213545,0.05371803690900059,0.06917250349869138
0.3965502780867631,1.4319523562277513e-06,0.002387352890780006,0.012784814447251174,0.053615284811015976,0.06878888410140338
0.3974690767519466,1.3767567731722023e-06,0.002315891287398226,0.01257698886128961,0.05351196114746249,0.0684062180529235
0.3983878754171301,1.3236887347400372e-06,0.002246559112689807,0.012368621520431103,0.05340806572989097,0.06802457005174661
0.3993066740823137,1.272666234053865e-06,0.0021792934833517077,0.012159843524650944,0.05330359841845999,0.06764400809269669
0.4002254727474972,1.2236104251778903e-06,0.0021140333394347446,0.011950787015110917,0.053198559122494354,0.0672646030874652
0.4011442714126807,1.1764455012828784e-06,0.002050719393463728,0.011741584840876092,0.05309294780103978,0.06688642848088089
0.4020630700778643,1.1310985775069535e-06,0.0019892940808585997,0.01153237022181385,0.05298676446341335,0.06650955986466331
0.4029818687430478,1.0874995783311792e-06,0.0019297015116305255,0.011323276409488981,0.05288000916974972,0.06613407459044755
0.40390066740823133,1.0455811292959108e-06,0.0018718874233269694,0.011114436347887191,0.05277268203154259,0.06576005138388605
0.4048194660734149,1.005278452890719e-06,0.0018157991351999635,0.010905982335801437,0.05266478321218142,0.06538756996163571
0.4057382647385984,9.66529268456971e-07,0.0017613855035717872,0.01069804569269958,0.052556312927482945,0.06501671065302277
0.406657063403782,9.292736959484011e-07,0.0017085968783724075,0.01049075642985977,0.052447271446217435,0.06464755402814557
0.4075758620689655,8.934541634010835e-07,0.0016573850608233708,0.01028424292851188,0.05233765909062929,0.06428018053412794
0.40849466073414903,8.59015317969741e-07,0.0016077032622428228,0.010078631626658398,0.052227476236951745,0.06391467014117094
0.4094134593993326,8.259039403929921e-07,0.0015595060639467446,0.009874046716170046,0.0521167233159156,0.06355110199997278
0.4103322580645161,7.940688627554116e-07,0.0015127493782216685,0.009670609851658334,0.05200540081325149,0.06318955411199424
0.41125105672969964,7.634608894192633e-07,0.0014673904103443733,0.009468439872522322,0.05189350927018552,0.06283010301394164
0.4121698553948832,7.340327210038189e-07,0.0014233876216244703,0.009267652539451237,0.05178104928392809,0.0624728234777248
0.41308865406006673,7.057388812947859e-07,0.0013807006934459713,0.0090683602865389,0.05166802150815562,0.06211778822702179
0.41400745272525025,6.785356469708738e-07,0.0013392904922843155,0.008870671990032667,0.051554426653484725,0.06176506767144868
0.4149262513904338,6.523809800389759e-07,0.0012991190356756914,0.008674692754600663,0.05144026548793886,0.061414729659195255
0.41584505005561734,6.272344628735619e-07,0.0012601494591157653,0.008480523717857033,0.05132553883740714,0.06106683924884281
0.41676384872080086,6.030572357598678e-07,0.0012223459838653294,0.008288261873738647,0.05121024758609473,0.060721458500934467
0.41768264738598443,5.798119368444349e-07,0.001185673885640758,0.008097999915179744,0.05109439267696501,0.06037864628972235
0.41860144605116795,5.574626444002024e-07,0.0011500994641674852,0.007909826096384204,0.05097797511217295,0.060038458135369045
0.41952024471635146,5.359748213169048e-07,0.0011155900135751164,0.007723824114851032,0.05086099595348958,0.05970094605673704
0.42043904338153504,5.153152617310643e-07,0.0010821137936131927,0.0075400730131685465,0.0507434563227171,0.05936615844476057
0.42135784204671856,4.954520397130776e-07,0.0010496400016669536,0.007358647100457416,0.050625357402094694,0.05903413995625878
0.4222766407119021,4.763544599321115e-07,0.00101813874555288,0.007179615893214047,0.050506700434694386,0.05870493142792124
0.42319543937708565,4.579930102225951e-07,0.0009875810170741576,0.007003044075185003,0.05038748672480703,0.058378569810076414
0.42411423804226916,4.403393159790042e-07,0.0009579386663166155,0.006828991475790265,0.050267717638317964,0.058055088119740826
0.42503303670745274,4.2336609630846323e-07,0.0009291843766660421,0.006657513066509843,0.050147394603072076,0.05773451541234427
0.42595183537263626,4.070471218734342e-07,0.0009012916405282277,0.006488658974555171,0.05002651910922818,0.05741687677143345
0.4268706340378198,3.91357174359327e-07,0.000874234735733404,0.006322474513063143,0.049905092709602215,0.05710219331557312
0.42778943270300335,3.7627200750441706e-07,0.0008479887026072052,0.006159000226978728,0.04978311701999918,0.056790482221592616
0.42870823136818687,3.617683096318584e-07,0.0008225293216905978,0.0059982719537302045,0.049660593719533457,0.05648175676326389
0.4296270300333704,3.4782366762586975e-07,0.0007978330920916396,0.005840320897750175,0.04953752455093737,0.05617602636444681
0.43054582869855396,3.344165322964614e-07,0.0007738772104523148,0.005685173717855601,0.04941391132085759,0.0558732966656978
0.4314646273637375,3.215261850791676e-07,0.0007506395505140366,0.005532852626470023,0.04928975590013918,0.05557356960330832
0.432383426028921,3.091327060183252e-07,0.0007280986432657918,0.005383375499651321,0.04916506022409715,0.05527684349972028
0.43330222469410457,2.972169429844363e-07,0.0007062336576592945,0.00523675599687835,0.04903982629277499,0.05498311316425562
0.4342210233592881,2.857604820780433e-07,0.0006850243818758315,0.005093003689548222,0.04891405617119039,0.05469237000309653
0.4351398220244716,2.747456191743796e-07,0.0006644512051298683,0.0049521241971431556,0.04878775198956733,0.054404602137459526
0.4360586206896552,2.641553325648334e-07,0.0006444950999948474,0.00481411933004073,0.048660915943554824,0.05411979452892297
0.4369774193548387,2.5397325665294577e-07,0.0006251376052369256,0.0046789872379630615,0.048533550294431724,0.05383792911088836
0.4378962180200222,2.441836566642946e-07,0.0006063608091427592,0.004546722563088288,0.04840565736929759,0.0535589849251853
0.4388150166852058,2.347714043311845e-07,0.0005881473333277959,0.004417316596881713,0.04827723956124917,0.05328293826286301
0.4397338153503893,2.2572195451457977e-07,0.0005704803170118331,0.004290757439741861,0.04814829932954248,0.05300976280825069
0.4406526140155728,2.1702132272713998e-07,0.0005533434017489454,0.004167030162599224,0.04801883919974009,0.05273942978541099
0.4415714126807564,2.0865606352263227e-07,0.0005367207165992146,0.004046116969651222,0.04788886176384349,0.052471908106157455
0.4424902113459399,2.0061324971833484e-07,0.0005205968637299979,0.003927997361465038,0.04775836968041036,0.05220716451885512
0.4434090100111235,1.9288045241830769e-07,0.0005049569044347527,0.0038126482977302407,0.04762736567465627,0.051945163757273684
0.444327808676307,1.8544572180667556e-07,0.000489786345557818,0.0037000443589948777,0.04749585253854111,0.05168586868881561
0.4452466073414905,1.7829756868123387e-07,0.0004750711263137483,0.003590157906770784,0.04736383313083937,0.05142924046149258
0.4461654060066741,1.7142494669885243e-07,0.0004607976054901649,0.0034829592414467236,0.04723131037719477,0.05117523864907835
0.4470842046718576,1.648172353052291e-07,0.00044695254902335263,0.0033784167575001346,0.04709828727015851,0.0509238213939173
0.44800300333704113,1.5846422332262267e-07,0.000433523117936079,0.0032764970955499097,0.046964766869211236,0.05067494554692055
0.4489218020022247,1.523560931702025e-07,0.00042049685662743616,0.003177165290843369,0.046830752300768407,0.05042856680433238
0.4498406006674082,1.4648340569263032e-07,0.0004078616815047505,0.003080384917819632,0.04669624675816903,0.0501846398408991
0.45075939933259174,1.4083708557342693e-07,0.0003956058699478465,0.0029861182304390717,0.04656125350164744,0.049943118439119936
0.4516781979977753,1.3540840731058868e-07,0.0003837180495962491,0.002894326298014274,0.04642577585828798,0.04970395561430581
0.45259699666295883,1.3018898173277862e-07,0.00037218718795014135,0.002804969136321184,0.046289817221962556,0.049467103735215616
0.45351579532814235,1.2517074303525483e-07,0.0003610025822761118,0.0027180058338103262,0.0461533810532508,0.04923251464008027
0.4544345939933259,1.2034593631550558e-07,0.0003501538498090269,0.0026333946727768393,0.04601647087934256,0.04900013974786474
0.45535339265850944,1.1570710558933055e-07,0.00033963091824153766,0.0025510932453842476,0.0458790902939231,0.048769930164654474
0.45627219132369295,1.1124708226884194e-07,0.0003294240164929871,0.0024710585644706308,0.045741242957040025,0.04854183678508591
0.45719098998887653,1.0695897408459257e-07,0.0003195236657497194,0.002393247169097204,0.04560293259495267,0.04831581038877368
0.45810978865406005,1.0283615443470354e-07,0.0003099206707689806,0.0023176152248278637,0.045464162999963316,0.048091801731714595
0.45902858731924356,9.887225214453168e-08,0.0003006061114388279,0.002244118618754432,0.045324938030230244,0.04786976163267565
0.45994738598442714,9.506114162106082e-08,0.00029157133458668807,0.0021727130493061422,0.04518526160956248,0.04764964105459693
0.46086618464961066,9.139693338679515e-08,0.00028280794602937874,0.0021033541109031486,0.04504513772719643,0.04743139118106234
0.46178498331479423,8.787396497852537e-08,0.0002743078028576168,0.002035997373532833,0.04490457043755369,0.04721496348790912
0.46270378197997775,8.448679219691328e-08,0.0002660630059482506,0.0019705984573446167,0.04476356385998079,0.04700030981006585
0.46362258064516126,8.123018069335934e-08,0.0002580658926975993,0.001907113102373501,0.04462212217846989,0.04678738240372168
0.46454137931034484,7.809909788116263e-08,0.00025030902996950506,0.0018454972335154277,0.0444802496413612,0.04657613400394402
0.46546017797552836,7.50887051584705e-08,0.00024278520725186332,0.0017857070208882348,0.044337950561026435,0.04636651787787169
0.4663789766407119,7.219435043099566e-08,0.00023548743001556817,0.0017276989357210544,0.04419522931353362,0.046158487873620674
0.46729777530589545,6.941156092295185e-08,0.00022840891326999138,0.0016714298019224552,0.04405209033829302,0.04595199846504639
0.46821657397107896,6.673603626509729e-08,0.000221543075309273,0.0016168568434834218,0.04390853813768439,0.04574700479251335
0.4691353726362625,6.416364184920033e-08,0.00021488353164385513,0.0015639377278757356,0.04376457727666512,0.04554346269982656
0.47005417130144606,6.169040243866359e-08,0.000208424089111862,0.0015126306056095673,0.04362021238235971,0.04534132876748358
0.4709729699666296,5.931249602543143e-08,0.00020215874016507276,0.0014628941461160034,0.043475448143630344,0.045140560342407446
0.4718917686318131,5.702624792368324e-08,0.00019608165732437914,0.0014146875701211603,0.04333028931062847,0.04494111556432193
0.47281056729699666,5.482812509119258e-08,0.00019018718779977565,0.0013679706786786038,0.04318474069432766,0.044742953388931125
0.4737293659621802,5.271473066957201e-08,0.00018446984827006344,0.001322703879025817,0.043038807166037585,0.04454603360806413
0.4746481646273637,5.0682798734965955e-08,0.00017892431981758402,0.0012788482074287985,0.04289249365689914,0.04435031686694426
0.4755669632925473,4.8729189251084696e-08,0.00017354544301344027,0.0012363653491766875,0.042745805157360935,0.044155764678740314
0.4764857619577308,4.6850883216774564e-08,0.00016832821314878788,0.0011952176558852722,0.0425987467166369,0.04396233943655418
0.4774045606229143,4.504497800062861e-08,0.00016326777560790283,0.00115536816026488,0.04245132344214541,0.043770004422996195
0.4783233592880979,4.3308682855429226e-08,0.000158359421378861,0.0011167805885043802,0.04230354049892974,0.043578723817495835
0.4792421579532814,4.1639314605488175e-08,0.00015359858269778427,0.001079419370418761,0.042155403109060026,0.04338846270149117
0.480160956618465,4.003429350022096e-08,0.00014898082882271326,0.0010432496475032518,0.04200691655101682,0.043199187061636286
0.4810797552836485,3.849113922754953e-08,0.00014450186193330002,0.001008237279032328,0.04185808615905646,0.04301086379116131
0.481998553948832,3.70074670809696e-08,0.00014015751315260073,0.0009743488463368944,0.04170891732255794,0.042823460689514516
0.4829173526140156,3.558098427436122e-08,0.00013594373868737873,0.0009415516553879989,0.04155941548535205,0.042636946460411704
0.4838361512791991,3.420948639884873e-08,0.0001318566160834131,0.0009098137378102399,0.041409586145032345,0.0424512907084124
0.4847549499443826,3.289085401623221e-08,0.0001278923405924172,0.0008791038504428057,0.04125943485224831,0.04226646393413755
0.4856737486095662,3.162304938372766e-08,0.0001240472216472768,0.0008493914735609382,0.04110896720998098,0.04208243752823858
0.4865925472747497,3.0404113304956007e-08,0.00012031767944239855,0.0008206468078653386,0.040958188872800914,0.041899183764221956
0.4875113459399332,2.923216210231026e-08,0.000116700241616063,0.0007928407703418774,0.04080710554610891,0.04171667579022895
0.4884301446051168,2.8105384706027206e-08,0.00011319154003176449,0.0007659449890889077,0.04065572298535953,0.04153488761986491
0.4893489432703003,2.7022039855462726e-08,0.00010978830765560832,0.0007399317972043898,0.040504046995267634,0.04135379412216749
0.49026774193548384,2.5980453408244275e-08,0.00010648737552691685,0.0007147742258201368,0.04035208342899817,0.041173371010798626
0.4911865406006674,2.4979015753145856e-08,0.0001032856698192845,0.0006904459963657071,0.040199838187339326,0.04099359483254007
0.4921053392658509,2.4016179322685485e-08,0.00010018020898940352,0.0006669215121397338,0.0400473172178594,0.04081444295516786
0.49302413793103445,2.3090456201599887e-08,9.716810101104893e-05,0.0006441758492619606,0.03989452651404748,0.04063589355477669
0.493942936596218,2.2200415827503888e-08,9.424654069170464e-05,0.0006221847470748643,0.03974147211443817,0.04045792560262056
0.49486173526140154,2.1344682780179527e-08,9.141280706937404e-05,0.0006009245980594648,0.039588160101720817,0.040280518851532436
0.49578053392658505,2.0521934656077236e-08,8.866426088719184e-05,0.0005803724373258398,0.03943459660183318,0.04010365382198087
0.4966993325917686,1.973090002474742e-08,8.599834214353024e-05,0.0005605059317349476,0.039280787783039985,0.039927311787818484
0.49761813125695215,1.897035646404284e-08,8.34125677153536e-05,0.0005413033687045608,0.03912673985499669,0.03975147476177307
0.4985369299221357,1.8239128671054186e-08,8.090452905264221e-05,0.000522743644748503,0.03897245906779851,0.03957612548072833
0.49945572858731924,1.7536086645863148e-08,7.847188994177578e-05,0.0005048062537949726,0.038817951711015285,0.03940124739083868
0.5003745272525028,1.6860143945302106e-08,7.611238433582317e-05,0.0004874712753263849,0.0386632241127122,0.03922682463251835
0.5012933259176864,1.6210256004025262e-08,7.382381424974514e-05,0.000470719362380098,0.03850828263845686,0.03905284202534271
0.5022121245828699,1.5585418520295343e-08,7.160404771858332e-05,0.00045453172944638046,0.038353133690313075,0.03887928505289656
0.5031309232480534,1.4984665903990285e-08,6.945101681675209e-05,0.0004388901402971438,0.038197783705821324,0.03870613984760112
0.5040497219132369,1.4407069784434038e-08,6.736271573662123e-05,0.00042377689577635316,0.03804223915696666,0.03853339317554942
0.5049685205784205,1.385173757574338e-08,6.533719892461697e-05,0.0004091748215804348,0.0378865065491342,0.038361032421376826
0.505887319243604,1.3317811097474568e-08,6.337257927313096e-05,0.00039506725605466394,0.037730592420052486,0.03818904557319138
0.5068061179087875,1.280446524843875e-08,6.146702636657015e-05,0.00038143803802924523,0.03757450333872514,0.0380174212075862
0.507724916573971,1.2310906731635496e-08,5.9618764779936446e-05,0.00036827149471669023,0.03741824590435122,0.03784614847475458
0.5086437152391545,1.183637282833524e-08,5.7826072428366654e-05,0.000355552429690118,0.037261826745234525,0.037675217083725836
0.5095625139043382,1.1380130219415555e-08,5.608727896611318e-05,0.0003432661109602144,0.037105252517682305,0.03750461728773885
0.5104813125695217,1.0941473852129972e-08,5.440076423349219e-05,0.00033139825916687085,0.036948529904893834,0.03733433986976805
0.5114001112347052,1.0519725850557646e-08,5.2764956750362615e-05,0.00031993503589983907,0.03679166561583889,0.03716437612821494
0.5123189098998888,1.011423446805135e-08,5.117833225475165e-05,0.00030886303216126615,0.03663466638412703,0.03699471786277752
0.5132377085650723,9.72437308006357e-09,4.963941228527735e-05,0.0002981692569815036,0.03647753896686776,0.03682535736050763
0.5141565072302559,9.349539215795194e-09,4.814676280605694e-05,0.00028784112619824825,0.03632029014352185,0.036656287382065375
0.5150753058954394,8.989153627169885e-09,4.669899287283652e-05,0.0002778664514078842,0.036162926714744616,0.03648750114817896
0.5159941045606229,8.642659393695716e-09,4.529475333910663e-05,0.0002682334290966837,0.03600545550122132,0.0363189923263165
0.5169129032258064,8.30952106183064e-09,4.393273560101115e-05,0.0002589306299584982,0.03584788334249511,0.036150755017575684
0.5178317018909899,7.989223817521654e-09,4.2611670379887645e-05,0.0002499469884045602,0.035690217095788006,0.03598278374379627
0.5187505005561734,7.681272690639089e-09,4.133032654131644e-05,0.0002412717922701117,0.035532463634815256,0.035815073434899376
0.5196692992213571,7.385191790076726e-09,4.008750994958454e-05,0.00023289467272172282,0.03537462984859366,0.035647619416456756
0.5205880978865406,7.100523568335712e-09,3.888206235650737e-05,0.00022480559436839786,0.03521672264024422,0.03548041739749269
0.5215068965517241,6.826828114455148e-09,3.771286032357761e-05,0.00021699484557882132,0.035058748925789314,0.03531346345851983
0.5224256952169077,6.5636824741978434e-09,3.6578814176447806e-05,0.00020945302900647863,0.03490071563294532,0.03514675403981072
0.5233444938820913,6.3106799964397286e-09,3.547886699077669e-05,0.00020217105232375062,0.03474262969991082,0.03498028592990535
0.5242632925472748,6.067429704753177e-09,3.4411993608500056e-05,0.00019514011916553202,0.03458449807415068,0.034814056254354415
0.5251820912124583,5.833555693213244e-09,3.337719968361856e-05,0.00018835172028244587,0.03442632771117699,0.03464806246469875
0.5261008898776418,5.6086965454930436e-09,3.237352075661582e-05,0.0001817976249032371,0.034268125573326716,0.034482302327683116
0.5270196885428253,5.3925047763505895e-09,3.1400021356650854e-05,0.00017546987230553006,0.03410989862853699,0.03431677391470395
0.5279384872080088,5.1846462946437635e-09,3.0455794130693827e-05,0.00016936076359375487,0.03395165384911819,0.034151475591488935
0.5288572858731924,4.98479988704409e-09,2.953995899879656e-05,0.00016346285368270568,0.033793398210525384,0.03398640600800677
0.5297760845383759,4.792656721650984e-09,2.8651662334716885e-05,0.00015776894348489213,0.0336351386901287,0.03382156408860503
0.5306948832035595,4.607919870739504e-09,2.779007617113576e-05,0.0001522720722995671,0.03347688226598286,0.033656949022373435
0.531613681868743,4.430303851904562e-09,2.6954397428731892e-05,0.0001469655104010809,0.03331863591559655,0.033492560253730215
0.5325324805339265,4.2595341868916285e-09,2.6143847168397005e-05,0.00014184275182397543,0.03316040661470189,0.03332839747322845
0.5334512791991102,4.095346977432884e-09,2.535766986590097e-05,0.00013689750734207054,0.03300220133602462,0.03316446060857957
0.5343700778642937,3.937488497433231e-09,2.4595132708331856e-05,0.00013212369763860273,0.032844027048055564,0.033000749815890996
0.5352888765294772,3.78571480087554e-09,2.385552491165897e-05,0.00012751544666434012,0.032685890713823336,0.03283726547111414
0.5362076751946607,3.6397913448396858e-09,2.3138157058786137e-05,0.00012306707518048232,0.03252779928966944,0.032674008161700054
0.5371264738598442,3.4994926270525816e-09,2.2442360457480433e-05,0.00011877309448303179,0.03236975972402567,0.03251097867845881
0.5380452725250278,3.364601837409175e-09,2.1767486517580573e-05,0.00011462820030524732,0.03221177895619452,0.03234817800761919
0.5389640711902113,3.2349105229257153e-09,2.1112906146907354e-05,0.00011062726689471127,0.032053863915133055,0.032185607323085196
0.5398828698553949,3.11021826560783e-09,2.0478009165314388e-05,0.0001067653412614844,0.0318960215182405,0.032023267978885564
0.5408016685205784,2.9903323727353535e-09,1.986220373633663e-05,0.0001030376375937821,0.03173825867015044,0.03186116150181293
0.541720467185762,2.8750675790853563e-09,1.9264915815906875e-05,9.94395318375606e-05,0.03158058226152738,0.031699289584248426
0.5426392658509455,2.764245760633209e-09,1.8685588617630238e-05,9.596655643639893e-05,0.0314229991678688,0.03153765407716859
0.543558064516129,2.657695659289431e-09,1.812368209411901e-05,9.261439522803173e-05,0.03126551624831282,0.03137625698333063
0.5444768631813125,2.5552526182465863e-09,1.757867243390601e-05,8.937887849389807e-05,0.031108140344451803,0.031215100450632225
0.5453956618464961,2.456758327527499e-09,1.705005157346927e-05,8.625597815807188e-05,0.03095087827915264,0.03105418676564251
0.5463144605116796,2.3620605793416326e-09,1.653732672391522e-05,8.324180313195711e-05,0.0307937368553839,0.030893518347300353
0.5472332591768632,2.2710130328712846e-09,1.6040019911879134e-05,8.033259480114241e-05,0.030636722855050313,0.030733097740776368
0.5481520578420467,2.183474988124353e-09,1.555766753421775e-05,7.752472265085162e-05,0.030479843037835068,0.030572927611495125
0.5490708565072302,2.0993111685042253e-09,1.5089819926079428e-05,7.48146800264418e-05,0.03032310414005038,0.030413010739314073
0.5499896551724138,2.0183915117605423e-09,1.4636040941950265e-05,7.219908002544916e-05,0.030166512873496566,0.03025335001285548
0.5509084538375973,1.940590968998012e-09,1.4195907549287195e-05,6.967465151772047e-05,0.030010075924330238,0.030093948423988215
0.5518272525027809,1.8657893114325722e-09,1.3769009434359611e-05,6.723823529020825e-05,0.029853799951941755,0.029934809062455634
0.5527460511679644,1.7938709445963116e-09,1.335494861993398e-05,6.488678031306772e-05,0.029697691587842658,0.029775935110646603
0.5536648498331479,1.724724729703941e-09,1.2953339094445033e-05,6.26173401237324e-05,0.02954175743456318,0.029617329838506085
0.5545836484983314,1.658243811904973e-09,1.2563806452309268e-05,6.0427069325707e-05,0.029386004064560385,0.029458996598582213
0.555502447163515,1.5943254551559278e-09,1.2185987545046033e-05,5.8313220198870296e-05,0.029230438019137207,0.029300938821206577
0.5564212458286986,1.532870883457589e-09,1.1819530142881918e-05,5.627313941813942e-05,0.029075065807372905,0.02914316000980481
0.5573400444938821,1.473785128211885e-09,1.1464092606523228e-05,5.4304264877402395e-05,0.028919893905064976,0.02898566373633403
0.5582588431590656,1.4169768814625326e-09,1.1119343568792016e-05,5.2404122615695065e-05,0.028764928753683364,0.028828453636844734
0.5591776418242491,1.3623583547925893e-09,1.0784961625828696e-05,5.057032384265129e-05,0.028610176759336827,0.028671533407163663
0.5600964404894326,1.3098451436610119e-09,1.0460635037574483e-05,4.880056206032368e-05,0.02845564429175211,0.02851490679869515
0.5610152391546163,1.2593560969683707e-09,1.014606143725477e-05,4.7092610278532756e-05,0.028301337683266137,0.02835857761433802
0.5619340378197998,1.2108131916503333e-09,9.8409475495933e-06,4.544431832096808e-05,0.028147263227831607,0.02820254970451536
0.5628528364849833,1.1641414121049674e-09,9.545008917494545e-06,4.385361021932389e-05,0.027993427180036105,0.028046826963314335
0.5637716351501668,1.1192686342677103e-09,9.257969636940603e-06,4.2318481692822806e-05,0.027839835754135418,0.027891413324733817
0.5646904338153503,1.0761255141546786e-09,8.979562099855227e-06,4.0836997710537485e-05,0.02768649512310094,0.027736312759036846
0.565609232480534,1.0346453807022102e-09,8.709526744696107e-06,3.9407290133987694e-05,0.027533411417681737,0.0275815292692058
0.5665280311457175,9.947641327370062e-10,8.447611814543166e-06,3.8027555437552086e-05,0.027380590725481466,0.027427066887497693
0.567446829810901,9.564201399175891e-10,8.193573122457576e-06,3.669605250429445e-05,0.027228039090050334,0.027272929672097226
0.5683656284760845,9.195541474940888e-10,7.947173823893246e-06,3.541110049487047e-05,0.02707576250999247,0.027119121703865382
0.569284427141268,8.841091847391546e-10,7.70818419594896e-06,3.4171076787237026e-05,0.026923766938088997,0.026965647083181367
0.5702032258064516,8.500304769084282e-10,7.476381423255439e-06,3.297441498494995e-05,0.02677205828043686,0.02681250992687554
0.5711220244716352,8.172653605946034e-10,7.251549390298198e-06,3.181960299189407e-05,0.02662064239560384,0.026659714365251393
0.5720408231368187,7.857632023442404e-10,7.03347847998283e-06,3.070518115134922e-05,0.026469525093799965,0.0265072645391945
0.5729596218020022,7.554753204115221e-10,6.821965378255024e-06,2.9629740447351355e-05,0.02631871213606527,0.0263551645973662
0.5738784204671857,7.263549095281016e-10,6.616812884593557e-06,2.8591920766368676e-05,0.026168209233474526,0.026203418693480397
0.5747972191323693,6.983569685727687e-10,6.4178297281998354e-06,2.7590409217364288e-05,0.026018022046358835,0.026052030983661368
0.5757160177975528,6.714382310291147e-10,6.2248303897125674e-06,2.6623938508374198e-05,0.025868156183544364,0.02590100562388068
0.5766348164627364,6.455570981237861e-10,6.037634928281878e-06,2.569128537778232e-05,0.025718617201608406,0.02575034676747157
0.5775536151279199,6.206735745419875e-10,5.856068813841664e-06,2.4791269078527716e-05,0.025569410604153034,0.025600058562718978
0.5784724137931034,5.967492066208466e-10,5.679962764423833e-06,2.3922749913527888e-05,0.025420541841096163,0.02545014515052332
0.579391212458287,5.737470229252019e-10,5.5091525883632646e-06,2.308462782065769e-05,0.02527201630798067,0.025300610662136715
0.5803100111234705,5.516314771139228e-10,5.343479031246323e-06,2.227584100566698e-05,0.025123839345301307,0.025151459216969697
0.581228809788654,5.303683930085056e-10,5.182787627460288e-06,2.149536462147224e-05,0.024976016237849737,0.025002694920467063
0.5821476084538376,5.099249117790449e-10,5.0269285562056705e-06,2.0742209492302685e-05,0.024828552214077693,0.024854321862051113
0.5830664071190211,4.90269441165956e-10,4.875756501837166e-06,2.001542088122848e-05,0.024681452445478574,0.02470634411313108
0.5839852057842047,4.713716066589936e-10,4.729130518403029e-06,1.9314077299641557e-05,0.024534722045987233,0.024558765725176884
0.5849040044493882,4.5320220455811644e-10,4.586913898256964e-06,1.8637289357306163e-05,0.02438836607139843,0.0244115907278562
0.5858228031145717,4.357331568436445e-10,4.448974044619997e-06,1.7984198651636315e-05,0.02424238951880376,0.024264823127233173
0.5867416017797553,4.189374677860109e-10,4.3151823479735104e-06,1.735397669489993e-05,0.024096797326047286,0.02411846690402763
0.5876604004449388,4.0278918222800506e-10,4.185414066168587e-06,1.6745823878090563e-05,0.023951594371199852,0.023972526011933292
0.5885791991101224,3.872633454750528e-10,4.059548208139549e-06,1.6158968470244752e-05,0.023806785472052058,0.023827004375993787
0.5894979977753059,3.723359647315859e-10,3.937467421113763e-06,1.559266565202475e-05,0.023662375385626183,0.023681905891035287
0.5904167964404894,3.5798397202385783e-10,3.819057881212443e-06,1.5046196582420284e-05,0.02351836880770687,0.023537234420154478
0.5913355951056729,3.441851885519258e-10,3.7042091873404924e-06,1.4518867497461595e-05,0.02337477037239064,0.023392993793260628
0.5922543937708565,3.309182904157379e-10,3.592814258266571e-06,1.40100088398701e-05,0.023231584651654282,0.023249187805670708
0.59317319243604,3.181627756623169e-10,3.4847692327976207e-06,1.3518974418607998e-05,0.023088816154942238,0.023105820216756418
0.5940919911012236,3.0589893260313303e-10,3.3799733729545267e-06,1.3045140597320261e-05,0.02294646932877264,0.022962894748641847
0.5950107897664071,2.941078093527299e-10,3.2783289700590266e-06,1.2587905510696813e-05,0.02280454855636238,0.022820415084950946
0.5959295884315906,2.827711845414931e-10,3.1797412536442086e-06,1.21466883078118e-05,0.022663058157270963,0.022678384869603604
0.5968483870967741,2.7187153915731626e-10,3.0841183031036995e-06,1.172092842152919e-05,0.02252200238706319,0.022536807705659363
0.5977671857619578,2.613920294726708e-10,2.991370961997238e-06,1.1310084863092302e-05,0.022381385436990517,0.022395687154207637
0.5986859844271413,2.513164610152086e-10,2.901412754932909e-06,1.0913635541044639e-05,0.022241211433691323,0.022255026733303762
0.5996047830923248,2.4162926354169e-10,2.814159806948309e-06,1.0531076603655827e-05,0.022101484438909615,0.02211482991694948
0.6005235817575083,2.323154669765654e-10,2.729530765315793e-06,1.016192180405548e-05,0.02196220844923249,0.021975100134117326
0.6014423804226918,2.2336067827802909e-10,2.6474467236988124e-06,9.805701887302026e-06,0.021823387395846102,0.02183584076781778
0.6023611790878755,2.1475105919577696e-10,2.567831148588629e-06,9.461963998640219e-06,0.021685025144310015,0.021697055154208302
0.603279977753059,2.0647330488612287e-10,2.49060980795297e-06,9.13027111222545e-06,0.021547125494350047,0.021558746581743532
0.6041987764182425,1.985146233514035e-10,2.4157107020299385e-06,8.810201479616037e-06,0.021409692179669152,0.02142091829036542
0.605117575083426,1.9086271567191263e-10,2.343063996202941e-06,8.501348097359464e-06,0.02127272886777672,0.021283573470732998
0.6060363737486095,1.8350575699980765e-10,2.272601955893827e-06,8.203318193019153e-06,0.021136239159835753,0.021146715263490424
0.606955172413793,1.7643237828562843e-10,2.2042588834137386e-06,7.915732729011361e-06,0.021000226590528033,0.021010346758572836
0.6078739710789767,1.6963164870917312e-10,2.1379710567126988e-06,7.638225923642057e-06,0.020864694627937094,0.0208744709945491
0.6087927697441602,1.6309305878759885e-10,2.0736766699709654e-06,7.3704447887547614e-06,0.020729646673448905,0.02073909095800069
0.6097115684093437,1.5680650413462848e-10,2.0113157759766127e-06,7.112048683418986e-06,0.02059508606166994,0.020604209582935837
0.6106303670745272,1.5076226984577477e-10,1.9508302302358718e-06,6.862708883109237e-06,0.02046101606036284,0.020469829750238457
0.6115491657397107,1.4495101548544604e-10,1.8921636367639018e-06,6.622108163842224e-06,0.020327439870399172,0.020335954287150793
0.6124679644048943,1.393637606527416e-10,1.8352612955056424e-06,6.3899404007578374e-06,0.0201943606257293,0.020202585966789324
0.6133867630700779,1.3399187110361752e-10,1.7800701513376247e-06,6.165910180647352e-06,0.02006178139336916,0.02006972750769302
0.6143055617352614,1.2882704540799275e-10,1.7265387446033058e-06,5.949732427948491e-06,0.019929705173403884,0.01993738157340348
0.6152243604004449,1.238613021211619e-10,1.6746171631356872e-06,5.7411320437432725e-06,0.019798134899007738,0.01980555077207592
0.6161431590656284,1.190869674496993e-10,1.6242569957226805e-06,5.539843557310881e-06,0.019667073436480737,0.01967423765612074
0.617061957730812,1.1449666339279064e-10,1.5754112869716663e-06,5.345610789802069e-06,0.01953652358530125,0.019543444721874685
0.6179807563959955,1.1008329634066468e-10,1.5280344935313085e-06,5.1581865296168625e-06,0.019406488078194686,0.01941317440930113
0.6188995550611791,1.058400461125098e-10,1.4820824416297253e-06,4.977332219081635e-06,0.019276969581218002,0.01928342910171876
0.6198183537263626,1.0176035541693487e-10,1.4375122858895216e-06,4.802817652034873e-06,0.01914797069385982,0.0191542111255581
0.6207371523915461,9.783791971867782e-11,1.3942824693811758e-06,4.634420681944494e-06,0.01901949394915581,0.019025522750145057
0.6216559510567297,9.406667749591902e-11,1.3523526848777036e-06,4.471926940192827e-06,0.018891541813819458,0.018897366187511207
0.6225747497219132,9.044080087312906e-11,1.3116838372743269e-06,4.315129564176988e-06,0.01876411668838767,0.018769743592229923
0.6234935483870968,8.695468661498107e-11,1.272238007138225e-06,4.163828934885009e-06,0.018637220907381152,0.01864265706127786
0.6244123470522803,8.360294746741489e-11,1.23397841535435e-06,4.0178324236196566e-06,0.01851085673947939,0.01851610863392131
0.6253311457174638,8.038040383245936e-11,1.1968693888343165e-06,3.8769541475525705e-06,0.018385026387709773,0.018390100291626563
0.6262499443826474,7.728207576396167e-11,1.1608763272564716e-06,3.741014733802995e-06,0.018259731989650946,0.018264633957994082
0.6271687430478309,7.430317527184574e-11,1.125965670806104e-06,3.609841091745277e-06,0.0181349756176499,0.018139711498715627
0.6280875417130144,7.143909892300855e-11,1.092104868885692e-06,3.4832661932596154e-06,0.018010759279052706,0.01801533472155395
0.629006340378198,6.868542072742045e-11,1.0592623497660804e-06,3.361128860650397e-06,0.01788708491644856,0.0178915053763444
0.6299251390433815,6.60378852984403e-11,1.0274074911502614e-06,3.2432735619660225e-06,0.017763954407927034,0.017768225155018035
0.6308439377085651,6.349240127676586e-11,9.965105916222936e-07,3.1295502134628537e-06,0.01764136956734804,0.017645495691645526
0.6317627363737486,6.104503500786828e-11,9.665428429548034e-07,3.019813988965359e-06,0.017519332144624568,0.017523318562501524
0.6326815350389321,5.869200446313351e-11,9.374763032492207e-07,2.9139251358826363e-06,0.01739784382601771,0.017401695286148846
0.6336003337041156,5.642967339531733e-11,9.092838708836876e-07,2.8117487976498627e-06,0.017276906234443817,0.017280627323542023
0.6345191323692992,5.4254545719284156e-11,8.819392592444013e-07,2.7131548423712617e-06,0.017156520929793518,0.01716011607814968
0.6354379310344828,5.216326010934462e-11,8.554169722168069e-07,2.6180176974489117e-06,0.01703668940926244,0.017040162896095366
0.6363567296996663,5.0152584804842414e-11,8.296922804137655e-07,2.5262161899889485e-06,0.016917413107693038,0.016920769066316024
0.6372755283648498,4.8219412615965904e-11,8.047411981186116e-07,2.4376333927841973e-06,0.016798693397927788,0.016801935820738103
0.6381943270300333,4.6360756122062156e-11,7.805404609215276e-07,2.3521564756790505e-06,0.016680531591173078,0.016683664334470435
0.6391131256952168,4.4573743055038546e-11,7.570675040284251e-07,2.269676562129102e-06,0.016562928937373628,0.016565955726013527
0.6400319243604005,4.285561186071284e-11,7.343004412221117e-07,2.1900885907746026e-06,0.01644588662559734,0.016448811057484948
0.640950723025584,4.120370743125585e-11,7.122180444561235e-07,2.1132911818531276e-06,0.01632940578443017,0.016332231334860184
0.6418695216907675,3.9615477002129506e-11,6.907997240621727e-07,2.0391865082826245e-06,0.016213487482380624,0.016216217508228447
0.642788320355951,3.808846620718251e-11,6.700255095528212e-07,1.967680171252218e-06,0.016098132728294023,0.016100770472063295
0.6437071190211345,3.662031528580323e-11,6.498760310014186e-07,1.8986810801635336e-06,0.015983342471775838,0.015985891065507317
0.6446259176863182,3.520875543627317e-11,6.303325009819749e-07,1.832101336770788e-06,0.01586911760362409,0.0158715800726706
0.6455447163515017,3.385160530968237e-11,6.113766970521484e-07,1.7678561233732898e-06,0.01575545895627056,0.01575783822294259
0.6464635150166852,3.254676763898888e-11,5.929909447629636e-07,1.7058635949188289e-06,0.01564236730423025,0.0156446661913167
0.6473823136818687,3.1292225998015434e-11,5.751581011794766e-07,1.6460447748816855e-06,0.015529843364559289,0.015532064598727576
0.6483011123470522,3.008604168537276e-11,5.578615388969974e-07,1.588323454783345e-06,0.015417887797320635,0.015420034012400358
0.6492199110122358,2.8926350728493642e-11,5.410851305379633e-07,1.5326260972288997e-06,0.015306501206057513,0.01530857494621163
0.6501387096774194,2.78113610031503e-11,5.2481323371502e-07,1.478881742336316e-06,0.01519568413827425,0.015197687861061663
0.6510575083426029,2.6739349464001667e-11,5.090306764462936e-07,1.4270219174401764e-06,0.015085437085924351,0.015087373165257587
0.6519763070077864,2.5708659481891206e-11,4.93722743009236e-07,1.3769805499554438e-06,0.014975760485905295,0.014977631214906919
0.6528951056729699,2.4717698283780674e-11,4.788751602198881e-07,1.328693883291005e-06,0.014866654720560207,0.014868462314321417
0.6538139043381535,2.3764934491365112e-11,4.644740841247376e-07,1.2821003957063544e-06,0.01475812011818573,0.014759866716430495
0.654732703003337,2.2848895754562242e-11,4.505060870927796e-07,1.237140722008656e-06,0.01465015695354616,0.014651844623204157
0.6556515016685206,2.196816647622135e-11,4.3695814529574363e-07,1.1937575779908772e-06,0.014542765448393362,0.014544396186084815
0.6565703003337041,2.1121385624536205e-11,4.2381762656481667e-07,1.1518956875153144e-06,0.014435945771992434,0.0144375215064279
0.6574890989988876,2.030724462977878e-11,4.110722786125256e-07,1.1115017121498765e-06,0.014329698041652593,0.0143312206359506
0.6584078976640712,1.952448536210559e-11,3.9871021760882716e-07,1.0725241832681019e-06,0.014224022323263343,0.014225493577188705
0.6593266963292547,1.8771898187312087e-11,3.8671991710072347e-07,1.034913436526614e-06,0.014118918631835446,0.014120340283960971
0.6602454949944383,1.8048320097528218e-11,3.750901972650923e-07,9.986215486369922e-07,0.01401438693204654,0.014015760661840763
0.6611642936596218,1.7352632913968578e-11,3.6381021448470715e-07,9.636022763517992e-07,0.013910427138791235,0.013911754568634704
0.6620830923248053,1.6683761558958856e-11,3.5286945123772237e-07,9.298109975873005e-07,0.013807039117735207,0.013808321814867793
0.6630018909899889,1.604067239456857e-11,3.4225770629120483e-07,8.972046546082374e-07,0.013704222685873391,0.013705462164274963
0.6639206896551724,1.5422371625281947e-11,3.3196508518956935e-07,8.657416992024432e-07,0.013601977612091757,0.01360317533429852
0.6648394883203559,1.4827903762240327e-11,3.2198199102904163e-07,8.35382039775739e-07,0.013500303617732584,0.013501460996591292
0.6657582869855395,1.4256350146680391e-11,3.1229911550955356e-07,8.060869902999361e-07,0.013399200377162915,0.013400318777525075
0.666677085650723,1.3706827530288523e-11,3.0290743025573063e-07,7.778192210491023e-07,0.013298667518346111,0.013299748258704244
0.6675958843159066,1.3178486710275732e-11,2.9379817839886967e-07,7.505427110614958e-07,0.01319870462341603,0.013199748977483976
0.6685146829810901,1.2670511217065768e-11,2.849628664120681e-07,7.242227022668503e-07,0.013099311229253884,0.013100320427493074
0.6694334816462736,1.2182116052566226e-11,2.763932561908906e-07,6.988256552206647e-07,0.013000486828067382,0.01300146205916091
0.6703522803114571,1.1712546477075158e-11,2.6808135737218326e-07,6.743192063892913e-07,0.012902230867972002,0.01290317328024831
0.6712710789766407,1.1261076842946398e-11,2.6001941988387955e-07,6.506721269315411e-07,0.012804542753574136,0.012805453456382027
0.6721898776418243,1.0827009473212902e-11,2.521999267188524e-07,6.278542829244342e-07,0.012707421846556008,0.01270830191159266
0.6731086763070078,1.0409673583433753e-11,2.446155869260679e-07,6.058365969825003e-07,0.012610867466261964,0.012611717928855546
0.6740274749721913,1.0008424245100302e-11,2.3725932881251402e-07,5.845910112219149e-07,0.012514878890286145,0.012515700750634604
0.6749462736373748,9.622641388997906e-12,2.3012429334956394e-07,5.640904515223318e-07,0.012419455355061216,0.012420249579428728
0.6758650723025583,9.25172884698433e-12,2.2320382777762198e-07,5.443087930410024e-07,0.012324596056447965,0.012325363578320512
0.676783870967742,8.895113430703508e-12,2.1649147940309344e-07,5.252208269353407e-07,0.012230300150325597,0.012231041871527048
0.6777026696329255,8.552244045811024e-12,2.099809895818961e-07,5.068022282516117e-07,0.012136566753182578,0.012137283544952656
0.678621468298109,8.222590840342222e-12,2.0366628788389789e-07,4.890295249388928e-07,0.012043394942707694,0.012044087646743107
0.6795402669632925,7.90564438590758e-12,1.975414864328439e-07,4.718800679489471e-07,0.01195078375838133,0.011951453187841356
0.680459065628476,7.600914890449447e-12,1.9160087441650044e-07,4.5533200238393415e-07,0.011858732202066668,0.011859379142544382
0.6813778642936597,7.307931441343413e-12,1.8583891276188446e-07,4.3936423965528e-07,0.011767239238600636,0.011767864449060986
0.6822966629588432,7.026241277675511e-12,1.80250228970628e-07,4.239564306183057e-07,0.011676303796384516,0.011676908010070347
0.6832154616240267,6.755409090569514e-12,1.7482961210964895e-07,4.0908893964840063e-07,0.011585924767973868,0.011586508693281036
0.6841342602892102,6.495016350484004e-12,1.695720079524708e-07,3.9474281962579907e-07,0.011496101010667817,0.011496665331990412
0.6850530589543937,6.244660660439283e-12,1.6447251426664846e-07,3.8089978779711655e-07,0.0114068313470974,0.011407376725644125
0.6859718576195772,6.0039551341747245e-12,1.595263762429196e-07,3.675422024829297e-07,0.011318114565812824,0.011318641640395505
0.6868906562847609,5.7725277982752995e-12,1.5472898206180532e-07,3.546530406017651e-07,0.011229949421869523,0.011230458809664714
0.6878094549499444,5.550021017344055e-12,1.5007585859354006e-07,3.4221587598191037e-07,0.011142334637412881,0.011142826934697477
0.6887282536151279,5.336090941331327e-12,1.4556266722730894e-07,3.30214858433413e-07,0.01105526890226132,0.01105574468512307
0.6896470522803114,5.1304069741674524e-12,1.4118519982591598e-07,3.1863469355367316e-07,0.010968750874487818,0.010969210699511605
0.6905658509454949,4.932651262877158e-12,1.369393748021005e-07,3.0746062324090433e-07,0.010882779180999573,0.010883223585930267
0.6914846496106785,4.742518206386842e-12,1.328212333128534e-07,2.966784068906626e-07,0.010797352418115703,0.010797781922498424
0.6924034482758621,4.559713983264904e-12,1.2882693556817487e-07,2.862743032515138e-07,0.010712469152142868,0.010712884257941402
0.6933222469410456,4.3839560976659e-12,1.2495275725084125e-07,2.762350529167523e-07,0.010628127919948698,0.010628529112142822
0.6942410456062291,4.214972942776604e-12,1.211950860438335e-07,2.665478614298583e-07,0.010544327229532784,0.010544714976695232
0.6951598442714126,4.052503381089437e-12,1.1755041826219984e-07,2.572003829822146e-07,0.010461065560595274,0.010461440315449022
0.6960786429365962,3.896296340854438e-12,1.1401535558620177e-07,2.4818070468231543e-07,0.01037834136510283,0.010378703565059395
0.6969974416017798,3.746110428086616e-12,1.1058660189270746e-07,2.394773313764379e-07,0.010296153067851857,0.010296503135531236
0.6979162402669633,3.6017135535285663e-12,1.0726096018187032e-07,2.3107917100146067e-07,0.010214499067028966,0.010214837410761863
0.6988350389321468,3.4628825739920798e-12,1.0403532959622888e-07,2.2297552045116387e-07,0.010133377734768356,0.010133704749081287
0.6997538375973303,3.3294029475247505e-12,1.0090670252945317e-07,2.1515605193803785e-07,0.010052787417706282,0.010053103483790153
0.7006726362625139,3.2010684018683075e-12,9.787216182203513e-08,2.0761079983321191e-07,0.009972726437532258,0.009973031923694982
0.7015914349276974,3.0776806156964426e-12,9.492887804131543e-08,2.003301479677634e-07,0.009893193091537066,0.009893488353640756
0.702510233592881,2.959048912139795e-12,9.207410684330313e-08,1.9330481737922183e-07,0.00981418565315733,0.0098144710350406
0.7034290322580645,2.844989964124103e-12,8.930518641383541e-08,1.865258544876828e-07,0.009735702372516749,0.00973597820640264
0.704347830923248,2.735327511066287e-12,8.66195349866847e-08,1.7998461968644762e-07,0.009657741476963624,0.009658008083853625
0.7052666295884316,2.6298920864909013e-12,8.401464843630622e-08,1.736727763326896e-07,0.009580301171604858,0.00958055886165952
0.7061854282536151,2.528520756145694e-12,8.148809794297453e-08,1.6758228012409965e-07,0.009503379639836218,0.009503628712742806
0.7071042269187986,2.4310568662116868e-12,7.903752772813909e-08,1.6170536884800125e-07,0.009426975043868734,0.009427215789196367
0.7080230255839822,2.337349801218865e-12,7.666065285787989e-08,1.5603455248986252e-07,0.009351085525251253,0.00935131822279395
0.7089418242491657,2.2472547512930635e-12,7.435525711242198e-08,1.505626036886237e-07,0.009275709205389053,0.009275934125497109
0.7098606229143493,2.1606324883745275e-12,7.211919091971613e-08,1.4528254852666594e-07,0.009200844186058328,0.009201061589958407
0.7107794215795328,2.077349151062337e-12,6.995036935116488e-08,1.4018765764270656e-07,0.00912648854991666,0.009126698690021003
0.7116982202447163,1.9972760377522193e-12,6.78467701776201e-08,1.3527143765628927e-07,0.00905264036100926,0.00905284348121437
0.7126170189098998,1.9202894077479364e-12,6.580643198384404e-08,1.3052762289295425e-07,0.008979297665270988,0.008979494001246155
0.7135358175750834,1.8462702900390666e-12,6.382745233967124e-08,1.2595016739953997e-07,0.008906458491024047,0.008906648270490057
0.714454616240267,1.7751042994496204e-12,6.190798602617041e-08,1.215332372394556e-07,0.008834120849471374,0.008834304292469744
0.7153734149054505,1.7066814598732692e-12,6.004624331514781e-08,1.1727120305809669e-07,0.00876228273518552,0.008762460054338575
0.716292213570634,1.6408960343221744e-12,5.824048830039313e-08,1.1315863290894641e-07,0.008690942126593139,0.008691113527355245
0.7172110122358175,1.577646361526754e-12,5.6489037279106765e-08,1.0919028533121414e-07,0.00862009698645492,0.008620262667355176
0.7181298109010011,1.5168346988337567e-12,5.479025718200428e-08,1.0536110267019857e-07,0.008549745262340942,0.008549905415217628
0.7190486095661847,1.4583670711600494e-12,5.31425640506298e-08,1.0166620463186373e-07,0.00847988488710147,0.00848003969732852
0.7199674082313682,1.4021531257685364e-12,5.154442156046151e-08,9.810088206341343e-08,0.00841051377933299,0.008410663426038767
0.7208862068965517,1.3481059926418968e-12,4.999433958843037e-08,9.46605909519492e-08,0.00834162984383964,0.008341774500118287
0.7218050055617352,1.2961421502382953e-12,4.849087282351928e-08,9.134094663355768e-08,0.008273230972089873,0.008273370805205472
0.7227238042269187,1.2461812964217061e-12,4.703261941914268e-08,8.813771820545359e-08,0.008205315042668346,0.008205450214252152
0.7236426028921024,1.1981462243672524e-12,4.561821968605446e-08,8.504682313405898e-08,0.008137879921722999,0.008138010587963965
0.7245614015572859,1.151962703249974e-12,4.424635482456334e-08,8.20643220521507e-08,0.008070923463407353,0.008071049775236193
0.7254802002224694,1.1075593635324297e-12,4.291574569487333e-08,7.918641373844045e-08,0.008004443510317845,0.008004565613584837
0.7263989988876529,1.0648675866740853e-12,4.162515162440305e-08,7.640943027320164e-08,0.007938437893926389,0.007938555929573154
0.7273177975528364,1.0238213990918853e-12,4.0373369250973826e-08,7.372983236376188e-08,0.007872904435007953,0.00787301853923339
0.72823659621802,9.843573702082059e-13,3.915923140078393e-08,7.114420483390909e-08,0.00780784094406325,0.0078079512484838425
0.7291553948832036,9.464145144286467e-13,3.798160600012673e-08,6.864925227146443e-08,0.00774324522173645,0.007743351853541136
0.7300741935483871,9.099341968981861e-13,3.683939501983616e-08,6.62417948284759e-08,0.00767911505922796,0.007679218141327742
0.7309929922135706,8.748600428899755e-13,3.573153345147493e-08,6.391876416867835e-08,0.007615448238702165,0.007615547889874646
0.7319117908787541,8.411378506868963e-13,3.4656988314311474e-08,6.167719955706307e-08,0.007552242533690253,0.007552338868719263
0.7328305895439376,8.087155078211179e-13,3.361475769216097e-08,5.951424408656762e-08,0.007489495709487983,0.007489588839298477
0.7337493882091213,7.77542910542274e-13,3.26038697991893e-08,5.742714103708106e-08,0.007427205523548445,0.007427295555336825
0.7346681868743048,7.475718863898434e-13,3.1623382073812635e-08,5.541323036212666e-08,0.007365369725869878,0.007365456763229886
0.7355869855394883,7.187561197499757e-13,3.067238029984413e-08,5.3469945298740534e-08,0.007303986059378321,0.007304070202422676
0.7365057842046718,6.910510802818452e-13,2.9749977754071837e-08,5.15948090962316e-08,0.007243052260305378,0.007243133605783279
0.7374245828698553,6.644139541028515e-13,2.8855314379469454e-08,4.978543185965205e-08,0.007182566058560886,0.007182644699971539
0.7383433815350389,6.388035776263354e-13,2.7987555983272634e-08,4.803950750395573e-08,0.0071225251781005675,0.007122601205802858
0.7392621802002225,6.141803739495697e-13,2.714589345916957e-08,4.6354810814963796e-08,0.007062927337288678,0.007063000838607132
0.740180978865406,5.905062916937612e-13,2.6329542032884034e-08,4.4729194613394346e-08,0.007003770249255623,0.007003841308582776
0.7410997775305895,5.677447462014607e-13,2.5537740530444215e-08,4.3160587018337525e-08,0.006945051622250534,0.006945120321145828
0.742018576195773,5.458605630006105e-13,2.4769750668458155e-08,4.1646988806694524e-08,0.006886769159988902,0.006886835577274238
0.7429373748609566,5.248199234478027e-13,2.4024856365731087e-08,4.01864708652121e-08,0.0068289205619951445,0.006828984773847195
0.7438561735261401,5.045903124667551e-13,2.33023630755857e-08,3.87771717318664e-08,0.006771503523940247,0.006771565603979645
0.7447749721913237,4.851404683012575e-13,2.260159713825995e-08,3.7417295223463314e-08,0.00671451573797437,0.006714575757351872
0.7456937708565072,4.664403342049311e-13,2.192190515278138e-08,3.610510814643323e-08,0.006657954893054571,0.006658012920534311
0.7466125695216907,4.4846101199313763e-13,2.1262653367729506e-08,3.483893808790005e-08,0.006601818675267465,0.006601874777307381
0.7475313681868743,4.311747173852859e-13,2.0623227090320998e-08,3.361717128421277e-08,0.0065461047681470725,0.006546159008976622
0.7484501668520578,4.1455473706848137e-13,2.0003030113263916e-08,3.243825056422191e-08,0.0064908108529876845,0.0064908632946829165
0.7493689655172413,3.9857538741621526e-13,1.9401484158849285e-08,3.1300673364679204e-08,0.006435934609151838,0.006435985311707937
0.7502877641824249,3.8321197479825923e-13,1.8818028339759092e-08,3.020298981523297e-08,0.0063814737143734375,0.0063815227357748045
0.7512065628476085,3.6844075742045575e-13,1.8252118636090454e-08,2.9143800890577795e-08,0.006327425845056005,0.006327473241343972
0.752125361512792,3.5423890863541747e-13,1.7703227388105913e-08,2.8121756627403214e-08,0.006273788676566073,0.006273834501904327
0.7530441601779755,3.405844816674591e-13,1.7170842804239226e-08,2.7135554403870486e-08,0.006220559883521827,0.00622060419025962
0.753962958843159,3.274563756972164e-13,1.6654468483895694e-08,2.618393727942415e-08,0.006167737140076891,0.00616777997881011
0.7548817575083426,3.1483430325357957e-13,1.615362295460411e-08,2.5265692392821893e-08,0.006115318120199401,0.006115359539829582
0.7558005561735262,3.026987588625221e-13,1.5667839223087207e-08,2.4379649416343145e-08,0.00606330049794633,0.006063340545737668
0.7567193548387097,2.910309889043836e-13,1.5196664339832698e-08,2.352467906420375e-08,0.006011681947733086,0.006011720669367521
0.7576381535038932,2.7981296263302764e-13,1.4739658976759066e-08,2.2699691653278583e-08,0.005960460144598433,0.005960497584228876
0.7585569521690767,2.690273443121061e-13,1.4296397017582151e-08,2.190363571429587e-08,0.005909632764464789,0.005909668964766548
0.7594757508342602,2.5865746642532883e-13,1.3866465160499974e-08,2.113549665173448e-08,0.005859197484393868,0.005859232486614338
0.7603945494994439,2.4868730391938513e-13,1.3449462532826656e-08,2.0394295450715594e-08,0.005809151982837733,0.005809185826844404
0.7613133481646274,2.3910144943968514e-13,1.3045000317214817e-08,1.967908742924172e-08,0.005759493939885325,0.005759526664212173
0.7622321468298109,2.2988508952065687e-13,1.2652701389118537e-08,1.8988961034191255e-08,0.005710221037504391,0.005710252679396699
0.7631509454949944,2.210239816938083e-13,1.2272199965159012e-08,1.8323036679536198e-08,0.005661330959778975,0.005661361555236644
0.7640697441601779,2.1250443247818902e-13,1.1903141262064807e-08,1.768046562530078e-08,0.005612821393142447,0.005612850976961839
0.7649885428253614,2.0431327621921294e-13,1.1545181165868281e-08,1.7060428895833397e-08,0.005564690026606045,0.0055647186324204205
0.7659073414905451,1.9643785474315967e-13,1.119798591105079e-08,1.646213623601224e-08,0.005516934551983091,0.0055169622123016765
0.7668261401557286,1.888659977959194e-13,1.0861231769336418e-08,1.588482510405572e-08,0.005469552664108805,0.005469579410354544
0.7677449388209121,1.815860042357254e-13,1.0534604747844598e-08,1.532775969965234e-08,0.0054225420610558035,0.005422567923601837
0.7686637374860956,1.7458662395084207e-13,1.0217800296320259e-08,1.4790230026173106e-08,0.005375900444345306,0.0053759254525502145
0.7695825361512791,1.678570404742458e-13,9.910523023168371e-09,1.4271550985770157e-08,0.00532962551915411,0.005329649701395976
0.7705013348164627,1.613868542684353e-13,9.61248642002777e-09,1.3771061506209097e-08,0.005283714994517338,0.005283738378226652
0.7714201334816463,1.5516606665454197e-13,9.32341259462827e-09,1.3288123698321446e-08,0.005238166583526998,0.005238189195218458
0.7723389321468298,1.491850643609137e-13,9.043032011681154e-09,1.2822122043004488e-08,0.005192978003526445,0.005192999868829685
0.7732577308120133,1.4343460466727298e-13,8.77108324156184e-09,1.2372462606731e-08,0.005148146976300682,0.005148168119989965
0.7741765294771968,1.3790580112151644e-13,8.507312716550453e-09,1.1938572284570424e-08,0.005103671228262653,0.00510369167428556
0.7750953281423804,1.325901098070689e-13,8.251474494402958e-09,1.1519898069755754e-08,0.005059548490635505,0.005059568262140659
0.776014126807564,1.274793161395704e-13,8.003330029032e-09,1.1115906348865832e-08,0.005015776499630832,0.005015795618994689
0.7769329254727475,1.2256552217250095e-13,7.762647948084596e-09,1.0726082221724454e-08,0.004972352996623055,0.00497237148547579
0.777851724137931,1.1784113439211331e-13,7.529203837207957e-09,1.034992884514939e-08,0.004929275728319796,0.00492929360757032
0.7787705228031145,1.1329885198282718e-13,7.302780030803611e-09,9.986966799715555e-09,0.004886542446928488,0.0048865597367886175
0.7796893214682981,1.089316555449388e-13,7.083165409073821e-09,9.63673347872458e-09,0.004844150910319091,0.00484416763032691
0.7806081201334816,1.0473279624721836e-13,6.87015520117155e-09,9.2987824986024e-09,0.004802098882183087,0.0048021150512255195
0.7815269187986652,1.0069578539762637e-13,6.6635507942699454e-09,8.972683129973452e-09,0.0047603841321886935,0.004760399768523314
0.7824457174638487,9.681438441603907e-14,6.463159548374116e-09,8.658019748686336e-09,0.004719004436132407,0.004719019557408518
0.7833645161290322,9.308259519347796e-14,6.268794616701415e-09,8.354391306090907e-09,0.004677957576086874,0.00467797219936588
0.7842833147942158,8.949465082295606e-14,6.0802747714638906e-09,8.061410817892521e-09,0.004637241340545141,0.004637255482320225
0.7852021134593993,8.604500668760942e-14,5.897424234889668e-09,7.778704870931118e-09,0.004596853524561367,0.004596867200776518
0.7861209121245828,8.272833189234152e-14,5.720072515326133e-09,7.505913147256989e-09,0.004556791929887964,0.004556805155956354
0.7870397107897664,7.953950102574543e-14,5.548054248271695e-09,7.2426879648966374e-09,0.00451705436510926,0.0045170671559310125
0.7879585094549499,7.647358623956825e-14,5.38120904218856e-09,6.988693834723401e-09,0.004477638645771755,0.004477651015751105
0.7888773081201335,7.352584963347615e-14,5.219381328951844e-09,6.7436070328677895e-09,0.004438542594510887,0.004438554557572774
0.789796106785317,7.069173593335909e-14,5.062420218796493e-09,6.507115188123204e-09,0.004399764041174513,0.004399775610780612
0.7907149054505005,6.796686545185495e-14,4.910179359626144e-09,6.2789168838205725e-09,0.004361300822943031,0.004361312012107241
0.7916337041156841,6.534702732021326e-14,4.7625168005530555e-09,6.058721273664756e-09,0.004323150784446219,0.00432316160574964
0.7925525027808676,6.282817298104734e-14,4.619294859541659e-09,5.8462477110432825e-09,0.004285311777876873,0.004285322243482272
0.7934713014460512,6.04064099319084e-14,4.480379995032538e-09,5.6412253913344705e-09,0.004247781663101175,0.0042477917847669674
0.7943901001112347,5.807799571002158e-14,4.345642681426844e-09,5.443393006759526e-09,0.004210558307765992,0.0042105680968597585
0.7953088987764182,5.583933210888484e-14,4.214957288315568e-09,5.252498413338653e-09,0.0041736395874029915,0.004173649054914533
0.7962276974416017,5.3686959617794097e-14,4.088201963340334e-09,5.068298309526378e-09,0.004137023385529738,0.004137032542083698
0.7971464961067853,5.1617552075699336e-14,3.965258518577185e-09,4.890557926116931e-09,0.0041007075937477145,0.004100716449615777
0.7980652947719689,4.962791153113572e-14,3.84601232033695e-09,4.719050727024233e-09,0.004064690111837402,0.004064698676950078
0.7989840934371524,4.7714963300278997e-14,3.730352182279704e-09,4.553558120555079e-09,0.00402896884785035,0.004028977131808368
0.7999028921023359,4.587575121549518e-14,3.6181702617434346e-09,4.393869180807724e-09,0.003993541718198406,0.003993549730283724
0.8008216907675194,4.410743305703615e-14,3.509361959190656e-09,4.23978037884073e-09,0.00395840664774004,0.003958414396926485
0.8017404894327029,4.240727616082757e-14,3.403825820678617e-09,4.091095323269279e-09,0.003923561569863848,0.003923569064827399
0.8026592880978866,4.0772653195555004e-14,3.3014634432627497e-09,3.947624509958591e-09,0.0038890044265692814,0.003889011675698007
0.8035780867630701,3.9201038102527364e-14,3.202179383244749e-09,3.809185080495291e-09,0.0038547331685446435,0.003854740179948308
0.8044968854282536,3.769000219204116e-14,3.1058810671799627e-09,3.675600589128817e-09,0.003820745755242334,0.0038207525367616804
0.8054156840934371,3.6237210390213937e-14,3.0124787055609123e-09,3.5467007778860174e-09,0.0037870401549514963,0.0037870467141672168
0.8063344827586206,3.484041763048527e-14,2.9218852090968223e-09,3.4223213595722385e-09,0.003753614344867986,0.003753620689109395
0.8072532814238041,3.3497465384212834e-14,2.8340161075105693e-09,3.3023038083822373e-09,0.0037204663111617994,0.0037204724475152127
0.8081720800889878,3.220627832499687e-14,2.7487894707778557e-09,3.186495157854212e-09,0.0036875940490419157,0.0036875999843587505
0.8090908787541713,3.096486112158237e-14,2.666125832734802e-09,3.0747478059093614e-09,0.003654995562818683,0.0036550013037232867
0.8100096774193548,2.977129535438108e-14,2.5859481169829444e-09,2.9669193267283986e-09,0.0036226688659636765,0.0036226744188608915
0.8109284760845383,2.862373655084894e-14,2.5081815650223642e-09,2.8628722892254505e-09,0.0035906119811671914,0.0035906173522496695
0.8118472747497218,2.75204113351363e-14,2.4327536665462483e-09,2.7624740818878485e-09,0.003558822940393308,0.003558828135648577
0.8127660734149055,2.6459614687609086e-14,2.359594091831452e-09,2.6655967437585668e-09,0.0035272997849326152,0.0035273048101499105
0.813684872080089,2.543970731000244e-14,2.2886346261624435e-09,2.572116801346003e-09,0.0034960405654526423,0.0034960454262295097
0.8146036707452725,2.445911309213677e-14,2.219809106227203e-09,2.4819151112530512e-09,0.003465043342045971,0.0034650480437946477
0.815522469410456,2.351631667628164e-14,2.1530533584258813e-09,2.3948767083250506e-09,0.0034343061842761484,0.0034343107322297316
0.8164412680756395,2.260986111540374e-14,2.0883051390347175e-09,2.310890659123095e-09,0.0034038271712213994,0.0034038315704398073
0.8173600667408231,2.173834562167809e-14,2.025504076169399e-09,2.22984992053571e-09,0.0033736043915161378,0.0033736086468918727
0.8182788654060067,2.09004234017866e-14,1.964591613493668e-09,2.1516512033490778e-09,0.0033436359433904016,0.003343640059654119
0.8191976640711902,2.0094799575655544e-14,1.9055109556208654e-09,2.0761948406015382e-09,0.003313919934707164,0.0033139239164330547
0.8201164627363737,1.93202291754171e-14,1.8482070151573273e-09,2.0033846605548457e-09,0.0032844544829975938,0.0032844583346085896
0.8210352614015572,1.857551522150276e-14,1.7926263613383426e-09,1.933127864120148e-09,0.003255237715494298,0.003255241441267099
0.8219540600667408,1.7859506872895704e-14,1.7387171702087934e-09,1.8653349065825525e-09,0.003226267769162597,0.003226271373232533
0.8228728587319243,1.7171097648682335e-14,1.6864291763020037e-09,1.799919383473453e-09,0.0031975427907298282,0.003197546277095559
0.8237916573971079,1.6509223718156112e-14,1.6357136257716783e-09,1.7367979204452003e-09,0.0031690609367127434,0.003169064309240799
0.8247104560622914,1.5872862256830996e-14,1.5865232309333752e-09,1.6758900670078073e-09,0.003140820373443044,0.003140823635872215
0.825629254727475,1.5261029865822816e-14,1.5388121261729835e-09,1.617118193992074e-09,0.0031128192770910348,0.003112822433036616
0.8265480533926585,1.4672781052157464e-14,1.492535825181157e-09,1.560407394608725e-09,0.0030850558336874903,0.003085058886645383
0.827466852057842,1.4107206767657035e-14,1.4476511794738527e-09,1.505685388977183e-09,0.0030575282391437546,0.00305753119249443
0.8283856507230256,1.3563433004145125e-14,1.4041163381602663e-09,1.452882432002486e-09,0.003030234699270055,0.003030237556282389
0.8293044493882091,1.3040619442801782e-14,1.361890708920635e-09,1.4019312244828578e-09,0.0030031734297921576,0.0030031761936271315
0.8302232480533926,1.2537958155579673e-14,1.3209349201575414e-09,1.3527668273346245e-09,0.0029763426563662837,0.0029763453300805692
0.8311420467185762,1.2054672356675475e-14,1.2812107842854812e-09,1.3053265788251754e-09,0.0029497406145924236,0.0029497432011418414
0.8320608453837597,1.1590015202126578e-14,1.2426812621243455e-09,1.2595500147085233e-09,0.0029233655500260133,0.00292336805226888
0.8329796440489432,1.1143268635678767e-14,1.2053104283637353e-09,1.2153787911615686e-09,0.0028972157181880336,0.0028972181388883965
0.8338984427141268,1.0713742279140204e-14,1.1690634380658562e-09,1.1727566104229542e-09,0.002871289384573546,0.0028712917264043084
0.8348172413793103,1.0300772365508474e-14,1.1339064941757415e-09,1.131629149039686e-09,0.0028455848246587228,0.0028455870902046668
0.8357360400444939,9.903720713220092e-15,1.0998068160085318e-09,1.0919439886300568e-09,0.0028201003239063647,0.002820102515667073
0.8366548387096774,9.521973739939355e-15,1.066732608684467e-09,1.053650549074639e-09,0.002794834177769959,0.0027948362981626384
0.8375736373748609,9.15494151436094e-15,1.0346530334829972e-09,1.0167000240502453e-09,0.0027697846916963226,0.002769786743058535
0.8384924360400444,8.802056844561642e-15,1.003538179088465e-09,9.810453188245946e-10,0.002744950181126824,0.002744952165719124
0.839411234705228,8.462774401492405e-15,9.733590337005052e-10,9.466409902324785e-10,0.002720328971497224,0.002720330891505711
0.8403300333704116,8.136569876256279e-15,9.440874579831464e-10,9.13443188756949e-10,0.002695919398236206,0.0026959212557749893
0.8412488320355951,7.822939169869148e-15,9.156961588274038e-10,8.81409602641564e-10,0.0026717198067625347,0.002671721603876119
0.8421676307007786,7.521397614252531e-15,8.881586639029385e-10,8.504994039626593e-10,0.0026477285524809722,0.0026477302911465613
0.8430864293659621,7.231479223253392e-15,8.614492969749681e-10,8.206731965927416e-10,0.0026239440007769068,0.0026239456829066318
0.8440052280311456,6.952735972534065e-15,8.355431539635028e-10,7.91892965988809e-10,0.002600364527009756,0.002600366154452829
0.8449240266963293,6.68473710721951e-15,8.10416079722537e-10,7.641220307414821e-10,0.0025769885165051547,0.00257699009104995
0.8458428253615128,6.427068476231979e-15,7.860446455175476e-10,7.373249958233456e-10,0.002553814364545974,0.0025538158879220424
0.8467616240266963,6.179331892283836e-15,7.624061271802975e-10,7.114677074767261e-10,0.0025308404763621697,0.002530841950242184
0.8476804226918798,5.94114451654053e-15,7.394784839206177e-10,6.86517209683595e-10,0.0025080652671195048,0.0025080666931211397
0.8485992213570633,5.712138267001896e-15,7.172403377753339e-10,6.624417021619702e-10,0.0024854871619071845,0.0024854885415949365
0.849518020022247,5.4919592496878804e-15,6.956709536752513e-10,6.392104998353851e-10,0.0024631045957243863,0.0024631059306113316
0.8504368186874305,5.280267211749982e-15,6.747502201115731e-10,6.167939937236973e-10,0.0024409160134657645,0.0024409173050152586
0.851355617352614,5.076735015662467e-15,6.544586303837251e-10,5.951636132054219e-10,0.0024189198699058954,0.002418921119533216
0.8522744160177975,4.881048133681806e-15,6.347772644111072e-10,5.742917896034978e-10,0.0023971146296827457,0.002397115838756681
0.853193214682981,4.69290416179221e-15,6.156877710918386e-10,5.541519210480653e-10,0.0023754987672801407,0.0023754999371245256
0.8541120133481646,4.51201235238676e-15,5.971723511919907e-10,5.34718338571453e-10,0.002354070767009284,0.0023540718989044857
0.8550308120133482,4.338093164961554e-15,5.792137407494121e-10,5.159662733922079e-10,0.00233282912298934,0.002332830218173692
0.8559496106785317,4.170877834129081e-15,5.617951949766432e-10,4.978718253464247e-10,0.0023117723391271145,0.0023117733987983056
0.8568684093437152,4.0101079542820786e-15,5.449004726479033e-10,4.804119324261502e-10,0.002290898929095819,0.002290899954412234
0.8577872080088987,3.855535080267911e-15,5.285138209556064e-10,4.635643413860801e-10,0.0022702074163130056,0.002270208408395023
0.8587060066740823,3.706920343454384e-15,5.12619960822299e-10,4.473075793810085e-10,0.002249696333917626,0.0022496972938488733
0.8596248053392658,3.564034082595127e-15,4.972040726542831e-10,4.316209265979601e-10,0.0022293642247462925,0.0022293651535748556
0.8605436040044494,3.4266554889233508e-15,4.822517825236853e-10,4.164843898480502e-10,0.0022092096413087125,0.0022092105400483117
0.8614624026696329,3.2945722649258985e-15,4.67749148766067e-10,4.018786770845077e-10,0.002189231145762367,0.0021892320153934874
0.8623812013348164,3.167580296269999e-15,4.5368264898107354e-10,3.8778517281425156e-10,0.0021694273098864063,0.0021694281513573955
0.8633,3.0454833363758694e-15,4.4003916742400906e-10,3.7418591437183333e-10,0.002149796715054821,0.0021497975292829484
