U,x_an_meas,x_an_model,x_gr,x_si_raw,x_si_tilde
0.0373,0.9896585490758106,0.9954851535728373,0.9999999999989786,0.9755597407750891,0.9937128839336251
0.03821879866518354,0.9886244039833925,0.9939307551329766,0.998024162336031,0.9746548541711197,0.9927906443283949
0.03913759733036708,0.9865561137985567,0.9934441583978552,0.9978495423004436,0.9737182535670181,0.9918360825439724
0.04005639599555061,0.985521968706139,0.9920730591339788,0.9962229447086709,0.9727489893647983,0.9908482307719406
0.04097519466073415,0.9834536785213029,0.9913498927797678,0.9956990846019088,0.9717460961131666,0.9898261050465563
0.041893993325917686,0.981447506061707,0.9901605182927902,0.994421726474566,0.970708593268309,0.9887687060201265
0.042812791991101225,0.9802189554958534,0.9891991834658188,0.9935486258819065,0.9696354860560361,0.987675019841687
0.04373159065628476,0.9782829530592135,0.9881899127174023,0.9926205084324832,0.9685257664409745,0.9865440191447807
0.044650389321468295,0.9762146628743776,0.9866596368518892,0.9908496186530569,0.9673784142084999,0.9853746641501375
0.045569187986651834,0.973430868521039,0.9854714654836081,0.9896751732133238,0.9661923981650773,0.9841659038890345
0.04648798665183537,0.9711060551375279,0.9844727429065228,0.9888434531421755,0.964966677462612,0.9829166775530433
0.04740678531701891,0.9689756472274521,0.9828084214174575,0.9869300917119351,0.9637002030522792,0.9816259159757409
0.04832558398220245,0.9679415021350343,0.9814271517274482,0.985516890711221,0.9623919192731403,0.9802925432517892
0.04924438264738598,0.9658732119501984,0.9805537922748013,0.9849793347923019,0.96104076558061,0.9789154784985501
0.05016318131256952,0.9648390668577804,0.9788517912193915,0.9830905601889203,0.9596456784195487,0.977493637765098
0.05108197997775306,0.9627707766729446,0.9770792074735681,0.9811147217272056,0.9582055932463771,0.976025936093112
0.0520007786429366,0.9617366315805268,0.9752878461984096,0.9791388838415578,0.9567194467041753,0.9745112897336873
0.052919577308120136,0.9606467376508218,0.9734772751165901,0.9771630461786103,0.955186178954196,0.9729486185235596
0.05383837597330367,0.9586341963032731,0.9716470644788466,0.9751872085156627,0.9536047361666161,0.9713368484236222
0.054757174638487206,0.957600051210855,0.9697967882003857,0.9732113708527153,0.9519740731726436,0.9696749142218916
0.055675973303670745,0.9565659061184373,0.9674409160635773,0.9704270185044453,0.9502931562793057,0.967961762402275
0.05659477196885428,0.9545516813611248,0.9647440841881394,0.9671092375271853,0.9485609662473411,0.9661963541795706
0.05751357063403782,0.9534634708411834,0.9625555421978794,0.9646741245297226,0.9467765014316247,0.9643776687001147
0.058432369299221354,0.9513951806563475,0.9594353520848469,0.9607224492038275,0.9449387810824526,0.9625047064063759
0.05935116796440489,0.9503610355639298,0.9562930613204197,0.9567707738256662,0.9430468488047976,0.9605764925625495
0.06026996662958843,0.9482927453790939,0.9531282909115004,0.9528190975612482,0.941099776171344,0.9585920809368786
0.06118876529477196,0.946224455194258,0.9510874276789959,0.9507786743750081,0.9390966664836826,0.9565505576349776
0.06210756395995551,0.9441561650094222,0.9469781614962965,0.9453295724425692,0.9370366586745329,0.9544510450768874
0.06302636262513904,0.9416504599711886,0.9425583176706405,0.9394020587117708,0.9349189313422427,0.9522927061089447
0.06394516129032257,0.9389854395473326,0.9381146265619735,0.9334745454434167,0.9327427069071095,0.9500747482398089
0.06486395995550612,0.9358830042700789,0.9336467903223733,0.9275470318785073,0.9305072558772832,0.947796427988172
0.06578275862068965,0.9319247247784103,0.9285316420022344,0.9205813664518678,0.9282119012101531,0.9454570553277839
0.0667015572858732,0.9276098435307355,0.9223110893452433,0.9118144834330912,0.9258560227532042,0.9430559982134714
0.06762035595105673,0.9222286079997778,0.9153982513758356,0.9019352941798308,0.9234390617463809,0.9405926871698427
0.06853915461624027,0.9147951868794167,0.9081517357935012,0.891541813040936,0.9209605253660086,0.9380666199223486
0.0694579532814238,0.9055108876125592,0.8993916087640934,0.8786677705745881,0.9184199912883473,0.9354773660483512
0.07037675194660734,0.889190030469928,0.8874629048268747,0.8605551269622194,0.9158171122488921,0.9328245716238575
0.07129555061179088,0.8677444609950143,0.8733357320114961,0.8388209107927506,0.9131516205716104,0.9301079638396142
0.07221434927697441,0.8390397451288847,0.8379472473445163,0.7816938418685981,0.9104233326404767,0.9273273555583935
0.07313314794215794,0.7964534431640315,0.7443803420368303,0.6276454702057069,0.9076321532839156,0.9244826497835154
0.07405194660734149,0.7582819275878617,0.7117651178050444,0.5752259670037256,0.9047780800411597,0.9215738440070225
0.07497074527252504,0.736898074090386,0.6965752932721363,0.5518914658505862,0.9018612072781017,0.9186010344044613
0.07588954393770855,0.7183576585986783,0.6876448335258651,0.5390317759818075,0.8988817301189662,0.9155644198419515
0.0768083426028921,0.7036311564038678,0.6829745802672028,0.533314763338527,0.8958399481591387,0.9124643056602164
0.07772714126807564,0.693612372552462,0.6793382953860477,0.5293630875104198,0.8927362689237475,0.9093011071994895
0.07864593993325918,0.6861789514321012,0.6761233460378522,0.5261553413772327,0.8895712110361679,0.9060753530287815
0.07956473859844271,0.6808138204965759,0.6736227773657245,0.5241795037142851,0.8863454070605155,0.9027876878428835
0.08048353726362625,0.6754486895610506,0.6710977496271071,0.5222036660513376,0.8830596059824654,0.8994388749907615
0.08140233592880979,0.6721518488103614,0.6685486164728982,0.5202278283883901,0.8797146752933893,0.8960297985996603
0.08232113459399332,0.6680394253338384,0.6659757805264391,0.5182519907038543,0.8763116026438588,0.8925614652603163
0.08323993325917686,0.6645240222165646,0.663379693357518,0.5162761521023838,0.8728514970340774,0.8890350052402193
0.08415873192436041,0.6608004096869129,0.6607608579043744,0.5143003143780801,0.8693355895107227,0.885451673193816
0.08507753058954393,0.6566638293172413,0.6581198253654809,0.5123244767151326,0.8657652333420789,0.8818128483410033
0.08599632925472747,0.6525462293636151,0.6554571970665601,0.510348639052185,0.8621419036461648,0.878120034088123
0.08691512791991102,0.648390668577898,0.6527736236611528,0.5083728013892375,0.85846719644984,0.8743748570690258
0.08783392658509455,0.6439032380934461,0.6500698044707818,0.50639696372629,0.854742827160561,0.8705790655875196
0.08875272525027808,0.6390833627461366,0.6473464863392195,0.5044211256008984,0.8509706284365562,0.8667345274467012
0.08967152391546163,0.6339126372840471,0.6441250954109232,0.5016463409147331,0.8471525474456458,0.8628432271552083
0.09059032258064516,0.6277077667295397,0.6405543002125929,0.49831899201744506,0.8432906425077236,0.8589072625053146
0.09150912124582869,0.62253704126745,0.6375076049860615,0.495893447961478,0.8393870791209694,0.8549288405229367
0.09242791991101224,0.6181117285082378,0.6336942244354198,0.492216858862349,0.8354441253771616,0.8509102727950258
0.09334671857619578,0.6142638805281067,0.6307656406730857,0.4900400876649104,0.8314641467768855,0.8468539701853485
0.0942655172413793,0.6115180470068592,0.6255725195877637,0.484112574676068,0.8274496004609788,0.8427624369553071
0.09518431590656284,0.6090931550660171,0.6215073531067012,0.4800867456364303,0.8234030288800971,0.8386382643121078
0.09610311457174639,0.6059907197887634,0.6174746910589803,0.4761350694901798,0.8193270529297834,0.834484123412181
0.09702191323692992,0.6036958149396269,0.6124996731923658,0.47063095008514255,0.8152243645837585,0.8303027578532005
0.09794071190211345,0.6008199943266738,0.6074857096415909,0.4650781989404531,0.8110977190633029,0.8260969756932973
0.098859510567297,0.59771755904942,0.6021679997986655,0.4590335723037908,0.8069499265854196,0.8218696410409776
0.09977830923248053,0.5948394377799767,0.5961413616079048,0.451819825837302,0.8027838437369392,0.8176236652638086
0.10069710789766406,0.5923429954222845,0.590207062180194,0.4447704383883025,0.7986023645257428,0.8133619978680313
0.10161590656284761,0.5898004824183725,0.5841255894478856,0.43748423767658495,0.7944084111637919,0.8090876171048365
0.10253470522803114,0.5859219206740952,0.5767872713975117,0.4281097720878304,0.7902049246395891,0.8048035203620337
0.10345350389321468,0.5775517297472708,0.5701308759761272,0.41987631702539796,0.7859948551400285,0.8005127144022212
0.10437230255839822,0.5708297866465546,0.5625788495421844,0.41015261223013694,0.7817811523832517,0.7962182055102555
0.10529110122358175,0.5685719798833251,0.5561187522294274,0.40224926063982397,0.7775667559251216,0.7919229896138327
0.1062098998887653,0.5606859621148973,0.5473115209413864,0.39043250660812817,0.7733545855022006,0.7876300424412737
0.10712869855394883,0.5500344402122298,0.5395526604382883,0.3803595608770241,0.7691475314737053,0.7833423097801846
0.10804749721913237,0.5380590630485943,0.531913302134063,0.37048037162376335,0.7649484454237825,0.7790626978995125
0.1089662958843159,0.5242815816560595,0.522558925763864,0.35773550014264427,0.7607601309836602,0.7747940641956934
0.10988509454949943,0.5114194164482136,0.513313397233531,0.34516285664183066,0.7565853349307698,0.7705392081210815
0.11080389321468298,0.49277271062665184,0.50385488218962,0.332224228682868,0.7524267386188886,0.7663008624497483
0.11172269187986651,0.4782738008751507,0.4933233038307485,0.3174843830965453,0.7482869497897393,0.7620816849320533
0.11264149054505006,0.4706447664366969,0.4826009252496938,0.3024120418260218,0.7441684948123732,0.7578842503852017
0.11356028921023359,0.46116634927846484,0.47253237026864425,0.2884132549394809,0.7400738113921356,0.7537110432623894
0.11447908787541712,0.4538534250417862,0.4623582072219058,0.27422071154441835,0.7360052417861067,0.7495644507381369
0.11539788654060067,0.4476773126934081,0.4529829724277787,0.26134044981819043,0.7319650265567592,0.7454467563421611
0.1163166852057842,0.4419924480221349,0.44546386700148694,0.25153302222339047,0.727955298890175,0.7413601341686316
0.11723548387096774,0.4373633546142889,0.4402859624504488,0.24560550829602493,0.7239780794996913,0.7373066436820848
0.11815428253615128,0.43324713505455714,0.43512208719900974,0.23967799524128128,0.7200352721302913,0.7332882251356024
0.11907308120133481,0.4298837478148838,0.43097045464856854,0.23541296067344178,0.7161286596735558,0.7293066956112588
0.11999187986651835,0.42608306329280526,0.4270222690594264,0.23146128464081392,0.7122599008975963,0.7253637456873451
0.12091067853170188,0.42228237877072666,0.4223021970828267,0.22619637065035592,0.708430527791152,0.7214609367315329
0.12182947719688543,0.4189105941348636,0.4178843651110814,0.22140747597575425,0.7046419435160527,0.7175996988140722
0.12274827586206896,0.41558499517804465,0.4145644107744929,0.21841979847061357,0.70089542095754,0.713781329230312
0.1236670745272525,0.41105436986798605,0.4118691727934117,0.2164439602440978,0.69719210185757,0.7100069916173826
0.12458587319243604,0.40953967515114365,0.4091919598070155,0.21446812258115025,0.6935329965122345,0.7062777156458134
0.12550467185761957,0.4071642473248445,0.4067972127593368,0.2129324230900942,0.6899189840108427,0.7025943972632007
0.12642347052280312,0.40457660866078266,0.40518326275779976,0.2126669049537901,0.6863508129910479,0.6989577994638143
0.12734226918798663,0.4025903696727673,0.4025620617966147,0.21069106729084258,0.6828291028816882,0.6953685535552728
0.12826106785317018,0.4006900274117278,0.3999600021331744,0.20871522962789504,0.6793543456027361,0.6918271608910934
0.12917986651835373,0.3987896851506884,0.39839897530908175,0.20844229549108817,0.6759269076899356,0.6883339950360721
0.13009866518353724,0.3968507539714957,0.39649034999389865,0.2075577137698042,0.672547032810318,0.6848893043300404
0.13101746384872082,0.39496883893003176,0.39444659032316576,0.20641550732889546,0.6692148446338386,0.6814932148145711
0.13193626251390433,0.39295683075067256,0.39247839134100787,0.20536682991057742,0.6659303500258302,0.6781457334866535
0.13285506117908785,0.3911883161065311,0.3905660474433653,0.20437891117681917,0.6626934425248009,0.6748467518431847
0.13377385984427143,0.3892879738454915,0.38859353211274855,0.20325852040102238,0.6595039060703127,0.6715960496803378
0.13469265850945494,0.38774578628358936,0.38659596336587687,0.20206440620153585,0.656361418946189,0.6683932991123884
0.1356114571746385,0.3863205295878099,0.38464607872006473,0.20091808534982394,0.6532655579051285,0.6652380687754259
0.13653025583982203,0.38462109215479134,0.38268256799809675,0.19971772787517764,0.6502158024418802,0.6621298281824755
0.13744905450500555,0.3822127736615745,0.3807032579908213,0.19846012851943926,0.647211539183449,0.6590679521978943
0.1383678531701891,0.3808204076327127,0.3786998542483143,0.19713194001356402,0.6442520663663045,0.6560517256004398
0.13928665183537264,0.37892006537167333,0.37668145132845354,0.19574885374335302,0.6413365983722317,0.6530803477061042
0.14020545050055616,0.37701972311063386,0.37468063529334183,0.1943657674731421,0.638464270296258,0.6501529370236414
0.1411242491657397,0.3751193808495944,0.3725906719573567,0.19280542931717293,0.6356341425219789,0.6472685359176323
0.14204304783092325,0.37321903858855493,0.3705053017319973,0.19122475938270034,0.6328452052815675,0.6444261152559427
0.14296184649610677,0.3713186963275157,0.3683508887273208,0.18950176186523315,0.6300963831797478,0.6416245790204522
0.14388064516129032,0.36941835406647633,0.36625413122168493,0.1878483727948118,0.6273865396630284,0.6388627688619946
0.14479944382647386,0.36751801180543703,0.3641970763754401,0.18623548157073863,0.6247144814175004,0.6361394685824923
0.14571824249165738,0.36524628607044085,0.3622088395099192,0.18471246016367693,0.6220789626804797,0.6334534085292826
0.14663704115684092,0.36287085824414156,0.36033197837718894,0.18335111736957332,0.619478689453214,0.6308032698886125
0.14755583982202447,0.36107024944195937,0.3585145661297854,0.18206581763819174,0.6169123236037407,0.6281876888671759
0.148474638487208,0.3596449927461799,0.35677029321259746,0.18088031485271866,0.6143784868507886,0.6256052607524157
0.14939343715239156,0.3580163005002401,0.35505076077667586,0.1797149053984246,0.6118757646213309,0.6230545438440528
0.15031223581757508,0.3561159582392007,0.35344981751461385,0.17872698702371384,0.6094027097760211,0.6205340632509638
0.1512310344827586,0.35421561597816137,0.35186036645342045,0.17773906772297862,0.6069578461982665,0.6180423145490831
0.15214983314794217,0.3523152737171219,0.35028179649317387,0.17675114929032026,0.6045396722441216,0.6155777672974543
0.1530686318131257,0.35045041908244634,0.34871348545014386,0.17576323014297562,0.6021466640514932,0.6131388684108963
0.15398743047830923,0.34902516238666687,0.3471548050822506,0.1747753115444282,0.5997772787083647,0.6107240453889843
0.15490622914349278,0.34759990569088733,0.3456051192986483,0.17378739256297257,0.5974299572808391,0.6083317094021619
0.1558250278086763,0.3457480497653824,0.34399604434301767,0.17268656841381572,0.5951031277028043,0.6059602582368206
0.15674382647385984,0.34384770750434296,0.3424011370116997,0.17159650895144318,0.5927952075299032,0.6036080791020846
0.1576626251390434,0.3422899905111308,0.34086053804718713,0.1705851958774179,0.5905046065612891,0.601273551301841
0.1585814238042269,0.3408647338153514,0.3392902958466577,0.16951379389358465,0.5882297293333292,0.5989550487762673
0.15950022246941045,0.3391808258136428,0.33768516653921093,0.16837464922021728,0.5859689774900185,0.5966509425177015
0.160419021134594,0.33728048355260337,0.33605732900733754,0.16718914643474417,0.583720752035371,0.5943596028662276
0.16133781979977752,0.3340105604828513,0.3344339468658715,0.1660036436492711,0.581483455473476,0.5920794016907722
0.16225661846496106,0.3336124893936064,0.33281437030302086,0.16481814086379798,0.5792554938422484,0.5898087144618552
0.1631754171301446,0.33218723269782674,0.3311979517359606,0.16363263807832484,0.5770352786471691,0.5875459222224143
0.16409421579532812,0.33071325960086384,0.3295533042997676,0.16239589819073735,0.5748212287015037,0.585289413463313
0.16501301446051167,0.3288129173398245,0.32786890700530275,0.16108978773531507,0.5726117718796224,0.5830375859102842
0.16593181312569522,0.326912575078785,0.3262321898467462,0.15986108425849233,0.5704053467901116,0.5807888482291269
0.16685061179087876,0.32470325465109,0.32455095360556974,0.1585571749052889,0.5682004043753829,0.578541621655991
0.16776941045606228,0.3239075726038982,0.32288275655829873,0.1572750332241329,0.5659954094444493,0.5762943415595475
0.16868820912124582,0.32224569338808495,0.3212719018398976,0.15608953043865978,0.5637888421454526,0.5740454589417544
0.16960700778642937,0.3203453511270455,0.3196597935335926,0.15490402796678515,0.5615791993844029,0.5717934418838038
0.1705258064516129,0.3184450088660062,0.3180749615027895,0.15376708454220986,0.5593649961964204,0.569536776943659
0.17144460511679643,0.3165446666049668,0.31655842934483003,0.1527480685671212,0.5571447670755707,0.5672739705113933
0.17236340378197998,0.31483223046277764,0.3149365052673141,0.1515584753599917,0.5549170672691528,0.5650035501282977
0.1732822024471635,0.31340697376699816,0.31327784471501874,0.15031369734139263,0.5526804740420296,0.562724065775458
0.17420100111234704,0.31187778491426654,0.311800994775316,0.1493789305340591,0.5504335879163021,0.5604340911372013
0.1751197997775306,0.30932653143258515,0.3101855522838668,0.14822110391010948,0.5481750338913189,0.5581322248445029
0.17603859844271413,0.3079894211582317,0.30854819735601374,0.14703560112463637,0.545903462648663,0.5558170917030798
0.17695739710789765,0.30608864298756755,0.30698981872715014,0.1459914686048777,0.543617551746416,0.5534873439105588
0.1778761957730812,0.3038233590907445,0.30538444951694194,0.1448796410171034,0.5413160068066115,0.5511416622666998
0.17879499443826474,0.30144793126444513,0.30372798589108924,0.1436941382316303,0.5389975626994061,0.5487787573802776
0.17971379310344826,0.29944158625561246,0.3020641298716178,0.14250863586883342,0.5366609847270879,0.5463973708757944
0.1806325917686318,0.297541243994573,0.30039239085040326,0.14132313368215157,0.5343050698106216,0.5439962766027807
0.18155139043381535,0.2956409017335336,0.2986798549005313,0.14008357026755383,0.5319286476810053,0.5415742818499976
0.18247018909899887,0.2937405594724943,0.296894340506662,0.13873708180016728,0.5295305820772633,0.5391302285664041
0.18338898776418242,0.29184021721145487,0.29519270118790575,0.1375458389196434,0.5271097719524606,0.5366629945902993
0.18430778642936596,0.28958847591995307,0.29344853123336234,0.1362998887972171,0.5246651526886613,0.5341714948875802
0.1852265850945495,0.2886737661673568,0.29161195463603795,0.1349168025270061,0.5221956973212941,0.5316546827995858
0.18614538375973302,0.28717333552075475,0.2897975731294195,0.1335882543486817,0.5197004177729199,0.5291115513005262
0.18706418242491657,0.2852729932597152,0.2879159591835278,0.13216584246320717,0.5171783660959276,0.5265411342640087
0.18798298109010012,0.28337265099867587,0.28603752871202487,0.13076754269490576,0.5146286357232159,0.5239425077377036
0.18890177975528363,0.282404879846005,0.28410223784697725,0.12929386892849268,0.5120503627254424,0.5213147912247041
0.18982057842046718,0.28060611156901505,0.2821061932790151,0.12773888948524828,0.5094427270729621,0.5186571489696654
0.19073937708565072,0.2787057693079757,0.2800824480678252,0.12615821928149004,0.5068049539001067,0.5159687912473279
0.19165817575083424,0.27618938181828523,0.2779999049708469,0.12450052451769673,0.5041363147690027,0.5132489756505723
0.1925769744160178,0.2749050847858971,0.2758321657233198,0.12272227062240743,0.5014361289296754,0.5104970083746885
0.19349577308120133,0.27274839187541905,0.27362604831952014,0.12090191686979826,0.49870376457275317,0.507712245494103
0.19441457174638488,0.2701586003806303,0.27128371896100717,0.11887680211676828,0.49593864007065197,0.5048940942273655
0.1953333704115684,0.26523991183705997,0.2687245898378444,0.1165129736058783,0.4931402252027254,0.5020420141857936
0.19625216907675194,0.26432718389092097,0.2662659383521074,0.11433955151966996,0.4903080423594624,0.4991555186007635
0.1971709677419355,0.26091318220845977,0.26364725558691327,0.1119226422953413,0.4874416677204587,0.4962341755242713
0.198089766407119,0.2570660819416879,0.26065999540981954,0.10891491968501256,0.4845407324005349,0.4932776089970301
0.19900856507230255,0.2527814543268614,0.2573916369542213,0.10546239480499962,0.4816049235580655,0.4902855001780539
0.1999273637374861,0.24755551310900303,0.2539656203841225,0.10177097502061522,0.478633985459295,0.48725758842938344
0.20084616240266961,0.2423295718911449,0.24997316821923024,0.09715949879914529,0.4756277204921667,0.4841936723493577
0.20176496106785316,0.23789471140749766,0.245231317800631,0.09132312250264453,0.4725859901229743,0.4810936107476108
0.2026837597330367,0.23432604809247196,0.23983777657806024,0.0844247452602305,0.4695087157889768,0.4779573235548049
0.20360255839822025,0.23131201554086037,0.23390770067901226,0.07665630602504316,0.466395879719979,0.4747847926599659
0.20452135706340377,0.22873108157355956,0.22804495348024584,0.06902421402160312,0.46324752568180017,0.4715760626682099
0.20544015572858731,0.2265832461905694,0.223801954995859,0.06411576394535941,0.46006375963451673,0.46833124157160844
0.20635895439377086,0.22468290392953003,0.22164934423131244,0.06271523950155117,0.456844750298375,0.4650505013259544
0.20727775305895438,0.22278256166849073,0.21984857410494937,0.061924904624076765,0.453590729620341,0.46173407832625835
0.20819655172413792,0.22049306857892623,0.21806835480653083,0.06119240882826095,0.45030199313437824,0.45838227377393564
0.20911535038932147,0.21898187714641193,0.2164538355686071,0.06075942332846343,0.44697890020872194,0.4549954539288226
0.210034149054505,0.21711684996249966,0.21484817346120919,0.06036425560907831,0.44362187417365784,0.45157405023940556
0.21095294771968853,0.21616667883197993,0.21322887635862683,0.05996908770107961,0.44023140232360897,0.4481185593449477
0.21187174638487208,0.21431499545571173,0.21159616940368692,0.05957392037710126,0.4368080357876941,0.44462954294356544
0.21279054505005562,0.2124146531946724,0.20995030275221882,0.05917875290654972,0.4333523892633309,0.44110762752072247
0.21370934371523914,0.20991314939270125,0.20832852432682766,0.058845204589313305,0.42986514060793485,0.4375535039330992
0.2146281423804227,0.2086139686725936,0.20672324241227072,0.05856011945823201,0.4263470302842919,0.43396792684332886
0.21554694104560623,0.20699643461063208,0.20508796661388198,0.05824546835533987,0.42279886065577144,0.4303517140016952
0.21646573971078975,0.20557117791485258,0.20346690989265012,0.05797435290673233,0.41922149512817786,0.42670574537152683
0.2173845383759733,0.20267413374577586,0.2017998241111129,0.057645732121366464,0.41561585713573124,0.42303096209573265
0.21830333704115684,0.20204674472085402,0.20016449793420354,0.05738858635523264,0.4119829289693949,0.4193283653026599
0.21922213570634036,0.20014640245981474,0.19847122210831541,0.057052693680359916,0.4083237504465419,0.4155990147502487
0.2201409343715239,0.1982460601987753,0.19684364436999996,0.056843389077814,0.4046394174217597,0.41184402730827896
0.22105973303670745,0.1963457179377359,0.19511528671619463,0.056482427674084436,0.4009310801394325,0.40806457527935996
0.221978531701891,0.19444537567669645,0.1934446591981516,0.056233175623457546,0.39719994142960197,0.4042618845601927
0.22289733036707451,0.19300901831335102,0.19177312669481822,0.05599705606100947,0.3934472547494858,0.4004372326455314
0.22381612903225806,0.19158376161757143,0.1900542589177022,0.05569580054405105,0.38967432207392844,0.3965919464781789
0.2247349276974416,0.1897784939859963,0.18834618727032354,0.05542537868436322,0.38588249163895016,0.39272740014926405
0.22565372636262512,0.18787815172495698,0.18666098973628292,0.055204974591169735,0.38207315554345034,0.3888450124539527
0.22657252502780867,0.1859778094639176,0.18495791583351784,0.054965696850102545,0.37824774721499893,0.38494624430864083
0.22749132369299221,0.1840774672028782,0.18325662615730184,0.05473931290446492,0.3744077387465137,0.38103259603655726
0.22841012235817573,0.1821771249418389,0.18149424015525395,0.05441999723906356,0.3705546381114406,0.3771056045295395
0.22932892102335928,0.1802767826807995,0.17979906488660125,0.05422054794795612,0.3666899862658619,0.3731668402945689
0.23024771968854282,0.17863261851996193,0.1780653752958198,0.0539636892300923,0.3628153541467015,0.3692179043944111
0.23116651835372637,0.17751024325113865,0.17628354630383897,0.053632293644783016,0.3589323395759012,0.3652604252924229
0.2320853170189099,0.1756099009900993,0.1745671923340389,0.05341461681523138,0.3550425640810878,0.36129605561225014
0.23300411568409343,0.17370955872905985,0.17286080709624674,0.05321703261126224,0.35114766964382804,0.3573264688237235
0.23392291434927698,0.17180921646802053,0.1711530116412907,0.05301944882428816,0.34724931538708925,0.35335335586679456
0.2348417130144605,0.16990887420698114,0.16942351910092188,0.05278691735101237,0.3433491742139487,0.34937842172578615
0.23576051167964404,0.16800853194594173,0.16765562036977522,0.05249044597188742,0.339448929409965,0.3454033819666069
0.2366793103448276,0.16645944241456845,0.1658989748310587,0.05221165188519385,0.3355502712218923,0.341429959249856
0.2375981090100111,0.16503418571878892,0.1641923929734485,0.05201406840045599,0.3316548934256116,0.3374598798329373
0.23851690767519465,0.1633416502552415,0.1624878388462562,0.05181648469415399,0.32776448989625523,0.3334948700744095
0.2394357063403782,0.16144130799420214,0.1607860014272319,0.05161890040951277,0.3238807511935151,0.3295366529538106
0.24035450500556174,0.1589043368963274,0.15908545820647904,0.051417800597386085,0.3200053611750478,0.32558694462011845
0.24127330367074526,0.1577819412970439,0.15735554552045097,0.05116094187952226,0.3161399936507292,0.32164745098184405
0.2421921023359288,0.15635668460126434,0.15558435309508567,0.05082734559080959,0.312286309090261,0.3177198643514998
0.24311090100111235,0.1547924234780319,0.15389045605414578,0.05061351998568058,0.3084459513962967,0.31380586015684364
0.24402969966629587,0.1529737417814232,0.1522123989457,0.05041593575557824,0.3046205447548445,0.3099070937308826
0.24494849833147941,0.1510733995203838,0.15054109007368754,0.05021835199473737,0.3008116905742098,0.30602519719211285
0.24586729699666296,0.14962151272572832,0.14887717167636433,0.05002076850999951,0.2970209645231852,0.3021617764259116
0.24678609566184648,0.14786444384762626,0.1472212739881774,0.04982318452873074,0.29324991367856323,0.29831840817734734
0.24770489432703002,0.14640651782968364,0.14557401521742738,0.049625600519056304,0.2895000537913658,0.294496637264984
0.24862369299221357,0.14450617556864426,0.14393599979039037,0.049428017034318435,0.28577286668044444,0.2906979739244983
0.24954249165739711,0.14316684839277974,0.14229843020452582,0.04921478948078946,0.28206979776132046,0.28692389129013035
0.25046129032258063,0.14173963613898344,0.14065133084252376,0.04896833605677243,0.27839225371731263,0.28317582302115074
0.2513800889877642,0.13983929387794397,0.13904451546105567,0.04877075171531989,0.27474160031914935,0.27945516107965934
0.2522988876529477,0.13809349821664474,0.1374492024044043,0.04857316823058203,0.2711191603983849,0.27576325366513776
0.25321768631813124,0.13666824152086526,0.1357830271242575,0.04823744300024942,0.267526211979049,0.2721014033102696
0.25413648498331476,0.13517241218724388,0.13420482722837848,0.04802746861954305,0.263963986571065,0.26847086514163165
0.25505528364849833,0.13330065558309717,0.1326470692040595,0.04782988513480518,0.26043366762807163,0.264872845307941
0.25597408231368185,0.1318753988873177,0.13110278040796508,0.04763230096151415,0.2569363891713971,0.26130849957764146
0.2568928809788654,0.13028397727652166,0.12957240312900298,0.04743471714386196,0.2534732345810553,0.25777893210671454
0.25781167964404894,0.12821568709168582,0.1280563579461712,0.0472371336591241,0.2500452355537899,0.25428519437674185
0.25873047830923246,0.12666446945305898,0.12655504356175584,0.04703954973466665,0.24665337122735226,0.2508282843023896
0.259649276974416,0.12565729955799065,0.12506883760358548,0.04684196566818089,0.24329856746942186,0.24740914550669238
0.26056807563959955,0.12393830654480407,0.12359809601475893,0.04664438218344302,0.2399816963288101,0.24402866676173282
0.2614868743047831,0.12228971362022252,0.12214315174132917,0.04644679850781913,0.23670357564588385,0.24068768159159423
0.26240567296996664,0.12086445692444302,0.12070431572901191,0.04624921419249981,0.23346496881847406,0.2373869680337801
0.26332447163515016,0.11943920022866354,0.11928187784652478,0.04605163070776195,0.2302665847189217,0.23412724855466904
0.2642432703003337,0.11770758363977414,0.11787610437941415,0.04585404722302409,0.22710907775734857,0.2309091901139992
0.2651620689655172,0.11650488542444308,0.1164872394637665,0.045656462857710814,0.22399304808572584,0.22773340437285006
0.26608086763070077,0.11468817202682828,0.11511550675490202,0.045458879232080876,0.22091904193686457,0.22460044803913373
0.26699966629588434,0.11373800089630859,0.11376110678608467,0.04526129574734301,0.21788755209205,0.2215108233441972
0.26791846496106786,0.11231291674976586,0.112424218436033,0.0450637116308633,0.214899018470699,0.21846497864378753
0.2688372636262514,0.11045473401891243,0.11110500030837744,0.044866127756399796,0.21195382883513658,0.21546330913634393
0.2697560622914349,0.1089453308119979,0.10980358963953468,0.04466854427166194,0.20905231960335569,0.21250615769134382
0.27067486095661847,0.10752007411621829,0.1085201027842541,0.04447096078692407,0.20619477676244674,0.20959381578024913
0.271593659621802,0.10640178251266538,0.10725463600232295,0.044273377002222454,0.20338143687526017,0.2067265245024737
0.27251245828698556,0.10518663327086819,0.10600726595707474,0.04407579279598085,0.20061248817279015,0.20390447569871556
0.2734312569521691,0.1038282739141872,0.10477805084433599,0.043878209311243,0.19788807172474504,0.2011278131439755
0.2743500556173526,0.1024369403983581,0.10356702899026274,0.04368062577537495,0.19520828268078183,0.19839663381259443
0.2752688542825361,0.10095256833405873,0.10237422049435455,0.04348304135211413,0.1925731715749523,0.19571098920771518
0.2761876529477197,0.0996892433453533,0.10119962940040411,0.043285457835561925,0.18998274568600165,0.1930708867476674
0.2771064516129032,0.09850152943220371,0.10004324109126254,0.04308787435082406,0.18743697044630217,0.19047629120192028
0.2780252502780868,0.09731250989649577,0.09890502454292603,0.042890290125266614,0.18493577089236918,0.18792712616941515
0.2789440489432703,0.0960772874268202,0.09784310389135939,0.0427896560907323,0.18247903315011288,0.1854232755923
0.2798628476084538,0.09497591140011269,0.09677322681646625,0.042645654495238765,0.18006660594819485,0.18296458529830745
0.28078164627363733,0.0939236313829095,0.09568918843241306,0.0424480710105009,0.1776983021531161,0.18055086456528127
0.2817004449388209,0.09287844313933777,0.09463854789590538,0.042276321358761915,0.17537390031992336,0.17818188770162058
0.2826192436040045,0.09183325489576606,0.09361340837240716,0.04211741686287515,0.17309314625270877,0.17585739563670516
0.283538042269188,0.09084370802941384,0.09258273903314856,0.04191983337813729,0.17085575456937246,0.1735770975156655
0.2844568409343715,0.08989353689889418,0.09156961875718518,0.04172224973319151,0.16866141026542641,0.17134067229317568
0.28537563959955503,0.0889433657683745,0.09057390736082471,0.04152466538719409,0.1665097702719351,0.16914777032127065
0.28629443826473855,0.08802364382650477,0.08959545511207778,0.04132708190245622,0.16440046500300315,0.16699801492651012
0.2872132369299221,0.08716107692912332,0.08863410063948937,0.04112949841771835,0.16233309988854888,0.1648910039721459
0.28813203559510564,0.08630650859343417,0.0876896730103601,0.04093191408308319,0.1603072568884215,0.16282631140127546
0.2890508342602892,0.08540910301952093,0.08676199375898154,0.04073433042677514,0.15832249598424142,0.16080348875729114
0.28996963292547273,0.0846014575585792,0.08591135539401146,0.04063754787117816,0.1563783566456628,0.15882206667826138
0.29088843159065625,0.08379381209763749,0.0850692167813796,0.040527657060837836,0.15447435926806474,0.15688155636219228
0.2918072302558398,0.08292013204378111,0.08420655566175889,0.04035662543597479,0.15261000657898735,0.15498145100043503
0.29272602892102334,0.08204110871522591,0.08334391578035796,0.04015904151606225,0.1507847850109215,0.15312122717680152
0.2936448275862069,0.08121379264129155,0.08249701295911702,0.03996145744503158,0.14899816603834906,0.15130034623024516
0.29456362625139043,0.08077663914991655,0.08166562660787519,0.03976387396029372,0.14724960747720978,0.14951825557924742
0.29548242491657395,0.08003906593403005,0.08084953017605563,0.03956629028921474,0.14553855474523095,0.14777439000631698
0.2964012235817575,0.07931050784020402,0.0800576351519709,0.03938394331910436,0.14386444208181473,0.1460681729012707
0.29732002224694104,0.0786553015780542,0.07935259944770888,0.03932165410470842,0.14222669372641628,0.14439901746220957
0.29823882091212456,0.07799018178669043,0.07858097351331553,0.03912407061997056,0.14062472505457235,0.14276632785333299
0.29915761957730813,0.07732506199532663,0.07785688940974517,0.03898181547026914,0.13905794367096042,0.14116950031895922
0.30007641824249165,0.07664838734022332,0.07711921972176439,0.03879341670072631,0.137525750459065,0.13960792425332152
0.30099521690767517,0.07604306717920198,0.07638989308292442,0.03859583298760696,0.13602754058721767,0.1380809832259006
0.30191401557285874,0.07537087286913033,0.07567417208661739,0.03839824950286909,0.13456270447095683,0.13658805596223986
0.30283281423804226,0.07485412241483003,0.07501992975729527,0.03828087140859382,0.13313062869181053,0.13512851728034742
0.3037516129032258,0.07424515589675477,0.07437286380848726,0.03815361369218124,0.1317306968727576,0.1337017389829463
0.30467041156840935,0.0736622098035855,0.07371079207509215,0.03797992632117112,0.13036229051076176,0.13230709070597368
0.30558921023359287,0.07306164068170007,0.07307135229306114,0.037822960005863396,0.129024789766896,0.13094394072385773
0.3065080088987764,0.07249656493781971,0.07241988847007624,0.03762537630865121,0.12771757421468785,0.1296116567122138
0.30742680756395996,0.07197397081603386,0.0717805177964365,0.037427792014920185,0.12644002354742204,0.12830960646871098
0.3083456062291435,0.07143350634495915,0.07115710766302479,0.03723707370974174,0.12519151824522495,0.12703715859294934
0.309264404894327,0.07086340366664735,0.07062415233647806,0.03717779847661579,0.12397144020283751,0.12579368312627145
0.31018320355951057,0.07031224689453366,0.07005695208311791,0.03704255203685806,0.1227791733190566,0.12457855215250767
0.3111020022246941,0.0698214777206433,0.0694679577763837,0.03685250272016278,0.12161410404888551,0.12339114036071508
0.31202080088987766,0.06935992465019547,0.06888528164831588,0.036654919033176615,0.12047562191948677,0.12223082557102478
0.3129395995550612,0.06878982197188367,0.06837096499330961,0.03655361550567465,0.11936312001108014,0.12109698922476204
0.3138583982202447,0.06830849012425251,0.06784177694629284,0.036410283683796674,0.11827599540396093,0.11998901684003709
0.31477719688542827,0.06783340455899264,0.06730861097611046,0.0362434860041569,0.11721364959284972,0.1189062984340408
0.3156959955506118,0.0673583189937328,0.06678706965720543,0.036079630153141834,0.11617548886980536,0.11784822891330082
0.3166147942157953,0.06688323342847297,0.06628334289410939,0.03592943253473351,0.11516092467695231,0.11681420843317322
0.3175335928809789,0.06643573848617379,0.06582245360321785,0.035834994186790974,0.11416937393028682,0.11580364272785816
0.3184523915461624,0.06600816147743993,0.06531472260472516,0.035647242066385136,0.11320025931583272,0.11481594341223521
0.3193711902113459,0.06556139124193523,0.0648428158954748,0.035504340987914225,0.11225300955942032,0.11385052825681567
0.3202899888765295,0.06508630567667537,0.06434678251363633,0.03530675656465339,0.11132705967136232,0.11290682143711075
0.321208787541713,0.06463281177257758,0.063859205345296,0.0351091730696895,0.11042185116729308,0.11198425375870577
0.3221275862068965,0.06424449831754535,0.06345460563019628,0.035036167477444695,0.10953683226643007,0.11108226285932368
0.3230463848720801,0.06381856917914973,0.06302773128186076,0.03491268987700145,0.10867145806850545,0.11020029338914973
0.3239651835372636,0.06339099217041588,0.06257399930792455,0.0347314673994258,0.10782519071059975,0.10933779717067268
0.32488398220244713,0.06291770686885977,0.06211802347932298,0.03453388357268381,0.1069974995050933,0.10849423333928174
0.3258027808676307,0.06252564049305463,0.06171481809023806,0.034411984506503554,0.10618786105993315,0.10766906846583983
0.3267215795328142,0.06214557204084676,0.06131825959895478,0.034289248223303856,0.10539575938239083,0.10686177666243117
0.32764037819799774,0.06173239139010136,0.06089690996695245,0.034113623496615036,0.10462068596746445,0.10607183967245856
0.3285591768631813,0.06109967059376308,0.060494655223903945,0.033958594075678104,0.10386213987205543,0.10529874694624271
0.32947797552836483,0.06092666697732906,0.06008947920263692,0.03378780153556241,0.10311962777602418,0.10454199570324867
0.3303967741935484,0.06027235451982874,0.05975255759368994,0.03372020200145791,0.10239266403120229,0.103801090982038
0.3313155728587319,0.060141815270565585,0.059378751712990174,0.03358088906897059,0.10168077069941411,0.10307554567901954
0.33223437152391544,0.059599977160192004,0.05897593501824177,0.03338330464570977,0.10098347758052931,0.10236488057703975
0.333153170189099,0.05939751838608598,0.05865594037965281,0.03331415105620265,0.10030032223154212,0.10166862436482806
0.33407196885428253,0.0591013031113106,0.05827772713664327,0.03313866946221886,0.0996308499776422,0.10098631364827987
0.33499076751946605,0.05867372610257675,0.0579183870690569,0.03298564981207423,0.09897461391621226,0.10031749295453089
0.3359095661846496,0.058307478844234706,0.05754949518018734,0.032808015480482164,0.09833117491465757,0.0996617147297451
0.33682836484983314,0.05796481906656013,0.05722139638469284,0.03268996775348342,0.09770010160294146,0.09901853933150696
0.33774716351501666,0.05762338438846668,0.05691035112703206,0.03259222853393634,0.09708097036166796,0.09838753501667565
0.33866596218020023,0.05728481173903603,0.05656549722473088,0.03243031009086637,0.09647336530652287,0.09776827792552764
0.33958476084538375,0.056928028219178306,0.056229496095706266,0.03227559211752397,0.09587687826984992,0.0971603520629797
0.34050355951056727,0.05657399744680012,0.05593674455595155,0.032185674741486425,0.09529110878010533,0.09656334927764924
0.34142235817575084,0.05624143755111821,0.05558833865255637,0.03199598492794266,0.09471566403990127,0.09597686923947694
0.34234115684093436,0.055908877655436326,0.05527322012295556,0.03185502059386068,0.09415015890331237,0.09540051941659788
0.3432599555061179,0.05557631775975443,0.05492802828631867,0.03165743710912282,0.09359421585308356,0.09483391505211243
0.34417875417130145,0.05525300075152255,0.054699967089975626,0.03164882572237879,0.09304746497834221,0.09427667914137088
0.34509755283648497,0.054957861033656415,0.054377766325974686,0.03147731560306034,0.0925095439533778,0.09372844241034621
0.3460163515016685,0.054578638072708754,0.05404337615020762,0.03127973138659271,0.0919800980180142,0.09318884329562999
0.34693515016685206,0.054246078177026855,0.05376966584806067,0.03117775779573746,0.0914587799600594,0.0926575279265455
0.3478539488320356,0.05391351828134497,0.05349615991331057,0.031070833115630872,0.09094525010027604,0.0921341501098301
0.34877274749721915,0.05362091503725943,0.05318856419055004,0.030902026106054633,0.09043917628027162,0.09161837131729314
0.34969154616240267,0.05333586369810354,0.05290197389041658,0.03076338269948553,0.08994023385366504,0.09110986067681313
0.3506103448275862,0.05301925310354109,0.05264976517314439,0.03067741197724882,0.08944810568083718,0.09060829496698773
0.35152914349276976,0.05271405376517082,0.05235993550255345,0.030524320093786802,0.08896248212752764,0.09011335861570341
0.3524479421579533,0.052405840566798194,0.05205930143019595,0.030349006581766112,0.08848306106748893,0.08962474370284071
0.3533667408231368,0.05209224383223813,0.05182725425775895,0.03028399045141358,0.08800954788935758,0.089142149967277
0.35428553948832037,0.05180719249308221,0.051553523247200056,0.030145682199801665,0.08754165550785051,0.08866528481829763
0.3552043381535039,0.05152214115392631,0.05124696375728499,0.02994903069449658,0.08707910437933805,0.0881938633514676
0.3561231368186874,0.05122619705646692,0.05104811871798608,0.029928458950670388,0.08662162252178959,0.08772760836895961
0.357041935483871,0.05095203847561449,0.05076784561614158,0.029768909090718623,0.08616894553903023,0.087266250404276
0.3579607341490545,0.05066698713645859,0.050466606464084435,0.029571325605980768,0.08572081664918652,0.08680952775123991
0.358879532814238,0.05038193579730269,0.05024189541313443,0.029498368023843903,0.08527698671713896,0.08635718649707022
0.3597983314794216,0.05009688445814677,0.049998314378249926,0.02939120359088888,0.0848372142907376,0.08590898055929148
0.3607171301446051,0.04981183311899087,0.04973971546822044,0.029256411296256005,0.0844012656404742,0.08546467172616709
0.3616359288097886,0.04952678177983497,0.04951055615971022,0.0291682404659985,0.08396891480224097,0.0850240297002778
0.3625547274749722,0.04924173044067906,0.04924283171051267,0.029013498087650448,0.0835399436227438,0.084586832144806
0.3634735261401557,0.04895667910152316,0.04897308426008989,0.028853230612136686,0.08311414180707402,0.08415286473201969
0.36439232480533923,0.048671627762367255,0.04878879436972381,0.02883337648728119,0.08269130696788071,0.08372192119338774
0.3653111234705228,0.0484026637637202,0.04849899659350809,0.02863579207538262,0.08227124467552521,0.0832938033706963
0.3662299221357063,0.04816386634989093,0.04821025366137674,0.02843820859064476,0.08185376850853947,0.08286832126747472
0.3671487208008899,0.04791988825414131,0.04803200043829847,0.02842313866384271,0.08143870010365327,0.08244529309998212
0.3680675194660734,0.047634836914985414,0.047764670389529904,0.028258087084582276,0.08102586920460209,0.08202454534695133
0.36898631813125693,0.047349785575829514,0.047478667278800166,0.028060503599844414,0.08061511370887556,0.08160591279723378
0.3699051167964405,0.04710667764627339,0.04727152407998769,0.027993047737016222,0.0802062797115228,0.0811892385944449
0.370823915461624,0.04687399255869888,0.047037978646237794,0.027880381558619317,0.07979922154508795,0.0807743742776655
0.37174271412680754,0.046598046067603587,0.04681127267816928,0.027778001252135493,0.07939380181471516,0.08036117981721995
0.3726615127919911,0.0463437088379464,0.04659996519756051,0.027700259566251956,0.07898989142743407,0.07994952364452333
0.37358031145717463,0.04610965695618822,0.04634263616156308,0.027544871819294,0.07858736961461454,0.0795392826749667
0.37449911012235815,0.045846306559377666,0.04613321867478406,0.027468469576108746,0.07818612394656659,0.07913034232279702
0.3754179087875417,0.04560447305239321,0.04588257127578416,0.027322554455011618,0.07778605033825653,0.078722596506943
0.37633670745272524,0.04537961839030764,0.04560467647964169,0.027130495701574588,0.07738705304511476,0.07831594764674235
0.37725550611790876,0.04510777857104764,0.045406854939685354,0.027071220468448634,0.07698904464792404,0.07791030664654043
0.37817430478309233,0.04487023578841771,0.04516428083625481,0.026936739481654443,0.07659194602580285,0.07750559286815535
0.37909310344827585,0.044593541364877004,0.044960684971346934,0.026866652225418425,0.07619568631633168,0.07710173409023971
0.38001190211345937,0.044395150223157875,0.04472715103457159,0.026746140755208925,0.07580020286191667,0.07669866645361559
0.38093070077864294,0.04415760744052794,0.044515784146120216,0.026662083982388212,0.07540544114154203,0.07629633439171823
0.38184949944382646,0.04392006465789803,0.04426993090600802,0.026520091146445525,0.07501135468712972,0.07589469054535175
0.38276829810901,0.04368252187526811,0.044009109611836246,0.026352718912366534,0.0746179049838038,0.07549369566104082
0.38368709677419355,0.04348050698049061,0.04380093596812622,0.026272680965307823,0.07422506135344663,0.07509331847235381
0.38460589543937707,0.043259143564629156,0.04360155394874399,0.026206899538790976,0.07383280082103277,0.0746935355636735
0.38552469410456064,0.04302160078199923,0.04334361625938409,0.026043139621638588,0.07344110796333578,0.07429433121600236
0.38644349276974416,0.04276112620580163,0.043141191681545864,0.025971521312902285,0.07304997473972166,0.07389569723451124
0.3873622914349277,0.04238164442099879,0.042896569218980364,0.02582919352652315,0.0726594003048672,0.07349763275766619
0.38828109010011125,0.04232350683148733,0.042619023644233096,0.025631610041785276,0.07226939080337506,0.07310014404790482
0.38919988876529477,0.04201235987413596,0.042457823837750236,0.025627543553600605,0.07187995914639576,0.07270324426397469
0.3901186874304783,0.04184002387003767,0.04219367440750937,0.0254514885357228,0.07149112477050767,0.07230695321518922
0.39103748609566186,0.04164998964393373,0.04198347085586094,0.02536492002776302,0.07110291337925362,0.07191129709800781
0.3919562847608454,0.04145995541782979,0.04175603846711855,0.025249191968202123,0.07071535666787694,0.07151630821549318
0.3928750834260289,0.04122467303020165,0.04154502068255616,0.025160351350694353,0.07032849203194674,0.07112202468034887
0.39379388209121247,0.040987130247571724,0.041326552085541986,0.02505859340764565,0.06994236226070577,0.0707284901023865
0.394712680756396,0.04078643823027619,0.04110777081670663,0.024955782520235125,0.06955701521611352,0.07033575326141388
0.3956314794215795,0.04059640400417225,0.04089834360519912,0.024867994164217144,0.06917250349869138,0.06994386776667208
0.3965502780867631,0.04037791640892375,0.04067188524795439,0.024751214277204916,0.06878888410140338,0.0695528917040786
0.3974690767519466,0.040137655697667154,0.04047159206810062,0.024677395265065218,0.0684062180529235,0.06916288727265373
0.3983878754171301,0.039954538098284816,0.04023755522612733,0.02454664510246911,0.06802457005174661,0.06877392041161468
0.3993066740823137,0.039732852590514706,0.04004650219059384,0.02448679670450874,0.06764400809269669,0.06838606041972148
0.4002254727474972,0.03954281836441077,0.03980884433603969,0.024348487514373872,0.0672646030874652,0.06799937956853841
0.4011442714126807,0.03935278413830684,0.039539008280337795,0.024155711992999693,0.06688642848088089,0.06761395271134495
0.4020630700778643,0.03916274991220289,0.03936527671585667,0.024122223266772932,0.06650955986466331,0.06722985688948227
0.4029818687430478,0.03897271568609896,0.03912422266734513,0.023975590486937204,0.06613407459044755,0.06684717093795702
0.40390066740823133,0.03873611042098887,0.038930696718872865,0.023907177803359683,0.06576005138388605,0.06646597509214264
0.4048194660734149,0.03854093997927019,0.038711821309122846,0.023795468450257012,0.06538756996163571,0.06608635059742159
0.4057382647385984,0.03835090575316625,0.038481666034918774,0.023663857175801446,0.06501671065302277,0.06570837932359476
0.406657063403782,0.03803823503284354,0.038277178239848955,0.02357386814251327,0.06464755402814557,0.06533214338585248
0.4075758620689655,0.03791913004633747,0.038058663269283644,0.02345928893277124,0.06428018053412794,0.06495772477405225
0.40849466073414903,0.03772909582023354,0.037864043646433795,0.02338326941606776,0.06391467014117094,0.06458520499198285
0.4094134593993326,0.03753906159412959,0.03763869829713048,0.02325472068974103,0.06355110199997278,0.06421466470821466
0.4103322580645161,0.037299994496788884,0.037454075762019666,0.02319267065667167,0.06318955411199424,0.06384618342004166
0.41125105672969964,0.037158993141921726,0.0372245525326876,0.0230543614665368,0.06283010301394164,0.06347983913191381
0.4121698553948832,0.03696895891581778,0.03704080893512688,0.022990876192117392,0.0624728234777248,0.06311570804964112
0.41308865406006673,0.036778924689713846,0.03681980333066754,0.02286376269009732,0.06211778822702179,0.06275386429152287
0.41400745272525025,0.03658889046360991,0.03662953661642017,0.022786307949087186,0.06176506767144868,0.062394379617419636
0.4149262513904338,0.03639885623750597,0.03641882764884918,0.022673163963651793,0.061414729659195255,0.06203732317664525
0.41584505005561734,0.036208822011402034,0.0362221483337977,0.02258173970605698,0.06106683924884281,0.06168276127540878
0.41676384872080086,0.0360582843055964,0.03602184172379503,0.022482564763399892,0.060721458500934467,0.06133075716438774
0.41768264738598443,0.03588046081381505,0.03581885060368165,0.022377170441559287,0.06037864628972235,0.060981370846865196
0.41860144605116795,0.03565932746360265,0.03562904285666129,0.022291965489293273,0.060038458135369045,0.06063465890771332
0.41952024471635146,0.03547558553299985,0.0354283563643347,0.022186811031651283,0.05970094605673704,0.060290674363359824
0.42043904338153504,0.03519433602869426,0.035273932843033276,0.02215691038323454,0.05936615844476057,0.05994946653273138
0.42135784204671856,0.035138826939223045,0.03502525274491153,0.02196803395549888,0.05903413995625878,0.05961108092903051
0.4222766407119021,0.034981996937916274,0.034855478902252386,0.02190875872237293,0.05870493142792124,0.05927555917207157
0.42319543937708565,0.03479196271181233,0.03464065089038851,0.02177245887012811,0.058378569810076414,0.05894293892077909
0.42411423804226916,0.03460192848570839,0.034499332980149025,0.02175671908335731,0.058055088119740826,0.058613253825336595
0.42503303670745274,0.03441189425960445,0.03427406311829036,0.02159908286490422,0.05773451541234427,0.058286533498369555
0.42595183537263626,0.034221860033500515,0.03408489413068766,0.021499621214845027,0.05741687677143345,0.057962803504451606
0.4268706340378198,0.034076843903271745,0.03389159093311427,0.021391261310431793,0.05710219331557312,0.057642085367137996
0.42778943270300335,0.03390165466317187,0.033725735530981675,0.021326628156530823,0.056790482221592616,0.05732439659265795
0.42870823136818687,0.03375517186443049,0.033547203945204274,0.02123883943578419,0.05648175676326389,0.05700975070933441
0.4296270300333704,0.03356513763832656,0.033346211931689455,0.021111581671650094,0.05617602636444681,0.0566981573217485
0.43054582869855396,0.03337510341222262,0.03321328241261902,0.02109572256861467,0.0558732966656978,0.056389622178625545
0.4314646273637375,0.03318506918611868,0.033047031136073574,0.021022287057863114,0.05557356960330832,0.056084147253389255
0.432383426028921,0.03303468677462614,0.032839849826036493,0.020878595819186815,0.05527684349972028,0.055781730836311
0.43330222469410457,0.03290841524315259,0.03260184150176264,0.02068149074482361,0.05498311316425562,0.055482367637171175
0.4342210233592881,0.03271838101704866,0.032483314005833513,0.02068149074482361,0.05469237000309653,0.05518604889734838
0.4351398220244716,0.03253557660396569,0.03233349136309731,0.020627310598322287,0.054404602137459526,0.05489276251025984
0.4360586206896552,0.032393050934387733,0.03214266509472558,0.020502779725147805,0.05411979452892297,0.05460249314909225
0.4369774193548387,0.03225052526480978,0.031979734175785514,0.02042274202578644,0.05383792911088836,0.05431522240078413
0.4378962180200222,0.03205896264777675,0.031799680260854994,0.02031218116459134,0.0535589849251853,0.05403092890525047
0.4388150166852058,0.03180165572203054,0.031630739254026305,0.02021817309079439,0.05328293826286301,0.05374958849887417
0.4397338153503893,0.03173378958782421,0.03146141895994903,0.020121582025695653,0.05300976280825069,0.05347117436132908
0.4406526140155728,0.03152312095061066,0.03130007486580663,0.020036353333116392,0.05273942978541099,0.053195657164841995
0.4415714126807564,0.03140493622670074,0.03118050816479287,0.020018843457955703,0.052471908106157455,0.05292300522504862
0.4424902113459399,0.03126559696636194,0.031027197861699485,0.019943206667733995,0.05220716451885512,0.05265318465264772
0.4434090100111235,0.031128282283734657,0.030833183192040082,0.019797865649994237,0.051945163757273684,0.05238615950510885
0.444327808676307,0.030938248057630725,0.03061251360599067,0.01960626138482242,0.05168586868881561,0.05212189193774304
0.4452466073414905,0.03076096522012462,0.030507893772292557,0.01960626138482242,0.05142924046149258,0.05186034235349776
0.4461654060066741,0.030618439550546665,0.030370846250738492,0.01955043071730185,0.05117523864907835,0.05160146955089346
0.4470842046718576,0.030471559888560703,0.03019231231288639,0.019423699941763545,0.0509238213939173,0.05134523086957066
0.44800300333704113,0.030281836251082966,0.030044150417751325,0.019345862474271645,0.05067494554692055,0.05109158233297084
0.4489218020022247,0.030186819138030993,0.02987605224428106,0.01923310121531802,0.05042856680433238,0.05084047878772562
0.4498406006674082,0.03000487171949068,0.02974245189054931,0.01917617045799593,0.0501846398408991,0.05059187403937938
0.45075939933259174,0.029854103948036007,0.02958471534146682,0.01907737824636552,0.049943118439119936,0.05034572098411877
0.4516781979977753,0.02971157827845805,0.02941746307836105,0.018961123973115203,0.04970395561430581,0.05010197173622983
0.45259699666295883,0.029538183550420663,0.02930940924658021,0.018941963576935263,0.049467103735215616,0.04986057775104762
0.45351579532814235,0.02940149004504578,0.029167071642948135,0.018864126109443363,0.04923251464008027,0.049621489943205296
0.4544345939933259,0.02923781442904271,0.02899630072035496,0.018737395333905057,0.04900013974786474,0.04938465880002981
0.45535339265850944,0.02901657185744041,0.028864130225786103,0.01867352738299784,0.048769930164654474,0.0491500344899685
0.45627219132369295,0.028880839589027762,0.02868815826521746,0.018535219131385935,0.04854183678508591,0.04891756696596475
0.45719098998887653,0.02880471700636944,0.02859350225326697,0.018531033046288718,0.04831581038877368,0.04868720606373435
0.45810978865406005,0.028662191336791487,0.028470834918733198,0.01847879046794042,0.048091801731714595,0.04845890159492236
0.45902858731924356,0.02851658849043561,0.02830714719157672,0.018356843029196015,0.04786976163267565,0.04823260343514778
0.45994738598442714,0.02830360713803543,0.028167837364852625,0.018274221203442725,0.04764964105459693,0.04800826160696747
0.46086618464961066,0.028225266337980594,0.028014076958432138,0.018166244025511265,0.04743139118106234,0.04778582635781344
0.46178498331479423,0.028051499326348452,0.02788666395198706,0.018100941097994743,0.04721496348790912,0.04756524823297554
0.46270378197997775,0.02793424636831713,0.02774705702648401,0.01801410961499251,0.04700030981006585,0.04734647814372126
0.46362258064516126,0.02780703731932377,0.027583324353011775,0.0178858956345815,0.04678738240372168,0.047129467430657185
0.46454137931034484,0.027664511649745812,0.027487861165524926,0.017870323327573833,0.04657613400394402,0.046914167922451566
0.46546017797552836,0.027521985980167862,0.02735857466251155,0.017797269777487492,0.04636651787787169,0.04670053199004764
0.4663789766407119,0.027379460310589913,0.027194857476448554,0.017665754063076144,0.046158487873620674,0.046488512596507166
0.46729777530589545,0.027236934641011956,0.027075112635022575,0.01760647882995019,0.04595199846504639,0.04627806334263115
0.46821657397107896,0.02708765627518845,0.026908672568352027,0.017468361941579167,0.04574700479251335,0.04606913850851132
0.4691353726362625,0.02691648280335663,0.026818159448240432,0.01745580368628753,0.04554346269982656,0.04586169309116979
0.47005417130144606,0.026771016199590013,0.026706562653646404,0.017407149197111504,0.04534132876748358,0.04565568283844875
0.4709729699666296,0.026646841755555366,0.02655441766189596,0.01728998658361751,0.045140560342407446,0.04545106427931363
0.4718917686318131,0.026568457863751095,0.0264435728340182,0.017240758222874283,0.04494111556432193,0.04524779475073408
0.47281056729699666,0.026391575668551943,0.02634302470708695,0.017207819564272815,0.044742953388931125,0.045045832421308156
0.4737293659621802,0.02627696846548454,0.026205020996960794,0.01711161078707248,0.04454603360806413,0.04484513631179327
0.4746481646273637,0.02611492172558587,0.02606021691833102,0.017003250655413974,0.04435031686694426,0.04464566631270659
0.4755669632925473,0.025983519730138814,0.025931560615571735,0.016921012226516007,0.044155764678740314,0.04444738319915533
0.4764857619577308,0.0258119029515676,0.025786499221969898,0.016810666274580312,0.04396233943655418,0.044250248643054275
0.4774045606229143,0.025612512519936306,0.02569459868133646,0.01678818098697093,0.043770004422996195,0.04405422522288476
0.4783233592880979,0.025544646385729626,0.025501083059158457,0.01659562081116707,0.043578723817495835,0.04385927643114554
0.4792421579532814,0.0254532294906461,0.02542351915855695,0.01659562081116707,0.04338846270149117,0.04366536667964177
0.480160956618465,0.025344989776162393,0.025313030835569746,0.01654007719078028,0.043199187061636286,0.043472461302753944
0.4810797552836485,0.025206588033343417,0.025160447630667052,0.016413728345229084,0.04301086379116131,0.04328052655882401
0.481998553948832,0.025111570920291454,0.02506415644768803,0.01638057432628634,0.042823460689514516,0.04308952962979057
0.4829173526140156,0.024969120022049433,0.0249642237479282,0.01634074716707973,0.042636946460411704,0.042899438619200904
0.4838361512791991,0.024820220239421206,0.024825300961149193,0.016235353236100994,0.0424512907084124,0.04271022254872149
0.4847549499443826,0.02467318851910406,0.024708057859029447,0.016165528862873094,0.04226646393413755,0.04252185135326397
0.4856737486095662,0.024537456250691408,0.024584811901892767,0.01608515591992888,0.04208243752823858,0.0423342958748386
0.4865925472747497,0.024429184063001548,0.024429301181772365,0.015950483399459852,0.041899183764221956,0.04214752785524114
0.4875113459399332,0.024334639223496057,0.024346717167433148,0.015936848660605216,0.04171667579022895,0.041961519927675044
0.4884301446051168,0.024171855720291728,0.024230325449694386,0.015866378677887427,0.04153488761986491,0.041776245607404824
0.4893489432703003,0.023956125725678738,0.02407793447424074,0.015735437936046606,0.04135379412216749,0.04159167928153194
0.49026774193548384,0.023854326524369786,0.02400438124081975,0.015735437936046606,0.041173371010798626,0.04140779619797946
0.4911865406006674,0.023753043570842486,0.023896775258291154,0.015678243794640577,0.04099359483254007,0.04122457245376702
0.4921053392658509,0.023652724639752626,0.023746610540472668,0.015549694245685987,0.04081444295516786,0.0410419849826527
0.49302413793103445,0.02355770752670066,0.023628209334971492,0.015473674530142888,0.04063589355477669,0.0408600115422144
0.493942936596218,0.02346269041364869,0.02348690947241574,0.015359095320400851,0.04045792560262056,0.04067863070043807
0.49486173526140154,0.02332311533601963,0.02338233632140236,0.015305345987752636,0.040280518851532436,0.04049782182187695
0.49578053392658505,0.023180589666441685,0.023291632959758852,0.0152743448973042,0.04010365382198087,0.04031756505344083
0.4966993325917686,0.023074224565250996,0.02316356850141199,0.015180719962439195,0.039927311787818484,0.040137841309871185
0.49761813125695215,0.022979207452199026,0.023025729321553612,0.015070460696619978,0.03975147476177307,0.03995863225895406
0.4985369299221357,0.022819823747719677,0.02292047623336218,0.015014180184591257,0.03957612548072833,0.039779920306518564
0.49945572858731924,0.022625214175616158,0.02281797875560769,0.014962172205168694,0.03940124739083868,0.03960168858126618
0.5003745272525028,0.022566219385593705,0.02271893202711503,0.014915606098877038,0.03922682463251835,0.039423920919472014
0.5012933259176864,0.022495724490749353,0.022612439259289286,0.014856330865751085,0.03905284202534271,0.039246601849596593
0.5022121245828699,0.02238973899787958,0.02247081321285734,0.014738210970199849,0.03887928505289656,0.03906971657684357
0.5031309232480534,0.02225051025858441,0.022364476785772677,0.014678627331157304,0.03870613984760112,0.03889325096769574
0.5040497219132369,0.022131121924720765,0.0222659138639437,0.014631728750266403,0.03853339317554942,0.03871719153445965
0.5049685205784205,0.02201173359085712,0.022136465495742812,0.014533092213007408,0.038361032421376826,0.03854152541984592
0.505887319243604,0.02191710521559476,0.022020228818983953,0.014456221110566134,0.03818904557319138,0.03836624038161068
0.5068061179087875,0.021738843015267482,0.021920866172224718,0.01440722710218753,0.0380174212075862,0.038191324777280496
0.507724916573971,0.021623775680902003,0.02181993889384748,0.014355386457091128,0.03784614847475458,0.038016767548982006
0.5086437152391545,0.021528758567850036,0.02170271588868255,0.014276154342207787,0.037675217083725836,0.037842558208394696
0.5095625139043382,0.021433741454798056,0.021577110001202757,0.01418272545410865,0.03750461728773885,0.03766868682184392
0.5104813125695217,0.021313836990161594,0.021478788719814183,0.014134551869324122,0.03733433986976805,0.03749514399554928
0.5114001112347052,0.021181655647328435,0.02137393432613563,0.01407527663619817,0.03716437612821494,0.03732192086104182
0.5123189098998888,0.02106288425601346,0.021268545695294173,0.014014903451648662,0.03699471786277752,0.03714900906076244
0.5132377085650723,0.020950258493348382,0.02113192871138911,0.01390228069641395,0.03682535736050763,0.03697640073385184
0.5141565072302559,0.02084422915267251,0.02103300460038037,0.013852281999206361,0.036656287382065375,0.03680408850214139
0.5150753058954394,0.02068456314113192,0.02092992627172443,0.013795166815305212,0.03648750114817896,0.03663206545635325
0.5159941045606229,0.02061866119471533,0.02082566500631422,0.013735891582179261,0.0363189923263165,0.03646032514251666
0.5169129032258064,0.020566159798270825,0.020723886948562417,0.0136805705485333,0.036150755017575684,0.03628886154860609
0.5178317018909899,0.020432167906642457,0.020605564321799552,0.013597494475394788,0.03598278374379627,0.03611766909140669
0.5187505005561734,0.020309045398740098,0.020487731238091646,0.01351505699441226,0.035815073434899376,0.03594674260361073
0.5196692992213571,0.020190274007425128,0.02038532952522467,0.013458164327942121,0.035647619416456756,0.03577607732114849
0.5205880978865406,0.02008670707969085,0.020286644524184206,0.013407294959802833,0.03548041739749269,0.035605668870756266
0.5215068965517241,0.01995604816536534,0.020189447053090726,0.01335873624996272,0.03531346345851983,0.03543551325778273
0.5224256952169077,0.019823841372705934,0.020081053979914824,0.013291352063700997,0.03514675403981072,0.03526560685423557
0.5233444938820913,0.01977133030304242,0.01994395456567811,0.01317596001808442,0.03498028592990535,0.03509594638706864
0.5242632925472748,0.01970663862748297,0.019844179068269137,0.013122612495975655,0.034814056254354415,0.03492652892670935
0.5251820912124583,0.019602206077744197,0.019749051725535028,0.013076851625340537,0.03464806246469875,0.034757351875826764
0.5261008898776418,0.019459680408166247,0.019646976391751482,0.013019352014026781,0.034482302327683116,0.034588412958338526
0.5270196885428253,0.01931817277908528,0.019543930274033713,0.012960076984285347,0.03431677391470395,0.03441971020865626
0.5279384872080088,0.01922315566603331,0.01944344938924766,0.012904921007967949,0.034151475591488935,0.034251241961167224
0.5288572858731924,0.019128138552981348,0.019325451424902558,0.012820414481537208,0.03398640600800677,0.03408300683995059
0.5297760845383759,0.01903312143992938,0.019209546937401463,0.012739242396518342,0.03382156408860503,0.03391500374872614
0.5306948832035595,0.018938104326877404,0.019106873042448548,0.012679967163392385,0.033656949022373435,0.033747231861032796
0.531613681868743,0.018843087213825438,0.019005505650239417,0.012622715676642764,0.033492560253730215,0.03357969061063439
0.5325324805339265,0.018748070100773468,0.018907772613100657,0.01257136790040126,0.03332839747322845,0.033412379682149745
0.5334512791991102,0.018629718579267988,0.01881230745212731,0.012523646418942847,0.03316446060857957,0.03324529900190401
0.5343700778642937,0.01850632862004863,0.01871000220308945,0.012464371185816897,0.033000749815890996,0.03307844872899828
0.5352888765294772,0.018411311506996663,0.018607789270252004,0.012405095952690947,0.03283726547111414,0.03291182924659359
0.5362076751946607,0.018316294393944693,0.01848224603241715,0.012306782618424232,0.032674008161700054,0.032745441153406524
0.5371264738598442,0.0182180074728558,0.01837783606099494,0.012243536598049895,0.03251097867845881,0.03257928525541251
0.5380452725250278,0.01809923608154084,0.018275901842055662,0.012184261364923945,0.03234817800761919,0.032413362557753234
0.5389640711902113,0.017980464690225885,0.01817663197029893,0.012129270445935116,0.032185607323085196,0.03224767425684465
0.5398828698553949,0.01788451868711592,0.01808145067751521,0.012080936640737564,0.032023267978885564,0.03208222173268167
0.5408016685205784,0.017789501574063952,0.017983566988819144,0.012027940620474407,0.03186116150181293,0.031917006541336244
0.541720467185762,0.017694484461011985,0.01788201139546678,0.011968665387348457,0.031699289584248426,0.031752030407644266
0.5426392658509455,0.01759177191531105,0.017770046337840226,0.01189188041768143,0.03153765407716859,0.03158729521807842
0.543558064516129,0.017485694375309283,0.017654883199321694,0.011809603323000966,0.03137625698333063,0.031422803013802784
0.5444768631813125,0.0174000980843869,0.01756911392910166,0.011776152559232601,0.031215100450632225,0.03125855598390525
0.5453956618464961,0.01731441600880411,0.01745095592339508,0.011688555566455497,0.03105418676564251,0.031094556458804455
0.5463144605116796,0.01721939889575214,0.017349946937492228,0.011629373626602215,0.030893518347300353,0.030930806903827244
0.5472332591768632,0.017124381782700173,0.017252539627877247,0.011576026104493452,0.030733097740776368,0.03076730991295294
0.5481520578420467,0.017029364669648207,0.017159631957794748,0.011530007794510626,0.030572927611495125,0.030604068202720925
0.5490708565072302,0.01693434755659624,0.01706020959584719,0.011472959588880014,0.030413010739314073,0.030441084606297956
0.5499896551724138,0.01683933044354426,0.016959555440532986,0.011413684355754058,0.03025335001285548,0.030278362067701375
0.5509084538375973,0.01673339694874285,0.01686136222436148,0.011358334616485737,0.030093948423988215,0.030115903636175095
0.5518272525027809,0.01662839698944537,0.016767198426197363,0.011309522403185975,0.029934809062455634,0.029953712460714446
0.5527460511679644,0.016549753548331027,0.016671134880677486,0.011257363611304525,0.029775935110646603,0.029791791784736933
0.5536648498331479,0.016459261991336398,0.016570911003265236,0.011198088378178575,0.029617329838506085,0.029630144940895223
0.5545836484983314,0.01636424487828443,0.016470798025443267,0.011138813145052625,0.029458996598582213,0.02946877534602923
0.555502447163515,0.01626922776523245,0.0163655731291814,0.011070830884466351,0.029300938821206577,0.02930768649625397
0.5564212458286986,0.016174210652180485,0.01624510505911904,0.010977253790411567,0.02914316000980481,0.029146881962180248
0.5573400444938821,0.01607919353912852,0.016145333288077192,0.010917978557285617,0.02898566373633403,0.028986365384264558
0.5582588431590656,0.015984176426076555,0.016045678181810158,0.010858703324159665,0.028828453636844734,0.028826140468285903
0.5591776418242491,0.015889159313024585,0.01594953855740479,0.010805090275044081,0.028671533407163663,0.028666210980945857
0.5600964404894326,0.01578738453300365,0.01585778843241118,0.010758593556959042,0.02851490679869515,0.028506580745589396
0.5610152391546163,0.015627986417455983,0.015760331003043478,0.010702382579710129,0.02835857761433802,0.028347253638043496
0.5619340378197998,0.015554849934081209,0.015661157840978813,0.010643107346584179,0.02820254970451536,0.028188233582570766
0.5628528364849833,0.015502290444805136,0.015564249091395919,0.010587398787036366,0.028046826963314335,0.02802952454793525
0.5637716351501668,0.015434023315356784,0.015471317116811859,0.010538108165634386,0.027891413324733817,0.027871130543578065
0.5646904338153503,0.015362760480567809,0.01537729420764077,0.010486786602134646,0.027736312759036846,0.027713055615899956
0.565609232480534,0.015291497645778826,0.015278628548787147,0.010427511684879614,0.0275815292692058,0.027555303844648448
0.5665280311457175,0.01522023481098985,0.015180094030172977,0.010368237157350222,0.027427066887497693,0.027397879339407107
0.567446829810901,0.015137419804798642,0.015082260020331039,0.010309909209762129,0.027272929672097226,0.027240786236184405
0.5683656284760845,0.015042402691746675,0.014987887162945955,0.010257126142176626,0.027119121703865382,0.027084028694099947
0.569284427141268,0.014947385578694709,0.014898052946902449,0.010211680983393496,0.026965647083181367,0.026927610892165877
0.5702032258064516,0.01485236846564274,0.014800199459018216,0.01015264108092305,0.02681250992687554,0.026771537026160964
0.5711220244716352,0.014757351352590764,0.014702344090227467,0.010093365946648784,0.026659714365251393,0.026615811305595493
0.5720408231368187,0.014662318700388297,0.014607497300093293,0.010038870199645649,0.0265072645391945,0.026460437950764755
0.5729596218020022,0.01456695185059755,0.014516886434533065,0.009991196597629159,0.0263551645973662,0.026305421189888923
0.5738784204671857,0.014471585000806805,0.014422533223854605,0.00993704520219925,0.026203418693480397,0.026150765256337635
0.5747972191323693,0.014340871836686475,0.014325251735818828,0.0098777699690733,0.026052030983661368,0.02599647438593712
0.5757160177975528,0.014242497516002858,0.014229728352725955,0.009821178711637943,0.02590100562388068,0.025842552814357975
0.5766348164627364,0.014212938935770645,0.014138028633615447,0.009770711206304508,0.02575034676747157,0.025689004774581855
0.5775536151279199,0.014158251775038551,0.014047203332552388,0.009721449224623762,0.025600058562718978,0.025535834494445325
0.5784724137931034,0.014086988940249576,0.013950522872602211,0.009662173991497812,0.02545014515052332,0.02538304619425881
0.579391212458287,0.014005611844364847,0.01385399688882288,0.009602898758371862,0.025300610662136715,0.025230644084499404
0.5803100111234705,0.013910594731312878,0.013757665813167947,0.00954368811289622,0.025151459216969697,0.025078632363575534
0.581228809788654,0.013815577618260912,0.013665010440737306,0.009490340590787459,0.025002694920467063,0.024927015215662075
0.5821476084538376,0.013720560505208933,0.013576889128335526,0.009444284008156448,0.024854321862051113,0.024775796808604138
0.5830664071190211,0.013627260257062901,0.013482374185233154,0.009387302780796374,0.02470634411313108,0.024624981291888323
0.5839852057842047,0.013555997422273926,0.013386645646474075,0.009328027547670424,0.024558765725176884,0.02447457279467955
0.5849040044493882,0.013484734587484953,0.013293419631236805,0.009272649102779742,0.0244115907278562,0.024324575423922395
0.5858228031145717,0.013413471752695976,0.013204276475101182,0.009223798616831801,0.024264823127233173,0.024174993262505252
0.5867416017797553,0.013342208917906991,0.013113356228926999,0.009171706803220884,0.02411846690402763,0.024025830367486168
0.5876604004449388,0.013253872336138913,0.01301829524940849,0.009112431570094935,0.023972526011933292,0.023877090768378816
0.5885791991101224,0.013158855223086947,0.012925026338403065,0.00905585825367355,0.023827004375993787,0.023728778465497338
0.5894979977753059,0.013089588207803362,0.012838326142648107,0.009009945285507543,0.023681905891035287,0.023580897428358952
0.5904167964404894,0.013042079651277379,0.012758551267979952,0.008975284383871313,0.023537234420154478,0.023433451594142913
0.5913355951056729,0.01297710230217719,0.012659174644877312,0.008907661163992442,0.023392993793260628,0.023286444866204615
0.5922543937708565,0.012881767352988635,0.012582766573515194,0.008878023547429463,0.023249187805670708,0.023139881112643788
0.59317319243604,0.012791191014627038,0.012501467093940916,0.008839935713284482,0.023105820216756418,0.022993764164925563
0.5940919911012236,0.012720164972776333,0.012409353368496707,0.008783523736459067,0.022962894748641847,0.022848097816553167
0.5950107897664071,0.012648728698607056,0.01231845486461955,0.008728834226505007,0.022820415084950946,0.022702885821791367
0.5959295884315906,0.012542769471690337,0.012231794128243781,0.00868090228411332,0.022678384869603604,0.02255813189443947
0.5968483870967741,0.01243928295311514,0.012141857677866862,0.008627202992009534,0.022536807705659363,0.022413839706652852
0.5977671857619578,0.012374690410107015,0.01204876181045491,0.008567927758883577,0.022395687154207637,0.022270012887811906
0.5986859844271413,0.012310097867098899,0.011957347652473445,0.008511142738497292,0.022255026733303762,0.022126655023437674
0.5996047830923248,0.012241114721619532,0.011869757997334321,0.008460416892788666,0.02211482991694948,0.0219837696541528
0.6005235817575083,0.012169851886830558,0.011783508318535299,0.008411607014434037,0.021975100134117326,0.02184136027468719
0.6014423804226918,0.012098589052041583,0.011691171201955765,0.008352331781308087,0.02183584076781778,0.02169943033292728
0.6023611790878755,0.0120273262172526,0.011599027220512472,0.00829305654818213,0.021697055154208302,0.02155798322900799
0.603279977753059,0.011956063382463623,0.011507077714812356,0.00823378131505618,0.021558746581743532,0.02141702231444662
0.6041987764182425,0.01188480054767465,0.01141880312711506,0.008180304617646801,0.02142091829036542,0.02127655089131745
0.605117575083426,0.011813537712885675,0.011339769893668727,0.008141901681803374,0.021283573470732998,0.021136572211466753
0.6060363737486095,0.011742274878096698,0.011265370452625692,0.008110891103864962,0.021146715263490424,0.020997089475766787
0.606955172413793,0.011671012043307722,0.01118819021314137,0.008074913132963385,0.021010346758572836,0.020858105833408348
0.6078739710789767,0.011585140622573181,0.011101904121095687,0.008023423947672212,0.0208744709945491,0.020719624381230897
0.6087927697441602,0.011498519900561312,0.011013055982569355,0.00796732786222255,0.02073909095800069,0.020581648163089564
0.6097115684093437,0.011416092416027796,0.010928184403745315,0.00791752056007018,0.020604209582935837,0.020444180169258017
0.6106303670745272,0.011336913688260212,0.01084315125628035,0.00786710320322268,0.020469829750238457,0.020307223335866854
0.6115491657397107,0.011257734960492627,0.010753008999808565,0.007807827970096729,0.020335954287150793,0.020170780544376318
0.6124679644048943,0.011216216685972268,0.010663723672962071,0.007749636374214841,0.020202585966789324,0.020034854621082916
0.6133867630700779,0.011176627322088472,0.010578504219583324,0.007697874808199537,0.02006972750769302,0.019899448336659003
0.6143055617352614,0.011118338909820193,0.010502644170116163,0.0076613640130436715,0.01993738157340348,0.0197645644057249
0.6152243604004449,0.011023606042743888,0.010431118032469369,0.0076317263964806965,0.01980555077207592,0.019630205486452376
0.6161431590656284,0.01093623124923638,0.010354907196137018,0.007593929206762101,0.01967423765612074,0.019496374180199394
0.617061957730812,0.010888722692710396,0.01026814690121108,0.007538196147901856,0.019543444721874685,0.019363073031174915
0.6179807563959955,0.010841214136184413,0.010179474505210393,0.0074789211579283435,0.01941317440930113,0.019230304526133467
0.6188995550611791,0.010755425477078355,0.010093336842088626,0.007423514007415297,0.01928342910171876,0.01909807109409862
0.6198183537263626,0.010668817916309591,0.010011324874048553,0.007374624719337705,0.0191542111255581,0.018966375106114822
0.6207371523915461,0.01058660033778575,0.009927647453139697,0.007322599838548275,0.019025522750145057,0.01883521887502683
0.6216559510567297,0.010507421610018166,0.009839836970326244,0.007263325180352855,0.018897366187511207,0.018704604655286325
0.6225747497219132,0.010428242882250582,0.009754370743678183,0.007207594810940366,0.018769743592229923,0.01857453464278491
0.6234935483870968,0.010384038179548583,0.009677605211024707,0.007166001368565884,0.01864265706127786,0.01844501097471294
0.6244123470522803,0.0103405924736646,0.009613290661343516,0.00714479394927673,0.01851610863392131,0.018316035729443694
0.6253311457174638,0.010283485511617398,0.009542390198233714,0.007112243046094836,0.018390100291626563,0.018187610926442027
0.6262499443826474,0.0102021352118778,0.009455676098260238,0.007052967812968886,0.018264633957994082,0.018059738526197265
0.6271687430478309,0.0101207849121382,0.00936918371997757,0.006993692579842935,0.018139711498715627,0.01793242043017952
0.6280875417130144,0.010056005976668957,0.009285962337452342,0.006939498241874574,0.01801533472155395,0.017805658480818994
0.629006340378198,0.009996621930843441,0.00921121856909375,0.0068990613074845115,0.0178915053763444,0.017679454461507607
0.6299251390433815,0.009938024730155813,0.0091418519934562,0.006867213258011955,0.017768225155018035,0.017553810096622567
0.6308439377085651,0.009884173201435444,0.009070878202766558,0.006832312303563533,0.017645495691645526,0.017428727051571096
0.6317627363737486,0.009830321672715074,0.008991683900617801,0.006783335212458967,0.017523318562501524,0.017304206932856052
0.6326815350389321,0.009760728532573086,0.008906536502864498,0.006724059979333017,0.017401695286148846,0.017180251288161717
0.6336003337041156,0.00968565524600343,0.008822778068013522,0.0066667223757163165,0.017280627323542023,0.017056861606459327
0.6345191323692992,0.009610581959433765,0.008744043838580013,0.0066173801855454765,0.01716011607814968,0.016934039318131817
0.6354379310344828,0.009559094395249415,0.008673833214203418,0.0065818648269274785,0.017040162896095366,0.016811785795117325
0.6363567296996663,0.009509717432221078,0.00860704790439895,0.006551678273284427,0.016920769066316024,0.016690102351070733
0.6372755283648498,0.009450755735290289,0.00853548611384843,0.006513150028718631,0.016801935820738103,0.01656899024154313
0.6381943270300333,0.009369416760944122,0.008452036692965218,0.006454427378823098,0.016683664334470435,0.016448450664178396
0.6391131256952168,0.009288077786597957,0.008371632762480586,0.0064003980981833025,0.016565955726013527,0.01632848475892651
0.6400319243604005,0.009231531655337615,0.008295645299329116,0.006353346426699687,0.016448811057484948,0.01620909360827326
0.640950723025584,0.009185942713210885,0.00821875365316146,0.0063044039302786225,0.016332231334860184,0.016090278237485715
0.6418695216907675,0.009140353771084155,0.008148943726397682,0.006266879800747513,0.016216217508228447,0.015972039614872934
0.642788320355951,0.009086324171500107,0.008081261373486902,0.006232516521103644,0.016100770472063295,0.01585437865206179
0.6437071190211345,0.009030897522219791,0.008007371287370271,0.0061874213427590505,0.015985891065507317,0.0157372962042871
0.6446259176863182,0.008975470872939472,0.007930443603555886,0.006136877292129263,0.0158715800726706,0.01562079307069582
0.6455447163515017,0.008916288785381388,0.007854597558059713,0.006087749266989589,0.01575783822294259,0.015504869994664897
0.6464635150166852,0.00885452766189761,0.007773844924430546,0.006030056431296193,0.0156446661913167,0.015389527664132076
0.6473823136818687,0.008792063581607359,0.007698825506573689,0.005981531369663036,0.015532064598727576,0.015274766711939666
0.6483011123470522,0.008728613071093764,0.007635364879571198,0.005951882988491679,0.015420034012400358,0.015160587716190476
0.6492199110122358,0.008665162560580171,0.007566808763488033,0.005913353805402921,0.01530857494621163,0.015046991200615699
0.6501387096774194,0.008600800035017639,0.007490369826676927,0.005861297954492023,0.015197687861061663,0.014933977634954281
0.6510575083426029,0.008531518648221003,0.0074172987845786435,0.005814466350735433,0.015087373165257587,0.014821547435343458
0.6519763070077864,0.008462237261424367,0.007343112175038906,0.005765386315251632,0.014977631214906919,0.014709700964719815
0.6528951056729699,0.008404854324921492,0.007276439329434736,0.005728439860237296,0.014868462314321417,0.014598438533230895
0.6538139043381535,0.00835743575708646,0.007211401556222963,0.0056938289946005805,0.014759866716430495,0.014487760398656535
0.654732703003337,0.008310017189251425,0.007140059426176635,0.005648321199067778,0.014651844623204157,0.014377666766839919
0.6556515016685206,0.008256920251800767,0.0070660614465500714,0.005597997216165009,0.014544396186084815,0.014268157792127664
0.6565703003337041,0.008201493602520453,0.0069943533506119015,0.005551099865807239,0.0144375215064279,0.014159233577818895
0.6574890989988876,0.008146066953240138,0.006923349251073751,0.005504985967374531,0.0143312206359506,0.01405089417662258
0.6584078976640712,0.008086802900601544,0.0068618383467282,0.005474304183798239,0.014225493577188705,0.013943139591123142
0.6593266963292547,0.008022732413922975,0.006795594575887602,0.005435344443643526,0.014120340283960971,0.013835969774253713
0.6602454949944383,0.0079586619272444,0.006720952004831592,0.005381996921534757,0.014015760661840763,0.013729384629776843
0.6611642936596218,0.007907445189335484,0.006656022382338535,0.00534444796204935,0.013911754568634704,0.013623384012772312
0.6620830923248053,0.007864129413738182,0.006595460489754925,0.005313788996170501,0.013808321814867793,0.013517967730131562
0.6630018909899889,0.00782081363814088,0.006531669563453527,0.005277358911716766,0.013705462164274963,0.01341313554105867
0.6639206896551724,0.007777497862543578,0.006458443768546177,0.005224814842525402,0.01360317533429852,0.013308887157577337
0.6648394883203559,0.00771032591342916,0.006381412663657145,0.005165539609399453,0.013501460996591292,0.013205222245043682
0.6657582869855395,0.007641044526632515,0.006308162809753477,0.005112177734479503,0.013400318777525075,0.013102140422664436
0.666677085650723,0.007581819278760558,0.00624552271864604,0.00507611035506313,0.013299748258704244,0.012999641264020404
0.6675958843159066,0.007545338788443878,0.006190610170423404,0.005052534085642587,0.013199748977483976,0.012897724297594629
0.6685146829810901,0.007508858298127199,0.006127230088006956,0.005014457475141434,0.013100320427493074,0.012796389007305238
0.6694334816462736,0.007457323623548967,0.006052138330229989,0.00495647399502165,0.01300146205916091,0.012695634833042495
0.6703522803114571,0.007388934597948622,0.0059825469447269625,0.004907270793738365,0.01290317328024831,0.012595461171209858
0.6712710789766407,0.007320545572348268,0.005924926856412717,0.004877633177175386,0.012805453456382027,0.012495867375268713
0.6721898776418243,0.007252156546747923,0.005865816101540531,0.004845124998376485,0.01270830191159266,0.0123968527562866
0.6731086763070078,0.007210075135560719,0.005800098658670029,0.004801220042124395,0.012611717928855546,0.01229841658348848
0.6740274749721913,0.007168156643047291,0.005731342191033478,0.004751864928515122,0.012515700750634604,0.012200558084811011
0.6749462736373748,0.007126238150533862,0.005670954872504368,0.0047160738225343335,0.012420249579428728,0.012103276447459418
0.6758650723025583,0.007083909851031079,0.005611209344655637,0.004680968362114904,0.012325363578320512,0.012006570818466735
0.676783870967742,0.007040594075433681,0.005543084546125238,0.004631514040038611,0.012231041871527048,0.011910440305255178
0.6777026696329255,0.006997278299836288,0.0054708555899214886,0.004574836665736174,0.012137283544952656,0.01181488397619946
0.678621468298109,0.006953962524238894,0.005404379336023855,0.0045273649859119865,0.012044087646743107,0.011719900861191656
0.6795402669632925,0.006895256109916072,0.005345767938685975,0.0044926199296715695,0.011951453187841356,0.011625489952207581
0.680459065628476,0.0068259747231196434,0.005289525963503697,0.0044614431365899475,0.011859379142544382,0.01153165020387432
0.6813778642936597,0.006756693336323207,0.005228498283038922,0.004421910115705729,0.011767864449060986,0.011438380534038712
0.6822966629588432,0.006714242704179081,0.005161187236084212,0.0043715255105826,0.011676908010070347,0.011345679824336631
0.6832154616240267,0.006672324211665564,0.005106506293361639,0.004341812541760931,0.011586508693281036,0.0112535469207627
0.6841342602892102,0.006630405719152047,0.005050483028859097,0.004309484625271534,0.011496665331990412,0.01116198063424044
0.6850530589543937,0.006586139827298431,0.004988206243106103,0.004266357244381854,0.011407376725644125,0.011070979741192477
0.6859718576195772,0.006535837636282101,0.004922597459116876,0.004217300442454341,0.011318641640395505,0.010980542984110678
0.6868906562847609,0.006485535445265766,0.004864419541122333,0.004180253187119875,0.011230458809664714,0.010890669072126017
0.6878094549499444,0.006435233254249436,0.004807954212816226,0.004145685900308363,0.011142826934697477,0.01080135668157802
0.6887282536151279,0.006389788903811634,0.0047451920018508065,0.004100250365362371,0.01105574468512307,0.010712604456583457
0.6896470522803114,0.006347870411298205,0.0046817121917166315,0.0040532463131248446,0.010969210699511605,0.010624411009604312
0.6905658509454949,0.006305951918784776,0.004625926268293171,0.004018693832478824,0.010883223585930267,0.010536774922014693
0.6914846496106785,0.006264033426271348,0.0045722395855891645,0.003987269479537558,0.010797781922498424,0.010449694744666572
0.6924034482758621,0.006222114933757836,0.004513711390099481,0.003947406317863004,0.010712884257941402,0.010363168998454197
0.6933222469410456,0.006180196441244319,0.004449392920264219,0.0038975240838556875,0.010628529112142822,0.010277196174877015
0.6942410456062291,0.006138277948730801,0.004397442338129746,0.0038678874058156723,0.010544714976695232,0.010191774736600856
0.6951598442714126,0.006094864431665086,0.004340718531521738,0.003829928807191304,0.010461440315449022,0.010106903118017386
0.6960786429365962,0.006044562240648865,0.004276336916127912,0.0037788417096788138,0.010378703565059395,0.01002257972580156
0.6969974416017798,0.005994260049632638,0.0042184664491158545,0.003738242122215128,0.010296503135531236,0.009938802939466944
0.6979162402669633,0.005943957858616416,0.004166024698723826,0.0037063270899271297,0.010214837410761863,0.009855571111918869
0.6988350389321468,0.005901943109712702,0.0041120603739556085,0.0036715122432559753,0.010133704749081287,0.009772882570005059
0.6997538375973303,0.005868987070096673,0.004052571077062888,0.003627128051728892,0.010053103483790153,0.00969073561506388
0.7006726362625139,0.005836031030480645,0.003994746413416116,0.003585158340046953,0.009973031923694982,0.009609128523469858
0.7015914349276974,0.005803074990864616,0.003943972187481611,0.0035545806143517126,0.009893488353640756,0.009528059547176459
0.702510233592881,0.005765335394775474,0.003891655671858518,0.003521074843593564,0.0098144710350406,0.009447526914255948
0.7034290322580645,0.005723765407815239,0.003838307112151963,0.0034854926339623793,0.00973597820640264,0.009367528829436337
0.704347830923248,0.005682195420855004,0.0037887389340928034,0.003455855907064633,0.009658008083853625,0.009288063474635058
0.7052666295884316,0.005640625433894768,0.0037393825780968073,0.003426218290501658,0.00958055886165952,0.00920912900948953
0.7061854282536151,0.005597846993614604,0.003690237833116966,0.0033965806739386824,0.009503628712742806,0.00913072357188439
0.7071042269187986,0.005550289109580215,0.0036366342586982227,0.0033591602455135547,0.009427215789196367,0.009052845278475224
0.7080230255839822,0.005502731225545819,0.0035783777733966395,0.0033136348055218486,0.00935131822279395,0.008975492225208825
0.7089418242491657,0.00545517334151143,0.003530787537062407,0.003285537569877446,0.009275934125497109,0.008898662487839848
0.7098606229143493,0.005411979071949473,0.003484069010068284,0.0032585456018180197,0.009201061589958407,0.00882235412244368
0.7107794215795328,0.005379587365183365,0.003428908940372338,0.0032171381233368408,0.009126698690021003,0.008746565165925584
0.7116982202447163,0.005347195658417256,0.003373965106313384,0.0031757460861716763,0.00905284348121437,0.008671293636525945
0.7126170189098998,0.005314803951651148,0.0033262800954938407,0.003146108469608701,0.008979494001246155,0.008596537534321548
0.7135358175750834,0.005282412244885036,0.0032788004485165617,0.0031164708530457236,0.008906648270490057,0.008522294841722818
0.714454616240267,0.005241087046980008,0.003230627583137171,0.0030853369559172726,0.008834304292469744,0.008448563523967018
0.7153734149054505,0.005190784855963787,0.003177795042042505,0.003046097383666064,0.008762460054338575,0.008375341529607165
0.716292213570634,0.005140482664947567,0.003120257259943416,0.0029986775725744895,0.008691113527355245,0.008302626790996805
0.7172110122358175,0.005090180473931345,0.003079377549527109,0.0029786844326982233,0.008620262667355176,0.008230417224770437
0.7181298109010011,0.0050541749461963225,0.0030372341472208932,0.0029562497571551023,0.008549905415217628,0.00815871073231958
0.7190486095661847,0.005021783239430214,0.0029917379922682627,0.002927893186937453,0.00848003969732852,0.008087505200264477
0.7199674082313682,0.004989391532664106,0.002945672742593175,0.0028982555703744774,0.008410663426038767,0.008016798500921221
0.7208862068965517,0.004956999825897997,0.0028998061693926865,0.0028686179538115024,0.008341774500118287,0.007946588492764462
0.7218050055617352,0.004924557943383563,0.0028512051313793183,0.0028340932050418648,0.008273370805205472,0.007876873020885498
0.7227238042269187,0.004886767618823103,0.002797937850414772,0.002791463139060768,0.008205450214252152,0.007807649917445776
0.7236426028921024,0.0048489772942626385,0.002748181379854739,0.0027543576316740896,0.008138010587963965,0.0077389170021257125
0.7245614015572859,0.004811186969702179,0.002708522401316054,0.0027337559471475063,0.008071049775236193,0.0076706720825688735
0.7254802002224694,0.00477339664514172,0.0026669719244882526,0.002709677904266203,0.008004565613584837,0.007602912954821326
0.7263989988876529,0.004736558030508968,0.002622279134128479,0.002680040287703228,0.007938555929573154,0.007535637403766354
0.7273177975528364,0.00470308660018399,0.0025777788841058625,0.0026504026711402545,0.00787301853923339,0.0074688432035542734
0.72823659621802,0.004669615169859012,0.002533470279957369,0.002620765054577279,0.0078079512484838425,0.007402528118027502
0.7291553948832036,0.004636143739534029,0.002489352423264873,0.0025911274380143,0.007743351853541136,0.007336689901140732
0.7300741935483871,0.00460267230920905,0.002445424411821302,0.002561489821451325,0.007679218141327742,0.0072713262973762675
0.7309929922135706,0.004569666698698261,0.002403026609999515,0.002534087655229578,0.007615547889874646,0.007206435042154419
0.7319117908787541,0.004537274991932153,0.002364016547583018,0.0025120183378123354,0.007552338868719263,0.0071420138622390415
0.7328305895439376,0.004504883285166044,0.0023255533403609445,0.0024905485831761606,0.007489588839298477,0.007078060476138119
0.7337493882091213,0.0044724915783999316,0.0022844956238763977,0.00246444431012774,0.007427295555336825,0.007014572594499383
0.7346681868743048,0.004440099871633824,0.0022415031843392857,0.0024348066935647645,0.007365456763229886,0.006951547920501067
0.7355869855394883,0.004410217454480926,0.002198695106296092,0.0024051690770017895,0.007304070202422676,0.0068889841502375445
0.7365057842046718,0.004381731314491,0.002156070465503343,0.0023755314604388144,0.007243133605783279,0.006826878973100135
0.7374245828698553,0.004353245174501074,0.0021136283351866495,0.0023458938438758407,0.007182644699971539,0.006765230072152861
0.7383433815350389,0.0043247590345111475,0.0020714517501344096,0.0023163961672218666,0.007122601205802858,0.006704035124503223
0.7392621802002225,0.004296272894521218,0.002031150164367699,0.0022897224061674813,0.007063000838607132,0.006643291801668024
0.740180978865406,0.004266374642330117,0.001995006534344018,0.0022696790439505794,0.007003841308582776,0.006582997769934175
0.7410997775305895,0.004230719450845598,0.0019592129584944107,0.0022499211370143506,0.006945120321145828,0.0065231506907145005
0.742018576195773,0.00419506425936108,0.001923596858950726,0.002230162617652122,0.006886835577274238,0.00646374822089863
0.7429373748609566,0.0041594090678765605,0.0018881575415410235,0.0022104038937691534,0.006828984773847195,0.006404788013198827
0.7438561735261401,0.004123753876392042,0.001851818068557512,0.002188851636601902,0.006771565603979645,0.006346267716490926
0.7447749721913237,0.00408809868490752,0.0018128068632355448,0.002162554787959086,0.006714575757351872,0.006288184976150232
0.7456937708565072,0.004057190955470045,0.0017719652765906938,0.002132917171396111,0.006658012920534311,0.006230537434382567
0.7466125695216907,0.004026398752750596,0.0017312968251199734,0.0021032795548331356,0.006601874777307381,0.006173322730550229
0.7475313681868743,0.003995606550031147,0.0016912483712681716,0.0020743882844515013,0.006546159008976622,0.006116538501493176
0.7484501668520578,0.003964814347311697,0.0016533797757483687,0.0020488447050171455,0.0064908632946829165,0.006060182381845203
0.7493689655172413,0.0039340221445922485,0.0016191524326862189,0.0020290860515802087,0.006435985311707937,0.006004252004345233
0.7502877641824249,0.003903829892289961,0.0015850949597896197,0.002009328266220196,0.0063815227357748045,0.005948745000143754
0.7512065628476085,0.003879101996943986,0.0015512053325431785,0.001989569554835716,0.006327473241343972,0.005893658999104371
0.752125361512792,0.003854374101598011,0.0015174836564598123,0.0019698116740326926,0.006273834501904327,0.005838991630100491
0.7530441601779755,0.0038296462062520366,0.0014839280856452535,0.0019500531285372583,0.00622060419025962,0.005784740521307245
0.753962958843159,0.0038049183109060618,0.0014505379629879882,0.0019302944046542883,0.00616777997881011,0.005730903300488537
0.7548817575083426,0.003780190415560084,0.0014173128031223635,0.0019105362750176944,0.006115359539829582,0.005677477595279367
0.7558005561735262,0.0037521589572432233,0.0013832823856442268,0.0018891632870981219,0.006063340545737668,0.005624461033463384
0.7567193548387097,0.0037236395612526034,0.00134671123982999,0.0018632845708861925,0.006011720669367521,0.005571851243245686
0.7576381535038932,0.003695120165261983,0.0013087010021920924,0.001834737767972869,0.005960497584228876,0.005519645853520926
0.7585569521690767,0.0036666007692713627,0.0012731357216023604,0.0018099978732460849,0.005909668964766548,0.005467842494136773
0.7594757508342602,0.0036380813732807427,0.001240719115793198,0.001790239328886877,0.005859232486614338,0.005416438796152679
0.7603945494994439,0.003609561977290119,0.0012085838045853708,0.001770684746246257,0.005809185826844404,0.00536543239209404
0.7613133481646274,0.0035802600383974827,0.0011777095268137455,0.0017529686005550438,0.005759526664212173,0.005314820916201797
0.7622321468298109,0.003549467835678034,0.001149718660355396,0.0017397964308073846,0.005710252679396699,0.005264602004677411
0.7631509454949944,0.003518675632958585,0.0011218838750051811,0.0017266242610597241,0.005661361555236644,0.0052147732959233655
0.7640697441601779,0.003487883430239136,0.0010932111698190006,0.0017117969958455573,0.005612850976961839,0.005165332430779165
0.7649885428253614,0.0034570912275196874,0.00106242710345828,0.001693193803928577,0.0055647186324204205,0.005116277052752834
0.7659073414905451,0.003426299024800235,0.0010311033435543267,0.0016734357004251881,0.0055169622123016765,0.0050676048082480335
0.7668261401557286,0.003397561077959171,0.0009989134333395747,0.0016519801577081262,0.005469579410354544,0.005019313346786746
0.7677449388209121,0.0033711677613424656,0.0009641054637120508,0.0016259088920350074,0.005422567923601837,0.004971400321227615
0.7686637374860956,0.0033447744447257597,0.0009280121258635568,0.0015974446177859673,0.0053759254525502145,0.0049238633879799395
0.7695825361512791,0.003318381128109054,0.0008944186195584854,0.001572897561121865,0.005329649701395976,0.004876700207213415
0.7705013348164627,0.0032919878114923487,0.0008638471192883679,0.0015531395701048867,0.005283738378226652,0.004829908443063589
0.7714201334816463,0.0032655944948756397,0.0008334228132663905,0.0015333808462219141,0.005238189195218458,0.004783485763833104
0.7723389321468298,0.0032390066019675388,0.0008031452341396377,0.0015136221621068662,0.005192999868829685,0.004737429842188794
0.7732577308120133,0.003212283317335622,0.0007730139681899474,0.0014938643767468567,0.005148168119989965,0.0046917383553545826
0.7741765294771968,0.0031855600327037052,0.0007430270117444215,0.0014741056960404875,0.00510369167428556,0.004646408985300322
0.7750953281423804,0.0031588367480717885,0.000714210501825216,0.001456057890424314,0.005059568262140659,0.0046014394189265685
0.776014126807564,0.0031321134634398687,0.0006878462134283028,0.0014418587902169753,0.005015795618994689,0.004556827348245293
0.7769329254727475,0.003105390178807952,0.0006622397725965902,0.0014286859739565253,0.00497237148547579,0.004512570470556687
0.777851724137931,0.003078666894176035,0.0006360628662804106,0.0014143271180527442,0.00492929360757032,0.004468666488621909
0.7787705228031145,0.003054894377985937,0.0006081360761456755,0.0013968180530214353,0.0048865597367886175,0.004425113110832035
0.7796893214682981,0.0030328999474720157,0.0005789990566398388,0.0013770597268176858,0.00484416763032691,0.004381908051373068
0.7806081201334816,0.0030109055169580943,0.0005502987678409144,0.0013577985928100733,0.0048021150512255195,0.004339049030387175
0.7815269187986652,0.0029889110864441703,0.0005228390757360637,0.0013403759434733686,0.004760399768523314,0.0042965337741301055
0.7824457174638487,0.002966916655930249,0.000497078479414584,0.0013255574556077106,0.004719019557408518,0.004254360015124893
0.7833645161290322,0.0029449222254163275,0.00047145314330425815,0.001310738243965871,0.00467797219936588,0.004212525492311838
0.7842833147942158,0.002922935902175257,0.0004459631234454485,0.0012959199049458632,0.004637255482320225,0.004171027951194826
0.7852021134593993,0.0029009523294222235,0.00041973343452139937,0.001279645628212956,0.004596867200776518,0.004129865143984063
0.7861209121245828,0.0028789687566691904,0.00039176759090767794,0.0012602560983559995,0.004556805155956354,0.004089034829735195
0.7870397107897664,0.0028569851839161543,0.0003637124442372433,0.0012404975574054687,0.0045170671559310125,0.0040485347744849045
0.7879585094549499,0.002835001611163121,0.00033663835614695286,0.0012221554259895526,0.004477651015751105,0.004008362751383052
0.7888773081201335,0.0028130180384100876,0.0003117685233852143,0.001207269845094497,0.004438554557572774,0.00396851654082129
0.789796106785317,0.0027857436001173844,0.00028805617743143854,0.001194097675346837,0.004399775610780612,0.00392899393055834
0.7907149054505005,0.0027576537608619512,0.00026433838020703385,0.0011807021564504761,0.004361312012107241,0.00388979271584187
0.7916337041156841,0.002729563921606514,0.00024033456392208853,0.0011666171401854507,0.00432316160574964,0.0038509106995270447
0.7925525027808676,0.002701474082351081,0.00021601740282196913,0.001151798543242063,0.004285322243482272,0.0038123456921918273
0.7934713014460512,0.0026740525538507436,0.00019182586930635982,0.0011369794406779522,0.0042477917847669674,0.00377409551224897
0.7943901001112347,0.0026542716105831562,0.0001676726068682089,0.001122015687410417,0.0042105680968597585,0.0037361579860548957
0.7953088987764182,0.0026344906673155693,0.00014282098181022502,0.0011056810043401483,0.004173649054914533,0.003698530948015339
0.7962276974416017,0.0026147097240479824,0.00011603882766326101,0.0010859232189801388,0.004137032542083698,0.003661212240687943
0.7971464961067853,0.0025944734949154293,8.937862732381744e-05,0.0010661645689518785,0.004100716449615777,0.003624199714881725
0.7980652947719689,0.002571837076139415,6.283999894277016e-05,0.0010464058450689085,0.004064698676950078,0.0035874912297535616
0.7989840934371524,0.002549200657363401,3.642255313973295e-05,0.0010266478199651404,0.004028977131808368,0.003551084652901621
0.7999028921023359,0.0025265642385873866,1.0124795444639437e-05,0.001006889418770452,0.003993549730283724,0.0035149778604559195
0.8008216907675194,0.0025039278198113724,0.0,0.0009879721284428876,0.003958414396926485,0.003479168737165918
0.8017404894327029,0.0024814567993940865,0.0,0.0009713533819692158,0.003923569064827399,0.003443655176485266
0.8026592880978866,0.0024591002700535412,0.0,0.0009565346759480973,0.003889011675698007,0.0034084350806537294
0.8035780867630701,0.0024367437407129986,0.0,0.0009417156824617159,0.003854740179948308,0.0033735063607763386
0.8044968854282536,0.002414387211372456,0.0,0.0009270031283868041,0.0038207525367616804,0.003338866936899753
0.8054156840934371,0.0023945189216587125,0.0,0.0009128235621827759,0.0037870467141672168,0.0033045147380859796
0.8063344827586206,0.002374956958485738,0.0,0.000899651392435116,0.003753620689109395,0.003270447702483381
0.8072532814238041,0.002355394995312763,0.0,0.0008864792226874562,0.0037204724475152127,0.0032366637773950974
0.8081720800889878,0.002335941162268186,0.0,0.000872837600573624,0.0036875999843587505,0.0032031609193448472
0.8090908787541713,0.002316948820370691,0.0,0.000858179588771912,0.0036550013037232867,0.0031699370941402345
0.8100096774193548,0.002297956478473196,0.0,0.0008433605248394972,0.0036226744188608915,0.0031369902769334836
0.8109284760845383,0.002278964136575701,0.0,0.0008285418892644139,0.0035906173522496695,0.0031043184522797826
0.8118472747497218,0.0022599717946782056,0.0,0.000812840293333498,0.003558828135648577,0.003071919614193149
0.8127660734149055,0.0022409702139344935,0.0,0.0007947856896751057,0.0035273048101499105,0.0030397917661999256
0.813684872080089,0.0022219667913240997,0.0,0.0007750275111807808,0.0034960454262295097,0.0030079329213899475
0.8146036707452725,0.002202963368713706,0.0,0.0007557585769793155,0.0034650480437946477,0.0029763411024653487
0.815522469410456,0.002183959946103312,0.0,0.0007383191796662994,0.0034343107322297316,0.002945014341787141
0.8164412680756395,0.0021643861044743393,0.0,0.0007235008406462918,0.0034038315704398073,0.002913950681419551
0.8173600667408231,0.002144194967950796,0.0,0.0007086824402700622,0.0033736086468918727,0.002883148173172129
0.8182788654060067,0.002124003831427251,0.0,0.0006938631627270929,0.003343640059654119,0.002852604878639738
0.8191976640711902,0.002103812694903708,0.0,0.0006804926419465297,0.0033139239164330547,0.0028223188692403935
0.8201164627363737,0.0020833355539431053,0.0,0.0006702278163540093,0.0032844583346085896,0.0027922882262510188
0.8210352614015572,0.0020608880691386526,0.0,0.0006603487361966574,0.003255241441267099,0.0027625110408411443
0.8219540600667408,0.0020384405843342,0.0,0.0006504698435166529,0.003226271373232533,0.0027329854141046107
0.8228728587319243,0.0020159930995297475,0.0,0.0006396664034603922,0.003197546277095559,0.002703709457089274
0.8237916573971079,0.0019946360873482017,0.0,0.0006264549975446138,0.003169064309240799,0.002674681290824762
0.8247104560622914,0.0019773605104063054,0.0,0.0006116362392570858,0.003140823635872215,0.0026458990463483502
0.825629254727475,0.0019600849334644095,0.0,0.000596817298037116,0.003112822433036616,0.0026173608647289143
0.8265480533926585,0.001942809356522513,0.0,0.0005815986210270015,0.003085058886645383,0.0025890648970890765
0.827466852057842,0.001925533779580617,0.0,0.0005646697074858978,0.00305753119249443,0.002561009304625548
0.8283856507230256,0.0019073471086328182,0.0,0.0005449118346364574,0.003030237556282389,0.0025331922586276597
0.8293044493882091,0.0018879120845731213,0.0,0.0005251602917039824,0.0030031761936271315,0.0025056119404942073
0.8302232480533926,0.0018684770605134245,0.0,0.0005068844340982687,0.0029763453300805692,0.0024782665417485282
0.8311420467185762,0.0018490420364537278,0.0,0.0004917764107631345,0.0029497432011418414,0.0024511542640519466
0.8320608453837597,0.001829607012394031,0.0,0.00047695791039898663,0.00292336805226888,0.002424273319215559
0.8329796440489432,0.0018122223063399775,0.0,0.00046213887714468323,0.0028972181388883965,0.002397621929210413
0.8338984427141268,0.0017960264529569216,0.0,0.00044828543744331674,0.0028712917264043084,0.002371198326176094
0.8348172413793103,0.0017798305995738674,0.0,0.00043689492173350984,0.0028455870902046668,0.002345000752427787
0.8357360400444939,0.0017636347461908132,0.0,0.0004270155359312716,0.002820102515667073,0.0023190274604617976
0.8366548387096774,0.001747438892807759,0.0,0.0004171366432512667,0.0027948362981626384,0.0022932767129595862
0.8375736373748609,0.0017294203760897908,0.0,0.0004068161221158079,0.002769786743058535,0.0022677467827903674
0.8384924360400444,0.0017110650755890263,0.0,0.0003947304063173174,0.002744952165719124,0.002242435953012262
0.839411234705228,0.0016927097750882596,0.0,0.00037991195367467425,0.002720330891505711,0.002217342516872047
0.8403300333704116,0.0016743544745874948,0.0,0.000365092706809818,0.0026959212557749893,0.0021924647778035675
0.8412488320355951,0.00165605867452758,0.0,0.0003502743677898103,0.002671721603876119,0.0021678010494247607
0.8421676307007786,0.001638783097585627,0.0,0.0003340566296797889,0.0026477302911465613,0.002143349655533411
0.8430864293659621,0.0016215075206436743,0.0,0.0003147961580921361,0.0026239456829066318,0.002119108930101599
0.8440052280311456,0.0016042319437017216,0.0,0.0002950374342091662,0.002600366154452829,0.0020950772172688994
0.8449240266963293,0.0015869563667597667,0.0,0.00027628583863314375,0.00257699009104995,0.0020712528713343497
0.8458428253615128,0.001570766485992385,0.0,0.00026005212518072303,0.0025538158879220424,0.0020476342567472246
0.8467616240266963,0.0015575698276840497,0.0,0.0002452333191716885,0.002530841950242184,0.0020242197480966223
0.8476804226918798,0.0015443731693757146,0.0,0.0002304145915622717,0.0025080666931211397,0.002001007730099903
0.8485992213570633,0.0015311765110673791,0.0,0.0002155956196641906,0.0024854885415949365,0.0019779965975900253
0.849518020022247,0.0015179798527590424,0.0,0.00020077705794381735,0.0024631059306113316,0.0019551847555017558
0.8504368186874305,0.0015047831944507073,0.0,0.0001859579201566888,0.0024409173050152586,0.0019325706188568343
0.851355617352614,0.0014911777823309095,0.0,0.0001711395243253646,0.002418921119533216,0.0019101526127480652
0.8522744160177975,0.0014769299654370834,0.0,0.00015632024678239627,0.002397115838756681,0.0018879291723224126
0.853193214682981,0.0014626821485432576,0.0,0.00014294254505133858,0.0023754999371245256,0.001865898742763078
0.8541120133481646,0.0014484343316494316,0.0,0.00013266098057231605,0.0023540718989044857,0.0018440597792706143
0.8550308120133482,0.001434186514755604,0.0,0.00012278189587005764,0.002332830218173692,0.0018224107470430852
0.8559496106785317,0.001419938697861778,0.0,0.00011290300319005304,0.0023117733987983056,0.001800950121255308
0.8568684093437152,0.0014047883301488997,0.0,0.00010210732469594938,0.002290899954412234,0.001779676387037163
0.8577872080088987,0.001389585592060585,0.0,8.891260085535747e-05,0.002270208408395023,0.0017585880394510602
0.8587060066740823,0.0013743828539722702,0.0,7.409373803500534e-05,0.0022496972938488733,0.0017376835834685158
0.8596248053392658,0.0013591801158839556,0.0,5.927506723690529e-05,0.0022293651535748556,0.0017169615339459117
0.8605436040044494,0.001343977377795639,0.0,4.4456038527505204e-05,0.0022092105400483117,0.001696420415599424
0.8614624026696329,0.0013272271185743375,0.0,2.9637533618451304e-05,0.0021892320153934874,0.0016760587629791692
0.8623812013348164,0.0013089494407317597,0.0,1.4818339020006925e-05,0.0021694281513573955,0.0016558751204425676
0.8633,0.0012906717628891817,0.0,0.0,0.0021497975292829484,0.0016358680421269588
