sto_common,p_si_original,p_si_reconstructed_deformed,si_scale_a,si_shift_b,dUdx_si_original,dUdx_si_reconstructed_deformed,x_anode_common,p_anode_reconstructed,dUdx_anode_reconstructed
0.0,1.0,1.0,0.397714140708392,0.0661960113966957,-177.67052081056616,-611.919460180177,8.488381152419853e-06,0.9698394914941362,-65.3122087256848
0.001001001001001001,0.8221516308202541,0.3874680078276507,0.397714140708392,0.0661960113966957,-103.3559775420618,-311.43681488864223,0.0010094808852753904,0.9044624601320108,-57.846620357358404
0.002002002002002002,0.7930811260419184,0.3765028730958114,0.397714140708392,0.0661960113966957,-25.849677990515602,-9.823618156794595,0.0020104733893983612,0.8540314247610102,-48.56360906509252
0.003003003003003003,0.7704005237321347,0.36780110461084464,0.397714140708392,0.0661960113966957,-20.680644351403828,-7.973248449082519,0.0030114658935213316,0.8072388428373789,-45.00473940836787
0.004004004004004004,0.7516784346477164,0.36054041373828877,0.397714140708392,0.0661960113966957,-17.360018854395946,-6.748132401204344,0.004012458397644302,0.7639326111654424,-41.59844704154949
0.005005005005005005,0.7356457312308416,0.354291330033859,0.397714140708392,0.0661960113966957,-15.045854006761715,-5.874401497667151,0.005013450901767273,0.7239593754938841,-38.180984331806144
0.006006006006006006,0.7215566048043497,0.3487798501793956,0.397714140708392,0.0661960113966957,-13.34220781636185,-5.236771331777021,0.006014443405890243,0.6874948529330934,-34.88809009774957
0.007007007007007007,0.7089346044713585,0.3438073033436147,0.397714140708392,0.0661960113966957,-12.037599881106985,-4.754968724716548,0.007015435910013214,0.6541139421518558,-31.935275903741513
0.008008008008008008,0.6974573057430744,0.3392603932730562,0.397714140708392,0.0661960113966957,-11.008472629544826,-4.3709939146478405,0.008016428414136184,0.6235609093396051,-29.189314157898195
0.009009009009009009,0.6868956202280254,0.33505656477575113,0.397714140708392,0.0661960113966957,-10.178196972223645,-4.05684317036517,0.009017420918259154,0.5956773728067626,-26.602063210526296
0.01001001001001001,0.677080535027912,0.33113858512417693,0.397714140708392,0.0661960113966957,-9.496070479061075,-3.7943160402280114,0.010018413422382126,0.5703039776037205,-24.06164615504872
0.011011011011011011,0.6678844681177931,0.32746033646698636,0.397714140708392,0.0661960113966957,-8.927552196822944,-3.578282624424361,0.011019405926505096,0.5475063179306364,-21.655823485932956
0.012012012012012012,0.6592075576568951,0.3239748561463504,0.397714140708392,0.0661960113966957,-8.447749079156267,-3.400082608505585,0.012020398430628066,0.5269493436436624,-19.544353757538573
0.013013013013013013,0.6509720575489116,0.320653364277786,0.397714140708392,0.0661960113966957,-8.03919098528604,-3.247964437557215,0.013021390934751038,0.5083788147121889,-17.64133581241427
0.014014014014014014,0.643113081209876,0.31747242483992955,0.397714140708392,0.0661960113966957,-7.689034459625191,-3.1165646249845906,0.014022383438874008,0.49163165382177676,-15.9015695263152
0.015015015015015015,0.6355785951672797,0.31441399565919825,0.397714140708392,0.0661960113966957,-7.386462975835684,-3.0015671356843825,0.01502337594299698,0.47654411091292537,-14.252072724686883
0.016016016016016016,0.6283253675445393,0.311463281425146,0.397714140708392,0.0661960113966957,-7.123856292648156,-2.9034091651106166,0.01602436844711995,0.4630992178905228,-12.612038857748985
0.017017017017017015,0.6213166206074235,0.30860136469801586,0.397714140708392,0.0661960113966957,-6.895661674795576,-2.8206208009669638,0.01702536095124292,0.45129499819629665,-10.982465264619123
0.018018018018018018,0.61452023906647,0.3058163929347216,0.397714140708392,0.0661960113966957,-6.696290372244391,-2.748732735781857,0.01802635345536589,0.4411124870771735,-10.042198747193083
0.01901901901901902,0.6079106338762036,0.30309839625801216,0.397714140708392,0.0661960113966957,-6.522129266989566,-2.686007186674118,0.01902734595948886,0.4311906668545899,-10.084023528484039
0.02002002002002002,0.6014629232166411,0.3004390011696083,0.397714140708392,0.0661960113966957,-6.370086976115601,-2.6309053097984076,0.020028338463611833,0.42092442315034906,-10.477067619234646
0.02102102102102102,0.5951577069970932,0.29783131856071804,0.397714140708392,0.0661960113966957,-6.237137326262086,-2.5839130823345613,0.0210293309677348,0.41021573455050314,-10.655619399025994
0.022022022022022022,0.588976161802703,0.2952660020057753,0.397714140708392,0.0661960113966957,-6.121420285579973,-2.5446499313338506,0.022030323471857773,0.3995920328599244,-10.423199048971355
0.023023023023023025,0.5829026113302664,0.2927369243037934,0.397714140708392,0.0661960113966957,-6.020687185833083,-2.5110648863706615,0.023031315975980744,0.3893486463164991,-9.502075957195586
0.024024024024024024,0.5769227340032375,0.29023884507610437,0.397714140708392,0.0661960113966957,-5.933489528848895,-2.4823217460342732,0.024032308480103712,0.38056901924640457,-8.437036291085604
0.025025025025025023,0.5710237534146531,0.28776731119861965,0.397714140708392,0.0661960113966957,-5.858207243163463,-2.4574382119673714,0.025033300984226684,0.37245782614771883,-7.884161563017045
0.026026026026026026,0.5651945913742814,0.28531904885594944,0.397714140708392,0.0661960113966957,-5.793501068572027,-2.436438633331676,0.026034293488349656,0.36478504599465555,-7.454439111076368
0.02702702702702703,0.5594251526767712,0.2828895561769346,0.397714140708392,0.0661960113966957,-5.7378969965983515,-2.4188526514195416,0.027035285992472628,0.35753415080246176,-7.04640009374296
0.028028028028028028,0.5537073100998103,0.28047650100525967,0.397714140708392,0.0661960113966957,-5.690228699169211,-2.4032306107619092,0.028036278496595596,0.3506782586448794,-6.678020689169017
0.029029029029029027,0.5480333034291852,0.2780782836829168,0.397714140708392,0.0661960113966957,-5.649122550844083,-2.3885797611135615,0.029037271000718567,0.34416485349798914,-6.3435052368789115
0.03003003003003003,0.5423977554434658,0.27569455954156885,0.397714140708392,0.0661960113966957,-5.612915127438782,-2.3735125756886077,0.03003826350484154,0.33797865626091816,-6.042888075825772
0.031031031031031032,0.5367962361069855,0.2733265067546113,0.397714140708392,0.0661960113966957,-5.580091601899937,-2.357212023725083,0.031039256008964507,0.33206708216367775,-5.777926337521052
0.03203203203203203,0.5312264008851076,0.27097541635092803,0.397714140708392,0.0661960113966957,-5.548716446682192,-2.3386020247471606,0.03204024851308748,0.32641133435445163,-5.53869997000163
0.03303303303303303,0.5256876946721863,0.26864462081918156,0.397714140708392,0.0661960113966957,-5.51669316144671,-2.31593190019197,0.033041241017210454,0.32097868785856215,-5.324210101232524
0.03403403403403403,0.5201819701314606,0.2663389160502434,0.397714140708392,0.0661960113966957,-5.481595559670893,-2.2877275130823023,0.034042233521333426,0.3157523455510325,-5.134323141594706
0.035035035035035036,0.5147135293875599,0.2640645857579557,0.397714140708392,0.0661960113966957,-5.440926083743818,-2.251510230037951,0.0350432260254564,0.3106998499015993,-4.963396039699063
0.036036036036036036,0.5092892252190606,0.26183138806217937,0.397714140708392,0.0661960113966957,-5.391714240910005,-2.207102037191106,0.03604421852957936,0.3058157010895677,-4.813145715195844
0.037037037037037035,0.5039193066830354,0.25964596306087645,0.397714140708392,0.0661960113966957,-5.3313093492196515,-2.155351139313865,0.037045211033702334,0.3010640043372741,-4.689227386338217
0.03803803803803804,0.49861593322863085,0.2575163707662558,0.397714140708392,0.0661960113966957,-5.257418992656341,-2.095561432861601,0.038046203537825306,0.29642793816186225,-4.583682851446639
0.03903903903903904,0.493393943334374,0.25545064487696933,0.397714140708392,0.0661960113966957,-5.167542988252535,-2.028479935111136,0.03904719604194828,0.2918875399861239,-4.497517190424702
0.04004004004004004,0.48827050182071785,0.2534553498751424,0.397714140708392,0.0661960113966957,-5.060840598765395,-1.9536500113735542,0.04004818854607125,0.2874239761723036,-4.4174814672169305
0.04104104104104104,0.48326213032383264,0.25153943364298825,0.397714140708392,0.0661960113966957,-4.937387302874384,-1.8746709368168126,0.04104918105019422,0.2830438083145513,-4.34518632468604
0.04204204204204204,0.4783858425557041,0.24970225490654016,0.397714140708392,0.0661960113966957,-4.7974130376966855,-1.7964297934998399,0.042050173554317186,0.27872497829224685,-4.282769481850664
0.043043043043043044,0.4736576998179334,0.24794297759994552,0.397714140708392,0.0661960113966957,-4.644787221365533,-1.7187749420962604,0.04305116605844016,0.274469768018113,-4.215182794640583
0.044044044044044044,0.4690869692396569,0.24626126403147255,0.397714140708392,0.0661960113966957,-4.482217182416008,-1.6429587808347037,0.04405215856256313,0.2702862455303602,-4.140913686939967
0.04504504504504504,0.46468429204532874,0.24465377083150766,0.397714140708392,0.0661960113966957,-4.312923122679223,-1.5691147267787926,0.0450531510666861,0.2661797208964188,-4.059124880091304
0.04604604604604605,0.4604524885135724,0.2431198932070906,0.397714140708392,0.0661960113966957,-4.143076977482849,-1.4997868895289344,0.04605414357080907,0.2621599383738193,-3.9579912806862296
0.04704704704704705,0.4563898436419596,0.24165119447609437,0.397714140708392,0.0661960113966957,-3.9735999770027206,-1.4374277900966916,0.047055136074932044,0.2582558816897168,-3.8336944919538922
0.04804804804804805,0.45249733340445786,0.24024215989358372,0.397714140708392,0.0661960113966957,-3.80838617208272,-1.3808374968870538,0.04805612857905501,0.25448493947473255,-3.691679950149549
0.04904904904904905,0.4487654469010533,0.23888675504288706,0.397714140708392,0.0661960113966957,-3.6531331877765467,-1.3295178205069504,0.04905712108317798,0.2508651937742753,-3.5318620845008297
0.050050050050050046,0.4451837534489493,0.23758046255523146,0.397714140708392,0.0661960113966957,-3.505326740035315,-1.2821908581155412,0.05005811358730095,0.24741420453036964,-3.3616594210131723
0.05105105105105105,0.4417477757498315,0.23631980637799108,0.397714140708392,0.0661960113966957,-3.367643020500566,-1.240181581284233,0.051059106091423924,0.24413520201057817,-3.192610561268637
0.05205205205205205,0.4384417253798791,0.23509761654665443,0.397714140708392,0.0661960113966957,-3.242423307486945,-1.204263914106761,0.052060098595546896,0.24102264604954216,-3.014423007297964
0.05305305305305305,0.43525643779690465,0.23390886761101057,0.397714140708392,0.0661960113966957,-3.127793456227664,-1.1727494691094904,0.05306109109966987,0.238100372341456,-2.847952885736092
0.05405405405405406,0.43217987661866253,0.23274976976165043,0.397714140708392,0.0661960113966957,-3.023371909005533,-1.1450919255196936,0.05406208360379284,0.23532108706810773,-2.712950374342398
0.055055055055055056,0.42920364118227894,0.23161639128364378,0.397714140708392,0.0661960113966957,-2.929209695833663,-1.1208559716823885,0.055063076107915804,0.23266908636390732,-2.588255138636754
0.056056056056056056,0.42631559294331983,0.2305058138623864,0.397714140708392,0.0661960113966957,-2.8461714922644035,-1.1001908282404287,0.056064068612038775,0.23013943908304146,-2.465749932495811
0.057057057057057055,0.42350560015672456,0.2294138070429222,0.397714140708392,0.0661960113966957,-2.772059085946296,-1.0830867298742533,0.05706506111616175,0.22773269196496723,-2.36045641190897
0.058058058058058054,0.4207659251035875,0.22833747206083635,0.397714140708392,0.0661960113966957,-2.7063492879956073,-1.068876972821542,0.05806605362028472,0.2254138407337817,-2.2751329940015808
0.05905905905905906,0.4180874834640406,0.22727391320343962,0.397714140708392,0.0661960113966957,-2.6491088682913073,-1.057242377097765,0.05906704612440769,0.22317790981921037,-2.1878472404138876
0.06006006006006006,0.41546240384574706,0.22622087070528527,0.397714140708392,0.0661960113966957,-2.5992322547623985,-1.047543004049487,0.06006803862853066,0.22103380335814085,-2.0901651168722992
0.06106106106106106,0.4128838152863381,0.22517673001214936,0.397714140708392,0.0661960113966957,-2.556334436017721,-1.0397501368873776,0.06106903113265363,0.2189934305904734,-1.9935227591239908
0.062062062062062065,0.4103446171870529,0.22413928884965487,0.397714140708392,0.0661960113966957,-2.519489589358642,-1.0338579380343873,0.0620700236367766,0.21704280068077755,-1.8991494071350985
0.06306306306306306,0.4078397920844189,0.22310694435041883,0.397714140708392,0.0661960113966957,-2.4883720192031547,-1.0293047885142244,0.06307101614089956,0.2151913619489698,-1.7947551952849636
0.06406406406406406,0.40536289142288245,0.22207861860237918,0.397714140708392,0.0661960113966957,-2.4626083193908244,-1.0256490778833154,0.06407200864502254,0.21344972768634554,-1.6819857175761683
0.06506506506506507,0.40290964529885165,0.2210535928431449,0.397714140708392,0.0661960113966957,-2.4414034617632865,-1.0224556667942437,0.0650730011491455,0.2118240517582985,-1.5662320403599495
0.06606606606606606,0.4004751968047377,0.22003166031049878,0.397714140708392,0.0661960113966957,-2.424110251123011,-1.0194238697681044,0.06607399365326848,0.21031415462211045,-1.4356518595089511
0.06706706706706707,0.39805657172302983,0.21901270421498056,0.397714140708392,0.0661960113966957,-2.4100807788691725,-1.0162701265794425,0.06707498615739145,0.2089498982585012,-1.2992699586430376
0.06806806806806806,0.39565021026045505,0.2179970854825119,0.397714140708392,0.0661960113966957,-2.399166039425296,-1.012537377546053,0.06807597866151442,0.20771303564324278,-1.1725572791392835
0.06906906906906907,0.39325343650896516,0.21698560235803155,0.397714140708392,0.0661960113966957,-2.3904003383233317,-1.007801876055595,0.0690769711656374,0.2066024561643547,-1.0403521106215834
0.07007007007007007,0.39086462399754546,0.2159794641090272,0.397714140708392,0.0661960113966957,-2.383167133652705,-1.0014430116285382,0.07007796366976037,0.20563026631448134,-0.9005517700564809
0.07107107107107107,0.38848233113628705,0.21498071144386027,0.397714140708392,0.0661960113966957,-2.376694235379091,-0.9932647381434663,0.07107895617388332,0.20479956502155228,-0.7668353706593791
0.07207207207207207,0.38610647738016995,0.213990946114746,0.397714140708392,0.0661960113966957,-2.3702542860434335,-0.9833122554690163,0.0720799486780063,0.20409507339862853,-0.6360274038452758
0.07307307307307308,0.3837370773103742,0.21301211833981817,0.397714140708392,0.0661960113966957,-2.3632867558108615,-0.9714156550590474,0.07308094118212927,0.20352624769422045,-0.4866795962361721
0.07407407407407407,0.38137517256373177,0.2120461700285417,0.397714140708392,0.0661960113966957,-2.354910077250395,-0.9573967980448828,0.07408193368625224,0.20312074814314454,-0.290182477324052
0.07507507507507508,0.37902254262118423,0.21109540803342203,0.397714140708392,0.0661960113966957,-2.344347017547733,-0.9404670937509252,0.07508292619037521,0.20294530672496203,-0.10591331288193828
0.07607607607607608,0.37668178514121375,0.21016335302403533,0.397714140708392,0.0661960113966957,-2.330847860656206,-0.9214795172370884,0.07608391869449818,0.20290871127858123,-0.03655916126251668
0.07707707707707707,0.3743561805377884,0.20925060419510952,0.397714140708392,0.0661960113966957,-2.3137452974518737,-0.9013852657336514,0.07708491119862115,0.20287211583220044,-0.03655916126250247
0.07807807807807808,0.37204966242359244,0.20835877791746146,0.397714140708392,0.0661960113966957,-2.292866850807769,-0.8798896156961717,0.07808590370274412,0.20283552038581965,-0.03655916126250247
0.07907907907907907,0.3697658565121472,0.20748906342294499,0.397714140708392,0.0661960113966957,-2.268030844403995,-0.8572912702091315,0.0790868962068671,0.20279892493943885,-0.03655916126251668
0.08008008008008008,0.3675090601324934,0.20664247907820396,0.397714140708392,0.0661960113966957,-2.239108469793564,-0.8327073351586733,0.08008788871099007,0.20276232949305806,-0.03655916126250247
0.08108108108108109,0.36528315687292084,0.20582198167087556,0.397714140708392,0.0661960113966957,-2.2046092810698212,-0.8074721209199112,0.08108888121511304,0.20272573404667726,-0.03655916126250247
0.08208208208208208,0.3630954279381594,0.2050259182755615,0.397714140708392,0.0661960113966957,-2.1657569051233736,-0.7831922206830484,0.08208987371923601,0.20268913860029647,-0.03655916126251668
0.08308308308308308,0.3609473072130142,0.20425402927711572,0.397714140708392,0.0661960113966957,-2.12428203473641,-0.7590284396128055,0.08309086622335898,0.20265254315391568,-0.03655916126251668
0.08408408408408408,0.35884261105180026,0.2035063418198802,0.397714140708392,0.0661960113966957,-2.0793602818606587,-0.7349007672720802,0.08409185872748194,0.20261594770753488,-0.03655916126251668
0.08508508508508508,0.35678442376584574,0.20278275646976424,0.397714140708392,0.0661960113966957,-2.0316538740623002,-0.7105418214746351,0.08509285123160491,0.2025793522611541,-0.03655916126250247
0.08608608608608609,0.3547752359285524,0.20208383567078184,0.397714140708392,0.0661960113966957,-1.9810862123208324,-0.6864864416329084,0.08609384373572788,0.2025427568147733,-0.03655916126251668
0.08708708708708708,0.35281828520264086,0.2014084092392679,0.397714140708392,0.0661960113966957,-1.9286040976415109,-0.6638133683140239,0.08709483623985086,0.2025061613683925,-0.06168830089761457
0.08808808808808809,0.3509141666640049,0.2007548799784615,0.397714140708392,0.0661960113966957,-1.8757464102477854,-0.6423825297753183,0.08809582874397383,0.2024192577611921,-0.11888913674536639
0.0890890890890891,0.3490630371340767,0.2001223581286066,0.397714140708392,0.0661960113966957,-1.8228256270799932,-0.62183570502836,0.0890968212480968,0.20226814709898497,-0.1509608329580061
0.09009009009009009,0.34726486610929014,0.1995099636520784,0.397714140708392,0.0661960113966957,-1.7701554074667456,-0.6015631410896987,0.09009781375221977,0.20211703643677786,-0.15343062915461303
0.09109109109109109,0.3455191824644736,0.19891802751581444,0.397714140708392,0.0661960113966957,-1.7173837478913185,-0.5818857228494778,0.09109880625634274,0.20196098127961168,-0.1632194891894443
0.0920920920920921,0.343826660407806,0.19834502726999736,0.397714140708392,0.0661960113966957,-1.665685321535591,-0.5633823194102234,0.09209979876046571,0.20179027346636702,-0.17053855302765442
0.09309309309309309,0.34218447711605404,0.19779013498446263,0.397714140708392,0.0661960113966957,-1.6140881000193872,-0.5457156897660127,0.09310079126458869,0.20161956565312236,-0.17403119071525452
0.0940940940940941,0.3405952528001596,0.19725250336656192,0.397714140708392,0.0661960113966957,-1.5641656291124946,-0.5291983869461063,0.09410178376871166,0.2014418656315879,-0.1821316401147044
0.09509509509509509,0.3390530143951081,0.19673067875434028,0.397714140708392,0.0661960113966957,-1.5170362273942715,-0.5131257265552591,0.09510277627283463,0.2012549408400855,-0.18673945182653995
0.0960960960960961,0.3375581432358068,0.19622522463471956,0.397714140708392,0.0661960113966957,-1.4707113466172643,-0.49787026130792356,0.09610376877695759,0.20106801604858313,-0.19620165750532692
0.0970970970970971,0.33610864733481327,0.19573394149446455,0.397714140708392,0.0661960113966957,-1.426398976790665,-0.48357183809623905,0.09710476128108056,0.20086214806316682,-0.20727144046797719
0.0980980980980981,0.33470248962861826,0.1952571128467391,0.397714140708392,0.0661960113966957,-1.3842096648430413,-0.4698928454815956,0.09810575378520353,0.20065306173212868,-0.2150095119853006
0.0990990990990991,0.333337456814607,0.19479321507708397,0.397714140708392,0.0661960113966957,-1.343578079882377,-0.45721839633716854,0.0991067462893265,0.20043170224354195,-0.2261262112594693
0.10010010010010009,0.3320126436228477,0.19434176070191994,0.397714140708392,0.0661960113966957,-1.3035754570889253,-0.44470032750724897,0.10010773879344947,0.20020036044721579,-0.23600096087396594
0.1011011011011011,0.33072769613975433,0.19390292413112353,0.397714140708392,0.0661960113966957,-1.26517005774852,-0.4326357007057169,0.10110873129757245,0.19995923185794065,-0.24640790547036318
0.1021021021021021,0.3294797706343622,0.19347562316296957,0.397714140708392,0.0661960113966957,-1.229694447217156,-0.4211703776040565,0.10210972380169542,0.19970705551455084,-0.25797481563817826
0.1031031031031031,0.3282658453945749,0.19305974019197628,0.397714140708392,0.0661960113966957,-1.1955489102638523,-0.4104152367397518,0.10311071630581839,0.199442770144528,-0.2687757170099445
0.1041041041041041,0.32708627932252266,0.19265397103736448,0.397714140708392,0.0661960113966957,-1.1621613699390991,-0.4003958618056487,0.10411170880994136,0.19916897055851637,-0.28181448057651437
0.10510510510510511,0.3259391960053074,0.19225814687504805,0.397714140708392,0.0661960113966957,-1.1310087822151615,-0.390560877335588,0.10511270131406433,0.1988785817793072,-0.29383218559549107
0.1061061061061061,0.32482199747624607,0.19187206737903495,0.397714140708392,0.0661960113966957,-1.1017173269670764,-0.3811284300633133,0.1061136938181873,0.19858072292801407,-0.3059820012653205
0.10710710710710711,0.3237335557110791,0.19149512699504143,0.397714140708392,0.0661960113966957,-1.0735539707898738,-0.372380546019329,0.10711468632231028,0.19826601039998093,-0.3203952050757124
0.10810810810810811,0.3226727402774675,0.19112656078039764,0.397714140708392,0.0661960113966957,-1.0465174015164962,-0.3641904999588377,0.10811567882643325,0.1979392965307386,-0.3317198277299269
0.1091091091091091,0.3216384257781131,0.1907660168850137,0.397714140708392,0.0661960113966957,-1.0206013785019934,-0.35632686996414975,0.1091166713305562,0.1976019122779277,-0.34501816593933654
0.11011011011011011,0.3206294942744605,0.19041319367336232,0.397714140708392,0.0661960113966957,-0.99526233639304,-0.3485061672542713,0.11011766383467918,0.19724857533495554,-0.3597989570605904
0.1111111111111111,0.319645908588137,0.1900683068404606,0.397714140708392,0.0661960113966957,-0.9707063137931016,-0.34071457255554094,0.11111865633880215,0.19688160015990988,-0.37256642813446206
0.11211211211211211,0.31868613829089076,0.18973108241699488,0.397714140708392,0.0661960113966957,-0.9477456340664787,-0.33351389087096095,0.11211964884292512,0.1965027029312546,-0.38481398720462323
0.11311311311311312,0.3177485199313473,0.18940061136324146,0.397714140708392,0.0661960113966957,-0.9261791382842546,-0.3268484065380761,0.11312064134704809,0.19611120832656287,-0.3973148918862819
0.11411411411411411,0.3168319258018332,0.1890767312527545,0.397714140708392,0.0661960113966957,-0.905688743349998,-0.32035590304249695,0.11412163385117106,0.1957072844741454,-0.4099896959999967
0.11511511511511512,0.31593532925396994,0.18875925820399725,0.397714140708392,0.0661960113966957,-0.8862107482670467,-0.31402531319827176,0.11512262635529404,0.19529041510163556,-0.42222770414571187
0.11611611611611611,0.3150577301096069,0.18844805194705225,0.397714140708392,0.0661960113966957,-0.8677178960287506,-0.30787716288567424,0.11612361885941701,0.1948619909403796,-0.43329870934714165
0.11711711711711711,0.31419815628894743,0.18814288750752944,0.397714140708392,0.0661960113966957,-0.8490153063877699,-0.30192648472807093,0.11712461136353998,0.19442295758143027,-0.44450067267213456
0.11811811811811812,0.3133579997664882,0.18784359452016922,0.397714140708392,0.0661960113966957,-0.8306381032200818,-0.29639850638073995,0.11812560386766295,0.19397210725753475,-0.4555628685751856
0.11911911911911911,0.3125352171433617,0.18754949710436478,0.397714140708392,0.0661960113966957,-0.8138052797401087,-0.2912957671538692,0.11912659637178592,0.19351092754822924,-0.4654974362344433
0.12012012012012012,0.3117287599672088,0.18726041981115246,0.397714140708392,0.0661960113966957,-0.798132558144033,-0.28623656645986273,0.1201275888759089,0.19304018836881645,-0.47504688238339554
0.12112112112112113,0.31093735416409435,0.18697645092526594,0.397714140708392,0.0661960113966957,-0.7833287759770258,-0.2811860133781323,0.12112858138003187,0.1925598908114837,-0.4843645114144266
0.12212212212212212,0.310160534189477,0.18669748484943446,0.397714140708392,0.0661960113966957,-0.7691012860465491,-0.2765091188022808,0.12212957388415482,0.19207049787843844,-0.49288924703110126
0.12312312312312312,0.3093976118496869,0.18642287911585198,0.397714140708392,0.0661960113966957,-0.7533399022323124,-0.2719254749982696,0.1231305663882778,0.1915731339282018,-0.500058155929068
0.12412412412412413,0.3086523461970199,0.18615308950409257,0.397714140708392,0.0661960113966957,-0.7383848132251671,-0.26749348826294295,0.12413155889240077,0.19106938894701733,-0.5059791911188967
0.12512512512512514,0.30791936397536224,0.18588735661682707,0.397714140708392,0.0661960113966957,-0.725664518059034,-0.26366949991823674,0.12513255139652374,0.19056017117309737,-0.5111143129105358
0.12612612612612611,0.30719956437908397,0.1856252226373894,0.397714140708392,0.0661960113966957,-0.7132678071892826,-0.2591441057185051,0.1261335439006467,0.1900461457550705,-0.5159561277878453
0.12712712712712712,0.30649140039740574,0.1853685495983716,0.397714140708392,0.0661960113966957,-0.7005791760130364,-0.2548901084269204,0.12713453640476968,0.18952723474035346,-0.5209516675656687
0.12812812812812813,0.3057970034661449,0.1851149321300282,0.397714140708392,0.0661960113966957,-0.6886572490336107,-0.25146522415026595,0.12813552890889265,0.18900320832658332,-0.5244382510986867
0.12912912912912913,0.30511270720614725,0.18486511571618888,0.397714140708392,0.0661960113966957,-0.6775036581552456,-0.24750632577449494,0.12913652141301563,0.18847731722390318,-0.5264544101958535
0.13013013013013014,0.30444063978615443,0.1846194239703195,0.397714140708392,0.0661960113966957,-0.6661412445182577,-0.2438787638270412,0.1301375139171386,0.18794925448984626,-0.5286134754923921
0.13113113113113112,0.3037790911010056,0.18437686994276137,0.397714140708392,0.0661960113966957,-0.6563748135809249,-0.24043501319079041,0.13113850642126157,0.18741904097081064,-0.5306346661537162
0.13213213213213212,0.30312657609530175,0.18413807259256018,0.397714140708392,0.0661960113966957,-0.6456023866685996,-0.23668687526681254,0.13213949892538454,0.18688693184335092,-0.5320898479437517
0.13313313313313313,0.3024865938303978,0.1839030223446296,0.397714140708392,0.0661960113966957,-0.6349993977872259,-0.23352870339475373,0.1331404914295075,0.18635380507218738,-0.5321870520307499
0.13413413413413414,0.30185530602966165,0.18367054766083896,0.397714140708392,0.0661960113966957,-0.626886195382923,-0.23046825061963716,0.13414148393363048,0.18582150134360276,-0.5318583527584337
0.13513513513513514,0.3012315664122137,0.1834416244454912,0.397714140708392,0.0661960113966957,-0.6167834548431301,-0.2273182171337993,0.13514247643775346,0.1852890326234546,-0.532202259285512
0.13613613613613612,0.30062050431826404,0.18321545613504558,0.397714140708392,0.0661960113966957,-0.6071172326713281,-0.22447173647501018,0.13614346894187643,0.18475604039915855,-0.5317905561545473
0.13713713713713713,0.3000161164969558,0.18299223157967537,0.397714140708392,0.0661960113966957,-0.599743769234891,-0.221542363952679,0.1371444614459994,0.18422439590250642,-0.5305467532083696
0.13813813813813813,0.29941981609156754,0.18277192787888408,0.397714140708392,0.0661960113966957,-0.5903679632349679,-0.21872720413649915,0.13814545395012237,0.18369389375306183,-0.5293373680806042
0.13913913913913914,0.29883419865264155,0.1825543392791018,0.397714140708392,0.0661960113966957,-0.5827050822380215,-0.21615570690360641,0.13914644645424534,0.1831646704273047,-0.5271096513110223
0.14014014014014015,0.29825323935035025,0.1823391837209189,0.397714140708392,0.0661960113966957,-0.5744924458591072,-0.21351439708149655,0.14014743895836831,0.18263862813343543,-0.5243231078402601
0.14114114114114115,0.29768406362589656,0.1821268830286884,0.397714140708392,0.0661960113966957,-0.5657580900880248,-0.21083595353380247,0.14114843146249126,0.18211498342593155,-0.5210312562300174
0.14214214214214213,0.2971205905213452,0.18191708971985024,0.397714140708392,0.0661960113966957,-0.5589418234729635,-0.20840900623133507,0.14214942396661423,0.18159553136963544,-0.5168807624813923
0.14314314314314314,0.296565060976301,0.18170964778097803,0.397714140708392,0.0661960113966957,-0.5510390229783013,-0.20605176621550925,0.1431504164707372,0.18108019588839305,-0.5129355357435799
0.14414414414414414,0.2960174092941614,0.18150457367137074,0.397714140708392,0.0661960113966957,-0.5445262563339952,-0.20370753203334857,0.14415140897486017,0.18056864211688017,-0.5086742253098606
0.14514514514514515,0.29547491832097766,0.18130182489402438,0.397714140708392,0.0661960113966957,-0.5375173118151508,-0.2013950398849289,0.14515240147898315,0.18006183771524162,-0.5040660459013395
0.14614614614614616,0.2949412985597967,0.18110138039832782,0.397714140708392,0.0661960113966957,-0.5306589661088026,-0.1992358017682676,0.14615339398310612,0.17955950944981988,-0.49938313241925414
0.14714714714714713,0.2944125380084475,0.18090295442001386,0.397714140708392,0.0661960113966957,-0.5243477985333982,-0.19703260537544054,0.1471543864872291,0.17906208017076736,-0.49437266156333237
0.14814814814814814,0.29389155321738747,0.1807069207279065,0.397714140708392,0.0661960113966957,-0.5179090168450386,-0.19497768802797566,0.14815537899135206,0.17856978279288344,-0.48923883328966156
0.14914914914914915,0.2933756831198689,0.18051260869823613,0.397714140708392,0.0661960113966957,-0.5120809653652714,-0.1928965924441144,0.14915637149547503,0.17808263136106972,-0.4840125839226914
0.15015015015015015,0.2928663660995391,0.18032074136365403,0.397714140708392,0.0661960113966957,-0.5060944361914608,-0.1909205932479665,0.150157363999598,0.17760079685606783,-0.47880452489332015
0.15115115115115116,0.29236248104541146,0.18013038528833028,0.397714140708392,0.0661960113966957,-0.5004509650944158,-0.18889266026583584,0.15115835650372098,0.17712407188035298,-0.4736990745624752
0.15215215215215216,0.2918644622655162,0.17994257787963833,0.397714140708392,0.0661960113966957,-0.49483872549149055,-0.18679727079512531,0.15215934900784395,0.17665245841037377,-0.4686696211896191
0.15315315315315314,0.29137181292630937,0.17975641677822995,0.397714140708392,0.0661960113966957,-0.48942858983727433,-0.1849574569873198,0.15316034151196692,0.17618580232491104,-0.46375370065510424
0.15415415415415415,0.29088462524882497,0.1795722926804645,0.397714140708392,0.0661960113966957,-0.48411974912454525,-0.18304918172451323,0.1541613340160899,0.1757240304541437,-0.4588366119415781
0.15515515515515516,0.2904026042193533,0.17938995194995264,0.397714140708392,0.0661960113966957,-0.47898600069649433,-0.1813844032930234,0.15516232652021286,0.17526721830656966,-0.4539092706512946
0.15615615615615616,0.28992569431649967,0.17920916074193993,0.397714140708392,0.0661960113966957,-0.4739145940180549,-0.17960309157265897,0.15616331902433583,0.17481531089919594,-0.449016929524106
0.15715715715715717,0.28945382625335125,0.17903038620105843,0.397714140708392,0.0661960113966957,-0.46909515889257136,-0.17800410310437087,0.1571643115284588,0.17436829314521377,-0.444139036519303
0.15815815815815815,0.2889865648692673,0.17885279617116043,0.397714140708392,0.0661960113966957,-0.464201304896676,-0.17635124889737597,0.15816530403258178,0.1739261512065075,-0.4393309752676089
0.15915915915915915,0.28852449431161614,0.17867733064771033,0.397714140708392,0.0661960113966957,-0.45972924926340397,-0.17484976742150593,0.15916629653670475,0.17348875911906994,-0.43458637389068144
0.16016016016016016,0.2880661859918631,0.17850274658673299,0.397714140708392,0.0661960113966957,-0.4549584978973087,-0.17327360373860756,0.16016728904082772,0.1730561158011904,-0.43013875057887674
0.16116116116116116,0.2876136664879979,0.17833043654613154,0.397714140708392,0.0661960113966957,-0.4508621125347929,-0.17167430699188913,0.1611682815449507,0.1726276277889454,-0.4256350028776552
0.16216216216216217,0.2871635591399416,0.1781590542804429,0.397714140708392,0.0661960113966957,-0.4461642467516356,-0.17021964623125996,0.16216927404907366,0.1722040009064446,-0.42146763095759354
0.16316316316316315,0.2867204447727794,0.1779896564735965,0.397714140708392,0.0661960113966957,-0.44245188470196695,-0.16866446078968522,0.16317026655319664,0.17178385591030734,-0.4180495500175283
0.16416416416416416,0.2862777695809787,0.17782138769227535,0.397714140708392,0.0661960113966957,-0.4374826444881421,-0.16737344997665105,0.1641712590573196,0.17136707197460554,-0.4143867102917511
0.16516516516516516,0.285844603642673,0.17765457449166125,0.397714140708392,0.0661960113966957,-0.4327327723674159,-0.16596256126263143,0.16517225156144258,0.1709542599286869,-0.4104777886932851
0.16616616616616617,0.2854114377043673,0.17748913031237018,0.397714140708392,0.0661960113966957,-0.42930644571634957,-0.1646494100013598,0.16617324406556555,0.17054530159542367,-0.4068872455564474
0.16716716716716717,0.2849851312788765,0.17732494604321009,0.397714140708392,0.0661960113966957,-0.42483804509103607,-0.16333999349933492,0.1671742365696885,0.1701396777630364,-0.4036094336801739
0.16816816816816815,0.2845609110875684,0.17716212331837752,0.397714140708392,0.0661960113966957,-0.4217376470639067,-0.16201163643486893,0.16817522907381147,0.16973728156000936,-0.3999659858653217
0.16916916916916916,0.28414081166513494,0.17700059842271987,0.397714140708392,0.0661960113966957,-0.41763444897387103,-0.16079172632558425,0.16917622157793444,0.1693389518555257,-0.39651270213879286
0.17017017017017017,0.28372480608461775,0.17684021796036836,0.397714140708392,0.0661960113966957,-0.4145840855743472,-0.1595276420018763,0.1701772140820574,0.16894346907474841,-0.39366916868148394
0.17117117117117117,0.28331081349581694,0.17668122376405743,0.397714140708392,0.0661960113966957,-0.4108301735121245,-0.15830078086881372,0.17117820658618038,0.16855083208161672,-0.3909457129883407
0.17217217217217218,0.2829023232547636,0.1765232994801505,0.397714140708392,0.0661960113966957,-0.4072992700794771,-0.15720613975213382,0.17217919909030335,0.16816080161830774,-0.38849503219572057
0.17317317317317318,0.2824953995417039,0.17636649675754665,0.397714140708392,0.0661960113966957,-0.40400428601023464,-0.15595163057088257,0.17318019159442632,0.16777307085138288,-0.3860223941656358
0.17417417417417416,0.28209350586535376,0.17621108400353214,0.397714140708392,0.0661960113966957,-0.4003182960396998,-0.15488736833844996,0.1741811840985493,0.16738799057234094,-0.38365124480377233
0.17517517517517517,0.28169396151159437,0.17605641193604823,0.397714140708392,0.0661960113966957,-0.39763644905397655,-0.15374190823619927,0.17518217660267227,0.16700500681089084,-0.3817045594639268
0.17617617617617617,0.28129743689827874,0.17590329239545166,0.397714140708392,0.0661960113966957,-0.39436965478779484,-0.1525745684180464,0.17618316910679524,0.16662382376671503,-0.3800221530397465
0.17717717717717718,0.2809044326731803,0.1757509573446207,0.397714140708392,0.0661960113966957,-0.3915427610987763,-0.15167037667043815,0.1771841616109182,0.1662442081577039,-0.3785888882098334
0.1781781781781782,0.28051356750668954,0.17559964799771305,0.397714140708392,0.0661960113966957,-0.3883124042584143,-0.1503859240159926,0.17818515411504118,0.16586589448823044,-0.37702853441724926
0.17917917917917917,0.2801270304624528,0.17544988442366777,0.397714140708392,0.0661960113966957,-0.3849350810008616,-0.14942504654848676,0.17918614661916415,0.16548940268411963,-0.3754378985754556
0.18018018018018017,0.279742926703885,0.17530049875537373,0.397714140708392,0.0661960113966957,-0.3824086889223963,-0.14840858494611098,0.18018713912328713,0.165114273443755,-0.37426208162821695
0.18118118118118118,0.27936144750164715,0.17515277013949138,0.397714140708392,0.0661960113966957,-0.3797446191495055,-0.14722494014154108,0.1811881316274101,0.16474013560754502,-0.37333031985450305
0.18218218218218218,0.2789826772160982,0.17500575413046573,0.397714140708392,0.0661960113966957,-0.37694045938235377,-0.14655475752810787,0.18218912413153307,0.16436687174028264,-0.3723766273070339
0.1831831831831832,0.27860681194732817,0.17485936722151718,0.397714140708392,0.0661960113966957,-0.3740831025527882,-0.14538943054198228,0.18319011663565604,0.16399464318225515,-0.3716135577930402
0.1841841841841842,0.27823376209587236,0.17471468419945077,0.397714140708392,0.0661960113966957,-0.37127980658397064,-0.1444551642938734,0.184191109139779,0.16362290696872003,-0.3711217975185832
0.18518518518518517,0.2778635090312442,0.17457016769340133,0.397714140708392,0.0661960113966957,-0.3687388934962712,-0.1437607656622646,0.18519210164390199,0.16325166290738966,-0.3706029634309971
0.18618618618618618,0.2774955460928768,0.17442687485878558,0.397714140708392,0.0661960113966957,-0.3667567488498662,-0.14256508634160525,0.18619309414802496,0.16288096539191965,-0.3700360965511038
0.1871871871871872,0.277129261285799,0.17428475210512986,0.397714140708392,0.0661960113966957,-0.363713882759896,-0.14194886560483155,0.18719408665214793,0.16251085618958452,-0.36967027668566743
0.1881881881881882,0.27676739017143553,0.17414269294566279,0.397714140708392,0.0661960113966957,-0.3608904779754596,-0.14105406919658492,0.1881950791562709,0.16214089104000082,-0.3693895050641629
0.1891891891891892,0.2764067578263887,0.17400236157620777,0.397714140708392,0.0661960113966957,-0.3591612722084676,-0.13994130542702976,0.18919607166039387,0.16177134393824266,-0.36912900564340134
0.19019019019019018,0.2760483485854326,0.17386253017203512,0.397714140708392,0.0661960113966957,-0.3564655998843307,-0.13954728523583526,0.19019706416451684,0.161401900304594,-0.36914136228065786
0.19119119119119118,0.2756931129817754,0.1737229876317917,0.397714140708392,0.0661960113966957,-0.3542272646246545,-0.138547812788417,0.19119805666863982,0.1610323284650333,-0.3693091866852001
0.1921921921921922,0.2753391848924903,0.1735851571734597,0.397714140708392,0.0661960113966957,-0.35189333953920254,-0.13754791785203224,0.19219904917276276,0.16066254884944273,-0.3694907245711079
0.1931931931931932,0.2749886218115267,0.17344761642488074,0.397714140708392,0.0661960113966957,-0.349110385132434,-0.1370983428109298,0.19320004167688573,0.16029261357375604,-0.3697211660164612
0.1941941941941942,0.27464026520253554,0.17331068601668106,0.397714140708392,0.0661960113966957,-0.3477177055931122,-0.13619970874466958,0.1942010341810087,0.15992237261784656,-0.3700174463024979
0.19519519519519518,0.27429249026879776,0.17317494433530184,0.397714140708392,0.0661960113966957,-0.3450425311927745,-0.13539945136099618,0.19520202668513167,0.159551844193469,-0.37019377270276266
0.1961961961961962,0.27394948936431174,0.17303961604398635,0.397714140708392,0.0661960113966957,-0.34220147053471806,-0.1348076517267316,0.19620301918925465,0.15918125023474963,-0.37044042906535424
0.1971971971971972,0.2736074022396992,0.17290505914665974,0.397714140708392,0.0661960113966957,-0.34155790158567356,-0.13400336555646675,0.19720401169337762,0.15881022800803196,-0.3707882607154289
0.1981981981981982,0.2732656897615376,0.1727713410378673,0.397714140708392,0.0661960113966957,-0.33865019354203696,-0.13331741963594368,0.1982050041975006,0.15843893769556375,-0.37109158671465536
0.1991991991991992,0.2729294238742497,0.17263815740564684,0.397714140708392,0.0661960113966957,-0.3359296214005951,-0.1326564663605012,0.19920599670162356,0.15806730821474302,-0.3714876809296328
0.20020020020020018,0.2725931579869618,0.17250576252663508,0.397714140708392,0.0661960113966957,-0.33544154025190664,-0.1319623786944959,0.20020698920574653,0.15769522492759458,-0.3722490249723336
0.2012012012012012,0.27225786923911066,0.17237396845931152,0.397714140708392,0.0661960113966957,-0.3326792390158744,-0.13130585079601076,0.2012079817098695,0.15732207124741424,-0.37314635822207265
0.2022022022022022,0.27192713348442754,0.17224288795046688,0.397714140708392,0.0661960113966957,-0.33033644078398083,-0.13060877571392382,0.20220897421399248,0.1569481915125524,-0.3737639069664169
0.2032032032032032,0.2715965350233269,0.1721124894288532,0.397714140708392,0.0661960113966957,-0.3295945998695231,-0.12999494961646008,0.20320996671811545,0.15657380150904404,-0.3742286108579549
0.2042042042042042,0.27126728443563974,0.17198263780108458,0.397714140708392,0.0661960113966957,-0.327114926160192,-0.12936430882542993,0.20421095922223842,0.15619899144395807,-0.37480796291750096
0.20520520520520522,0.2709416502862695,0.1718535018235971,0.397714140708392,0.0661960113966957,-0.32507382068692436,-0.12872397291897641,0.2052119517263614,0.155823441586312,-0.37540136871960783
0.2062062062062062,0.2706164859958261,0.17172493214959517,0.397714140708392,0.0661960113966957,-0.3241198146661759,-0.12817898960923912,0.20621294423048436,0.15544744353170642,-0.3759833992743893
0.2072072072072072,0.27029276176841927,0.1715968872297848,0.397714140708392,0.0661960113966957,-0.32189418012652027,-0.12754026282107134,0.20721393673460733,0.15507072845761533,-0.3767374180061154
0.2082082082082082,0.26997205320278,0.1714695962880915,0.397714140708392,0.0661960113966957,-0.3199965855713174,-0.12691096014479797,0.2082149292387303,0.1546932208688129,-0.37752360578311084
0.2092092092092092,0.2696521279634717,0.17134281123349893,0.397714140708392,0.0661960113966957,-0.3189516421443841,-0.12644175776283362,0.20921592174285328,0.15431493185857859,-0.37842809311972303
0.21021021021021022,0.2693335113766651,0.17121645963591367,0.397714140708392,0.0661960113966957,-0.3169684766644991,-0.12576121488820036,0.21021691424697625,0.1539356134996881,-0.379583886327282
0.2112112112112112,0.26901755643861786,0.17109103702951858,0.397714140708392,0.0661960113966957,-0.3151278024822659,-0.12513271602165332,0.21121790675109922,0.15355501060877963,-0.38056598636445926
0.2122122122122122,0.26870262488520913,0.1709659436879224,0.397714140708392,0.0661960113966957,-0.31407374519065456,-0.12473841606276892,0.2122188992552222,0.15317372610033814,-0.3812370450288256
0.2132132132132132,0.2683887801719699,0.17084131047083434,0.397714140708392,0.0661960113966957,-0.3122944013174447,-0.12405150929033937,0.21321989175934516,0.15279177976004393,-0.38218624271503643
0.21421421421421422,0.2680774108685576,0.17071759231797176,0.397714140708392,0.0661960113966957,-0.31048639395834243,-0.12344915559435776,0.21422088426346814,0.15240859497206477,-0.38327348280876095
0.21521521521521522,0.2677671857896709,0.17059416501418898,0.397714140708392,0.0661960113966957,-0.3094703960405525,-0.12319496906754068,0.2152218767675911,0.1520244719934026,-0.3842237174955585
0.21621621621621623,0.2674578505161241,0.17047095574326196,0.397714140708392,0.0661960113966957,-0.307833398656328,-0.1224861251947118,0.21622286927171408,0.15163938484982614,-0.3852664656857314
0.2172172172172172,0.2671509027092779,0.1703489475463317,0.397714140708392,0.0661960113966957,-0.30608735146276445,-0.12183083656910298,0.21722386177583705,0.15125317430491986,-0.386274435337711
0.2182182182182182,0.26684506302570815,0.17022705016454504,0.397714140708392,0.0661960113966957,-0.3051156982624832,-0.12166146089374763,0.21822485427996,0.15086606922121135,-0.3868034902385489
0.21921921921921922,0.26654006047051415,0.17010538105805592,0.397714140708392,0.0661960113966957,-0.3035516351586125,-0.12104977076586465,0.21922584678408297,0.15047879951632512,-0.3876338832731818
0.22022022022022023,0.2662373520444096,0.1699847082811299,0.397714140708392,0.0661960113966957,-0.30195288705732537,-0.12041808039222701,0.22022683928820594,0.15009003199821028,-0.38849075133080646
0.22122122122122123,0.26593555018611514,0.16986430382003345,0.397714140708392,0.0661960113966957,-0.30083595240969885,-0.12025913490076334,0.2212278317923289,0.14970104685631863,-0.3888206416458502
0.2222222222222222,0.26563507786541124,0.16974394925229958,0.397714140708392,0.0661960113966957,-0.2994197612912046,-0.11971452966922413,0.22222882429645188,0.14931161890273872,-0.3894445805378126
0.22322322322322322,0.2653361112245712,0.16962463509196693,0.397714140708392,0.0661960113966957,-0.29825005150084394,-0.11900439360120174,0.22322981680057485,0.1489213846445393,-0.39043188979385945
0.22422422422422422,0.26503798066520934,0.16950570221806294,0.397714140708392,0.0661960113966957,-0.29683019827803037,-0.11881394103009768,0.22423080930469783,0.14852998011263027,-0.39097120278032094
0.22522522522522523,0.2647418565733639,0.16938676934415894,0.397714140708392,0.0661960113966957,-0.29540320011889776,-0.11845977887666947,0.2252318018088208,0.1481386661579172,-0.3913555922514007
0.22622622622622623,0.26444658286717354,0.1692685455035951,0.397714140708392,0.0661960113966957,-0.294641440878479,-0.11776657739778784,0.22623279431294377,0.14774649208404977,-0.3922925042179628
0.2272272272272272,0.26415198381885246,0.16915100042043965,0.397714140708392,0.0661960113966957,-0.2930429041879279,-0.11741031749645003,0.22723378681706674,0.14735330244562558,-0.3929518312332476
0.22822822822822822,0.26385991038631684,0.1690334898129115,0.397714140708392,0.0661960113966957,-0.2915153365538288,-0.11722298045766877,0.2282347793211897,0.14695980840895803,-0.3929063593790971
0.22922922922922923,0.2635683695314574,0.16891631977888275,0.397714140708392,0.0661960113966957,-0.290821237326071,-0.11662607890222887,0.22923577182531268,0.14656670980450415,-0.39296432196404396
0.23023023023023023,0.26327768568696536,0.16880000416946359,0.397714140708392,0.0661960113966957,-0.2894651378740889,-0.1161423479896655,0.23023676432943566,0.14617309972761047,-0.39358090288871495
0.23123123123123124,0.26298885974592373,0.1686838025656902,0.397714140708392,0.0661960113966957,-0.2879587752352393,-0.11605769262905596,0.23123775683355863,0.14577876673738904,-0.39399092704368854
0.23223223223223222,0.26270119164245037,0.1685676564364725,0.397714140708392,0.0661960113966957,-0.28701524820144186,-0.11552303255741947,0.2322387493376816,0.14538433579828408,-0.39432055642294017
0.23323323323323322,0.26241425464441936,0.1684525252232329,0.397714140708392,0.0661960113966957,-0.2862286904107805,-0.11495770142380479,0.23323974184180457,0.1449893428949871,-0.394938363586931
0.23423423423423423,0.26212816123121757,0.16833751088807652,0.397714140708392,0.0661960113966957,-0.2846913186964741,-0.11481922403137901,0.23424073434592754,0.14459367511520185,-0.39533940359487474
0.23523523523523523,0.26184430205443643,0.16822265690685376,0.397714140708392,0.0661960113966957,-0.2834447884248448,-0.11445296821985096,0.23524172685005051,0.1441978793358213,-0.3947124545786522
0.23623623623623624,0.261560704197334,0.1681083758165653,0.397714140708392,0.0661960113966957,-0.2832144632101006,-0.11399442084324107,0.23624271935417349,0.14380346669856744,-0.3938763964617351
0.23723723723723725,0.2612773061320939,0.16799443984810852,0.397714140708392,0.0661960113966957,-0.2817362951429345,-0.1136744377605936,0.23724371185829646,0.14340934469500297,-0.3951158214334214
0.23823823823823823,0.2609966675704213,0.16788079936459213,0.397714140708392,0.0661960113966957,-0.28013441636664993,-0.11340796915412454,0.23824470436241943,0.14301245074753696,-0.3984471799481497
0.23923923923923923,0.2607164764696982,0.16776739686681896,0.397714140708392,0.0661960113966957,-0.27983796885027346,-0.11301914174214289,0.2392456968665424,0.1426116594141689,-0.4024555702721102
0.24024024024024024,0.2604364313965468,0.1676545348165598,0.397714140708392,0.0661960113966957,-0.27905608755420985,-0.11263139489375362,0.24024668937066537,0.14220674072936712,-0.40666324582960556
0.24124124124124124,0.2601578056237438,0.1675419085887534,0.397714140708392,0.0661960113966957,-0.27740371896641136,-0.11242850162771845,0.24124768187478834,0.1417975256926134,-0.41169059377749306
0.24224224224224225,0.2598810685958133,0.16742945273121904,0.397714140708392,0.0661960113966957,-0.27646029090257684,-0.11206369075195255,0.24224867437891132,0.1413825423325887,-0.4159992276886726
0.24324324324324323,0.2596043315678828,0.16731755685551625,0.397714140708392,0.0661960113966957,-0.2764602909025484,-0.11168789959585013,0.2432496668830343,0.14096470147533877,-0.4185539195356256
0.24424424424424424,0.2593275945399523,0.16720585333262875,0.397714140708392,0.0661960113966957,-0.2749303118116586,-0.11143282042542069,0.24425065938715723,0.1405446036605358,-0.42003892133611487
0.24524524524524524,0.25905392053322485,0.1670944681259358,0.397714140708392,0.0661960113966957,-0.2733088119503577,-0.11114327685376679,0.2452516518912802,0.1401237898519441,-0.4212299203868639
0.24624624624624625,0.2587804297512629,0.16698334426985845,0.397714140708392,0.0661960113966957,-0.27318036759547226,-0.11085744957587451,0.24625264439540318,0.13970130767489666,-0.42397192272316886
0.24724724724724725,0.258507012890391,0.16687253128994808,0.397714140708392,0.0661960113966957,-0.2725390418085283,-0.11052699656863751,0.24725363689952615,0.1392750044187351,-0.42820343367326075
0.24824824824824826,0.2582348060439385,0.16676206900145277,0.397714140708392,0.0661960113966957,-0.2711215166053478,-0.11024927405541973,0.24825462940364912,0.13884405082020337,-0.43315582838646094
0.24924924924924924,0.2579642270713613,0.16665181202256987,0.397714140708392,0.0661960113966957,-0.27020303902708065,-0.10997611095031345,0.2492556219077721,0.13840783294407105,-0.4393134155545084
0.2502502502502503,0.2576938590188593,0.16654189660715785,0.397714140708392,0.0661960113966957,-0.27004008399293866,-0.10970726263093411,0.25025661441189506,0.13796455194834192,-0.4454141789262138
0.25125125125125125,0.25742360628258654,0.16643217786314854,0.397714140708392,0.0661960113966957,-0.2689149216435567,-0.10937735552458605,0.25125760691601806,0.13751612043540057,-0.45029875246937934
0.25225225225225223,0.25715549080736066,0.16632292292242395,0.397714140708392,0.0661960113966957,-0.26766227983466706,-0.1090689689388995,0.252258599420141,0.13706306059666637,-0.455855827686662
0.25325325325325326,0.2568877458624972,0.1662138215689766,0.397714140708392,0.0661960113966957,-0.26722578171919054,-0.10890254902085417,0.253259591924264,0.13660350390245032,-0.4621214810755703
0.25425425425425424,0.25662050425737226,0.16610489980126103,0.397714140708392,0.0661960113966957,-0.2666932909499735,-0.10860733188015104,0.25426058442838695,0.1361379003195647,-0.46773589011900185
0.2552552552552553,0.2563538253600949,0.16599638947312045,0.397714140708392,0.0661960113966957,-0.2656285839435384,-0.10830549252032995,0.25526157693250995,0.1356671036626135,-0.47357077492465294
0.25625625625625625,0.2560887153005283,0.1658880719884075,0.397714140708392,0.0661960113966957,-0.2646818624660483,-0.10811302710766313,0.2562625694366329,0.13518981872782213,-0.4789964135710818
0.25725725725725723,0.2558239317415443,0.16577994697640844,0.397714140708392,0.0661960113966957,-0.2643173579920983,-0.10793262790217284,0.25726356194075584,0.13470816002364064,-0.4829087226183191
0.25825825825825827,0.2555595514206643,0.16567199065126603,0.397714140708392,0.0661960113966957,-0.26354851670038215,-0.1076255797695751,0.25826455444487884,0.13422304270478905,-0.4864584761084956
0.25925925925925924,0.2552963070834854,0.1655644803502431,0.397714140708392,0.0661960113966957,-0.26264185398297,-0.10735384334101639,0.2592655469490018,0.13373427744733726,-0.4893946389328363
0.2602602602602603,0.2550337419031809,0.16545706804197474,0.397714140708392,0.0661960113966957,-0.2619470823368317,-0.10725068954015171,0.2602665394531248,0.13324328197452956,-0.491523561530812
0.26126126126126126,0.2547718885002284,0.1653497642550676,0.397714140708392,0.0661960113966957,-0.2614979854719479,-0.10701208559625286,0.2612675319572477,0.13275025464595294,-0.4930366119983347
0.26226226226226224,0.25451022241274657,0.16524282963237263,0.397714140708392,0.0661960113966957,-0.26068110818843593,-0.10669708560030244,0.2622685244613707,0.1322562300687925,-0.4937352949922911
0.26326326326326327,0.2542500043997511,0.16513615647608804,0.397714140708392,0.0661960113966957,-0.25986838425994563,-0.10652705604148593,0.26326951696549367,0.1317618039873365,-0.493580653642951
0.26426426426426425,0.2539899653872011,0.16502956225291018,0.397714140708392,0.0661960113966957,-0.2593080299611472,-0.10643370198897628,0.26427050946961667,0.13126808899983905,-0.49247917176201383
0.2652652652652653,0.2537308692046337,0.16492307599162565,0.397714140708392,0.0661960113966957,-0.2586861497347144,-0.10614321093203216,0.2652715019737396,0.13077586806859556,-0.49029222612963963
0.26626626626626626,0.25347207519754195,0.1648170633321253,0.397714140708392,0.0661960113966957,-0.25806037701941875,-0.10585976927114871,0.2662724944778626,0.13028653131346796,-0.48678116996637755
0.26726726726726724,0.25321423181320346,0.16471114452161334,0.397714140708392,0.0661960113966957,-0.257366266250628,-0.10579753635404643,0.26727348698198555,0.12980133946402647,-0.4830039117634044
0.2682682682682683,0.25295682741726044,0.16460525645253765,0.397714140708392,0.0661960113966957,-0.2567790842038278,-0.10565627433402369,0.26827447948610855,0.12931956472319348,-0.47815759354232057
0.26926926926926925,0.2527001595725551,0.16449962044887254,0.397714140708392,0.0661960113966957,-0.2561438508284368,-0.10532987011605144,0.2692754719902315,0.1288440751301758,-0.47195651915666303
0.2702702702702703,0.2524440269151014,0.16439438584169475,0.397714140708392,0.0661960113966957,-0.2556060975167753,-0.10512937257060173,0.2702764644943545,0.1283747148472979,-0.4660173498394471
0.27127127127127126,0.25218843565360255,0.16428915123451693,0.397714140708392,0.0661960113966957,-0.25491528556077014,-0.10512668129518943,0.27127745699847744,0.12791111538221472,-0.4578705512552901
0.27227227227227224,0.25193368600306787,0.16418392201527796,0.397714140708392,0.0661960113966957,-0.2542293844683883,-0.10489720108739675,0.27227844950260044,0.12745806486796749,-0.4482625541589087
0.2732732732732733,0.25167946791692913,0.1640791468279356,0.397714140708392,0.0661960113966957,-0.2536856446269553,-0.10458798414975945,0.2732794420067234,0.12701370046903057,-0.43976602395270703
0.27427427427427425,0.2514258068346455,0.16397453666162476,0.397714140708392,0.0661960113966957,-0.2532984131409819,-0.10450032436708057,0.2742804345108464,0.12657765988087824,-0.43078950651088377
0.2752752752752753,0.251172363986717,0.16386993696934285,0.397714140708392,0.0661960113966957,-0.25263239491967227,-0.10446230594988037,0.2752814270149693,0.12615126633528612,-0.42041709002268846
0.27627627627627627,0.2509200362742457,0.16376540291597932,0.397714140708392,0.0661960113966957,-0.25195170217654095,-0.10420801921209488,0.2762824195190923,0.12573599116944242,-0.40921750447275684
0.2772772772772773,0.2506679561745518,0.16366131230625564,0.397714140708392,0.0661960113966957,-0.2515686731497482,-0.1039688596283952,0.27728341202321527,0.12533201902621985,-0.3984802508162204
0.2782782782782783,0.25041639528695886,0.16355725705085739,0.397714140708392,0.0661960113966957,-0.2512829963375367,-0.10393169824018855,0.27828440452733827,0.12493823968122626,-0.3865973670728877
0.27927927927927926,0.250164887112815,0.1634532408383073,0.397714140708392,0.0661960113966957,-0.25054784264045793,-0.10382332806251782,0.2792853970314612,0.12455805689311258,-0.37394588429923203
0.2802802802802803,0.24991479800439542,0.16334940254022173,0.397714140708392,0.0661960113966957,-0.24982091708464793,-0.10360355414358935,0.2802863895355842,0.12418960562696392,-0.3624629373021264
0.28128128128128127,0.24966474513666947,0.1632458263154973,0.397714140708392,0.0661960113966957,-0.24962089190982795,-0.10344723186571514,0.28128738203970716,0.12383241152658893,-0.35152258239205736
0.2822822822822823,0.24941505647905046,0.16314230097492505,0.397714140708392,0.0661960113966957,-0.24933672213421687,-0.10340122026295262,0.2822883745438301,0.12348586268695513,-0.33745230727170394
0.2832832832832833,0.2491655725197841,0.1630388168655214,0.397714140708392,0.0661960113966957,-0.24859848375434979,-0.103255122970495,0.2832893670479531,0.12315683706643298,-0.32297223050243673
0.28428428428428426,0.24891736181687962,0.16293558401202116,0.397714140708392,0.0661960113966957,-0.24793975715930117,-0.10307224301254791,0.28429035955207604,0.12283927712340952,-0.3129314726945296
0.2852852852852853,0.24866919662957535,0.16283246602865947,0.397714140708392,0.0661960113966957,-0.24782507919415764,-0.1029724594255157,0.28529135205619904,0.12253035294949019,-0.2988349451322705
0.2862862862862863,0.24842121551218654,0.1627294329421002,0.397714140708392,0.0661960113966957,-0.24754010355785283,-0.10291250188325307,0.286292344560322,0.12224101404331471,-0.28430797861540213
0.2872872872872873,0.2481736208466768,0.1626264349938582,0.397714140708392,0.0661960113966957,-0.24678667270185883,-0.1027625026350023,0.287293337064445,0.12196117263857745,-0.2716341606296524
0.2882882882882883,0.24792714809936994,0.16252370220609416,0.397714140708392,0.0661960113966957,-0.2462128652397837,-0.10260946219428035,0.28829432956856793,0.12169720652600668,-0.25672861630427235
0.28928928928928926,0.24768070219754812,0.1624210106451209,0.397714140708392,0.0661960113966957,-0.24616850372764532,-0.10253939283353475,0.28929532207269093,0.12144720579754857,-0.24404255377603334
0.2902902902902903,0.2474343182620774,0.1623184181363574,0.397714140708392,0.0661960113966957,-0.24587352437252719,-0.10245466374963996,0.2902963145768139,0.12120863699197301,-0.23080400212259633
0.2912912912912913,0.24718846290951502,0.16221589620317967,0.397714140708392,0.0661960113966957,-0.24511403601388793,-0.10233243367567013,0.2912973070809369,0.12098513964545597,-0.21663210570871883
0.2922922922922923,0.24694359947125882,0.162113548399269,0.397714140708392,0.0661960113966957,-0.24461857481792038,-0.10221443966769073,0.2922982995850598,0.12077494276403941,-0.20704909888803513
0.2932932932932933,0.24669873603300263,0.16201126269033142,0.397714140708392,0.0661960113966957,-0.2446185748179346,-0.1021368943177805,0.2932992920891828,0.12057063045351128,-0.19480524363228824
0.29429429429429427,0.24645387259474646,0.16190907013236652,0.397714140708392,0.0661960113966957,-0.24431853515909552,-0.10204643703151817,0.29430028459330576,0.12038494558675987,-0.18550075648578002
0.2952952952952953,0.24620960983648793,0.16180696551909718,0.397714140708392,0.0661960113966957,-0.24359396309445458,-0.10196016124767482,0.29530127709742876,0.12019926072000846,-0.18323287063411442
0.2962962962962963,0.24596619699295574,0.1617049456854242,0.397714140708392,0.0661960113966957,-0.2431625029868485,-0.1018701059967384,0.2963022696015517,0.12001811612673252,-0.17972480056160123
0.2972972972972973,0.24572279801869648,0.1616030213629476,0.397714140708392,0.0661960113966957,-0.24314659911526348,-0.10179288041233292,0.2973032621056747,0.11983945436367412,-0.17848461634080337
0.2982982982982983,0.24547941701474696,0.16150115613504915,0.397714140708392,0.0661960113966957,-0.24285812079487812,-0.10171921112777227,0.29830425460979765,0.11966079260061571,-0.16737174392679321
0.29929929929929927,0.24523659557466268,0.16139937929862774,0.397714140708392,0.0661960113966957,-0.24224631234301341,-0.1016548230749521,0.29930524711392065,0.11950437864152869,-0.1556854475205398
0.3003003003003003,0.2449944394124587,0.16129764297573995,0.397714140708392,0.0661960113966957,-0.24188304516177084,-0.10158156721603007,0.3003062396180436,0.11934911266867754,-0.15511202352828235
0.3013013013013013,0.24475234523399844,0.16119601279769472,0.397714140708392,0.0661960113966957,-0.24181690138962608,-0.10151156835908637,0.3013072321221666,0.11919384669582636,-0.1568991064068399
0.3023023023023023,0.24451032149175878,0.16109441661265875,0.397714140708392,0.0661960113966957,-0.24153828119204945,-0.10145913603535917,0.30230822462628953,0.11903500300984386,-0.1590034955101558
0.3033033033033033,0.24426878511149178,0.1609928914042305,0.397714140708392,0.0661960113966957,-0.24102924859049324,-0.10140872691256675,0.30330921713041253,0.11887552408155631,-0.15932080173494967
0.30430430430430433,0.24402778045353962,0.16089139613835932,0.397714140708392,0.0661960113966957,-0.2407122668688828,-0.10134426986630274,0.3043102096345355,0.11871604515326878,-0.1608514732323698
0.3053053053053053,0.24378687867131377,0.1607899999730667,0.397714140708392,0.0661960113966957,-0.24060520551765308,-0.10128374577342925,0.3053112021386585,0.11855350184359083,-0.1626969009378243
0.3063063063063063,0.2435460883504012,0.16068862587655067,0.397714140708392,0.0661960113966957,-0.24034975161450234,-0.10125361987512349,0.3063121946427814,0.11839032839670317,-0.16301165714584442
0.3073073073073073,0.2433056979874009,0.1605872900233668,0.397714140708392,0.0661960113966957,-0.2399334843534433,-0.10121488082673125,0.3073131871469044,0.1182271549498155,-0.16301232420318712
0.3083083083083083,0.24306574103437825,0.16048599348250314,0.397714140708392,0.0661960113966957,-0.23965134044483705,-0.10115725396205733,0.30831417965102736,0.11806398016748908,-0.1630130839186137
0.30930930930930933,0.2428259155240479,0.16038477299841775,0.397714140708392,0.0661960113966957,-0.23951251639896043,-0.10111290943078188,0.3093151721551503,0.1179008051996625,-0.16301317657671888
0.3103103103103103,0.24258623649704297,0.16028356523539444,0.397714140708392,0.0661960113966957,-0.23928488813182014,-0.10109938920130901,0.3103161646592733,0.11773763023183594,-0.1601960972901253
0.3113113113113113,0.2423468666989592,0.16018237181883554,0.397714140708392,0.0661960113966957,-0.2389517318196539,-0.10106799177908954,0.31131715716339625,0.11758009501450817,-0.1571560588192895
0.3123123123123123,0.2421078546515582,0.16008122691351442,0.397714140708392,0.0661960113966957,-0.23870056583724875,-0.10102234608238803,0.31231814966751925,0.11742300615812469,-0.15693309963506863
0.3133133133133133,0.24186898768827397,0.15998012487973162,0.397714140708392,0.0661960113966957,-0.2385390569891115,-0.10099799776249085,0.3133191421716422,0.11726591730174121,-0.1514856747756994
0.31431431431431434,0.24163029898191038,0.15987902871979573,0.397714140708392,0.0661960113966957,-0.23833323798842798,-0.10099320132927403,0.3143201346757652,0.11711973410825972,-0.14515835281314793
0.3153153153153153,0.24139184406867747,0.15977793628848178,0.397714140708392,0.0661960113966957,-0.2380623194529221,-0.10097026093444583,0.31532112717988814,0.11697531245558762,-0.14427845570995146
0.3163163163163163,0.2411536977417644,0.1596768860552623,0.397714140708392,0.0661960113966957,-0.2378334347063742,-0.1009415065633874,0.31632211968401114,0.11683089080291552,-0.13903106752289318
0.3173173173173173,0.24091570105625235,0.15957585119025683,0.397714140708392,0.0661960113966957,-0.23765059407445221,-0.10093340497664371,0.3173231121881341,0.11669697434272637,-0.12906112102403
0.3183183183183183,0.24067792077665034,0.15947481717643014,0.397714140708392,0.0661960113966957,-0.2374670532365286,-0.10093222363720145,0.3183241046922571,0.11657251237347797,-0.12433856271225352
0.31931931931931934,0.24044029154026333,0.15937378467646865,0.397714140708392,0.0661960113966957,-0.23727029360104268,-0.10092466650945653,0.31932509719638,0.11644805040422959,-0.12433856271224641
0.3203203203203203,0.2402029051738454,0.1592727657920268,0.397714140708392,0.0661960113966957,-0.23708467777225906,-0.10091679206315973,0.320326089700503,0.1163235884349812,-0.1182762573012539
0.3213213213213213,0.23996564754071928,0.1591717490567226,0.397714140708392,0.0661960113966957,-0.23690340239461705,-0.1009157185688565,0.32132708220462597,0.11621126311028106,-0.1090481537466843
0.32232232232232233,0.23972862408797035,0.15907073232141847,0.397714140708392,0.0661960113966957,-0.2367421746181293,-0.1009184824956435,0.32232807470874897,0.11610527566600343,-0.10588235560315695
0.3233233233233233,0.23949168923317546,0.15896971005272728,0.397714140708392,0.0661960113966957,-0.23660511821893238,-0.10093310967359059,0.3233290672128719,0.11599928822172578,-0.10588235560315695
0.32432432432432434,0.23925494016761217,0.1588686640337837,0.397714140708392,0.0661960113966957,-0.23646274051058924,-0.10094542842260523,0.3243300597169949,0.11589330077744815,-0.10513846554349726
0.3253253253253253,0.23901829035327435,0.15876761710293225,0.397714140708392,0.0661960113966957,-0.23629102586438933,-0.10094605095540032,0.32533105222111786,0.11578880258991774,-0.0985607145455063
0.3263263263263263,0.23878188506077658,0.1586665698376768,0.397714140708392,0.0661960113966957,-0.2361457408228489,-0.10095939004943943,0.32633204472524086,0.11569598370452604,-0.09272685360718214
0.32732732732732733,0.23854552610738278,0.15856549620193236,0.397714140708392,0.0661960113966957,-0.23605373345510827,-0.1009952682943549,0.3273330372293638,0.11560316481913434,-0.09272685360718214
0.3283283283283283,0.23830930501381936,0.15846437710835873,0.397714140708392,0.0661960113966957,-0.2359511356012547,-0.10101969334196781,0.3283340297334868,0.11551034593374263,-0.09272685360719635
0.32932932932932935,0.23807315146153446,0.15836325457362013,0.397714140708392,0.0661960113966957,-0.23579262893930775,-0.10102332797407598,0.32933502223760974,0.11541752704835093,-0.09272685360718214
0.3303303303303303,0.23783724769862552,0.1582621282035057,0.397714140708392,0.0661960113966957,-0.23565826539194745,-0.10105589245898727,0.33033601474173274,0.11532470816295923,-0.08578474645047862
0.3313313313313313,0.23760136314243147,0.15816094047460316,0.397714140708392,0.0661960113966957,-0.2356022828678448,-0.10110908671836683,0.3313370072458557,0.1152457872720209,-0.07827645204685041
0.33233233233233234,0.23736557145664788,0.15805970760947494,0.397714140708392,0.0661960113966957,-0.23553828010804523,-0.10113850354031229,0.3323379997499787,0.11516799987946275,-0.07771026479994703
0.3333333333333333,0.237129815034107,0.15795846098803593,0.397714140708392,0.0661960113966957,-0.23540166205800972,-0.10114898632278368,0.33333899225410163,0.11509021248690458,-0.07771026479994703
0.33433433433433435,0.2368942968579332,0.1578572071363563,0.397714140708392,0.0661960113966957,-0.2352802245999328,-0.1012071007142481,0.3343399847582246,0.11501242509434643,-0.07771026479993992
0.3353353353353353,0.2366587835534264,0.15775584416978916,0.397714140708392,0.0661960113966957,-0.2352512951883483,-0.10127772123301781,0.3353409772623476,0.11493463770178827,-0.07771026479994703
0.3363363363363363,0.23642332329399257,0.15765444893568958,0.397714140708392,0.0661960113966957,-0.23522067840585237,-0.10130984589235936,0.3363419697664705,0.11485685030923012,-0.07545376859276587
0.33733733733733734,0.23618787128434565,0.15755302165549015,0.397714140708392,0.0661960113966957,-0.23511446845716932,-0.10133332083412938,0.3373429622705935,0.11478358038824989,-0.07237732448867007
0.3383383383383383,0.23595262365744166,0.15745157942451013,0.397714140708392,0.0661960113966957,-0.2350123792771086,-0.10141673902413118,0.33834395477471646,0.11471195199066686,-0.07155737659174122
0.33933933933933935,0.23571737603053766,0.15734998514092732,0.397714140708392,0.0661960113966957,-0.2350017413387917,-0.10150265317342644,0.33934494727883946,0.11464032359308382,-0.07155737659174832
0.34034034034034033,0.2354821497008074,0.15724837090964836,0.397714140708392,0.0661960113966957,-0.23499101364146213,-0.1015399616792223,0.3403459397829624,0.11456869519550078,-0.07155737659173411
0.34134134134134136,0.23524692355077503,0.15714670193436234,0.397714140708392,0.0661960113966957,-0.2349273839613204,-0.10159115883938341,0.3413469322870854,0.11449706679791775,-0.07155737659174832
0.34234234234234234,0.23501182460779171,0.1570449852062662,0.397714140708392,0.0661960113966957,-0.23486009472978253,-0.10167790752184658,0.34234792479120835,0.11442543840033471,-0.07154250446457411
0.3433433433433433,0.23477673317093564,0.15694314255994424,0.397714140708392,0.0661960113966957,-0.23485519160715285,-0.10176196110137425,0.34334891729533135,0.11435383977652731,-0.07005731729355347
0.34434434434434436,0.23454164404401368,0.15684125755641362,0.397714140708392,0.0661960113966957,-0.23485390351849844,-0.10181666832818337,0.3443499097994543,0.1142851847013951,-0.06858700224969994
0.34534534534534533,0.2343065551859136,0.156739305386114,0.397714140708392,0.0661960113966957,-0.23483696621144645,-0.10189289399197321,0.3453509023035773,0.11421652962626289,-0.06858700224970704
0.34634634634634637,0.23407149996751433,0.15663726777865195,0.397714140708392,0.0661960113966957,-0.23481713277614347,-0.10198027891581773,0.34635189480770023,0.11414787455113068,-0.06858700224968572
0.34734734734734735,0.23383645081599136,0.1565351406635598,0.397714140708392,0.0661960113966957,-0.23481410237144473,-0.10207061604835133,0.34735288731182323,0.11407921947599847,-0.06858700224969283
0.3483483483483483,0.2336014016644684,0.15643292220097757,0.397714140708392,0.0661960113966957,-0.23481410237144473,-0.1021471370563205,0.3483538798159462,0.11401056440086627,-0.06858700224968572
0.34934934934934936,0.23336635251294546,0.1563306418906743,0.397714140708392,0.0661960113966957,-0.2348402888276837,-0.10224024126171116,0.3493548723200692,0.11394190932573406,-0.06858700224969283
0.35035035035035034,0.2331312509360846,0.15622823703328642,0.397714140708392,0.0661960113966957,-0.23487523115845477,-0.10233262183737679,0.3503558648241921,0.11387325425060185,-0.06872517865918581
0.35135135135135137,0.23289613182994556,0.1561257717768858,0.397714140708392,0.0661960113966957,-0.23488437229318038,-0.10243583116847788,0.3513568573283151,0.11380432254836934,-0.06886399761722828
0.35235235235235235,0.23266101195251462,0.15602316029421037,0.397714140708392,0.0661960113966957,-0.23488492177425258,-0.10253171514422377,0.35235784983243806,0.11373538955976427,-0.06886464016577776
0.3533533533533533,0.23242589174631345,0.15592050307789837,0.397714140708392,0.0661960113966957,-0.23493958312576524,-0.10263124950188285,0.35335884233656106,0.11366645657115919,-0.06886464016577776
0.35435435435435436,0.23219066243674738,0.15581769232723963,0.397714140708392,0.0661960113966957,-0.23502305756790065,-0.10273758673484679,0.354359834840684,0.11359752358255412,-0.06886464016577776
0.35535535535535534,0.23195537511454586,0.15571482222357433,0.397714140708392,0.0661960113966957,-0.23505716027230505,-0.10286082425389509,0.355360827344807,0.11352859059394904,-0.06886464016578486
0.3563563563563564,0.23172007753129736,0.1556117647511558,0.397714140708392,0.0661960113966957,-0.2350656174570247,-0.10298421151532011,0.35636181984892995,0.11345965760534397,-0.06886718401622005
0.35735735735735735,0.23148477327779501,0.15550864762594604,0.397714140708392,0.0661960113966957,-0.23513785854356684,-0.10306368480146944,0.35736281235305295,0.11339071952398844,-0.06914953406170099
0.35835835835835833,0.23124933106774667,0.15540543104784957,0.397714140708392,0.0661960113966957,-0.23526105002495967,-0.10318484382460724,0.3583638048571759,0.11332122127482526,-0.06942934025672542
0.35935935935935936,0.23101378018465196,0.15530207136203292,0.397714140708392,0.0661960113966957,-0.23532818997669835,-0.10335002307216712,0.35936479736129884,0.11325172302566207,-0.06942934025673253
0.36036036036036034,0.2307782035602858,0.1551985240947521,0.397714140708392,0.0661960113966957,-0.23535316438692178,-0.1034770235772271,0.36036578986542184,0.11318222477649886,-0.06942934025673964
0.3613613613613614,0.23054260267837184,0.15509491015367013,0.397714140708392,0.0661960113966957,-0.23544035371131145,-0.10354131913763354,0.3613667823695448,0.11311272652733567,-0.06942934025673253
0.36236236236236236,0.23030685150080366,0.1549912341665486,0.397714140708392,0.0661960113966957,-0.2355998311496279,-0.10370605214160378,0.3623677748736678,0.11304322827817248,-0.06942934025673253
0.36336336336336333,0.23007093134473897,0.15488729042966293,0.397714140708392,0.0661960113966957,-0.23570647810592504,-0.10390116642780356,0.3633687673777907,0.11297373002900929,-0.06938990950570911
0.36436436436436437,0.22983496665975078,0.15478322382334983,0.397714140708392,0.0661960113966957,-0.23575827496286195,-0.10399857539424318,0.3643697598819137,0.1129043107196185,-0.06889374442453544
0.36536536536536535,0.22959894280627474,0.15467908507351827,0.397714140708392,0.0661960113966957,-0.23586122523559538,-0.10407670637339095,0.36537075238603667,0.11283580578550945,-0.06843701009437098
0.3663663663663664,0.2293627720146345,0.15457486204882856,0.397714140708392,0.0661960113966957,-0.236049912908598,-0.10429859593857316,0.36637174489015967,0.11276730085140038,-0.06843701009437808
0.36736736736736736,0.2291263704080593,0.15447027907564323,0.397714140708392,0.0661960113966957,-0.23619670221721378,-0.10450797871381212,0.3673727373942826,0.11269879591729133,-0.06843701009436387
0.3683683683683684,0.2288899057439294,0.15436563686621835,0.397714140708392,0.0661960113966957,-0.23628623209698674,-0.10455351455507866,0.3683737298984056,0.11263029098318228,-0.06843701009437098
0.36936936936936937,0.22865332489835558,0.15426096273018758,0.397714140708392,0.0661960113966957,-0.23640586787864493,-0.10468170812995936,0.36937472240252855,0.11256178604907323,-0.06843701009437098
0.37037037037037035,0.22841662072315133,0.1541560638769692,0.397714140708392,0.0661960113966957,-0.2366007046469889,-0.10496820915693661,0.37037571490665155,0.11249328111496416,-0.06835314546712823
0.3713713713713714,0.22817964981397726,0.15405081616530886,0.397714140708392,0.0661960113966957,-0.23677056787177264,-0.10514246394866689,0.3713767074107745,0.11242494407658159,-0.06665736378081988
0.37237237237237236,0.22794260557225687,0.15394556845364854,0.397714140708392,0.0661960113966957,-0.23689959073089994,-0.10514458534790094,0.3723776999148975,0.11235983407198576,-0.0650454467217827
0.3733733733733734,0.22770537635906055,0.1538403164949427,0.397714140708392,0.0661960113966957,-0.23704257933454187,-0.10538903286082757,0.37337869241902044,0.11229472406738993,-0.06504544672176138
0.3743743743743744,0.22746804585386937,0.15373457939887208,0.397714140708392,0.0661960113966957,-0.23724190324951167,-0.1057150575256145,0.37437968492314344,0.11222961406279411,-0.06504544672177559
0.37537537537537535,0.22723041759379625,0.15362867473813466,0.397714140708392,0.0661960113966957,-0.2374315988615905,-0.10580110441361512,0.3753806774272664,0.11216450405819828,-0.06504544672176849
0.3763763763763764,0.22699270731760995,0.15352276537602202,0.397714140708392,0.0661960113966957,-0.23761192856868263,-0.10584786310340633,0.3763816699313894,0.11209939405360245,-0.0650454467217827
0.37737737737737737,0.22675471803710218,0.15341676710429397,0.397714140708392,0.0661960113966957,-0.23779104468532353,-0.10617373897717641,0.37738266243551233,0.11203428404900662,-0.06504544672176138
0.3783783783783784,0.22651664917009182,0.1533102053380297,0.397714140708392,0.0661960113966957,-0.23798630058064418,-0.10646622469444367,0.3783836549396353,0.1119691740444108,-0.06456692163080646
0.3793793793793794,0.22627826898689063,0.15320362150931008,0.397714140708392,0.0661960113966957,-0.2381858285095575,-0.10649633073997222,0.37938464744375827,0.11190502203987315,-0.06383398060722101
0.38038038038038036,0.2260398006645672,0.15309699947068242,0.397714140708392,0.0661960113966957,-0.2384259677818079,-0.10670081028796119,0.38038563994788127,0.11184137937221846,-0.0635795646746331
0.3813813813813814,0.22580093972206222,0.15299000627349837,0.397714140708392,0.0661960113966957,-0.2386526151058206,-0.1070456451830637,0.3813866324520042,0.11177773670456374,-0.0635795646746189
0.38238238238238237,0.2255620176513423,0.1528826938747203,0.397714140708392,0.0661960113966957,-0.23883530211014659,-0.10724978156120812,0.3823876249561272,0.11171409403690905,-0.063579564674626
0.3833833833833834,0.225322790969089,0.1527752919960986,0.397714140708392,0.0661960113966957,-0.23903496702421023,-0.10732937098363493,0.38338861746025016,0.11165045136925435,-0.0635795646746331
0.3843843843843844,0.22508346916881128,0.15266782025913747,0.397714140708392,0.0661960113966957,-0.2393434410115134,-0.10763296941811973,0.3843896099643731,0.11158680870159964,-0.063579564674626
0.38538538538538536,0.22484362492101792,0.15255981057584211,0.397714140708392,0.0661960113966957,-0.23962801517045307,-0.10794775418261793,0.3853906024684961,0.11152316603394494,-0.06366450350326858
0.3863863863863864,0.2246037334027043,0.15245170863915225,0.397714140708392,0.0661960113966957,-0.2397896395032859,-0.10806664986462522,0.38639159497261905,0.11145935332002868,-0.06465472330937416
0.38738738738738737,0.22436356558267298,0.15234346092646345,0.397714140708392,0.0661960113966957,-0.23998192850073963,-0.10826876771467653,0.38739258747674205,0.11139372824716727,-0.06556000428685138
0.3883883883883884,0.22412328910140153,0.15223495434943318,0.397714140708392,0.0661960113966957,-0.2403672400573953,-0.10856494979901754,0.388393579980865,0.11132810317430587,-0.06556000428683717
0.3893893893893894,0.22388234988686234,0.1521261136796185,0.397714140708392,0.0661960113966957,-0.2407170365334821,-0.10882335597079873,0.389394572484988,0.11126247810144448,-0.06556000428685138
0.39039039039039036,0.22364137311234553,0.15201708977291506,0.397714140708392,0.0661960113966957,-0.24084910453704822,-0.10898698150617747,0.39039556498911093,0.11119685302858306,-0.06556000428684428
0.3913913913913914,0.22340016949739883,0.151907921524451,0.397714140708392,0.0661960113966957,-0.24103085179189065,-0.10925647752159762,0.39139655749323393,0.11113122795572167,-0.06556000428684428
0.3923923923923924,0.22315882886451385,0.1517983580861851,0.397714140708392,0.0661960113966957,-0.24150142047651002,-0.1095346119920606,0.3923975499973569,0.11106560288286026,-0.06556000428684428
0.3933933933933934,0.22291668317011856,0.1516886330119544,0.397714140708392,0.0661960113966957,-0.2419182815051073,-0.10976359022389204,0.3933985425014799,0.11099997780999886,-0.06764665268059389
0.3943943943943944,0.2226745079806197,0.1515786111588099,0.397714140708392,0.0661960113966957,-0.24201236384945446,-0.11002041059765588,0.3943995350056028,0.11093017529833568,-0.07043905399809347
0.39539539539539537,0.2224321739331827,0.15146837192967683,0.397714140708392,0.0661960113966957,-0.2421872541017649,-0.11027344010874174,0.3954005275097258,0.11085895987989963,-0.07114480692185055
0.3963963963963964,0.22218964861304863,0.15135784351094458,0.397714140708392,0.0661960113966957,-0.24275160410294916,-0.11057424322792997,0.39640152001384876,0.11078774446146358,-0.07114480692185055
0.3973973973973974,0.22194618473577934,0.15124700207336464,0.397714140708392,0.0661960113966957,-0.24322952880358173,-0.11080649183045921,0.39740251251797176,0.11071652904302752,-0.07114480692185765
0.3983983983983984,0.2217027026094379,0.1511360086924652,0.397714140708392,0.0661960113966957,-0.2432771999807386,-0.11108756810969567,0.3984035050220947,0.11064531362459147,-0.07114480692184344
0.3993993993993994,0.2214591432943764,0.15102460453961147,0.397714140708392,0.0661960113966957,-0.24345835701076624,-0.11138704684360334,0.3994044975262177,0.11057409820615542,-0.07114480692185765
0.40040040040040037,0.22121529849129823,0.15091301160168724,0.397714140708392,0.0661960113966957,-0.24412499727684178,-0.11166466536118946,0.40040549003034065,0.11050288278771936,-0.07339806566586304
0.4014014014014014,0.2209704045610895,0.15080105165600552,0.397714140708392,0.0661960113966957,-0.24464903627850276,-0.1119659945043594,0.40140648253446365,0.1104271563790581,-0.07568608341798466
0.4024024024024024,0.22072551063088078,0.15068885545653335,0.397714140708392,0.0661960113966957,-0.2446490362785454,-0.11218379166524528,0.4024074750385866,0.11035136038338371,-0.07572084242609378
0.4034034034034034,0.22048061670067204,0.15057645948049955,0.397714140708392,0.0661960113966957,-0.24486328754292686,-0.11253942051328636,0.4034084675427096,0.11027556438770932,-0.07572084242609378
0.4044044044044044,0.22023529383900303,0.15046355131136158,0.397714140708392,0.0661960113966957,-0.24562614346582734,-0.11289350754464067,0.40440946004683254,0.11019976839203492,-0.07572084242609378
0.40540540540540543,0.21998887266970943,0.15035044645238216,0.397714140708392,0.0661960113966957,-0.24617711350239802,-0.11310844034741763,0.40541045255095554,0.11012397239636053,-0.07572084242610089
0.4064064064064064,0.21974244676492413,0.1502371079873427,0.397714140708392,0.0661960113966957,-0.24618435784201154,-0.11341120850367759,0.4064114450550785,0.11004817640068613,-0.0757896473156805
0.4074074074074074,0.21949601109244815,0.15012339698590832,0.397714140708392,0.0661960113966957,-0.24647112057648712,-0.11381054339237551,0.4074124375592015,0.10997224265865428,-0.07589868281267798
0.4084084084084084,0.21924901108809433,0.15000925905162224,0.397714140708392,0.0661960113966957,-0.24722828483784554,-0.11411685552560868,0.4084134300633244,0.10989622837554953,-0.07593891342008874
0.4094094094094094,0.21900105957125124,0.14989493481268384,0.397714140708392,0.0661960113966957,-0.24773432851867483,-0.11432523488221591,0.4094144225674474,0.10982021409244477,-0.07593891342009584
0.41041041041041043,0.21875304646643537,0.14978037970250874,0.397714140708392,0.0661960113966957,-0.24780586904282131,-0.11476228716428238,0.41041541507157037,0.10974419980934001,-0.07593891342008874
0.4114114114114114,0.21850495172531964,0.1496651804840266,0.397714140708392,0.0661960113966957,-0.2482349266673367,-0.11516157089133117,0.4114164075756933,0.10966818552623527,-0.07593891342008874
0.4124124124124124,0.21825607964628055,0.1495498260070306,0.397714140708392,0.0661960113966957,-0.24902919317786143,-0.11530262037202021,0.4124174000798163,0.1095921712431305,-0.07555537580343241
0.4134134134134134,0.21800639478202063,0.14943434440720577,0.397714140708392,0.0661960113966957,-0.24952199366251193,-0.11573355728610579,0.41341839258393925,0.1095169247965844,-0.07425745561825181
0.4144144144144144,0.21775653611542464,0.14931812719364498,0.397714140708392,0.0661960113966957,-0.24967700269586146,-0.1162361580326774,0.41441938508806225,0.10944350893023228,-0.07334307304972043
0.41541541541541543,0.2175065409227697,0.14920163938611936,0.397714140708392,0.0661960113966957,-0.2502000304973677,-0.1164033023654838,0.4154203775921852,0.10937009306388017,-0.07334307304971333
0.4164164164164164,0.21725563515346794,0.1490850875492696,0.397714140708392,0.0661960113966957,-0.2509178186236909,-0.11672069768125937,0.4164213700963082,0.10929667719752804,-0.07334307304972754
0.4174174174174174,0.2170042029475471,0.1489679643156864,0.397714140708392,0.0661960113966957,-0.2513436513108189,-0.11729764235006712,0.41742236260043114,0.10922326133117594,-0.07334307304970622
0.4184184184184184,0.2167524446603532,0.14885025743445468,0.397714140708392,0.0661960113966957,-0.2515704153944114,-0.11758917435048488,0.41842335510455414,0.10914984546482383,-0.07334307304972043
0.4194194194194194,0.216500558472283,0.14873255055322293,0.397714140708392,0.0661960113966957,-0.25218526394696994,-0.11777994215417209,0.4194243476086771,0.10907642959847172,-0.07357611179834578
0.42042042042042044,0.216247569257056,0.14861446175446635,0.397714140708392,0.0661960113966957,-0.2528685592293982,-0.11842402148486997,0.4204253401128001,0.10900254719203852,-0.07389285364106257
0.4214214214214214,0.21599431511046235,0.14849546542512507,0.397714140708392,0.0661960113966957,-0.2532876363174097,-0.11890940016803597,0.421426332616923,0.1089284972132658,-0.07397655673513981
0.4224224224224224,0.21574048690206618,0.1483764048972731,0.397714140708392,0.0661960113966957,-0.25360961246573765,-0.1189794552152108,0.422427325121046,0.1088544472344931,-0.07397655673513981
0.42342342342342343,0.21548658815857902,0.14825726831758712,0.397714140708392,0.0661960113966957,-0.25428012048067217,-0.11957982018952862,0.42342831762516897,0.1087803972557204,-0.07397655673513981
0.4244244244244244,0.2152314175917945,0.1481370058578546,0.397714140708392,0.0661960113966957,-0.2549654876324894,-0.12019039850567026,0.42442931012929197,0.1087063472769477,-0.07397655673515402
0.42542542542542544,0.21497614674189738,0.14801664689915733,0.397714140708392,0.0661960113966957,-0.2553810701714383,-0.12030083361614174,0.4254303026334149,0.10863229729817499,-0.07458882404417011
0.4264264264264264,0.21472014417803784,0.14789616334811256,0.397714140708392,0.0661960113966957,-0.2558874732513914,-0.12078607641132066,0.4264312951375379,0.10855702156942856,-0.07722624857774463
0.4274274274274274,0.21446385950816088,0.1477748329323679,0.397714140708392,0.0661960113966957,-0.2564762308638109,-0.12136267602409134,0.42743228764166086,0.10847769150627927,-0.07925140580228174
0.42842842842842843,0.2142066782503826,0.14765319502774404,0.397714140708392,0.0661960113966957,-0.25711573061234105,-0.12159626034825521,0.42843328014578386,0.10839836144312996,-0.07925140580230305
0.4294294294294294,0.21394911330072874,0.1475313969757147,0.397714140708392,0.0661960113966957,-0.2576382843686815,-0.12205026404031116,0.4294342726499068,0.10831903137998065,-0.07925140580228174
0.43043043043043044,0.21369088588928414,0.1474088501547905,0.397714140708392,0.0661960113966957,-0.2582345311982266,-0.12262738889366176,0.4304352651540298,0.10823970131683136,-0.07925140580229595
0.4314314314314314,0.2134321272522838,0.14728589669764933,0.397714140708392,0.0661960113966957,-0.25876334586763505,-0.12294949480522632,0.43143625765815274,0.10816037125368205,-0.079902697487654
0.43243243243243246,0.21317284115281243,0.14716270502004533,0.397714140708392,0.0661960113966957,-0.2594378688866783,-0.12337081951102391,0.43243725016227574,0.10807973731434267,-0.08393737561699055
0.43343343343343343,0.2129127321193775,0.1470389080699996,0.397714140708392,0.0661960113966957,-0.2600757526638091,-0.1239008017973049,0.4334382426663987,0.10799232988606533,-0.08732076206096906
0.4344344344344344,0.2126521689753073,0.1469146553667975,0.397714140708392,0.0661960113966957,-0.2606691567575723,-0.12433423274563893,0.4344392351705217,0.10790492245778799,-0.08732076206097616
0.43543543543543545,0.2123908719456887,0.14678999068712548,0.397714140708392,0.0661960113966957,-0.2611296005027981,-0.12477545354663278,0.43544022767464463,0.10781751502951065,-0.08732076206097616
0.4364364364364364,0.21212938699231867,0.1466648546589964,0.397714140708392,0.0661960113966957,-0.26195014178520637,-0.12527492768208504,0.4364412201787676,0.1077301076012333,-0.08732076206096906
0.43743743743743746,0.21186644723741005,0.1465391900311053,0.397714140708392,0.0661960113966957,-0.2627588606119957,-0.12575490188041272,0.4374422126828906,0.10764270017295596,-0.08879797875901119
0.43843843843843844,0.21160334322732965,0.1464130930936702,0.397714140708392,0.0661960113966957,-0.26317729789217026,-0.12620140781639577,0.4384432051870135,0.10755233537899522,-0.09106469300486708
0.4394394394394394,0.21133956576014848,0.1462865345600014,0.397714140708392,0.0661960113966957,-0.2637793993860953,-0.1266764390179702,0.4394441976911365,0.10746039002277968,-0.09185419055269506
0.44044044044044045,0.21107525634167182,0.1461594866091498,0.397714140708392,0.0661960113966957,-0.2646723698937876,-0.12721506005479455,0.44044519019525946,0.10736844466656416,-0.09185419055268795
0.44144144144144143,0.21080969114574646,0.1460318497550869,0.397714140708392,0.0661960113966957,-0.2654442369861414,-0.12771308788340718,0.44144618269938246,0.10727649931034863,-0.09185419055268795
0.44244244244244246,0.2105438364478057,0.1459038047515254,0.397714140708392,0.0661960113966957,-0.26574294787124586,-0.12814484060007203,0.4424471752035054,0.10718455395413311,-0.09153700002192977
0.44344344344344344,0.2102776732320903,0.1457753035276593,0.397714140708392,0.0661960113966957,-0.26659369315633796,-0.12872477760139134,0.4434481677076284,0.10709324360860492,-0.09077066532344702
0.4444444444444444,0.2100101153403856,0.14564609748906013,0.397714140708392,0.0661960113966957,-0.26762618233253477,-0.12926998558930336,0.44444916021175135,0.10700283244296706,-0.09032152115572956
0.44544544544544545,0.2097418850792724,0.14551650475771077,0.397714140708392,0.0661960113966957,-0.268142771448467,-0.12969327764216132,0.44545015271587435,0.10691242127732918,-0.09032152115573666
0.44644644644644643,0.20947329297512338,0.14538645128757427,0.397714140708392,0.0661960113966957,-0.2684504886085648,-0.13028533661078257,0.4464511452199973,0.10682201011169132,-0.09032152115572245
0.44744744744744747,0.2092044466636397,0.1452556732529845,0.397714140708392,0.0661960113966957,-0.2696550880906301,-0.13085069000213423,0.4474521377241203,0.10673159894605344,-0.09009340358637985
0.44844844844844844,0.2089334429489159,0.14512448794422664,0.397714140708392,0.0661960113966957,-0.27076500841218376,-0.13122527322080657,0.44845313022824324,0.10664164446836955,-0.08747833940162764
0.4494494494494494,0.20866237457472642,0.14499295999328318,0.397714140708392,0.0661960113966957,-0.2708693515979519,-0.13190431341190845,0.44945412273236623,0.10655646862202513,-0.08509139278625355
0.45045045045045046,0.20839116196473584,0.1448604152447033,0.397714140708392,0.0661960113966957,-0.27165381867074245,-0.13254367547168044,0.4504551152364892,0.10647129277568071,-0.08509139278623934
0.45145145145145144,0.20811852308589607,0.14472760728963616,0.397714140708392,0.0661960113966957,-0.2729883511936322,-0.13287603441325757,0.4514561077406122,0.10638611692933629,-0.08509139278624644
0.45245245245245247,0.20784463873912298,0.1445943971577899,0.397714140708392,0.0661960113966957,-0.2736104624262907,-0.13359316008065036,0.4524571002447351,0.10630094108299187,-0.08509139278623934
0.45345345345345345,0.2075707543923499,0.1444601535157009,0.397714140708392,0.0661960113966957,-0.2736372949494523,-0.1342076442163318,0.4534580927488581,0.10621576523664746,-0.08557769245243207
0.4544544544544544,0.20729681632681177,0.14432571318538484,0.397714140708392,0.0661960113966957,-0.2752073509816739,-0.13461327452867522,0.45445908525298107,0.10612961582566183,-0.08670038424394733
0.45545545545545546,0.20701978872471896,0.14419065747059845,0.397714140708392,0.0661960113966957,-0.2767520041954583,-0.1353871334992789,0.45546007775710406,0.10604219236718192,-0.08733677636926984
0.45645645645645644,0.20674275826035435,0.14405466787307394,0.397714140708392,0.0661960113966957,-0.2767571346818869,-0.13592063807634247,0.456461070261227,0.10595476890870202,-0.08733677636925563
0.4574574574574575,0.20646572038701752,0.14391854408105623,0.397714140708392,0.0661960113966957,-0.2775457903990457,-0.13644046505261542,0.45746206276535,0.10586734545022213,-0.08733677636926274
0.45845845845845845,0.2061871110323282,0.1437815137888845,0.397714140708392,0.0661960113966957,-0.2789985733669482,-0.13728693519375668,0.45846305526947295,0.10577992199174223,-0.08733677636925563
0.45945945945945943,0.2059071646845812,0.14364369536194962,0.397714140708392,0.0661960113966957,-0.27977070863497033,-0.13768275060911606,0.45946404777359595,0.10569249853326233,-0.08924205847445421
0.46046046046046046,0.20562700951353952,0.14350587264652392,0.397714140708392,0.0661960113966957,-0.2800344003025117,-0.13834140693288077,0.4604650402777189,0.10560126072857137,-0.09130306735227123
0.46146146146146144,0.2053465352545461,0.1433667355883102,0.397714140708392,0.0661960113966957,-0.28140492891087376,-0.1392176450078182,0.46146603278184184,0.10550971116121623,-0.09145879412488966
0.4624624624624625,0.20506363628248672,0.1432271586425043,0.397714140708392,0.0661960113966957,-0.2827166744326206,-0.13950908129530148,0.46246702528596484,0.10541816159386108,-0.09145879412489677
0.46346346346346345,0.2047805359063326,0.1430874381282595,0.397714140708392,0.0661960113966957,-0.2829688465600526,-0.1402636602851146,0.4634680177900878,0.10532661202650594,-0.09145879412488966
0.46446446446446443,0.20449713208516931,0.14294635051380536,0.397714140708392,0.0661960113966957,-0.28400369295950156,-0.14105722864076142,0.4644690102942108,0.10523506245915079,-0.09237395273370197
0.46546546546546547,0.20421195994445174,0.14280504127412388,0.397714140708392,0.0661960113966957,-0.2852721212357494,-0.14142615812274073,0.4654700027983337,0.10514168075798067,-0.09375219579349903
0.46646646646646645,0.20392601672733995,0.14266321506210816,0.397714140708392,0.0661960113966957,-0.2860384031660175,-0.14221374582902513,0.4664709953024567,0.10504737196868205,-0.09421528024452641
0.4674674674674675,0.20363931048866396,0.142520329070262,0.397714140708392,0.0661960113966957,-0.28681190661022526,-0.14286143596763168,0.46747198780657967,0.10495306317938344,-0.0942152802445193
0.46846846846846846,0.20335181871610825,0.14237720618129207,0.397714140708392,0.0661960113966957,-0.287981059942382,-0.14341355482557105,0.46847298031070267,0.10485875439008482,-0.0942152802445193
0.4694694694694695,0.20306277183012067,0.14223321484638698,0.397714140708392,0.0661960113966957,-0.28911204687049974,-0.14418966504513264,0.4694739728148256,0.10476444560078622,-0.09552430728246719
0.47047047047047047,0.20277301581947058,0.1420885381832037,0.397714140708392,0.0661960113966957,-0.2896511905102841,-0.1447371659846084,0.4704749653189486,0.10466751615898225,-0.09787245422388224
0.47147147147147145,0.20248288956683683,0.14194345075032172,0.397714140708392,0.0661960113966957,-0.29089367605342886,-0.14541585802683699,0.47147595782307156,0.10456850641470977,-0.09891157412734941
0.4724724724724725,0.20219064609764192,0.14179741534431115,0.397714140708392,0.0661960113966957,-0.2921962428116558,-0.14616282383602197,0.47247695032719456,0.10446949667043728,-0.09891157412735652
0.47347347347347346,0.20189791210375038,0.14165083248438373,0.397714140708392,0.0661960113966957,-0.2928740000432839,-0.14672919588443278,0.4734779428313175,0.10437048692616481,-0.0989115741273352
0.4744744744744745,0.20160431176322097,0.1415036632003984,0.397714140708392,0.0661960113966957,-0.2939978527947744,-0.14743031692202635,0.4744789353354405,0.10427147718189234,-0.10046710916485324
0.4754754754754755,0.2013093278138709,0.14135567669475002,0.397714140708392,0.0661960113966957,-0.2950323634611607,-0.14811482686359057,0.47547992783956344,0.10416935327979497,-0.10271046125619421
0.47647647647647645,0.20101365638091634,0.1412071370204913,0.397714140708392,0.0661960113966957,-0.2961322138390159,-0.1487942313994921,0.47648092034368644,0.1040658523782674,-0.10339827831003845
0.4774774774774775,0.20071647052890793,0.14105779034560192,0.397714140708392,0.0661960113966957,-0.29728498315537877,-0.14951405623338587,0.4774819128478094,0.10396235147673984,-0.10339827831003134
0.47847847847847846,0.20041849124947408,0.1409078095805846,0.397714140708392,0.0661960113966957,-0.2981262977466912,-0.15013407383706578,0.4784829053519324,0.10385885057521227,-0.10340451167420639
0.4794794794794795,0.20011962108396963,0.14075722162921145,0.397714140708392,0.0661960113966957,-0.2994252717664949,-0.15078548311333861,0.47948389785605533,0.1037553371945831,-0.10355885252028685
0.4804804804804805,0.19981904125594752,0.14060593674151886,0.397714140708392,0.0661960113966957,-0.3006043620090395,-0.15155583865505662,0.48048489036017833,0.1036515273049955,-0.10370696000222068
0.48148148148148145,0.199517810549417,0.14045380653680895,0.397714140708392,0.0661960113966957,-0.30146095549308427,-0.1522621551290797,0.4814858828643013,0.1035477174154079,-0.10370696000221358
0.4824824824824825,0.19921551581952496,0.1403011076021213,0.397714140708392,0.0661960113966957,-0.3027642911187911,-0.1528946908820643,0.4824868753684243,0.10344390752582029,-0.10370696000222068
0.48348348348348347,0.19891167583246244,0.14014771105956755,0.397714140708392,0.0661960113966957,-0.3039732447713277,-0.1536059672021679,0.4834878678725472,0.1033400976362327,-0.10248010000672281
0.4844844844844845,0.19860696077493775,0.13999358814826315,0.397714140708392,0.0661960113966957,-0.3049469039659414,-0.15421833360460369,0.4844888603766702,0.10323874390196328,-0.09942232181860788
0.4854854854854855,0.19830117152021828,0.1398389656469457,0.397714140708392,0.0661960113966957,-0.30616145033582143,-0.1550072161698779,0.48548985288079316,0.10314105563846684,-0.09759140362596241
0.48648648648648646,0.19799402493842963,0.1396832633911663,0.397714140708392,0.0661960113966957,-0.307490910203839,-0.15575860561082777,0.48649084538491616,0.10304336737497041,-0.09759140362595531
0.4874874874874875,0.1976855741023928,0.13952713660668378,0.397714140708392,0.0661960113966957,-0.30856847318740677,-0.156388153184281,0.4874918378890391,0.102945679111474,-0.09759140362596241
0.48848848848848847,0.1973762702373537,0.13937017399540197,0.397714140708392,0.0661960113966957,-0.3096067845882402,-0.1572015225374912,0.48849283039316205,0.10284799084797756,-0.09812799411555062
0.4894894894894895,0.19706574069981378,0.13921241884384597,0.397714140708392,0.0661960113966957,-0.31113331822798784,-0.1577927468187994,0.48949382289728505,0.10274922833836542,-0.09926640049928181
0.4904904904904905,0.19675338071137172,0.13905427260036932,0.397714140708392,0.0661960113966957,-0.3123159409099827,-0.15856975064031076,0.490494815401408,0.10264926100235547,-0.09986821639343191
0.49149149149149146,0.19644048356085486,0.1388949618856071,0.397714140708392,0.0661960113966957,-0.313171110140928,-0.15925150228740392,0.491495807905531,0.1025492936663455,-0.09986821639343901
0.4924924924924925,0.1961264115219004,0.13873545077396815,0.397714140708392,0.0661960113966957,-0.3149509605840848,-0.15987865253092082,0.49249680040965393,0.10244932633033556,-0.0998682163934248
0.4934934934934935,0.19580995110723304,0.1385748845031628,0.397714140708392,0.0661960113966957,-0.31627439321162854,-0.16066190918463974,0.49349779291377693,0.1023493589943256,-0.10236212378422493
0.4944944944944945,0.19549322955350878,0.13841380531013506,0.397714140708392,0.0661960113966957,-0.3169627342528827,-0.16117996122346767,0.4944987854178999,0.10224439889310732,-0.10617619141376622
0.4954954954954955,0.19517539107869872,0.1382522018981108,0.397714140708392,0.0661960113966957,-0.3189394112079924,-0.16197084152541663,0.4954997779220229,0.10213679585088259,-0.10749635165250737
0.4964964964964965,0.19485471221375306,0.13808953936113524,0.397714140708392,0.0661960113966957,-0.3203626936722088,-0.1626019094843798,0.4965007704261458,0.10202919280865787,-0.10749635165250027
0.4974974974974975,0.19453402432460018,0.13792667254979368,0.397714140708392,0.0661960113966957,-0.32091065090988025,-0.16323575378680744,0.4975017629302688,0.10192158976643313,-0.10782116007509046
0.4984984984984985,0.19421224844816773,0.13776274105525574,0.397714140708392,0.0661960113966957,-0.3229508399425498,-0.1639349557788421,0.49850275543439176,0.10181333646261587,-0.10964340362126279
0.4994994994994995,0.193887476096487,0.13759847444012635,0.397714140708392,0.0661960113966957,-0.3244475793290462,-0.16450062857360592,0.49950374793851476,0.1017020853161303,-0.11114083874487335
0.5005005005005005,0.19356270374480625,0.13743341046752078,0.397714140708392,0.0661960113966957,-0.3250219825495293,-0.165209519112139,0.5005047404426377,0.10159083416964476,-0.11114083874486624
0.5015015015015015,0.19323678143672815,0.13726772465211404,0.397714140708392,0.0661960113966957,-0.32693558738047557,-0.1657468869982779,0.5015057329467607,0.1014795830231592,-0.11114083874487335
0.5025025025025025,0.19290817804434485,0.13710158486792462,0.397714140708392,0.0661960113966957,-0.32840318377390076,-0.1663965582021092,0.5025067254508837,0.10136833187667364,-0.11194846986454365
0.5035035035035035,0.19257931760534897,0.13693459840946717,0.397714140708392,0.0661960113966957,-0.3292125388739606,-0.16697395041029495,0.5035077179550066,0.10125546386479431,-0.11289931205877224
0.5045045045045045,0.19224909388243502,0.13676730268492104,0.397714140708392,0.0661960113966957,-0.3310077170854271,-0.1675775424065904,0.5045087104591296,0.10114230914649071,-0.11304252313331631
0.5055055055055055,0.19191663949306584,0.1365991078340786,0.397714140708392,0.0661960113966957,-0.332413465426157,-0.16822099684151226,0.5055097029632526,0.1010291544281871,-0.11304252313332341
0.5065065065065065,0.19158360145915937,0.13643052391246555,0.397714140708392,0.0661960113966957,-0.3335007442680933,-0.1687379721588229,0.5065106954673756,0.10091599970988349,-0.11396583747051636
0.5075075075075075,0.191248970335372,0.13626129407600288,0.397714140708392,0.0661960113966957,-0.3351665200999321,-0.16931612431260135,0.5075116879714985,0.10080099653011894,-0.11552194965882734
0.5085085085085085,0.19091259741491529,0.1360915526926205,0.397714140708392,0.0661960113966957,-0.3364955658932587,-0.16982503986123731,0.5085126804756215,0.1006847264985432,-0.11615474750994537
0.5095095095095095,0.1905753055387889,0.13592130400621064,0.397714140708392,0.0661960113966957,-0.3378572501792547,-0.17035299516635405,0.5095136729797445,0.10056845646696744,-0.11615474750994537
0.5105105105105106,0.19023620652366552,0.1357505056552504,0.397714140708392,0.0661960113966957,-0.33945136675937704,-0.1708684765452091,0.5105146654838675,0.1004521864353917,-0.11763094843105648
0.5115115115115115,0.18989572322295428,0.13557922497408806,0.397714140708392,0.0661960113966957,-0.34065786789329877,-0.17134774282135368,0.5115156579879904,0.1003329610717027,-0.12090162574071428
0.5125125125125125,0.1895542087901454,0.13540746713108354,0.397714140708392,0.0661960113966957,-0.3422049027385583,-0.17183508122639068,0.5125166504921134,0.10021014319318623,-0.12269610212922544
0.5135135135135135,0.1892106283225768,0.13523521079745865,0.397714140708392,0.0661960113966957,-0.34382616944326116,-0.17228101280100816,0.5135176429962364,0.10008732531466977,-0.12269610212923254
0.5145145145145145,0.18886586811057934,0.13506256019854898,0.397714140708392,0.0661960113966957,-0.34490724737689504,-0.1727639083308503,0.5145186355003593,0.0999645074361533,-0.12454552342824599
0.5155155155155156,0.18852012332282322,0.1348893371071066,0.397714140708392,0.0661960113966957,-0.3465395435935079,-0.17320857648495291,0.5155196280044823,0.09983798704392229,-0.12803390602541498
0.5165165165165165,0.18817209525053225,0.1347157962816622,0.397714140708392,0.0661960113966957,-0.3482772729374375,-0.17360581278784082,0.5165206205086053,0.09970818547574326,-0.12967286732357053
0.5175175175175175,0.1878228715251507,0.13454177792234617,0.397714140708392,0.0661960113966957,-0.34948099509878716,-0.1739951204034469,0.5175216130127283,0.09957838390756422,-0.12967286732357763
0.5185185185185185,0.18747243359868282,0.1343674577022759,0.397714140708392,0.0661960113966957,-0.3508320755744023,-0.17432414518528105,0.5185226055168511,0.0994485823393852,-0.13041850840306068
0.5195195195195195,0.18712050500748426,0.13419278063468795,0.397714140708392,0.0661960113966957,-0.35255610113947,-0.17467212943962807,0.5195235980209741,0.09931728800894352,-0.1313278733626646
0.5205205205205206,0.1867666155783836,0.13401776374944382,0.397714140708392,0.0661960113966957,-0.35409606376308034,-0.1749592828368236,0.5205245905250971,0.0991856659057483,-0.1314915972428068
0.5215215215215215,0.1864116039789295,0.13384251180017978,0.397714140708392,0.0661960113966957,-0.3552542907283396,-0.17525490848115055,0.5215255830292201,0.09905404380255309,-0.13151758548765002
0.5225225225225225,0.18605539577712568,0.1336669030718039,0.397714140708392,0.0661960113966957,-0.3569292707708911,-0.1754926728223012,0.522526575533343,0.09892236967128132,-0.13167893498997785
0.5235235235235235,0.18569703086427308,0.13349117511785286,0.397714140708392,0.0661960113966957,-0.3585353328335543,-0.17574016053930563,0.523527568037466,0.09879042454880137,-0.13181429624744823
0.5245245245245245,0.18533760732300447,0.13331507091857206,0.397714140708392,0.0661960113966957,-0.359864500293682,-0.17593948808359983,0.524528560541589,0.09865847942632143,-0.13181429624744112
0.5255255255255256,0.18497658141423567,0.13313894391047829,0.397714140708392,0.0661960113966957,-0.3614930866049946,-0.17612456706011415,0.525529553045712,0.09852653430384149,-0.1334770967830039
0.5265265265265265,0.18461389743991133,0.13296246918271595,0.397714140708392,0.0661960113966957,-0.36276016592158555,-0.17631157024754884,0.5265305455498349,0.09839126027961766,-0.1367302470441274
0.5275275275275275,0.1842503348358141,0.13278596779386656,0.397714140708392,0.0661960113966957,-0.3645620042398008,-0.17640621595901962,0.5275315380539579,0.0982528023990854,-0.1383205967696597
0.5285285285285285,0.18388404357756938,0.1326093035852004,0.397714140708392,0.0661960113966957,-0.36638523501480336,-0.1765205817241906,0.5285325305580809,0.09811434451855316,-0.13855311662810976
0.5295295295295295,0.1835168308618105,0.1324325732358602,0.397714140708392,0.0661960113966957,-0.36733445292645683,-0.17658012093563968,0.5295335230622039,0.09797542113675017,-0.14562320040677434
0.5305305305305306,0.1831486392674063,0.1322557898295735,0.397714140708392,0.0661960113966957,-0.3691673523506296,-0.17662700228811445,0.5305345155663268,0.09782280905448601,-0.15246076432700306
0.5315315315315315,0.18277775708333072,0.13207896562367175,0.397714140708392,0.0661960113966957,-0.3706598703483053,-0.17664241633393374,0.5315355080704498,0.09767019697222183,-0.15246076432698885
0.5325325325325325,0.1824065774649072,0.1319021513584345,0.397714140708392,0.0661960113966957,-0.37190010785185734,-0.1766250958977622,0.5325365005745728,0.09751758488995765,-0.15688237940388206
0.5335335335335335,0.18203321232286654,0.13172536182808064,0.397714140708392,0.0661960113966957,-0.3737079435903041,-0.17659102874534938,0.5335374930786958,0.0973561208005973,-0.16192278077446787
0.5345345345345345,0.1816584134136754,0.13154861576535073,0.397714140708392,0.0661960113966957,-0.37449622793819515,-0.1765134282626235,0.5345384855828187,0.09719341791035367,-0.16254156706817469
0.5355355355355356,0.18128347012479207,0.13137198159131863,0.397714140708392,0.0661960113966957,-0.3763892255707191,-0.17641643111652172,0.5355394780869417,0.09703071502011003,-0.16144375337417927
0.5365365365365365,0.18090488143055078,0.13119542971706938,0.397714140708392,0.0661960113966957,-0.378210105547069,-0.176286584037868,0.5365404705910647,0.0968702099364236,-0.16024695839649183
0.5375375375375375,0.18052629273630946,0.1310190554971487,0.397714140708392,0.0661960113966957,-0.3790457123853628,-0.17613001797450067,0.5375414630951877,0.09670990301178323,-0.16014797711280693
0.5385385385385385,0.18014603115550504,0.1308428170684718,0.397714140708392,0.0661960113966957,-0.38078633634084724,-0.17594603447059853,0.5385424555993106,0.09654959608714285,-0.163876855027155
0.5395395395395395,0.1797639577286201,0.13066681118389428,0.397714140708392,0.0661960113966957,-0.38178791173842797,-0.1757210221314125,0.5395434481034336,0.09638182400482037,-0.16796054389437387
0.5405405405405406,0.17938169099186452,0.1304910232303709,0.397714140708392,0.0661960113966957,-0.3833469794751778,-0.17546825301150193,0.5405444406075566,0.09621334159628947,-0.16843161591211953
0.5415415415415415,0.17899649630824935,0.13031552339007743,0.397714140708392,0.0661960113966957,-0.3850425118160672,-0.17516933665061174,0.5415454331116795,0.09604462643484966,-0.1705566171472057
0.5425425425425425,0.1786108351123529,0.13014033386770704,0.397714140708392,0.0661960113966957,-0.385965037786292,-0.1748640904100398,0.5425464256158025,0.09587188980570363,-0.17256535731741707
0.5435435435435435,0.17822379352989845,0.12996544513099828,0.397714140708392,0.0661960113966957,-0.38743830567034365,-0.17453318241307159,0.5435474181199255,0.09569915317655758,-0.1737026308753471
0.5445445445445445,0.1778351828487486,0.1297909180871003,0.397714140708392,0.0661960113966957,-0.38851084332284813,-0.17416875001214294,0.5445484106240485,0.0955241397427983,-0.17796679624114375
0.5455455455455456,0.1774459940437666,0.1296167589447878,0.397714140708392,0.0661960113966957,-0.3899153107354323,-0.17379502214210163,0.5455494031281714,0.09534286631851727,-0.1810936880490317
0.5465465465465466,0.17705457161604501,0.12944298010483382,0.397714140708392,0.0661960113966957,-0.39140439987765774,-0.17336653765141818,0.5465503956322944,0.09516159289423619,-0.18496118704226205
0.5475475475475475,0.17666240165161917,0.12926967878932952,0.397714140708392,0.0661960113966957,-0.39239539880036034,-0.17296201352671403,0.5475513881364173,0.09497257679495127,-0.1913013958301164
0.5485485485485485,0.17626899524207032,0.12909670980748306,0.397714140708392,0.0661960113966957,-0.3936286217450089,-0.1724749482923471,0.5485523806405403,0.09477861036772776,-0.19408344914504738
0.5495495495495496,0.17587435636284038,0.12892438359755304,0.397714140708392,0.0661960113966957,-0.39470587098719534,-0.1720314192230461,0.5495533731446632,0.09458402463941423,-0.19651656047926025
0.5505505505505506,0.17547879329815197,0.12875230256179124,0.397714140708392,0.0661960113966957,-0.39586422249749376,-0.17148430219343425,0.5505543656487862,0.09438518715977624,-0.19864032829316614
0.5515515515515516,0.17508183539687944,0.12858107168124988,0.397714140708392,0.0661960113966957,-0.3971197502388577,-0.17092886448048716,0.5515553581529092,0.09418634968013825,-0.2007518175802403
0.5525525525525525,0.17468375876313927,0.12841010263290137,0.397714140708392,0.0661960113966957,-0.3981634923702444,-0.1704254202840616,0.5525563506570322,0.09398328503060246,-0.20374638425551694
0.5535535535535535,0.17428471128803014,0.12823987964864916,0.397714140708392,0.0661960113966957,-0.39916624679703716,-0.16979971251593895,0.5535573431611551,0.0937784524733744,-0.20631179671272548
0.5545545545545546,0.17388462713791997,0.1280701632685051,0.397714140708392,0.0661960113966957,-0.4001766831832896,-0.16929731272766446,0.5545583356652781,0.09357025190655933,-0.21106465250293382
0.5555555555555556,0.17348355676714264,0.12790094608963481,0.397714140708392,0.0661960113966957,-0.4010771230165915,-0.1685839987754605,0.5555593281694011,0.09335590420329287,-0.2147283522123118
0.5565565565565566,0.17308166993468357,0.12773265776545112,0.397714140708392,0.0661960113966957,-0.40217903782031783,-0.1679909102645425,0.5565603206735241,0.09314036896458491,-0.2202622940712189
0.5575575575575575,0.17267839352826317,0.12756462795096707,0.397714140708392,0.0661960113966957,-0.40316390890438925,-0.16732518128976182,0.557561313177647,0.09291494239268043,-0.22520305694198584
0.5585585585585585,0.17227453498192205,0.12739767241752367,0.397714140708392,0.0661960113966957,-0.40397926594674516,-0.16664770071809443,0.55856230568177,0.09268951582077592,-0.23082303307143803
0.5595595595595596,0.17186962622907048,0.1272309989205004,0.397714140708392,0.0661960113966957,-0.4048366120067186,-0.16600229582585513,0.559563298185893,0.09245283814091354,-0.2366118340364025
0.5605605605605606,0.17146405127420086,0.12706533548894336,0.397714140708392,0.0661960113966957,-0.4054836316759207,-0.16522980234862672,0.560564290690016,0.09221582247626145,-0.24270342605792194
0.5615615615615616,0.17105784718667627,0.12690020852540806,0.397714140708392,0.0661960113966957,-0.406278319070708,-0.1646094024025757,0.5615652831941389,0.09196694952049567,-0.24906935281914855
0.5625625625625625,0.17065068126605132,0.12673578713578507,0.397714140708392,0.0661960113966957,-0.40686780919482146,-0.16381417069617754,0.5625662756982619,0.09171718936590402,-0.2553547103314955
0.5635635635635635,0.17024329701811808,0.12657225222771804,0.397714140708392,0.0661960113966957,-0.4075576505839109,-0.1631696474843949,0.5635672682023849,0.09145573321862702,-0.2623720014550983
0.5645645645645646,0.16983475003365112,0.12640912117485534,0.397714140708392,0.0661960113966957,-0.40821638391801685,-0.1623635886105319,0.5645682607065078,0.09119192455240743,-0.26937180198723354
0.5655655655655656,0.16942604700026415,0.1262471999982675,0.397714140708392,0.0661960113966957,-0.4086210845189555,-0.16151325821322615,0.5655692532106308,0.09091645490940439,-0.278302452620089
0.5665665665665666,0.16901668980438397,0.1260857713085626,0.397714140708392,0.0661960113966957,-0.40917443132860853,-0.16076029348139542,0.5665702457147538,0.09063476721450393,-0.2857042236637213
0.5675675675675675,0.16860687896957624,0.12592535756887532,0.397714140708392,0.0661960113966957,-0.40950520008156843,-0.15987418787524632,0.5675712382188768,0.09034447933683706,-0.2954636262621193
0.5685685685685685,0.16819685957399044,0.12576570286436792,0.397714140708392,0.0661960113966957,-0.4099387842537823,-0.15913239146207303,0.5685722307229997,0.0900432534642452,-0.30384787374411104
0.5695695695695696,0.1677861807028019,0.1256067742025849,0.397714140708392,0.0661960113966957,-0.4102681923173179,-0.1583313285482717,0.5695732232271227,0.08973618044881398,-0.3122437324319023
0.5705705705705706,0.16737550183161337,0.12544872322763462,0.397714140708392,0.0661960113966957,-0.4104982422253016,-0.15750071835817891,0.5705742157312457,0.08941814619299776,-0.3226322852934018
0.5715715715715716,0.16696436240004855,0.12529145744911507,0.397714140708392,0.0661960113966957,-0.4107694412989247,-0.15665611156571657,0.5715752082353687,0.08909027545048044,-0.3313915932518796
0.5725725725725725,0.1665531405877717,0.12513509737865422,0.397714140708392,0.0661960113966957,-0.4108680261933131,-0.15578783735577417,0.5725762007394916,0.08875470519144876,-0.34016269680368083
0.5735735735735735,0.16614180378905097,0.12497956988684125,0.397714140708392,0.0661960113966957,-0.41097506281418816,-0.15500247947769452,0.5735771932436146,0.08840927483111498,-0.3496304322898567
0.5745745745745746,0.1657303676892448,0.1248247821044246,0.397714140708392,0.0661960113966957,-0.4110253820781793,-0.1542596459072172,0.5745781857477376,0.0880547503075779,-0.3578171776898529
0.5755755755755756,0.1653189301512568,0.12467074176690686,0.397714140708392,0.0661960113966957,-0.41099107183745787,-0.15336420833523334,0.5755791782518606,0.087692930205687,-0.3654709812107555
0.5765765765765766,0.16490756274062127,0.12451774665230202,0.397714140708392,0.0661960113966957,-0.4109445827515259,-0.1525243414931552,0.5765801707559834,0.08732308288224502,-0.3747434000899901
0.5775775775775776,0.1644962182738764,0.12436538772988354,0.397714140708392,0.0661960113966957,-0.41079559464739646,-0.15167026436429154,0.5775811632601064,0.08694269953676774,-0.3849002497518228
0.5785785785785785,0.1640851491377236,0.12421410247940054,0.397714140708392,0.0661960113966957,-0.4105911895976817,-0.15078532059837357,0.5785821557642294,0.08655251835257173,-0.3931828180554149
0.5795795795795796,0.16367421389029746,0.12406351521617308,0.397714140708392,0.0661960113966957,-0.4103743283135799,-0.15015003023799522,0.5795831482683524,0.08615555342952089,-0.3994837145725896
0.5805805805805806,0.1632635789108695,0.1239135018182634,0.397714140708392,0.0661960113966957,-0.41005415414865354,-0.14915497798025257,0.5805841407724753,0.08575275794495903,-0.4058600053459145
0.5815815815815816,0.16285328465276264,0.12376490665164805,0.397714140708392,0.0661960113966957,-0.40973280454315386,-0.14827035917508624,0.5815851332765983,0.08534302778337179,-0.4144876319898074
0.5825825825825826,0.16244329301588825,0.12361666426235732,0.397714140708392,0.0661960113966957,-0.4093090372575432,-0.14754549797745398,0.5825861257807213,0.08492295991961205,-0.4242988829864842
0.5835835835835835,0.16203384714073554,0.12346952026931081,0.397714140708392,0.0661960113966957,-0.40877601091078475,-0.14656097159807757,0.5835871182848443,0.08449358778061732,-0.43191690648176007
0.5845845845845846,0.16162492262367445,0.12332324890380261,0.397714140708392,0.0661960113966957,-0.40820721740155363,-0.1460234738390156,0.5845881107889672,0.08405826874802762,-0.4364462102905975
0.5855855855855856,0.16121661547426594,0.1231771809823458,0.397714140708392,0.0661960113966957,-0.4075717994200545,-0.14498493381987032,0.5855891032930902,0.0836198290107098,-0.4394467863448881
0.5865865865865866,0.16080896306527595,0.12303298877603512,0.397714140708392,0.0661960113966957,-0.4069275463440505,-0.14395661475282395,0.5865900957972132,0.08317850286984327,-0.4416956552505624
0.5875875875875876,0.16040194571181543,0.12288897955140922,0.397714140708392,0.0661960113966957,-0.4062574783671238,-0.14353928270493554,0.5875910883013362,0.08273556093069079,-0.443614592977994
0.5885885885885885,0.15999563478025672,0.12274562284469391,0.397714140708392,0.0661960113966957,-0.4054737722050845,-0.14241187030462754,0.5885920808054591,0.0822903931052622,-0.4459383613308674
0.5895895895895896,0.15959018640810158,0.12260387070195052,0.397714140708392,0.0661960113966957,-0.40471581313948946,-0.14160618835531125,0.5895930733095821,0.08184279901670466,-0.44705542373766605
0.5905905905905906,0.15918539291210954,0.12246212697211069,0.397714140708392,0.0661960113966957,-0.4037357191235458,-0.1409772338364519,0.5905940658137051,0.08139539484908434,-0.4440551648354756
0.5915915915915916,0.15878190669013653,0.12232163399757323,0.397714140708392,0.0661960113966957,-0.40278558684195787,-0.1398730774909609,0.591595058317828,0.08095380723386987,-0.4354861993233783
0.5925925925925926,0.15837901536087443,0.1221821007909476,0.397714140708392,0.0661960113966957,-0.4019241885345508,-0.1392918655512645,0.592596050821951,0.08052355800674098,-0.42283038592607625
0.5935935935935935,0.15797725366003737,0.12204277140387701,0.397714140708392,0.0661960113966957,-0.4008231956890711,-0.13847648333714346,0.593597043326074,0.080107307140215,-0.40781916733764234
0.5945945945945946,0.15757656652065602,0.12190487059407645,0.397714140708392,0.0661960113966957,-0.4000003664115468,-0.13746869113042948,0.594598035830197,0.07970711014765565,-0.39240965346400714
0.5955955955955956,0.15717645212567988,0.12176755880902128,0.397714140708392,0.0661960113966957,-0.3986747323073274,-0.13698879527731833,0.5955990283343199,0.07932170889688908,-0.3781363803484723
0.5965965965965966,0.15677841890842914,0.12163061875167942,0.397714140708392,0.0661960113966957,-0.39749966141788207,-0.13599973872246807,0.5966000208384429,0.07895008678312565,-0.36487258519850485
0.5975975975975976,0.15638065700772616,0.12149528705982715,0.397714140708392,0.0661960113966957,-0.3964002793418331,-0.13498038652662103,0.5976010133425659,0.07859123945140171,-0.35252780833701536
0.5985985985985985,0.15598482475559267,0.12136038774762213,0.397714140708392,0.0661960113966957,-0.39497173554468645,-0.1345034720213718,0.5986020058466889,0.07824433139584513,-0.33489026469646177
0.5995995995995996,0.1555899228024315,0.12122601083956415,0.397714140708392,0.0661960113966957,-0.39409147793681143,-0.13357405551425217,0.5996029983508118,0.0779207941620719,-0.31642783345952097
0.6006006006006006,0.15519585282779122,0.12109297222106705,0.397714140708392,0.0661960113966957,-0.3924205243609862,-0.13267332250652686,0.6006039908549348,0.07761084761706746,-0.30269055303631376
0.6016016016016016,0.15480429612703414,0.12096039858229383,0.397714140708392,0.0661960113966957,-0.3911651440563304,-0.1321179635109857,0.6016049833590578,0.07731481221275552,-0.2810845364944967
0.6026026026026026,0.1544127394262771,0.12082847179361764,0.397714140708392,0.0661960113966957,-0.38982312290588084,-0.13129184019656748,0.6026059758631808,0.07704812058895572,-0.26362836109736065
0.6036036036036035,0.1540238694545499,0.12069755205537379,0.397714140708392,0.0661960113966957,-0.3880487479875825,-0.13049611816370543,0.6036069683673037,0.07678703218609016,-0.24031925021594702
0.6046046046046046,0.15363586505593158,0.12056721830380042,0.397714140708392,0.0661960113966957,-0.3870674305662618,-0.12987375360885522,0.6046079608714267,0.07656700505283051,-0.21980897194871574
0.6056056056056056,0.15324895968364644,0.12043754454064132,0.397714140708392,0.0661960113966957,-0.385319410874402,-0.12915226134443714,0.6056089533755497,0.07634697791957086,-0.19931839064032175
0.6066066066066066,0.1528644548239508,0.12030865521802576,0.397714140708392,0.0661960113966957,-0.3838781437025176,-0.12833451951426866,0.6066099458796727,0.07616797262290087,-0.1745333789607102
0.6076076076076076,0.1524804348714292,0.1201806185756478,0.397714140708392,0.0661960113966957,-0.38234284057621437,-0.12764252815096455,0.6076109383837955,0.07599756471145303,-0.17021967087961798
0.6086086086086087,0.15209900369166607,0.12005311462112693,0.397714140708392,0.0661960113966957,-0.3804846656170895,-0.12700723109677625,0.6086119308879185,0.07582719539369134,-0.13946970485697818
0.6096096096096096,0.1517187038091327,0.11992634984472329,0.397714140708392,0.0661960113966957,-0.3793116537943604,-0.1262354282558391,0.6096129233920415,0.07571834845322485,-0.10873901654424856
0.6106106106106106,0.1513396210013871,0.11980039104103517,0.397714140708392,0.0661960113966957,-0.3775374123993771,-0.12555624992902636,0.6106139158961645,0.07560950151275835,-0.10873901654424145
0.6116116116116116,0.1509628731536785,0.11967498598100153,0.397714140708392,0.0661960113966957,-0.3757650579973131,-0.12500191813806083,0.6116149084002874,0.07550065457229187,-0.10873901654425566
0.6126126126126126,0.1505873386029941,0.11955013695066868,0.397714140708392,0.0661960113966957,-0.37406505068207707,-0.12420997650715293,0.6126159009044104,0.07539180763182536,-0.09573304936467508
0.6136136136136137,0.150213994173334,0.11942631735936558,0.397714140708392,0.0661960113966957,-0.3721527551075212,-0.1234836298546611,0.6136168934085334,0.07530899844267012,-0.0731591167689416
0.6146146146146146,0.14984228804221825,0.11930292247648516,0.397714140708392,0.0661960113966957,-0.3706789593874191,-0.12299976268081991,0.6146178859126564,0.07524534417683743,-0.0635911513527958
0.6156156156156156,0.14947189415454037,0.11918007158823281,0.397714140708392,0.0661960113966957,-0.368828141956854,-0.12225287613552638,0.6156188784167793,0.07518168991100473,-0.06359115135281002
0.6166166166166166,0.14910389336362598,0.11905817197371134,0.397714140708392,0.0661960113966957,-0.3668157609609466,-0.12151401537738593,0.6166198709209023,0.07511803564517203,-0.0635911513527958
0.6176176176176176,0.1487375282667307,0.11893680028617598,0.397714140708392,0.0661960113966957,-0.365217101093279,-0.12105708642123858,0.6176208634250253,0.07505438137933931,-0.0635911513527887
0.6186186186186187,0.14837272799607187,0.11881581544433949,0.397714140708392,0.0661960113966957,-0.3636222415597814,-0.12041710335510913,0.6186218559291482,0.07499072711350663,-0.06359115135281002
0.6196196196196196,0.14800955581115552,0.11869572500418377,0.397714140708392,0.0661960113966957,-0.3617594521131622,-0.11963412627680015,0.6196228484332712,0.07492707284767391,-0.06349167410668599
0.6206206206206206,0.1476484848486982,0.11857630768402558,0.397714140708392,0.0661960113966957,-0.35986095177271693,-0.11913142465277815,0.6206238409373942,0.07486361773379661,-0.053947528287821456
0.6216216216216216,0.14728911346526422,0.11845722365352757,0.397714140708392,0.0661960113966957,-0.3581231208954847,-0.11865448587590777,0.6216248334415172,0.07481907070480978,-0.04450285971507384
0.6226226226226226,0.14693152164370224,0.11833876116575551,0.397714140708392,0.0661960113966957,-0.3563622706147953,-0.11783326102767688,0.6226258259456401,0.07477452367582296,-0.044502859715080945
0.6236236236236237,0.1465756754860554,0.11822132122904774,0.397714140708392,0.0661960113966957,-0.3547413969967863,-0.11723587152868475,0.6236268184497631,0.07472997664683613,-0.044502859715066734
0.6246246246246246,0.14622132865672166,0.11810405471624862,0.397714140708392,0.0661960113966957,-0.35268938243247305,-0.11704295808306142,0.6246278109538861,0.07468542961784931,-0.04450285971507384
0.6256256256256256,0.14586959063634075,0.11798700099264522,0.397714140708392,0.0661960113966957,-0.3507275339609066,-0.11614479913821896,0.6256288034580091,0.07464088258886248,-0.04450285971507384
0.6266266266266266,0.14551917143157472,0.11787153259585179,0.397714140708392,0.0661960113966957,-0.3496249304075718,-0.11533906757414059,0.626629795962132,0.07459633555987566,-0.04450285971507384
0.6276276276276276,0.14516964082571499,0.11775609194845275,0.397714140708392,0.0661960113966957,-0.34729578572495257,-0.11528661454757838,0.627630788466255,0.07455178853088884,-0.04450285971507384
0.6286286286286287,0.1448238845732665,0.1176407285627235,0.397714140708392,0.0661960113966957,-0.34510957518666885,-0.11458380060292939,0.628631780970378,0.07450724150190201,-0.04450285971507384
0.6296296296296297,0.14447873076528117,0.11752669495024866,0.397714140708392,0.0661960113966957,-0.34413526854253007,-0.11368778344179731,0.629632773474501,0.07446269447291519,-0.04450285971507384
0.6306306306306306,0.14413492507668488,0.11741312539266986,0.397714140708392,0.0661960113966957,-0.34180585264923025,-0.11345598802120804,0.6306337659786239,0.07441814744392836,-0.04429404993052799
0.6316316316316316,0.14379443476398143,0.1172995558350911,0.397714140708392,0.0661960113966957,-0.3399218336166143,-0.11309413354616993,0.6316347584827469,0.0743740184489998,-0.04324781973359393
0.6326326326326326,0.14345440088526024,0.11718671071089576,0.397714140708392,0.0661960113966957,-0.33869563404793723,-0.11218021193877092,0.6326357509868699,0.07433156595718238,-0.04241039932124124
0.6336336336336337,0.14311636542654815,0.11707497082620467,0.397714140708392,0.0661960113966957,-0.3362693852001968,-0.11160068412262092,0.6336367434909929,0.07428911346536494,-0.04241039932123414
0.6346346346346347,0.14278118890287742,0.11696328591785746,0.397714140708392,0.0661960113966957,-0.33476984968166335,-0.11151661632517573,0.6346377359951157,0.07424666097354754,-0.04241039932124124
0.6356356356356356,0.14244615551727555,0.11685171433706519,0.397714140708392,0.0661960113966957,-0.3333351780736109,-0.1107645615703845,0.6356387284992387,0.07420420848173011,-0.04241039932124124
0.6366366366366366,0.14211385120903638,0.11674153504384267,0.397714140708392,0.0661960113966957,-0.3307379218195905,-0.10996851066784075,0.6366397210033617,0.07416175598991269,-0.04241039932123414
0.6376376376376376,0.14178401753565478,0.116631557158551,0.397714140708392,0.0661960113966957,-0.32950383970825214,-0.10979479629219924,0.6376407135074847,0.07411930349809527,-0.04241039932123414
0.6386386386386387,0.14145418386227313,0.1165217256418563,0.397714140708392,0.0661960113966957,-0.32796607788971244,-0.10938466865759011,0.6386417060116076,0.07407685100627785,-0.04241039932124124
0.6396396396396397,0.1411274287911308,0.11641256883291017,0.397714140708392,0.0661960113966957,-0.3254050162133808,-0.10868652906908949,0.6396426985157306,0.07403439851446043,-0.04241039932123414
0.6406406406406406,0.14080272236835245,0.11630413499306934,0.397714140708392,0.0661960113966957,-0.32426824948383626,-0.10821573269314655,0.6406436910198536,0.07399194602264302,-0.04241039932123414
0.6416416416416416,0.1404782431064785,0.11619592071941037,0.397714140708392,0.0661960113966957,-0.3226636523245361,-0.10801419926848865,0.6416446835239765,0.0739494935308256,-0.04241039932124124
0.6426426426426426,0.14015674909042547,0.11608789034988919,0.397714140708392,0.0661960113966957,-0.3202792136009407,-0.1074374099339579,0.6426456760280995,0.07390704103900818,-0.04038391215622994
0.6436436436436437,0.13983704347964976,0.11598083080963269,0.397714140708392,0.0661960113966957,-0.31909878964162885,-0.10683945713370946,0.6436466685322225,0.0738686455441145,-0.038014732283464525
0.6446446446446447,0.13951791267472646,0.11587399754281469,0.397714140708392,0.0661960113966957,-0.31740243021039305,-0.10654904013522071,0.6446476610363455,0.0738309361148842,-0.0376720395756891
0.6456456456456456,0.13920160317892827,0.11576751941797059,0.397714140708392,0.0661960113966957,-0.3150851050282739,-0.10617922499960741,0.6456486535404684,0.07379322668565391,-0.0376720395756891
0.6466466466466466,0.13888711166365886,0.11566142652179447,0.397714140708392,0.0661960113966957,-0.31366512089745413,-0.10566383749412012,0.6466496460445914,0.07375551725642362,-0.0376720395756962
0.6476476476476476,0.13857364497893337,0.11555598020376814,0.397714140708392,0.0661960113966957,-0.31207658683609907,-0.10518964767256733,0.6476506385487144,0.07371780782719332,-0.0376720395756962
0.6486486486486487,0.13826233371203506,0.11545083663656411,0.397714140708392,0.0661960113966957,-0.310135759524627,-0.10490126864549865,0.6486516310528374,0.07368009839796302,-0.0376720395756962
0.6496496496496497,0.13795275256747264,0.11534596765392728,0.397714140708392,0.0661960113966957,-0.30853629164865026,-0.10447662779781552,0.6496526235569603,0.07364238896873274,-0.0376720395756962
0.6506506506506506,0.1376446434384642,0.11524167421855046,0.397714140708392,0.0661960113966957,-0.3070595577231785,-0.1040518812781599,0.6506536160610833,0.07360467953950245,-0.0376720395756962
0.6516516516516516,0.137338018718177,0.11513765557929634,0.397714140708392,0.0661960113966957,-0.30535999349275755,-0.10363839130285157,0.6516546085652063,0.07356697011027215,-0.0376720395756962
0.6526526526526526,0.1370333121201604,0.1150341899516779,0.397714140708392,0.0661960113966957,-0.30361608163391907,-0.1032677953016119,0.6526556010693293,0.07352926068104185,-0.0376720395756962
0.6536536536536537,0.1367301787149059,0.11493091324636019,0.397714140708392,0.0661960113966957,-0.3023046345768847,-0.10291214232427848,0.6536565935734522,0.07349155125181156,-0.0376720395756962
0.6546546546546547,0.13642809763652297,0.11482815963671436,0.397714140708392,0.0661960113966957,-0.3006915611724139,-0.10254995767506614,0.6546575860775752,0.07345384182258127,-0.036446548891710506
0.6556556556556556,0.13612819360745362,0.1147256080257895,0.397714140708392,0.0661960113966957,-0.29887623985504774,-0.10214487858529253,0.6556585785816982,0.07341858580732805,-0.021901773560173865
0.6566566566566566,0.13582974680598237,0.11462366538529235,0.397714140708392,0.0661960113966957,-0.2977198273775059,-0.1017510688806027,0.6566595710858212,0.07340999480025981,-0.008582488912601605
0.6576576576576576,0.13553215791700818,0.11452190218218469,0.397714140708392,0.0661960113966957,-0.2960807796126943,-0.10147050039627459,0.6576605635899441,0.07340140379319159,-0.0085824889125945
0.6586586586586587,0.13523699249244342,0.11442052124035487,0.397714140708392,0.0661960113966957,-0.29434472595907835,-0.10111869061914547,0.6586615560940671,0.07339281278612336,-0.0085824889125945
0.6596596596596597,0.13494287918635933,0.11431946236112533,0.397714140708392,0.0661960113966957,-0.2930638540232877,-0.10071488453219501,0.6596625485981901,0.07338422177905513,-0.008582488912601605
0.6606606606606606,0.13465027806997437,0.11421888983989002,0.397714140708392,0.0661960113966957,-0.2915061261606411,-0.10036340117279963,0.6606635411023131,0.0733756307719869,-0.0085824889125945
0.6616616616616616,0.13435928333818992,0.11411853463104966,0.397714140708392,0.0661960113966957,-0.29030190855993965,-0.10013761505609153,0.661664533606436,0.07336703976491867,-0.008582488912601605
0.6626626626626626,0.1340690930678524,0.11401841413407203,0.397714140708392,0.0661960113966957,-0.2886050427759841,-0.09978099330233192,0.662665526110559,0.07335844875785044,-0.008582488912587394
0.6636636636636637,0.13378149546476453,0.11391877288269665,0.397714140708392,0.0661960113966957,-0.28694683591355385,-0.09935754351360515,0.663666518614682,0.07334985775078222,-0.0085824889125945
0.6646646646646647,0.13349462492788527,0.11381950013304376,0.397714140708392,0.0661960113966957,-0.28610629451226544,-0.09906757374261588,0.664667511118805,0.07334126674371398,-0.0085824889125945
0.6656656656656657,0.1332087100903656,0.11372043940173046,0.397714140708392,0.0661960113966957,-0.2844263375388323,-0.09890092539827577,0.6656685036229278,0.07333267573664576,-0.008582488912601605
0.6666666666666666,0.13292520283071044,0.11362150028239658,0.397714140708392,0.0661960113966957,-0.28278980023516453,-0.0985273368891697,0.6666694961270508,0.07332408472957752,-0.008582488912601605
0.6676676676676676,0.13264256434414906,0.11352318747602641,0.397714140708392,0.0661960113966957,-0.28174652931691924,-0.09808016016787491,0.6676704886311738,0.0733154937225093,-0.0085824889125945
0.6686686686686687,0.13236114571496085,0.11342514360538382,0.397714140708392,0.0661960113966957,-0.28055251441659834,-0.09786194917586499,0.6686714811352967,0.07330690271544106,-0.008582488912601605
0.6696696696696697,0.1320808976486203,0.1133272676578565,0.397714140708392,0.0661960113966957,-0.27879568037529623,-0.09772881256942156,0.6696724736394197,0.07329831170837284,-0.0085824889125945
0.6706706706706707,0.1318029962047,0.11322949032696655,0.397714140708392,0.0661960113966957,-0.27735871143210034,-0.09735391867020127,0.6706734661435427,0.07328972070130461,-0.008582488912601605
0.6716716716716716,0.13152562495306055,0.11313236491777603,0.397714140708392,0.0661960113966957,-0.27691722116485096,-0.09690880998914508,0.6716744586476657,0.07328112969423638,-0.0085824889125945
0.6726726726726726,0.13124860737353916,0.11303547869535666,0.397714140708392,0.0661960113966957,-0.27510919564502956,-0.09673697085268884,0.6726754511517886,0.07327253868716815,-0.0085824889125945
0.6736736736736737,0.13097485579261006,0.11293869730846134,0.397714140708392,0.0661960113966957,-0.27319021669278243,-0.09664025081310257,0.6736764436559116,0.07326394768009992,-0.0085824889125945
0.6746746746746747,0.1307016800127928,0.11284200471975482,0.397714140708392,0.0661960113966957,-0.27267388905691803,-0.09625625756407885,0.6746774361600346,0.0732553566730317,-0.008582488912601605
0.6756756756756757,0.13042896212082444,0.11274599208811284,0.397714140708392,0.0661960113966957,-0.2717730979043296,-0.09580260486129077,0.6756784286641576,0.07324676566596346,-0.0085824889125945
0.6766766766766766,0.13015758972669808,0.11265020771302552,0.397714140708392,0.0661960113966957,-0.2697540557722249,-0.09567077129080559,0.6766794211682805,0.07323817465889523,-0.0085824889125945
0.6776776776776777,0.12988891396112026,0.11255445901245557,0.397714140708392,0.0661960113966957,-0.26836642863275983,-0.09563298176730228,0.6776804136724035,0.07322958365182701,-0.0085824889125945
0.6786786786786787,0.12962031959930514,0.11245875029206993,0.397714140708392,0.0661960113966957,-0.26829118699512833,-0.0952195847428996,0.6786814061765265,0.07322099264475877,-0.0085824889125945
0.6796796796796797,0.12935179446763653,0.1123638292131705,0.397714140708392,0.0661960113966957,-0.2666643580295869,-0.09472330563293951,0.6796823986806495,0.07321240163769055,-0.008582488912601605
0.6806806806806807,0.12908645702066734,0.11226911404455654,0.397714140708392,0.0661960113966957,-0.26453266720004365,-0.09462045344535142,0.6806833911847724,0.07320381063062231,-0.0085824889125945
0.6816816816816816,0.12882219953830712,0.11217439887594256,0.397714140708392,0.0661960113966957,-0.26399322487789334,-0.09462045344537984,0.6816843836888954,0.07319521962355409,-0.008582488912601605
0.6826826826826827,0.12855794205594684,0.11207968370732857,0.397714140708392,0.0661960113966957,-0.26377614446180075,-0.0942670252098452,0.6826853761930184,0.07318662861648585,-0.008582488912601605
0.6836836836836837,0.1282941191690142,0.11198567610274968,0.397714140708392,0.0661960113966957,-0.26164960079817945,-0.09381735316118522,0.6836863686971414,0.07317803760941763,-0.008582488912587394
0.6846846846846847,0.12803411903132586,0.11189186117847735,0.397714140708392,0.0661960113966957,-0.2597167266137461,-0.09370946013041959,0.6846873612012643,0.0731694466023494,-0.00858248891260871
0.6856856856856857,0.1277741657623801,0.11179806957596206,0.397714140708392,0.0661960113966957,-0.25962301165235857,-0.09369152538344849,0.6856883537053873,0.07316085559528117,-0.008582488912601605
0.6866866866866866,0.12751435324223206,0.11170429055708907,0.397714140708392,0.0661960113966957,-0.2588057833776105,-0.09341989403271356,0.6866893462095103,0.07315226458821295,-0.008582488912601605
0.6876876876876877,0.12725603606592842,0.11161104276108176,0.397714140708392,0.0661960113966957,-0.25692056859550405,-0.093039695197362,0.6876903387136333,0.07314367358114471,-0.008582488912601605
0.6886886886886887,0.12699999774954834,0.11151802490103827,0.397714140708392,0.0661960113966957,-0.2556527953304695,-0.09289375967747304,0.6886913312177562,0.07313508257407648,-0.00858248891260871
0.6896896896896897,0.12674421865785943,0.11142506926823398,0.397714140708392,0.0661960113966957,-0.25540150362093783,-0.0928444969985236,0.6896923237218792,0.07312649156700825,-0.0085824889125945
0.6906906906906907,0.12648868342798492,0.11133215003217237,0.397714140708392,0.0661960113966957,-0.25426914945198575,-0.09264213190657955,0.6906933162260022,0.07311790055994002,-0.0085824889125945
0.6916916916916916,0.12623517131160922,0.11123959953468728,0.397714140708392,0.0661960113966957,-0.2526667195425176,-0.09232354675125265,0.6916943087301252,0.0731093095528718,-0.008582488912601605
0.6926926926926927,0.12598284414962152,0.11114731810674443,0.397714140708392,0.0661960113966957,-0.2517975130370971,-0.09215154856975971,0.692695301234248,0.07310071854580356,-0.008582488912601605
0.6936936936936937,0.1257310721864098,0.11105511194996301,0.397714140708392,0.0661960113966957,-0.2514134301370561,-0.09207738164940338,0.693696293738371,0.07309212753873534,-0.0085824889125945
0.6946946946946947,0.12547951395915696,0.11096297900434324,0.397714140708392,0.0661960113966957,-0.2501792145664581,-0.09192829857541795,0.694697286242494,0.0730835365316671,-0.0085824889125945
0.6956956956956957,0.12523021289798847,0.11087107131217439,0.397714140708392,0.0661960113966957,-0.24878316865126493,-0.09166543587571141,0.6956982787466169,0.07307494552459888,-0.008582488912601605
0.6966966966966966,0.12498144955745273,0.11077946461820568,0.397714140708392,0.0661960113966957,-0.2480662519777752,-0.09148122952927906,0.6966992712507399,0.07306635451753064,-0.008582488912601605
0.6976976976976977,0.12473358376489983,0.11068792570751118,0.397714140708392,0.0661960113966957,-0.2475519205497534,-0.09138861305788737,0.6977002637548629,0.07305776351046242,-0.0085824889125945
0.6986986986986987,0.12448585011691266,0.11059650443190358,0.397714140708392,0.0661960113966957,-0.2463728752466352,-0.09127641339230053,0.6987012562589859,0.0730491725033942,-0.0085824889125945
0.6996996996996997,0.1242403447754171,0.11050519014516423,0.397714140708392,0.0661960113966957,-0.24517306567129538,-0.09106306313368151,0.6997022487631088,0.07304058149632596,-0.008582488912601605
0.7007007007007007,0.12399501314860177,0.11041419599720152,0.397714140708392,0.0661960113966957,-0.24447578868412734,-0.09088788667258285,0.7007032412672318,0.07303199048925774,-0.008582488912601605
0.7017017017017017,0.12375090375703046,0.110323232414088,0.397714140708392,0.0661960113966957,-0.2438429165900189,-0.09077812211874203,0.7017042337713548,0.0730233994821895,-0.008582488912601605
0.7027027027027027,0.12350683914141453,0.11023245801498183,0.397714140708392,0.0661960113966957,-0.24281497186916567,-0.09065970649804456,0.7027052262754778,0.07301480847512128,-0.0085824889125945
0.7037037037037037,0.12326478769723231,0.11014173150017798,0.397714140708392,0.0661960113966957,-0.24179947459301587,-0.090513249342834,0.7037062187796007,0.07300621746805305,-0.008582488912601605
0.7047047047047047,0.12302275610919629,0.11005125030858977,0.397714140708392,0.0661960113966957,-0.24105144329017492,-0.0903615758670071,0.7047072112837237,0.07299762646098482,-0.0085824889125945
0.7057057057057057,0.12278220222517992,0.10996082744438818,0.397714140708392,0.0661960113966957,-0.24031333013235923,-0.09024374125395696,0.7057082037878467,0.07298903545391659,-0.008582488912601605
0.7067067067067067,0.12254164834116354,0.1098705821579312,0.397714140708392,0.0661960113966957,-0.23947368888097742,-0.09013455153542793,0.7067091962919697,0.07298044444684836,-0.0085824889125945
0.7077077077077077,0.1223027754206134,0.1097803778917647,0.397714140708392,0.0661960113966957,-0.23863377683774445,-0.09001530004242397,0.7077101887960926,0.07297185343978013,-0.008582488912601605
0.7087087087087087,0.12206390304218906,0.10969037134703545,0.397714140708392,0.0661960113966957,-0.23781363055409344,-0.08988964008786837,0.7087111813002156,0.0729632624327119,-0.0085824889125945
0.7097097097097097,0.12182667205614074,0.10960041865234955,0.397714140708392,0.0661960113966957,-0.23698006524073634,-0.0897821516168733,0.7097121738043386,0.07295467142564367,-0.0085824889125945
0.7107107107107107,0.12158946847714255,0.10951062729975443,0.397714140708392,0.0661960113966957,-0.2363208379413706,-0.08965918502921255,0.7107131663084616,0.07294608041857543,-0.008558223057129055
0.7117117117117117,0.12135355726546734,0.10942092078442321,0.397714140708392,0.0661960113966957,-0.2356436714337562,-0.0895698559410647,0.7117141588125845,0.07293753799138608,-0.0076496589641266155
0.7127127127127127,0.12111770937517308,0.1093313082688414,0.397714140708392,0.0661960113966957,-0.23477793266367541,-0.08947915287479447,0.7127151513167075,0.07293076591601107,-0.006765360726596725
0.7137137137137137,0.12088353137424876,0.10924178334123041,0.397714140708392,0.0661960113966957,-0.2338626733042588,-0.08938919941015655,0.7137161438208305,0.07292399384063605,-0.00676536072658962
0.7147147147147147,0.12064951583502442,0.10915235091266491,0.397714140708392,0.0661960113966957,-0.23333232586817587,-0.08926826931664067,0.7147171363249535,0.07291722176526105,-0.00676536072658962
0.7157157157157157,0.12041639959072889,0.10906306808734324,0.397714140708392,0.0661960113966957,-0.23280595920488878,-0.0891789098925031,0.7157181288290764,0.07291044968988604,-0.006765360726603831
0.7167167167167167,0.12018343783861825,0.10897381455652377,0.397714140708392,0.0661960113966957,-0.23195499410601172,-0.08911711661867372,0.7167191213331994,0.07290367761451103,-0.00676536072658962
0.7177177177177178,0.11995202522815429,0.10888465544146002,0.397714140708392,0.0661960113966957,-0.23097069673675463,-0.08904936510544559,0.7177201138373224,0.07289690553913603,-0.00676536072658962
0.7187187187187187,0.11972103404134746,0.10879553754930565,0.397714140708392,0.0661960113966957,-0.23048827583073717,-0.08894640483408978,0.7187211063414453,0.07289013346376101,-0.006765360726603831
0.7197197197197197,0.11949058723850318,0.1087065845609113,0.397714140708392,0.0661960113966957,-0.23010051283461763,-0.08884991896338335,0.7197220988455683,0.072883361388386,-0.006765360726596725
0.7207207207207207,0.11926037235399087,0.10861765983366324,0.397714140708392,0.0661960113966957,-0.22935065404423938,-0.08880723127326462,0.7207230913496913,0.07287658931301098,-0.006765360726596725
0.7217217217217217,0.11903142676994616,0.10852879230610997,0.397714140708392,0.0661960113966957,-0.22831014814579476,-0.08877259258428438,0.7217240838538143,0.07286981723763598,-0.00676536072658962
0.7227227227227228,0.1188032949803256,0.10843993692558661,0.397714140708392,0.0661960113966957,-0.22777329331253782,-0.08868832631997492,0.7227250763579371,0.07286304516226097,-0.006765360726603831
0.7237237237237237,0.11857542418073184,0.10835123809926317,0.397714140708392,0.0661960113966957,-0.22751168204666072,-0.0885879732806174,0.7237260688620601,0.07285627308688596,-0.006765360726596725
0.7247247247247247,0.11834781613738936,0.10826258362572551,0.397714140708392,0.0661960113966957,-0.22696592451161024,-0.08855275885034075,0.7247270613661831,0.07284950101151096,-0.006765360726596725
0.7257257257257257,0.11812103794547338,0.10817395529876199,0.397714140708392,0.0661960113966957,-0.2258820551124785,-0.08853165196790513,0.7257280538703061,0.07284272893613594,-0.006765360726596725
0.7267267267267267,0.11789559981083786,0.10808534308124523,0.397714140708392,0.0661960113966957,-0.22517571067596975,-0.08848443173467047,0.726729046374429,0.07283595686076093,-0.006765360726596725
0.7277277277277278,0.11767023572189786,0.10799680928928318,0.397714140708392,0.0661960113966957,-0.22502547929162375,-0.08839987217498191,0.727730038878552,0.07282918478538593,-0.006765360726596725
0.7287287287287287,0.11744509835079454,0.10790836636017417,0.397714140708392,0.0661960113966957,-0.22479117428589035,-0.0883519876122918,0.728731031382675,0.07282241271001091,-0.006765360726596725
0.7297297297297297,0.11722020334094513,0.10781992843320252,0.397714140708392,0.0661960113966957,-0.22366077978456644,-0.08834426542585305,0.729732023886798,0.0728156406346359,-0.00676536072658962
0.7307307307307307,0.11699732902189652,0.10773150096392622,0.397714140708392,0.0661960113966957,-0.22265144472956422,-0.08833240224027605,0.7307330163909209,0.07280886855926089,-0.006765360726603831
0.7317317317317317,0.11677445470284792,0.10764308678707585,0.397714140708392,0.0661960113966957,-0.22260427821566253,-0.08827953517334919,0.7317340088950439,0.07280209648388589,-0.00676536072658962
0.7327327327327328,0.11655167481125456,0.10755476515777337,0.397714140708392,0.0661960113966957,-0.222554433919953,-0.08823322144775858,0.7327350013991669,0.07279532440851087,-0.006765360726596725
0.7337337337337337,0.11632890028058572,0.10746644370109433,0.397714140708392,0.0661960113966957,-0.22161597982122316,-0.0882323396782212,0.7337359939032899,0.07278855233313586,-0.00676536072658962
0.7347347347347347,0.11610799917597683,0.10737812383709626,0.397714140708392,0.0661960113966957,-0.2204231351826067,-0.0882302964588817,0.7347369864074128,0.07278178025776086,-0.006765360726596725
0.7357357357357357,0.1158876127226626,0.10728980647094642,0.397714140708392,0.0661960113966957,-0.22016606686092643,-0.08821468337852423,0.7357379789115358,0.07277500818238584,-0.006765360726596725
0.7367367367367368,0.11566722626934835,0.10720151786436649,0.397714140708392,0.0661960113966957,-0.22016606686091222,-0.08819474208493006,0.7367389714156588,0.07276823610701083,-0.006765360726603831
0.7377377377377378,0.11544683981603412,0.10711324042072633,0.397714140708392,0.0661960113966957,-0.2197333035464979,-0.0881891661965355,0.7377399639197818,0.07276146403163582,-0.00676536072658962
0.7387387387387387,0.11522731975574174,0.10702496297708615,0.397714140708392,0.0661960113966957,-0.21868815908229777,-0.0881891661965355,0.7387409564239047,0.07275469195626082,-0.006765360726596725
0.7397397397397397,0.11500902568373723,0.10693668553344599,0.397714140708392,0.0661960113966957,-0.21806756414918738,-0.08819593303591233,0.7397419489280277,0.0727479198808858,-0.006765360726603831
0.7407407407407407,0.11479074805574338,0.10684839454257983,0.397714140708392,0.0661960113966957,-0.21802805851892515,-0.08821100678190419,0.7407429414321507,0.07274114780551079,-0.00676536072658962
0.7417417417417418,0.11457253307408974,0.10676008692127001,0.397714140708392,0.0661960113966957,-0.21799591542407626,-0.08821945579903456,0.7417439339362737,0.07273437573013579,-0.006765360726582514
0.7427427427427428,0.1143543197966361,0.10667177901545462,0.397714140708392,0.0661960113966957,-0.21710786274202576,-0.08821992381150778,0.7427449264403966,0.07272760365476078,-0.006765360726596725
0.7437437437437437,0.11413788269822983,0.10658347045718292,0.397714140708392,0.0661960113966957,-0.21622066130787232,-0.08822964690541113,0.7437459189445196,0.07272083157938576,-0.006765360726596725
0.7447447447447447,0.11392144559982356,0.10649514308571406,0.397714140708392,0.0661960113966957,-0.21613349535735438,-0.08827329462170042,0.7447469114486426,0.07271405950401075,-0.006765360726596725
0.7457457457457457,0.11370518300782473,0.10640674714462696,0.397714140708392,0.0661960113966957,-0.21602114989300958,-0.08831195110314383,0.7457479039527655,0.07270728742863575,-0.00676536072658962
0.7467467467467468,0.11348897082526298,0.10631834238280487,0.397714140708392,0.0661960113966957,-0.2155881377329294,-0.08832113716186996,0.7467488964568885,0.07270051535326073,-0.006765360726596725
0.7477477477477478,0.1132735751244755,0.10622992805120979,0.397714140708392,0.0661960113966957,-0.21484456243247507,-0.08832655218768082,0.7477498889610115,0.07269374327788572,-0.00676536072658962
0.7487487487487487,0.11305885158115392,0.10614151244849519,0.397714140708392,0.0661960113966957,-0.21445607524780996,-0.08838546310504825,0.7487508814651345,0.07268697120251072,-0.00676536072658962
0.7497497497497497,0.11284423363248791,0.10605298017712561,0.397714140708392,0.0661960113966957,-0.21428350115253636,-0.08846035584399203,0.7497518739692574,0.0726801991271357,-0.006765360726603831
0.7507507507507507,0.11262985558285056,0.10596441463899772,0.397714140708392,0.0661960113966957,-0.21412747584414404,-0.08848735678045472,0.7507528664733804,0.07267342705176069,-0.006765360726596725
0.7517517517517518,0.1124155499971643,0.10587582831169928,0.397714140708392,0.0661960113966957,-0.21351583803630803,-0.08850422833768334,0.7517538589775034,0.07266665497638568,-0.006765360726596725
0.7527527527527528,0.11220239644764271,0.10578722899668003,0.397714140708392,0.0661960113966957,-0.21294039597207615,-0.08855447169886332,0.7527548514816264,0.07265988290101068,-0.00676536072658962
0.7537537537537538,0.11198924289812112,0.10569854208207194,0.397714140708392,0.0661960113966957,-0.21276437443601992,-0.08865092098299243,0.7537558439857492,0.07265311082563566,-0.006765360726603831
0.7547547547547547,0.1117764417440671,0.10560974967539276,0.397714140708392,0.0661960113966957,-0.2125442973094991,-0.08871369324862854,0.7547568364898722,0.07264633875026065,-0.00676536072658962
0.7557557557557557,0.1115637287893934,0.10552093709058319,0.397714140708392,0.0661960113966957,-0.2122363974695176,-0.08874768034683456,0.7557578289939952,0.07263956667488565,-0.006765360726596725
0.7567567567567568,0.11135154405143544,0.10543207664166536,0.397714140708392,0.0661960113966957,-0.21174394562788024,-0.08878961772445138,0.7567588214981182,0.07263279459951064,-0.006765360726603831
0.7577577577577578,0.11113981698633454,0.10534318009814182,0.397714140708392,0.0661960113966957,-0.21144878362950692,-0.08889983033051152,0.7577598140022411,0.07262602252413562,-0.00676536072658962
0.7587587587587588,0.11092822316328829,0.10525409900336605,0.397714140708392,0.0661960113966957,-0.2111939750051519,-0.08900174847362763,0.7587608065063641,0.07261925044876062,-0.006765360726596725
0.7597597597597597,0.11071700622556348,0.10516499841951595,0.397714140708392,0.0661960113966957,-0.21100572078709234,-0.08905305072225644,0.7597617990104871,0.07261247837338561,-0.006765360726596725
0.7607607607607607,0.11050578928783866,0.1050758146175357,0.397714140708392,0.0661960113966957,-0.21062702002851097,-0.08910870442601748,0.7607627915146101,0.0726057062980106,-0.006765360726596725
0.7617617617617618,0.11029533050979068,0.10498660261485925,0.397714140708392,0.0661960113966957,-0.21024103067320965,-0.08921422916729682,0.761763784018733,0.07259893422263558,-0.006765360726596725
0.7627627627627628,0.11008488632352792,0.10489720755213569,0.397714140708392,0.0661960113966957,-0.21004211571023035,-0.08933083268127717,0.762764776522856,0.07259216214726058,-0.00676536072658962
0.7637637637637638,0.10987482577363407,0.10480776210899083,0.397714140708392,0.0661960113966957,-0.20976546607774793,-0.08941685771278429,0.763765769026979,0.07258539007188557,-0.006765360726596725
0.7647647647647647,0.10966493544048939,0.10471819482398197,0.397714140708392,0.0661960113966957,-0.2095640189337331,-0.08950349813447644,0.764766761531102,0.07257861799651055,-0.00676536072658962
0.7657657657657657,0.10945527818818117,0.10462857592653943,0.397714140708392,0.0661960113966957,-0.20927162910738417,-0.08960109906239211,0.7657677540352249,0.07257184592113555,-0.00676536072658962
0.7667667667667668,0.10924597322005418,0.10453881324427748,0.397714140708392,0.0661960113966957,-0.20906788422463052,-0.08972816515700544,0.7667687465393479,0.07256507384576054,-0.006765360726596725
0.7677677677677678,0.10903672386540912,0.10444893996025911,0.397714140708392,0.0661960113966957,-0.2087823147734582,-0.08983655836388493,0.7677697390434709,0.07255830177038552,-0.006765360726596725
0.7687687687687688,0.10882799060789511,0.10435896027458003,0.397714140708392,0.0661960113966957,-0.2085245242565108,-0.0899590044451628,0.7687707315475938,0.07255152969501051,-0.006765360726596725
0.7697697697697697,0.10861925735038108,0.1042688418532618,0.397714140708392,0.0661960113966957,-0.20835734229670066,-0.09006708187524026,0.7697717240517168,0.07254475761963551,-0.00676536072658962
0.7707707707707707,0.1084108587914853,0.10417864579635132,0.397714140708392,0.0661960113966957,-0.20814573798044478,-0.09019271276244467,0.7707727165558398,0.0725379855442605,-0.006765360726603831
0.7717717717717718,0.10820254916623605,0.10408827586174539,0.397714140708392,0.0661960113966957,-0.2079667661705784,-0.09031200215967061,0.7717737090599628,0.07253121346888548,-0.00676536072658962
0.7727727727727728,0.1079945089092619,0.10399784098722284,0.397714140708392,0.0661960113966957,-0.20768538194461428,-0.09047550788178427,0.7727747015640857,0.07252444139351048,-0.006765360726596725
0.7737737737737738,0.1077867626157964,0.10390714371383392,0.397714140708392,0.0661960113966957,-0.20751554166780295,-0.09063015298062282,0.7737756940682087,0.07251766931813547,-0.006765360726603831
0.7747747747747747,0.10757906237939643,0.10381639923951388,0.397714140708392,0.0661960113966957,-0.20737175899121496,-0.09074260930500344,0.7747766865723317,0.07251089724276046,-0.006765360726596725
0.7757757757757757,0.1073716039391373,0.10372547682833842,0.397714140708392,0.0661960113966957,-0.20725098181889479,-0.0908618479377239,0.7757776790764547,0.07250412516738544,-0.00676536072658962
0.7767767767767768,0.10716414549887814,0.10363449363803696,0.397714140708392,0.0661960113966957,-0.20702950659386232,-0.09107469563593185,0.7767786715805776,0.07249735309201044,-0.006765360726596725
0.7777777777777778,0.10695713045246288,0.10354314510534354,0.397714140708392,0.0661960113966957,-0.20676541094749012,-0.09128122171554054,0.7777796640847006,0.07249058101663543,-0.006765360726596725
0.7787787787787788,0.1067502007322165,0.10345174844941726,0.397714140708392,0.0661960113966957,-0.20667732512714565,-0.09140092971976799,0.7787806565888236,0.07248380894126041,-0.00676536072658962
0.7797797797797797,0.10654336203378993,0.10336016026105972,0.397714140708392,0.0661960113966957,-0.20658840424980696,-0.09152365125556372,0.7797816490929466,0.07247703686588541,-0.00676536072658962
0.7807807807807807,0.106336610333318,0.1032685179163731,0.397714140708392,0.0661960113966957,-0.20650245506964637,-0.09174474580128589,0.7807826415970694,0.0724702647905104,-0.006765360726603831
0.7817817817817818,0.10612994370532218,0.1031764870962924,0.397714140708392,0.0661960113966957,-0.20626895022825664,-0.09201274708020435,0.7817836341011924,0.07246349271513539,-0.006765360726596725
0.7827827827827828,0.10592365948201016,0.10308430821250882,0.397714140708392,0.0661960113966957,-0.20607793908871486,-0.09214756614810682,0.7827846266053154,0.07245672063976037,-0.00917610515687528
0.7837837837837838,0.10571737525869813,0.10299200748438428,0.397714140708392,0.0661960113966957,-0.2060363221997008,-0.0922336129514747,0.7837856191094384,0.07244512229017723,-0.01181802504483187
0.7847847847847848,0.10551117435248124,0.1028996563347281,0.397714140708392,0.0661960113966957,-0.20598720999279152,-0.09247228196673518,0.7847866116135613,0.07243306113079354,-0.01204920050251701
0.7857857857857857,0.10530498845190578,0.10280687779075719,0.397714140708392,0.0661960113966957,-0.2058786254187268,-0.09280956241514104,0.7857876041176843,0.07242099997140984,-0.01204920050251701
0.7867867867867868,0.10509900493222353,0.10271385140496805,0.397714140708392,0.0661960113966957,-0.2056810589883895,-0.09296713589892391,0.7867885966218073,0.07240893881202615,-0.012049200502509905
0.7877877877877878,0.10489321456003711,0.10262075739856713,0.397714140708392,0.0661960113966957,-0.2055816397327206,-0.09302641488608998,0.7877895891259303,0.07239687765264247,-0.012049200502509905
0.7887887887887888,0.10468743007790378,0.10252761233612703,0.397714140708392,0.0661960113966957,-0.20556448187939225,-0.09326317321345101,0.7887905816300532,0.07238481649325877,-0.01204920050251701
0.7897897897897898,0.10448167405577406,0.10243404433908074,0.397714140708392,0.0661960113966957,-0.2055502661075863,-0.0936709607712416,0.7897915741341762,0.07237275533387508,-0.01204920050251701
0.7907907907907907,0.10427591803364435,0.10234008288513356,0.397714140708392,0.0661960113966957,-0.20544805717733539,-0.09388012467172757,0.7907925666382992,0.07236069417449138,-0.01204920050251701
0.7917917917917918,0.1040703666339976,0.10224609614153975,0.397714140708392,0.0661960113966957,-0.2053250443004231,-0.09390646330864882,0.7917935591424222,0.07234863301510769,-0.0120492005025028
0.7927927927927928,0.10386485688389373,0.10215208195758871,0.397714140708392,0.0661960113966957,-0.2053030930003743,-0.0941361830802876,0.7927945516465451,0.07233657185572401,-0.01204920050251701
0.7937937937937938,0.10365934943079366,0.1020576353145522,0.397714140708392,0.0661960113966957,-0.20530073937572269,-0.09462117804935843,0.7937955441506681,0.07232451069634031,-0.01204920050251701
0.7947947947947948,0.10345384439265104,0.10196265016970212,0.397714140708392,0.0661960113966957,-0.20529247527241523,-0.09489119892000986,0.7947965366547911,0.07231244953695662,-0.01204920050251701
0.7957957957957957,0.10324835348430235,0.10186766294434196,0.397714140708392,0.0661960113966957,-0.20524347395772935,-0.09489223813480407,0.795797529158914,0.07230038837757292,-0.01204920050251701
0.7967967967967968,0.10304294654688982,0.10177267571898178,0.397714140708392,0.0661960113966957,-0.20520153047510092,-0.09511525895080553,0.796798521663037,0.07228832721818924,-0.012049200502509905
0.7977977977977978,0.10283753960947731,0.10167724200550149,0.397714140708392,0.0661960113966957,-0.20520153047509382,-0.0956599635136115,0.79779951416716,0.07227626605880555,-0.01204920050251701
0.7987987987987988,0.10263213267206481,0.10158116428051611,0.397714140708392,0.0661960113966957,-0.2052015304750867,-0.09598740722380228,0.798800506671283,0.07226420489942185,-0.012049200502509905
0.7997997997997998,0.10242672573465231,0.10148507502407246,0.397714140708392,0.0661960113966957,-0.20521748550714136,-0.09600125703970264,0.7998014991754059,0.07225214374003816,-0.01204920050251701
0.8008008008008007,0.10222128685523371,0.10138896957172791,0.397714140708392,0.0661960113966957,-0.20525255960841804,-0.09623941993332608,0.8008024916795289,0.07224008258065447,-0.012049200502509905
0.8018018018018018,0.10201580969940022,0.10129240351269443,0.397714140708392,0.0661960113966957,-0.20527180193310812,-0.09678343660088018,0.8018034841836519,0.07222802142127079,-0.012049200502509905
0.8028028028028028,0.10181033229680905,0.10119520893789231,0.397714140708392,0.0661960113966957,-0.20527291107465118,-0.09712548515012287,0.8028044766877749,0.07221596026188709,-0.01204920050251701
0.8038038038038038,0.101604852920472,0.10109795809697848,0.397714140708392,0.0661960113966957,-0.20527389696071197,-0.09718722806124447,0.8038054691918978,0.0722038991025034,-0.01204920050251701
0.8048048048048048,0.10139937354413496,0.10100063991274467,0.397714140708392,0.0661960113966957,-0.20535911990265987,-0.09748099161328838,0.8048064616960208,0.0721918379431197,-0.012049200502509905
0.8058058058058059,0.10119372355129751,0.10090280095661154,0.397714140708392,0.0661960113966957,-0.20547017632729592,-0.09801814864446357,0.8058074542001438,0.07217977678373602,-0.012049200502509905
0.8068068068068068,0.10098802183977598,0.1008044073829259,0.397714140708392,0.0661960113966957,-0.20550169335939472,-0.09835827871619074,0.8068084467042668,0.07216771562435233,-0.012049200502509905
0.8078078078078078,0.10078230874977721,0.10070588748570826,0.397714140708392,0.0661960113966957,-0.20551502955565581,-0.09847566739615132,0.8078094392083897,0.07215565446496863,-0.012049200502524116
0.8088088088088088,0.10057658033916406,0.10060725889965032,0.397714140708392,0.0661960113966957,-0.2055375414411671,-0.09884177646064529,0.8088104317125127,0.07214359330558494,-0.01204920050251701
0.8098098098098098,0.10037082218032543,0.10050800605135261,0.397714140708392,0.0661960113966957,-0.20571180439562653,-0.09936537447565286,0.8098114242166357,0.07213153214620124,-0.012049200502509905
0.8108108108108109,0.10016474489492856,0.1004083292210204,0.397714140708392,0.0661960113966957,-0.20587120811146065,-0.09969893925957507,0.8108124167207587,0.07211947098681756,-0.012049200502509905
0.8118118118118118,0.0999586676095317,0.10030840857535746,0.397714140708392,0.0661960113966957,-0.2059005853931879,-0.0998873949705299,0.8118134092248815,0.07210740982743387,-0.012049200502524116
0.8128128128128128,0.09975253151075802,0.10020835445631464,0.397714140708392,0.0661960113966957,-0.2059398427023993,-0.10032088323895039,0.8128144017290045,0.07209534866805017,-0.01204920050251701
0.8138138138138138,0.09954637563214953,0.10010756596627048,0.397714140708392,0.0661960113966957,-0.20604224601638066,-0.1008255216067866,0.8138153942331275,0.07208328750866648,-0.012049200502509905
0.8148148148148148,0.09934003452173626,0.10000650156020496,0.397714140708392,0.0661960113966957,-0.20626666746827738,-0.10116332237086567,0.8148163867372505,0.0720712263492828,-0.012049200502509905
0.8158158158158159,0.09913342935093176,0.09990503679235484,0.397714140708392,0.0661960113966957,-0.20640499526822964,-0.10145485313395142,0.8158173792413734,0.0720591651898991,-0.012049200502524116
0.8168168168168168,0.09892681130798603,0.09980338874111795,0.397714140708392,0.0661960113966957,-0.20648407759618692,-0.10191561751196332,0.8168183717454964,0.07204710403051541,-0.01204920050251701
0.8178178178178178,0.09872004781420267,0.09970100152206061,0.397714140708392,0.0661960113966957,-0.20655673028958432,-0.1023965675962657,0.8178193642496194,0.07203504287113172,-0.01204920050251701
0.8188188188188188,0.09851328432041931,0.0995983906077921,0.397714140708392,0.0661960113966957,-0.20675341043160955,-0.10277085362965721,0.8188203567537424,0.07202298171174802,-0.0120492005025028
0.8198198198198198,0.09830612707259785,0.09949525406734659,0.397714140708392,0.0661960113966957,-0.20701491273971584,-0.10316586346787204,0.8198213492578653,0.07201092055236434,-0.012049200502509905
0.8208208208208209,0.09809884005067013,0.09939185234259115,0.397714140708392,0.0661960113966957,-0.20713680976030702,-0.10363183545081966,0.8208223417619883,0.07199885939298065,-0.012049200502509905
0.8218218218218218,0.0978914387647694,0.0992877829253029,0.397714140708392,0.0661960113966957,-0.20726990966412018,-0.10414416524425718,0.8218233342661113,0.07198679823359695,-0.012049200502524116
0.8228228228228228,0.0976838852765678,0.09918335551527534,0.397714140708392,0.0661960113966957,-0.20737688814348587,-0.10457521876824671,0.8228243267702342,0.07197473707421326,-0.015340977364964203
0.8238238238238238,0.0974762698195372,0.09907842312796906,0.397714140708392,0.0661960113966957,-0.20766219750218795,-0.10507653465856492,0.8238253192743572,0.07195608582690047,-0.01868820450910391
0.8248248248248248,0.09726814514142829,0.09897299208252545,0.397714140708392,0.0661960113966957,-0.20791655343082027,-0.10551812345900657,0.8248263117784802,0.071937323568955,-0.018743654790810638
0.8258258258258259,0.09706002046331934,0.09886717563355665,0.397714140708392,0.0661960113966957,-0.20807673047327313,-0.10610264590652463,0.8258273042826032,0.07191856131100953,-0.018743654790810638
0.8268268268268268,0.09685157511045074,0.09876057437300287,0.397714140708392,0.0661960113966957,-0.20827832833271742,-0.10664920175616999,0.8268282967867261,0.07189979905306407,-0.018743654790803532
0.8278278278278278,0.09664304683302362,0.09865366371812889,0.397714140708392,0.0661960113966957,-0.20846316358723982,-0.10712276479905114,0.8278292892908491,0.0718810367951186,-0.018743654790796427
0.8288288288288288,0.09643423143960542,0.09854611438341518,0.397714140708392,0.0661960113966957,-0.20875882526784295,-0.10762502386601369,0.8288302817949721,0.07186227453717314,-0.018743654790803532
0.8298298298298298,0.09622511124690182,0.09843819820488363,0.397714140708392,0.0661960113966957,-0.20896296200825049,-0.1082392575144695,0.8298312742990951,0.07184351227922768,-0.018743654790803532
0.8308308308308309,0.09601588717132062,0.098329419173176,0.397714140708392,0.0661960113966957,-0.209247873685797,-0.10883649737429124,0.830832266803218,0.0718247500212822,-0.018743654790817743
0.8318318318318318,0.09580619658486818,0.0982203073192494,0.397714140708392,0.0661960113966957,-0.20948089586599394,-0.1091805839351494,0.831833259307341,0.07180598776333674,-0.018743654790803532
0.8328328328328328,0.09559650599841574,0.0981108394255581,0.397714140708392,0.0661960113966957,-0.20973973297056858,-0.10984963671943859,0.832834251811464,0.07178722550539128,-0.018743654790796427
0.8338338338338338,0.09538629721956174,0.0980003881266179,0.397714140708392,0.0661960113966957,-0.21003205516202428,-0.11060458431084896,0.833835244315587,0.07176846324744582,-0.018743654790803532
0.8348348348348348,0.09517602140349678,0.09788940882633718,0.397714140708392,0.0661960113966957,-0.2102937197720962,-0.11104668297800657,0.8348362368197099,0.07174970098950036,-0.018743654790810638
0.8358358358358359,0.09496528877156954,0.09777807244498027,0.397714140708392,0.0661960113966957,-0.21067710522164873,-0.11147142039547475,0.8358372293238329,0.07173093873155488,-0.018743654790810638
0.8368368368368369,0.09475424541706703,0.09766624281953942,0.397714140708392,0.0661960113966957,-0.21092261909768695,-0.11237623408160147,0.8368382218279559,0.07171217647360942,-0.018743654790803532
0.8378378378378378,0.09454302126586847,0.09755309499937147,0.397714140708392,0.0661960113966957,-0.21121094203189017,-0.11311871685607144,0.8378392143320789,0.07169341421566396,-0.018743654790803532
0.8388388388388388,0.09433140068827447,0.09743977892192968,0.397714140708392,0.0661960113966957,-0.21142851210046132,-0.11329422486225837,0.8388402068362018,0.0716746519577185,-0.018743654790803532
0.8398398398398398,0.09411974096136305,0.09732627973438196,0.397714140708392,0.0661960113966957,-0.21195011413456655,-0.1142207929249821,0.8398411993403248,0.07165588969977303,-0.018743654790810638
0.8408408408408409,0.0939070761354525,0.09721110866582361,0.397714140708392,0.0661960113966957,-0.21245216108461307,-0.11522711109690675,0.8408421918444478,0.07163712744182756,-0.018743654790810638
0.8418418418418419,0.09369441130954198,0.09709559482728104,0.397714140708392,0.0661960113966957,-0.21264862050851008,-0.11545979768783354,0.8418431843485707,0.0716183651838821,-0.018743654790796427
0.8428428428428428,0.0934813531714715,0.09697995791970182,0.397714140708392,0.0661960113966957,-0.21290279302940007,-0.11615223262695906,0.8428441768526936,0.07159960292593663,-0.018743654790803532
0.8438438438438438,0.09326817949166531,0.09686305782502487,0.397714140708392,0.0661960113966957,-0.21329702532982964,-0.11731029829792305,0.8438451693568166,0.07158084066799117,-0.018743654790810638
0.8448448448448448,0.09305433209974014,0.09674510246765393,0.397714140708392,0.0661960113966957,-0.21395199985078506,-0.11783740201357062,0.8448461618609396,0.07156207841004569,-0.018743654790803532
0.8458458458458459,0.09283984715963171,0.09662714711028297,0.397714140708392,0.0661960113966957,-0.2143242040346749,-0.11822676454912084,0.8458471543650625,0.07154331615210023,-0.018743654790803532
0.8468468468468469,0.0926252546141852,0.09650841224833635,0.397714140708392,0.0661960113966957,-0.21452442064298083,-0.11950560700816482,0.8468481468691855,0.07152455389415477,-0.018743654790803532
0.8478478478478478,0.09241036884002615,0.09638789664580218,0.397714140708392,0.0661960113966957,-0.21469230569102393,-0.12041139108483634,0.8478491393733085,0.0715057916362093,-0.020773510535406103
0.8488488488488488,0.09219544018837736,0.09626734840232067,0.397714140708392,0.0661960113966957,-0.21547665823334938,-0.12068656385080345,0.8488501318774315,0.07148296563749425,-0.027209891445465928
0.8498498498498498,0.0919789841388583,0.09614628190335812,0.397714140708392,0.0661960113966957,-0.21623959346955957,-0.12184075784581694,0.8498511243815544,0.07145131784145949,-0.0316164166109445
0.8508508508508509,0.0917625280893392,0.09602342296118789,0.397714140708392,0.0661960113966957,-0.21635062808852012,-0.12290606751584932,0.8508521168856774,0.0714196700454247,-0.03161641661093739
0.8518518518518519,0.09154584974829068,0.09590022371013317,0.397714140708392,0.0661960113966957,-0.21648900343456035,-0.12321083535360344,0.8518531093898004,0.07138802224938992,-0.03161641661093739
0.8528528528528528,0.0913291166710518,0.09577675462214165,0.397714140708392,0.0661960113966957,-0.21706703097989077,-0.12440519536473005,0.8528541018939234,0.07135637445335515,-0.03161641661093029
0.8538538538538538,0.09111128111770032,0.09565116425995353,0.397714140708392,0.0661960113966957,-0.21801588484229484,-0.12564695665594172,0.8538550943980463,0.07132472665732038,-0.03161641661093739
0.8548548548548548,0.0908926484331293,0.095525209163371,0.397714140708392,0.0661960113966957,-0.2184371952573656,-0.12609962659816176,0.8548560869021693,0.07129307886128561,-0.03161641661093739
0.8558558558558559,0.09067396941548338,0.09539871255505229,0.397714140708392,0.0661960113966957,-0.2184984808873196,-0.12719710945383866,0.8558570794062923,0.07126143106525083,-0.0316164166109445
0.8568568568568569,0.09045521403695847,0.09527056029559554,0.397714140708392,0.0661960113966957,-0.21873580937808157,-0.12838075051504205,0.8568580719104153,0.07122978326921604,-0.03161641661093029
0.8578578578578578,0.09023605988719895,0.09514169403550267,0.397714140708392,0.0661960113966957,-0.2198667301327788,-0.12897148459580876,0.8578590644145382,0.07119813547318128,-0.03161641661093029
0.8588588588588588,0.09001504040305902,0.09501235912523356,0.397714140708392,0.0661960113966957,-0.22079846465578612,-0.13021170599164833,0.8588600569186612,0.0711664876771465,-0.03161641661093739
0.8598598598598598,0.0897940209189191,0.0948810099394233,0.397714140708392,0.0661960113966957,-0.22079846465579323,-0.13153891076201774,0.8598610494227842,0.07113483988111173,-0.03161641661093029
0.8608608608608609,0.08957300143477914,0.09474901796254684,0.397714140708392,0.0661960113966957,-0.22079846465578612,-0.1322720997821918,0.8608620419269072,0.07110319208507695,-0.03161641661093029
0.8618618618618619,0.08935198195063922,0.09461620093085032,0.397714140708392,0.0661960113966957,-0.22183551194940065,-0.13353593402852937,0.8618630344310301,0.07107154428904218,-0.0316164166109445
0.8628628628628628,0.08912888629574131,0.09448167875528252,0.397714140708392,0.0661960113966957,-0.22310294892338334,-0.13491843160910832,0.8628640269351531,0.0710398964930074,-0.03256650793620963
0.8638638638638638,0.08890532940024207,0.09434609396066192,0.397714140708392,0.0661960113966957,-0.22335473693227925,-0.13598574772809258,0.8638650194392761,0.07100634662838295,-0.04224416539559428
0.8648648648648649,0.08868172966524625,0.09420943501608714,0.397714140708392,0.0661960113966957,-0.22338696315171092,-0.137189414596655,0.8648660119433991,0.07095532430719956,-0.05097173152969248
0.8658658658658659,0.08845810825279117,0.09407144047798591,0.397714140708392,0.0661960113966957,-0.22404388016188648,-0.13852801462408593,0.865867004447522,0.07090430198601616,-0.05097173152969958
0.8668668668668669,0.08823319336862587,0.09393210165347636,0.397714140708392,0.0661960113966957,-0.2253097165179625,-0.139782144306281,0.866867996951645,0.07085327966483276,-0.05097173152969958
0.8678678678678678,0.08800703774925171,0.0937915963452406,0.397714140708392,0.0661960113966957,-0.22598430139090908,-0.1409444989973423,0.867868989455768,0.07080225734364937,-0.05097173152969248
0.8688688688688688,0.08778077234482025,0.09364993048431253,0.397714140708392,0.0661960113966957,-0.22612825542360326,-0.14237702575081812,0.868869981959891,0.07075123502246597,-0.05097173152969248
0.8698698698698699,0.08755432852918443,0.09350655725464839,0.397714140708392,0.0661960113966957,-0.22653499459991622,-0.14382901394937875,0.8698709744640138,0.07070021270128257,-0.05097173152969958
0.8708708708708709,0.08732724883210768,0.09336198451043988,0.397714140708392,0.0661960113966957,-0.22778458118075662,-0.14517601096996913,0.8708719669681368,0.07064919038009917,-0.05097173152969958
0.8718718718718719,0.08709830334163537,0.09321591459004386,0.397714140708392,0.0661960113966957,-0.22875769821732206,-0.14666799752333048,0.8718729594722598,0.07059816805891578,-0.05097173152969248
0.8728728728728729,0.08686927546230325,0.09306835488576856,0.397714140708392,0.0661960113966957,-0.22903084216261504,-0.14788785663986204,0.8728739519763827,0.0705471457377324,-0.05221484163293866
0.8738738738738738,0.08663978313710563,0.09291984280497907,0.397714140708392,0.0661960113966957,-0.22932638072745704,-0.14969055540269238,0.8738749444805057,0.0704936347287587,-0.05410020427355988
0.8748748748748749,0.086410163588975,0.09276867409417157,0.397714140708392,0.0661960113966957,-0.23054470627314316,-0.15144830785607866,0.8748759369846287,0.07043883793983367,-0.05474245681095624
0.8758758758758759,0.0861782321735958,0.09261664298945137,0.397714140708392,0.0661960113966957,-0.23169948396383688,-0.1526961740655608,0.8758769294887517,0.07038404115090863,-0.05474245681096335
0.8768768768768769,0.08594630075821659,0.09246297604799428,0.397714140708392,0.0661960113966957,-0.23210973560716752,-0.1546063876071102,0.8768779219928746,0.07032924436198358,-0.05474245681096335
0.8778778778778779,0.0857135480182261,0.09230712069193964,0.397714140708392,0.0661960113966957,-0.23253019440993938,-0.15596162441259764,0.8778789144969976,0.07027444757305853,-0.05474245681095624
0.8788788788788788,0.08548077484348199,0.09215074056368479,0.397714140708392,0.0661960113966957,-0.23360275930764374,-0.15803755566656008,0.8788799070011206,0.07021965078413349,-0.05474245681095624
0.8798798798798799,0.085245874826419,0.09199072918910367,0.397714140708392,0.0661960113966957,-0.23477430979865233,-0.16009650243925222,0.8798808995052436,0.07016485399520844,-0.054742456810949136
0.8808808808808809,0.08501075620524642,0.09183022704528787,0.397714140708392,0.0661960113966957,-0.23538711056697537,-0.16158536209339758,0.8808818920093665,0.07011005720628341,-0.05474245681096335
0.8818818818818819,0.08477462935981846,0.09166723497069848,0.397714140708392,0.0661960113966957,-0.23597371914558352,-0.16384554764916714,0.8818828845134895,0.07005526041735836,-0.057851900897098574
0.8828828828828829,0.08453833634709712,0.09150220793087513,0.397714140708392,0.0661960113966957,-0.23696626462105286,-0.16541283478227342,0.8828838770176125,0.06999423856798889,-0.06142318392926427
0.8838838838838838,0.08430022242364019,0.09133607814430755,0.397714140708392,0.0661960113966957,-0.23807492591347312,-0.1678598888826457,0.8838848695217355,0.06993229212397324,-0.06188502287530184
0.8848848848848849,0.08406170986879186,0.09116615209727624,0.397714140708392,0.0661960113966957,-0.23889286729011872,-0.17005974247817335,0.8848858620258584,0.06987034567995759,-0.06188502287530184
0.8858858858858859,0.08382195842506135,0.0909956181994063,0.397714140708392,0.0661960113966957,-0.23966518509039503,-0.17212913969103028,0.8858868545299814,0.06980839923594194,-0.06188502287528763
0.8868868868868869,0.0835818996884307,0.09082154921501191,0.397714140708392,0.0661960113966957,-0.24065358947132154,-0.17451023001086696,0.8868878470341044,0.0697464527919263,-0.06188502287528763
0.8878878878878879,0.08334016945715081,0.09064624836955472,0.397714140708392,0.0661960113966957,-0.24170363474561185,-0.17673587982654482,0.8878888395382274,0.06968450634791065,-0.06188502287530184
0.8888888888888888,0.08309800852777885,0.0904677236297736,0.397714140708392,0.0661960113966957,-0.24272407494675718,-0.17927666539100784,0.8888898320423503,0.069622559903895,-0.06245188632228604
0.8898898898898899,0.08285423537317331,0.09028733612652967,0.397714140708392,0.0661960113966957,-0.24372272203988388,-0.18180550710675902,0.8898908245464733,0.06955947860775677,-0.06833399091156878
0.8908908908908909,0.0826100751503216,0.09010374864057086,0.397714140708392,0.0661960113966957,-0.24473950384928855,-0.18464334839809027,0.8908918170505963,0.06948575627853643,-0.07364923205387441
0.8918918918918919,0.08236426639649806,0.08991767977338035,0.397714140708392,0.0661960113966957,-0.24572689089353617,-0.1873977507541511,0.8918928095547193,0.06941203394931608,-0.07364923205386731
0.8928928928928929,0.08211812942280701,0.08972857796839039,0.397714140708392,0.0661960113966957,-0.24701240382262313,-0.19033797555545817,0.8928938020588422,0.06933831162009575,-0.07364923205388152
0.8938938938938938,0.08186974706952585,0.08953662276526132,0.397714140708392,0.0661960113966957,-0.24829074226363446,-0.1932883860718846,0.8938947945629652,0.06926458929087541,-0.07364923205386731
0.8948948948948949,0.08162105085971663,0.08934161423251073,0.397714140708392,0.0661960113966957,-0.2492212001433245,-0.19635539014290515,0.8948957870670882,0.06919086696165508,-0.07364923205386731
0.8958958958958959,0.08137080572789755,0.08914351888109133,0.397714140708392,0.0661960113966957,-0.2500686233930196,-0.19952130807500623,0.8958967795712112,0.06911714463243473,-0.07754529025707768
0.8968968968968969,0.08112041297504594,0.08894217217430252,0.397714140708392,0.0661960113966957,-0.251581203691579,-0.20286927268107036,0.896897772075334,0.06903562245310033,-0.08445472378656405
0.8978978978978979,0.08086713965444094,0.08873737419103914,0.397714140708392,0.0661960113966957,-0.25309961928338254,-0.20612972630267024,0.897898764579457,0.06894806754153848,-0.08746809911284004
0.8988988988988988,0.08061370703053466,0.08852950004957245,0.397714140708392,0.0661960113966957,-0.25378732756310285,-0.20975115264616306,0.89889975708358,0.06886051262997664,-0.08746809911283293
0.8998998998998999,0.08035905691657685,0.08831745196351927,0.397714140708392,0.0661960113966957,-0.2547856043554404,-0.21364340259311376,0.8999007495877029,0.06877295771841482,-0.08746809911284004
0.9009009009009009,0.08010362574053376,0.08810178552986649,0.397714140708392,0.0661960113966957,-0.25652327089935056,-0.21744342033268538,0.9009017420918259,0.06868540280685298,-0.08784160682633058
0.9019019019019019,0.07984549681467627,0.08788212980069107,0.397714140708392,0.0661960113966957,-0.25806226622572126,-0.22139156675977745,0.9019027345959489,0.06859710013844827,-0.09372989991109648
0.9029029029029029,0.0795869845669087,0.08765855916998706,0.397714140708392,0.0661960113966957,-0.25859587278311835,-0.22556996730615708,0.9029037271000719,0.06849775695240656,-0.09924468528238606
0.9039039039039038,0.07932778735965502,0.08743053827455263,0.397714140708392,0.0661960113966957,-0.2599573972971143,-0.23020155283450805,0.9039047196041948,0.06839841376636485,-0.09924468528238606
0.9049049049049049,0.07906654933708462,0.08719769520034841,0.397714140708392,0.0661960113966957,-0.2619928665821263,-0.23469407962856081,0.9049057121083178,0.06829907058032314,-0.09924468528238606
0.9059059059059059,0.07880327711624735,0.08696068025727823,0.397714140708392,0.0661960113966957,-0.26325014878813846,-0.23952230654825968,0.9059067046124408,0.06819972739428141,-0.099743678041321
0.9069069069069069,0.07853952201218345,0.08671817106311466,0.397714140708392,0.0661960113966957,-0.26360931193655546,-0.24472308682616273,0.9069076971165638,0.0680993852322171,-0.10205721848149096
0.9079079079079079,0.078275530746004,0.08647074414751615,0.397714140708392,0.0661960113966957,-0.265725706042403,-0.24943215390412377,0.9079086896206867,0.06799541037289819,-0.1038717661627544
0.9089089089089089,0.07800753861670318,0.08621880739163496,0.397714140708392,0.0661960113966957,-0.2680933147763298,-0.255696906081603,0.9089096821248097,0.06789143551357926,-0.10387176616274729
0.9099099099099099,0.07773880739309844,0.08595883842963507,0.397714140708392,0.0661960113966957,-0.26861694688543736,-0.26213747054691794,0.9099106746289327,0.06778746065426033,-0.10387176616274729
0.9109109109109109,0.07746976695126682,0.08569400765080025,0.397714140708392,0.0661960113966957,-0.2694892457581446,-0.26790164377282366,0.9109116671330557,0.0676834857949414,-0.10459659486932082
0.9119119119119119,0.07719928938357264,0.08542249880246228,0.397714140708392,0.0661960113966957,-0.27219756853155275,-0.2748838267019025,0.9119126596371786,0.06757805983941838,-0.10583798817619794
0.9129129129129129,0.07692482687412659,0.08514368967942508,0.397714140708392,0.0661960113966957,-0.2741880469365938,-0.28203002575673963,0.9129136521413016,0.06747159972930974,-0.10635455277649442
0.9139139139139139,0.07665036436468056,0.08485787412627262,0.397714140708392,0.0661960113966957,-0.2741880469366009,-0.2894267667292212,0.9139146446454246,0.06736513961920113,-0.10635455277649442
0.914914914914915,0.07637590185523449,0.0845642567130002,0.397714140708392,0.0661960113966957,-0.2764357344705033,-0.2973774814434762,0.9149156371495476,0.06725867950909249,-0.10649451307835989
0.9159159159159159,0.07609693947084568,0.08426252381307245,0.397714140708392,0.0661960113966957,-0.2794121734918491,-0.30565264616600274,0.9159166296536705,0.0671519392005578,-0.10881906614958581
0.9169169169169169,0.07581651812452009,0.08395233950345868,0.397714140708392,0.0661960113966957,-0.28019568399258077,-0.31432468481541065,0.9169176221577935,0.06704082537004971,-0.11100365891895336
0.9179179179179179,0.07553598715054022,0.08363324516479337,0.397714140708392,0.0661960113966957,-0.28117893518086134,-0.3235092761959777,0.9179186146619165,0.06692971153954161,-0.11100365891895336
0.9189189189189189,0.07525359733336723,0.08330467328484813,0.397714140708392,0.0661960113966957,-0.2840661049629034,-0.33363558555588924,0.9189196071660395,0.06681859770903352,-0.11100365891894626
0.91991991991992,0.07496728623970357,0.08296530605457135,0.397714140708392,0.0661960113966957,-0.2862226562294339,-0.34475205511250806,0.9199205996701624,0.06670748387852543,-0.11448579716498841
0.9209209209209209,0.07468057900257755,0.08261447898031857,0.397714140708392,0.0661960113966957,-0.2865320570516019,-0.35647713397446523,0.9209215921742854,0.06658939885945214,-0.11928214092797873
0.9219219219219219,0.07439364848784852,0.08225163811868655,0.397714140708392,0.0661960113966957,-0.28931544659516106,-0.3688240866311645,0.9219225846784084,0.06646868282063614,-0.120596346444934
0.9229229229229229,0.07410136889928394,0.08187609242049644,0.397714140708392,0.0661960113966957,-0.2922804410512754,-0.3818241959723423,0.9229235771825313,0.06634796678182016,-0.1205963464449269
0.9239239239239239,0.07380850245971785,0.08148722531393714,0.397714140708392,0.0661960113966957,-0.2929766419622766,-0.3959246633876532,0.9239245696866543,0.06622725074300417,-0.12551641954170378
0.924924924924925,0.07351482907553562,0.08108345045175236,0.397714140708392,0.0661960113966957,-0.2951689324280409,-0.40485811806820493,0.9249255621907773,0.06609668479160895,-0.13219633815383958
0.9259259259259259,0.07321757366606808,0.08067669855103779,0.397714140708392,0.0661960113966957,-0.29787786078043155,-0.4064293341701912,0.9259265546949003,0.06596259565587516,-0.13395618366919848
0.9269269269269269,0.07291847700190114,0.08026977811107132,0.397714140708392,0.0661960113966957,-0.2996347443511169,-0.4066883566949002,0.9269275471990231,0.06582850652014138,-0.13493797023326692
0.9279279279279279,0.0726177043080078,0.07986250764674371,0.397714140708392,0.0661960113966957,-0.3016294689236716,-0.4071291651155491,0.9279285397031461,0.06569245186242502,-0.14171008955457864
0.9289289289289289,0.07231461420125317,0.0794547047074366,0.397714140708392,0.0661960113966957,-0.3041306731392197,-0.4077701292860709,0.9289295322072691,0.06554480504533591,-0.14750042231182192
0.92992992992993,0.07200883409151285,0.07904615103155636,0.397714140708392,0.0661960113966957,-0.3065660614288035,-0.4086144924573816,0.9299305247113921,0.0653971582282468,-0.14750042231183613
0.9309309309309309,0.0717008683325268,0.07863665767548987,0.397714140708392,0.0661960113966957,-0.3086077776577554,-0.4096360797863525,0.930931517215515,0.06524951141115769,-0.15284620248697678
0.9319319319319319,0.07139100070280864,0.07822605877973186,0.397714140708392,0.0661960113966957,-0.31124083578257,-0.41083164802204664,0.931932509719638,0.06509116242230055,-0.15889894874924693
0.9329329329329329,0.07107776355618534,0.07781417189366396,0.397714140708392,0.0661960113966957,-0.314274127071279,-0.41220948442547467,0.932933502223761,0.06493139809793565,-0.15960591483636932
0.933933933933934,0.0707618232712345,0.07740081456666784,0.397714140708392,0.0661960113966957,-0.316560696900801,-0.4138028150791655,0.933934494727884,0.06477163377357074,-0.16186502390002033
0.934934934934935,0.07044400840723475,0.07698573782944138,0.397714140708392,0.0661960113966957,-0.3190688540064812,-0.41561279700041354,0.9349354872320069,0.06460734674672844,-0.1644652380352909
0.9359359359359359,0.07012304678673706,0.07656875691501537,0.397714140708392,0.0661960113966957,-0.3221805264541544,-0.4175846645788397,0.9359364797361299,0.0644423768326465,-0.16480634310690334
0.9369369369369369,0.0697990023482675,0.07614973249494922,0.397714140708392,0.0661960113966957,-0.324733206531441,-0.4197172607972419,0.9369374722402529,0.06427740691856457,-0.16277216313202558
0.9379379379379379,0.06947293025714459,0.07572848211862451,0.397714140708392,0.0661960113966957,-0.3271127296935248,-0.4220321251834349,0.9379384647443759,0.06411650940229642,-0.16062991116664094
0.938938938938939,0.06914412200854071,0.0753048233354228,0.397714140708392,0.0661960113966957,-0.3304747796731391,-0.4245750568911859,0.9389394572484988,0.06395582824453308,-0.16052183917615181
0.93993993993994,0.06881131908662776,0.0748784820047282,0.397714140708392,0.0661960113966957,-0.33353262243943504,-0.4273506575623216,0.9399404497526218,0.06379514708676971,-0.16799708064977992
0.9409409409409409,0.06847638903068401,0.07444926646342619,0.397714140708392,0.0661960113966957,-0.33562843065638504,-0.4302755708193686,0.9409414422567448,0.06361950060764313,-0.17584617940413239
0.9419419419419419,0.0681393902965249,0.07401706945053528,0.397714140708392,0.0661960113966957,-0.3394112507586513,-0.4333451950205358,0.9419424347608678,0.0634431056718453,-0.17802053682096286
0.9429429429429429,0.06779688702716319,0.07358170851543713,0.397714140708392,0.0661960113966957,-0.3430597676912086,-0.43659708738947245,0.9429434272649907,0.06326310616176767,-0.18612416409746757
0.943943943943944,0.06745258395480073,0.0731430012075133,0.397714140708392,0.0661960113966957,-0.3450967936427034,-0.4400868547220824,0.9439444197691137,0.06307048788564988,-0.19242729123786262
0.944944944944945,0.06710600255540601,0.07270065375122874,0.397714140708392,0.0661960113966957,-0.3491324702544105,-0.44382807414310577,0.9449454122732367,0.06287786960953208,-0.19768734483210082
0.9459459459459459,0.06675362005038751,0.07225445651453413,0.397714140708392,0.0661960113966957,-0.3528639209856408,-0.44770879850798195,0.9459464047773597,0.06267472078497606,-0.20497323913542687
0.9469469469469469,0.0663995682791585,0.07180433984030188,0.397714140708392,0.0661960113966957,-0.3556054721045925,-0.4517154506918928,0.9469473972814826,0.062467516257691355,-0.2089938912954672
0.9479479479479479,0.06604169718331127,0.07135012127791374,0.397714140708392,0.0661960113966957,-0.3598571310728147,-0.45590437104354464,0.9479483897856056,0.06225631814778757,-0.21400949399114566
0.948948948948949,0.065679133582316,0.07089161837675122,0.397714140708392,0.0661960113966957,-0.36285386547833554,-0.46033820857185503,0.9489493822897286,0.062039072459098774,-0.2173729180190307
0.94994994994995,0.06531526301818945,0.07042852326275482,0.397714140708392,0.0661960113966957,-0.36700938241469316,-0.46504504674281577,0.9499503747938515,0.0618211408247148,-0.21926676809632895
0.950950950950951,0.06494438006396828,0.06996059726215101,0.397714140708392,0.0661960113966957,-0.3717125863806743,-0.46988434764462284,0.9509513672979745,0.061600103676563406,-0.22083821555681027
0.9519519519519519,0.06457109367608602,0.06948781385806091,0.397714140708392,0.0661960113966957,-0.3740827185574602,-0.47482802781132705,0.9519523598020975,0.061379026027922265,-0.2302871303302716
0.9529529529529529,0.06419546571250193,0.0690099905998661,0.397714140708392,0.0661960113966957,-0.3794294175710853,-0.47995397614573676,0.9529533523062205,0.06113907229405021,-0.23971581493738015
0.953953953953954,0.06381147522249024,0.0685269450369483,0.397714140708392,0.0661960113966957,-0.3836064995216475,-0.48532911844048243,0.9539543448103434,0.060899118560178184,-0.24684253554297797
0.954954954954955,0.06342748473247858,0.06803836073311835,0.397714140708392,0.0661960113966957,-0.3875035847790187,-0.49100157536138767,0.9549553373144664,0.060644897238495775,-0.25420204223049225
0.955955955955956,0.06303569226997971,0.06754395890008869,0.397714140708392,0.0661960113966957,-0.39324023331099767,-0.49680221822938364,0.9559563298185894,0.06039020988256722,-0.2561909161287659
0.9569569569569569,0.06264021699812225,0.0670437616976241,0.397714140708392,0.0661960113966957,-0.3964818238400589,-0.5026829263787675,0.9569573223227124,0.060132006865157184,-0.2589449560182757
0.9579579579579579,0.06224193486489452,0.06653758667510619,0.397714140708392,0.0661960113966957,-0.4020541564490756,-0.5087459026959635,0.9579583148268352,0.05987180596265773,-0.2631716504276689
0.958958958958959,0.06183530377199795,0.06602525138191644,0.397714140708392,0.0661960113966957,-0.40674114246048276,-0.5150595843280712,0.9589593073309582,0.05960514116640567,-0.2689817869778359
0.95995995995996,0.06142763828339202,0.06550643635613104,0.397714140708392,0.0661960113966957,-0.41189950681843257,-0.5216976599988072,0.9599602998350812,0.05933330845763688,-0.27498323120622103
0.960960960960961,0.061010680134723834,0.06498081162215909,0.397714140708392,0.0661960113966957,-0.4179462389214663,-0.5284624102621791,0.9609612923392042,0.05905462886001177,-0.28330520245901525
0.9619619619619619,0.060590909076342056,0.06444845355280338,0.397714140708392,0.0661960113966957,-0.42269954362251383,-0.53528014639436,0.9619622848433271,0.05876613568955586,-0.29073063615897254
0.9629629629629629,0.06016443480214625,0.06390917969744568,0.397714140708392,0.0661960113966957,-0.42902391430677156,-0.5422801506942321,0.9629632773474501,0.05847259048498372,-0.30065602117648993
0.963963963963964,0.05973200234099314,0.06336280760546754,0.397714140708392,0.0661960113966957,-0.4346452551017421,-0.5495296062344792,0.9639642698515731,0.058164226842521635,-0.31154274556817896
0.964964964964965,0.05929427413127186,0.06280902032560484,0.397714140708392,0.0661960113966957,-0.4410239454984257,-0.557133300655174,0.9649652623556961,0.05784888657892843,-0.318586229501836
0.965965965965966,0.0588490715191745,0.062247425622173926,0.397714140708392,0.0661960113966957,-0.44731631122978754,-0.564864923743059,0.965966254859819,0.05752642198722537,-0.321171694748255
0.9669669669669669,0.05839874598066169,0.061678159617410556,0.397714140708392,0.0661960113966957,-0.45378967093400036,-0.5726196878579692,0.966967247363942,0.0572059056609695,-0.3226351961573535
0.9679679679679679,0.05794058368947682,0.06110103986069654,0.397714140708392,0.0661960113966957,-0.4606280091643704,-0.5805567201405815,0.967968239868065,0.056880511161385844,-0.3279189306169279
0.968968968968969,0.0574765677841364,0.06051588390141335,0.397714140708392,0.0661960113966957,-0.46740677078723536,-0.5887391841598024,0.968969232372188,0.05654941687795435,-0.34015112544239656
0.96996996996997,0.057004834398611454,0.05992238283535154,0.397714140708392,0.0661960113966957,-0.47487992641807253,-0.5973084973304097,0.9699702248763109,0.0561995337077122,-0.349770118968447
0.970970970970971,0.05652585722073688,0.05932007109394509,0.397714140708392,0.0661960113966957,-0.48214641822178095,-0.6060097586719557,0.9709712173804339,0.05584918234344715,-0.35350058928494477
0.9719719719719719,0.05603957630407338,0.058709150085257567,0.397714140708392,0.0661960113966957,-0.49018659033831824,-0.6147015507696452,0.9719722098845569,0.05549183082755761,-0.36529571938108063
0.9729729729729729,0.05554450268552505,0.05808943735867055,0.397714140708392,0.0661960113966957,-0.4980953466355338,-0.6235756110350472,0.9729732023886799,0.05511786578966979,-0.3937965711373721
0.973973973973974,0.05504238842292113,0.05746075046356574,0.397714140708392,0.0661960113966957,-0.5066207478334803,-0.6326883181039697,0.9739741948928028,0.054703455995841956,-0.42308013205884976
0.974974974974975,0.05453024693410664,0.05682279407918308,0.397714140708392,0.0661960113966957,-0.5153453699554831,-0.642223250024518,0.9749751873969258,0.054270865708001284,-0.4386345264308815
0.975975975975976,0.05401066596054782,0.05617501823128445,0.397714140708392,0.0661960113966957,-0.5242581727211828,-0.6518969150489831,0.9759761799010488,0.05382531624982825,-0.4517504808904995
0.9769769769769769,0.05348068102275294,0.055517695150156116,0.397714140708392,0.0661960113966957,-0.53399288158327,-0.6615257351293629,0.9769771724051717,0.05336646801779064,-0.46612413588285406
0.9779779779779779,0.052941611142563315,0.05485064238517965,0.397714140708392,0.0661960113966957,-0.543179778225948,-0.6713368233775441,0.9779781649092947,0.05289214271780922,-0.4826537885203095
0.978978978978979,0.052393234019297553,0.054173677485736565,0.397714140708392,0.0661960113966957,-0.5541411500121995,-0.6813770080670807,0.9789791574134177,0.052400202368999844,-0.5010379857646363
0.97997997997998,0.05183221945084716,0.053486524250911174,0.397714140708392,0.0661960113966957,-0.5634866165921011,-0.691877558737481,0.9799801499175407,0.05188907218174665,-0.5209368281118749
0.980980980980981,0.05126513268477886,0.052788537228003904,0.397714140708392,0.0661960113966957,-0.5758986279860636,-0.7025263928740557,0.9809811424216636,0.0513572946488767,-0.5411242977123756
0.9819819819819819,0.050679269244668874,0.0520800650059181,0.397714140708392,0.0661960113966957,-0.588982995456881,-0.713092240937204,0.9819821349257866,0.05080574945012889,-0.5611904291095087
0.9829829829829829,0.05008598754872907,0.051360925134035555,0.397714140708392,0.0661960113966957,-0.5993801797218481,-0.723840357168104,0.9829831274299096,0.05023379982302833,-0.580844363098997
0.983983983983984,0.049479308924905374,0.050630935161737674,0.397714140708392,0.0661960113966957,-0.6139625958788315,-0.7348052540490535,0.9839841199340326,0.0496429077430805,-0.5994147474304299
0.984984984984985,0.04885683320262526,0.04988984354434771,0.397714140708392,0.0661960113966957,-0.6275229749663076,-0.7462714234693593,0.9849851124381555,0.04903378048495111,-0.6184211839633029
0.985985985985986,0.0482230066727206,0.04913689827791517,0.397714140708392,0.0661960113966957,-0.6418189526522795,-0.7578981921471843,0.9859861049422785,0.0484048378040043,-0.639906785264202
0.986986986986987,0.0475719103744926,0.048372529846355386,0.397714140708392,0.0661960113966957,-0.6584004434713329,-0.7694010681930905,0.9869870974464015,0.04775269669417729,-0.6602274284238092
0.9879879879879879,0.04690488766677202,0.04759655579905016,0.397714140708392,0.0661960113966957,-0.6741051679552541,-0.781086212406688,0.9879880899505245,0.047083072390267024,-0.6797010627776245
0.988988988988989,0.046222350478686246,0.04680879368538099,0.397714140708392,0.0661960113966957,-0.6900768123840919,-0.7929730560498633,0.9889890824546473,0.046391945356407685,-0.7014654335101014
0.98998998998999,0.04552335250684386,0.04600902215330463,0.397714140708392,0.0661960113966957,-0.7086359187518347,-0.8054048442201633,0.9899900749587703,0.0456787491085771,-0.7221764801845296
0.990990990990991,0.04480365995065458,0.04519637157483015,0.397714140708392,0.0661960113966957,-0.7275246645644842,-0.8180123128683796,0.9909910674628933,0.044946158869770395,-0.7435957302419709
0.991991991991992,0.04406684667187996,0.04437135986527988,0.397714140708392,0.0661960113966957,-0.7471699071028084,-0.8304522168970401,0.9919920599670163,0.044190081604436944,-0.7659067985510397
0.992992992992993,0.04330782430079906,0.043533804574035224,0.397714140708392,0.0661960113966957,-0.7687481329401677,-0.8430743890934167,0.9929930524711392,0.043412824941357606,-0.7862654713516868
0.993993993993994,0.042527811370698394,0.04268352325047819,0.397714140708392,0.0661960113966957,-0.7911124199361339,-0.8558804140696026,0.9939940449752622,0.04261598991828948,-0.8097196336254484
0.994994994994995,0.04172401565227831,0.04182033027159362,0.397714140708392,0.0661960113966957,-0.8152489614995098,-0.8692778209898222,0.9949950374793852,0.04179177837395702,-0.8336938246686927
0.995995995995996,0.04089568131764636,0.04094322731256067,0.397714140708392,0.0661960113966957,-0.8403780607894653,-0.8828687550376486,0.9959960299835082,0.04094694737983549,-0.8548856961137865
0.996996996996997,0.04004157709213928,0.04005282525650327,0.397714140708392,0.0661960113966957,-0.8673079812547684,-0.8962456870489923,0.9969970224876311,0.04008031002657336,-0.8772010805025303
0.997997997997998,0.03915932900282194,0.039148941652802874,0.397714140708392,0.0661960113966957,-0.8966992859547496,-0.9098048872281694,0.9979980149917541,0.03919080396745233,-0.9009392287296549
0.998998998998999,0.03824638332646404,0.03823139405084121,0.397714140708392,0.0661960113966957,-0.9287348369095767,-0.9235463555750556,0.9989990074958771,0.038276643197315885,-0.9444645987179854
1.0,0.0373,0.0373,0.397714140708392,0.0661960113966957,-0.9454369431375956,-0.9304626567903881,1.0,0.03729999999999996,-0.9756748360185798
