,Q,V,dVdQ,dQdV
0,0.0007984377567499742,2.8546161610323333,12.179213528316259,0.08210710795693284
1,0.0017984377567499743,2.867140678737767,11.511432582740962,0.08687016084334241
2,0.0027984377567499743,2.878916764408969,10.92072287398156,0.09156902995702632
3,0.0037984377567499743,2.890036901298085,10.393101438100722,0.0962176695720526
4,0.004798437756749974,2.900576041988863,9.917934977064016,0.10082744062272807
5,0.005798437756749974,2.910595936491072,9.486967750736278,0.10540775791320578
6,0.006798437756749974,2.920148177024,9.093674789081565,0.10996654522995067
7,0.007798437756749974,2.9292763948954086,8.732818922167969,0.114510561699789
8,0.008798437756749974,2.938017882406651,8.400139430612995,0.11904564302297845
9,0.009798437756749975,2.9464048127908713,8.09212845745263,0.12357688156556973
10,0.010798437756749974,2.9544651741720687,7.805867199136588,0.12810876414994743
11,0.011798437756749974,2.9622234952778594,7.5389038313468655,0.13264527872632972
12,0.012798437756749974,2.969701416962537,7.289161125284588,0.13718999797263465
13,0.013798437756749975,2.976918147812952,7.0548655522499235,0.1417461456343533
14,0.014798437756749975,2.9838908313752266,6.834492187883039,0.14631664979775866
15,0.015798437756749974,2.9906348451051983,6.626721404248817,0.15090418609703973
16,0.016798437756749975,2.997164045745865,6.43040449381922,0.155511212546766
17,0.017798437756749975,3.0034909727340406,6.244536085889294,0.16013999859167896
18,0.018798437756749976,3.0096270179387603,6.068231837874406,0.1647926491137956
19,0.019798437756749974,3.0155825681220696,5.900710263036202,0.1694711238855933
20,0.020798437756749975,3.021367125727709,5.741277772856165,0.1741772545351905
21,0.021798437756749976,3.0269894114285427,5.589316326949256,0.1789127581093298
22,0.022798437756749973,3.0324574519990337,5.444273138582981,0.1836792487344375
23,0.023798437756749974,3.0377786559610733,5.305652046722466,0.18847824757331078
24,0.024798437756749975,3.042959878828339,5.173006261127545,0.19331119073148634
25,0.025798437756749976,3.0480074798948955,5.045932206812033,0.19817943622983977
26,0.026798437756749977,3.052927371748019,4.9240642868362885,0.20308426977148586
27,0.027798437756749974,3.057725063600274,4.8070704063906025,0.2080269094187975
28,0.028798437756749975,3.0624056993901365,4.694648127825458,0.21300850942862803
29,0.029798437756749976,3.0669740914116765,4.586521353372413,0.21803016337528053
30,0.030798437756749973,3.0714347500935273,4.48243745239117,0.2230929066208268
31,0.031798437756749974,3.0757919104412585,4.382164765236967,0.22819771815355847
32,0.032798437756749975,3.0800495555984653,4.285490425991576,0.23334552188822597
33,0.033798437756749976,3.0842114379023737,4.19221845694125,0.23853718747510733
34,0.03479843775674998,3.088281097752852,4.102168095583306,0.24377353065484395
35,0.03579843775674998,3.0922618805670448,4.015172321333986,0.24905531318958776
36,0.03679843775674997,3.0961569520528447,3.931076554349609,0.25438324239540244
37,0.03779843775674997,3.0999693120016825,3.8497375031862515,0.25975797029598663
38,0.03879843775674997,3.1037018067735356,3.7710221415890133,0.26518009241351875
39,0.039798437756749974,3.1073571406238,3.694806797661254,0.27065014620872246
40,0.040798437756749975,3.1109378860018824,3.6209763411300013,0.2761686091790175
41,0.041798437756749976,3.114446492934592,3.549423456485945,0.28173589662080933
42,0.04279843775674998,3.117885297593078,3.4800479915074907,0.28735235905951373
43,0.04379843775674998,3.1212565301296338,3.4127563721434715,0.293018279348175
44,0.04479843775674998,3.1245623218587935,3.3474610760438397,0.29873386942615
45,0.04579843775674997,3.1278047118527623,3.2840801577864425,0.3044992667517673
46,0.046798437756749973,3.1309856530099056,3.2225368199593154,0.3103145304054664
47,0.047798437756749974,3.13410701764622,3.1627590251295534,0.31617963684698924
48,0.048798437756749975,3.1371706026569908,3.104679144178245,0.3220944753261074
49,0.049798437756749976,3.1401781342891897,3.048233637033179,0.32805884294790866
50,0.05079843775674998,3.143131272654797,2.9933627753774226,0.33407243793693314
51,0.05179843775674998,3.1460316105828703,2.940009679727465,0.3401349345532423
52,0.05279843775674997,3.148880859678285,2.8881443421649244,0.34624308259136727
53,0.05379843775674997,3.1516921213685296,2.8393376740379477,0.3521948125943949
54,0.054798437756749974,3.154494894800241,2.7944463102489343,0.3578526437714662
55,0.055798437756749975,3.157274082578028,2.750732590327301,0.3635395179874657
56,0.056798437756749975,3.160007051373688,2.7081375139181385,0.36925746748849475
57,0.057798437756749976,3.1626949017185177,2.6666242458723226,0.3750059655191029
58,0.05879843775674998,3.165339985323354,2.6261397817130057,0.380787042244838
59,0.05979843775674998,3.1679399296178397,2.5866598586288214,0.38659895566249525
60,0.06079843775674998,3.1704995794467563,2.5481532663795923,0.39244107220473307
61,0.06179843775674997,3.1730172825133995,2.510583586688028,0.39831376469691815
62,0.06279843775674998,3.175495826859645,2.473923215477743,0.4042162641684449
63,0.06379843775674998,3.1779350703408977,2.4381377837417006,0.4101490927495266
64,0.06479843775674998,3.180337019817293,2.4032080578440294,0.41611045566197125
65,0.06579843775674997,3.182701493868453,2.3691074029707706,0.4220999008934918
66,0.06679843775674997,3.18502955886059,2.3358112498741317,0.4281167838599486
67,0.06779843775674997,3.1873222019609284,2.3033027062369578,0.4341591738212123
68,0.06879843775674997,3.1895806617481175,2.271560506174385,0.4402260020289467
69,0.06979843775674997,3.191807120510254,2.240566079922476,0.44631578107020176
70,0.07079843775674997,3.1940000396382118,2.2103010063293276,0.45242706633007945
71,0.07179843775674997,3.196162123428871,2.180747029915504,0.4585584601432411
72,0.07279843775674998,3.198293617576425,2.1518895968510923,0.46470785558112376
73,0.07379843775674998,3.2003962704850286,2.1237096422123005,0.4708741628908766
74,0.07479843775674998,3.202471131172227,2.096200138379485,0.4770536847560142
75,0.07579843775674998,3.204518163163131,2.069338732966195,0.48324616171785356
76,0.07679843775674998,3.2065380892840434,2.0431162338403257,0.4894484138674571
77,0.07779843775674998,3.2085320427424566,2.017515324270307,0.4956591843294568
78,0.07879843775674998,3.210501341785051,1.9925200193761203,0.5018770151745381
79,0.07979843775674998,3.2124474137007155,1.9681199910604692,0.5080991019562667
80,0.08079843775674997,3.2143714986474743,1.9443058126501984,0.5143223835950702
81,0.08179843775674997,3.2162759114831987,1.9210684521454435,0.520543658339297
82,0.08279843775674997,3.2181615980561187,1.8983905578292057,0.5267619963004304
83,0.08379843775674997,3.220026962391369,1.8762624388850293,0.5329744812214281
84,0.08479843775674997,3.221877431264423,1.8546697753715238,0.5391795419751648
85,0.08579843775674997,3.2237117496897194,1.8336017660554904,0.5453746928654174
86,0.08679843775674997,3.2255312819793587,1.8130540958553734,0.5515555229631547
87,0.08779843775674998,3.227335990915128,1.7930011525148133,0.5577241256077432
88,0.08879843775674998,3.2291266779551018,1.7734328113569129,0.5638781427726414
89,0.08979843775674998,3.230902268768448,1.754332917089132,0.5700172357589032
90,0.09079843775674998,3.23266136679796,1.7356844665617541,0.5761415852161864
91,0.09179843775674998,3.2344051297815706,1.7174723104862375,0.5822510173202663
92,0.09279843775674998,3.236136685391951,1.6996797295458852,0.5883461352258268
93,0.09379843775674998,3.237850885608402,1.6822916529341967,0.5944272494343258
94,0.09479843775674998,3.2395497950456735,1.6652922053125545,0.6004952144793787
95,0.09579843775674998,3.24123389619595,1.6486668314892527,0.6065506874404046
96,0.09679843775674998,3.242903922936461,1.6324007988731852,0.6125946524225427
97,0.09779843775674997,3.2445593043345373,1.6164811254607159,0.6186276995439637
98,0.09879843775674997,3.2461997277885977,1.6008937468803361,0.624651075031495
99,0.09979843775674997,3.247826504982629,1.58562432120449,0.6306664110956425
100,0.10079843775674997,3.249438828817523,1.5706611169754614,0.6366745755606702
101,0.10179843775674997,3.251036057642038,1.5559916936858953,0.6426769526199462
102,0.10279843775674997,3.252616991142577,1.5416048548882304,0.648674656692426
103,0.10379843775674998,3.2541851386108767,1.5274875568829287,0.654669817435798
104,0.10479843775674998,3.255739400152994,1.5136275020120915,0.6606645285386811
105,0.10579843775674998,3.2572792156358203,1.500015036254932,0.6666599839536855
106,0.10679843775674998,3.258804839649142,1.4866417057005656,0.6726570337462446
107,0.10779843775674998,3.2603178211797843,1.473493672415929,0.67865917493925
108,0.10879843775674998,3.2618155634137196,1.460563075942331,0.6846674522117552
109,0.10979843775674998,3.263298989646393,1.4478401757233883,0.690683969658714
110,0.11079843775674998,3.2647699398370094,1.4353168241713519,0.6967102894354545
111,0.11179843775674998,3.266228378210048,1.4229854235719195,0.7027478872480936
112,0.11279843775674997,3.267672790584269,1.4108378936768133,0.708798653964333
113,0.11379843775674997,3.2691038970357607,1.3988665590751805,0.7148644690320717
114,0.11479843775674997,3.2705225661096042,1.3870655262375744,0.7209464737491584
115,0.11579843775674997,3.271927727511476,1.3754279040845132,0.7270464682520756
116,0.11679843775674997,3.273319416766815,1.3639487838939526,0.7331653591457363
117,0.11779843775674997,3.2747011190572954,1.352622644562224,0.7393044941397161
118,0.11879843775674997,3.2760699423825606,1.3414438598424436,0.7454654122591853
119,0.11979843775674998,3.27742714789105,1.3304094038105259,0.7516483250462787
120,0.12079843775674998,3.2787714009308386,1.3195157330456186,0.757853790565927
121,0.12179843775674998,3.280103344822328,1.308759746810108,0.7640821796646327
122,0.12279843775674998,3.281422440517534,1.2981380054734153,0.7703341214752526
123,0.12379843775674998,3.282730963521834,1.2876491845420064,0.7766090422801627
124,0.12479843775674998,3.284027806874591,1.2772905583659877,0.78290721985707
125,0.12579843775674998,3.2853114385875677,1.267027982493301,0.7892485515846033
126,0.12679843775674998,3.2865841740510526,1.2568215708356045,0.7956578906703079
127,0.12779843775674998,3.287843201440798,1.2466606483897833,0.8021429097739019
128,0.12879843775674998,3.2890928300051745,1.2365372530263814,0.8087099661191244
129,0.12979843775674998,3.2903323835113354,1.2264462651067687,0.8153638919622334
130,0.13079843775674999,3.2915595641079967,1.2163885555099092,0.8221057288563527
131,0.13179843775675,3.2927755598126653,1.2063619961040555,0.8289385799863546
132,0.13279843775675,3.293981606510781,1.1963655589272706,0.8358649181581731
133,0.13379843775675,3.2951767465420025,1.1863983270006215,0.8428872304027416
134,0.13479843775675,3.296361911123599,1.1764598176500045,0.8500077818191143
135,0.13579843775675,3.2975345809406305,1.1665504619877676,0.8572282405135132
136,0.13679843775675,3.298698689395252,1.1566716366580903,0.864549599304818
137,0.13779843775674996,3.299850920913557,1.1468252035418356,0.8719724652995215
138,0.13879843775674996,3.300993452307099,1.1370137625558068,0.8794968301458164
139,0.13979843775674997,3.302125545265018,1.1272398038745086,0.8871226837118735
140,0.14079843775674997,3.3032481901774786,1.1175045843105482,0.8948509151906133
141,0.14179843775674997,3.304360708371353,1.107811632617332,0.902680537518265
142,0.14279843775674997,3.3054633021945774,1.0981652344222934,0.9106097777044138
143,0.14379843775674997,3.3065563557535778,1.0885686824579077,0.9186374880288434
144,0.14479843775674997,3.307640727281633,1.079026185930893,0.9267615680126282
145,0.14579843775674997,3.308715135044097,1.0695418135498462,0.9349798084854349
146,0.14679843775674997,3.3097783021094576,1.0601195621622874,0.9432898285173951
147,0.14779843775674997,3.310833569587145,1.050763545805346,0.9516888970806093
148,0.14879843775674997,3.311879338356887,1.0414786158841154,0.9601733388938533
149,0.14979843775674997,3.312917119708139,1.0322717435088191,0.9687371627560748
150,0.15079843775674998,3.3139441590867578,1.023144329314592,0.9773792136148606
151,0.15179843775674998,3.31496374645633,1.0140989039442676,0.9860971115446128
152,0.15279843775674998,3.315973511963239,1.0051374596480427,0.9948887989411502
153,0.15379843775674998,3.3169746945022673,0.9962606840566343,1.0037533509082581
154,0.15479843775674998,3.3179663779563624,0.9874697012419313,1.012689299471477
155,0.15579843775674998,3.3189498414974365,0.9787625877591735,1.0216982264202072
156,0.15679843775674998,3.319926004568534,0.9701409511727,1.0307780521904641
157,0.15779843775674998,3.3208928885172098,0.9616036693961083,1.0399294759638393
158,0.15879843775674998,3.321851191587958,0.9531492145953627,1.049153673619221
159,0.15979843775674998,3.322800809610502,0.9447759469438732,1.0584520099551258
160,0.16079843775674998,3.3237432149389186,0.9364827448327019,1.0678253342282833
161,0.16179843775674999,3.3246758016538647,0.9282690649578866,1.077273861372691
162,0.16279843775675,3.3256011839568917,0.9201342288198746,1.086797956948692
163,0.16379843775675,3.326518376592585,0.912076712829896,1.0963990045281442
164,0.16479843775675,3.327428606742648,0.9040956278538501,1.1060776860228918
165,0.16579843775675,3.328330103639622,0.896189337901695,1.115835636185277
166,0.16679843775675,3.3292247175165497,0.8883562560366831,1.1256745176326048
167,0.16779843775675,3.3301089988158243,0.880595917612549,1.135594635404598
168,0.16879843775674996,3.3309869513696073,0.8729082901642303,1.1455957186657701
169,0.16979843775674996,3.3318591578003303,0.8652905364883767,1.155681193577266
170,0.17079843775674997,3.3327211392572043,0.8577412886189992,1.1658527032201558
171,0.17179843775674997,3.3335756111594046,0.8502604402551107,1.176110227708538
172,0.17279843775674997,3.334421700238673,0.8428477462233782,1.1864539052050476
173,0.17379843775674997,3.335261704716186,0.8355028722028309,1.19688397642903
174,0.17479843775674997,3.336096155246207,0.8282248072125977,1.2074016514495793
175,0.17579843775674997,3.336920705183038,0.8210141092754432,1.218005864579495
176,0.17679843775674997,3.337738945527669,0.813867727461615,1.2287008886799282
177,0.17779843775674997,3.33855038317719,0.8067852587469865,1.2394871983073839
178,0.17879843775674997,3.3393543678284554,0.7997677632470225,1.2503629752967829
179,0.17979843775674997,3.3401530916868416,0.7928150083576996,1.2613282915411503
180,0.18079843775674997,3.3409437516619183,0.7859268543405906,1.2723830398173903
181,0.18179843775674998,3.3417267797620283,0.7791031631156939,1.2835270697668875
182,0.18279843775674998,3.342503889859408,0.7723437640311223,1.2947602435224739
183,0.18379843775674998,3.34327435741105,0.7656490729240358,1.3060813829251712
184,0.18479843775674998,3.3440377699325734,0.7590187404547005,1.3174905265197225
185,0.18579843775674998,3.3447950133911153,0.7524524934627504,1.3289875556103852
186,0.18679843775674998,3.3455441138880437,0.7459497415671784,1.3405728888639108
187,0.18779843775674998,3.346288035725936,0.7395101492257213,1.3522464851185823
188,0.18879843775674998,3.347026398595244,0.7331328318548037,1.3640092989288592
189,0.18979843775674998,3.3477570104717107,0.7268178511652728,1.3758605383683782
190,0.19079843775674998,3.348481181544952,0.7205658540006561,1.3877982067119843
191,0.19179843775674998,3.349199906559413,0.7143761346962894,1.3998227984269676
192,0.19279843775674999,3.349913370055152,0.708249036052412,1.4119327370690524
193,0.19379843775674999,3.3506191253251445,0.7021847982560093,1.4241265297734491
194,0.19479843775675,3.35132049662926,0.6961825281028793,1.4364049076684438
195,0.19579843775675,3.352013657806324,0.69024297712946,1.4487651930320804
196,0.19679843775675,3.3527004233928697,0.6843658758499122,1.4612066955531684
197,0.19779843775675,3.353383091738844,0.6785505943574411,1.4737294585187977
198,0.19879843775675,3.3540594890400746,0.6727975025596195,1.4863313198927723
199,0.19979843775675,3.3547290316317,0.6671063695589753,1.4990113205801063
200,0.20079843775675,3.3553943489406346,0.6614785290541723,1.5117648662457255
201,0.20179843775674997,3.356052925434458,0.6559129726077411,1.5245925019965034
202,0.20279843775674997,3.3567063679129636,0.6504086883896966,1.537494836478635
203,0.20379843775674997,3.357354075647162,0.6449667025611919,1.550467638141558
204,0.20479843775674997,3.3579974201495166,0.6395871763477727,1.5635085207778687
205,0.20579843775674997,3.3586341317424844,0.6342696069045682,1.576616613998437
206,0.20679843775674997,3.3592655454538405,0.6290147428972258,1.5897878567901693
207,0.20779843775674997,3.3598917537418447,0.6238223601471223,1.6030204492255775
208,0.20879843775674997,3.360511962908753,0.6186928128481047,1.6163110015721323
209,0.20979843775674997,3.3611278873029535,0.6136256213739705,1.6296581582771883
210,0.21079843775674997,3.3617398958248437,0.6086222215209467,1.6430553546024007
211,0.21179843775674997,3.3623473051425723,0.6036821313742277,1.6565009100461374
212,0.21279843775674998,3.3629475481280857,0.5988052336341487,1.669992083955246
213,0.21379843775674998,3.3635439885761875,0.5939904029981068,1.683528883551991
214,0.21479843775674998,3.364134637609375,0.5892380114166514,1.697107078336292
215,0.21579843775674998,3.364719766445932,0.5845474221645444,1.7107251902626812
216,0.21679843775674998,3.3653013768439077,0.5799182741670768,1.7243809076999288
217,0.21779843775674998,3.365878874121914,0.5753522307783299,1.7380657386992513
218,0.21879843775674998,3.366450419340193,0.5708484822095351,1.751778328514397
219,0.21979843775674998,3.367018254252019,0.5664067239584123,1.7655157640279422
220,0.22079843775674998,3.3675808664551,0.5620268496060258,1.7792744255919237
221,0.22179843775674998,3.3681402255144466,0.5577090956805243,1.7930494728255888
222,0.22279843775674998,3.368693533549945,0.5534514124707955,1.8068433424637214
223,0.22379843775674998,3.369245108837485,0.5492555579147296,1.8206461192610222
224,0.22479843775674999,3.369792217993808,0.5451209758787959,1.8344551838018859
225,0.22579843775675,3.370333489119179,0.541049797205246,1.8482587095779877
226,0.22679843775675,3.3708729794773276,0.5370405378459874,1.8620568272385805
227,0.22779843775675,3.371406956998216,0.5330920591400676,1.875848613489203
228,0.22879843775675,3.371937382996869,0.5292046226296906,1.8896282406432174
229,0.22979843775675,3.372463883649506,0.5253772071956917,1.903394335162929
230,0.23079843775675,3.3729858871840785,0.5216097971357164,1.917141904717354
231,0.23179843775675,3.3735045397360786,0.5179014014821579,1.9308694611332322
232,0.23279843775674997,3.3740184263652,0.5142533037690461,1.9445669919295363
233,0.23379843775674997,3.37452769301263,0.5106644553399886,1.9582330227668245
234,0.23479843775674997,3.375034922481223,0.5071354109407776,1.971859938048732
235,0.23579843775674997,3.3755397041087076,0.5036647462602009,1.985447676108315
236,0.23679843775674997,3.37604109852247,0.5002521670245871,1.9989918403508897
237,0.23779843775674997,3.3765374608782226,0.49689713038441874,2.012488981826805
238,0.23879843775674997,3.377030716432258,0.49360006526381717,2.025931660818409
239,0.23979843775674997,3.3775221908749873,0.4903609053895268,2.0393142866999816
240,0.24079843775674997,3.378010289175658,0.48717872317846805,2.052634797915159
241,0.24179843775674997,3.378494938321807,0.4840538132191257,2.0658860083131114
242,0.24279843775674997,3.378977405533152,0.4809867321367073,2.079059427601378
243,0.24379843775674997,3.3794562223123075,0.4779764659461672,2.092153215159816
244,0.24479843775674998,3.3799338193897377,0.47502118434152635,2.1051692702635956
245,0.24579843775674998,3.3804074183361847,0.4721206823624066,2.118102505054811
246,0.24679843775674998,3.380879485982667,0.46927535354116867,2.1309450676537005
247,0.24779843775674998,3.3813474694122814,0.4664861343745862,2.1436864384848033
248,0.24879843775674998,3.381812898271984,0.4637516656780952,2.15632648680152
249,0.24979843775674998,3.3822766412556424,0.46107128466475517,2.1688620247237904
250,0.25079843775675,3.3827377562324106,0.45844458225557305,2.181288728683288
251,0.25179843775675,3.383196228345691,0.4558712299479811,2.193601908403188
252,0.25279843775675,3.3836502148693977,0.45335013464191365,2.2058006021987113
253,0.25379843775675,3.3841029616019185,0.45088022788925924,2.217883903850426
254,0.25479843775675,3.3845523092083605,0.4484622217828679,2.229842228459035
255,0.25579843775675,3.384999491517986,0.44609463306498565,2.2416768234338367
256,0.25679843775675,3.3854451129660763,0.44377769763376584,2.253380477054223
257,0.25779843775675,3.385889297013545,0.44151075135128715,2.2649505067303606
258,0.25879843775675,3.3863308773248795,0.43929202299543213,2.2763900723287165
259,0.25979843775675,3.3867692409391346,0.43712095376782034,2.2876963261092182
260,0.26079843775675,3.3872032016844518,0.43499744252032874,2.298864090340639
261,0.26179843775675,3.387637441045005,0.4329204940949765,2.3098929564203408
262,0.26279843775675,3.3880685638991235,0.43089002797376635,2.3207777740933992
263,0.26379843775675,3.3884985522174156,0.4289038193543155,2.3315250526456714
264,0.26479843775675,3.3889251271744185,0.426961024033488,2.3421341614581817
265,0.26579843775675,3.389349179397927,0.42506203828053013,2.3525977620707343
266,0.26679843775675,3.3897736300036265,0.4232063712974419,2.362913386521704
267,0.26779843775675,3.390196291173915,0.4213932524106194,2.373080238659273
268,0.26879843775675,3.3906171480984404,0.4196218283371799,2.3830981433036107
269,0.26979843775675,3.3910355264008465,0.41789180797327635,2.392963874668605
270,0.27079843775675,3.39145117341636,0.41620293140318937,2.402674091286655
271,0.27179843775675,3.3918670385619603,0.4145536148622668,2.4122332170043785
272,0.27279843775675,3.392282072556081,0.4129437341200011,2.42163742266495
273,0.27379843775675,3.3926943575990056,0.41137233949725216,2.430887796739381
274,0.27479843775675,3.393104039702713,0.4098387843198777,2.439983813780551
275,0.27579843775675,3.3935134363681687,0.4083422422520444,2.4489261617532136
276,0.27679843775675,3.3939200856631295,0.4068825199980414,2.4577118722249693
277,0.27779843775675,3.3943256126703387,0.40545874406598825,2.466342173242786
278,0.27879843775675,3.394731251248038,0.40407075541944903,2.474814092799024
279,0.27979843775675,3.39513391553318,0.4027180903143984,2.4831265941376235
280,0.28079843775674995,3.3955342701609466,0.4013993730886459,2.4912844091043405
281,0.28179843775674995,3.395933472821496,0.4001136599896817,2.499289826860169
282,0.28279843775674995,3.3963326878930076,0.398859859881178,2.5071462450443223
283,0.28379843775674995,3.396732092888297,0.3976387051226119,2.5148457308542187
284,0.28479843775674996,3.397128135416298,0.396449387605012,2.522390073651252
285,0.28579843775674996,3.397523904628488,0.3952913303448318,2.5297797427726314
286,0.28679843775674996,3.3979197751925763,0.3941635136173589,2.5370181801524314
287,0.28779843775674996,3.398312853416939,0.3930652281249663,2.5441070042503795
288,0.28879843775674996,3.398705465353346,0.39199585447779756,2.5510473862846412
289,0.28979843775674996,3.3990954447642907,0.3909542239351778,2.557844214942681
290,0.29079843775674996,3.399486715565755,0.3899387383618342,2.5645053994919436
291,0.29179843775674996,3.3998750288692197,0.38895045266947337,2.571021561067037
292,0.29279843775674996,3.4002633564773834,0.38798916819457946,2.577391540731087
293,0.29379843775674996,3.400651662452506,0.3870551895884283,2.583610882632374
294,0.29479843775674996,3.401037191440963,0.38614638284392055,2.589691485998453
295,0.29579843775674997,3.401423172881822,0.3852629262158238,2.595629976188784
296,0.29679843775674997,3.4018085343762205,0.3844046973274744,2.6014250266772883
297,0.29779843775674997,3.402191735922813,0.38356980841725224,2.60708736207983
298,0.29879843775674997,3.402575612214832,0.38275780268526144,2.6126181961136705
299,0.29979843775674997,3.4029585582954676,0.3819687416303765,2.6180152745788816
300,0.30079843775674997,3.4033401976756044,0.38120180060717956,2.6232824672055495
301,0.30179843775674997,3.4037235260221332,0.38045640947626885,2.6284220086516257
302,0.30279843775674997,3.404103652504469,0.37973136494237286,2.6334406170313525
303,0.30379843775675,3.404484176682437,0.37902764111590115,2.638330009536731
304,0.30479843775675,3.404862492301375,0.3783452672354532,2.643088434294267
305,0.30579843775675,3.4052412660951177,0.3776822832550865,2.647728115233301
306,0.30679843775675,3.405619704166702,0.3770379374560622,2.6522529980594705
307,0.30779843775675,3.405997548422096,0.3764123483556338,2.656660984605111
308,0.30879843775675,3.406375403147581,0.3758047521491192,2.6609562393271715
309,0.30979843775675,3.4067508009188283,0.37521503943327905,2.6651383737453322
310,0.31079843775675,3.4071259778088754,0.3746419216250145,2.669215435535047
311,0.31179843775675,3.4075009061572645,0.3740855709693696,2.6731851683257806
312,0.31279843775675,3.407875591208018,0.3735447835701864,2.6770551858398717
313,0.31379843775675,3.40824950374434,0.37301960139006407,2.6808242684123904
314,0.31479843775675,3.4086233700992454,0.37251067069179195,2.6844868581694414
315,0.31579843775675,3.4089969055396825,0.3720174411968004,2.688046014141018
316,0.31679843775675,3.409370111033987,0.3715389628119965,2.691507755825902
317,0.31779843775675,3.40974209092912,0.37107486136324813,2.6948740109373563
318,0.31879843775675,3.410113044117521,0.3706254467999026,2.698141772601737
319,0.31979843775675,3.4104836986480085,0.3701884097030152,2.7013271452832712
320,0.32079843775675,3.4108534479774293,0.3697635754055196,2.7044307944699537
321,0.32179843775675,3.411223251661087,0.369351097313176,2.707451006033133
322,0.32279843775675,3.4115932539579497,0.36895065591769943,2.7103895438610266
323,0.32379843775675,3.411962345213732,0.36856167122105254,2.7132501236142623
324,0.32479843775675,3.4123304135476284,0.3681831566671008,2.7160395088474063
325,0.32579843775675,3.4126989276631403,0.367815379953083,2.718755262837448
326,0.32679843775675,3.4130654950083645,0.3674581864951517,2.721398071269244
327,0.32779843775675,3.413433537611766,0.36711033851111086,2.7239766770276734
328,0.32879843775675,3.413800435498389,0.3667724101636356,2.7264864321551605
329,0.32979843775675,3.414167625271042,0.36644422316996567,2.7289282700362723
330,0.33079843775675,3.414533379107681,0.36612485561289093,2.7313086906541915
331,0.33179843775675,3.414900332760911,0.3658147587708043,2.733623988709911
332,0.33279843775675,3.4152647377483465,0.36551231909214327,2.7358858997797735
333,0.33379843775675,3.415631594170966,0.36521747503503044,2.7380946103525945
334,0.33479843775675,3.4159973874017484,0.36492929924409406,2.740256817063953
335,0.33579843775675,3.4163618760488115,0.36464905016910815,2.7423628267679407
336,0.33679843775675,3.416727152711656,0.36437565819761264,2.744420428484462
337,0.33779843775675,3.417091894386643,0.36410927097722484,2.7464282832352005
338,0.33879843775675,3.4174558106712296,0.3638488787043662,2.748393793491715
339,0.33979843775675,3.417820162600353,0.36359421403183845,2.7503187933360076
340,0.34079843775675,3.4181840707816553,0.36334593377922547,2.752198131402828
341,0.34179843775675,3.418547693986652,0.3631029775241631,2.7540396578914144
342,0.34279843775675,3.418911283084404,0.3628651231805248,2.755844902466699
343,0.34379843775675,3.419274387892837,0.3626325254238823,2.75761254132154
344,0.34479843775675,3.4196374325693757,0.3624047895829611,2.7593454301494043
345,0.34579843775674995,3.4200000344317525,0.3621815072416529,2.7610465471192187
346,0.34679843775674996,3.4203613375955406,0.3619624581929406,2.762717451396464
347,0.34779843775674996,3.4207239294899474,0.36174827822683275,2.7643531709443385
348,0.34879843775674996,3.421085703186095,0.3615383666826143,2.765958172505314
349,0.34979843775674996,3.4214472758107055,0.36133090437902377,2.7675462792715737
350,0.35079843775674996,3.4218088124622152,0.3611271527011085,2.769107757531771
351,0.35179843775674996,3.422169125516312,0.3609267813680694,2.7706450494185146
352,0.35279843775674996,3.422529822307889,0.3607295361349508,2.772160025249207
353,0.35379843775674996,3.422889311879959,0.36053505841163136,2.773655367679324
354,0.35479843775674996,3.4232488936740415,0.3603428075993823,2.775135173814176
355,0.35579843775674996,3.423609101279301,0.36015295566066546,2.7765980655791025
356,0.35679843775674996,3.423969686688112,0.35996524261067897,2.778045993405957
357,0.35779843775674997,3.4243290014102694,0.3597791489775923,2.7794829212358882
358,0.35879843775674997,3.424688724104128,0.3595953813081952,2.780903348541451
359,0.35979843775674997,3.4250498026174325,0.3594137062273961,2.782309029047751
360,0.36079843775674997,3.425410929531616,0.3592349927253782,2.7836931820404893
361,0.36179843775674997,3.4257705469767377,0.3590583359911169,2.785062759341535
362,0.36279843775674997,3.4261294958949957,0.358885239908981,2.786406039584174
363,0.36379843775674997,3.4264877734549275,0.3587146173491814,2.7877313932444965
364,0.36479843775674997,3.426846740160592,0.35854508068045615,2.789049561361082
365,0.36579843775675,3.4272033202790624,0.35837805087444247,2.7903494579536887
366,0.36679843775675,3.4275611131080237,0.35821219340570765,2.7916414304395545
367,0.36779843775675,3.427919312345148,0.3580483083148709,2.792919214466979
368,0.36879843775675,3.428277109359323,0.3578862477172883,2.7941839240214352
369,0.36979843775675,3.428634428050755,0.35772516407646,2.795442145038084
370,0.37079843775675,3.4289918850678776,0.35756614776049606,2.7966853301499257
371,0.37179843775675,3.4293493177272762,0.3574087497742728,2.797916952597176
372,0.37279843775675,3.429707986714365,0.3572527839361166,2.799138439124994
373,0.37379843775675,3.430065669678921,0.3570978900505082,2.800352586397414
374,0.37479843775675,3.4304234040732484,0.3569443768277999,2.801556950937564
375,0.37579843775675,3.430781424098372,0.35679149645776653,2.802757380509404
376,0.37679843775675,3.4311388641861367,0.356639721532105,2.8039501480767592
377,0.37779843775675,3.431496372781466,0.3564890242912165,2.8051354511916147
378,0.37879843775675,3.4318553811989068,0.35633874502195423,2.806318465140212
379,0.37979843775675,3.432212946839884,0.35618833700293207,2.807503492153277
380,0.38079843775675,3.4325703012885875,0.3560393570652604,2.808678254681559
381,0.38179843775675,3.432928470815898,0.3558919365571114,2.809841688670926
382,0.38279843775675,3.4332869474587633,0.3557457501449156,2.8109963354239444
383,0.38379843775675,3.4336443918514,0.35560017031515584,2.8121471345577125
384,0.38479843775675,3.4339990066003248,0.35545505585340303,2.813295193112742
385,0.38579843775675,3.434354522657526,0.3553113570798564,2.814432975682366
386,0.38679843775675,3.434710021223935,0.35516790089495476,2.8155697558258854
387,0.38779843775675,3.4350651047461764,0.35502445696208185,2.8167073574506003
388,0.38879843775675,3.435419860954413,0.3548813632055185,2.817843098232468
389,0.38979843775675,3.435775259257531,0.35473856169481605,2.818977432908201
390,0.39079843775675,3.436129723314727,0.35459682903287304,2.8201041806476352
391,0.39179843775675,3.4364837534306103,0.35445658733189017,2.821219962442579
392,0.39279843775675,3.4368377263222505,0.3543162517924107,2.8223373749897505
393,0.39379843775675,3.4371931069083326,0.35417641247315573,2.823451717230869
394,0.39479843775675,3.437547292585971,0.3540375397850817,2.8245592278351315
395,0.39579843775675,3.437901680275828,0.3538992547905122,2.825662915260847
396,0.39679843775675,3.438255245701074,0.35376175305945684,2.826761206805558
397,0.39779843775675,3.4386081567433746,0.35362595193862173,2.827846753095679
398,0.39879843775675,3.438959885824408,0.3534909335404864,2.828926869451001
399,0.39979843775675,3.439311058619343,0.3533565503434191,2.8300027239572123
400,0.40079843775675,3.4396648779282044,0.3532231439017757,2.831071568396662
401,0.40179843775675,3.440017361386783,0.3530905706908222,2.832134537162798
402,0.40279843775675,3.4403702891129613,0.35295903947242524,2.833189940381523
403,0.40379843775675,3.44072315144523,0.35283005306798987,2.8342256882729355
404,0.40479843775675,3.4410769923875497,0.3527020805477892,2.835254043432005
405,0.40579843775675,3.4414292550135412,0.35257583343413146,2.836269265139016
406,0.40679843775675,3.441783438476864,0.3524512947506766,2.8372714610323624
407,0.40779843775675,3.442134501810111,0.3523280490640624,2.838263949340502
408,0.40879843775674995,3.4424866768075915,0.3522066617320529,2.8392421514183814
409,0.40979843775674996,3.4428377031281716,0.35208724815076403,2.840205106126988
410,0.41079843775674996,3.443189617791436,0.3519692563877672,2.8411572370351927
411,0.41179843775674996,3.4435427574272395,0.35185218874893665,2.8421025418533
412,0.41279843775674996,3.4438926258678837,0.3517359763347767,2.8430415632213175
413,0.41379843775674996,3.4442435124280233,0.35162254448855534,2.8439587156009223
414,0.41479843775674996,3.4445946266757024,0.35151135867520866,2.8448582821586297
415,0.41579843775674996,3.44494590601533,0.351402953485898,2.845735899713007
416,0.41679843775674996,3.445296186561625,0.35129837294457894,2.846583067316855
417,0.41779843775674996,3.4456463522421394,0.351196856871372,2.84740589340256
418,0.41879843775674996,3.4459965275696027,0.35109830376870377,2.8482051586862096
419,0.41979843775674996,3.4463481931026543,0.35100269467621253,2.8489809769764425
420,0.42079843775674997,3.446698769312625,0.35090950463482934,2.8497375727700525
421,0.42179843775674997,3.4470509403664855,0.3508193487895108,2.8504699169257997
422,0.42279843775674997,3.4474028509381287,0.3507329734424298,2.8511719048968818
423,0.42379843775674997,3.4477532842533436,0.35064998577330775,2.8518466863606022
424,0.42479843775674997,3.448104611828338,0.35057140605041925,2.852485920817455
425,0.42579843775674997,3.448455734693051,0.3504973428601673,2.8530886763354295
426,0.42679843775674997,3.4488061776807597,0.35042745124281316,2.853657715608285
427,0.42779843775674997,3.4491579336454152,0.35036161763930024,2.8541939232325015
428,0.42879843775675,3.449508185645542,0.3503002521571349,2.8546939199787613
429,0.42979843775675,3.4498580655573416,0.35024264206759664,2.8551634778011996
430,0.43079843775675,3.450208554526952,0.35018856053432096,2.855604416301294
431,0.43179843775675,3.4505588455660425,0.35013823841855857,2.856014825791722
432,0.43279843775675,3.4509078298505527,0.3500920202365759,2.856391868984179
433,0.43379843775675,3.451258224146117,0.35004992007631,2.856735404430324
434,0.43479843775675,3.4516079042773837,0.3500131443977032,2.8570355599667074
435,0.43579843775675,3.451958438987501,0.3499806529375425,2.8573008010773093
436,0.43679843775675,3.4523093330629324,0.3499540923484245,2.857517662643507
437,0.43779843775675,3.452659059968545,0.34993356203693143,2.8576853108318363
438,0.43879843775675,3.4530100917921898,0.34991839637508354,2.8578091645347015
439,0.43979843775675,3.453360606869986,0.34990852343022133,2.8578897998734223
440,0.44079843775675,3.4537093321341925,0.3499052596473812,2.857916457179738
441,0.44179843775675,3.454057892409675,0.34990818612002406,2.8578925548686196
442,0.44279843775675,3.45440719742591,0.34991639360833454,2.8578255213710038
443,0.44379843775675,3.4547563126760457,0.34993000503862487,2.857714358874773
444,0.44479843775675,3.4551060970398457,0.3499492373409534,2.8575573063064175
445,0.44579843775675,3.4554564408702966,0.34997358403336987,2.8573585139633004
446,0.44679843775675,3.455805914124902,0.35000271317915554,2.8571207089132793
447,0.44779843775675,3.4561547478126977,0.3500367085287242,2.8568432271095348
448,0.44879843775675,3.4565040148543735,0.3500754960622449,2.856526695665085
449,0.44979843775675,3.4568549187687454,0.350117738333218,2.856182051102674
450,0.45079843775675,3.4572037875277677,0.3501636073991019,2.85580791055834
451,0.45179843775675,3.457552397227324,0.35021377615622185,2.855398810907782
452,0.45279843775675,3.4579020014351696,0.3502666637279177,2.8549676676533116
453,0.45379843775675,3.4582511432232983,0.35032205949199763,2.8545162170207066
454,0.45479843775675,3.458600492629466,0.35037913566394874,2.8540512211295237
455,0.45579843775675,3.4589484319189743,0.3504395601659258,2.8535591116668475
456,0.45679843775675,3.4592975789488576,0.35050384802797263,2.853035724504209
457,0.45779843775675,3.459646958284865,0.35057146729827066,2.852485422463624
458,0.45879843775675,3.4599966463377996,0.35064155214008474,2.8519152789983377
459,0.45979843775675,3.4603456278226514,0.3507135751913414,2.8513296055176154
460,0.46079843775675,3.4606957597246826,0.35078752092760973,2.8507285474569803
461,0.46179843775675,3.4610450384466347,0.35086297574018865,2.8501154842296392
462,0.46279843775675,3.4613956923070885,0.3509402942101146,2.849487552436145
463,0.46379843775675,3.4617449127087974,0.3510180641265343,2.8488562333348235
464,0.46479843775675,3.4620950075044052,0.3510959433444187,2.848224307220258
465,0.46579843775675,3.4624451029045593,0.35117316812251526,2.8475979681087873
466,0.46679843775675,3.4627956467402896,0.3512491410552222,2.8469820509618935
467,0.46779843775675,3.4631455385803336,0.3513237836406909,2.846377178445537
468,0.46879843775675,3.463495729162082,0.3513966859139721,2.845786656749566
469,0.46979843775675,3.463847414223414,0.3514682969938399,2.8452068324601316
470,0.47079843775675,3.4641975743503246,0.35153771881175705,2.8446449598072414
471,0.47179843775675,3.464548447775108,0.3516036660465869,2.8441114145479407
472,0.47279843775675,3.4648995376287353,0.3516655778741909,2.843610699815926
473,0.47379843775674996,3.465250063040527,0.35172253761732886,2.8431501909837564
474,0.47479843775674996,3.465600109924459,0.3517733861073685,2.8427392164760845
475,0.47579843775674996,3.4659507402893373,0.3518183838051634,2.8423756291081106
476,0.47679843775674996,3.466301479305551,0.35185556101902843,2.842075302444686
477,0.47779843775674996,3.466652083393996,0.3518833212449525,2.8418510899068203
478,0.47879843775674996,3.467003650980556,0.35190249365348936,2.8416962597164144
479,0.47979843775674996,3.4673537506938072,0.35191160476546696,2.8416226872269656
480,0.48079843775674996,3.467705555256379,0.351909432341019,2.8416402292705434
481,0.48179843775674996,3.468058587823883,0.3518948572747217,2.8417579266278037
482,0.48279843775674997,3.46841117165665,0.35186808476069253,2.841974146874121
483,0.48379843775674997,3.4687608815930755,0.35182935822184536,2.842286968472517
484,0.48479843775674997,3.4691123029775195,0.3517774607269351,2.8427062891793495
485,0.48579843775674997,3.4694628601415154,0.3517100623795151,2.8432510381831024
486,0.48679843775674997,3.4698121557689756,0.35162720325820634,2.843921035499866
487,0.48779843775674997,3.4701631068121856,0.3515280812416963,2.8447229492099693
488,0.48879843775674997,3.4705144749101553,0.3514116485514435,2.845665486964098
489,0.48979843775674997,3.4708651121657725,0.3512769274697529,2.846756851362252
490,0.49079843775675,3.4712163600719697,0.35112335503778774,2.8480019504609153
491,0.49179843775675,3.4715676990666235,0.35094924075168266,2.8494149121341428
492,0.49279843775675,3.471918065365571,0.3507530630107905,2.8510086025085863
493,0.49379843775675,3.472269623586763,0.35053512633140677,2.8527811476860925
494,0.49479843775675,3.472620664964171,0.3502947441338254,2.854738807094301
495,0.49579843775675,3.472971299895709,0.35003104797210854,2.856889426790742
496,0.49679843775675,3.4733210913768606,0.3497432459007247,2.859240347657355
497,0.49779843775675,3.4736707364124135,0.34942991348812374,2.8618042170965636
498,0.49879843775675,3.474022260183355,0.3490898529843051,2.8645919995989098
499,0.49979843775675,3.474372338108914,0.34872274083262694,2.8676076518908764
500,0.50079843775675,3.4747208643288676,0.34832691235384555,2.870866317053782
501,0.50179843775675,3.4750705792693286,0.3479020897177828,2.8743719269154067
502,0.50279843775675,3.4754197671653504,0.34744776830781193,2.8781304449596496
503,0.50379843775675,3.475768907640317,0.346963270658737,2.88214945086672
504,0.50479843775675,3.4761178004515667,0.34644692920508824,2.8864449810378434
505,0.5057984377567499,3.4764658358745577,0.3458985760699257,2.891020863288675
506,0.5067984377567499,3.4768134889917204,0.3453179422295686,2.8958819618332967
507,0.5077984377567499,3.4771606909452175,0.344704459192355,2.9010358680679884
508,0.5087984377567499,3.477507254615237,0.3440581257392887,2.9064856348073977
509,0.5097984377567499,3.4778542601255236,0.34337749317918403,2.9122467833911636
510,0.5107984377567499,3.4781980996652684,0.3426627036680375,2.918321688632835
511,0.5117984377567499,3.478542478114021,0.34191385108996647,2.9247133358656296
512,0.5127984377567499,3.47888667798364,0.3411310575205616,2.9314246766866874
513,0.5137984377567499,3.4792290900883174,0.3403125567446893,2.938475175778554
514,0.5147984377567499,3.479571382208791,0.33945783777034216,2.9458739458434393
515,0.5157984377567499,3.4799129011416414,0.33856628233106323,2.953631392691849
516,0.5167984377567499,3.480253457483559,0.3376387796201223,2.961745096712827
517,0.5177984377567499,3.4805944596296325,0.3366750691222375,2.9702228995070836
518,0.5187984377567499,3.480931687944544,0.3356757195137136,2.9790656334890087
519,0.5197984377567499,3.4812699827822886,0.3346403980119884,2.9882823650125325
520,0.5207984377567499,3.481606936774751,0.33356837754106844,2.997886092715373
521,0.5217984377567499,3.481941712989146,0.33245983925667183,3.0078821015971235
522,0.52279843775675,3.482275323560088,0.33131445298899703,3.0182806423878223
523,0.52379843775675,3.482609029761504,0.3301322618502061,3.029088991168452
524,0.52479843775675,3.482942920781452,0.32891298184867995,3.0403178201706282
525,0.52579843775675,3.4832736057609632,0.3276578182924127,3.0519644097354237
526,0.52679843775675,3.4836027729401953,0.32636690721294825,3.064036144288118
527,0.52779843775675,3.483930008704089,0.32504003707203405,3.0765440744100827
528,0.52879843775675,3.48425765660946,0.3236782493465045,3.0894877923337956
529,0.52979843775675,3.4845821173694924,0.32228143576127904,3.102878071887212
530,0.53079843775675,3.484905873645153,0.3208503905272425,3.116717415729911
531,0.53179843775675,3.4852289084468007,0.31938512697686744,3.1310161793239306
532,0.53279843775675,3.485549004468594,0.31788589300331077,3.1457828799895347
533,0.53379843775675,3.485868476978732,0.3163544365953053,3.1610114615817593
534,0.53479843775675,3.4861849661672735,0.31479135648044426,3.1767072996558685
535,0.53579843775675,3.486500696614223,0.3131972557489673,3.1928759963386026
536,0.53679843775675,3.486815428781588,0.31157263575865746,3.209524474333474
537,0.53779843775675,3.4871272714022696,0.309918298174887,3.2266568508184688
538,0.53879843775675,3.487438839124477,0.3082361777919958,3.2442655082325245
539,0.53979843775675,3.487748190687971,0.3065273135092975,3.2623520186551604
540,0.54079843775675,3.4880556491103105,0.3047927934341723,3.280917467676201
541,0.54179843775675,3.4883607556458465,0.3030338620034293,3.299961243237838
542,0.54279843775675,3.488664091003179,0.3012520778303156,3.319479179039103
543,0.54379843775675,3.4889663512245392,0.2994470687155134,3.339488358625543
544,0.54479843775675,3.489265418089942,0.29762090979695854,3.359978976887797
545,0.54579843775675,3.489561718905803,0.2957751917583851,3.380946164061274
546,0.54679843775675,3.4898576103096173,0.2939114173197531,3.4023856885834296
547,0.54779843775675,3.490152387922879,0.29203043326517486,3.424300641611423
548,0.54879843775675,3.490444854618365,0.29013364497593175,3.4466874742602007
549,0.54979843775675,3.490734929064686,0.2882228892342946,3.4695370747848764
550,0.55079843775675,3.491024900485324,0.28630000587082727,3.492839607035075
551,0.55179843775675,3.491311279746691,0.28436626672206694,3.5165915125136027
552,0.55279843775675,3.4915952408735933,0.2824226872696704,3.540792029378126
553,0.55379843775675,3.4918775006839184,0.28047111703836475,3.565429519301316
554,0.55479843775675,3.4921576460874735,0.2785140980380511,3.590482517920433
555,0.55579843775675,3.4924369372732875,0.27655276738237183,3.6159464592063326
556,0.55679843775675,3.492713375433584,0.274588163197517,3.6418175800268533
557,0.55779843775675,3.492988074162569,0.272623334326637,3.668064593480008
558,0.55879843775675,3.4932618166272635,0.27066002104662656,3.694671995269409
559,0.55979843775675,3.493531856149222,0.26869877546910664,3.72163958787737
560,0.56079843775675,3.493800125264567,0.26674124110141834,3.7489515902034345
561,0.56179843775675,3.494067150569319,0.26478986299487167,3.7765796193616654
562,0.56279843775675,3.4943319629780123,0.2628463069076521,3.8045046619252596
563,0.56379843775675,3.4945931308385716,0.26091188222126477,3.8327116093239324
564,0.56479843775675,3.49485298608813,0.2589879282703351,3.861183826900945
565,0.56579843775675,3.4951095976678275,0.25707629179522656,3.889895847714138
566,0.56679843775675,3.495364135477325,0.25517813457383554,3.9188310615643718
567,0.56779843775675,3.4956188450203785,0.2532960137813711,3.9479500094428484
568,0.56879843775675,3.4958702403791673,0.25143147479132294,3.977226800383508
569,0.56979843775675,3.4961199555604927,0.24958527268598954,4.006646663235331
570,0.57079843775675,3.496369299510908,0.24776070115361773,4.0361526075112915
571,0.57179843775675,3.496615895112467,0.24595995755106587,4.065702441798403
572,0.57279843775675,3.4968609627280096,0.2441833645659917,4.09528307457548
573,0.57379843775675,3.497104582425346,0.2424322587070807,4.12486360244761
574,0.57479843775675,3.497346034874653,0.24070770190059895,4.1544162987063595
575,0.57579843775675,3.4975859877252025,0.23901124361094905,4.183903589187426
576,0.57679843775675,3.497822751103671,0.23734418752700517,4.213290455601401
577,0.57779843775675,3.4980582932271225,0.23570857607071086,4.242527008011822
578,0.57879843775675,3.4982908751089834,0.2341059817410949,4.2715696222830015
579,0.57979843775675,3.498521245313179,0.23253662840540884,4.300397777577564
580,0.58079843775675,3.498751743134354,0.2310019899020193,4.3289670380075735
581,0.58179843775675,3.4989788617153734,0.2295043906776006,4.357215114915878
582,0.58279843775675,3.4992061974507793,0.22804517823226966,4.385096004886695
583,0.58379843775675,3.4994311698221994,0.22662557511382775,4.412564643234673
584,0.58479843775675,3.4996565551671117,0.22524667425234754,4.439577202723462
585,0.58579843775675,3.4998781300649497,0.22390961385857255,4.466087823418013
586,0.58679843775675,3.5000994570713018,0.22261559160281658,4.492048345760827
587,0.58779843775675,3.5003187065627626,0.2213662582013585,4.5174002945398435
588,0.58879843775675,3.500536091172178,0.22016246474809725,4.5421003128038535
589,0.58979843775675,3.5007517661853416,0.21900518186863574,4.566102004836683
590,0.59079843775675,3.500966516512362,0.21789536138308316,4.5893588264226235
591,0.59179843775675,3.5011811084677213,0.216834017821847,4.611822490056012
592,0.59279843775675,3.501395161785021,0.21582137547592675,4.633461341791617
593,0.59379843775675,3.5016080053716445,0.21485877300959919,4.654220006903434
594,0.59479843775675,3.5018202703615104,0.21394640527055386,4.674067782234587
595,0.59579843775675,3.5020305813908985,0.21308493204509038,4.692964398760925
596,0.59679843775675,3.5022417200422944,0.21227554437535573,4.710858252384233
597,0.59779843775675,3.5024513489074818,0.2115193151859707,4.72770063159852
598,0.59879843775675,3.50265949270142,0.21081619413123476,4.7434686131251
599,0.59979843775675,3.5028675280984163,0.21016624918392252,4.758137921207659
600,0.60079843775675,3.5030756313437785,0.2095707281592165,4.771658755893968
601,0.60179843775675,3.503283059171106,0.20902960188836267,4.784011407791295
602,0.60279843775675,3.5034905623839316,0.20854399606702756,4.7951512335967355
603,0.60379843775675,3.503695815490683,0.20811343285311854,4.805071860526062
604,0.60479843775675,3.503902551506439,0.20773850566023283,4.81374407128716
605,0.60579843775675,3.5041064305658436,0.20741982423571811,4.821139944962879
606,0.60679843775675,3.504312628029875,0.2071569552255896,4.8272576651410075
607,0.60779843775675,3.504518557003025,0.20694970466028972,4.832091940607073
608,0.60879843775675,3.504723887681691,0.20679912252457736,4.835610460006442
609,0.60979843775675,3.5049281820103517,0.20670393164898038,4.8378373455333
610,0.61079843775675,3.5051320880720263,0.20666415942780664,4.83876838039412
611,0.61179843775675,3.5053358862969146,0.20668008961308001,4.838395424891057
612,0.61279843775675,3.5055394534590576,0.2067508427703428,4.8367396553289606
613,0.61379843775675,3.505745867152189,0.2068770774104837,4.833788317764219
614,0.61479843775675,3.5059508682730236,0.20705792083044516,4.8295665096476865
615,0.61579843775675,3.506156327924172,0.207294033903604,4.82406551297574
616,0.61679843775675,3.5063620711627017,0.2075845385928722,4.817314462717585
617,0.61779843775675,3.506568481195979,0.20792942034415166,4.809324232928958
618,0.61879843775675,3.5067759247320143,0.20832734635452071,4.800137943956007
619,0.61979843775675,3.5069823171523615,0.20877813856659647,4.789773521622897
620,0.62079843775675,3.507189401272568,0.20928065531257603,4.778272499703456
621,0.62179843775675,3.507396651845238,0.20983446924779245,4.765661254725052
622,0.62279843775675,3.5076030387902737,0.21043942636041435,4.75196125220055
623,0.62379843775675,3.507812476187958,0.2110950907745975,4.737201591617197
624,0.62479843775675,3.508021062954788,0.21179924022379729,4.721452253291144
625,0.62579843775675,3.5082313347662533,0.2125512796471835,4.704747022271107
626,0.62679843775675,3.5084439567224703,0.21335185797603493,4.687092999735332
627,0.62779843775675,3.5086549769786437,0.2141989302084116,4.668557396748053
628,0.62879843775675,3.5088676227950755,0.2150915086737291,4.649183996923345
629,0.62979843775675,3.509082385264068,0.21602746010591387,4.629041139074266
630,0.63079843775675,3.5092975043627823,0.21700695387903285,4.60814726037505
631,0.63179843775675,3.5095128415855084,0.21802925442753768,4.586540474238751
632,0.6327984377567499,3.509730519928785,0.21909370700519484,4.564257064564111
633,0.6337984377567499,3.5099484668704766,0.22019952996842235,4.541335760995515
634,0.6347984377567499,3.5101682828318634,0.2213450037912453,4.517834072925898
635,0.6357984377567499,3.510389506901554,0.22252867437610674,4.493802889913641
636,0.6367984377567499,3.5106127952241075,0.22374982528308446,4.469277232886403
637,0.6377984377567499,3.510835970132235,0.22500767950957384,4.444292755605486
638,0.6387984377567499,3.5110614389723884,0.22630151995975964,4.418883267676759
639,0.6397984377567499,3.5112872288950685,0.22762984606872108,4.393097026907894
640,0.6407984377567499,3.5115138400445445,0.2289904508109946,4.3669943286210895
641,0.6417984377567499,3.5117415265561776,0.23038108235165558,4.340634177912194
642,0.6427984377567499,3.5119716841017232,0.23179963042754984,4.314070726323074
643,0.6437984377567499,3.512202660731939,0.23324568863439318,4.2873246912077985
644,0.6447984377567499,3.512436858642136,0.2347183024886998,4.260426176387091
645,0.6457984377567499,3.512671303508083,0.23621652657177608,4.233404048874382
646,0.6467984377567499,3.5129078651509156,0.23773738338698813,4.206322059043627
647,0.64779843775675,3.5131455668644067,0.23928086005629703,4.179189258032272
648,0.64879843775675,3.513385341021527,0.24084429412475758,4.152060166648577
649,0.64979843775675,3.5136264532983743,0.24242649630216548,4.124961649215022
650,0.65079843775675,3.5138700818508313,0.244026130150484,4.097921806092358
651,0.65179843775675,3.514115484978537,0.24564148521870388,4.070973594340803
652,0.65279843775675,3.514360870238745,0.2472713398027527,4.0441403391015545
653,0.65379843775675,3.514609764687733,0.24891307121454495,4.017466801243526
654,0.65479843775675,3.5148598158568696,0.25056669953849314,3.99095331439434
655,0.65579843775675,3.515111725850635,0.25222988767328164,3.9646372173599023
656,0.65679843775675,3.515364837122017,0.2539021593116503,3.93852499211146
657,0.65779843775675,3.5156185985803767,0.2555807366936604,3.9126579449475574
658,0.65879843775675,3.5158745602817896,0.25726418760350483,3.8870548182990725
659,0.65979843775675,3.516133884164813,0.2589516772751596,3.86172435924178
660,0.66079843775675,3.516392147528439,0.2606429851375773,3.836665696075273
661,0.66179843775675,3.5166540659246297,0.2623356183352902,3.8119108886003565
662,0.66279843775675,3.5169178115031685,0.26402794943449115,3.7874778111251186
663,0.66379843775675,3.5171840123914175,0.2657176763833218,3.7633928371306755
664,0.66479843775675,3.517450450112284,0.2674035389312535,3.739666288624134
665,0.66579843775675,3.517717511941424,0.269085491433051,3.7162910370022755
666,0.66679843775675,3.5179883287052323,0.27076136793201444,3.693289067187348
667,0.66779843775675,3.518260366330268,0.2724295255859021,3.6706740866260525
668,0.66879843775675,3.5185345724327455,0.27408834977772106,3.6484586112871105
669,0.66979843775675,3.5188095167657565,0.27573814015016834,3.626629234009467
670,0.67079843775675,3.519086690705876,0.27737662661811224,3.6052064378761957
671,0.67179843775675,3.5193657428120835,0.2790020468913705,3.5842030950738875
672,0.67279843775675,3.5196451405111273,0.2806123919690894,3.563634495906917
673,0.67379843775675,3.5199273781112206,0.28220745431766114,3.543492507729332
674,0.67479843775675,3.5202116983288225,0.2837865689749754,3.5237749397794125
675,0.67579843775675,3.5204972843436684,0.2853471908182159,3.5045026976875437
676,0.67679843775675,3.5207848098907855,0.2868881766575541,3.4856786767955805
677,0.67779843775675,3.5210738563767454,0.2884085923940761,3.4673030775505422
678,0.67879843775675,3.5213623951183948,0.28990643992946946,3.449388707071451
679,0.67979843775675,3.5216548586137675,0.29138100824984725,3.4319326644052968
680,0.68079843775675,3.5219484665214535,0.2928312713091553,3.4149358281624727
681,0.68179843775675,3.5222440658804794,0.294256042607856,3.3984008999015276
682,0.68279843775675,3.522541303060668,0.29565539845027994,3.3823160518686386
683,0.68379843775675,3.52283947994508,0.2970279221197176,3.366686851739643
684,0.68479843775675,3.5231384636568404,0.2983717768922571,3.3515234262961235
685,0.68579843775675,3.5234403991189205,0.2996867770851639,3.3368172253920423
686,0.68679843775675,3.5237435795487606,0.30097202483017094,3.3225679382137545
687,0.68779843775675,3.524045702302008,0.30222574023522103,3.3087850135521357
688,0.68879843775675,3.524352078515256,0.30344778870807976,3.295459835965427
689,0.68979843775675,3.524658388207892,0.3046372305428913,3.28259286699104
690,0.69079843775675,3.524965792156754,0.3057939561077251,3.270175816188205
691,0.69179843775675,3.525273084798216,0.30691746155726135,3.2582049744779047
692,0.69279843775675,3.5255841989843533,0.30800748438813985,3.246674352691496
693,0.69379843775675,3.525894379004809,0.30906456359208034,3.235569902862926
694,0.69479843775675,3.5262084376017095,0.3100861291830264,3.224910455152143
695,0.69579843775675,3.5265220354861047,0.3110725031522678,3.21468464704033
696,0.69679843775675,3.52683531097148,0.31202305098857,3.204891423347539
697,0.69779843775675,3.5271505707016986,0.312937095162956,3.195530397184997
698,0.69879843775675,3.5274665676333274,0.31381495305921203,3.186591302458795
699,0.69979843775675,3.5277834908873116,0.31465663204767325,3.1780674492457264
700,0.70079843775675,3.528101970049325,0.315461055931087,3.1699633954767834
701,0.70179843775675,3.5284199079007106,0.316227796604245,3.1622773542943383
702,0.70279843775675,3.528737836657162,0.3169576270292473,3.154995856615638
703,0.70379843775675,3.5290569007524395,0.31764963123363743,3.148122653617944
704,0.70479843775675,3.5293763145093213,0.31830455381059986,3.141645282885359
705,0.70579843775675,3.5296986089211266,0.31892245522103335,3.1355584519971695
706,0.70679843775675,3.5300205090775405,0.3195030163952363,3.1298609048590804
707,0.70779843775675,3.5303416674143087,0.32004672818619173,3.124543736682838
708,0.70879843775675,3.53066284846686,0.32055417310274115,3.119597509278062
709,0.70979843775675,3.530984436933511,0.3210252241615687,3.1150200194135222
710,0.71079843775675,3.531306812176732,0.32145985743469097,3.11080832294329
711,0.71179843775675,3.5316304548143287,0.3218573706897678,3.1069662871380412
712,0.71279843775675,3.531956206785671,0.32221809659907963,3.1034880118612693
713,0.71379843775675,3.5322790377280313,0.32254419658724937,3.1003503103783063
714,0.71479843775675,3.532601768783618,0.32283578841377286,3.097550011147828
715,0.71579843775675,3.5329236340675823,0.3230928040249057,3.0950859553124395
716,0.71679843775675,3.5332486327317913,0.32331690123274703,3.092940691275917
717,0.71779843775675,3.5335728276516094,0.3235078602911339,3.091115001348257
718,0.71879843775675,3.5338983991808655,0.3236673104169098,3.0895922072325397
719,0.71979843775675,3.5342230014741696,0.32379569106378114,3.0883672253779944
720,0.72079843775675,3.5345483056232383,0.3238938634845068,3.087431139453601
721,0.72179843775675,3.5348732505356155,0.32396181869010404,3.086783510610495
722,0.72279843775675,3.5351989174980085,0.32400061541067776,3.086413890703505
723,0.72379843775675,3.535524740858916,0.3240106565580218,3.0863182421931428
724,0.72479843775675,3.5358486528335336,0.32399254479538436,3.0864907729020254
725,0.72579843775675,3.5361723110891004,0.323947687678607,3.0869181600459945
726,0.72679843775675,3.5364967668327716,0.32387678932992614,3.0875939028200077
727,0.72779843775675,3.536821902200934,0.3237803380527737,3.0885136695268005
728,0.72879843775675,3.537147681351535,0.32365915195424605,3.0896700864536797
729,0.72979843775675,3.537472426217378,0.3235143821863315,3.0910526859484087
730,0.73079843775675,3.537796545848166,0.32334702122763165,3.092652581747504
731,0.73179843775675,3.538121638253094,0.32315880896113003,3.094453786405313
732,0.73279843775675,3.538444622871086,0.3229498457218422,3.09645603875378
733,0.73379843775675,3.5387699473459717,0.32272076946993644,3.09865399008091
734,0.73479843775675,3.539093105045297,0.32247243224674765,3.1010402750794697
735,0.73579843775675,3.5394155608553186,0.32220619393345473,3.103602658260909
736,0.73679843775675,3.539738287041328,0.3219235517113791,3.1063275572225018
737,0.73779843775675,3.540059962659084,0.32162468905982045,3.109214043620903
738,0.73879843775675,3.5403820397181014,0.3213111658745459,3.1122478961420352
739,0.73979843775675,3.5407025334910966,0.32098318439615603,3.115427999386424
740,0.74079843775675,3.5410235713281906,0.32064189030108936,3.1187440888056748
741,0.74179843775675,3.5413434379745303,0.3202879736677763,3.12219028566232
742,0.74279843775675,3.541663259110357,0.31992272616414247,3.1257548095752687
743,0.74379843775675,3.5419819327942537,0.3195466349583107,3.129433674463397
744,0.74479843775675,3.542299272499759,0.31915981554554107,3.133226525684934
745,0.74579843775675,3.5426175234450423,0.3187643101022628,3.1371140629865053
746,0.74679843775675,3.542935633537377,0.3183607018422249,3.1410912031962597
747,0.74779843775675,3.5432522132454984,0.31794955015066917,3.145153058169519
748,0.74879843775675,3.543568423454236,0.3175311469300802,3.149297351356206
749,0.74979843775675,3.5438848461059775,0.31710728173784763,3.1535068968447697
750,0.75079843775675,3.5442017777686665,0.31667789523522466,3.157782766167533
751,0.75179843775675,3.5445180997648826,0.3162448248826817,3.1621070807118286
752,0.75279843775675,3.5448330868495264,0.3158070740295026,3.1664901841514177
753,0.75379843775675,3.5451478561228336,0.31536606404911355,3.1709182248736343
754,0.75479843775675,3.5454611864427985,0.31492226596962797,3.1753867797218343
755,0.75579843775675,3.5457739694234314,0.31447662122960723,3.179886619520359
756,0.75679843775675,3.546087897907126,0.31402936113962077,3.1844156112376685
757,0.75779843775675,3.546400796163637,0.31358143963329604,3.188964248551846
758,0.75879843775675,3.546712297314137,0.3131339840448927,3.1935211473457774
759,0.75979843775675,3.547024091234996,0.3126874861193339,3.1980812932768297
760,0.76079843775675,3.5473341719673512,0.31224192674421175,3.2026448543510266
761,0.7617984377567499,3.547644943687613,0.31179854182991545,3.2071990912179924
762,0.7627984377567499,3.5479550422994186,0.31135824926186345,3.2117344003915056
763,0.7637984377567499,3.5482649379772186,0.31092112531176425,3.2162497771654732
764,0.7647984377567499,3.548574732297498,0.3104873245015409,3.2207433962253016
765,0.7657984377567499,3.548883962908921,0.31005693280357927,3.2252141274760624
766,0.7667984377567499,3.5491926395460904,0.3096311638030928,3.2296490692905224
767,0.7677984377567499,3.5495005476544774,0.3092095791598123,3.2340524595557847
768,0.7687984377567499,3.5498085166057565,0.30879256503507874,3.2384199402158544
769,0.7697984377567499,3.5501155559581448,0.3083806677589954,3.242745426511355
770,0.7707984377567499,3.5504232546675705,0.30797428869513727,3.2470243027004657
771,0.7717984377567499,3.5507300787001372,0.30757424636939523,3.2512475013886717
772,0.77279843775675,3.5510375138637635,0.3071812575031032,3.2554069480944743
773,0.77379843775675,3.5513436112189947,0.30679561683441675,3.259498979542848
774,0.77479843775675,3.5516497823663316,0.3064166017697855,3.263530742865271
775,0.77579843775675,3.5519557495315217,0.30604443118752717,3.2674994154272166
776,0.77679843775675,3.552260216971543,0.3056784491991747,3.2714115195880806
777,0.77779843775675,3.5525641470173293,0.30531859105643655,3.2752673086165105
778,0.77879843775675,3.552867850066496,0.30496585138536914,3.2790556564195548
779,0.77979843775675,3.5531710569918054,0.3046204802989406,3.2827733677612407
780,0.78079843775675,3.5534772472145124,0.30428280858316364,3.286416359360932
781,0.78179843775675,3.5537831947577168,0.30395389819324325,3.2899726107945324
782,0.78279843775675,3.554089193995109,0.30363435854868576,3.293434922120833
783,0.78379843775675,3.554392144121548,0.3033235565368843,3.296809556821873
784,0.78479843775675,3.554696122432928,0.3030219604321374,3.3000908533952695
785,0.78579843775675,3.5550001490800045,0.3027311850612855,3.3032606131989937
786,0.78679843775675,3.555302053306191,0.3024514452949937,3.3063158254200364
787,0.78779843775675,3.5556056963508027,0.3021822195481423,3.3092615491914628
788,0.78879843775675,3.5559077891158744,0.30192347504833716,3.3120975433920883
789,0.78979843775675,3.5562092648309895,0.3016754125784163,3.314821023871357
790,0.79079843775675,3.5565102561228876,0.3014380353434447,3.317431388048445
791,0.79179843775675,3.5568114696130984,0.3012110100673475,3.319931764036151
792,0.79279843775675,3.557112289957323,0.3009941177506188,3.3223240622546824
793,0.79379843775675,3.557413616127823,0.30078710462407415,3.324610612046707
794,0.79479843775675,3.5577134386583045,0.3005907388674816,3.3267824676423574
795,0.79579843775675,3.5580131617415867,0.3004061015896924,3.3288271932833213
796,0.79679843775675,3.5583128305482012,0.3002323567029149,3.330753590258485
797,0.79779843775675,3.558613544412052,0.3000688331982062,3.3325686954614984
798,0.79879843775675,3.5589144383003717,0.2999164963770746,3.334261409691632
799,0.79979843775675,3.559214561342007,0.299774719107788,3.335838335454954
800,0.80079843775675,3.559513560580299,0.29964340067712325,3.337300263380526
801,0.80179843775675,3.5598128717640463,0.299522630595814,3.3386458913331123
802,0.80279843775675,3.5601117387660968,0.2994132780061483,3.3398652413119283
803,0.80379843775675,3.5604104302649464,0.29931522067881033,3.3409593996994946
804,0.80479843775675,3.560708975494268,0.29922773959506127,3.341936149881289
805,0.80579843775675,3.561008515282269,0.29915103003578486,3.342793103137163
806,0.80679843775675,3.561306632024286,0.299085367974753,3.3435269895397024
807,0.80779843775675,3.5616054030227193,0.2990307626920203,3.3441375428986433
808,0.80879843775675,3.561902444247947,0.29898829490110973,3.344612538530144
809,0.80979843775675,3.56220108948952,0.29895698716348834,3.3449627971168225
810,0.81079843775675,3.562498384515282,0.29893722022519453,3.345183979588366
811,0.81179843775675,3.5627971494152573,0.29892976360473567,3.3452674231605286
812,0.81279843775675,3.5630958378716455,0.2989344028968229,3.3452155065108036
813,0.81379843775675,3.563394516411057,0.2989516963951806,3.3450219953865465
814,0.81479843775675,3.5636936211123733,0.2989813221394317,3.344690540680813
815,0.81579843775675,3.563991635541992,0.2990231352862223,3.3442228443053703
816,0.81679843775675,3.5642898120523703,0.2990764466105145,3.3436267259865304
817,0.81779843775675,3.564587972703716,0.29914191515556976,3.3428949583342296
818,0.81879843775675,3.564886963697356,0.29921997660577804,3.3420228533654983
819,0.81979843775675,3.5651857231467643,0.29931032555396436,3.3410140400241697
820,0.82079843775675,3.5654855795791325,0.2994134509024021,3.339863312707229
821,0.82179843775675,3.565783830105469,0.2995289694517316,3.3385752364134773
822,0.82279843775675,3.5660840396847293,0.2996559107794721,3.3371609370186492
823,0.82379843775675,3.5663826208278686,0.29979401857038795,3.3356235883846104
824,0.82479843775675,3.566682607024796,0.2999440964630044,3.3339545995143185
825,0.82579843775675,3.566982867680558,0.30010559174499896,3.3321605045257017
826,0.82679843775675,3.567282077843152,0.3002791231599379,3.3302348477531996
827,0.82779843775675,3.5675814233245076,0.30046319684210626,3.328194635849199
828,0.82879843775675,3.567881953401925,0.3006582736244694,3.326035195855039
829,0.82979843775675,3.5681812227395135,0.30086441710477446,3.323756294024478
830,0.83079843775675,3.5684813855411948,0.30108038626124906,3.32137211731984
831,0.83179843775675,3.5687814410067427,0.30130694260008656,3.31887473740445
832,0.83279843775675,3.5690812899455358,0.30154312928888555,3.3162751953866474
833,0.83379843775675,3.569381780325744,0.3017884746324853,3.3135791591040347
834,0.83479843775675,3.5696817791272144,0.30204219808625826,3.310795664764751
835,0.83579843775675,3.5699812791221457,0.3023034813749049,3.307934117900016
836,0.83679843775675,3.570282935476244,0.30257260742654096,3.3049918447848308
837,0.83779843775675,3.5705844537955946,0.3028492334480464,3.301973026692668
838,0.83879843775675,3.5708865614287433,0.30313255641978365,3.2988868362102988
839,0.83979843775675,3.5711875692796307,0.30342120671205236,3.2957485432091205
840,0.84079843775675,3.5714888920145165,0.3037156825689265,3.2925530599594763
841,0.84179843775675,3.571789845501894,0.30401544963980615,3.28930651776016
842,0.84279843775675,3.572092074296942,0.304318934588339,3.2860262255870767
843,0.84379843775675,3.5723947801936364,0.3046255020602673,3.282719251135315
844,0.84479843775675,3.572698496955724,0.30493445495737437,3.279393272038695
845,0.84579843775675,3.5730022241389827,0.3052446941659573,3.2760602202517366
846,0.84679843775675,3.5733065000510043,0.3055552091404197,3.272730983095248
847,0.84779843775675,3.5736116831016607,0.30586624853584393,3.2694029000810523
848,0.84879843775675,3.573918636913848,0.3061764649046081,3.266090358419804
849,0.84979843775675,3.574225893243028,0.3064852930974302,3.262799300722416
850,0.85079843775675,3.5745328814365185,0.3067912980701259,3.259544864181322
851,0.85179843775675,3.5748394481627863,0.30709236707998,3.256349252534685
852,0.85279843775675,3.575143501426115,0.30738856465229986,3.2532114560967553
853,0.85379843775675,3.5754508598560895,0.30767928485445833,3.250137559546885
854,0.85479843775675,3.575758763423388,0.30796330744605627,3.2471400839697853
855,0.85579843775675,3.576066122269872,0.3082395182044263,3.2442303499085865
856,0.85679843775675,3.576374065896748,0.3085072784855879,3.2414146107308635
857,0.85779843775675,3.5766815706187094,0.30876690391364053,3.2386890800954866
858,0.85879843775675,3.5769903215065137,0.3090161212611155,3.236077120892376
859,0.85979843775675,3.5772984780063317,0.3092531814868346,3.2335964829599386
860,0.86079843775675,3.577607380550097,0.3094784531691638,3.2312427238783914
861,0.86179843775675,3.5779172380098867,0.30969119849903265,3.229022990794243
862,0.86279843775675,3.578227685460439,0.30989076671765337,3.2269435149422074
863,0.86379843775675,3.578537668245113,0.3100754419466539,3.225021606748342
864,0.86479843775675,3.578848383907173,0.31024437782766723,3.2232655012219893
865,0.86579843775675,3.5791595904938927,0.3103979092057719,3.2216711850886552
866,0.86679843775675,3.5794724617175713,0.31053523197302035,3.2202465196827688
867,0.86779843775675,3.5797852555120664,0.3106549823833929,3.2190051880959576
868,0.86879843775675,3.5800965148988007,0.3107559524806674,3.217959276458949
869,0.86979843775675,3.580408310004346,0.31083750298010326,3.2171150212334902
870,0.87079843775675,3.580722270828381,0.3108999324201302,3.216469016946148
871,0.87179843775675,3.581035570997771,0.3109423608741204,3.2160301259333157
872,0.87279843775675,3.5813475877861847,0.3109646583536592,3.2157995229885667
873,0.87379843775675,3.581660825920486,0.3109665618559517,3.2157798382940856
874,0.87479843775675,3.581972665693389,0.31094697959840856,3.2159823558714447
875,0.87579843775675,3.5822876202937395,0.31090609397970215,3.2164052727293475
876,0.87679843775675,3.582601525799622,0.3108431638136916,3.2170564336404857
877,0.87779843775675,3.582915428431086,0.3107587897253182,3.2179298963157468
878,0.87879843775675,3.583227340497485,0.31065141575690725,3.219042145883944
879,0.87979843775675,3.5835416287423194,0.3105212682108444,3.220391330235707
880,0.88079843775675,3.583855504049291,0.3103688817315554,3.221972494217127
881,0.88179843775675,3.584167993419887,0.3101943605329629,3.223785236720107
882,0.88279843775675,3.584480449145936,0.3099970679967784,3.2258369618205305
883,0.88379843775675,3.5847924397409994,0.3097767939590455,3.2281307686727705
884,0.88479843775675,3.5851055728507566,0.30953433420605664,3.230659379241274
885,0.88579843775675,3.5854191442181134,0.30926923510759574,3.2334286326672514
886,0.88679843775675,3.585732285258763,0.30898208687699247,3.236433574863211
887,0.88779843775675,3.586044684554721,0.30867330821857314,3.2396711130328604
888,0.8887984377567499,3.5863556507678025,0.3083429537506199,3.243142052822051
889,0.8897984377567499,3.5866677179319204,0.307990779351047,3.2468504482733325
890,0.8907984377567499,3.586978014186579,0.3076174859927344,3.250790496427173
891,0.8917984377567499,3.587286490676308,0.30722349259954906,3.254959415826483
892,0.8927984377567499,3.5875966921694773,0.30681009019070804,3.2593452170312154
893,0.8937984377567499,3.587906434647776,0.30637711066554946,3.2639514023344596
894,0.8947984377567499,3.5882145549296958,0.30592502436936647,3.2687747661748134
895,0.8957984377567499,3.588523504492984,0.305454668783656,3.2738082019897647
896,0.8967984377567499,3.5888307851234256,0.3049669706717744,3.2790436216657244
897,0.89779843775675,3.589137119282901,0.30446308575351805,3.284470422826768
898,0.89879843775675,3.589443541142431,0.30394275690274597,3.2900932076495404
899,0.89979843775675,3.589748606174835,0.30340769777974264,3.295895283203873
900,0.90079843775675,3.5900539739778368,0.30285860732842285,3.3018708261957705
901,0.90179843775675,3.5903581335362564,0.3022965841507066,3.3080095920020756
902,0.90279843775675,3.590661500921254,0.3017220692427174,3.314308437927223
903,0.90379843775675,3.5909647353440346,0.30113696931085865,3.3207480379724377
904,0.90479843775675,3.5912674667268014,0.3005419017821118,3.3273230590155256
905,0.90579843775675,3.5915686619206575,0.2999391257620417,3.33400985103009
906,0.90679843775675,3.591868248459009,0.29932938464362824,3.3408013088677118
907,0.90779843775675,3.5921691451442985,0.29871261092732504,3.347699305012917
908,0.90879843775675,3.5924675308312386,0.2980909486876508,3.354680859658815
909,0.90979843775675,3.5927670602035686,0.2974657915277404,3.361731091377424
910,0.91079843775675,3.59306484167657,0.29683894977777503,3.368830137516112
911,0.91179843775675,3.5933593469530107,0.2962120100691669,3.3759603459916945
912,0.91279843775675,3.5936558259861777,0.29558606134798093,3.3831094586789137
913,0.91379843775675,3.5939492397505526,0.29496179217502516,3.390269609585968
914,0.91479843775675,3.59424334334997,0.29434030867588407,3.3974279788540978
915,0.91579843775675,3.5945378101100895,0.2937237929327961,3.4045590587508165
916,0.91679843775675,3.5948304580633303,0.29311309759430865,3.4116523901776574
917,0.91779843775675,3.595122496293182,0.2925095952061032,3.418691271632976
918,0.91879843775675,3.595415252404549,0.29191399206247154,3.4256665565588693
919,0.91979843775675,3.595706434333807,0.29132730546770663,3.432565301060834
920,0.92079843775675,3.5959983006878886,0.2907505542676424,3.4393743548274633
921,0.92179843775675,3.5962873814498946,0.29018588109017934,3.4460670389722923
922,0.92279843775675,3.596573692564256,0.2896340786703669,3.4526323856320165
923,0.92379843775675,3.596860578455402,0.28909726661593343,3.4590434275136297
924,0.92479843775675,3.5971475708981537,0.28857561889634353,3.46529621533689
925,0.92579843775675,3.5974335035977223,0.288070031124559,3.471378109330674
926,0.92679843775675,3.597718903475579,0.28758237326385266,3.477264578669133
927,0.92779843775675,3.598002079640128,0.28711509623436077,3.482923792985581
928,0.92879843775675,3.598287168309915,0.28666834292479637,3.488351695193413
929,0.92979843775675,3.598572152900455,0.2862433244400536,3.4935312533705027
930,0.93079843775675,3.598855464386705,0.285840604951374,3.4984532731804
931,0.93179843775675,3.599138922287354,0.28546207633670423,3.503092294545262
932,0.93279843775675,3.599421593808667,0.2851084577907978,3.50743716180375
933,0.93379843775675,3.5997039418336065,0.2847802829689729,3.511479058783543
934,0.93479843775675,3.599986456899817,0.28447882742284697,3.5152000908440484
935,0.93579843775675,3.6002680138067884,0.28420393969252034,3.5186000626236846
936,0.93679843775675,3.6005497181931436,0.28395658774313987,3.5216650824969604
937,0.93779843775675,3.600831586440938,0.2837373128805258,3.5243866583774737
938,0.93879843775675,3.601112262767697,0.28354714943064213,3.5267503200366606
939,0.93979843775675,3.6013933016958637,0.28338716435931954,3.528741332589271
940,0.94079843775675,3.601673633254804,0.28325740314919445,3.5303578613734947
941,0.94179843775675,3.601954265738072,0.2831576353345175,3.5316017483286912
942,0.94279843775675,3.602235317040046,0.28308881597152596,3.5324602865998895
943,0.94379843775675,3.602514503994826,0.283050707036689,3.5329358844186887
944,0.94479843775675,3.6027959974545367,0.283044696374159,3.5330109089134534
945,0.94579843775675,3.6030757190800435,0.2830708283917152,3.532684754842324
946,0.94679843775675,3.6033559391601955,0.2831270634132376,3.5319830889513084
947,0.94779843775675,3.603636258895387,0.2832135071269772,3.5309050410214216
948,0.94879843775675,3.603917564603432,0.2833309223493851,3.5294417979794863
949,0.94979843775675,3.60419982049791,0.28347881932846064,3.527600412506735
950,0.95079843775675,3.60447996315052,0.2836559160779624,3.525398002716613
951,0.95179843775675,3.6047613349732788,0.2838634645178507,3.5228203872538697
952,0.95279843775675,3.6050438190244063,0.2841005444327218,3.5198806183098013
953,0.95379843775675,3.6053257625503896,0.28436658154291733,3.5165876193123538
954,0.95479843775675,3.6056060363959714,0.284661470027309,3.5129446914753335
955,0.95579843775675,3.6058893902652254,0.284982472931117,3.508987727261773
956,0.95679843775675,3.6061717985095725,0.28532943895222784,3.5047207314890074
957,0.95779843775675,3.6064553937236763,0.28570156568747124,3.500155827265922
958,0.95879843775675,3.606737832925309,0.2860977642186321,3.495308684886518
959,0.95979843775675,3.607022258189595,0.2865169246786727,3.490195216640326
960,0.96079843775675,3.6073068280355485,0.28695778162286983,3.484833184674656
961,0.96179843775675,3.6075926146293407,0.28741932459193487,3.4792371787100795
962,0.96279843775675,3.6078771426730105,0.28790130148129944,3.4734125717905266
963,0.96379843775675,3.608163201237249,0.2884016401056681,3.467386661301953
964,0.96479843775675,3.6084495474766065,0.2889187272488216,3.461180967818619
965,0.96579843775675,3.608736159443061,0.2894508990336542,3.4548173916147724
966,0.96679843775675,3.6090230101472773,0.2899969551090916,3.4483120680485007
967,0.96779843775675,3.6093108085039187,0.29055554511777676,3.441682724019773
968,0.96879843775675,3.6095995282425064,0.2911251461521732,3.434948898152868
969,0.96979843775675,3.6098890273438475,0.29170420490065396,3.428130219585183
970,0.97079843775675,3.6101788961666497,0.29229113395254497,3.421246434940977
971,0.97179843775675,3.610469339831096,0.29288295862054264,3.414333168136265
972,0.97279843775675,3.610761468520157,0.29347856789393534,3.4074038427276405
973,0.97379843775675,3.611054120512457,0.29407697285641965,3.4004702588129563
974,0.97479843775675,3.611346687579959,0.2946762195305513,3.3935551419558054
975,0.97579843775675,3.611640476689525,0.2952748746355918,3.3866748778883813
976,0.97679843775675,3.6119357371294067,0.2958707841007448,3.379853820441755
977,0.97779843775675,3.612231298545522,0.2964620314154,3.3731132287858094
978,0.97879843775675,3.6125272102509776,0.2970459832081056,3.366482149329103
979,0.97979843775675,3.612823225385739,0.29762116806967115,3.3599760611311984
980,0.98079843775675,3.613120141772924,0.2981854925707943,3.353617211147799
981,0.98179843775675,3.6134189193548965,0.29873797424647636,3.347415080129523
982,0.98279843775675,3.613718331903414,0.2992775310627424,3.341380144539998
983,0.98379843775675,3.614018497260463,0.2998020636949306,3.3355340776358675
984,0.98479843775675,3.6143193972012235,0.3003101249331688,3.329891059192695
985,0.98579843775675,3.6146194967722933,0.3007991881302565,3.32447705798649
986,0.98679843775675,3.6149222313489564,0.3012672246636584,3.3193122853520585
987,0.98779843775675,3.6152244182325424,0.30171232922545876,3.31441543196843
988,0.98879843775675,3.615526573891555,0.3021330776021092,3.309799800592965
989,0.98979843775675,3.615829511323165,0.30252741307943104,3.3054855750789165
990,0.99079843775675,3.6161327843202447,0.30289370516841474,3.3014882215659807
991,0.99179843775675,3.6164365525011153,0.30323067087130384,3.297819436030654
992,0.99279843775675,3.6167426695433122,0.3035385646190116,3.2944742993535487
993,0.99379843775675,3.6170497150176786,0.3038166913280939,3.291458397590449
994,0.99479843775675,3.617356709974394,0.3040621346578483,3.288801485016439
995,0.99579843775675,3.6176639201248904,0.30427339858136304,3.2865179955342003
996,0.99679843775675,3.6179710101153133,0.3044502897329043,3.2846084688482473
997,0.99779843775675,3.618277905832339,0.3045921943706368,3.2830782222316914
998,0.99879843775675,3.618586090080432,0.3046977342079376,3.28194104429264
999,0.99979843775675,3.6188953535458985,0.30476568595750286,3.281209289878658
1000,1.00079843775675,3.619205530354652,0.3047955748304452,3.280887527833336
1001,1.00179843775675,3.619513551724767,0.30478602878406635,3.2809902868234038
1002,1.00279843775675,3.6198223960100018,0.3047364680038642,3.2815238902989434
1003,1.00379843775675,3.620131271564535,0.304645738803502,3.28250118950459
1004,1.00479843775675,3.6204399922946244,0.3045143030110443,3.2839179969938272
1005,1.00579843775675,3.6207504233325922,0.30434123308365163,3.2857854647816938
1006,1.00679843775675,3.6210597573649426,0.3041256777247437,3.288114333131299
1007,1.00779843775675,3.6213672977406812,0.3038676426497626,3.290906498894976
1008,1.00879843775675,3.6216756256570224,0.30356692730481855,3.294166491977161
1009,1.00979843775675,3.6219835245216174,0.30322394700847627,3.297892563782392
1010,1.01079843775675,3.622290960415457,0.30283828189492734,3.3020924360776807
1011,1.01179843775675,3.6225973894589862,0.3024096387901194,3.3067729057869992
1012,1.01279843775675,3.6229044339946177,0.301938068665273,3.311937459295982
1013,1.01379843775675,3.6232111427636107,0.3014227687243456,3.317599411060121
1014,1.01479843775675,3.6235152690006474,0.3008639936360402,3.3237609722408834
1015,1.01579843775675,3.6238189275674415,0.3002619717965368,3.330425075199396
1016,1.01679843775675,3.624123163093111,0.2996187091602313,3.337575289616564
1017,1.01779843775675,3.624426823754539,0.2989338893583715,3.3452212532556587
1018,1.01879843775675,3.6247290997389077,0.29820801800657903,3.353363892375081
1019,1.01979843775675,3.625031589085482,0.2974410082714739,3.3620111961404517
1020,1.02079843775675,3.6253325357675865,0.2966338924274385,3.3711589455160333
1021,1.02179843775675,3.625631337526265,0.2957863129111377,3.380819045201822
1022,1.02279843775675,3.6259293244165844,0.2948987385416742,3.3909944984681006
1023,1.02379843775675,3.6262266876310427,0.29397265557749935,3.401676928201141
1024,1.02479843775675,3.626522897123967,0.29301032071677036,3.4128490680934753
1025,1.02579843775675,3.6268182200751578,0.2920146815399677,3.424485353703462
1026,1.02679843775675,3.6271116943480766,0.29098551229143804,3.4365972110613012
1027,1.02779843775675,3.6274037752033883,0.28992320436601055,3.4491892506043094
1028,1.02879843775675,3.6276942482753602,0.2888296608750065,3.4622482918496327
1029,1.02979843775675,3.6279845245421356,0.28770654835386056,3.4757637798708156
1030,1.03079843775675,3.6282741303969805,0.28655480249528825,3.48973387042237
1031,1.03179843775675,3.628561657973376,0.2853760350932916,3.504148481399611
1032,1.03279843775675,3.6288469652341875,0.28417018068595334,3.519018067223372
1033,1.03379843775675,3.62913070848155,0.2829392865774131,3.534327141686621
1034,1.03479843775675,3.6294139255607916,0.28168413405156956,3.550075702229378
1035,1.03579843775675,3.6296959288545714,0.2804068802765143,3.5662463025653364
1036,1.03679843775675,3.629975655239873,0.2791099441796413,3.582817527118912
1037,1.03779843775675,3.6302541867062827,0.2777941489162863,3.599787842548662
1038,1.03879843775675,3.6305317417077583,0.2764612341657608,3.6171436585587236
1039,1.03979843775675,3.630807174385482,0.27511243482667463,3.6348775024655517
1040,1.04079843775675,3.631080579814707,0.27374816442999406,3.6529925308621793
1041,1.04179843775675,3.631354715740974,0.2723702745572121,3.671472599664863
1042,1.04279843775675,3.631625356323133,0.27098053124926486,3.6903020131735493
1043,1.04379843775675,3.631894229337837,0.26958111863517076,3.709458604010465
1044,1.04479843775675,3.632161254436385,0.26817299006443746,3.728936309953202
1045,1.04579843775675,3.632426282262734,0.2667578058934645,3.7487187925041328
1046,1.04679843775675,3.6326904442431425,0.26533733226551465,3.7687874203820355
1047,1.04779843775675,3.6329539072135146,0.2639126960541077,3.789131841519965
1048,1.04879843775675,3.633216210672529,0.262485899004874,3.8097284608093607
1049,1.04979843775675,3.633476591717614,0.2610594145958161,3.830545630956251
1050,1.05079843775675,3.6337352661575237,0.2596347427132372,3.851564661762102
1051,1.05179843775675,3.6339925364658785,0.25821323596733725,3.8727681648608256
1052,1.05279843775675,3.6342478052446663,0.25679567585407376,3.894146568761766
1053,1.05379843775675,3.6345006289166846,0.2553835649145196,3.915678756911056
1054,1.05479843775675,3.6347538819124368,0.2539776236280871,3.9373547390314703
1055,1.05579843775675,3.6350054231290634,0.25257922494346347,3.9591538069840735
1056,1.05679843775675,3.6352553318133176,0.25119054463794555,3.9810415692252823
1057,1.05779843775675,3.6355044464719457,0.24981320311256408,4.002990985025748
1058,1.05879843775675,3.635752145697358,0.24844874737585176,4.024975012199221
1059,1.05979843775675,3.6359981000314074,0.24709859897258077,4.046967502680841
1060,1.06079843775675,3.636242656085343,0.2457637615089659,4.068948138896052
1061,1.06179843775675,3.6364847420677933,0.24444540024762654,4.0908930950919355
1062,1.06279843775675,3.6367260860766146,0.24314478615272972,4.112775831318286
1063,1.06379843775675,3.6369667292291945,0.24186283634534916,4.134574848746618
1064,1.06479843775675,3.637206347057834,0.24060057143644217,4.156266105395195
1065,1.06579843775675,3.6374451317790673,0.23935894887289477,4.177825833163328
1066,1.06679843775675,3.6376817356143536,0.23813843099005694,4.199238215530837
1067,1.06779843775675,3.6379177012059203,0.2369401353561547,4.220475347061222
1068,1.06879843775675,3.638153672676555,0.23576499875019574,4.24151169724539
1069,1.06979843775675,3.6383857046295582,0.23461375249429556,4.2623247331774134
1070,1.07079843775675,3.638617182478621,0.23348595030874797,4.282912949056075
1071,1.07179843775675,3.6388487656380963,0.23238175642073072,4.303263799200677
1072,1.07279843775675,3.639079167919323,0.23130303640129812,4.3233327826490555
1073,1.07379843775675,3.6393086719455057,0.23024979580094923,4.343109172025061
1074,1.07479843775675,3.6395361825162813,0.22922256735355412,4.362572200221432
1075,1.07579843775675,3.6397630258571536,0.22822151367120566,4.3817078587984515
1076,1.07679843775675,3.639990150541903,0.22724618633936103,4.4005138924823894
1077,1.07779843775675,3.6402134954861007,0.22629796066513896,4.418952769440707
1078,1.07879843775675,3.640437807566918,0.2253770712282359,4.4370085854355406
1079,1.07979843775675,3.6406599442644363,0.22448349016307442,4.454670583006158
1080,1.08079843775675,3.640882302423695,0.2236166595488657,4.47193872772022
1081,1.08179843775675,3.641103815417454,0.22277729476492422,4.488787787171962
1082,1.0827984377567499,3.6413241453779785,0.22196574570369157,4.505199650647576
1083,1.08379843775675,3.6415455590734074,0.22118065924230804,4.521190973142363
1084,1.08479843775675,3.6417657135691814,0.22042269483516663,4.5367379286774705
1085,1.08579843775675,3.641985599378411,0.21969115286833443,4.551844655298073
1086,1.08679843775675,3.6422024819945467,0.218986329729962,4.566495092333514
1087,1.08779843775675,3.642421128867658,0.21830717855587392,4.58070140714158
1088,1.08879843775675,3.642637308600675,0.217653542211219,4.594457732415691
1089,1.08979843775675,3.6428529635263236,0.21702524967562573,4.607758781499565
1090,1.09079843775675,3.643068688366607,0.21642161145277128,4.6206106372062825
1091,1.09179843775675,3.643286056387429,0.21584210414817218,4.633016361411654
1092,1.09279843775675,3.643503213734732,0.21528601569164438,4.644983543344993
1093,1.09379843775675,3.6437177274434682,0.21475418168195232,4.656486742972879
1094,1.09479843775675,3.6439314568035663,0.21424525895680166,4.667547860191531
1095,1.09579843775675,3.644142399383961,0.21375816192273436,4.678183939294271
1096,1.09679843775675,3.6443540948542243,0.21329270923628346,4.6883927893297574
1097,1.09779843775675,3.644566218768333,0.2128494181756288,4.698157075415955
1098,1.09879843775675,3.6447761585287575,0.21242763205928236,4.707485510740566
1099,1.09979843775675,3.644986352124586,0.2120259827910034,4.716403088133364
1100,1.10079843775675,3.6451953856211956,0.2116442226751661,4.724910452834855
1101,1.10179843775675,3.6454044298429213,0.21128040158121766,4.733046664603167
1102,1.10279843775675,3.6456145725518625,0.21093329833017468,4.740835173566083
1103,1.10379843775675,3.6458241951005808,0.21060199152362352,4.748293179781392
1104,1.10479843775675,3.6460336775296747,0.2102856805166505,4.755435546267829
1105,1.10579843775675,3.6462417709156654,0.2099838147855453,4.76227180185907
1106,1.10679843775675,3.6464490065138513,0.20969696101348512,4.76878632464155
1107,1.10779843775675,3.646657534574878,0.20942403427231196,4.775001128570134
1108,1.10879843775675,3.6468650566102596,0.2091643221567477,4.780930082572113
1109,1.10979843775675,3.647073509024828,0.20891621107170935,4.786607965318476
1110,1.11079843775675,3.6472824727176794,0.20867923486457382,4.792043638884186
1111,1.11179843775675,3.647490960058566,0.20845280365423172,4.7972489813988615
1112,1.11279843775675,3.6476988339396,0.20823535210165517,4.802258549796221
1113,1.11379843775675,3.647906214087767,0.20802703120086397,4.8070675922612836
1114,1.11479843775675,3.6481142031922364,0.2078267303581176,4.811700584794099
1115,1.11579843775675,3.648322634259208,0.20763428480623222,4.816160302876843
1116,1.11679843775675,3.6485301496502878,0.20744871247668872,4.820468577805086
1117,1.11779843775675,3.6487379308403347,0.2072694743994459,4.824637119853059
1118,1.11879843775675,3.6489453537362606,0.20709560983765174,4.82868758436709
1119,1.11979843775675,3.6491525511786134,0.2069258749933668,4.832648406256859
1120,1.12079843775675,3.6493588974296234,0.20676038839311497,4.836516354857551
1121,1.12179843775675,3.649566711490702,0.20659789010855825,4.840320486692982
1122,1.12279843775675,3.6497737046864605,0.2064374017131035,4.84408344467419
1123,1.12379843775675,3.6499805797506886,0.20627924878789322,4.847797371165777
1124,1.12479843775675,3.65018822896764,0.20612289065280825,4.851474752915202
1125,1.12579843775675,3.6503967584871857,0.20596699897233586,4.855146722482049
1126,1.12679843775675,3.650603857193222,0.2058110946901691,4.8588245522206375
1127,1.12779843775675,3.6508111032894517,0.20565512235118355,4.862509567315161
1128,1.12879843775675,3.65101735288837,0.20549740463368832,4.8662415069550935
1129,1.12979843775675,3.6512246817916774,0.20533794752215354,4.8700204324975624
1130,1.13079843775675,3.65143241350708,0.20517599199091027,4.873864579849586
1131,1.13179843775675,3.6516405944841455,0.20501257147252203,4.877749656118189
1132,1.13279843775675,3.651847904505158,0.2048478979743788,4.881670790320115
1133,1.13379843775675,3.652053076701918,0.2046804918028321,4.885663461094748
1134,1.13479843775675,3.65225964609312,0.20451008072831775,4.889734513030945
1135,1.13579843775675,3.6524654113277855,0.2043366269680353,4.893885226736328
1136,1.13679843775675,3.6526713043587216,0.20415994501544843,4.898120441423178
1137,1.13779843775675,3.6528782011279346,0.20397962450876275,4.902450440372494
1138,1.13879843775675,3.6530833327536842,0.2037943350409697,4.906907740094765
1139,1.13979843775675,3.6532890979564185,0.2036039616561134,4.911495787537757
1140,1.14079843775675,3.653494835571883,0.20340942732226006,4.916192986550753
1141,1.14179843775675,3.653700650693324,0.2032106517466381,4.921001883537062
1142,1.14279843775675,3.6539059061447245,0.20300654303144125,4.925949602743208
1143,1.14379843775675,3.6541112736962083,0.20279716727224625,4.931035346551681
1144,1.14479843775675,3.654315283590995,0.20258256379753808,4.936258981298136
1145,1.14579843775675,3.6545194083528942,0.2023636971269311,4.941597797418958
1146,1.14679843775675,3.654723428731337,0.20213994682753347,4.947067690945835
1147,1.14779843775675,3.6549262326819387,0.20191012486788643,4.952698635862459
1148,1.14879843775675,3.655129907890981,0.20167558482630263,4.958458411618199
1149,1.14979843775675,3.655332559131146,0.20143648963871338,4.964343857428965
1150,1.15079843775675,3.655535418782519,0.20119345002068803,4.970340733742443
1151,1.15179843775675,3.655737078267422,0.20094622467042117,4.976455773877486
1152,1.15279843775675,3.65593890504781,0.2006953576916119,4.982676288589585
1153,1.15379843775675,3.656140190172304,0.20044009609730964,4.9890217549811995
1154,1.15479843775675,3.6563411877104355,0.2001793798691872,4.995519521808279
1155,1.15579843775675,3.656543350022663,0.19991543110965984,5.002115116623833
1156,1.15679843775675,3.656743200385716,0.19964786621558706,5.008818871723695
1157,1.15779843775675,3.6569434141169133,0.19937806384298376,5.015596905322193
1158,1.15879843775675,3.6571437421196507,0.1991044936742722,5.022488350443583
1159,1.15979843775675,3.6573425635928425,0.1988287299283811,5.02945424617561
1160,1.16079843775675,3.6575412903628477,0.19855108972041816,5.036487089585408
1161,1.16179843775675,3.6577410481710895,0.1982720639384647,5.043574874523714
1162,1.16279843775675,3.657939985894436,0.19799143583029152,5.050723511380314
1163,1.16379843775675,3.658136122829227,0.19770978088523597,5.0579187105592265
1164,1.16479843775675,3.658334683966649,0.19742766775751258,5.065146194343106
1165,1.16579843775675,3.6585317652149536,0.19714377396489033,5.0724401784967945
1166,1.16679843775675,3.6587285583272657,0.1968594744884792,5.079765668370323
1167,1.16779843775675,3.6589240665308242,0.19657515388186753,5.087112894241727
1168,1.16879843775675,3.659118753118455,0.1962910515184764,5.094475740305831
1169,1.16979843775675,3.659313626901904,0.19600793871893704,5.101834173328748
1170,1.17079843775675,3.659508895653122,0.1957268654668339,5.109160654133354
1171,1.17179843775675,3.659702348789288,0.19544847026535453,5.116438100755304
1172,1.17279843775675,3.6598970280675487,0.1951722677362191,5.123678745955489
1173,1.17379843775675,3.6600935170158095,0.19489860949728874,5.130872932235626
1174,1.17479843775675,3.6602885543905628,0.19462802211563787,5.13800628054398
1175,1.17579843775675,3.660483108204973,0.19436163546701898,5.145048288964871
1176,1.17679843775675,3.6606751382664626,0.194099444445375,5.151998259744777
1177,1.17779843775675,3.6608684713848367,0.19384135125647775,5.1588579707993665
1178,1.17879843775675,3.661060316320509,0.193587208573016,5.165630556746348
1179,1.17979843775675,3.661253727367316,0.19333945766277372,5.172249948813959
1180,1.18079843775675,3.6614461139430166,0.1930977835701743,5.178723346850777
1181,1.18179843775675,3.661638030208597,0.19286244046078452,5.185042756955748
1182,1.18279843775675,3.6618292561099985,0.19263403637039453,5.191190605990373
1183,1.18379843775675,3.662020342229859,0.1924131613739695,5.197149679675106
1184,1.18479843775675,3.66221224599295,0.19219957259232998,5.202925201717679
1185,1.18579843775675,3.6624043824203496,0.19199404389747068,5.208494907967163
1186,1.18679843775675,3.6625960459432294,0.19179741364688174,5.213834644512466
1187,1.18779843775675,3.6627862694671465,0.19160917074830794,5.2189568802715085
1188,1.18879843775675,3.6629767018020503,0.19143004791686236,5.2238403055423035
1189,1.18979843775675,3.6631674435918495,0.19126001883076013,5.228484270331835
1190,1.19079843775675,3.663357677472395,0.19109883806242214,5.232894193073804
1191,1.19179843775675,3.6635483479015396,0.19094721804334358,5.237049328328038
1192,1.19279843775675,3.6637390364835363,0.19080570860337542,5.2409333416679
1193,1.19379843775675,3.663928862396446,0.19067409942755884,5.244550796370334
1194,1.19479843775675,3.664119717174123,0.19055274910181766,5.247890700677701
1195,1.19579843775675,3.6643102748056737,0.19044128408450473,5.2509622837675725
1196,1.19679843775675,3.664500538528047,0.19033948008344,5.2537707866052035
1197,1.19779843775675,3.6646895557969064,0.1902480455283931,5.256295785970413
1198,1.19879843775675,3.6648806838002606,0.19016713470570917,5.258532193523018
1199,1.19979843775675,3.6650708187373486,0.19009715517176917,5.260467991203834
1200,1.20079843775675,3.665261277414281,0.19003719771339678,5.262127688854593
1201,1.20179843775675,3.6654502518507663,0.18998711234501567,5.2635149177066545
1202,1.20279843775675,3.6656400213293368,0.1899462853611708,5.264646255643081
1203,1.20379843775675,3.665829768575446,0.18991593499583737,5.265487595982497
1204,1.20479843775675,3.6660192492254438,0.18989595386792926,5.266041638230428
1205,1.20579843775675,3.666207971424947,0.18988617008850062,5.266312968100458
1206,1.20679843775675,3.666396625345821,0.18988657822266172,5.266301648910626
1207,1.20779843775675,3.6665870011101784,0.18989726594494274,5.266005253018923
1208,1.20879843775675,3.666776154173073,0.18991749337783484,5.265444389635723
1209,1.20979843775675,3.6669660040862726,0.18994728479481188,5.264618554986122
1210,1.21079843775675,3.6671567207449316,0.18998680154298858,5.263523528363251
1211,1.21179843775675,3.667345913492435,0.19003593312017056,5.262162705658635
1212,1.21279843775675,3.6675365444861137,0.19009402145360874,5.260554710522781
1213,1.21379843775675,3.667726178272659,0.1901610955002806,5.25869919590637
1214,1.21479843775675,3.6679165747051012,0.1902373245025958,5.256592010083462
1215,1.21579843775675,3.6681063860239065,0.1903231335410436,5.254222024378071
1216,1.21679843775675,3.668296370657119,0.19041740398253715,5.251620802958264
1217,1.21779843775675,3.668487668719763,0.19051967762341618,5.248801659094835
1218,1.21879843775675,3.6686789228056877,0.19063075886807337,5.245743163054044
1219,1.21979843775675,3.668870185605527,0.190750305742207,5.242455555229717
1220,1.22079843775675,3.669061590885209,0.1908779935284907,5.238948615890279
1221,1.22179843775675,3.6692526879542653,0.19101385793801537,5.235222254526178
1222,1.22279843775675,3.6694436726659254,0.19115650227807643,5.231315639712294
1223,1.22379843775675,3.669635482966908,0.1913046690279497,5.227263950645655
1224,1.22479843775675,3.669828202913742,0.19145912967599205,5.223046828282928
1225,1.22579843775675,3.67001813106796,0.19161993531492022,5.2186636967418725
1226,1.22679843775675,3.670210512695162,0.1917869649674291,5.214118697638437
1227,1.22779843775675,3.670401281732996,0.19196076595088232,5.209397842556398
1228,1.22879843775675,3.6705947689823297,0.1921413737734454,5.204501146010872
1229,1.22979843775675,3.6707866553673036,0.19232853159035224,5.1994365668528975
1230,1.23079843775675,3.6709792163585626,0.19252274959282764,5.194191346814499
1231,1.23179843775675,3.671169986064043,0.19272396862928282,5.188768201030384
1232,1.23279843775675,3.6713593856788083,0.19293062820063858,5.183210200093518
1233,1.23379843775675,3.6715491680225423,0.1931418916581812,5.1775406744476795
1234,1.23479843775675,3.6717401671245873,0.1933588548673762,5.17173108356426
1235,1.23579843775675,3.6719342593298805,0.19357999141777765,5.165823144613301
1236,1.23679843775675,3.6721288495786024,0.19380622230733166,5.15979305563385
1237,1.23779843775675,3.672321567814942,0.19403776552504262,5.15363592903743
1238,1.23879843775675,3.6725157616541697,0.19427439670584778,5.147358668749886
1239,1.23979843775675,3.672710384421719,0.19451558810898872,5.140976153745023
1240,1.24079843775675,3.6729049355415815,0.19476214077651705,5.134468105623598
1241,1.24179843775675,3.673100121167703,0.19501351313718077,5.127849777756466
1242,1.24279843775675,3.6732962480531057,0.1952704682998066,5.121102072970193
1243,1.24379843775675,3.673491494238062,0.1955309540654637,5.114279755752638
1244,1.24479843775675,3.6736874816258154,0.19579493394966532,5.107384444671477
1245,1.24579843775675,3.673882396902972,0.19606281840335038,5.100406125667077
1246,1.24679843775675,3.6740801147750806,0.19633456549080036,5.093346642758414
1247,1.24779843775675,3.674278857192862,0.19660972081377884,5.086218503647444
1248,1.24879843775675,3.6744775763294215,0.19688824556680926,5.079023367398915
1249,1.24979843775675,3.6746745815126327,0.1971706531720271,5.071748680203042
1250,1.25079843775675,3.6748717970858364,0.19745583924459173,5.0644235380716385
1251,1.25179843775675,3.6750702704225344,0.19774437076184168,5.0570339683872705
1252,1.25279843775675,3.675267587382059,0.1980367639070665,5.049567465509959
1253,1.25379843775675,3.6754670736137953,0.1983323900927385,5.042040785836386
1254,1.25479843775675,3.675666423612283,0.19863159454920531,5.034445815478154
1255,1.25579843775675,3.675864114722924,0.19893486925973053,5.0267708407337786
1256,1.25679843775675,3.676062779101628,0.19924113969314142,5.019043765459968
1257,1.25779843775675,3.676262746361921,0.19955014154305428,5.011271815030225
1258,1.25879843775675,3.676461689810534,0.19986182264161687,5.0034568222324
1259,1.25979843775675,3.676662950815437,0.20017657959885077,4.995589404134973
1260,1.26079843775675,3.6768643160612227,0.2004944267004736,4.987669814353188
1261,1.26179843775675,3.6770656775262904,0.2008158267010474,4.97968719113305
1262,1.26279843775675,3.6772664268985973,0.20113980505045834,4.971666347937138
1263,1.26379843775675,3.677468840245937,0.2014656679485983,4.963624870591543
1264,1.26479843775675,3.6776702843152,0.20179279015098092,4.95557843891153
1265,1.26579843775675,3.6778727156006608,0.20212201057852888,4.947506692307901
1266,1.26679843775675,3.67807404210721,0.20245280882674824,4.9394227019876205
1267,1.26779843775675,3.678277534674915,0.20278547059532318,4.931319768937445
1268,1.26879843775675,3.678480549093362,0.20312079943882677,4.923178732866138
1269,1.26979843775675,3.6786836892427397,0.20345730569501608,4.915036088696697
1270,1.27079843775675,3.6788877024835007,0.20379577284360736,4.906873121295793
1271,1.27179843775675,3.679091156377539,0.20413640166025301,4.898685348947777
1272,1.27279843775675,3.6792953929149173,0.20447929120189626,4.890470786171849
1273,1.27379843775675,3.6794999428697373,0.20482395193740904,4.882241508090734
1274,1.27479843775675,3.6797058987972124,0.20517013822776625,4.87400363736104
1275,1.27579843775675,3.6799114173395675,0.20551811829616018,4.865751050517884
1276,1.27679843775675,3.68011777774756,0.20586834149207384,4.857473435460212
1277,1.27779843775675,3.680323100164688,0.20622012853829425,4.849187162708533
1278,1.27879843775675,3.680529953930762,0.20657305475555587,4.840902416742252
1279,1.27979843775675,3.6807369005497432,0.2069282587924862,4.832592734484031
1280,1.28079843775675,3.6809442116410995,0.20728495254949128,4.824276859948338
1281,1.28179843775675,3.6811512664515846,0.2076423628157105,4.815972937504729
1282,1.28279843775675,3.6813591343548446,0.20800080040122637,4.80767380736533
1283,1.28379843775675,3.6815673876396917,0.20836051273582842,4.79937386825237
1284,1.28479843775675,3.681774370749382,0.20872185635221016,4.791065092447904
1285,1.28579843775675,3.6819825205284693,0.209084312517562,4.78275958611675
1286,1.28679843775675,3.6821916906102063,0.20944825456702248,4.774448954312028
1287,1.28779843775675,3.682402149665862,0.2098127174963651,4.766155321434815
1288,1.28879843775675,3.6826105104576934,0.21017788172266386,4.757874576543362
1289,1.28979843775675,3.6828205305168273,0.21054406133453585,4.749599649885583
1290,1.29079843775675,3.6830303705771983,0.21091088622495238,4.741338950771012
1291,1.29179843775675,3.683240455551372,0.21127830263610875,4.733093685073433
1292,1.29279843775675,3.6834533110750347,0.21164540998698467,4.724883946509853
1293,1.29379843775675,3.6836676849458483,0.21201276344189882,4.716697163725455
1294,1.29479843775675,3.6838818722206144,0.21238114833775873,4.708515834982009
1295,1.29579843775675,3.6840945496979436,0.21275061434532205,4.70033895355465
1296,1.29679843775675,3.684307485406779,0.2131223217076527,4.692141076483461
1297,1.29779843775675,3.6845210737399547,0.21349484810819527,4.683953776220484
1298,1.29879843775675,3.6847343817734943,0.2138685144155127,4.675770076455285
1299,1.29979843775675,3.6849475418978055,0.21424235872170205,4.66761104557753
1300,1.30079843775675,3.685161143887381,0.2146168825047287,4.659465687551243
1301,1.30179843775675,3.685374368377458,0.21499112762469777,4.65135473751114
1302,1.30279843775675,3.6855888909721095,0.21536705220277336,4.64323576782987
1303,1.30379843775675,3.685805716753673,0.21574662826990942,4.635066642844364
1304,1.30479843775675,3.6860212822723604,0.21613050503456327,4.6268341428253335
1305,1.30579843775675,3.686238354812438,0.2165171597841304,4.618571576483865
1306,1.30679843775675,3.686454293552958,0.21690554505811163,4.610301685611993
1307,1.30779843775675,3.6866721872630306,0.21729631271517408,4.602010901633531
1308,1.30879843775675,3.686889876876681,0.21768918382026803,4.593705495380219
1309,1.30979843775675,3.6871082740108223,0.21808387740647275,4.585391693748012
1310,1.31079843775675,3.6873270709935686,0.21848048490783956,4.577067834785448
1311,1.31179843775675,3.6875464703792593,0.21887916996703838,4.568730775754462
1312,1.31279843775675,3.687764857964372,0.21927892427419182,4.560401795612492
1313,1.31379843775675,3.687985331414807,0.2196804967651656,4.552065452897176
1314,1.31479843775675,3.6882035196535936,0.22008464018675905,4.543706453805325
1315,1.31579843775675,3.688423826092673,0.2204913957182658,4.535324368293065
1316,1.31679843775675,3.688644367803396,0.22089992183029633,4.526936866769187
1317,1.31779843775675,3.688866607834439,0.2213097851728391,4.51855302836708
1318,1.31879843775675,3.689088746998816,0.22172109039126386,4.510170855805071
1319,1.31979843775675,3.6893112831707056,0.22213400604115907,4.501787087091522
1320,1.32079843775675,3.6895344451872334,0.22254814400482617,4.493409749480158
1321,1.32179843775675,3.689757405670384,0.22296439698628873,4.485020987729693
1322,1.32279843775675,3.6899802896576572,0.22338356196965983,4.476605132367891
1323,1.32379843775675,3.690205220181896,0.22380558547760762,4.468163731776269
1324,1.32479843775675,3.6904284237812437,0.22422899432156465,4.4597265533194586
1325,1.32579843775675,3.6906522462137294,0.22465389261663882,4.451291666271959
1326,1.32679843775675,3.690876550741729,0.22508107272722622,4.442843584684223
1327,1.32779843775675,3.6911018416857804,0.22551013751574914,4.434390449210569
1328,1.32879843775675,3.6913280030562854,0.22594131860182123,4.425927963013753
1329,1.32979843775675,3.6915542398936347,0.22637502607157098,4.417448414490028
1330,1.33079843775675,3.6917812744897067,0.22681076056504215,4.408961891881808
1331,1.33179843775675,3.692006112555998,0.22724864496540778,4.4004662828780425
1332,1.33279843775675,3.6922335572395566,0.22768862568448528,4.391962914237661
1333,1.33379843775675,3.692461631527162,0.22813106114122017,4.383445178387914
1334,1.3347984377567501,3.6926920893244914,0.2285755833649563,4.374920476100657
1335,1.33579843775675,3.692920809174225,0.22902243869612662,4.366384384400115
1336,1.33679843775675,3.693150491216826,0.22947102375609518,4.357848688830099
1337,1.33779843775675,3.6933803829352794,0.22992188746908448,4.349303196001559
1338,1.33879843775675,3.6936097522087463,0.2303744754903821,4.340758662049559
1339,1.33979843775675,3.693840235684334,0.2308292805604058,4.332206025042432
1340,1.34079843775675,3.6940700017753656,0.2312863304607127,4.323645059386094
1341,1.34179843775675,3.694301016084807,0.2317462850702132,4.315063776306169
1342,1.34279843775675,3.6945332378847393,0.23220888163857548,4.306467491439293
1343,1.34379843775675,3.6947642499135327,0.23267393675509723,4.297859974976732
1344,1.34479843775675,3.6949970849736107,0.23314073626611267,4.289254705186205
1345,1.34579843775675,3.695229961308561,0.23360987471219175,4.2806409670481775
1346,1.34679843775675,3.695464134876621,0.23408109317201417,4.27202379504077
1347,1.34779843775675,3.6956991264540444,0.23455431347139882,4.263404860051479
1348,1.34879843775675,3.695933278950851,0.23502956805133435,4.254783805676669
1349,1.34979843775675,3.696168145033709,0.23550640593985217,4.24616899913711
1350,1.35079843775675,3.6964030868585773,0.2359842802021925,4.237570397245084
1351,1.35179843775675,3.696640417485906,0.23646444783471818,4.228965534383296
1352,1.35279843775675,3.696876861547295,0.23694659832452789,4.220360229144862
1353,1.35379843775675,3.6971137041674873,0.2374306696052664,4.211755800809228
1354,1.35479843775675,3.697350881147021,0.23791691702950196,4.203147941245384
1355,1.35579843775675,3.697589086923755,0.2384050277299694,4.194542411801209
1356,1.35679843775675,3.6978280472905984,0.23889554425641854,4.1859298929688284
1357,1.35779843775675,3.698067493376567,0.23938815391241836,4.177316143913521
1358,1.35879843775675,3.6983064359377953,0.23988297132219755,4.168699405748377
1359,1.35979843775675,3.69854614381455,0.24038077836883992,4.160066402920126
1360,1.36079843775675,3.6987870875923186,0.24088027646321689,4.151439938058618
1361,1.36179843775675,3.699027812501845,0.24138253497280587,4.142801798450994
1362,1.36279843775675,3.6992718059258647,0.24188755454936292,4.134152341417492
1363,1.36379843775675,3.6995134084000947,0.24239484003803516,4.125500360663972
1364,1.36479843775675,3.6997551876150956,0.2429039805787816,4.116853077570986
1365,1.36579843775675,3.699997440942908,0.2434145934533121,4.108217119660099
1366,1.36679843775675,3.700239813990062,0.2439270136479467,4.0995869421960505
1367,1.36779843775675,3.700484052386497,0.24444113542291163,4.090964469911676
1368,1.36879843775675,3.7007280888746727,0.24495619238817434,4.082362606352615
1369,1.36979843775675,3.7009739533544073,0.24547210429442481,4.073782651899938
1370,1.37079843775675,3.7012191037884214,0.24598944183432772,4.065215126889444
1371,1.37179843775675,3.7014684783174228,0.24650958477959625,4.056637395637569
1372,1.37279843775675,3.701715178723138,0.24703257938189394,4.048049056938658
1373,1.37379843775675,3.70196351478645,0.24755849482667244,4.039449345901654
1374,1.37479843775675,3.7022112301033885,0.24808693783093058,4.030845028533879
1375,1.37579843775675,3.702459670019977,0.248617658404868,4.022240441069249
1376,1.37679843775675,3.702707641504322,0.24914994206657795,4.013647331022777
1377,1.37779843775675,3.702956240022869,0.24968511958800332,4.005044440173547
1378,1.37879843775675,3.703207472799415,0.2502219453017657,3.996452024997279
1379,1.37979843775675,3.7034578116198937,0.25076121234402887,3.9878575743526947
1380,1.38079843775675,3.7037099690547315,0.2513027953292085,3.979263337242201
1381,1.38179843775675,3.703961816377823,0.25184624833105973,3.9706765799642523
1382,1.38279843775675,3.7042144402899178,0.2523922653646095,3.9620865502965614
1383,1.38379843775675,3.704468070333891,0.2529406664545518,3.9534963436956043
1384,1.38479843775675,3.7047207845257613,0.2534913626889757,3.944907587352245
1385,1.38579843775675,3.7049752304921264,0.25404531147063053,3.936305670083611
1386,1.38679843775675,3.705230223445781,0.2546018921411712,3.9277005822310302
1387,1.38779843775675,3.7054851839313887,0.2551607246749437,3.919098447748679
1388,1.38879843775675,3.705739294105771,0.25572133035932515,3.910506795013371
1389,1.38979843775675,3.705995216109695,0.2562840932730493,3.901919885970385
1390,1.39079843775675,3.70625216947792,0.2568492590733191,3.893334182110855
1391,1.39179843775675,3.706509926687648,0.2574161666992343,3.8847598922114424
1392,1.39279843775675,3.7067657656782633,0.25798473821839935,3.8761982856266513
1393,1.39379843775675,3.707024295865074,0.25855474662858835,3.867652839638219
1394,1.39479843775675,3.7072824262609756,0.2591263201026129,3.859121680900668
1395,1.39579843775675,3.707542186690161,0.2596996909105038,3.8506014254156895
1396,1.39679843775675,3.7078033176809906,0.2602750703833462,3.8420890580382894
1397,1.39779843775675,3.708064488839585,0.26085228000897115,3.833587346699091
1398,1.39879843775675,3.7083252317815996,0.2614307803395987,3.8251042922375076
1399,1.39979843775675,3.708587998289022,0.26201079810486355,3.816636593732194
1400,1.40079843775675,3.7088494465720654,0.26259310315525075,3.8081731316788554
1401,1.40179843775675,3.709111647187894,0.2631772732056756,3.7997201955143383
1402,1.40279843775675,3.7093753217701106,0.2637632907146979,3.791278146744308
1403,1.40379843775675,3.7096389379434114,0.26435193078604885,3.7828359983091713
1404,1.40479843775675,3.7099029287824163,0.2649421047497342,3.774409510880144
1405,1.40579843775675,3.7101675540321364,0.2655336995327935,3.766000329749105
1406,1.40679843775675,3.7104343735016863,0.2661271080770109,3.7576029260071606
1407,1.40779843775675,3.7107000455456127,0.26672233081061364,3.7492173863389437
1408,1.40879843775675,3.7109674259111665,0.26731853127630095,3.7408555075682277
1409,1.40979843775675,3.71123513835089,0.26791696723413905,3.732499700648209
1410,1.41079843775675,3.7115027498680258,0.2685173800372457,3.7241537209296895
1411,1.41179843775675,3.711770129530994,0.2691190174682589,3.715828072677712
1412,1.41279843775675,3.7120385790347497,0.269720979410735,3.707535106037064
1413,1.41379843775675,3.7123088098735386,0.270323844382582,3.699266715757146
1414,1.41479843775675,3.7125791101746963,0.27092774478967874,3.6910210166046307
1415,1.41579843775675,3.7128490745150264,0.2715324023771529,3.6828017254862297
1416,1.41679843775675,3.713120592162125,0.2721384352386842,3.674600389037039
1417,1.41779843775675,3.7133925037099798,0.2727452777988432,3.6664246144621657
1418,1.41879843775675,3.713666040196188,0.2733532982717752,3.658269376379623
1419,1.41979843775675,3.7139392858770788,0.2739624905062494,3.650134725203153
1420,1.42079843775675,3.714214405937709,0.2745730319219864,3.642018274701235
1421,1.42179843775675,3.7144885132397327,0.2751848555982924,3.6339209068240788
1422,1.42279843775675,3.7147642879947087,0.27579718356643074,3.625852835292395
1423,1.42379843775675,3.715040223557384,0.27641019489686675,3.6178115657894483
1424,1.42479843775675,3.7153168232767575,0.2770235352881945,3.609801596675441
1425,1.42579843775675,3.715596186810727,0.27763785894069026,3.6018142619865925
1426,1.42679843775675,3.7158743043823956,0.278253410454023,3.593846337294882
1427,1.42779843775675,3.71615292781927,0.27886953767391454,3.585906185168607
1428,1.42879843775675,3.7164317683335795,0.2794875545017849,3.577976850463349
1429,1.42979843775675,3.7167116764259944,0.28010680798799076,3.5700667441216702
1430,1.43079843775675,3.7169940649783175,0.2807277404757535,3.5621702305062017
1431,1.43179843775675,3.7172756614509246,0.28134993990346585,3.554292566556476
1432,1.43279843775675,3.717557060112011,0.28197365083634657,3.5464306577368307
1433,1.43379843775675,3.7178376886431423,0.2825980018628804,3.538595437363392
1434,1.43479843775675,3.7181195747305007,0.2832237628269158,3.530777184861857
1435,1.43579843775675,3.718402440782566,0.28385203888277044,3.5229621881032016
1436,1.43679843775675,3.7186859468002202,0.28448160419003843,3.5151657796895135
1437,1.43779843775675,3.7189712172553504,0.28511256577841526,3.5073866255939885
1438,1.43879843775675,3.719258671050342,0.28574445394190084,3.499630478229074
1439,1.43979843775675,3.7195469173660327,0.2863784776964676,3.491882518699256
1440,1.44079843775675,3.7198353426723676,0.287014456612156,3.484145055979897
1441,1.44179843775675,3.720123154758992,0.28765287495987246,3.4764123255833956
1442,1.44279843775675,3.7204126171736465,0.2882921110539487,3.4687040042273924
1443,1.44379843775675,3.720701355357929,0.288932584983897,3.4610149632507965
1444,1.44479843775675,3.7209893721328378,0.2895743463595843,3.4533445816993456
1445,1.44579843775675,3.7212808261419466,0.2902168110142835,3.445699773576464
1446,1.44679843775675,3.7215718546922774,0.29086098253783255,3.438068562083363
1447,1.44779843775675,3.7218642667015542,0.29150689986285644,3.430450532973539
1448,1.44879843775675,3.7221569257157556,0.29215450134292636,3.422846457622146
1449,1.44979843775675,3.7224489268397067,0.292803324339494,3.415261770868896
1450,1.45079843775675,3.722742281512201,0.2934535603119845,3.407694215523752
1451,1.45179843775675,3.7230366792696192,0.2941047022939289,3.400149648068523
1452,1.45279843775675,3.7233311280753614,0.29475618460413644,3.39263449668756
1453,1.45379843775675,3.723626339585863,0.2954085981354939,3.3851418215705893
1454,1.45479843775675,3.7239222064380613,0.29606296177084696,3.37765992077726
1455,1.45579843775675,3.724219091044227,0.2967197623196692,3.370183341285695
1456,1.45679843775675,3.724516909456741,0.297378099696276,3.362722409691028
1457,1.45779843775675,3.7248139459454515,0.2980394541872695,3.355260472902564
1458,1.45879843775675,3.7251118775715173,0.2987034442274883,3.347802040201499
1459,1.4597984377567501,3.725410305537004,0.29937005709145187,3.3403474272462694
1460,1.46079843775675,3.7257095917152827,0.30003923060332593,3.33289749473486
1461,1.4617984377567501,3.7260095024759106,0.30071122571028364,3.3254495160198547
1462,1.46279843775675,3.7263108064297863,0.3013859636981133,3.3180045537942218
1463,1.4637984377567501,3.7266129617790633,0.30206388920563104,3.310557917498197
1464,1.46479843775675,3.726914742630854,0.30274440182496676,3.3031164043725414
1465,1.46579843775675,3.727219168843166,0.30342792527573315,3.295675568065375
1466,1.46679843775675,3.7275234744890935,0.3041144389720412,3.288235847597934
1467,1.46779843775675,3.727828606997717,0.30480284831709303,3.2808092362695978
1468,1.46879843775675,3.7281345307903044,0.3054939875970871,3.2733868442572747
1469,1.46979843775675,3.7284406329542956,0.30618720938131444,3.265975747388704
1470,1.47079843775675,3.728746960522558,0.3068830071171865,3.258570780421672
1471,1.47179843775675,3.7290540902131153,0.3075827157144501,3.251157977707589
1472,1.47279843775675,3.7293629278639773,0.3082862752371338,3.243738305348819
1473,1.47379843775675,3.7296703797581405,0.30899375598260387,3.236311351405752
1474,1.47479843775675,3.7299790976382594,0.3097054425959072,3.2288744802743583
1475,1.47579843775675,3.730288215854844,0.3104211085549537,3.221430413205842
1476,1.47679843775675,3.730598119900682,0.3111415680075414,3.213971075622278
1477,1.47779843775675,3.7309083274407033,0.31186698693821113,3.2064952107230438
1478,1.47879843775675,3.731220748992485,0.3125972213315216,3.199004763191611
1479,1.47979843775675,3.731531923709306,0.3133330020256633,3.1914927362745398
1480,1.48079843775675,3.73184494949146,0.3140739492032843,3.1839635300435254
1481,1.48179843775675,3.7321607161888037,0.314820567368949,3.176412546223722
1482,1.48279843775675,3.7324772013850573,0.3155736748426999,3.1688321292910686
1483,1.48379843775675,3.7327930183291587,0.3163334733656501,3.1612209399164635
1484,1.48479843775675,3.7331110636454405,0.3170996528749975,3.1535827647033274
1485,1.48579843775675,3.7334289498412736,0.31787223591353087,3.14591803567275
1486,1.48679843775675,3.733747488523828,0.3186517642661315,3.138222072308441
1487,1.48779843775675,3.734067150366039,0.3194395414111479,3.1304828312187833
1488,1.48879843775675,3.734386291701587,0.32023573638575625,3.122699581521405
1489,1.48979843775675,3.734708174628988,0.32104014064852837,3.1148752862489872
1490,1.49079843775675,3.7350302449262163,0.32185393046057315,3.106999496849392
1491,1.49179843775675,3.735352989396025,0.3226760885196227,3.0990830606253232
1492,1.49279843775675,3.7356765354805903,0.3235080815567003,3.091112887158997
1493,1.49379843775675,3.7360016792430857,0.3243502959248744,3.083086442540563
1494,1.49479843775675,3.7363280639566097,0.3252024422817308,3.0750076567188747
1495,1.49579843775675,3.7366546747479243,0.32606506184650014,3.066872587749878
1496,1.49679843775675,3.7369821912218977,0.32693822191380056,3.0586818333637864
1497,1.49779843775675,3.7373095983553606,0.32782245366920704,3.050431685832787
1498,1.49879843775675,3.737637538891326,0.3287192746830299,3.042109413767287
1499,1.49979843775675,3.73796747365751,0.3296283950186929,3.033719227808912
1500,1.50079843775675,3.738297515130787,0.3305498792268035,3.025262034096403
1501,1.50179843775675,3.738629259747648,0.3314837715319129,3.016738935298759
1502,1.50279843775675,3.7389606328592535,0.33243099427068,3.0081430950621764
1503,1.50379843775675,3.739292755147334,0.33339237864297927,2.9994686863279276
1504,1.50479843775675,3.7396274092349753,0.33437037736180636,2.9906955511132116
1505,1.50579843775675,3.7399612282244346,0.3353648275889983,2.9818273048762762
1506,1.50679843775675,3.740297873950693,0.3363755332863386,2.972867824928138
1507,1.50779843775675,3.740636225060426,0.3374029569917956,2.9638151630790723
1508,1.50879843775675,3.7409748114450774,0.33844791731719104,2.9546643629152753
1509,1.50979843775675,3.741313414271919,0.3395111667278976,2.9454112206019234
1510,1.51079843775675,3.7416529491737216,0.3405919282761817,2.9360648828680187
1511,1.51179843775675,3.741993084445469,0.3416907320508055,2.9266231308003734
1512,1.51279843775675,3.7423333786882367,0.3428082000041968,2.9170830802406638
1513,1.51379843775675,3.7426764784666697,0.3439443766874894,2.9074468657721595
1514,1.51479843775675,3.7430210178618117,0.34510056864566885,2.8977060337062137
1515,1.51579843775675,3.7433666527029303,0.3462766584810516,2.8878643001423105
1516,1.51679843775675,3.743711881821916,0.3474724782517993,2.877925771362359
1517,1.51779843775675,3.744060789826545,0.3486893550137889,2.8678822155624886
1518,1.51879843775675,3.7444093632153885,0.3499270482052629,2.8577385061511804
1519,1.51979843775675,3.7447587365443096,0.3511857153175416,2.847496228870817
1520,1.52079843775675,3.745110154042176,0.35246539574512165,2.8371579510265743
1521,1.52179843775675,3.7454631574250263,0.3537662518980515,2.8267252589378717
1522,1.52279843775675,3.74581696037629,0.35508827298790024,2.8162011422835
1523,1.52379843775675,3.746172563718577,0.3564318673759443,2.80558527878557
1524,1.52479843775675,3.7465277678390496,0.3577974892267532,2.794877074629925
1525,1.52579843775675,3.7468852410941555,0.3591851121029776,2.7840797580532852
1526,1.52679843775675,3.7472428018162334,0.3605942202820464,2.773200300375943
1527,1.52779843775675,3.7476004458747245,0.3620251599398041,2.7622389564478764
1528,1.52879843775675,3.747961005011649,0.36347813277582497,2.7511971418009615
1529,1.52979843775675,3.7483243519835705,0.3649528834953599,2.740079734190439
1530,1.53079843775675,3.7486864927192864,0.366449320619407,2.728890309605995
1531,1.53179843775675,3.749050240693178,0.3679681515021208,2.7176265008745912
1532,1.53279843775675,3.749416983094278,0.3695079313831368,2.706301854622753
1533,1.53379843775675,3.749785311083464,0.3710686298405972,2.694919267170544
1534,1.53479843775675,3.7501551251634413,0.37265037753579017,2.683480442479782
1535,1.53579843775675,3.7505253422551545,0.3742525915556015,2.6719921853939477
1536,1.53679843775675,3.750896757085957,0.37587426391510137,2.6604641392151014
1537,1.53779843775675,3.7512712551072878,0.37751499716746734,2.648901388032528
1538,1.53879843775675,3.751646035942017,0.37917300131636983,2.63731857629186
1539,1.53979843775675,3.752025007154784,0.38084879465012783,2.625713968502025
1540,1.54079843775675,3.7524043696007006,0.3825416341037511,2.614094547755251
1541,1.54179843775675,3.7527854682649084,0.38425064869274395,2.6024679552320653
1542,1.54279843775675,3.753167377135749,0.38597375006975554,2.5908497658695024
1543,1.54379843775675,3.753550536451919,0.38771012218237194,2.579246562795742
1544,1.54479843775675,3.75393700693422,0.3894602502255877,2.567656132867907
1545,1.54579843775675,3.75432426171529,0.39122315762628684,2.556085907765314
1546,1.54679843775675,3.7547134759749228,0.39299726782345307,2.5445469520394526
1547,1.54779843775675,3.755102910916906,0.39478260772978296,2.5330396537743893
1548,1.54879843775675,3.755495945467882,0.39657788806981314,2.521572760566926
1549,1.54979843775675,3.7558899965441275,0.3983807001589485,2.510161761352931
1550,1.55079843775675,3.7562862464902786,0.4001917582723851,2.4988020850728354
1551,1.55179843775675,3.7566856892896587,0.402008708080724,2.48750830491761
1552,1.55279843775675,3.757085810571322,0.4038295631489112,2.4762922065496533
1553,1.55379843775675,3.757488493697446,0.40565303082055904,2.4651609233072658
1554,1.55479843775675,3.7578923761825775,0.40747713704390476,2.4541254197833737
1555,1.55579843775675,3.7583003858246578,0.4093007543858183,2.443191196900097
1556,1.55679843775675,3.7587099441491585,0.41112275323042086,2.4323635511351345
1557,1.55779843775675,3.7591197782082406,0.41294155810519484,2.4216501835963307
1558,1.55879843775675,3.759531576075658,0.41475602323869226,2.4110560039401756
1559,1.55979843775675,3.7599460338886566,0.4165635345840098,2.400594187867701
1560,1.56079843775675,3.7603611866453592,0.4183615971579672,2.390276752917201
1561,1.56179843775675,3.7607806916880846,0.42014770878694707,2.3801153239350175
1562,1.56279843775675,3.7612001148864036,0.42192163155588086,2.3701083926709177
1563,1.56379843775675,3.761621872209141,0.4236826128709684,2.3602573474133757
1564,1.56479843775675,3.762046723984264,0.4254277282691981,2.3505755115407747
1565,1.56579843775675,3.7624728044472633,0.42715543735260597,2.3410681746151467
1566,1.56679843775675,3.762900184242525,0.4288642642773855,2.3317400942345925
1567,1.56779843775675,3.7633300773061373,0.4305506506453759,2.3226071044162757
1568,1.56879843775675,3.7637616936920333,0.43221341851418166,2.313671804632295
1569,1.56979843775675,3.7641959347141607,0.43385277565129304,2.3049293588102913
1570,1.57079843775675,3.7646320111230795,0.4354664962187328,2.2963879165980767
1571,1.57179843775675,3.7650691255279995,0.43705310774745054,2.2880514570733728
1572,1.57279843775675,3.76550902066937,0.43860966988696215,2.2799314941180358
1573,1.57379843775675,3.7659507364785565,0.4401356216236622,2.2720269636685977
1574,1.57479843775675,3.766394159430771,0.441628796650254,2.264345096119141
1575,1.57579843775675,3.766839438037384,0.44308665443904033,2.256894875938042
1576,1.57679843775675,3.7672853817167136,0.4445080697300445,2.2496779430963154
1577,1.57779843775675,3.767734317564478,0.4458901539208944,2.242704825855855
1578,1.57879843775675,3.7681825867908834,0.44723181720731847,2.235976872675051
1579,1.57979843775675,3.7686300938778445,0.4485309857611112,2.229500372874133
1580,1.58079843775675,3.7690815288039197,0.44978691787961234,2.2232749781034205
1581,1.58179843775675,3.769534691596838,0.4509976162043185,2.2173066199688365
1582,1.58279843775675,3.769988526748359,0.4521625104618983,2.211594231858073
1583,1.58379843775675,3.7704443080494783,0.45328077819448687,2.206138111532572
1584,1.5847984377567501,3.7709010185644503,0.4543504606904347,2.200944175296734
1585,1.58579843775675,3.771359978212328,0.4553703941108922,2.196014525609408
1586,1.5867984377567501,3.771818877358311,0.45633967502052686,2.1913501164566034
1587,1.58779843775675,3.772278210246741,0.45725703661112616,2.186953769834381
1588,1.5887984377567501,3.7727385367925295,0.45811989343449566,2.182834699674497
1589,1.58979843775675,3.7731999775908927,0.4589282503236192,2.1789898514524593
1590,1.5907984377567501,3.77366321217879,0.4596812435111421,2.1754204986955514
1591,1.59179843775675,3.7741269972901113,0.46037883905541144,2.172124162030913
1592,1.5927984377567501,3.7745920681265823,0.46101959594407543,2.169105193787264
1593,1.59379843775675,3.77505732676726,0.4616032752669144,2.1663624449409866
1594,1.59479843775675,3.7755228548437274,0.4621288902839306,2.163898472968446
1595,1.59579843775675,3.7759894042403435,0.46259589865655765,2.1617139341359013
1596,1.59679843775675,3.7764568287089926,0.4630038221884654,2.1598093840204857
1597,1.59779843775675,3.776924419105837,0.46335313285388446,2.1581811562183693
1598,1.59879843775675,3.777392352974198,0.46364297476031896,2.156831990211761
1599,1.59979843775675,3.777859914063023,0.46387408347329295,2.155757425619519
1600,1.60079843775675,3.7783294529833236,0.46404598691554877,2.1549588364008176
1601,1.60179843775675,3.778796547076059,0.4641591968053531,2.1544332351543467
1602,1.60279843775675,3.7792656052875304,0.464212920201767,2.1541839024328677
1603,1.60379843775675,3.779733232607683,0.4642075598877461,2.1542087773017276
1604,1.60479843775675,3.7802009663005087,0.46414361593800607,2.154505557464279
1605,1.60579843775675,3.78066782166262,0.4640220670293675,2.1550699224326135
1606,1.60679843775675,3.781134637459186,0.46384408467289695,2.155896847763404
1607,1.60779843775675,3.781601250427425,0.4636100317633348,2.156985249427224
1608,1.60879843775675,3.7820683013453116,0.463320235234305,2.15833439585105
1609,1.60979843775675,3.7825337089824034,0.4629764649251039,2.1599370070825756
1610,1.61079843775675,3.7829999140379567,0.46257979520467507,2.1617891883010922
1611,1.61179843775675,3.7834650278596724,0.46213095337291527,2.1638888126869373
1612,1.61279843775675,3.783930476518745,0.4616310308180233,2.1662321924675894
1613,1.61379843775675,3.7843962259641315,0.461081257775874,2.1688151125979793
1614,1.61479843775675,3.7848594717821973,0.4604821047765417,2.171637050880121
1615,1.61579843775675,3.785323140603126,0.45983484228274035,2.1746938423276903
1616,1.61679843775675,3.785786633369453,0.45914184566133676,2.1779761732665084
1617,1.61779843775675,3.7862486855062807,0.45840572061154905,2.1814736488583124
1618,1.61879843775675,3.786709671337026,0.45762772986951517,2.185182266566611
1619,1.61979843775675,3.7871706874156166,0.4568087063047617,2.1891001335969418
1620,1.62079843775675,3.78762979172137,0.45595089982520953,2.1932186127571054
1621,1.62179843775675,3.7880877063048954,0.455056450403573,2.1975295572958835
1622,1.62279843775675,3.7885436099824026,0.45412676637905103,2.202028319038387
1623,1.62379843775675,3.7889991880210694,0.4531643422020108,2.2067049563979633
1624,1.62479843775675,3.7894544877088863,0.4521707788288628,2.2115537907823963
1625,1.62579843775675,3.7899072413890695,0.4511486529011912,2.2165643044023806
1626,1.62679843775675,3.790358475642767,0.4500995621031043,2.2217306662718546
1627,1.62779843775675,3.7908090737573286,0.44902620911102525,2.2270414949269526
1628,1.62879843775675,3.791258503358189,0.4479311242980752,2.2324860804594397
1629,1.62979843775675,3.7917079018535516,0.4468160356378367,2.2380575454783864
1630,1.63079843775675,3.7921555775948854,0.44568214492180064,2.243751542201584
1631,1.63179843775675,3.792602760563279,0.444533821658212,2.2495476188285815
1632,1.63279843775675,3.7930482075676615,0.4433716724168036,2.255444048892512
1633,1.63379843775675,3.7934899408144784,0.4421978815320066,2.261431005810052
1634,1.63479843775675,3.793930780064134,0.4410148953967039,2.267497108233669
1635,1.63579843775675,3.794371161717749,0.43982462369630915,2.273633503272163
1636,1.63679843775675,3.794810041641071,0.43862989852474205,2.279826348735761
1637,1.63779843775675,3.79524927070554,0.4374334246348472,2.2860621609671505
1638,1.63879843775675,3.795687101766417,0.43623772761260887,2.292328097050853
1639,1.63979843775675,3.7961213117043657,0.435044788074106,2.2986139069195306
1640,1.64079843775675,3.796553077400735,0.43385641474925063,2.3049100255391055
1641,1.64179843775675,3.7969845515114335,0.4326754133390107,2.3112013513383483
1642,1.64279843775675,3.797415895876496,0.43150319645104235,2.3174799357794753
1643,1.64379843775675,3.79784475185744,0.43034052813887214,2.3237411645256363
1644,1.64479843775675,3.798273279032204,0.4291909741863576,2.32996512076182
1645,1.64579843775675,3.798700261491886,0.4280562093722219,2.3361417919076066
1646,1.64679843775675,3.799125351779695,0.42693733108644866,2.3422641385218066
1647,1.64779843775675,3.799549853828049,0.42583713888636254,2.3483156086741803
1648,1.64879843775675,3.7999721335886845,0.4247573426499778,2.3542853756481197
1649,1.64979843775675,3.800394208529368,0.42370033852157074,2.360158605228704
1650,1.65079843775675,3.8008154849207285,0.42266940651031154,2.3659152628440916
1651,1.65179843775675,3.801236563867506,0.4216661284064394,2.3715445292682147
1652,1.65279843775675,3.8016550611330406,0.4206911170928338,2.377040919975808
1653,1.65379843775675,3.802072347048231,0.41974674764602155,2.3823889180990494
1654,1.65479843775675,3.8024890944540313,0.418834400278442,2.387578478117361
1655,1.65579843775675,3.8029035945376446,0.41795548498634527,2.3925992980632143
1656,1.65679843775675,3.803316453612876,0.4171106547426348,2.397445350843457
1657,1.65779843775675,3.803730009293548,0.41630316075583024,2.4020956222970384
1658,1.65879843775675,3.8041429209813415,0.4155336584567229,2.406543921649967
1659,1.65979843775675,3.804555214513466,0.41480317419864654,2.4107819375584296
1660,1.66079843775675,3.804966543404381,0.41411120571795396,2.414810288135713
1661,1.66179843775675,3.8053758443550474,0.41345887954728056,2.4186202049765053
1662,1.66279843775675,3.8057842535987714,0.41284790211575656,2.4221995434037944
1663,1.66379843775675,3.8061910617143777,0.4122790243945819,2.4255417831854698
1664,1.66479843775675,3.8065990990339578,0.41175281960469495,2.4286415353756516
1665,1.66579843775675,3.807006048629584,0.4112704920684479,2.4314897841821574
1666,1.66679843775675,3.8074125459826313,0.4108322627832153,2.4340834218457474
1667,1.66779843775675,3.8078199719443537,0.41043871049951897,2.436417361274143
1668,1.66879843775675,3.8082269744965314,0.4100903055473361,2.4384872952929912
1669,1.66979843775675,3.8086315351413056,0.40978679324089035,2.4402933830328615
1670,1.67079843775675,3.8090369221390574,0.4095285311241668,2.4418323120369005
1671,1.67179843775675,3.8094426638999326,0.4093146966557744,2.443107975770976
1672,1.67279843775675,3.8098503380494004,0.40914529030691954,2.4441195430841987
1673,1.67379843775675,3.810255122370388,0.4090210652269286,2.444861854352638
1674,1.67479843775675,3.810660848561685,0.408942123050504,2.445333810419185
1675,1.67579843775675,3.811065543960857,0.40890751054044083,2.445540798891979
1676,1.67679843775675,3.811470840563768,0.40891728608378003,2.4454823359928035
1677,1.67779843775675,3.8118768122809414,0.40897114801472667,2.445160263393424
1678,1.67879843775675,3.812282901536826,0.40906866505494544,2.444577366652324
1679,1.67979843775675,3.812687447039436,0.40921010745862274,2.443732404877401
1680,1.68079843775675,3.813091904165308,0.4093943629386786,2.442632558059393
1681,1.68179843775675,3.8134980328410983,0.40962043229770834,2.4412844700901277
1682,1.68279843775675,3.8139035186345525,0.4098874596196221,2.439694058774098
1683,1.68379843775675,3.8143100017410054,0.4101954963352788,2.4378619680959064
1684,1.68479843775675,3.814719435872593,0.41054168988169826,2.435806215656588
1685,1.68579843775675,3.815126960753254,0.4109253741614964,2.433531884081204
1686,1.68679843775675,3.8155355823322132,0.41134579750462447,2.4310446492133124
1687,1.68779843775675,3.815944594465129,0.41180117922801024,2.4283563293205384
1688,1.68879843775675,3.816354269399367,0.4122900909279528,2.425476677718041
1689,1.68979843775675,3.816766716973381,0.4128123057302717,2.422408407208171
1690,1.69079843775675,3.8171774981855346,0.41336578748809677,2.4191648904393084
1691,1.69179843775675,3.817589766796244,0.41394834981737566,2.4157603247873234
1692,1.69279843775675,3.8180024854386074,0.414559815856858,2.4121971347683315
1693,1.69379843775675,3.81841674465733,0.41519975554197747,2.4084792600483556
1694,1.69479843775675,3.8188313953074062,0.4158655773205692,2.4046231631937927
1695,1.69579843775675,3.8192463010269115,0.41655596840461545,2.4006377914351833
1696,1.69679843775675,3.81966092350247,0.41726956971864454,2.396532296074879
1697,1.69779843775675,3.8200769300883635,0.4180041946929073,2.392320490311501
1698,1.69879843775675,3.8204943289201023,0.4187587421246313,2.3880098476902463
1699,1.69979843775675,3.8209126202472254,0.4195314551626851,2.3836114972886167
1700,1.70079843775675,3.8213340182295714,0.42032159231990757,2.3791306901000175
1701,1.70179843775675,3.821752940988038,0.42112649505426564,2.374583436910427
1702,1.70279843775675,3.82217454162511,0.42194406128437645,2.369982402302453
1703,1.70379843775675,3.8225979064368496,0.42277261240431724,2.36533770319931
1704,1.70479843775675,3.8230215435899835,0.4236116503866893,2.3606527324901494
1705,1.70579843775675,3.8234475710015148,0.42446042547375457,2.3559322376965213
1706,1.70679843775675,3.823873425733289,0.4253160772457183,2.351192568303194
1707,1.70779843775675,3.824299448431914,0.4261770742640566,2.346442500988231
1708,1.70879843775675,3.8247270014854493,0.42704210639890927,2.341689461099366
1709,1.7097984377567501,3.825155830843961,0.4279081872581364,2.336949910698362
1710,1.71079843775675,3.8255848233002636,0.42877420280380174,2.332229862386519
1711,1.7117984377567501,3.8260141048753993,0.4296388634803801,2.3275361821304745
1712,1.71279843775675,3.8264467453368662,0.43050107865833137,2.3228745514797033
1713,1.7137984377567501,3.826879478541188,0.4313592521946951,2.3182532770820163
1714,1.71479843775675,3.8273130918514444,0.4322116225123714,2.313681418808622
1715,1.7157984377567501,3.827748298561196,0.4330577778191437,2.3091606968380702
1716,1.71679843775675,3.828183692190575,0.43389539824486867,2.304702940028994
1717,1.7177984377567501,3.8286201850566375,0.4347236970549318,2.3003116848116973
1718,1.71879843775675,3.8290569877901834,0.43554166712945147,2.2959915789245957
1719,1.7197984377567501,3.829496519486433,0.43634852172241284,2.2917460475233584
1720,1.72079843775675,3.8299352740480868,0.43714326045454893,2.287579588806157
1721,1.72179843775675,3.8303749424532505,0.4379242853412866,2.283499758915339
1722,1.72279843775675,3.830816172168471,0.43869009177785045,2.2795135307190684
1723,1.72379843775675,3.831257464759651,0.4394390298951991,2.2756285445070454
1724,1.72479843775675,3.8316986931416874,0.4401708614591457,2.271845066447713
1725,1.72579843775675,3.832140344157869,0.4408836545658527,2.268172089493136
1726,1.72679843775675,3.832583677739045,0.4415777353004209,2.264606931143539
1727,1.72779843775675,3.833026608873634,0.4422514344089757,2.261157165801845
1728,1.72879843775675,3.8334717690234195,0.44290414823992763,2.257824867917664
1729,1.72979843775675,3.8339175444985445,0.4435347738346814,2.254614652542959
1730,1.73079843775675,3.8343641575365455,0.44414334742938977,2.251525337006158
1731,1.73179843775675,3.834812211369543,0.44472885511717497,2.2485610917612373
1732,1.73279843775675,3.835258702366703,0.4452906498377034,2.2457242261082135
1733,1.73379843775675,3.8357067107464835,0.445829621915541,2.2430093265302196
1734,1.73479843775675,3.8361548944687103,0.44634554030304924,2.2404166944763095
1735,1.73579843775675,3.8366030207162716,0.4468364837271767,2.2379551276984944
1736,1.73679843775675,3.8370520590416493,0.4473022589344825,2.235624748200685
1737,1.73779843775675,3.837501308556364,0.44774273949580246,2.2334253842420484
1738,1.73879843775675,3.8379502582923295,0.4481572590847165,2.2313595947153164
1739,1.73979843775675,3.8383992818384893,0.44854529024110473,2.229429272264734
1740,1.74079843775675,3.8388495816716124,0.44890740747305113,2.227630872988061
1741,1.74179843775675,3.839301091270917,0.44924338570808114,2.225964881873188
1742,1.74279843775675,3.8397528059304875,0.4495525233979037,2.2244341827771024
1743,1.74379843775675,3.8402031961522898,0.44983488913841024,2.2230378837785274
1744,1.74479843775675,3.840654679455232,0.45009038136141866,2.2217759841373033
1745,1.74579843775675,3.841106180043001,0.45031935965757003,2.220646255938043
1746,1.74679843775675,3.8415588483989205,0.4505229732378228,2.219642636230491
1747,1.74779843775675,3.84201190465804,0.45070038488437225,2.2187689062137173
1748,1.74879843775675,3.8424641441241874,0.45085096279818787,2.2180278684413612
1749,1.74979843775675,3.8429154345020318,0.4509747152350374,2.217419217125784
1750,1.75079843775675,3.8433685746532293,0.4510734740692671,2.216933731391262
1751,1.75179843775675,3.843820520090678,0.45114744418912484,2.2165702430108225
1752,1.75279843775675,3.84427239026361,0.4511970095168675,2.2163267462051213
1753,1.75379843775675,3.8447234209684007,0.45122195311991425,2.2162042273999143
1754,1.75479843775675,3.8451761741817485,0.4512222177602927,2.216202927603268
1755,1.75579843775675,3.845628170045316,0.4511980148529154,2.216321807900655
1756,1.75679843775675,3.846079874068606,0.4511504391200956,2.2165555284626497
1757,1.75779843775675,3.8465325817599307,0.45107991536017006,2.2169020742179093
1758,1.75879843775675,3.846983779240872,0.4509866594721783,2.2173604894884718
1759,1.75979843775675,3.8474340515305943,0.4508713866700697,2.2179273947400913
1760,1.76079843775675,3.8478854443239086,0.45073440407819904,2.2186014445582627
1761,1.76179843775675,3.8483379741575234,0.450574453199839,2.219389033040627
1762,1.76279843775675,3.8487885152891375,0.4503909702298836,2.2202931810324507
1763,1.76379843775675,3.8492385887028933,0.4501861330176568,2.221303426866724
1764,1.76479843775675,3.849688407986185,0.449960975448177,2.222414952772215
1765,1.76579843775675,3.8501384892712656,0.4497154168843818,2.223628460255993
1766,1.76679843775675,3.850588623395936,0.4494510881534795,2.2249362085391544
1767,1.76779843775675,3.8510389980922377,0.44916941714717273,2.2263314505055556
1768,1.76879843775675,3.851489418532452,0.44886999489557716,2.2278165423657574
1769,1.76979843775675,3.8519380197176254,0.4485529154060401,2.2293913731332626
1770,1.77079843775675,3.8523845396080683,0.4482189112417067,2.2310526729666247
1771,1.77179843775675,3.8528322681750033,0.4478686077382104,2.2327977061176907
1772,1.77279843775675,3.8532801734047655,0.4475036307078502,2.234618741345684
1773,1.77379843775675,3.853728595749159,0.4471242380511682,2.2365148540338393
1774,1.77479843775675,3.854175129564933,0.4467313402891608,2.238481856573391
1775,1.77579843775675,3.854621449975316,0.4463249201026035,2.2405202016730654
1776,1.77679843775675,3.8550685471009665,0.44590577331917275,2.2426262673307322
1777,1.77779843775675,3.855513058553287,0.4454739885720648,2.244799978569857
1778,1.77879843775675,3.855955290502617,0.4450303111525094,2.2470379543592607
1779,1.77979843775675,3.856400864542726,0.44457484874463293,2.2493400218742634
1780,1.78079843775675,3.856846192841102,0.4441082262598446,2.251703393160988
1781,1.78179843775675,3.8572919537739554,0.44363245172389865,2.254118237099492
1782,1.78279843775675,3.8577356496805315,0.44314735389872484,2.256585741068277
1783,1.78379843775675,3.8581785213266513,0.44265275227639467,2.259107155343281
1784,1.78479843775675,3.858622860092595,0.44215019272781253,2.261674916006651
1785,1.78579843775675,3.859064374613285,0.44163968471524884,2.2642892715693317
1786,1.78679843775675,3.859506676654463,0.441121644461506,2.2669483861322157
1787,1.78779843775675,3.859947312575569,0.4405963599735537,2.269651070335724
1788,1.78879843775675,3.8603877450624084,0.4400649030568786,2.2723920791082706
1789,1.78979843775675,3.860827242478661,0.4395274940799357,2.275170526233639
1790,1.79079843775675,3.8612647025044375,0.4389840555531356,2.2779870643364584
1791,1.79179843775675,3.861701875604467,0.43843573428324023,2.2808359853122178
1792,1.79279843775675,3.8621390059324745,0.43788302352655767,2.2837149336056637
1793,1.79379843775675,3.8625767869572973,0.43732503950106894,2.286628730751091
1794,1.79479843775675,3.863013263749617,0.4367633178644544,2.289569565707762
1795,1.79579843775675,3.863450188429425,0.4361984464099765,2.292534529249824
1796,1.79679843775675,3.863885949191527,0.4356306397276733,2.295522648785981
1797,1.79779843775675,3.864322059114366,0.43506087221583667,2.298528927473609
1798,1.79879843775675,3.8647557597623146,0.43448933916595023,2.301552442965826
1799,1.79979843775675,3.865190894976648,0.4339157143187245,2.304595033093153
1800,1.80079843775675,3.8656231496060443,0.43334039068965846,2.307654724749997
1801,1.80179843775675,3.866055962888469,0.4327642974685685,2.3107266607930605
1802,1.80279843775675,3.8664883704161714,0.432187580353789,2.313810126569115
1803,1.80379843775675,3.866919203003854,0.4316106802617317,2.3169028148089224
1804,1.80479843775675,3.8673505884254964,0.4310342456279769,2.3200012763326794
1805,1.80579843775675,3.8677810333150275,0.430458327801883,2.323105247159364
1806,1.80679843775675,3.868211329296599,0.4298835364775579,2.3262114390189144
1807,1.80779843775675,3.8686409121272,0.42931010161143024,2.329318588699557
1808,1.80879843775675,3.8690682565485752,0.42873909593329224,2.332420834687748
1809,1.80979843775675,3.8694974367662853,0.4281710796708965,2.33551504872451
1810,1.81079843775675,3.8699258893055566,0.4276056050300224,2.33860358292027
1811,1.81179843775675,3.870352788451661,0.4270431944880539,2.341683494567372
1812,1.81279843775675,3.8707786507384676,0.4264836116622644,2.34475598277363
1813,1.81379843775675,3.8712038783223357,0.4259268698538528,2.3478208837660968
1814,1.81479843775675,3.871628997217163,0.42537441705322543,2.3508701038663404
1815,1.81579843775675,3.872053003891842,0.4248262016791216,2.3539037753498
1816,1.81679843775675,3.872476086794217,0.4242821945176792,2.356921909336291
1817,1.81779843775675,3.8728993003286347,0.42374274488361907,2.3599224106471723
1818,1.81879843775675,3.8733226496701954,0.42320771420310416,2.3629058886201775
1819,1.81979843775675,3.873745084236918,0.42267810861302113,2.365866553348142
1820,1.82079843775675,3.874167357570709,0.42215327579841483,2.3688078651260223
1821,1.82179843775675,3.874589297109208,0.42163357333553014,2.3717276403988206
1822,1.82279843775675,3.8750095601664425,0.421119505502241,2.3746228491776153
1823,1.82379843775675,3.87543054348418,0.4206123434870519,2.3774860996935625
1824,1.82479843775675,3.8758503803348363,0.4201120843881326,2.3803171514488533
1825,1.82579843775675,3.876268458672425,0.4196176086524815,2.383122107795479
1826,1.82679843775675,3.8766867173105455,0.4191297900715373,2.3858957861938648
1827,1.82779843775675,3.877105501842432,0.4186482900876758,2.388639876662518
1828,1.82879843775675,3.8775228354358373,0.41817289860231316,2.391355354070926
1829,1.82979843775675,3.8779392823066106,0.41770455375089877,2.394036624739211
1830,1.83079843775675,3.878354323855314,0.4172437638973594,2.3966805175451267
1831,1.83179843775675,3.8787723906458496,0.4167895781476467,2.3992922386503444
1832,1.83279843775675,3.879192074287262,0.41634248499750154,2.4018687403616785
1833,1.83379843775675,3.879607759159269,0.41590294697018315,2.4044071033516667
1834,1.8347984377567501,3.880022836859955,0.41547093664194995,2.406907226971193
1835,1.83579843775675,3.8804384062941755,0.4150468647597469,2.4093664713715106
1836,1.8367984377567501,3.8808529944312626,0.4146308466970699,2.411783898776354
1837,1.83779843775675,3.881267285233169,0.4142216127428807,2.4141666422913786
1838,1.8387984377567501,3.8816820289429934,0.4138189321132519,2.416515829503724
1839,1.83979843775675,3.88209681039952,0.41342280192687453,2.418831267504394
1840,1.8407984377567501,3.8825090259452337,0.4130338900844,2.421108833940136
1841,1.84179843775675,3.8829228177056403,0.4126529934370256,2.4233436226183795
1842,1.8427984377567501,3.8833352043422553,0.4122807470522721,2.425531648396893
1843,1.84379843775675,3.8837462400257907,0.41191667498839724,2.4276754516630525
1844,1.8447984377567501,3.8841568821778107,0.41155971478039294,2.429781059921273
1845,1.84579843775675,3.8845682849813317,0.4112116547342678,2.4318376886623447
1846,1.8467984377567501,3.884977822256135,0.4108715261613772,2.4338508179007565
1847,1.84779843775675,3.8853877963052206,0.4105387270821966,2.435823794523004
1848,1.84879843775675,3.885798150320007,0.4102156285126659,2.437742324995606
1849,1.84979843775675,3.8862095088400155,0.4099034406542105,2.439598941653158
1850,1.85079843775675,3.8866194609818296,0.40959920021143403,2.4414110171206453
1851,1.85179843775675,3.8870275522939,0.40930198602108286,2.4431838450656596
1852,1.85279843775675,3.887437945809311,0.409011243993129,2.4449205607090816
1853,1.85379843775675,3.8878447257413473,0.40872813756015997,2.4466140402501937
1854,1.85479843775675,3.8882536100559695,0.40845206557961755,2.448267702064234
1855,1.85579843775675,3.8886613938441164,0.4081831813121716,2.4498804600065505
1856,1.85679843775675,3.8890686751398036,0.4079211118863929,2.451454388755693
1857,1.85779843775675,3.889476241273784,0.40766561636386217,2.4529907842594443
1858,1.85879843775675,3.8898832259192355,0.40741714795541745,2.454486771159243
1859,1.85979843775675,3.8902896244553906,0.40717574204502893,2.455941984602343
1860,1.86079843775675,3.890695389040779,0.4069416581983678,2.4573547088475762
1861,1.86179843775675,3.8911019723291167,0.40671552442532966,2.4587209977119855
1862,1.86279843775675,3.891507294696054,0.40649704279342935,2.4600424965653995
1863,1.86379843775675,3.8919144220075426,0.4062854709401191,2.4613235557896345
1864,1.86479843775675,3.892319912401886,0.4060805523004738,2.462565602649357
1865,1.86579843775675,3.8927263561342884,0.4058825297844414,2.4637670424767633
1866,1.86679843775675,3.893132618865034,0.4056916048409069,2.4649265305653856
1867,1.86779843775675,3.8935382675146655,0.4055069015829006,2.466049273382251
1868,1.86879843775675,3.8939452403416173,0.4053291547595851,2.4671306967620796
1869,1.86979843775675,3.8943514029020596,0.40515910178655357,2.4681661983909255
1870,1.87079843775675,3.894755555889022,0.40499649372480573,2.46915717912239
1871,1.87179843775675,3.895159909018594,0.40484118206569586,2.470104436751013
1872,1.87279843775675,3.8955643998214278,0.4046923263143549,2.4710130016728433
1873,1.87379843775675,3.895970183827965,0.40455030202453984,2.4718804929710334
1874,1.87479843775675,3.896374102696825,0.4044146658441722,2.472709534192108
1875,1.87579843775675,3.8967781742080305,0.40428571707703254,2.4734982161377226
1876,1.87679843775675,3.897183124292338,0.4041634890317989,2.474246257116317
1877,1.87779843775675,3.8975877471480023,0.404047559216465,2.4749561708508145
1878,1.87879843775675,3.897991388921165,0.4039380109946775,2.475627380393217
1879,1.87979843775675,3.898394696226885,0.40383464283326975,2.476261058199674
1880,1.88079843775675,3.8987999438426644,0.40373670934511524,2.4768617191685616
1881,1.88179843775675,3.8992036814561044,0.40364419690141595,2.477429398654863
1882,1.88279843775675,3.899607285629051,0.403557184871385,2.477963563747981
1883,1.88379843775675,3.9000120211337883,0.4034770035104849,2.478455999473124
1884,1.88479843775675,3.900415357860174,0.40340288716119777,2.4789113608906943
1885,1.88579843775675,3.900818383590345,0.4033343073123062,2.479332855822971
1886,1.88679843775675,3.9012218455638923,0.40327104315238116,2.4797218074051925
1887,1.88779843775675,3.9016245043215796,0.4032130787914114,2.4800782826722645
1888,1.88879843775675,3.902027683301543,0.4031607164084637,2.480400394434379
1889,1.88979843775675,3.9024306652218614,0.4031145279388937,2.4806845962931545
1890,1.89079843775675,3.902834279439379,0.4030739650742091,2.4809342370100538
1891,1.89179843775675,3.903237206443341,0.40303842312919247,2.481153018206043
1892,1.89279843775675,3.9036392876879513,0.4030080815537889,2.4813398186570397
1893,1.89379843775675,3.904042517796586,0.40298270356205773,2.4814960819925216
1894,1.89479843775675,3.9044450637712305,0.40296157604680544,2.481626188308948
1895,1.89579843775675,3.904846728586691,0.40294553068059547,2.4817250071267676
1896,1.89679843775675,3.9052505674597637,0.4029350938757336,2.4817892886450914
1897,1.89779843775675,3.9056533556636386,0.4029302527449286,2.4818191068741644
1898,1.89879843775675,3.9060560993848084,0.402930401639044,2.481818189772206
1899,1.89979843775675,3.9064587271174855,0.4029353305735012,2.4817878307585777
1900,1.90079843775675,3.9068618903069163,0.40294602179996364,2.4817219823463965
1901,1.90179843775675,3.9072644894262245,0.4029623179168966,2.481621619533743
1902,1.90279843775675,3.907666957863912,0.4029830876022521,2.4814937171433082
1903,1.90379843775675,3.908069875428764,0.4030080308273823,2.481340130981964
1904,1.90479843775675,3.908472540158432,0.4030366268565916,2.481164076325549
1905,1.90579843775675,3.9088750844760334,0.40306984822048203,2.480959576646361
1906,1.90679843775675,3.9092776779609957,0.40310839786952674,2.4807223200635673
1907,1.90779843775675,3.909681204899315,0.40315185608343523,2.480454907773121
1908,1.90879843775675,3.9100849426057005,0.4031995198210128,2.480161683833148
1909,1.90979843775675,3.9104881895749823,0.4032504636360345,2.479848357725831
1910,1.91079843775675,3.9108927540838567,0.4033048532606506,2.4795139257937797
1911,1.91179843775675,3.9112974234703053,0.4033637568434007,2.4791518400802515
1912,1.91279843775675,3.9116997556492255,0.40342570653602516,2.478771143729042
1913,1.91379843775675,3.9121034819787894,0.40349050464790226,2.478373068215396
1914,1.91479843775675,3.912506803574159,0.40355941178536026,2.477949889895931
1915,1.91579843775675,3.912910265081215,0.40363219070010214,2.477503090785437
1916,1.91679843775675,3.913313880415586,0.4037083503106861,2.477035709641427
1917,1.91779843775675,3.9137174905406855,0.4037881912282528,2.476545926115807
1918,1.91879843775675,3.9141207969980205,0.40387111986383195,2.4760374060347696
1919,1.91979843775675,3.914522565458391,0.40395672309010294,2.4755127043075578
1920,1.92079843775675,3.914926290622271,0.40404442000534335,2.474975399949281
1921,1.92179843775675,3.915330322201565,0.4041342588934635,2.4744252138832326
1922,1.92279843775675,3.9157342432585174,0.40422637085361063,2.4738613611187357
1923,1.92379843775675,3.916138555850231,0.40432047833742446,2.4732855583076674
1924,1.92479843775675,3.916542042309025,0.4044170072974246,2.4726952179450743
1925,1.92579843775675,3.9169468378420422,0.4045150376245641,2.4720959840511876
1926,1.92679843775675,3.9173516069854477,0.4046146892422221,2.4714871372387353
1927,1.92779843775675,3.9177563991488285,0.4047162608593006,2.4708668682518033
1928,1.92879843775675,3.918160930573556,0.40481866376385817,2.4702418379191315
1929,1.92979843775675,3.918565878418972,0.4049220683932206,2.4696110142085366
1930,1.93079843775675,3.9189708096415177,0.40502828446316963,2.468963374558926
1931,1.93179843775675,3.9193759275876214,0.4051357296948888,2.4683085857500364
1932,1.93279843775675,3.9197823156017813,0.4052441042781248,2.4676484850565172
1933,1.93379843775675,3.920188255185116,0.4053541260627735,2.466978712448431
1934,1.93479843775675,3.920595215620045,0.40546565445652716,2.466300139133528
1935,1.93579843775675,3.9210012549147413,0.4055794187627649,2.465608346327181
1936,1.93679843775675,3.92140724620488,0.40569365067253804,2.4649141004357635
1937,1.93779843775675,3.9218135373081395,0.4058089509639766,2.4642137577905947
1938,1.93879843775675,3.9222185416062407,0.40592536100091975,2.4635070780850623
1939,1.93979843775675,3.9226242139414342,0.40604238140557913,2.4627971014708954
1940,1.94079843775675,3.9230300177549537,0.40615976289103867,2.462085345141075
1941,1.94179843775675,3.9234361799276383,0.40627904278669436,2.4613624988897658
1942,1.94279843775675,3.923842297819866,0.4064000172750821,2.460629816664414
1943,1.94379843775675,3.924248619238257,0.4065216857703976,2.459893371013908
1944,1.94479843775675,3.9246559268240966,0.4066436141006962,2.459155794716039
1945,1.94579843775675,3.9250627771984474,0.4067660660578475,2.4584154958928823
1946,1.94679843775675,3.925469303484567,0.4068887149922943,2.4576744528757404
1947,1.94779843775675,3.9258750416103783,0.407011407992003,2.456933590469897
1948,1.94879843775675,3.926282573959855,0.40713442294229496,2.456191232303967
1949,1.94979843775675,3.9266901455876417,0.4072568164862986,2.455453069214971
1950,1.95079843775675,3.9270967186797923,0.4073787514154143,2.454718113120915
1951,1.95179843775675,3.9275047101952496,0.4075001461134765,2.4539868501581594
1952,1.95279843775675,3.9279123507848372,0.4076217041465775,2.4532550397277375
1953,1.95379843775675,3.9283197657933253,0.4077433608460512,2.4525230721722604
1954,1.95479843775675,3.9287275138975213,0.40786393763678314,2.451798032927673
1955,1.95579843775675,3.9291353670420404,0.4079839375824048,2.451076887795416
1956,1.95679843775675,3.9295451651736792,0.40810379080181924,2.4503570477384113
1957,1.95779843775675,3.9299548101615165,0.4082235937114195,2.4496379322624793
1958,1.95879843775675,3.9303634773834246,0.4083430598836662,2.4489212582304996
1959,1.9597984377567501,3.9307710027976923,0.40846258768978466,2.448204634005479
1960,1.96079843775675,3.931179291385079,0.4085819632773025,2.44748934088729
1961,1.9617984377567501,3.93158851939512,0.40870116663818945,2.4467754966925974
1962,1.96279843775675,3.9319978993946054,0.40881793086098034,2.4460766627676436
1963,1.9637984377567501,3.9324072636056226,0.4089331365692164,2.445387547679788
1964,1.96479843775675,3.9328171137990493,0.4090482517635344,2.4446993617224586
1965,1.9657984377567501,3.933227292282225,0.40916458799498123,2.4440042695294686
1966,1.96679843775675,3.9336367300649915,0.4092821335897799,2.4433023529003877
1967,1.9677984377567501,3.934046642362974,0.40939944606597617,2.4426022301917
1968,1.96879843775675,3.9344568937125968,0.40951714565544856,2.4419002002943246
1969,1.9697984377567501,3.93486753922696,0.40963476930099774,2.4411990264068737
1970,1.97079843775675,3.9352798197475405,0.4097522721268919,2.4404989746837096
1971,1.9717984377567501,3.9356896023151373,0.40986983453192616,2.4397989696948694
1972,1.97279843775675,3.9360982574063437,0.4099874851025887,2.4390988416384856
1973,1.9737984377567501,3.9365077534132196,0.4101053264169639,2.438397981164663
1974,1.97479843775675,3.936919911960922,0.4102226220485994,2.437700766003902
1975,1.9757984377567501,3.9373295605824294,0.4103400065381583,2.437003421714885
1976,1.97679843775675,3.9377386626860367,0.41045696631780537,2.4363089971915057
1977,1.97779843775675,3.938148679488416,0.4105737858319493,2.4356158003942974
1978,1.97879843775675,3.938558965393033,0.41069067312591406,2.4349225960956
1979,1.97979843775675,3.9389694464459324,0.4108072872181972,2.4342314051231946
1980,1.98079843775675,3.939378796489328,0.4109239908981825,2.4335400759012313
1981,1.98179843775675,3.939789529142247,0.4110394549090688,2.432856476566763
1982,1.98279843775675,3.9402002136198133,0.41115420508767786,2.432177483839067
1983,1.98379843775675,3.9406117642825826,0.4112691989072425,2.43149742955961
1984,1.98479843775675,3.9410224183469875,0.4113847854389521,2.4308142532130566
1985,1.98579843775675,3.9414328845825004,0.41150022040905104,2.43013235571527
1986,1.98679843775675,3.9418442573819084,0.4116154302227628,2.429452169610863
1987,1.98779843775675,3.9422555108457424,0.4117304102187411,2.4287737198443207
1988,1.98879843775675,3.9426664190389897,0.41184420501509844,2.428102636440737
1989,1.98979843775675,3.9430776861465007,0.41195812027618445,2.4274312139534504
1990,1.99079843775675,3.943488695857435,0.412073027255728,2.4267543223095043
1991,1.99179843775675,3.943901136310887,0.4121895473137575,2.426068313757609
1992,1.99279843775675,3.9443127683939325,0.41230699080543454,2.4253772608767012
1993,1.99379843775675,3.9447239431179892,0.4124257158541463,2.424679067184182
1994,1.99479843775675,3.9451377464587827,0.4125459208522323,2.4239725796687366
1995,1.99579843775675,3.9455506652048804,0.4126673602754097,2.4232592549423124
1996,1.99679843775675,3.9459636261120585,0.41278960966079487,2.4225415964848014
1997,1.99779843775675,3.946376423559706,0.41291257325370506,2.4218201739901293
1998,1.99879843775675,3.9467909681997195,0.41303760339157825,2.4210870675906837
1999,1.99979843775675,3.9472050615369896,0.4131640822440162,2.420345918185106
2000,2.00079843775675,3.9476173380100703,0.4132918410524136,2.4195977289403596
2001,2.00179843775675,3.9480328768103816,0.41342067483916034,2.4188437126155966
2002,2.00279843775675,3.9484473239265436,0.4135496236381642,2.41808949359594
2003,2.00379843775675,3.9488610450244437,0.4136786434685602,2.417335329702609
2004,2.00479843775675,3.9492750831257113,0.41381008517162743,2.4165674927551626
2005,2.00579843775675,3.949688805464324,0.4139431564064195,2.4157906333839123
2006,2.00679843775675,3.9501029381208506,0.4140778817085821,2.415004626361027
2007,2.00779843775675,3.9505175871666474,0.41421416242519593,2.4142100650182203
2008,2.00879843775675,3.9509316745383773,0.41435225537194065,2.413405470913526
2009,2.00979843775675,3.9513457775799736,0.4144917441203263,2.4125932884918972
2010,2.01079843775675,3.9517596309742897,0.41463368948141477,2.41176736326155
2011,2.01179843775675,3.9521733690062235,0.4147774979576651,2.410931173759254
2012,2.01279843775675,3.9525880286968778,0.4149232589245651,2.410084222783482
2013,2.01379843775675,3.953002543380886,0.41507121119700624,2.409225147453957
2014,2.01479843775675,3.9534181285355827,0.41522039911688075,2.4083595173234955
2015,2.01579843775675,3.953832845281305,0.4153709019628724,2.407486887681372
2016,2.01679843775675,3.9542487602099867,0.415522790853354,2.406606862517246
2017,2.01779843775675,3.95466405958606,0.41567624962706695,2.405718394777599
2018,2.01879843775675,3.9550789297203175,0.4158317639345862,2.4048186952772284
2019,2.01979843775675,3.9554966534222125,0.41598899804636463,2.4039097300562347
2020,2.02079843775675,3.955912919412784,0.41614823033109116,2.4029899134844124
2021,2.02179843775675,3.9563284632065057,0.4163093247154447,2.402060056386003
2022,2.02279843775675,3.9567450299794156,0.41647221923018424,2.4011205401609272
2023,2.02379843775675,3.9571605281196227,0.4166368836725944,2.4001715623089903
2024,2.02479843775675,3.9575779263104978,0.4168032829115641,2.3992133483559357
2025,2.02579843775675,3.9579951250109633,0.41697174463410386,2.3982440366013487
2026,2.02679843775675,3.9584116365258084,0.417142100697358,2.3972646211644624
2027,2.02779843775675,3.958828623866566,0.4173141528057797,2.3962762663968538
2028,2.02879843775675,3.959246704737723,0.41748774221899804,2.395279906147372
2029,2.02979843775675,3.9596639797970927,0.41766339820462917,2.394272527347637
2030,2.03079843775675,3.960080207049366,0.4178413534658598,2.393252825995611
2031,2.03179843775675,3.960497977252596,0.41802103478031616,2.392224115050892
2032,2.03279843775675,3.960919416357241,0.4182013326680294,2.3911927626347516
2033,2.03379843775675,3.9613389779850774,0.4183828991216104,2.390155051985842
2034,2.03479843775675,3.9617575402870187,0.4185662782330269,2.3891078952214913
2035,2.03579843775675,3.9621736961639917,0.41875197706749395,2.3880484266676576
2036,2.03679843775675,3.9625930157131144,0.4189395033113745,2.3869794853333643
2037,2.03779843775675,3.9630104534389803,0.41912826096337974,2.3859044906718245
2038,2.03879843775675,3.9634290435570105,0.41931732467956456,2.3848287231255796
2039,2.03979843775675,3.963848458253215,0.419506518297779,2.3837531870962927
2040,2.04079843775675,3.9642668318523233,0.41969607790128166,2.382676542989315
2041,2.04179843775675,3.9646855657543063,0.4198852054095462,2.3816033218522747
2042,2.04279843775675,3.965105507721531,0.42007633791080556,2.380519704997831
2043,2.04379843775675,3.9655253872419185,0.42027022968089417,2.3794214516676266
2044,2.04479843775675,3.965946340273739,0.42046562346732697,2.3783157152149603
2045,2.04579843775675,3.9663661380628747,0.42066183279528746,2.377206397250316
2046,2.04679843775675,3.9667881747455285,0.42085920786853875,2.376091532045947
2047,2.04779843775675,3.967209088828451,0.42105759493779754,2.3749720038840034
2048,2.04879843775675,3.9676292357038085,0.421256165986178,2.373852493432254
2049,2.04979843775675,3.968051103879391,0.42145607297690946,2.3727265167556086
2050,2.05079843775675,3.9684713956721533,0.42165838726931615,2.3715880679524894
2051,2.05179843775675,3.9688934000842333,0.42186320824406726,2.37043662603887
2052,2.05279843775675,3.969315519316029,0.42207061057111334,2.369271811289768
2053,2.05379843775675,3.9697373971566923,0.4222796462801502,2.368098980874339
2054,2.05479843775675,3.9701581331161324,0.42248988881956945,2.3669205499662613
2055,2.05579843775675,3.9705822291570816,0.4226999290157788,2.3657444237769707
2056,2.05679843775675,3.971004624353131,0.4229119678764639,2.364558290987188
2057,2.05779843775675,3.971427812712759,0.42312558544326495,2.3633645291206
2058,2.05879843775675,3.971854234480608,0.42334020310613857,2.362166391622586
2059,2.05979843775675,3.972278799500738,0.4235566445763612,2.360959302149997
2060,2.06079843775675,3.972703331081601,0.42377501310459686,2.359742715064652
2061,2.06179843775675,3.9731270156351752,0.4239953410356716,2.3585164817079156
2062,2.06279843775675,3.973550689739875,0.42421731842820715,2.357282356376113
2063,2.06379843775675,3.9739755395667893,0.42444061596944677,2.3560421938318568
2064,2.06479843775675,3.9743990711697914,0.424665454703231,2.354794789462755
2065,2.06579843775675,3.9748250968581007,0.42489136105500236,2.3535427915432474
2066,2.06679843775675,3.9752502023894403,0.4251182268812549,2.3522868152141654
2067,2.06779843775675,3.9756759779364392,0.4253462344422388,2.3510258679292435
2068,2.06879843775675,3.9761000605398324,0.42557617599598924,2.349755593483749
2069,2.06979843775675,3.9765264006051697,0.4258071289508242,2.3484811127140346
2070,2.07079843775675,3.976952021436793,0.4260397291319671,2.3471989385530923
2071,2.07179843775675,3.977379413623658,0.42627349936814907,2.3459117244732934
2072,2.07279843775675,3.9778073764154787,0.42650775883484254,2.3446232320177605
2073,2.07379843775675,3.978234969580809,0.42674255521648596,2.343333205877959
2074,2.07479843775675,3.978659337785117,0.4269792376330467,2.342034253336265
2075,2.07579843775675,3.9790853641750936,0.4272176490905155,2.340727266602527
2076,2.07679843775675,3.9795127827407013,0.4274576595342819,2.339412986749394
2077,2.07779843775675,3.9799391445157095,0.4276983815691551,2.338096291903571
2078,2.07879843775675,3.980366914056905,0.42794036742368813,2.3367741772533845
2079,2.07979843775675,3.9807951743863126,0.4281840818979153,2.335444128533515
2080,2.08079843775675,3.9812228846812956,0.4284284936071058,2.3341117944341465
2081,2.08179843775675,3.9816503405703467,0.42867385129681423,2.332775831730401
2082,2.08279843775675,3.9820790640775514,0.4289205166428481,2.331434289567165
2083,2.08379843775675,3.982508053212403,0.4291683411332282,2.330087996145006
2084,2.08479843775675,3.982936619281219,0.4294173008284129,2.328737100416877
2085,2.08579843775675,3.9833670297530257,0.429666824934087,2.327384712918911
2086,2.08679843775675,3.9837972693080266,0.4299183243111049,2.3260232082509766
2087,2.0877984377567502,3.984227517369805,0.43017069248480877,2.3246586005747343
2088,2.08879843775675,3.9846589995863635,0.43042414962399234,2.3232897152113208
2089,2.08979843775675,3.9850882610625313,0.43067792521492243,2.3219207241721693
2090,2.09079843775675,3.985519247112756,0.4309322300705904,2.3205504954600205
2091,2.0917984377567502,3.9859504611981236,0.43118775367214585,2.319175327878981
2092,2.09279843775675,3.9863814808071103,0.43144412028637247,2.317797260364208
2093,2.09379843775675,3.9868141053555175,0.4317012315948908,2.316416833710592
2094,2.09479843775675,3.98724660927682,0.43196090441724666,2.315024322280018
2095,2.0957984377567502,3.987679134488564,0.43222176130332557,2.313627145899805
2096,2.09679843775675,3.98811120881224,0.4324833028758144,2.312227994353681
2097,2.09779843775675,3.9885421404244625,0.4327458279423654,2.310825282255947
2098,2.09879843775675,3.988973948963929,0.4330089259469584,2.3094212153088396
2099,2.0997984377567502,3.9894075953680246,0.4332718270560425,2.3080199024125627
2100,2.10079843775675,3.9898405271852746,0.43353475008067544,2.306620172463482
2101,2.10179843775675,3.9902743960618285,0.4337984373743888,2.3052180778995113
2102,2.10279843775675,3.9907099128128194,0.434063576140648,2.3038099830702534
2103,2.1037984377567502,3.991144151203147,0.4343290239582186,2.302401969103031
2104,2.10479843775675,3.991577339572806,0.4345941982847896,2.3009971231707516
2105,2.10579843775675,3.992010600822473,0.4348584162074995,2.299599048171197
2106,2.10679843775675,3.9924445960816226,0.4351227253859705,2.2982021890788666
2107,2.10779843775675,3.9928803770367893,0.43538639926546047,2.29681037737306
2108,2.10879843775675,3.9933169930811263,0.43565034113202683,2.29541883842332
2109,2.10979843775675,3.9937531281005487,0.4359149420133662,2.2940255164947696
2110,2.11079843775675,3.9941895410113837,0.4361793723509657,2.292634781443456
2111,2.11179843775675,3.9946263038224146,0.4364437347945577,2.2912460880455043
2112,2.11279843775675,3.995061578213564,0.4367088301361194,2.28985523303549
2113,2.11379843775675,3.9954987236191415,0.43697393821901787,2.288465998855028
2114,2.11479843775675,3.995934075644502,0.43723918923648336,2.2870777016722172
2115,2.11579843775675,3.996370320869779,0.43750410556416813,2.285692836437466
2116,2.11679843775675,3.996809175018858,0.4377691457258587,2.284309001133267
2117,2.11779843775675,3.9972481139438756,0.4380340243659415,2.2829276822673985
2118,2.11879843775675,3.997687664342228,0.4382996274341703,2.2815442619790804
2119,2.11979843775675,3.9981258576264063,0.43856653093240244,2.280155756240626
2120,2.12079843775675,3.9985637210211875,0.43883414091804396,2.278765270878864
2121,2.12179843775675,3.999002256326049,0.43910214943557185,2.2773744134147695
2122,2.12279843775675,3.999439788823036,0.4393709976441845,2.2759809030677745
2123,2.12379843775675,3.999879188692423,0.43964052715353863,2.2745855721594186
2124,2.12479843775675,4.00031929636348,0.439910751103063,2.2731883626224865
2125,2.12579843775675,4.000761778347378,0.44018170486689506,2.2717891019627596
2126,2.12679843775675,4.001201317710341,0.4404522999911439,2.270393411545602
2127,2.12779843775675,4.001642302481111,0.4407233844119956,2.268996915909466
2128,2.12879843775675,4.002083943448348,0.4409951966740267,2.2675983945901717
2129,2.12979843775675,4.002525724093636,0.4412663538563667,2.2662049604749663
2130,2.13079843775675,4.002967044383572,0.4415364227046664,2.2648188203238604
2131,2.13179843775675,4.003409340708859,0.44180660740928956,2.2634337812734433
2132,2.13279843775675,4.00385124871199,0.4420762568628733,2.2620531740300813
2133,2.13379843775675,4.004295065689788,0.4423464029400154,2.26067171192891
2134,2.13479843775675,4.0047381184513045,0.44261641184363376,2.259292636336488
2135,2.13579843775675,4.005182463667181,0.4428857482098921,2.2579186709934063
2136,2.13679843775675,4.005626263875126,0.4431548748722256,2.256547443573376
2137,2.13779843775675,4.006070084900137,0.44342459108721727,2.2551748822683355
2138,2.13879843775675,4.00651283058769,0.4436949795497444,2.25380057492376
2139,2.13979843775675,4.0069566999458255,0.4439655626362276,2.2524269541585387
2140,2.14079843775675,4.007400215234722,0.4442356977898097,2.251057276520696
2141,2.14179843775675,4.007845548233375,0.4445064062395396,2.2496863621378522
2142,2.14279843775675,4.00829020746964,0.44477561922299574,2.2483246760399274
2143,2.14379843775675,4.008735015182988,0.4450425172911916,2.2469763250635655
2144,2.14479843775675,4.0091791971931245,0.4453098039235345,2.245627630896968
2145,2.14579843775675,4.009624767622126,0.4455784454657274,2.2442737304197475
2146,2.14679843775675,4.010068769353939,0.44584777613616017,2.242917994716214
2147,2.14779843775675,4.01051584763729,0.4461171032384494,2.241563913915895
2148,2.14879843775675,4.010961318101879,0.44638735524992285,2.2402068253929843
2149,2.14979843775675,4.011407481126453,0.44665856659315195,2.238846570496588
2150,2.15079843775675,4.011854956745111,0.4469303133539441,2.2374852860071166
2151,2.15179843775675,4.012302484986079,0.447202494450181,2.236123484126499
2152,2.15279843775675,4.012750231098195,0.44747608405642797,2.234756304593694
2153,2.15379843775675,4.013198012306897,0.44775121076495783,2.2333831287503525
2154,2.15479843775675,4.013646837203881,0.4480275530954796,2.2320055833416323
2155,2.15579843775675,4.014095020351118,0.4483055011716809,2.230621746524241
2156,2.15679843775675,4.014542853625443,0.4485850140789243,2.2292318481777444
2157,2.15779843775675,4.0149919893744945,0.44886583294112425,2.2278371990303962
2158,2.15879843775675,4.015441387740095,0.44914819265957306,2.2264366557474697
2159,2.15979843775675,4.01589151581108,0.44943194985988105,2.22503095365554
2160,2.16079843775675,4.0163398215374855,0.4497177376257622,2.223616985354848
2161,2.16179843775675,4.016789303234242,0.45000510619422107,2.2221970067344134
2162,2.16279843775675,4.017239831865782,0.45029386325235166,2.2207719927099796
2163,2.16379843775675,4.017690504402592,0.45058481027735653,2.2193380184841387
2164,2.16479843775675,4.018138525997805,0.4508778435666941,2.2178956324166315
2165,2.16579843775675,4.018588994680903,0.4511720275249726,2.2164494671484247
2166,2.16679843775675,4.019039608090118,0.45146773946727775,2.2149976899345645
2167,2.16779843775675,4.019490628164826,0.45176444670032556,2.213542936598865
2168,2.16879843775675,4.019942315619735,0.45206272831825306,2.2120823889201455
2169,2.16979843775675,4.020395090416938,0.4523626639518897,2.2106156844684985
2170,2.17079843775675,4.020847801133145,0.45266456479433886,2.209141332841758
2171,2.17179843775675,4.021301561086097,0.4529678502384311,2.207662198263353
2172,2.17279843775675,4.021751536488912,0.45327246846226443,2.206178556117735
2173,2.17379843775675,4.022200837253408,0.45357830827588097,2.204690969021754
2174,2.17479843775675,4.022654405281698,0.4538860895394591,2.203195962702144
2175,2.17579843775675,4.023110202725772,0.45419597715575427,2.201692772054379
2176,2.17679843775675,4.023565166663744,0.45450877453046695,2.2001775455997654
2177,2.17779843775675,4.024020596662085,0.4548233862847748,2.198655632395029
2178,2.17879843775675,4.024475992145776,0.45513944629132397,2.1971288319402746
2179,2.17979843775675,4.024931308485571,0.45545707248172823,2.195596600468022
2180,2.18079843775675,4.025387336379172,0.45577592218874796,2.1940606146936292
2181,2.18179843775675,4.025844649929043,0.4560957190173225,2.192522223524795
2182,2.18279843775675,4.026300481626968,0.45641647601720386,2.1909813789507164
2183,2.18379843775675,4.026757683540165,0.4567389846792588,2.189434301742913
2184,2.18479843775675,4.027214430431637,0.4570626473732858,2.1878838836359646
2185,2.18579843775675,4.027672753474438,0.45738946633934163,2.1863205727131687
2186,2.18679843775675,4.028130257023976,0.4577192090246167,2.1847455389319674
2187,2.18779843775675,4.028587678665025,0.4580510688157835,2.183162682242697
2188,2.18879843775675,4.029045223036624,0.458384045236362,2.1815768031026432
2189,2.18979843775675,4.029503232811579,0.45871734877392945,2.1799916717185943
2190,2.19079843775675,4.02996204316903,0.45905186773433293,2.1784030744402285
2191,2.19179843775675,4.030421181504773,0.4593878227854422,2.1768099858124703
2192,2.19279843775675,4.030880133475654,0.45972479765497337,2.1752144002258214
2193,2.19379843775675,4.031339136326151,0.4600631699308628,2.173614549824272
2194,2.19479843775675,4.031799866686662,0.46040333070342443,2.172008613560975
2195,2.19579843775675,4.032260691385039,0.4607442562202632,2.1704014461374865
2196,2.19679843775675,4.032721689965306,0.4610854543956209,2.168795372889771
2197,2.19779843775675,4.033182224245955,0.4614269776392399,2.1671901480841367
2198,2.19879843775675,4.033642700707262,0.46176892641400347,2.165585302081241
2199,2.19979843775675,4.03410386808318,0.4621106942594931,2.1639836784181004
2200,2.20079843775675,4.034565616259104,0.46245258831223596,2.16238383192879
2201,2.20179843775675,4.035028178512989,0.4627946179678328,2.1607857161154507
2202,2.20279843775675,4.035491307011379,0.4631369135775322,2.159188720837285
2203,2.20379843775675,4.035954045944277,0.4634786887228233,2.157596507307881
2204,2.20479843775675,4.036418525428805,0.46382042422590936,2.1560068245570356
2205,2.20579843775675,4.036883419635313,0.4641621784187553,2.1544193958384636
2206,2.20679843775675,4.037347756000152,0.46450328475248737,2.1528373056239083
2207,2.20779843775675,4.037810548392304,0.4648442438513502,2.1512582186987004
2208,2.20879843775675,4.038275241856632,0.4651846015426753,2.14968422575411
2209,2.20979843775675,4.038741102482769,0.4655253707029906,2.1481106357101405
2210,2.21079843775675,4.039206744965289,0.4658664066052337,2.1465381187001555
2211,2.21179843775675,4.039672427230268,0.46620669536390114,2.144971339846251
2212,2.2127984377567502,4.040140184175466,0.46654752107255676,2.143404379689077
2213,2.21379843775675,4.040608463221964,0.4668887292352358,2.141837952777316
2214,2.21479843775675,4.0410751876537425,0.46722961323028295,2.1402752986616265
2215,2.21579843775675,4.041543879079661,0.4675706733851789,2.138714117290698
2216,2.2167984377567502,4.042011710171999,0.46791110053152973,2.1371581030328985
2217,2.21779843775675,4.04248142918471,0.4682509908264496,2.135606799752903
2218,2.21879843775675,4.042951234882532,0.4685902770563259,2.134060497972725
2219,2.21979843775675,4.043419422396454,0.46892949548361573,2.132516742135577
2220,2.2207984377567502,4.043889478969452,0.46926870717499364,2.1309752487439844
2221,2.22179843775675,4.04436063127188,0.46960754840255875,2.12943766215354
2222,2.22279843775675,4.044831066534895,0.46994588782672586,2.127904564979853
2223,2.22379843775675,4.045301815769778,0.4702833198618473,2.126377776472627
2224,2.2247984377567502,4.045772925384331,0.47062003878470343,2.1248563970678567
2225,2.22579843775675,4.046243920506077,0.4709562659748392,2.1233394101468965
2226,2.22679843775675,4.046714690246312,0.4712910126443312,2.121831253240276
2227,2.22779843775675,4.047186011848405,0.4716250277174606,2.1203285263289215
2228,2.2287984377567502,4.047657656441761,0.47195786021803693,2.1188332355308503
2229,2.22979843775675,4.048129776224098,0.47229015054639056,2.117342482884947
2230,2.23079843775675,4.048602096211456,0.47262209288118834,2.115855384380832
2231,2.23179843775675,4.049074725809708,0.47295378144770284,2.114371507801499
2232,2.23279843775675,4.0495482403082255,0.4732848805887073,2.1128923424642783
2233,2.23379843775675,4.050021017272505,0.4736149939966414,2.1114196397403147
2234,2.23479843775675,4.050493073938908,0.47394516935685665,2.109948712752995
2235,2.23579843775675,4.050966898578061,0.47427574593672167,2.108478050094978
2236,2.23679843775675,4.0514416070681065,0.4746064599955892,2.107008825816011
2237,2.23779843775675,4.051917419492472,0.4749375205291726,2.105540111646277
2238,2.23879843775675,4.052393805255351,0.475267621246137,2.1040776928544616
2239,2.23979843775675,4.052869723977257,0.47559754658602477,2.1026180794629536
2240,2.24079843775675,4.053344502683828,0.4759278194483761,2.1011589554883545
2241,2.24179843775675,4.053822059178308,0.4762584264642109,2.099700382046986
2242,2.24279843775675,4.054297260617225,0.476589263781501,2.098242818282335
2243,2.24379843775675,4.054774353317439,0.4769238587498709,2.0967707562822167
2244,2.24479843775675,4.055250079491357,0.4772616851107418,2.09528657170115
2245,2.24579843775675,4.055728787899102,0.4776008533968497,2.0937986037664733
2246,2.24679843775675,4.056206227107749,0.4779402991750817,2.0923115328964434
2247,2.24779843775675,4.056685811396263,0.47828070225359004,2.0908223879578323
2248,2.24879843775675,4.057163219810727,0.4786229251076911,2.0893274173505123
2249,2.24979843775675,4.057640493998894,0.4789656322793623,2.0878324719063315
2250,2.25079843775675,4.058119910593612,0.4793094642049163,2.086334768412743
2251,2.25179843775675,4.058599657440633,0.47965369821515386,2.084837464448026
2252,2.25279843775675,4.059080470331454,0.4799986250232234,2.0833393011315766
2253,2.25379843775675,4.0595617282645495,0.4803452362510139,2.0818359890581495
2254,2.25479843775675,4.060042652636901,0.4806930760322956,2.08032952805173
2255,2.25579843775675,4.060522747387898,0.4810425958308141,2.078817985490222
2256,2.25679843775675,4.061002627423851,0.48139353481223257,2.077302513815541
2257,2.25779843775675,4.061482552777496,0.48174632654435573,2.0757812668197424
2258,2.25879843775675,4.061962129087794,0.482100883917438,2.074254649512849
2259,2.25979843775675,4.062445058988465,0.4824570243276253,2.072723474994787
2260,2.26079843775675,4.0629283456971566,0.48281570157544396,2.071183676787988
2261,2.26179843775675,4.063410941778598,0.48317552262364616,2.0696412652900826
2262,2.26279843775675,4.063895260072127,0.4835375325186531,2.068091787603734
2263,2.26379843775675,4.064379599646592,0.4839020360956662,2.0665339787954573
2264,2.26479843775675,4.064863595614018,0.484269190151668,2.064967213146082
2265,2.26579843775675,4.0653464606911305,0.4846391373332329,2.0633909293883756
2266,2.26679843775675,4.065831509153206,0.4850119788412384,2.0618047463263487
2267,2.26779843775675,4.066318266662273,0.48538743629626474,2.0602098967177067
2268,2.26879843775675,4.066803138510695,0.48576603559640963,2.0586041977435263
2269,2.26979843775675,4.0672899756540355,0.4861489110201425,2.0569829065369793
2270,2.27079843775675,4.067776781601701,0.4865350857505314,2.0553502291769874
2271,2.27179843775675,4.068263537108815,0.48692461800054626,2.0537059804170306
2272,2.27279843775675,4.068751569101361,0.4873174220413126,2.052050582987826
2273,2.27379843775675,4.069239569919809,0.4877137904481056,2.050382867134456
2274,2.27479843775675,4.069726407480693,0.4881135513931595,2.0487036205936695
2275,2.27579843775675,4.070214935584865,0.4885157627681853,2.047016854345657
2276,2.27679843775675,4.070703487084079,0.4889212289483562,2.045319247337546
2277,2.27779843775675,4.07119207938011,0.4893301175490657,2.043610160373439
2278,2.27879843775675,4.071681471984661,0.4897437511513554,2.0418841437977835
2279,2.27979843775675,4.072171565302989,0.4901604391222481,2.040148327332871
2280,2.28079843775675,4.072661221644835,0.49058172039891323,2.0383963739758926
2281,2.28179843775675,4.073152222977818,0.4910077699705117,2.036627648601277
2282,2.28279843775675,4.0736424013806145,0.49143787526450927,2.034845196784567
2283,2.28379843775675,4.0741328959606795,0.4918725686135217,2.0330468983435597
2284,2.28479843775675,4.0746247605781365,0.49231170515514516,2.0312334432204167
2285,2.28579843775675,4.075117667716414,0.49275526046511686,2.0294050215843247
2286,2.28679843775675,4.075611091204731,0.49320304141864635,2.0275625168969067
2287,2.28779843775675,4.07610479812057,0.4936545767984287,2.025707948431165
2288,2.28879843775675,4.076598506976799,0.49410986348454056,2.023841404314098
2289,2.28979843775675,4.077093754520852,0.49456980315559484,2.0219592737355088
2290,2.29079843775675,4.077587620619978,0.49503512576148323,2.0200586745471023
2291,2.29179843775675,4.078082296776271,0.49550474340398154,2.018144151618559
2292,2.29279843775675,4.078577008652322,0.49597862708776613,2.0162159121083345
2293,2.29379843775675,4.0790735122590815,0.496457649004049,2.0142705062679864
2294,2.29479843775675,4.079569419787613,0.4969407427341466,2.0123123624318726
2295,2.29579843775675,4.08006537005697,0.4974280581173705,2.0103409602279516
2296,2.29679843775675,4.080564907155212,0.4979195090711656,2.0083567359419816
2297,2.29779843775675,4.0810631656204155,0.49841447571498093,2.0063622722142838
2298,2.29879843775675,4.081562211557583,0.49891390344393194,2.0043538436133805
2299,2.29979843775675,4.082059838430358,0.49941813971709054,2.0023301527783475
2300,2.30079843775675,4.082559211315171,0.4999264915420018,2.0002940770662962
2301,2.30179843775675,4.083059269248689,0.5004390055640074,1.998245518198516
2302,2.30279843775675,4.0835599346234925,0.5009568326541143,1.9961799796240132
2303,2.30379843775675,4.084061011757195,0.5014783602718038,1.994103991761469
2304,2.30479843775675,4.084562519212912,0.5020043532826028,1.9920145980029997
2305,2.30579843775675,4.085066006714836,0.5025349649444235,1.9899112892783337
2306,2.30679843775675,4.085568669191578,0.5030689659420438,1.987799024985384
2307,2.30779843775675,4.08607200104022,0.5036071984735525,1.9856745555485067
2308,2.30879843775675,4.086578455353337,0.5041486895423437,1.983541801740634
2309,2.30979843775675,4.087082632518306,0.5046931381906631,1.98140201308269
2310,2.31079843775675,4.087586966728145,0.5052400590375365,1.979257151352889
2311,2.31179843775675,4.088091672421678,0.5057901072287093,1.9771047035283704
2312,2.31279843775675,4.088598351226245,0.5063429766347818,1.974945928244377
2313,2.31379843775675,4.089103957228286,0.5069008696215579,1.9727723109778448
2314,2.31479843775675,4.089611389991519,0.5074610820704882,1.9705944659241796
2315,2.31579843775675,4.090118874915484,0.5080241149888889,1.9684104956747401
2316,2.31679843775675,4.090625936683465,0.5085892101865838,1.9662233880918052
2317,2.31779843775675,4.091133757269326,0.5091560300273575,1.9640344826050058
2318,2.31879843775675,4.091641126051385,0.5097247240689619,1.9618432318082095
2319,2.31979843775675,4.092152284563626,0.5102957824131342,1.9596477855864434
2320,2.32079843775675,4.092662583641397,0.5108696466933242,1.9574464963276657
2321,2.32179843775675,4.093174057753731,0.5114457352122377,1.9552416437396316
2322,2.32279843775675,4.093685319044478,0.5120240176356713,1.9530333842885201
2323,2.32379843775675,4.0941970057004085,0.5126034217351797,1.9508258384522028
2324,2.32479843775675,4.094709702371649,0.5131849219089221,1.94861531839292
2325,2.32579843775675,4.0952213420791495,0.5137676059142604,1.9464053172844145
2326,2.32679843775675,4.095734553013479,0.5143515340884072,1.9441956205541697
2327,2.32779843775675,4.096249136480233,0.514936957162147,1.9419852976004455
2328,2.32879843775675,4.096764254844043,0.5155248341031102,1.939770761460523
2329,2.32979843775675,4.097280785821278,0.5161159763607301,1.937549011854397
2330,2.33079843775675,4.097797009232078,0.5167090359464741,1.9353251645159735
2331,2.33179843775675,4.098314266449877,0.5173028428940016,1.9331036234125352
2332,2.33279843775675,4.098832102048831,0.5178981460386122,1.9308815983393084
2333,2.33379843775675,4.099350967044182,0.5184933277082112,1.9286651275149347
2334,2.33479843775675,4.099870800202217,0.5190892900066028,1.926450842372957
2335,2.33579843775675,4.1003891550965585,0.5196856798373917,1.9242400527813224
2336,2.33679843775675,4.100908637924831,0.5202836206413852,1.9220286019522184
2337,2.3377984377567502,4.101428780543564,0.520881607756805,1.9198220576582368
2338,2.33879843775675,4.101950932935489,0.5214801780555084,1.9176184293884246
2339,2.33979843775675,4.102473049826849,0.5220797570673481,1.915416153304332
2340,2.34079843775675,4.102995880048175,0.5226801246842158,1.9132160431854253
2341,2.3417984377567502,4.103519286781959,0.523281565828344,1.9110170609909038
2342,2.34279843775675,4.104042510097456,0.5238841247601532,1.9088190550874664
2343,2.34379843775675,4.104567930460469,0.5244867284156114,1.906625936981926
2344,2.34479843775675,4.105093361573615,0.5250904361061587,1.9044338484158332
2345,2.3457984377567502,4.105619832927429,0.5256956970235852,1.9022411742417882
2346,2.34679843775675,4.10614698367452,0.5263019016892265,1.9000501362248263
2347,2.34779843775675,4.10667526576837,0.526909116991832,1.8978604995660036
2348,2.34879843775675,4.107204622691302,0.5275167487812807,1.8956744071354983
2349,2.3497984377567502,4.107734679977571,0.528125299122239,1.8934900518154152
2350,2.35079843775675,4.108262357365473,0.5287352648221537,1.8913056618918007
2351,2.35179843775675,4.108793003423187,0.529345596040259,1.8891250016632721
2352,2.35279843775675,4.109324416571438,0.5299570685221894,1.8869453006609531
2353,2.3537984377567502,4.109853384206703,0.5305707975228767,1.8847626078721056
2354,2.35479843775675,4.110385445899362,0.531187027723609,1.8825760943099066
2355,2.35579843775675,4.110918246282859,0.5318050635534044,1.880388263545706
2356,2.35679843775675,4.11145044370534,0.532424341362916,1.8782011307750686
2357,2.3577984377567502,4.11198505133974,0.5330445125468597,1.8760159357462487
2358,2.35879843775675,4.112518840209314,0.5336670382031071,1.873827552413706
2359,2.35979843775675,4.113052924248938,0.5342908059511432,1.8716399175535174
2360,2.36079843775675,4.113586819978197,0.5349160250549351,1.8694523124396984
2361,2.36179843775675,4.114121902496592,0.5355436552353945,1.8672614085222556
2362,2.36279843775675,4.1146577457601285,0.5361737764431704,1.865066968835599
2363,2.36379843775675,4.1151923249857285,0.5368067755698442,1.8628676937589985
2364,2.36479843775675,4.115729500648983,0.5374414790645909,1.860667698631087
2365,2.36579843775675,4.116266101211369,0.5380784520062527,1.8584650551819153
2366,2.36679843775675,4.11680568700791,0.538718111209538,1.856258364425107
2367,2.36779843775675,4.1173462174336395,0.5393597651172495,1.8540500509573858
2368,2.36879843775675,4.117884852328815,0.5400044340692217,1.8518366459780082
2369,2.36979843775675,4.118425139273057,0.5406528694487441,1.8496156341861487
2370,2.37079843775675,4.1189654618673135,0.5413057276845881,1.8473848489973623
2371,2.37179843775675,4.119507212079442,0.54196248735263,1.845146155566568
2372,2.37279843775675,4.12004721937213,0.5426232253901749,1.8428993695965499
2373,2.37379843775675,4.120590713669962,0.5432879592423719,1.8406445108677245
2374,2.37479843775675,4.121134228103322,0.5439573980883691,1.8383792618949621
2375,2.37579843775675,4.12167849382563,0.5446309004744201,1.8361058822202605
2376,2.37679843775675,4.122224579995074,0.5453083842802919,1.8338247289555587
2377,2.37779843775675,4.1227683453093125,0.545990445991853,1.831533880017603
2378,2.37879843775675,4.123314069788384,0.5466766803228916,1.8292347853750692
2379,2.37979843775675,4.123859990967902,0.5473657209226755,1.8269320890506888
2380,2.38079843775675,4.124408377584135,0.548059696162501,1.8246187541283778
2381,2.38179843775675,4.124956911397875,0.5487587399210326,1.8222944387981899
2382,2.38279843775675,4.125504276412185,0.5494626004813091,1.8199600830412053
2383,2.38379843775675,4.126051862461767,0.5501710753082468,1.8176164558264454
2384,2.38479843775675,4.126603110556548,0.5508848330212549,1.8152614485964924
2385,2.38579843775675,4.127153124543656,0.5516034289074074,1.8128966347811821
2386,2.38679843775675,4.127705487143846,0.5523272618438108,1.810520807286865
2387,2.38779843775675,4.128258268479672,0.5530564832803729,1.808133581706967
2388,2.38879843775675,4.128810990781183,0.5537920857888932,1.8057318363000268
2389,2.38979843775675,4.129365033450077,0.5545337298948521,1.8033168157140145
2390,2.39079843775675,4.129918913483392,0.5552800523495156,1.8008930732677568
2391,2.39179843775675,4.130473917351808,0.5560316354583863,1.798458821817955
2392,2.39279843775675,4.131029296870261,0.5567881661273836,1.7960151828572037
2393,2.39379843775675,4.131585954909356,0.5575500523358452,1.7935609472378655
2394,2.39479843775675,4.132141634261273,0.5583176324676853,1.7910951434224651
2395,2.39579843775675,4.132700180824532,0.5590902244998294,1.7886200762937954
2396,2.39679843775675,4.133259650569649,0.55986901172855,1.7861320756306578
2397,2.39779843775675,4.133821605536182,0.5606537695237543,1.7836319924317052
2398,2.39879843775675,4.134381887267234,0.5614438105001578,1.7811221377775237
2399,2.39979843775675,4.134941841639454,0.5622385362689114,1.7786045165742836
2400,2.40079843775675,4.135503445631525,0.56303775799421,1.7760798202281196
2401,2.40179843775675,4.1360663411467105,0.5638414828776783,1.77354811656691
2402,2.40279843775675,4.136629557593813,0.5646495279431143,1.7710100699858287
2403,2.40379843775675,4.137195198437498,0.5654613973968454,1.7684673164314908
2404,2.40479843775675,4.137760785213525,0.566277034809119,1.76592010364164
2405,2.40579843775675,4.138328431997549,0.5670967303483447,1.7633675993612945
2406,2.40679843775675,4.138896648354502,0.5679208672984238,1.7608086928676503
2407,2.40779843775675,4.1394651896004415,0.5687489506410246,1.7582450022508556
2408,2.40879843775675,4.140033412907979,0.5695808648710067,1.7556769576984834
2409,2.40979843775675,4.1406030124682465,0.5704160477343951,1.7531063580203368
2410,2.41079843775675,4.14117276321679,0.57125439956143,1.7505335639738293
2411,2.41179843775675,4.14174342021427,0.5720954330852338,1.7479601167363534
2412,2.41279843775675,4.142315987403111,0.5729388327322779,1.7453870166752665
2413,2.41379843775675,4.142888490380923,0.5737854964494102,1.742811566670836
2414,2.41479843775675,4.143461757819794,0.5746337300689015,1.7402389516537689
2415,2.41579843775675,4.1440361256772675,0.5754836383775697,1.7376688637391093
2416,2.41679843775675,4.14461144059962,0.5763347687716772,1.735102676750296
2417,2.41779843775675,4.145189086998282,0.5771866434591693,1.7325418239182468
2418,2.41879843775675,4.145766469661369,0.578038919845936,1.7299873168860822
2419,2.41979843775675,4.146344756403063,0.5788905400745425,1.7274422896446573
2420,2.42079843775675,4.146923225706096,0.5797416366409052,1.7249062975606235
2421,2.42179843775675,4.147504796081665,0.5805933765051632,1.7223758321519658
2422,2.42279843775675,4.1480865263140165,0.5814441622382417,1.7198556025578577
2423,2.42379843775675,4.148668425270686,0.5822941920328112,1.717344966998489
2424,2.42479843775675,4.149249856740573,0.5831442669750255,1.714841518012947
2425,2.42579843775675,4.149834189597525,0.5839924609279251,1.7123508724942555
2426,2.42679843775675,4.150419090805433,0.5848388860524836,1.7098726227829177
2427,2.42779843775675,4.151004196080527,0.5856834865000001,1.7074068554944648
2428,2.42879843775675,4.151588932214015,0.5865253862607785,1.7049560401387025
2429,2.42979843775675,4.152177317576213,0.5873652185381818,1.7025182432299484
2430,2.43079843775675,4.152765129270104,0.5882028970682441,1.7000936326295901
2431,2.43179843775675,4.153354690163672,0.5890383515917715,1.6976823279803048
2432,2.43279843775675,4.153944471349304,0.5898717580603791,1.6952837397881326
2433,2.43379843775675,4.154535613052348,0.5907027585755557,1.6928988149834279
2434,2.43479843775675,4.155128024531484,0.591531685576702,1.6905265168087658
2435,2.43579843775675,4.155721742282089,0.5923577059917821,1.6881691415252278
2436,2.43679843775675,4.156316242334881,0.5931816055759842,1.685824359015637
2437,2.43779843775675,4.156910518249281,0.5939591039849629,1.6836175980649954
2438,2.43879843775675,4.157505530154294,0.5947336685868624,1.6814249012941958
2439,2.43979843775675,4.158101323182275,0.5955059219861335,1.6792444257561645
2440,2.44079843775675,4.1586978909729675,0.5962758287683652,1.6770761982177702
2441,2.44179843775675,4.159295230024658,0.5970433899544847,1.6749201428663911
2442,2.44279843775675,4.159893336743333,0.5978086053918048,1.6727761878646732
2443,2.44379843775675,4.160492207537242,0.5985714749593478,1.670644261936998
2444,2.44479843775675,4.161091838814465,0.5993319985366965,1.6685242944504173
2445,2.44579843775675,4.161692226982961,0.6000901760046915,1.6664162154059026
2446,2.44679843775675,4.162293368450579,0.6008460072454183,1.6643199554316843
2447,2.44779843775675,4.16289525962505,0.6015994921422033,1.6622354457766473
2448,2.44879843775675,4.163497896913994,0.6023506305796201,1.660162618303788
2449,2.44979843775675,4.1641012767249235,0.6030994224434861,1.6581014054837795
2450,2.45079843775675,4.164705395465241,0.6038458676208626,1.6560517403886106
2451,2.45179843775675,4.165310249542243,0.6045899660000543,1.6540135566853091
2452,2.45279843775675,4.165915835363125,0.6053317174706125,1.6519867886297361
2453,2.45379843775675,4.166522149334981,0.6060711219233315,1.6499713710604758
2454,2.45479843775675,4.167129187864804,0.6068081792502509,1.647967239392788
2455,2.45579843775675,4.167736947359492,0.6075428893446545,1.64597432961265
2456,2.45679843775675,4.168345424225845,0.6082752521010714,1.6439925782708638
2457,2.45779843775675,4.168954614870573,0.6090052674152748,1.6420219224772479
2458,2.45879843775675,4.1695645157002925,0.6097329351842837,1.6400622998948928
2459,2.45979843775675,4.170175123121533,0.6104582553063613,1.6381136487344992
2460,2.46079843775675,4.170786433540735,0.6111812276810155,1.6361759077487812
2461,2.46179843775675,4.171398443364255,0.6119018522089994,1.6342490162269405
2462,2.4627984377567502,4.172011148998369,0.612620128792312,1.6323329139892104
2463,2.46379843775675,4.172624546849268,0.613336057334196,1.630427541381474
2464,2.46479843775675,4.173238633323069,0.6140496377391402,1.6285328392699399
2465,2.46579843775675,4.173853404825809,0.6147608699128781,1.626648749035892
2466,2.4667984377567502,4.1744688577634514,0.6154697537623891,1.6247752125705015
2467,2.46779843775675,4.1750849885418875,0.6161762891958963,1.6229121722697082
2468,2.46879843775675,4.1757017935669385,0.6168804761228696,1.6210595710291553
2469,2.46979843775675,4.176319269244357,0.6175823144540236,1.6192173522391984
2470,2.4707984377567502,4.176937411979827,0.6182818041013185,1.6173854597799695
2471,2.47179843775675,4.1775562181789745,0.6189789449779591,1.6155638380165072
2472,2.47279843775675,4.178175684247355,0.6196737369983968,1.613752431793938
2473,2.47379843775675,4.178795806590472,0.6203661800783271,1.61195118643273
2474,2.4747984377567502,4.179416581613766,0.6210562741346922,1.6101600477239908
2475,2.47579843775675,4.180038005722621,0.6217440190856786,1.6083789619248374
2476,2.47679843775675,4.180660075322372,0.6224294148507191,1.6066078757538087
2477,2.47779843775675,4.181282786818297,0.6231124613504919,1.604846736386346
2478,2.4787984377567502,4.181906136615628,0.6237931585069205,1.6030954914503215
2479,2.47979843775675,4.182530121119547,0.6244715062431736,1.6013540890216262
2480,2.48079843775675,4.183154736735189,0.6251475044836661,1.599622477619805
2481,2.48179843775675,4.1837799798676505,0.6258211531540582,1.5979006062037509
2482,2.4827984377567502,4.184405846921983,0.6264924521812557,1.5961884241674498
2483,2.48379843775675,4.185032334303197,0.6271614014934095,1.5944858813357767
2484,2.48479843775675,4.185659438416271,0.6278280010199169,1.5927929279603388
2485,2.48579843775675,4.18628715566614,0.6284922506914199,1.5911095147153766
2486,2.4867984377567502,4.186915482457715,0.6291541504398072,1.589435592693706
2487,2.48779843775675,4.187544415195869,0.6298137001982116,1.587771113402718
2488,2.48879843775675,4.1881739502854485,0.6304708999010127,1.586116028760416
2489,2.48979843775675,4.188804084131274,0.631125749483835,1.5844702910915107
2490,2.49079843775675,4.18943481313814,0.631778248883549,1.5828338531235546
2491,2.49179843775675,4.190066133710815,0.6324283980382706,1.581206667983126
2492,2.49279843775675,4.19069804225405,0.6330761968873605,1.5795886891920596
2493,2.49379843775675,4.19133053517258,0.6337216453714264,1.577979870663715
2494,2.49479843775675,4.191963608871115,0.63436474343232,1.5763801666993011
2495,2.49579843775675,4.192597259754358,0.63500549101314,1.5747895319842318
2496,2.49679843775675,4.193231484226994,0.6356438880582291,1.5732079215845358
2497,2.49779843775675,4.193866278693704,0.6362799345131761,1.571635290943301
2498,2.49879843775675,4.194501639559151,0.6369136303248157,1.5700715958771616
2499,2.49979843775675,4.195137563228002,0.6375449754412277,1.568516792572833
2500,2.50079843775675,4.195774046104909,0.6381739698117369,1.5669708375836808
2501,2.50179843775675,4.196411084594532,0.6388006133869135,1.5654336878263335
2502,2.50279843775675,4.197048675101523,0.6394249061185733,1.5639053005773325
2503,2.50379843775675,4.197686814030541,0.640046847959778,1.5623856334698212
2504,2.50479843775675,4.198325497786244,0.6406664388648333,1.5608746444902795
2505,2.50579843775675,4.198964722773301,0.6412836787892908,1.5593722919752868
2506,2.50679843775675,4.199604485396382,0.641898567689948,1.5578785346083266
