,Q,V,dVdQ,dQdV
0,7.198599563962227e-07,2.8353029156310394,8.608912785857392,0.11615868633758107
1,0.0010007198599563962,2.8441778684141017,8.478903707590787,0.11793977552837925
2,0.0020007198599563962,2.852909352359465,8.350095370649909,0.11975911119709373
3,0.0030007198599563962,2.8614987895799837,8.222487859368456,0.12161769249201504
4,0.004000719859956397,2.869947602289508,8.09608125721287,0.1235165468613709
5,0.005000719859956397,2.8782572128018096,7.970875646782176,0.12545673076755345
6,0.006000719859956397,2.8864290435295006,7.846871109807824,0.12743933040394884
7,0.007000719859956397,2.894464516982961,7.724067727153518,0.129465462412319
8,0.008000719859956396,2.9023650557692533,7.60246557881506,0.1315362745984129
9,0.009000719859956397,2.910132082591049,7.482064743920187,0.13365294664318228
10,0.010000719859956396,2.917767020245546,7.3628653007284175,0.13581669080664407
11,0.011000719859956397,2.925271291623395,7.244867326630894,0.13802875262106884
12,0.012000719859956396,2.9326463197076165,7.128070898150223,0.14029041156977073
13,0.013000719859956397,2.93989352757252,7.012476090940337,0.1426029817473367
14,0.014000719859956396,2.947014338382629,6.89808297978633,0.1449678124966504
15,0.015000719859956397,2.9540101753915984,6.784891638604316,0.14738628901753612
16,0.016000719859956398,2.9608824619411354,6.672902140441277,0.14985983294127408
17,0.017000719859956395,2.967632621459919,6.562114557474925,0.15238990286460283
18,0.018000719859956396,2.9742620774625217,6.452528961013552,0.15497799483613967
19,0.019000719859956397,2.980772253548326,6.344145421495895,0.15762564278739508
20,0.020000719859956398,2.9871645734004444,6.236964008490988,0.1603344188997407
21,0.021000719859956395,2.9934404607846417,6.130984790698028,0.16310593389779843
22,0.022000719859956396,2.999601339548252,6.0262078359462485,0.16594183725875059
23,0.023000719859956397,3.0056486336190953,5.922633211194757,0.16884381732602224
24,0.024000719859956398,3.011583767004401,5.820260982532442,0.17181360131464277
25,0.025000719859956395,3.0174081637897214,5.719091215177809,0.1748529551943699
26,0.026000719859956396,3.0231232481378547,5.619123973478862,0.1779636834353183
27,0.027000719859956397,3.0287304442877607,5.520359320912981,0.1811476285994035
28,0.028000719859956398,3.034231176553478,5.422797320086795,0.18440667075936268
29,0.029000719859956395,3.0396268693230453,5.326438032736055,0.18774272672544837
30,0.030000719859956396,3.044918947057415,5.231281519725508,0.19115774905810676
31,0.031000719859956397,3.050108834289375,5.137327841048787,0.19465372484304014
32,0.032000719859956395,3.0551979556224618,5.044577055828288,0.1982326742030123
33,0.033000719859956396,3.060187735729883,4.953029222315047,0.20189664851858066
34,0.034000719859956396,3.065079599353428,4.862684397888639,0.20564772832762837
35,0.0350007198599564,3.0698749713023923,4.773542639057051,0.2094880208711274
36,0.0360007198599564,3.0745752764524887,4.685604001456574,0.2134196572499807
37,0.0370007198599564,3.0791819397447653,4.598868539851704,0.2174447891550834
38,0.0380007198599564,3.0836963861845246,4.513336308135021,0.22156558512990918
39,0.039000719859956394,3.0881200408402383,4.42900735932709,0.22578422632197487
40,0.040000719859956395,3.0924543288424613,4.345881745576351,0.2301029016764882
41,0.041000719859956396,3.096700675382753,4.263959518159025,0.2345238025223449
42,0.0420007198599564,3.1008605057125895,4.183240727479011,0.2390491164974482
43,0.0430007198599564,3.1049352451422805,4.103725423067778,0.24368102075709558
44,0.0440007198599564,3.1089263190398864,4.025413653584281,0.24842167440595497
45,0.0450007198599564,3.1128351528301303,3.9483054668148623,0.25327321009098874
46,0.0460007198599564,3.11666317199332,3.8724009096731455,0.258237724689618
47,0.047000719859956394,3.120411802064258,3.7977000281999658,0.2633172690245312
48,0.048000719859956395,3.1240824686311575,3.7242028675632617,0.26851383653390987
49,0.049000719859956396,3.1276765973345615,3.6519094720579974,0.273829350823546
50,0.0500007198599564,3.1311956138662533,3.580819885106068,0.27926565202549386
51,0.0510007198599564,3.1346409439681757,3.5109341492562245,0.2848244818866356
52,0.0520007198599564,3.1380140134313415,3.4422523061839847,0.2905074675100097
53,0.0530007198599564,3.141316248094752,3.3747743966915538,0.29631610367209904
54,0.0540007198599564,3.1445490738443107,3.308500460707747,0.30225173364070873
55,0.055000719859956394,3.1477139166117376,3.243430537287912,0.30831552842077475
56,0.056000719859956395,3.150812202373484,3.1795646646138467,0.3145084643596794
57,0.057000719859956396,3.153845357149647,3.116902879993735,0.32083129904965474
58,0.0580007198599564,3.1568148070028834,3.055445219862072,0.3272845454729317
59,0.0590007198599564,3.159721978037325,2.99519171977959,0.3338684443457222
60,0.0600007198599564,3.1625682963974926,2.936142414433194,0.34058293463024836
61,0.0610007198599564,3.1653551882672084,2.878297337635896,0.34742762220019807
62,0.0620007198599564,3.168084079868512,2.821656522326743,0.35440174666454377
63,0.0630007198599564,3.1707563974605764,2.7662200005707662,0.36150414637796907
64,0.0640007198599564,3.173373567338616,2.7119878035589067,0.3687332216935905
65,0.0650007198599564,3.1759370158328046,2.658959961607967,0.37608689654554434
66,0.0660007198599564,3.178448169307189,2.607136504160546,0.383562578485695
67,0.0670007198599564,3.1809084541586023,2.5565174597849856,0.3911571173404403
68,0.0680007198599564,3.1833192968155766,2.5071028561753197,0.398866762700569
69,0.0690007198599564,3.185682123737405,2.458892720149958,0.40668712050967964
70,0.0700007198599564,3.1876110645428666,2.416190677399943,0.4138746206388386
71,0.0710007198599564,3.1894987734217835,2.3778887732078062,0.4205411166692148
72,0.0720007198599564,3.191513699744601,2.3408762140750845,0.4271904656842844
73,0.0730007198599564,3.1935911829490307,2.305123340004229,0.4338162659869495
74,0.0740007198599564,3.195704636481221,2.270599867702842,0.44041225150413515
75,0.07500071985995639,3.197838840118347,2.2372753280845514,0.4469722556928889
76,0.07600071985995639,3.1999833348724365,2.2051183228510696,0.4534904044092597
77,0.07700071985995639,3.2021313060096244,2.17409703602857,0.4599610704712165
78,0.0780007198599564,3.2042769449656103,2.1441789628459897,0.46637898110551845
79,0.0790007198599564,3.20641613452934,2.115331557718555,0.47273912987831007
80,0.0800007198599564,3.208546002170828,2.087521584348931,0.47903696301750387
81,0.0810007198599564,3.2106646596486637,2.0607153474654245,0.48526838082219814
82,0.0820007198599564,3.212769580731704,2.034878812052174,0.49142975693550056
83,0.0830007198599564,3.2148601447591685,2.0099779664294,0.4975178915898453
84,0.0840007198599564,3.216935670727275,1.9859786251200315,0.5035300920922855
85,0.0850007198599564,3.2189950003995715,1.9628459726420904,0.5094643257483669
86,0.0860007198599564,3.221037546746616,1.9405453409801514,0.5153190594840259
87,0.0870007198599564,3.223062968111511,1.9190419013740712,0.521093363977087
88,0.0880007198599564,3.225071269628308,1.898301187921337,0.5267867956691384
89,0.0890007198599564,3.2270621006950817,1.8782882671133585,0.532399641476144
90,0.0900007198599564,3.229035604565032,1.8589680266781412,0.5379328668642769
91,0.09100071985995639,3.230991191929476,1.8403058704938384,0.5433879313397257
92,0.09200071985995639,3.2329285706409454,1.8222676623730265,0.5487668033892243
93,0.0930007198599564,3.234848762112111,1.8048192413592181,0.5540721071030333
94,0.0940007198599564,3.2367515131771833,1.787926766659058,0.5593070245648889
95,0.0950007198599564,3.2386363402189575,1.7715568290650616,0.5644752590453164
96,0.0960007198599564,3.2405030716588596,1.7556759103773452,0.5695812046456065
97,0.0970007198599564,3.2423520934619754,1.740251194912564,0.5746296873252503
98,0.0980007198599564,3.2441833474206567,1.7252499409979507,0.5796261609616759
99,0.0990007198599564,3.2459970545503327,1.7106404571052238,0.5845763765532693
100,0.1000007198599564,3.2477928241882417,1.6963913096450336,0.5894866321905693
101,0.1010007198599564,3.2495713638524952,1.6824719561586936,0.5943635472433861
102,0.1020007198599564,3.2513317913211663,1.668852669977287,0.5992140696360032
103,0.1030007198599564,3.253074569542113,1.655504232334173,0.604045571414851
104,0.1040007198599564,3.2548004521494054,1.6423980920869623,0.6088657827952784
105,0.1050007198599564,3.2565084383016782,1.6295064552346847,0.6136827484098417
106,0.1060007198599564,3.2581992694862776,1.616802321671388,0.6185048020998872
107,0.10700071985995639,3.2598734097821236,1.6042595280746126,0.623340539669521
108,0.10800071985995639,3.2615297896956243,1.591853177805477,0.6281986391349209
109,0.1090007198599564,3.2631696188782797,1.5795589649078332,0.6330881101727973
110,0.1100007198599564,3.2647919739811564,1.5673535481530392,0.6380181428615098
111,0.1110007198599564,3.266398729248731,1.555215051078087,0.6429978923537245
112,0.1120007198599564,3.26798851442333,1.5431222655066907,0.6480367903133364
113,0.1130007198599564,3.269560785641337,1.5310549359612304,0.6531444277485561
114,0.1140007198599564,3.2711172245483797,1.5189941196050654,0.6583303958148288
115,0.1150007198599564,3.272657543271607,1.506922061076619,0.6636043268790895
116,0.1160007198599564,3.274181652400782,1.494822374390864,0.6689758041703766
117,0.1170007198599564,3.275690185116639,1.4826800992744478,0.6744543212587475
118,0.1180007198599564,3.2771823901405157,1.4704812222046104,0.680049486453663
119,0.1190007198599564,3.2786590828151145,1.4582127844690451,0.6857709729681964
120,0.1200007198599564,3.28012014942037,1.4458634399370265,0.6916282495140442
121,0.1210007198599564,3.2815661616167846,1.4334235400668873,0.6976305132768625
122,0.1220007198599564,3.2829972061057737,1.4208842120232674,0.7037871147685218
123,0.12300071985995639,3.284413258814561,1.4082381580119379,0.7101071607175715
124,0.1240007198599564,3.2858141114699917,1.3954793644665715,0.7165996326876927
125,0.1250007198599564,3.287200689932319,1.3826030968174845,0.7232733691265618
126,0.1260007198599564,3.288572581511135,1.3696063362218267,0.730136809061926
127,0.1270007198599564,3.289929780542239,1.3564871716132931,0.7371982728083474
128,0.1280007198599564,3.2912729798485243,1.3432453943056502,0.7444656086216619
129,0.1290007198599564,3.292601650412311,1.3298824065175625,0.7519461834363277
130,0.1300007198599564,3.2939163443927093,1.316400658494127,0.7596471435557713
131,0.1310007198599564,3.2952170998164276,1.3028040058702535,0.7675751651776777
132,0.1320007198599564,3.2965036855549608,1.2890981597218398,0.77573611633716
133,0.1330007198599564,3.29777673355794,1.2752899673396345,0.7841353932126407
134,0.1340007198599564,3.299036031156924,1.2613877550389885,0.7927776340028692
135,0.1350007198599564,3.3002823146114646,1.2474014933737552,0.801666508587683
136,0.1360007198599564,3.301515073244348,1.2333419322113128,0.810805157825986
137,0.1370007198599564,3.3027341883098007,1.219221543994312,0.8201954804078374
138,0.1380007198599564,3.3039401956963865,1.205053829021364,0.8298384486376926
139,0.1390007198599564,3.305133472693115,1.190861848699105,0.8397279676835713
140,0.1400007198599564,3.3063135057983555,1.1769805540144973,0.8496317093678021
141,0.1410007198599564,3.3074801516867858,1.1634497822965968,0.8595128171548975
142,0.1420007198599564,3.308634848315019,1.1501848659517686,0.8694254546398575
143,0.1430007198599564,3.3097770571412397,1.1371425413924479,0.8793972291068147
144,0.1440007198599564,3.310906693474087,1.1242949196210814,0.8894463388103077
145,0.1450007198599564,3.3120240790766746,1.1116222089908838,0.8995862010599689
146,0.1460007198599564,3.3131290764405947,1.099109537651726,0.9098274246045795
147,0.14700071985995639,3.314222309758943,1.0867452526136891,0.9201788529509916
148,0.1480007198599564,3.3153029536967056,1.074521020411167,0.9306472195558804
149,0.1490007198599564,3.316371856391695,1.0624299877139922,0.941238492478623
150,0.1500007198599564,3.317428896576912,1.050467049222443,0.9519575133177202
151,0.1510007198599564,3.31847447648454,1.038628125038082,0.9628085123954585
152,0.1520007198599564,3.319508231748673,1.026909942682015,0.9737952262768697
153,0.1530007198599564,3.320530047911974,1.0153100737956648,0.9849207900218805
154,0.1540007198599564,3.3215408836555342,1.0038260255213318,0.9961885571562614
155,0.1550007198599564,3.322540251610558,0.9924561729091234,1.007601168995467
156,0.1560007198599564,3.323528225242562,0.9811992525333427,1.0191609883702173
157,0.1570007198599564,3.3245047613994068,0.9700538785193068,1.0308705754843257
158,0.1580007198599564,3.3254704136180755,0.9590187932308074,1.0427324334605919
159,0.1590007198599564,3.32642554640961,0.9480929661301879,1.0547488861579473
160,0.1600007198599564,3.3273699763542774,0.9372753119952321,1.0669223729698398
161,0.1610007198599564,3.3283031583195783,0.9265649175468206,1.0792551941720463
162,0.1620007198599564,3.329225555467439,0.915960913784001,1.0917496423169613
163,0.1630007198599564,3.3301374435628537,0.9054624523988102,1.104408026363473
164,0.1640007198599564,3.3310382027351375,0.8950686836221792,1.1172326976664886
165,0.1650007198599564,3.3319293180403307,0.8847791490963037,1.1302255495299371
166,0.1660007198599564,3.3328099970322795,0.87459303956773,1.1433889303466818
167,0.1670007198599564,3.3336809850309823,0.8645098443945266,1.1567248267720607
168,0.1680007198599564,3.334541619880076,0.8545288146013329,1.1702355531059938
169,0.1690007198599564,3.3353927202204354,0.8446496423264037,1.1839228360361551
170,0.1700007198599564,3.3362336684979628,0.8348722127470316,1.1977880982643299
171,0.1710007198599564,3.337064741483423,0.8251957106684481,1.2118337347996537
172,0.1720007198599564,3.337885815676784,0.8156199753840603,1.2260611929337786
173,0.1730007198599564,3.3386972951338447,0.8061451528582207,1.2404713920991262
174,0.1740007198599564,3.3394992046522667,0.7967708969076746,1.2550659215604791
175,0.1750007198599564,3.3402919992752054,0.7874970820417988,1.2698459750571138
176,0.1760007198599564,3.341075563797316,0.7783236775079936,1.2848125129660208
177,0.1770007198599564,3.3418494604043323,0.769250780374024,1.2999661820476562
178,0.1780007198599564,3.342614588403348,0.7602783233512095,1.3153077883269486
179,0.1790007198599564,3.3433707564076776,0.751406128868814,1.330838226599809
180,0.1800007198599564,3.3441177429076423,0.7426348117018932,1.3465568597684023
181,0.1810007198599564,3.344856192873371,0.7339643807113518,1.3624639373246
182,0.1820007198599564,3.345585944285847,0.7253950679351724,1.3785591386035847
183,0.1830007198599564,3.346307547806251,0.7169274523735811,1.3948412725572596
184,0.1840007198599564,3.3470206939165035,0.7085614938830583,1.4113101101780179
185,0.1850007198599564,3.347725482858335,0.7002975092444866,1.4279645247901085
186,0.1860007198599564,3.348421734229912,0.6921355979183912,1.4448035948555686
187,0.1870007198599564,3.3491097274795547,0.6840762749510592,1.461825291443623
188,0.1880007198599564,3.34978987001352,0.6761198904670369,1.4790276311931003
189,0.1890007198599564,3.3504622392576158,0.6682669468264524,1.4964079919692603
190,0.1900007198599564,3.351126099429074,0.6605173969221754,1.5139646656692431
191,0.1910007198599564,3.3517824437360337,0.6528716422739044,1.5316946475375663
192,0.1920007198599564,3.3524312135387184,0.6453298764095295,1.5495950777357084
193,0.1930007198599564,3.3530723283925545,0.637892274050186,1.5676628181286378
194,0.1940007198599564,3.3537063780011627,0.6305592052454553,1.5858939044601434
195,0.1950007198599564,3.3543327893499764,0.6233309734467555,1.604284148548603
196,0.1960007198599564,3.3549523461035466,0.6162078170770331,1.6228291370003645
197,0.1970007198599564,3.3555647476304706,0.6091898323932098,1.6415244425066775
198,0.1980007198599564,3.3561697600086235,0.6022772887399399,1.660364783291363
199,0.1990007198599564,3.356767951854865,0.5954705026681736,1.6793443092801708
200,0.2000007198599564,3.3573597073844743,0.5887695419266837,1.698457424831471
201,0.2010007198599564,3.3579441677605506,0.5821746724844505,1.7176975352302177
202,0.2020007198599564,3.358522222332534,0.5756859413266613,1.7370582260451108
203,0.2030007198599564,3.3590938312534266,0.5693036639755192,1.7565318182160887
204,0.2040007198599564,3.359658517449383,0.5630277092307889,1.7761115192113806
205,0.2050007198599564,3.3602173966712345,0.556857541592754,1.7957914283422398
206,0.2060007198599564,3.360770086079647,0.550793463860754,1.8155625758347957
207,0.2070007198599564,3.3613172072209583,0.5448356950552927,1.8354157208780435
208,0.2080007198599564,3.3618581024073513,0.5389842013685876,1.8553419515095284
209,0.2090007198599564,3.362393336557898,0.5332388035070795,1.8753323903344246
210,0.21000071985995641,3.362922406786145,0.5275995776169256,1.895376801696514
211,0.2110007198599564,3.3634465370595548,0.5220664240068497,1.9154650711398358
212,0.2120007198599564,3.3639648168429805,0.5166392043364528,1.9355867530114232
213,0.2130007198599564,3.364477643432272,0.5113174594201876,1.9557321612564487
214,0.2140007198599564,3.364984730259552,0.5061011832702578,1.9758894724140579
215,0.2150007198599564,3.365486522270472,0.5009902310136948,1.9960469048999572
216,0.2160007198599564,3.3659837761847053,0.4959841688575983,2.016193384364067
217,0.2170007198599564,3.3664751660517576,0.49108253543907904,2.036317579703574
218,0.2180007198599564,3.3669626050908676,0.4862853493443141,2.056405773582026
219,0.2190007198599564,3.367445151332053,0.4815918867026071,2.0764469410954187
220,0.2200007198599564,3.3679228641170043,0.47700179026506917,2.0964281904357245
221,0.2210007198599564,3.3683963607862544,0.4725147664949576,2.1163359770062793
222,0.2220007198599564,3.368865210098908,0.46813020952241857,2.1361578032321162
223,0.2230007198599564,3.369329803567935,0.46384750382550205,2.1558809560311807
224,0.2240007198599564,3.3697901990049814,0.45966613058398137,2.1754920222848555
225,0.2250007198599564,3.3702460162523185,0.45558524955347546,2.1949788782233663
226,0.2260007198599564,3.3706980481224966,0.45160414816735783,2.2143286417055115
227,0.2270007198599564,3.3711462694411263,0.44772276787453263,2.2335250109063796
228,0.2280007198599564,3.371590170393641,0.443940073585539,2.2525562784259856
229,0.2290007198599564,3.3720307778682863,0.4402548408203825,2.271411708129259
230,0.2300007198599564,3.372467883979452,0.43666633247175773,2.2900780885475687
231,0.2310007198599564,3.3729017107052752,0.4331737169034245,2.3085426492368386
232,0.2320007198599564,3.373331531197676,0.4297761364567323,2.326792753651819
233,0.2330007198599564,3.373757968015738,0.4264728011141669,2.3448154193830986
234,0.2340007198599564,3.3741811508101947,0.4232629508443029,2.3625975247898547
235,0.2350007198599564,3.3746012853650686,0.4201454237272599,2.3801282687519083
236,0.2360007198599564,3.3750187759084675,0.4171191020672831,2.397396798765394
237,0.2370007198599564,3.3754332707906114,0.4141828294703229,2.414392700148503
238,0.2380007198599564,3.375844431488626,0.4113356033951341,2.431104897670109
239,0.2390007198599564,3.3762529840882207,0.40857624123009406,2.4475236175978217
240,0.2400007198599564,3.376658818337305,0.40590355535515604,2.4636394207609826
241,0.2410007198599564,3.3770626280534786,0.40331636276464033,2.479443167505606
242,0.24200071985995641,3.3774634089048488,0.4008136005305199,2.494925318592963
243,0.2430007198599564,3.3778617061273133,0.3983941227677337,2.5100771895247216
244,0.2440007198599564,3.3782580713923975,0.3960568539372062,2.524890025406674
245,0.2450007198599564,3.3786520440010146,0.3938002392489724,2.5393585384994393
246,0.2460007198599564,3.3790432292464545,0.3916227849977518,2.553477576657703
247,0.2470007198599564,3.3794333751649357,0.38952344097010516,2.5672395928458314
248,0.2480007198599564,3.3798213325116073,0.3875009106525483,2.5806390966049815
249,0.2490007198599564,3.380207090927806,0.3855535961363064,2.593673123584265
250,0.2500007198599564,3.380590237780235,0.3836803547414892,2.606336205755872
251,0.2510007198599564,3.3809720913450665,0.3818797743033953,2.618625199054196
252,0.2520007198599564,3.381352576510126,0.38015051737641686,2.630536995981046
253,0.2530007198599564,3.381731335956746,0.3784910044990976,2.6420707179644056
254,0.2540007198599564,3.3821086014327033,0.37689981632298064,2.653224959767716
255,0.2550007198599564,3.3824845392291456,0.37537543635727616,2.6639995672178625
256,0.2560007198599564,3.3828585651420866,0.37391641978957874,2.674394455752303
257,0.25700071985995643,3.3832316768872883,0.3725212064997109,2.684410934336368
258,0.25800071985995643,3.383603358645995,0.37118845196602107,2.694049329130371
259,0.2590007198599564,3.3839742859408046,0.3699166243156026,2.7033118661540003
260,0.2600007198599564,3.384343547931671,0.36870437205968953,2.7122000056948337
261,0.2610007198599564,3.384711828504108,0.3675502223696379,2.7207166235756484
262,0.2620007198599564,3.3850790545537257,0.3664524669996835,2.7288668792093675
263,0.2630007198599564,3.385445603169713,0.36540972548420025,2.736654035890565
264,0.2640007198599564,3.3858105727335643,0.3644206954929002,2.7440812565473043
265,0.2650007198599564,3.3861746205093906,0.36348394639036946,2.7511531387579735
266,0.2660007198599564,3.3865382076009016,0.36259770178834294,2.757877380545904
267,0.2670007198599564,3.3869006810682905,0.3617604537360435,2.7642601331146177
268,0.2680007198599564,3.387262285544512,0.3609710141322414,2.770305539362922
269,0.2690007198599564,3.3876232789443033,0.36022781836871876,2.776021031713961
270,0.2700007198599564,3.387983428519883,0.3595294464127675,2.7814133445189992
271,0.2710007198599564,3.3883431859240405,0.3588746645159052,2.786488149975492
272,0.2720007198599564,3.3887017932086483,0.35826174772827246,2.7912552940440096
273,0.2730007198599564,3.3890602648644816,0.35768937257327255,2.795721865611622
274,0.2740007198599564,3.3894187527018116,0.35715611537438263,2.799896059323435
275,0.2750007198599564,3.389776359489157,0.3566605958078878,2.803786041277858
276,0.2760007198599564,3.390133779326858,0.3562014960462604,2.807399775407256
277,0.2770007198599564,3.390490742247441,0.3557774103778085,2.81074618801142
278,0.2780007198599564,3.390847017560226,0.3553868827728252,2.8138348613143167
279,0.2790007198599564,3.391203475905917,0.35502845755338075,2.816675617755638
280,0.2800007198599564,3.39155995986292,0.35470101006362004,2.8192758735607706
281,0.2810007198599564,3.391915537591385,0.35440289549904375,2.8216473756284484
282,0.2820007198599564,3.3922710795582063,0.3541328268047808,2.8237992196957777
283,0.2830007198599564,3.3926263463526554,0.35388990035205625,2.825737606541417
284,0.2840007198599564,3.3929808778402553,0.3536731089051813,2.8274697024480226
285,0.2850007198599564,3.3933358621231537,0.3534812950073425,2.829004007069817
286,0.2860007198599564,3.393690108623778,0.3533130588542201,2.830351086492414
287,0.2870007198599564,3.3940443047680624,0.35316730206109054,2.831519209632326
288,0.2880007198599564,3.3943987792114148,0.35304280662627585,2.8325177038901694
289,0.2890007198599564,3.3947528639099627,0.35293856426106535,2.8333543037260993
290,0.2900007198599564,3.3951062566271673,0.35285343631046134,2.8340378669860558
291,0.2910007198599564,3.395460057049398,0.35278640168691416,2.8345763760119804
292,0.2920007198599564,3.3958138339192003,0.352736610997022,2.8349764918743934
293,0.2930007198599564,3.396167195256606,0.35270296996293987,2.8352468937391557
294,0.2940007198599564,3.3965208769516755,0.3526845684076125,2.8353948246588936
295,0.2950007198599564,3.3968746525466957,0.35268021507450065,2.8354298235549127
296,0.2960007198599564,3.397227958389987,0.3526888308741628,2.8353605571274634
297,0.2970007198599564,3.3975813706220364,0.3527095275686545,2.835194180586322
298,0.2980007198599564,3.397934828045832,0.3527416483954291,2.8349360064195874
299,0.2990007198599564,3.3982883372945842,0.352784208306456,2.834593999545812
300,0.3000007198599564,3.398642217857361,0.35283644313517665,2.8341743588455963
301,0.3010007198599564,3.3989960886795902,0.35289758176232183,2.8336833451964676
302,0.3020007198599564,3.3993498687264547,0.3529668827896382,2.833126983745899
303,0.3030007198599564,3.3997038191194937,0.35304383325934624,2.832509467076286
304,0.3040007198599564,3.400057901617696,0.3531276900761905,2.8318368343877
305,0.3050007198599564,3.4004121847943267,0.35321756364638945,2.831116294661702
306,0.3060007198599564,3.4007662242645638,0.35331283306759526,2.830352895244769
307,0.3070007198599564,3.401120195287838,0.3534130020514631,2.8295506792202927
308,0.3080007198599564,3.4014742436047207,0.35351733906595084,2.828715566376912
309,0.3090007198599564,3.4018284243011254,0.3536250470709611,2.827853989085033
310,0.3100007198599564,3.40218295701576,0.35373587923114774,2.826967968795025
311,0.3110007198599564,3.402537416611084,0.3538489509018699,2.8260646172646755
312,0.3120007198599564,3.402892348137297,0.35396412568356633,2.8251450569145278
313,0.3130007198599564,3.403246505318491,0.35408110491771344,2.8242117020968815
314,0.3140007198599564,3.4036017393993987,0.3541987109375393,2.8232739677484138
315,0.3150007198599564,3.4039568886776426,0.3543167645951566,2.822333290220131
316,0.3160007198599564,3.4043121979670183,0.3544348789527669,2.8213927561380414
317,0.3170007198599564,3.404667476680703,0.3545525153021053,2.8204566512465017
318,0.3180007198599564,3.4050232720235805,0.35466930127824053,2.819527927553823
319,0.3190007198599564,3.4053790349340844,0.35478478740058444,2.8186101420152174
320,0.32000071985995643,3.405734840092604,0.3548988149587382,2.817704533942339
321,0.32100071985995643,3.4060905051301766,0.3550112700382651,2.816811984284934
322,0.32200071985995643,3.4064462302015173,0.355121448965263,2.815938048557065
323,0.3230007198599564,3.4068020547736992,0.3552290229373929,2.815085298298513
324,0.3240007198599564,3.4071579939436725,0.35533370042317264,2.8142560044518263
325,0.3250007198599564,3.407514347750012,0.35543513207061295,2.813452891317828
326,0.3260007198599564,3.4078706543195953,0.355533264412199,2.8126763374822152
327,0.3270007198599564,3.408226813473013,0.355627298750205,2.8119326146061883
328,0.3280007198599564,3.408583111771156,0.35571725945146904,2.811221478378761
329,0.3290007198599564,3.408939762874517,0.35580258364635176,2.8105473258562537
330,0.3300007198599564,3.4092963742702684,0.3558834104190294,2.809909005936988
331,0.3310007198599564,3.409653385851431,0.355959621445574,2.809307403853668
332,0.3320007198599564,3.4100101462802277,0.3560308694851695,2.808745212026215
333,0.3330007198599564,3.410366639085655,0.35609705387008533,2.8082231771702033
334,0.3340007198599564,3.4107231507648232,0.3561582233801053,2.807740870081674
335,0.3350007198599564,3.411079788406221,0.35621403008253355,2.80730099195785
336,0.3360007198599564,3.4114367081639,0.35626422370786537,2.8069054747972513
337,0.3370007198599564,3.411793355562441,0.35630896609573454,2.8065530063908524
338,0.3380007198599564,3.4121502332975493,0.3563480586447637,2.806245118334937
339,0.3390007198599564,3.4125067512437477,0.356381266947487,2.805983626932194
340,0.3400007198599564,3.412863427236911,0.35640860342865205,2.805768408450291
341,0.3410007198599564,3.4132202704996986,0.3564299875091952,2.805600075875215
342,0.3420007198599564,3.41357712170339,0.3564456104870806,2.805477106685383
343,0.3430007198599564,3.413934567391397,0.35645535183714555,2.805400437519232
344,0.3440007198599564,3.4142914363244756,0.3564588901899621,2.8053725899979254
345,0.3450007198599564,3.414648358975347,0.3564563700299528,2.805392424088173
346,0.3460007198599564,3.415004841785543,0.3564476778188383,2.8054608354279758
347,0.3470007198599564,3.4153615630533563,0.35643269333864974,2.8055787773931598
348,0.3480007198599564,3.415718413756611,0.35641165734621727,2.805744367189996
349,0.3490007198599564,3.41607534749575,0.35638446040529376,2.805958483326581
350,0.3500007198599564,3.4164319331817596,0.35635099083329774,2.8062220275060312
351,0.3510007198599564,3.416788746335937,0.35631126878585767,2.80653486881718
352,0.3520007198599564,3.4171451423915844,0.35626504365644457,2.806899014668207
353,0.3530007198599564,3.417501621216304,0.3562123473803905,2.807314253293203
354,0.3540007198599564,3.41785809436935,0.35615329671231255,2.807779709555133
355,0.3550007198599564,3.4182143681944095,0.3560874242460011,2.808299119570017
356,0.3560007198599564,3.4185711567644077,0.35601526832615377,2.8088682957380273
357,0.3570007198599564,3.4189273346017424,0.3559366228810258,2.8094889250389294
358,0.3580007198599564,3.4192837121382316,0.35585154435703786,2.810160629784049
359,0.3590007198599564,3.4196397097580133,0.3557601826068269,2.810882299060329
360,0.3600007198599564,3.419995475045048,0.355662828499978,2.811651710181633
361,0.3610007198599564,3.4203508845739363,0.35555943227522147,2.8124693348760554
362,0.3620007198599564,3.4207061375280796,0.3554499577949561,2.8133355429369815
363,0.3630007198599564,3.421061375776922,0.35533452678953215,2.814249459615021
364,0.3640007198599564,3.4214169848969527,0.3552130652915165,2.815211763619447
365,0.3650007198599564,3.4217727594685927,0.3550857533568973,2.816221125590748
366,0.3660007198599564,3.4221279944948266,0.3549527485220865,2.8172763956996834
367,0.3670007198599564,3.4224832974961035,0.35481410687272524,2.818377230865593
368,0.3680007198599564,3.4228385588812604,0.3546700111023887,2.819522284649301
369,0.3690007198599564,3.4231932389528548,0.354520647274104,2.820710183423625
370,0.3700007198599564,3.423547598844848,0.3543658933575003,2.821942006115004
371,0.3710007198599564,3.423901963574757,0.3542057682846857,2.8232177156309612
372,0.3720007198599564,3.424256332885941,0.35404042003862984,2.8245362489709187
373,0.3730007198599564,3.4246103549252016,0.353869739858071,2.8258985930842146
374,0.3740007198599564,3.424964492279165,0.35369372684788375,2.827304880162828
375,0.3750007198599564,3.4253180059958184,0.35351267959823934,2.8287528502131285
376,0.3760007198599564,3.425671041101342,0.3533269549233691,2.8302397710270473
377,0.3770007198599564,3.4260247165621895,0.3531365693794615,2.831765630382658
378,0.3780007198599564,3.426378162608547,0.3529420008329626,2.8333267155508404
379,0.3790007198599564,3.4267308735810778,0.35274290960853666,2.8349258702599283
380,0.3800007198599564,3.427083508848236,0.3525395538881421,2.836561143199528
381,0.3810007198599564,3.427435907238688,0.3523317794000642,2.838233899033343
382,0.38200071985995643,3.4277876948108577,0.3521197679222355,2.8399428009984566
383,0.38300071985995643,3.428139868414453,0.3519035264830604,2.8416879193966733
384,0.38400071985995643,3.4284917275275317,0.3516834588220175,2.8434661196450732
385,0.38500071985995643,3.4288436589702993,0.35145966740366447,2.845276692450354
386,0.38600071985995643,3.429194675784448,0.35123195921876743,2.847121321830348
387,0.3870007198599564,3.429545424825691,0.3510007766783932,2.8489965448602317
388,0.3880007198599564,3.429896269288846,0.3507661635905898,2.850902121697201
389,0.3890007198599564,3.4302473814935643,0.35052823810881484,2.852837207624822
390,0.3900007198599564,3.430597610305911,0.3502869013845033,2.854802723274882
391,0.3910007198599564,3.4309479064627455,0.35004228049111635,2.8567977519657908
392,0.3920007198599564,3.4312979105252914,0.3497947128258855,2.8588196543089603
393,0.3930007198599564,3.4316475182667845,0.3495442509821401,2.860868108087107
394,0.3940007198599564,3.4319968720157275,0.34929111205745966,2.862941441909625
395,0.3950007198599564,3.432346147136517,0.34903535330916613,2.865039287622612
396,0.3960007198599564,3.43269547839175,0.34877726639304,2.8671593488352296
397,0.3970007198599564,3.4330443345302686,0.3485171400493872,2.869299340222674
398,0.3980007198599564,3.4333930327113498,0.34825496908571896,2.871459386854754
399,0.3990007198599564,3.433741260244877,0.34799066089102226,2.873640336897325
400,0.4000007198599564,3.434089082898127,0.34772437108559967,2.875840991179272
401,0.4010007198599564,3.434436708826284,0.34745613508972256,2.8780611392622926
402,0.4020007198599564,3.4347838892793114,0.34718591459633485,2.88030118146549
403,0.4030007198599564,3.4351306399615873,0.3469141766428737,2.882557322035983
404,0.4040007198599564,3.4354778358351314,0.34664081414505654,2.884830519644281
405,0.4050007198599564,3.4358243901249788,0.34636631347048946,2.887116792566493
406,0.4060007198599564,3.4361705411640044,0.34609079107664575,2.8894152221997107
407,0.4070007198599564,3.436516874664086,0.3458143952469371,2.8917246180163376
408,0.4080007198599564,3.436862650747822,0.34553727106104193,2.8940438087309603
409,0.4090007198599564,3.437208552055447,0.3452597313883301,2.896370207955854
410,0.4100007198599564,3.4375537943586725,0.34498157101327526,2.8987055658156273
411,0.4110007198599564,3.437899105349954,0.34470275344004625,2.9010502237659925
412,0.4120007198599564,3.4382437531835444,0.34442344409044623,2.9034028233496154
413,0.4130007198599564,3.438588059865756,0.3441433246055313,2.905766082042224
414,0.4140007198599564,3.438932123220808,0.3438627021820824,2.9081374445504102
415,0.4150007198599564,3.439275860627029,0.3435815578021138,2.9105171022478196
416,0.4160007198599564,3.439619294501982,0.34330039757988257,2.912900791987315
417,0.4170007198599564,3.43996238704944,0.3430192577202275,2.915288216312384
418,0.4180007198599564,3.440304928672594,0.3427383482478358,2.9176775960794883
419,0.4190007198599564,3.4406466671952725,0.3424577718439901,2.9200680557355243
420,0.4200007198599564,3.440988711418264,0.34217780835401485,2.9224572008638465
421,0.4210007198599564,3.4413304306618917,0.3418984594940365,2.9248450007053695
422,0.4220007198599564,3.441672011457602,0.34161975038316744,2.9272312238340445
423,0.4230007198599564,3.4420133324265882,0.34134169901902095,2.929615698503557
424,0.4240007198599564,3.4423547221624817,0.3410643827297095,2.931997741882333
425,0.4250007198599564,3.4426952876801393,0.3407880376360383,2.9343752994874786
426,0.4260007198599564,3.4430360167031275,0.34051232790126373,2.936751236477887
427,0.4270007198599564,3.4433760287475734,0.3402375876040625,2.939122649681225
428,0.4280007198599564,3.443715841273704,0.3399639684970196,2.9414881948254665
429,0.4290007198599564,3.4440557759080828,0.33969162914122225,2.943846460179516
430,0.4300007198599564,3.444395028625947,0.33942072287606845,2.9461960705478982
431,0.4310007198599564,3.4447340613787403,0.3391511689213392,2.9485376776983316
432,0.4320007198599564,3.445073186446597,0.33888336050898615,2.9508678103818644
433,0.4330007198599564,3.4454117332472536,0.33861690598320326,2.9531898210941776
434,0.4340007198599564,3.4457498314722232,0.3383518289776109,2.955503456333233
435,0.4350007198599564,3.4460880537709757,0.3380882726835244,2.9578074153908136
436,0.4360007198599564,3.4464261841533106,0.3378262855598897,2.960101219899659
437,0.4370007198599564,3.446763598805938,0.3375659179623963,2.962384372321013
438,0.4380007198599564,3.4471006052300446,0.33730727293046414,2.964655909468486
439,0.4390007198599564,3.4474375393367858,0.33705060957965527,2.966913488888587
440,0.4400007198599564,3.4477744111286164,0.33679600994464737,2.9691563156117873
441,0.4410007198599564,3.4481105738341236,0.33654369668941575,2.971382348969871
442,0.4420007198599564,3.4484471842084305,0.3362934266041954,2.973593656283273
443,0.4430007198599564,3.448783640477487,0.33604526779316757,2.9757895612310477
444,0.4440007198599564,3.449119296682221,0.33579923048141375,2.9779698975675566
445,0.44500071985995643,3.4494546736523453,0.33555577408336534,2.9801305095455173
446,0.44600071985995643,3.449790031485659,0.33531501970291056,2.982270227220961
447,0.44700071985995643,3.450124863383551,0.3350766475242707,2.9843918022594123
448,0.44800071985995643,3.45045989563094,0.33484057236267384,2.986495910408599
449,0.44900071985995643,3.4507944764155267,0.33460721696792484,2.988578695527237
450,0.45000071985995643,3.4511293248263946,0.33437666574247477,2.99063930726005
451,0.4510007198599564,3.4514636286408478,0.334148960941557,2.992677269389747
452,0.4520007198599564,3.4517984919909406,0.3339241639854593,2.99469193263757
453,0.4530007198599564,3.452132028389487,0.33370236060289205,2.9966824273982478
454,0.4540007198599564,3.4524654465652542,0.3334838653285387,2.9986458235837854
455,0.4550007198599564,3.4527992510993695,0.33326842758573577,3.000584265494944
456,0.4560007198599564,3.4531324610667657,0.3330564426248966,3.0024940881454314
457,0.4570007198599564,3.453465191315787,0.3328477947459155,3.0043762217603556
458,0.4580007198599564,3.453797668192175,0.3326423732017267,3.0062315584598203
459,0.4590007198599564,3.4541303528322023,0.3324397678315672,3.0080637058640245
460,0.4600007198599564,3.454463064303275,0.332239835323139,3.0098738732740835
461,0.4610007198599564,3.4547953917741876,0.33204296165823893,3.011658476378932
462,0.4620007198599564,3.4551278812332153,0.33184932837759107,3.0134157718172663
463,0.4630007198599564,3.455459764394007,0.3316589828580837,3.0151452295441015
464,0.4640007198599564,3.455791313896501,0.33147192277608417,3.016846771289041
465,0.4650007198599564,3.4561223850595892,0.3312882679565709,3.0185192073601943
466,0.4660007198599564,3.4564535830336074,0.3311078925879523,3.020163585301337
467,0.4670007198599564,3.4567845723672503,0.33093078319222774,3.021779933416258
468,0.4680007198599564,3.4571153996557995,0.3307570092977237,3.023367523255937
469,0.4690007198599564,3.457446078641603,0.3305864980459984,3.0249269280830045
470,0.4700007198599564,3.457776300267985,0.3304197223874908,3.026453726110444
471,0.4710007198599564,3.4581066505671916,0.33025695372945096,3.027945327743826
472,0.4720007198599564,3.458436926424029,0.3300978703384402,3.029404579238054
473,0.4730007198599564,3.4587673914212886,0.3299424044126249,3.030832007726425
474,0.4740007198599564,3.4590971146142064,0.32979063569872585,3.0322267880084124
475,0.4750007198599564,3.4594266835286334,0.3296426885868764,3.033587683339298
476,0.4760007198599564,3.4597559011164516,0.3294983963159752,3.03491613671176
477,0.4770007198599564,3.4600850672554317,0.32935783238888033,3.0362113836700173
478,0.4780007198599564,3.4604140520514086,0.3292209671109266,3.037473611645954
479,0.4790007198599564,3.4607431412730922,0.3290877106651375,3.038703566228117
480,0.4800007198599564,3.4610722612629217,0.328958326894284,3.039898729547484
481,0.4810007198599564,3.4614009951319016,0.3288325628170666,3.041061357893293
482,0.4820007198599564,3.4617298075965013,0.32871085015764334,3.042187379943252
483,0.4830007198599564,3.462058797709017,0.328593289257211,3.0432757840566733
484,0.4840007198599564,3.4623877823220965,0.3284796543160627,3.044328581269759
485,0.4850007198599564,3.4627163471375897,0.3283697994440885,3.0453470498594677
486,0.4860007198599564,3.463044737984055,0.3282638493947336,3.04632996244893
487,0.4870007198599564,3.4633727784757005,0.3281617265001477,3.047277970728101
488,0.4880007198599564,3.4637009858757315,0.32806390072620206,3.0481866422559767
489,0.4890007198599564,3.464028349428533,0.32797056595457175,3.0490541036493903
490,0.4900007198599564,3.464356146692732,0.32788176799343893,3.0498798579737145
491,0.4910007198599564,3.4646838510880826,0.3277975977895029,3.050662990648747
492,0.4920007198599564,3.465011667269203,0.3277179263461217,3.051404636754117
493,0.4930007198599564,3.4653391302278123,0.32764268503532773,3.0521053747687854
494,0.4940007198599564,3.465666637159941,0.32757187004464,3.052765183602989
495,0.4950007198599564,3.465993969463851,0.32750567333299485,3.0533822202928356
496,0.4960007198599564,3.4663215128842126,0.3274438251670158,3.0539589485003744
497,0.4970007198599564,3.466648582880545,0.3273866592570073,3.0544922089051076
498,0.4980007198599564,3.466975853474954,0.3273342314796819,3.0549814343571686
499,0.4990007198599564,3.4673026974240146,0.32728639994378395,3.055427907092272
500,0.5000007198599564,3.4676302712592846,0.32724361254527234,3.055827407056434
501,0.5010007198599564,3.4679573277862734,0.3272059094461551,3.05617952222394
502,0.5020007198599564,3.468285204455394,0.327173293875265,3.0564841896333097
503,0.5030007198599564,3.468612484552256,0.3271459076465641,3.0567400558174236
504,0.5040007198599564,3.468939557670417,0.32712380070460195,3.0569466295209016
505,0.5050007198599564,3.4692667328257967,0.32710680018481814,3.057105506320845
506,0.5060007198599564,3.4695939011522685,0.32709493596072275,3.0572163921243924
507,0.5070007198599564,3.4699207914544825,0.3270881648189274,3.0572796803992883
508,0.5080007198599564,3.470247692292905,0.3270862166984285,3.0572978895102567
509,0.5090007198599564,3.470575021416157,0.32708943016354425,3.057267853320731
510,0.5100007198599564,3.470901848472957,0.3270976612767622,3.0571909199738516
511,0.5110007198599564,3.471229038839618,0.32711112484135313,3.0570650890733044
512,0.5120007198599564,3.4715562822342423,0.32712981489641785,3.056890428396566
513,0.5130007198599564,3.471883353352243,0.32715399961090075,3.0566644491259343
514,0.5140007198599564,3.472210313983588,0.3271836769920421,3.056387192642017
515,0.5150007198599564,3.47253744128122,0.32721909624750306,3.0560563593868517
516,0.5160007198599564,3.4728645984994957,0.3272603037538112,3.0556715511462462
517,0.5170007198599564,3.473191908220792,0.32730710398997476,3.055234633803211
518,0.5180007198599564,3.4735191397759353,0.32735959539609516,3.0547447335094313
519,0.5190007198599564,3.473846150976469,0.32741773387660056,3.0542023126239304
520,0.5200007198599564,3.4741736252544757,0.3274809498044264,3.0536127386866507
521,0.5210007198599564,3.47450120357037,0.32754962756683015,3.052972483676445
522,0.5220007198599564,3.474828463941508,0.3276236678928296,3.0522825363371315
523,0.5230007198599564,3.4751555004915344,0.3277031896335892,3.0515418574903648
524,0.5240007198599564,3.47548259638023,0.3277883195070803,3.050749341842853
525,0.5250007198599564,3.4758100541485564,0.32787880489025745,3.0499074203186285
526,0.5260007198599564,3.4761378154532574,0.3279745727768712,3.0490168537556825
527,0.5270007198599564,3.476465346987609,0.3280757016289359,3.0480769987989906
528,0.5280007198599564,3.476793263877275,0.3281824473927956,3.047085570676844
529,0.5290007198599564,3.4771223738775134,0.32829462127266074,3.0460444223040235
530,0.5300007198599564,3.4774505277397956,0.3284121370709798,3.0449544554556756
531,0.5310007198599564,3.477778996826176,0.3285349863946747,3.0438158534466795
532,0.5320007198599565,3.478107549013188,0.32866339029594144,3.042626679836658
533,0.5330007198599565,3.478436175324607,0.32879738230372013,3.0413867439986784
534,0.5340007198599565,3.4787650637880745,0.32893715632818465,3.0400943790074226
535,0.5350007198599565,3.479093491703805,0.3290824704977552,3.038751953233624
536,0.5360007198599565,3.4794227390576027,0.3292333511835331,3.0373593574441493
537,0.5370007198599565,3.4797516916421833,0.32939016612700417,3.035913341791832
538,0.5380007198599565,3.480081670748923,0.3295526891134849,3.0344161435613097
539,0.5390007198599565,3.4804105833686214,0.32972112033743056,3.0328660747501353
540,0.5400007198599565,3.4807397459022336,0.32989557475366604,3.031262243352924
541,0.5410007198599565,3.4810697425340518,0.33007593843152966,3.0296058681279434
542,0.5420007198599565,3.481399794822068,0.3302621539363715,3.027897650642285
543,0.5430007198599565,3.4817296691265267,0.33045414538039086,3.0261384642304443
544,0.5440007198599565,3.482059881887441,0.3306521562472761,3.0243262628299825
545,0.5450007198599565,3.482390701725242,0.3308562456421298,3.0224607005957767
546,0.5460007198599565,3.4827210657608543,0.331066643495339,3.0205398811616573
547,0.5470007198599564,3.4830519259643085,0.331282932662863,3.0185678204487245
548,0.5480007198599564,3.4833829686640896,0.3315049721399345,3.016546006971748
549,0.5490007198599564,3.4837138738967446,0.33173264673104497,3.0144756925620237
550,0.5500007198599564,3.4840452730706324,0.3319661991778546,3.0123548797335205
551,0.5510007198599564,3.4843764869715055,0.33220549727455406,3.010184985510765
552,0.5520007198599564,3.4847081492390073,0.3324503934088278,3.0079675639615178
553,0.5530007198599564,3.485039991666099,0.3327004900045434,3.005706423775763
554,0.5540007198599564,3.4853724403500737,0.3329557788642231,3.0034018433654897
555,0.5550007198599564,3.4857050809499843,0.3332162183440647,3.0010544053634365
556,0.5560007198599564,3.486038170266513,0.33348152261662667,2.998666889108603
557,0.5570007198599564,3.4863710593965513,0.33375177022375374,2.9962387894739266
558,0.5580007198599564,3.4867047110002662,0.33402656717002593,2.993773844015769
559,0.5590007198599564,3.4870381326710014,0.3343060797908544,2.991270755906118
560,0.5600007198599564,3.487371898050542,0.33458982364402884,2.9887340538602367
561,0.5610007198599564,3.487705751294206,0.3348773071409259,2.9861683030650137
562,0.5620007198599564,3.4880399924027716,0.33516781345682517,2.9835800451310805
563,0.5630007198599564,3.4883742613705007,0.33546110519651545,2.980971518036921
564,0.5640007198599564,3.4887092755643283,0.33575696169613367,2.9783447972257346
565,0.5650007198599564,3.489044376219253,0.3360548132678949,2.9757050353652392
566,0.5660007198599564,3.489379823627732,0.3363540194605958,2.9730579750575896
567,0.5670007198599564,3.489715471685258,0.33665429570680644,2.970406178541396
568,0.5680007198599564,3.4900513137841678,0.33695500055051514,2.9677553334012132
569,0.5690007198599564,3.490387335385138,0.3372556655956318,2.965109565272644
570,0.5700007198599564,3.490723465206977,0.33755547713046585,2.9624760009848634
571,0.5710007198599564,3.491059473189874,0.33785366687745133,2.959861318784286
572,0.5720007198599564,3.4913959476789036,0.33814909806960286,2.957275372635077
573,0.5730007198599564,3.491732787146645,0.3384413238500173,2.9547219252787142
574,0.5740007198599564,3.4920701303892603,0.3387298574427324,2.9522050626111866
575,0.5750007198599564,3.4924071996048554,0.3390140168592362,2.9497305428973317
576,0.5760007198599564,3.4927451522948227,0.33929300407435664,2.947305096160628
577,0.5770007198599564,3.493083848127768,0.3395660528826202,2.9449351356263986
578,0.5780007198599564,3.493422426672224,0.3398320812387888,2.9426297727827913
579,0.5790007198599564,3.4937614065629576,0.34008999742911983,2.940398152134468
580,0.5800007198599564,3.4941007326306734,0.34033901916069587,2.9382467002052324
581,0.5810007198599564,3.4944397557681492,0.3405781438574729,2.9361837159418123
582,0.5820007198599564,3.494778952460143,0.34080650024096387,2.93421633476169
583,0.5830007198599564,3.4951186811620154,0.34102296280303274,2.9323538561172424
584,0.5840007198599564,3.495458317469586,0.34122635508919036,2.9306059895010694
585,0.5850007198599564,3.495797929388218,0.34141575420573034,2.928980246756334
586,0.5860007198599564,3.496138475218172,0.3415902184138105,2.9274842957844194
587,0.5870007198599564,3.496478511173538,0.3417486895957153,2.9261268014896804
588,0.5880007198599564,3.496819320773902,0.3418899552819869,2.9249177536532525
589,0.5890007198599564,3.4971606784235987,0.3420130833099489,2.923864754886442
590,0.5900007198599564,3.4975017535449178,0.3421166878357162,2.9229793095629355
591,0.5910007198599564,3.497842608431555,0.34219960675636024,2.9222710378857375
592,0.5920007198599564,3.49818428078815,0.34226088502817864,2.921747835478393
593,0.5930007198599564,3.4985259585208635,0.34229980032835466,2.9214156684892587
594,0.5940007198599564,3.4988678193312213,0.34231505330504813,2.9212854951747254
595,0.5950007198599564,3.4992099944390977,0.34230548034239133,2.921367192251054
596,0.5960007198599564,3.4995526226329696,0.3422699453885756,2.9216704927588957
597,0.5970007198599564,3.4998951749722282,0.3422073803593511,2.9222046554048675
598,0.5980007198599564,3.5002377133561557,0.3421164534555625,2.9229813120633494
599,0.5990007198599564,3.500580015478159,0.34199590788462114,2.9240115947158323
600,0.6000007198599564,3.500922713317599,0.3418448343787733,2.9253038204227275
601,0.6010007198599564,3.501264828191285,0.3416622101113231,2.926867445112446
602,0.6020007198599564,3.5016069720417202,0.34144696552204507,2.9287125116812214
603,0.6030007198599564,3.5019492433515333,0.34119810271562906,2.930848653731959
604,0.6040007198599564,3.5022920854382433,0.3409147713866438,2.9332844567942287
605,0.6050007198599564,3.5026345352718433,0.3405960205601195,2.9360296058523305
606,0.6060007198599564,3.5029763786064607,0.3402406481581849,2.9390962114999244
607,0.6070007198599564,3.5033183031550066,0.3398479466852622,2.942492399184961
608,0.6080007198599564,3.503659659388393,0.33941676977320145,2.946230384162223
609,0.6090007198599564,3.5040008715763205,0.3389465447551014,2.9503177284858553
610,0.6100007198599564,3.504341612316183,0.33843666415168255,2.9547626067836847
611,0.6110007198599564,3.5046819437883574,0.33788607737766935,2.959577404789776
612,0.6120007198599564,3.5050218927803747,0.3372939521925121,2.9647729925179482
613,0.6130007198599564,3.5053612504776703,0.33666004656062687,2.970355437825666
614,0.6140007198599564,3.505700271572401,0.33598386965482946,2.97633336096564
615,0.6150007198599564,3.5060383595602067,0.33526464110363924,2.9827183585723653
616,0.6160007198599564,3.506376420518139,0.3345019086024381,2.9895195641126193
617,0.6170007198599564,3.5067136219505697,0.3336952856496509,2.996745962572295
618,0.6180007198599564,3.507050408537694,0.33284423787072964,3.0044083274422824
619,0.6190007198599564,3.507385593997151,0.33194850171813495,3.012515480034077
620,0.6200007198599564,3.5077204473999024,0.33100781224159703,3.021076732986945
621,0.6210007198599564,3.5080540555631585,0.3300216244541399,3.0301044716509504
622,0.6220007198599564,3.508386879282874,0.3289896089110461,3.0396096804090402
623,0.6230007198599564,3.508718209420843,0.3279120234056093,3.049598455141288
624,0.6240007198599564,3.5090484477744557,0.32678886124266243,3.0600798209503033
625,0.6250007198599564,3.509377937638896,0.3256199270185925,3.0710651192514433
626,0.6260007198599564,3.5097059128260515,0.32440514921876995,3.0825651269968817
627,0.6270007198599564,3.5100325537629757,0.3231445465301921,3.0945903643977104
628,0.6280007198599564,3.5103579130608575,0.3218383562825824,3.1071498486090148
629,0.6290007198599564,3.51068187145097,0.3204867766361426,3.1202535421151785
630,0.6300007198599564,3.511004364731653,0.31909030297522323,3.1339090867880373
631,0.6310007198599564,3.5113259261849823,0.3176491751139114,3.1481271740793675
632,0.6320007198599564,3.51164571765118,0.31616399696591835,3.1629154792972756
633,0.6330007198599564,3.5119637738866993,0.3146354182124662,3.178281725818682
634,0.6340007198599564,3.5122804976595483,0.31306376264236063,3.194237466385993
635,0.6350007198599564,3.5125955589766855,0.31144978988260674,3.210790414650545
636,0.6360007198599564,3.512908936939368,0.30979425858089277,3.2279487831078777
637,0.6370007198599564,3.5132203895439753,0.3080980915608613,3.2457195529316065
638,0.6380007198599564,3.5135301759086137,0.3063618758683017,3.2641137124707975
639,0.6390007198599564,3.5138377958523432,0.3045864432436931,3.283140212514059
640,0.6400007198599564,3.514144022841833,0.3027727201736228,3.30280746371918
641,0.6410007198599564,3.514448201488968,0.3009219390793938,3.3231209497695176
642,0.6420007198599564,3.514750535594634,0.29903516041797396,3.344088362727173
643,0.6430007198599564,3.5150505111475567,0.2971137215150948,3.365714632433074
644,0.6440007198599564,3.5153482336447897,0.2951586851533362,3.3880080455043893
645,0.6450007198599564,3.51564392008958,0.2931715180695949,3.410972548031128
646,0.6460007198599564,3.5159376027717144,0.2911532448179982,3.4346173975327203
647,0.6470007198599564,3.5162293410691983,0.28910507414387937,3.458950013109519
648,0.6480007198599564,3.516518746463968,0.28702852432896464,3.483974292582488
649,0.6490007198599564,3.516806315082612,0.28492512272100656,3.5096940222402977
650,0.6500007198599564,3.5170913783800346,0.2827963386061838,3.5361136743449104
651,0.6510007198599564,3.5173738644889787,0.2806437914684961,3.563235782866965
652,0.6520007198599564,3.517654480598616,0.278469445423999,3.5910582522883074
653,0.6530007198599564,3.5179332708326534,0.2762745323502074,3.6195880651510564
654,0.6540007198599564,3.5182092820720876,0.27406074371863465,3.648826119462966
655,0.6550007198599564,3.5184828780453983,0.2718300426011159,3.678769242836792
656,0.6560007198599564,3.5187540885822344,0.2695838526525602,3.709420984085425
657,0.6570007198599565,3.5190233047566295,0.2673244716754051,3.7407723794708767
658,0.6580007198599565,3.5192898972252276,0.265053685873755,3.7728205767200675
659,0.6590007198599565,3.5195542793661594,0.26277338264786554,3.805560479236472
660,0.6600007198599565,3.519816382605936,0.260485534382053,3.838984772694918
661,0.6610007198599565,3.5200763025724893,0.2581924039075166,3.873080636245967
662,0.6620007198599565,3.5203336140083543,0.2558954823139968,3.9078454647079277
663,0.6630007198599565,3.5205889457060513,0.2535964824081429,3.94327236128844
664,0.6640007198599565,3.520841650890344,0.2512974112536175,3.979348593411365
665,0.6650007198599565,3.5210920436210853,0.24900025543941984,4.016060137108147
666,0.6660007198599565,3.521340091217947,0.2467067831809911,4.053394832141164
667,0.6670007198599565,3.521585807221133,0.24441883404414347,4.09133773962523
668,0.6680007198599565,3.521828626025286,0.24213876606199175,4.1298632856829816
669,0.6690007198599565,3.5220695517483627,0.23986856749346444,4.168949731303358
670,0.6700007198599565,3.5223083031903997,0.23760983208183298,4.208580054278222
671,0.6710007198599565,3.5225444908679235,0.23536483058929433,4.248723131218251
672,0.6720007198599565,3.52277827339616,0.23313545251311474,4.289351916323178
673,0.6730007198599565,3.5230100031256124,0.23092363704073307,4.330435865357551
674,0.6740007198599565,3.523239468136572,0.2287312196839567,4.371943634899178
675,0.6750007198599564,3.523466754514853,0.226559810346189,4.41384550274815
676,0.6760007198599564,3.5236918899560075,0.22441145373581847,4.456100539223009
677,0.6770007198599564,3.52391439228845,0.22228791988905966,4.498670015442513
678,0.6780007198599564,3.524135589840511,0.22019094212744406,4.541512881221114
679,0.6790007198599564,3.5243542342846763,0.2181223550078793,4.584582813457505
680,0.6800007198599564,3.5245706433791266,0.21608367134714201,4.627836956701293
681,0.6810007198599564,3.524784942400278,0.21407678120034365,4.671221205741833
682,0.6820007198599564,3.524997278723604,0.2121035108690386,4.714679148415611
683,0.6830007198599564,3.5252072891935966,0.21016513616114627,4.75816312003928
684,0.6840007198599564,3.5254151282128343,0.20826316260145422,4.801617278393415
685,0.6850007198599564,3.525621654212808,0.20639920691246366,4.844979857040399
686,0.6860007198599564,3.5258256265035075,0.2045747574837842,4.888188612807061
687,0.6870007198599564,3.52602797562366,0.20279131524567565,4.931177643325256
688,0.6880007198599564,3.526228693905941,0.20105022662372957,4.973881486199588
689,0.6890007198599564,3.526427195462441,0.1993532316516831,5.016221667011823
690,0.6900007198599564,3.5266249815423314,0.19770183624082702,5.0581219629233365
691,0.6910007198599564,3.526821136638029,0.1960977356016166,5.0994979464299135
692,0.6920007198599564,3.5270150049832516,0.19454215457051882,5.140274107725655
693,0.6930007198599564,3.5272070700603932,0.19303661224930826,5.1803644311188615
694,0.6940007198599564,3.5273978678583258,0.19158239005023964,5.219686421793594
695,0.6950007198599564,3.527587029940809,0.19018096265608847,5.258149848617279
696,0.6960007198599564,3.5277751591221924,0.1888335325470573,5.295669611809016
697,0.6970007198599564,3.5279615959615365,0.187541208089119,5.332161449684184
698,0.6980007198599564,3.5281472296060885,0.18630548234031605,5.367528574244229
699,0.6990007198599564,3.5283313717392653,0.18512739291471653,5.401685748692386
700,0.7000007198599564,3.5285142523953494,0.18400825425483175,5.434538814846355
701,0.7010007198599564,3.528695844016558,0.1829491588690998,5.465999440399179
702,0.7020007198599564,3.528876449666922,0.1819508805037327,5.4959887923130175
703,0.7030007198599564,3.529056058427828,0.18101472437916916,5.52441246660859
704,0.7040007198599564,3.529234748204319,0.18014173705727726,5.551184396995369
705,0.7050007198599564,3.5294121604930844,0.17933295838286328,5.5762198372095675
706,0.7060007198599564,3.529588666792793,0.17858925269012874,5.599441091425058
707,0.7070007198599564,3.529764705769298,0.17791136568041196,5.620776369039474
708,0.7080007198599564,3.5299404247779584,0.17730020800756546,5.640151307421645
709,0.7090007198599564,3.5301157056562156,0.17675684266644165,5.657489605011235
710,0.7100007198599564,3.5302905195553342,0.17628191403280444,5.672731689388789
711,0.7110007198599564,3.530464910103197,0.1758765409552264,5.685806615076505
712,0.7120007198599564,3.5306385097535884,0.17554148605488049,5.696659077429506
713,0.7130007198599564,3.5308121801603614,0.17527751556942528,5.705238328779895
714,0.7140007198599564,3.530985393189402,0.17508533092044637,5.711500756476113
715,0.7150007198599564,3.5311585184598604,0.17496518169337053,5.715422864833285
716,0.7160007198599564,3.5313312554098077,0.17491793210816073,5.716966739474422
717,0.7170007198599564,3.531504092914017,0.1749440585593475,5.716112957678772
718,0.7180007198599564,3.5316770453565764,0.17504421047504634,5.712842471545532
719,0.7190007198599564,3.531849772246871,0.17521870215616733,5.70715333291722
720,0.7200007198599564,3.532023135054015,0.17546793410620248,5.699046980257641
721,0.7210007198599564,3.5321967516950323,0.17579246734429943,5.688525880016484
722,0.7220007198599564,3.532370958715536,0.17619248324395445,5.675611022607641
723,0.7230007198599564,3.5325458938471836,0.1766680132856699,5.660334213319153
724,0.7240007198599564,3.532721304145146,0.17721916448491365,5.642730586765227
725,0.7250007198599564,3.532897342089222,0.17784642981406237,5.622828645171541
726,0.7260007198599564,3.5330739983857393,0.17854993573713984,5.600674096417453
727,0.7270007198599564,3.53325097645286,0.17932959894457118,5.576324298305542
728,0.7280007198599564,3.533428245204976,0.18018527784345878,5.549842983669172
729,0.7290007198599564,3.533606927598458,0.181116730519126,5.52130108098655
730,0.7300007198599564,3.533786372715006,0.18212402727876628,5.490763711640091
731,0.7310007198599564,3.533966951997127,0.1832067280666717,5.458314825840265
732,0.7320007198599564,3.5341490061162464,0.18436462924033273,5.424033905638305
733,0.7330007198599564,3.5343321793588407,0.1855970372818759,5.38801704297277
734,0.7340007198599564,3.53451611490622,0.18690360660583077,5.350351543022623
735,0.7350007198599564,3.5347012560782374,0.18828412518408913,5.311122215015632
736,0.7360007198599564,3.5348883267654974,0.18973777533195568,5.270431774855852
737,0.7370007198599564,3.535076242738252,0.19126443119922976,5.228363651986889
738,0.7380007198599564,3.535265732526633,0.19286367335259427,5.185009611280168
739,0.7390007198599564,3.535456925081417,0.19453425293771323,5.1404828964500355
740,0.7400007198599564,3.535649778269293,0.19627580836745645,5.09487138694065
741,0.7410007198599564,3.535844331891818,0.19808713539327685,5.048283413330336
742,0.7420007198599564,3.5360404964616983,0.1999673220335251,5.000817082664872
743,0.7430007198599564,3.5362380344664985,0.20191550359877003,4.9525667032835585
744,0.7440007198599564,3.5364379540837088,0.20393046044517715,4.903632335341248
745,0.7450007198599564,3.5366397168742876,0.2060111166782608,4.8541069827884895
746,0.7460007198599564,3.5368434485241895,0.20815601045155396,4.804088999547477
747,0.7470007198599564,3.5370494914001114,0.21036410692726573,4.753662659503763
748,0.7480007198599564,3.537257302173491,0.2126335703149469,4.702926252514257
749,0.7490007198599564,3.5374682121533163,0.21496285909212257,4.651966410492563
750,0.7500007198599564,3.537681089325533,0.21735071703870562,4.600858987835411
751,0.7510007198599564,3.5378961105191338,0.2197954058523907,4.549685632062646
752,0.7520007198599564,3.5381139193195748,0.22229517349635267,4.4985232214967885
753,0.7530007198599564,3.5383343974902917,0.2248485447390689,4.447438168481255
754,0.7540007198599564,3.538557897321781,0.22745396284884223,4.396494074999099
755,0.7550007198599564,3.5387833786000127,0.23010888161885673,4.345768807204759
756,0.7560007198599564,3.539011753472878,0.23281157871438557,4.295319010859013
757,0.7570007198599564,3.5392431662010426,0.23556010375887568,4.245201050784139
758,0.7580007198599564,3.5394773907555486,0.23835222319076052,4.195471670510368
759,0.7590007198599564,3.539713965414334,0.2411855888563297,4.146184706730897
760,0.7600007198599564,3.53995331412944,0.24405754507212485,4.097394324377376
761,0.7610007198599564,3.540195885880574,0.2469661102480891,4.049138559924084
762,0.7620007198599564,3.5404417263079684,0.24990919387174584,4.001453425972008
763,0.7630007198599564,3.540690505593641,0.25288426357895794,3.9543781247889727
764,0.7640007198599564,3.5409420039391932,0.2558890894927113,3.9079430935584454
765,0.7650007198599564,3.541196990233301,0.25892101097971293,3.862181737264854
766,0.7660007198599564,3.5414554021891145,0.26197704467704014,3.817128333639992
767,0.7670007198599564,3.5417164547440283,0.26505451028166477,3.772808841990022
768,0.7680007198599564,3.5419813489355723,0.26815058218686527,3.729247916766159
769,0.7690007198599564,3.54224914717584,0.2712625941218362,3.686464782353498
770,0.7700007198599564,3.5425199118548982,0.2743877686740866,3.6444773206628756
771,0.7710007198599564,3.542794487960841,0.2775235419451407,3.603297914804195
772,0.7720007198599564,3.5430722233765324,0.2806669728570061,3.5629414812175955
773,0.7730007198599564,3.5433531747267324,0.283815072398557,3.5234210486034927
774,0.7740007198599564,3.5436373475643967,0.28696485355422213,3.484747304816022
775,0.7750007198599564,3.543924885233878,0.29011330815574904,3.446929085594185
776,0.7760007198599564,3.5442159595028615,0.2932576632365423,3.409970566373223
777,0.7770007198599564,3.544510607305387,0.2963948700027893,3.3738775572957427
778,0.7780007198599564,3.5448084791843173,0.29952168836317244,3.338656394015421
779,0.7790007198599564,3.5451093834153826,0.3026347050089284,3.304313693865671
780,0.7800007198599564,3.545413323711528,0.30573154239705447,3.270843407780598
781,0.7810007198599564,3.545720391674827,0.30880905315484586,3.23824703253946
782,0.7820007198599565,3.5460309662552065,0.31186394930392985,3.206526442802919
783,0.7830007198599565,3.5463447665416314,0.3148930698646334,3.175681193714048
784,0.7840007198599565,3.546662355532972,0.3178935529412711,3.145707079453555
785,0.7850007198599565,3.5469829663265062,0.3208627027940542,3.116597819852718
786,0.7860007198599565,3.547306582937606,0.3237976925256174,3.0883481355287437
787,0.7870007198599565,3.54763302693032,0.3266954920282021,3.060954388417685
788,0.7880007198599565,3.547962477306703,0.3295531455449892,3.0344119408912884
789,0.7890007198599565,3.548295563094826,0.33236768895094937,3.0087160492534504
790,0.7900007198599565,3.548631339461171,0.33513617194868145,2.98386173651565
791,0.7910007198599565,3.548969949637502,0.3378556081433717,2.959844311880246
792,0.7920007198599565,3.5493113852080542,0.34052306049798853,2.9366586760308615
793,0.7930007198599565,3.5496561293343674,0.3431356614294701,2.9142992478079845
794,0.7940007198599565,3.550003275995172,0.3456907798515672,2.892758668395438
795,0.7950007198599565,3.5503532424050572,0.3481858434046243,2.8720294605369903
796,0.7960007198599565,3.5507057576461407,0.35061795208826524,2.8521072410697843
797,0.7970007198599565,3.551061116876696,0.35298504705310496,2.8329811938168437
798,0.7980007198599565,3.551419087011145,0.35528504400277594,2.8146414178700603
799,0.7990007198599565,3.5517793003503573,0.357515135486443,2.797084376971559
800,0.8000007198599565,3.5521420633145144,0.35967324524673516,2.780301324092099
801,0.8010007198599565,3.552507103526324,0.36175722554423095,2.7642848003812244
802,0.8020007198599565,3.5528743826328646,0.36376466943476193,2.74903002964487
803,0.8030007198599564,3.553244194681258,0.36569366087784283,2.734529216611284
804,0.8040007198599564,3.553615391384815,0.36754243029218003,2.720774304085229
805,0.8050007198599564,3.5539891953187173,0.36930933152486184,2.707757196036841
806,0.8060007198599564,3.554363862627426,0.37099243912758734,2.6954727227098334
807,0.8070007198599564,3.554740693137183,0.37259065987276957,2.6839105423133125
808,0.8080007198599564,3.5551194206777885,0.37410260340784524,2.673063461442432
809,0.8090007198599564,3.555498922054596,0.3755269663281227,2.662924609057859
810,0.8100007198599564,3.55588046200725,0.3768624916770551,2.653487736468426
811,0.8110007198599564,3.5562635685516875,0.3781082186056715,2.6447454744243433
812,0.8120007198599564,3.5566476936305573,0.3792629172697867,2.636693318710764
813,0.8130007198599564,3.55703271013226,0.38032635234782314,2.629320828879776
814,0.8140007198599564,3.557418895538204,0.38129785351568296,2.6226216349756335
815,0.8150007198599564,3.557806242484952,0.3821768792455939,2.6165894754647927
816,0.8160007198599564,3.5581942694032036,0.38296320721350713,2.6112169032532844
817,0.8170007198599564,3.558582786093587,0.3836565334172111,2.6064980337830974
818,0.8180007198599564,3.558972394742204,0.38425723751596924,2.6024233309553244
819,0.8190007198599564,3.5593625223419205,0.3847654021754828,2.5989862766921092
820,0.8200007198599564,3.559752797521647,0.3851813115586675,2.596179954716439
821,0.8210007198599564,3.5601438396284775,0.3855057223910955,2.59399521697761
822,0.8220007198599564,3.5605347732015153,0.3857390311389814,2.592426275990985
823,0.8230007198599564,3.560925752989742,0.3858818683901371,2.5914666687292307
824,0.8240007198599564,3.561317169704008,0.38593483997273714,2.5911109763260582
825,0.8250007198599564,3.5617087221177783,0.3858992575560722,2.59134989357863
826,0.8260007198599564,3.562099461702685,0.38577620267406765,2.5921764822929583
827,0.8270007198599564,3.562490414932106,0.38556691019447115,2.5935835611401994
828,0.8280007198599564,3.5628813491840425,0.3852723849107488,2.5955662517355287
829,0.8290007198599564,3.56327160229627,0.38489430504871713,2.5981158642329802
830,0.8300007198599564,3.563660659849538,0.38443446094620887,2.6012236195961704
831,0.8310007198599564,3.564049373512686,0.38389460888560917,2.6048815921194
832,0.8320007198599564,3.5644376562541202,0.38327680045170864,2.609080431743992
833,0.8330007198599564,3.564824643596551,0.3825830142745373,2.613811807343886
834,0.8340007198599564,3.565210930450449,0.3818153366860215,2.619067135122261
835,0.8350007198599564,3.565596383300369,0.3809758374344447,2.624838380129743
836,0.8360007198599564,3.565981115870792,0.380066938177039,2.6311154682288884
837,0.8370007198599564,3.5663643703421437,0.37909106387606756,2.637888611183196
838,0.8380007198599564,3.566746609795894,0.3780502824753061,2.645150781140652
839,0.8390007198599564,3.567127476269483,0.37694744999944313,2.6528896799845105
840,0.8400007198599564,3.5675066621157194,0.37578548973637943,2.661092637455264
841,0.8410007198599564,3.5678847110938574,0.3745667674545541,2.6697509947177287
842,0.8420007198599564,3.5682614519015927,0.37329424452111976,2.6788519101944614
843,0.8430007198599564,3.5686365373105007,0.37197075688731834,2.6883833782205935
844,0.8440007198599564,3.569010693551811,0.37059903241093145,2.698334082241126
845,0.8450007198599564,3.569383118517882,0.3691817943811342,2.7086926149116244
846,0.8460007198599564,3.569753711828641,0.3677221112434312,2.71944484550727
847,0.8470007198599564,3.5701225099745977,0.3662228833261852,2.730577595036097
848,0.8480007198599564,3.5704900895515657,0.36468726403684126,2.742075467431126
849,0.8490007198599564,3.5708546482660415,0.3631184957062507,2.7539219616313972
850,0.8500007198599564,3.5712178205076226,0.3615197507791461,2.7661006012667455
851,0.8510007198599564,3.5715794600155006,0.3598940203590781,2.778595762725558
852,0.8520007198599564,3.571939066501375,0.35824466381428066,2.79138840297818
853,0.8530007198599564,3.5722968327472264,0.35657457858984287,2.804462404343946
854,0.8540007198599564,3.5726520776068833,0.3548869631672194,2.8177986338957437
855,0.8550007198599564,3.573005379703749,0.3531850916636772,2.831376588659231
856,0.8560007198599564,3.5733568894455714,0.35147214480317046,2.8451756840076605
857,0.8570007198599564,3.5737063343340227,0.3497511032598853,2.8591761131828144
858,0.8580007198599564,3.5740539759400765,0.34802505670599393,2.8733563309057493
859,0.8590007198599564,3.5743994047283607,0.34629695773563707,2.887695019150008
860,0.8600007198599564,3.5747432675581545,0.34456964847479016,2.9021708801875605
861,0.8610007198599564,3.5750849425455447,0.34284605275698826,2.91676101258429
862,0.8620007198599564,3.5754244257815815,0.3411292139464977,2.9314405190662995
863,0.8630007198599564,3.5757620027690216,0.33942186277428893,2.9461861761833146
864,0.8640007198599564,3.5760973578386523,0.33772679216974255,2.9609732576306733
865,0.8650007198599564,3.576431265338042,0.3360468971481624,2.9757751328354094
866,0.8660007198599564,3.576762873272126,0.33438451975259625,2.9905690632445485
867,0.8670007198599564,3.5770926638635583,0.3327422325204013,3.0053293578797136
868,0.8680007198599564,3.5774209399656636,0.3311225291427015,3.0200300855066167
869,0.8690007198599564,3.577747301604736,0.329527992233214,3.0346435616075937
870,0.8700007198599564,3.57807183257453,0.3279608808323229,3.0491441462839335
871,0.8710007198599564,3.5783946437248106,0.3264232824403494,3.063506967162307
872,0.8720007198599564,3.578715769782718,0.32491741888214687,3.077705108702458
873,0.8730007198599564,3.579035448287339,0.3234453152967963,3.0917127338276367
874,0.8740007198599564,3.5793535135181767,0.32200925802125585,3.105500773937344
875,0.8750007198599564,3.579669928153014,0.3206110662112871,3.1190439301336723
876,0.8760007198599564,3.5799851547211086,0.31925283509951846,3.1323136087053918
877,0.8770007198599564,3.5802985896400283,0.31793617006519054,3.1452854193813717
878,0.8780007198599564,3.580610497606441,0.3166625158935897,3.1579361301355826
879,0.8790007198599564,3.580921485759267,0.3154332243827753,3.1702430901397665
880,0.8800007198599564,3.5812312292240915,0.3142497459416939,3.1821823658229484
881,0.8810007198599564,3.5815404359439342,0.3131134678933106,3.193730396613719
882,0.8820007198599564,3.5818485078463773,0.31202578473951453,3.204863344338098
883,0.8830007198599564,3.582155384033356,0.3109878437908811,3.215559771758906
884,0.8840007198599564,3.582461514670357,0.3100004797543519,3.2258014593797144
885,0.8850007198599564,3.582766871135664,0.3090644652757715,3.235570932128097
886,0.8860007198599564,3.5830713946041786,0.30818053189547717,3.2448513014415883
887,0.8870007198599564,3.583375038667077,0.30734934881263126,3.253626545373382
888,0.8880007198599564,3.5836776380992106,0.30657137980516774,3.261883091094544
889,0.8890007198599564,3.583979837481257,0.3058471010823894,3.2696075799345863
890,0.8900007198599564,3.5842812213981117,0.3051768790239439,3.276788212784432
891,0.8910007198599564,3.5845818252149964,0.3045607781318899,3.2834168803146095
892,0.8920007198599564,3.584882057447667,0.3039987505920344,3.289487203656299
893,0.8930007198599564,3.585181845686688,0.30349092032000097,3.294991490834716
894,0.8940007198599564,3.5854813459874695,0.3030372851214327,3.2999239667794718
895,0.8950007198599564,3.585780598196375,0.3026376429668255,3.304281616116135
896,0.8960007198599564,3.5860792144814604,0.3022915425300033,3.308064763011844
897,0.8970007198599564,3.5863779979749872,0.30199845051834845,3.3112752674181127
898,0.8980007198599564,3.5866769304417696,0.3017577642878563,3.313916387072872
899,0.8990007198599564,3.5869757251317487,0.30156906637860925,3.3159899720766965
900,0.9000007198599564,3.5872744969706623,0.30143182792517353,3.317499704272227
901,0.9010007198599564,3.587572572873584,0.3013450218469628,3.3184553501860967
902,0.9020007198599564,3.587871095713657,0.30130743048344205,3.3188693634123756
903,0.9030007198599564,3.5881697046991246,0.3013182008802863,3.3187507328749115
904,0.9040007198599564,3.588468599573653,0.30137620278162264,3.318112016709563
905,0.9050007198599564,3.588767271995983,0.3014803691018541,3.3169655555985917
906,0.9060007198599564,3.589066411001781,0.3016293836778923,3.315326868379283
907,0.9070007198599565,3.5893661556311662,0.3018220024741647,3.3132110707720783
908,0.9080007198599565,3.5896658371961907,0.302056720989416,3.310636481533678
909,0.9090007198599565,3.589965978372131,0.3023319661104861,3.3076224550947875
910,0.9100007198599565,3.5902661416121004,0.3026460172906943,3.304190185458449
911,0.9110007198599565,3.5905668932710495,0.30299754077349084,3.3003568195543904
912,0.9120007198599565,3.5908681373773907,0.30338456511362427,3.296146590797979
913,0.9130007198599565,3.5911703504163817,0.3038052314418634,3.291582555224568
914,0.9140007198599565,3.5914732722255933,0.3042576368807564,3.2866882496425767
915,0.9150007198599565,3.5917762671716553,0.3047399183852264,3.2814867356362702
916,0.9160007198599565,3.592079860420139,0.305250180606843,3.2760013376961203
917,0.9170007198599565,3.5923839273976785,0.3057863922887569,3.270256706046261
918,0.9180007198599565,3.5926889966553937,0.30634669258384983,3.2642754898562876
919,0.9190007198599565,3.5929948225298953,0.3069291686943291,3.2580806974259926
920,0.9200007198599565,3.5933017700839827,0.3075319539053435,3.25169462002571
921,0.9210007198599565,3.593608789665563,0.30815274015866817,3.245143948696023
922,0.9220007198599565,3.5939170609913553,0.3087894764533195,3.238452331620092
923,0.9230007198599565,3.59422534675672,0.3094399146867366,3.231645151571206
924,0.9240007198599565,3.5945343129460907,0.3101021840120179,3.22474349281347
925,0.9250007198599565,3.594843999649739,0.31077431084252694,3.217769182043853
926,0.9260007198599565,3.595155139664588,0.3114539396527546,3.2107476345135253
927,0.9270007198599565,3.595466750725284,0.3121389081282559,3.203701858241608
928,0.9280007198599565,3.5957790265605647,0.31282720424978183,3.196652933040741
929,0.9290007198599565,3.596092557000207,0.31351671141372833,3.1896226376282786
930,0.9300007198599565,3.5964071638389847,0.31420529164673744,3.182632586354736
931,0.9310007198599564,3.5967219779696036,0.31489121678080734,3.1756998820836917
932,0.9320007198599564,3.597037648968332,0.31557235335775435,3.1688453990338368
933,0.9330007198599564,3.5973546885638825,0.31624669532824745,3.162088378384642
934,0.9340007198599564,3.5976720581781203,0.31691253552087084,3.155444761301161
935,0.9350007198599564,3.5979906689472267,0.31756788238271233,3.148933048572162
936,0.9360007198599564,3.598310138632274,0.3182111223365,3.1425677162300003
937,0.9370007198599564,3.5986300222772263,0.3188404824942407,3.1363645926550854
938,0.9380007198599564,3.5989509010256597,0.31945446643581876,3.1303365739633784
939,0.9390007198599564,3.5992725225386057,0.3200510880658622,3.1245011727446887
940,0.9400007198599564,3.5995951049795405,0.3206289612792591,3.1188698488438393
941,0.9410007198599564,3.5999179447943153,0.32118650450067426,3.1134558457075543
942,0.9420007198599564,3.600241578771365,0.32172231489781955,3.108270560335874
943,0.9430007198599564,3.6005659645304315,0.3222350378819097,3.1033248481391786
944,0.9440007198599564,3.6008903865295916,0.32272350291868274,3.0986277446671493
945,0.9450007198599564,3.6012160542498495,0.3231866179829688,3.0941875200188447
946,0.9460007198599564,3.6015420318671443,0.32362323297794654,3.0900130092580387
947,0.9470007198599564,3.6018685246612177,0.32403236611683917,3.086111464678258
948,0.9480007198599564,3.602196296156344,0.3244132511615373,3.0824881425760973
949,0.9490007198599564,3.6025240191226273,0.3247647109484784,3.0791522794440644
950,0.9500007198599564,3.6028520634176116,0.3250858970517306,3.076110065275674
951,0.9510007198599564,3.603180469596961,0.3253759419423729,3.073367975611145
952,0.9520007198599564,3.603509247967805,0.325634005532322,3.070932344320966
953,0.9530007198599564,3.6038385016929504,0.32585955551789925,3.0688067391814466
954,0.9540007198599564,3.604168021502282,0.32605196756788773,3.0669957536501866
955,0.9550007198599564,3.6044981774596536,0.32621070442434597,3.0655033278710744
956,0.9560007198599564,3.6048282692192353,0.32633543750930005,3.064331620348469
957,0.9570007198599564,3.605158697887574,0.3264260595365185,3.063480904128386
958,0.9580007198599564,3.6054890045980628,0.32648253392663135,3.0629509884431507
959,0.9590007198599564,3.6058195193213103,0.3265045924147496,3.062744056995462
960,0.9600007198599564,3.6061499039283107,0.3264920654973301,3.0628615690146916
961,0.9610007198599564,3.6064808587706008,0.32644524209597875,3.063300888012294
962,0.9620007198599564,3.6068115680109596,0.32636413101514994,3.064062208336184
963,0.9630007198599564,3.6071416055666563,0.32624925023362433,3.0651411437234213
964,0.9640007198599564,3.6074715843868654,0.32610076835574026,3.066536779542664
965,0.9650007198599564,3.6078016651085556,0.32591941426116866,3.0682431185233754
966,0.9660007198599564,3.6081313529889854,0.32570571812385046,3.0702561986331087
967,0.9670007198599564,3.6084605890333665,0.32546047948433515,3.072569676000036
968,0.9680007198599564,3.608789386890015,0.32518402074331804,3.075181854613157
969,0.9690007198599564,3.609118003446985,0.3248772130763435,3.0780859960313935
970,0.9700007198599564,3.6094462945764225,0.3245410762712874,3.0812740608652236
971,0.9710007198599564,3.609774180975975,0.3241764330762665,3.0847399686353443
972,0.9720007198599564,3.6101017221194236,0.32378419924073865,3.0884768384157137
973,0.9730007198599564,3.610428936851453,0.3233652671991199,3.092478078000338
974,0.9740007198599564,3.6107550080580735,0.3229209682445082,3.0967329419216387
975,0.9750007198599564,3.6110801243442747,0.3224525467015087,3.1012315152396384
976,0.9760007198599564,3.611404952549981,0.3219608475104976,3.105967721641666
977,0.9770007198599564,3.6117289001069626,0.3214470969323945,3.1109318128647345
978,0.9780007198599564,3.612052296538654,0.3209125411527568,3.1161138059855142
979,0.9790007198599564,3.6123751990182007,0.32035855948498304,3.1215023616276296
980,0.9800007198599564,3.6126973421573285,0.3197867849660238,3.1270835663401364
981,0.9810007198599564,3.6130185591141846,0.3191985344712948,3.1328464638985647
982,0.9820007198599564,3.6133392475587756,0.31859546354145063,3.1387766444762817
983,0.9830007198599564,3.6136583647471676,0.3179791260976402,3.1448605204762257
984,0.9840007198599564,3.613977085057701,0.31735124255275093,3.1510826677597694
985,0.9850007198599564,3.6142949211882467,0.3167134087934693,3.1574286791630786
986,0.9860007198599564,3.6146116487934616,0.31606704782267003,3.1638856593524163
987,0.9870007198599564,3.6149271092222377,0.3154137666958287,3.170438660543173
988,0.9880007198599564,3.615242731844682,0.31475526293250594,3.177071578353349
989,0.9890007198599564,3.6155567677830462,0.31409336118542897,3.1837667508344354
990,0.9900007198599564,3.6158696898044345,0.313429803428467,3.1905070579168027
991,0.9910007198599564,3.6161816714770887,0.31276620619979756,3.1972763686662233
992,0.9920007198599564,3.616493239943636,0.31210420556859875,3.2040580747003284
993,0.9930007198599564,3.616803715054861,0.3114458079002115,3.210831466129106
994,0.9940007198599564,3.6171135105446415,0.31079239921163626,3.2175819052738257
995,0.9950007198599564,3.61742252060735,0.3101458925251415,3.224289033326264
996,0.9960007198599564,3.6177306631027246,0.3095075860734604,3.2309385779082453
997,0.9970007198599564,3.618038067545089,0.3088794029640394,3.237509495304298
998,0.9980007198599564,3.6183449512259966,0.30826310708072197,3.2439820952629903
999,0.9990007198599564,3.6186506093035997,0.3076601722567768,3.2503394659916798
1000,1.0000007198599563,3.6189554110580744,0.3070723670988878,3.256561342356038
1001,1.0010007198599564,3.619259979193342,0.3065011538188685,3.262630458451602
1002,1.0020007198599563,3.6195641454669145,0.30594824268120485,3.2685266999294074
1003,1.0030007198599564,3.61986743368415,0.3054148919540718,3.274234578418592
1004,1.0040007198599563,3.6201699784529255,0.3049023725424818,3.279738336115016
1005,1.0050007198599564,3.6204719347617282,0.30441195094951223,3.2850221447641306
1006,1.0060007198599563,3.6207736546424543,0.3039448729599828,3.290070302096063
1007,1.0070007198599564,3.6210740665999377,0.3035027585419107,3.294862968640563
1008,1.0080007198599563,3.62137481769413,0.3030869351607771,3.299383391334683
1009,1.0090007198599564,3.6216750739639605,0.3026984392568356,3.30361795870217
1010,1.0100007198599563,3.621974939945563,0.30233811438423863,3.30755519209566
1011,1.0110007198599564,3.622274544494501,0.30200741337987386,3.3111769966460076
1012,1.0120007198599563,3.622573462929954,0.30170730406167295,3.3144706360691445
1013,1.0130007198599564,3.6228721894767615,0.30143845907259437,3.3174267247669733
1014,1.0140007198599563,3.623170478126015,0.3012019347460478,3.32003179475965
1015,1.0150007198599564,3.623468489295566,0.3009982610681957,3.3222783296194356
1016,1.0160007198599563,3.6237665462926505,0.30082800723024034,3.324158575549931
1017,1.0170007198599564,3.6240641809615677,0.30069182904895525,3.3256640300564713
1018,1.0180007198599563,3.6243620914084316,0.30059002615945013,3.3267903555440754
1019,1.0190007198599564,3.624659805948158,0.3005232613235608,3.3275294418003205
1020,1.0200007198599563,3.624956963828025,0.30049198548247325,3.327875778099003
1021,1.0210007198599564,3.625254679191954,0.3004963128698778,3.327827854024366
1022,1.0220007198599563,3.6255523054138483,0.3005362250542754,3.3273859077034884
1023,1.0230007198599564,3.6258500879455466,0.3006119419310883,3.3265478196778955
1024,1.0240007198599563,3.6261477449202086,0.30072346820836227,3.3253141364648338
1025,1.0250007198599564,3.626445545652098,0.3008707163747424,3.323686705204217
1026,1.0260007198599563,3.6267435364979628,0.30105328781061447,3.3216710811312464
1027,1.0270007198599564,3.6270417141027727,0.30127051683612016,3.319276013138592
1028,1.0280007198599563,3.6273401033470467,0.3015221652380436,3.3165057673638256
1029,1.0290007198599564,3.627639406994394,0.3018077415474864,3.313367625603666
1030,1.0300007198599563,3.627938698926777,0.30212666878425665,3.3098700092380207
1031,1.0310007198599564,3.628238998391563,0.3024777449809434,3.306028349500562
1032,1.0320007198599563,3.628539170640737,0.302860043288997,3.3018551709238637
1033,1.0330007198599565,3.628840143205421,0.30327314721072185,3.2973575445015406
1034,1.0340007198599563,3.6291411174995463,0.30371599973944996,3.2925496215473466
1035,1.0350007198599565,3.6294428052661054,0.3041872340027283,3.287448940053253
1036,1.0360007198599563,3.629744468615948,0.3046859128109821,3.28206837911922
1037,1.0370007198599565,3.6300468839981077,0.30521107140845377,3.2764211186223107
1038,1.0380007198599563,3.630349561772732,0.3057612413374893,3.270525707004939
1039,1.0390007198599565,3.6306526585362975,0.30633499996274394,3.264400085271414
1040,1.0400007198599563,3.6309570562889375,0.3069308679921412,3.258062659326935
1041,1.0410007198599565,3.6312617578083906,0.3075471817412181,3.2515336162027917
1042,1.0420007198599563,3.631567339646396,0.3081822033658416,3.244833702525336
1043,1.0430007198599565,3.6318730581325216,0.3088344566473927,3.237980667234083
1044,1.0440007198599563,3.6321802146411954,0.30950249664677215,3.2309917071243413
1045,1.0450007198599565,3.632488096566126,0.3101845767820536,3.22388692040815
1046,1.0460007198599564,3.632796450569889,0.3108787273309815,3.2166884128270885
1047,1.0470007198599565,3.633105974580705,0.31158334646114516,3.2094141466726342
1048,1.0480007198599564,3.6334165022175844,0.31229654474197993,3.202084739125763
1049,1.0490007198599565,3.633727748928884,0.3130163589352812,3.194721206909057
1050,1.0500007198599564,3.634040281152396,0.3137408076659204,3.187344379711124
1051,1.0510007198599565,3.634353340503125,0.3144680795440319,3.1799729926483042
1052,1.0520007198599564,3.6346668803095805,0.3151963962252121,3.1726251060481236
1053,1.0530007198599565,3.6349808285970853,0.3159237345900765,3.1653209003038008
1054,1.0540007198599564,3.6352962686648747,0.3166483991822806,3.158076916170809
1055,1.0550007198599565,3.6356126650979212,0.3173684494844111,3.150911823858279
1056,1.0560007198599564,3.635930184006297,0.31808202747661296,3.1438431398753743
1057,1.0570007198599565,3.6362485481784064,0.3187874236049038,3.1368866082978606
1058,1.0580007198599564,3.6365672969519767,0.31948265641606327,3.1300603645216247
1059,1.0590007198599565,3.636886473174762,0.3201660499196095,3.1233792597656436
1060,1.0600007198599564,3.637207198115677,0.3208358272274666,3.1168588889887867
1061,1.0610007198599565,3.637528323983839,0.32148987100959375,3.110517904839865
1062,1.0620007198599564,3.6378505651721875,0.3221264044198662,3.104371409108641
1063,1.0630007198599565,3.638174473559316,0.32274340375714106,3.098436678670226
1064,1.0640007198599564,3.638498614981258,0.3233394581615966,3.0927249203845273
1065,1.0650007198599565,3.6388238814008234,0.3239128416491441,3.0872502458027893
1066,1.0660007198599564,3.6391497940315687,0.32446178216388,3.0820270829151686
1067,1.0670007198599565,3.6394762319945544,0.32498486164512536,3.077066405302204
1068,1.0680007198599564,3.6398036368593933,0.32548032926518566,3.0723822919118664
1069,1.0690007198599565,3.6401309882967303,0.3259470108990253,3.0679833425740135
1070,1.0700007198599564,3.640459606567404,0.32638344392541874,3.06388090024722
1071,1.0710007198599565,3.640788758696801,0.32678848552965795,3.060083339164177
1072,1.0720007198599564,3.6411183051451013,0.327160430471082,3.0566043655098776
1073,1.0730007198599565,3.641448974498233,0.32749818462492064,3.053452040185465
1074,1.0740007198599564,3.6417797956728233,0.32780067740573077,3.0506343303319774
1075,1.0750007198599565,3.64211140045976,0.32806633598071305,3.048164015398367
1076,1.0760007198599564,3.642443009493227,0.3282940445648827,3.046049773231156
1077,1.0770007198599565,3.642774779942022,0.32848302604757085,3.044297332596967
1078,1.0780007198599564,3.643107057032276,0.3286323523982852,3.0429140427052426
1079,1.0790007198599565,3.643439604639026,0.3287412725199344,3.04190584995488
1080,1.0800007198599564,3.6437721969710495,0.3288092449289078,3.0412770182791276
1081,1.0810007198599565,3.6441049392536775,0.32883526421434806,3.041036375430099
1082,1.0820007198599564,3.6444379194360152,0.3288189948223412,3.0411868406212164
1083,1.0830007198599565,3.6447711807800753,0.3287599430718854,3.0417330975791774
1084,1.0840007198599564,3.645104288278111,0.3286576540067688,3.042679784902879
1085,1.0850007198599565,3.6454376433401197,0.3285118040182325,3.044030649031107
1086,1.0860007198599564,3.6457704427224225,0.32832176788380973,3.0457925663762
1087,1.0870007198599565,3.6461028535364592,0.3280872909206434,3.0479693291194154
1088,1.0880007198599564,3.646435047154919,0.3278080851621629,3.0505653925689824
1089,1.0890007198599565,3.64676658440107,0.32748448230868044,3.0535798000267373
1090,1.0900007198599564,3.647098346059252,0.32711670641054,3.0570129265882673
1091,1.0910007198599565,3.6474297848766817,0.3267046786965572,3.060868316883819
1092,1.0920007198599564,3.647760254480875,0.3262484076705058,3.065149059700389
1093,1.0930007198599565,3.648090085663174,0.32574828417393514,3.069855003337621
1094,1.0940007198599564,3.648418828886023,0.325205055374655,3.074982948367584
1095,1.0950007198599565,3.648747145781857,0.3246192385071206,3.0805321477521264
1096,1.0960007198599564,3.6490751997929607,0.32399134917734784,3.086502162909959
1097,1.0970007198599565,3.649402125451035,0.3233219111403099,3.092892765829398
1098,1.0980007198599564,3.6497280814994237,0.32261162064541554,3.0997023541786994
1099,1.0990007198599565,3.6500531636255062,0.3218612681919688,3.106928664071399
1100,1.1000007198599564,3.6503773091286194,0.3210717691722286,3.1145684423708464
1101,1.1010007198599565,3.650700815357234,0.3202438370553119,3.122620591843839
1102,1.1020007198599564,3.6510232437281407,0.31937865436517193,3.1310796333201956
1103,1.1030007198599565,3.651344577656443,0.31847709291481835,3.1399432557225255
1104,1.1040007198599564,3.651664706663607,0.3175404698120121,3.1492048890398516
1105,1.1050007198599565,3.651983750382201,0.31656985585084085,3.1588604584991598
1106,1.1060007198599564,3.6523014392181365,0.31556650353927757,3.16890414154978
1107,1.1070007198599565,3.652618111794004,0.3145318345118867,3.179328418542665
1108,1.1080007198599564,3.6529335323489796,0.3134675079511543,3.190123297103647
1109,1.1090007198599565,3.653247715949383,0.3123748698539693,3.2012818459675887
1110,1.1100007198599564,3.6535606451881137,0.3112552095446098,3.212797631445516
1111,1.1110007198599565,3.653872091153118,0.3101099082828154,3.2246631703493187
1112,1.1120007198599564,3.6541821477905345,0.3089406074096669,3.2368681099728738
1113,1.1130007198599565,3.6544908341332887,0.30774906095504106,3.2494006542105733
1114,1.1140007198599564,3.654798502345247,0.3065367624869416,3.2622514568463865
1115,1.1150007198599565,3.655105092519076,0.30530529562473907,3.2754099399216887
1116,1.1160007198599564,3.655409900582836,0.30405650682792096,3.2888623579627727
1117,1.1170007198599565,3.65571336549112,0.30279183808437893,3.302598928447108
1118,1.1180007198599564,3.65601497973178,0.30151293077443675,3.3166073422837865
1119,1.1190007198599565,3.656315877577108,0.30022173236155936,3.330871460017066
1120,1.1200007198599564,3.6566152012170363,0.2989194155811296,3.345383229978216
1121,1.1210007198599565,3.6569124990225705,0.2976080508893312,3.3601241532671473
1122,1.1220007198599564,3.657209165388485,0.2962899479003908,3.3750723137464935
1123,1.1230007198599563,3.6575039238242213,0.294966797828121,3.390212075945938
1124,1.1240007198599564,3.6577971309764092,0.29364020575644834,3.40552819537738
1125,1.1250007198599563,3.6580889634631766,0.29231200152050424,3.421002199014586
1126,1.1260007198599564,3.658379701454266,0.2909838358635767,3.4366170101243516
1127,1.1270007198599563,3.658668403571916,0.28965736545314114,3.4523548138870765
1128,1.1280007198599564,3.658955522199003,0.2883343934068319,3.4681953414729385
1129,1.1290007198599563,3.6592420832732953,0.2870170568366231,3.484113491447387
1130,1.1300007198599564,3.659527135579624,0.28570686139194285,3.500090950312056
1131,1.1310007198599563,3.6598108819225064,0.28440524240698833,3.516109589038392
1132,1.1320007198599564,3.6600936110670927,0.2831135089712871,3.5321521874161728
1133,1.1330007198599563,3.660374551412314,0.28183302585666525,3.5482002045728325
1134,1.1340007198599564,3.6606542052515945,0.280565392558023,3.5642314644818236
1135,1.1350007198599563,3.660932771193559,0.2793123849079959,3.5802207636778975
1136,1.1360007198599564,3.661210059406266,0.2780754249879886,3.5961466211665227
1137,1.1370007198599563,3.661485942828035,0.2768558315424438,3.611988212163389
1138,1.1380007198599564,3.6617605568844707,0.2756548385409896,3.627725184483932
1139,1.1390007198599563,3.66203422453526,0.27447403366907147,3.6433318905703205
1140,1.1400007198599564,3.662305966416096,0.2733144227295322,3.6587897192296537
1141,1.1410007198599563,3.662576802424421,0.2721775468667292,3.6740723528147847
1142,1.1420007198599564,3.6628463221034933,0.27106444045481615,3.6891596637394066
1143,1.1430007198599563,3.6631148758711225,0.2699760682753858,3.7040320143486283
1144,1.1440007198599564,3.663382846248186,0.2689139956616629,3.718661044545115
1145,1.1450007198599563,3.6636496200852964,0.26787884464641915,3.7330308831215406
1146,1.1460007198599564,3.663915923189881,0.2668714418047166,3.7471225592274156
1147,1.1470007198599563,3.6641801341129256,0.265892608633768,3.7609168797067545
1148,1.1480007198599564,3.66444386586499,0.2649430814939764,3.7743955960696995
1149,1.1490007198599563,3.6647059003842704,0.26402360713467865,3.787540102389023
1150,1.1500007198599564,3.6649674240430072,0.26313484422271805,3.8003328785814365
1151,1.1510007198599563,3.6652279446357805,0.26227725085618003,3.812759195605382
1152,1.1520007198599564,3.665487474911077,0.261451363371676,3.8248031569007823
1153,1.1530007198599563,3.6657462327653105,0.2606576552815832,3.836449763655398
1154,1.1540007198599564,3.6660042922675236,0.25989648083599354,3.8476858046840787
1155,1.1550007198599563,3.6662619643816035,0.2591681632833675,3.8584986185460863
1156,1.1560007198599564,3.6665190723580445,0.2584729998420592,3.868876055181986
1157,1.1570007198599563,3.6667751941930766,0.25781145216474927,3.8788036435284883
1158,1.1580007198599565,3.667030809395806,0.25718329565077264,3.8882774150226806
1159,1.1590007198599563,3.667285687663255,0.2565885344539087,3.8972902749854987
1160,1.1600007198599565,3.667540029505768,0.2560271163547885,3.9058362810845955
1161,1.1610007198599563,3.6677943299879727,0.2554990314151319,3.9139091622434035
1162,1.1620007198599565,3.668047603218142,0.2550045870304284,3.9214980861527606
1163,1.1630007198599563,3.6683005434934928,0.2545435791529764,3.928600372979815
1164,1.1640007198599565,3.668552804162445,0.25411594487998507,3.935211544762703
1165,1.1650007198599563,3.668804695790182,0.25372151006299887,3.941329214664144
1166,1.1660007198599565,3.6690567069789553,0.25335972734884965,3.946957199804314
1167,1.1670007198599563,3.669308114265983,0.2530302173478589,3.952097146663032
1168,1.1680007198599565,3.6695589615632938,0.2527327353803224,3.9567490079793566
1169,1.1690007198599563,3.669809351663426,0.25246725083646004,3.9609097682446226
1170,1.1700007198599565,3.6700594583677177,0.25223337448637123,3.964582411175062
1171,1.1710007198599564,3.6703093772345765,0.2520302480358018,3.9677777084040575
1172,1.1720007198599565,3.670559081879552,0.2518570195978694,3.9705067644994068
1173,1.1730007198599564,3.6708088635724145,0.25171329285585553,3.9727738994406363
1174,1.1740007198599565,3.6710581956429253,0.25159852413280653,3.9745861127235744
1175,1.1750007198599564,3.6713083438165763,0.2515116638131889,3.9759587481507546
1176,1.1760007198599565,3.6715578315570676,0.25145222878974566,3.9768985338211507
1177,1.1770007198599564,3.6718074841860515,0.25141972020263315,3.9774127470750678
1178,1.1780007198599565,3.672057359277013,0.25141336528147606,3.977513283275236
1179,1.1790007198599564,3.67230707917573,0.25143231173833236,3.9772135613210606
1180,1.1800007198599565,3.672557307157225,0.25147574240754345,3.976526683752235
1181,1.1810007198599564,3.6728074900102614,0.2515428609888454,3.9754656366270114
1182,1.1820007198599565,3.6730580221116336,0.2516328248445516,3.97404432675967
1183,1.1830007198599564,3.6733085726226444,0.2517448506301277,3.972275887657519
1184,1.1840007198599565,3.6735592876190735,0.25187788132498246,3.970177908197353
1185,1.1850007198599564,3.6738103306570156,0.2520309265384876,3.9677670265886604
1186,1.1860007198599565,3.674061563528893,0.2522032321413153,3.9650562425769267
1187,1.1870007198599564,3.6743132228200244,0.252393897781403,3.962060924571539
1188,1.1880007198599565,3.674564855350774,0.2526018898321459,3.958798569022982
1189,1.1890007198599564,3.674817321783811,0.25282631939785644,3.95528441177188
1190,1.1900007198599565,3.675069841632791,0.25306622998201045,3.951534742786844
1191,1.1910007198599564,3.675322329891574,0.25332086840007956,3.9475626556777033
1192,1.1920007198599565,3.675575910486009,0.2535888321397603,3.9433913219367263
1193,1.1930007198599564,3.6758295120628666,0.25386913819742674,3.9390372815711405
1194,1.1940007198599565,3.6760832977266245,0.25416106327219845,3.934512970340511
1195,1.1950007198599564,3.676337356007478,0.25446346881564136,3.929837177235446
1196,1.1960007198599565,3.6765920195095085,0.25477560843127695,3.9250225174900897
1197,1.1970007198599564,3.6768473222327995,0.2550963188130436,3.9200879285635066
1198,1.1980007198599565,3.6771030786953323,0.2554246406687255,3.9150490625411347
1199,1.1990007198599564,3.677358898797972,0.2557594153507018,3.9099244836354607
1200,1.2000007198599565,3.67761567459567,0.2560994096438827,3.9047337180142003
1201,1.2010007198599564,3.6778730451230963,0.25644355249733025,3.8994936322698566
1202,1.2020007198599565,3.6781307449073606,0.2567909043565882,3.894218926895353
1203,1.2030007198599564,3.6783889438340207,0.25714063946269616,3.888922428168231
1204,1.2040007198599565,3.678647218353333,0.25749209706498205,3.8836143376766814
1205,1.2050007198599564,3.6789057635400897,0.25784394570805813,3.87831483595214
1206,1.2060007198599565,3.6791650457005445,0.25819533938636013,3.8730366023517298
1207,1.2070007198599564,3.679425085000799,0.258545622319487,3.86778933260874
1208,1.2080007198599565,3.6796855857774893,0.2588938888642094,3.862586345267126
1209,1.2090007198599564,3.679946325823387,0.2592393404959986,3.8574392223291243
1210,1.2100007198599565,3.680207482977912,0.2595814091716913,3.852356003424667
1211,1.2110007198599564,3.6804688258735228,0.2599190537289704,3.847351649112828
1212,1.2120007198599565,3.6807305304957665,0.2602517561407963,3.842433245518618
1213,1.2130007198599564,3.680991660436541,0.2605787589753893,3.8376113384377826
1214,1.2140007198599565,3.681253716309792,0.2608992731337521,3.832896841714626
1215,1.2150007198599564,3.6815161412521147,0.26121261502143667,3.8282990272806465
1216,1.2160007198599565,3.6817791370549804,0.26151819008149463,3.82382579081164
1217,1.2170007198599564,3.6820424190436154,0.2618156299692445,3.819481671577323
1218,1.2180007198599565,3.682305842757722,0.26210422281916873,3.8152761876328913
1219,1.2190007198599564,3.6825699557691047,0.2623838851977863,3.811209668025896
1220,1.2200007198599565,3.6828343838922586,0.26265398534210876,3.8072904117464375
1221,1.2210007198599564,3.683098912156126,0.2629140789221431,3.803523965318459
1222,1.2220007198599565,3.6833634254655796,0.263164080939137,3.7999106733387142
1223,1.2230007198599564,3.683628211350046,0.2634033761142987,3.7964585524753094
1224,1.2240007198599565,3.683892756859208,0.2636316319493381,3.7931715272777637
1225,1.2250007198599564,3.6841577734211226,0.263848549421939,3.790053051990931
1226,1.2260007198599565,3.6844230133055014,0.2640541323884327,3.7871022542035644
1227,1.2270007198599564,3.6846888315309947,0.2642481180629833,3.7843221262285427
1228,1.2280007198599565,3.6849548135562284,0.26443023808012817,3.7817157646584203
1229,1.2290007198599564,3.685220834149837,0.2646002298647854,3.779286210412647
1230,1.2300007198599565,3.685486847921416,0.26475818650564775,3.777031461041029
1231,1.2310007198599564,3.6857526933892513,0.26490418375156616,3.7749498170924523
1232,1.2320007198599565,3.6860190794813867,0.2650382798288902,3.7730398818072772
1233,1.2330007198599564,3.6862856374454296,0.2651603013718739,3.7713036032401797
1234,1.2340007198599565,3.686552010531219,0.2652702165986839,3.769740956305162
1235,1.2350007198599564,3.6868182675429573,0.265368367023733,3.7683466617201056
1236,1.2360007198599565,3.687085157740445,0.2654549487965156,3.7671175637661576
1237,1.2370007198599564,3.6873518491544286,0.2655298838648445,3.7660544472237367
1238,1.2380007198599565,3.687618202020432,0.26559342949232373,3.7651533846732543
1239,1.2390007198599564,3.6878844868526413,0.26564587526420086,3.7644100402667258
1240,1.2400007198599565,3.688150798892751,0.26568771025249677,3.7638172990750993
1241,1.2410007198599564,3.6884175798028265,0.2657192013486737,3.763371238978742
1242,1.2420007198599565,3.688684130977818,0.2657410865122125,3.76306130574221
1243,1.2430007198599564,3.688950647175444,0.26575354190438427,3.7628849378037303
1244,1.2440007198599565,3.689217547659743,0.2657571407100119,3.7628339819142513
1245,1.2450007198599564,3.689484467105642,0.26575191591810016,3.762907960777154
1246,1.2460007198599565,3.689750802163304,0.2657385190527573,3.763097662937864
1247,1.2470007198599564,3.6900172295706573,0.265717340016722,3.7633976011391224
1248,1.2480007198599565,3.6902835695242575,0.265688825964636,3.7638014936055426
1249,1.2490007198599564,3.6905497086027883,0.2656536093578984,3.7643004452943942
1250,1.2500007198599565,3.6908161547864355,0.2656123243814242,3.7648855425999797
1251,1.2510007198599564,3.6910825565274883,0.2655653628824856,3.7655513096506734
1252,1.2520007198599563,3.6913485674251207,0.26551308933664947,3.766292661873553
1253,1.2530007198599564,3.6916144779902713,0.26545586930771303,3.7671045006762043
1254,1.2540007198599563,3.6918801006751516,0.2653945672901882,3.767974643228391
1255,1.2550007198599564,3.692145799834227,0.26532987085777826,3.76889340339678
1256,1.2560007198599563,3.6924111182560013,0.26526218008216257,3.7698551662745854
1257,1.2570007198599564,3.6926765693570203,0.2651920549099014,3.770852035290984
1258,1.2580007198599563,3.6929414599077877,0.26512023222361575,3.771873582083127
1259,1.2590007198599564,3.6932064187820144,0.26504745356963727,3.7729092905141415
1260,1.2600007198599563,3.6934710777323723,0.2649742199543453,3.77395204775883
1261,1.2610007198599564,3.6937355915482235,0.26490122421650125,3.774991991666711
1262,1.2620007198599563,3.694000451969522,0.26482868682116484,3.7760259736336126
1263,1.2630007198599564,3.6942647363970424,0.2647574453278888,3.777042034687826
1264,1.2640007198599563,3.6945291278578947,0.26468803816487185,3.778032460148837
1265,1.2650007198599564,3.6947927443991366,0.264621066975844,3.7789886173019074
1266,1.2660007198599563,3.6950571164972796,0.2645569545852304,3.7799044125216423
1267,1.2670007198599564,3.695321457772177,0.2644960897141433,3.7807742302759926
1268,1.2680007198599563,3.6955854318488743,0.26443860560775523,3.7815961013019077
1269,1.2690007198599564,3.695849391868115,0.2643852795850273,3.7823588422531533
1270,1.2700007198599563,3.696113509786355,0.26433655601452416,3.783056021752263
1271,1.2710007198599564,3.6963771630934317,0.26429301337183164,3.7836792855099364
1272,1.2720007198599563,3.6966409424517623,0.2642550991553659,3.7842221519898125
1273,1.2730007198599564,3.6969042943840327,0.26422316670166507,3.784679490762073
1274,1.2740007198599563,3.6971682921898674,0.26419782417098386,3.785042526893858
1275,1.2750007198599564,3.6974318954266345,0.2641791131244553,3.785310610566317
1276,1.2760007198599563,3.6976949550679294,0.26416753864407044,3.7854764636595375
1277,1.2770007198599564,3.6979586771184723,0.26416340911838854,3.7855356399940914
1278,1.2780007198599563,3.6982216740655605,0.2641669541140827,3.7854848398946284
1279,1.2790007198599564,3.6984853608026707,0.2641787745709324,3.785315461562558
1280,1.2800007198599563,3.6987490961030436,0.2641987529098641,3.7850292213194776
1281,1.2810007198599564,3.699012637221478,0.2642270800047769,3.78462343822564
1282,1.2820007198599563,3.699276342727313,0.26426418038957294,3.7840921101218488
1283,1.2830007198599565,3.6995396111625274,0.264310522441637,3.783428638263209
1284,1.2840007198599563,3.6998031085405447,0.2643664979594642,3.782627555755313
1285,1.2850007198599565,3.700066256316622,0.26443224032931706,3.781687129960499
1286,1.2860007198599563,3.7003298210341047,0.26450786901004125,3.780605861529352
1287,1.2870007198599565,3.7005937117594456,0.2645935676962096,3.7793813685907125
1288,1.2880007198599563,3.7008573958016173,0.264689556989464,3.778010781285962
1289,1.2890007198599565,3.701121356700358,0.2647957515557253,3.7764956353144266
1290,1.2900007198599563,3.7013854716677272,0.26491196976469633,3.7748388677500433
1291,1.2910007198599565,3.7016497092788128,0.26503847729456753,3.7730370707215686
1292,1.2920007198599563,3.70191433214999,0.26517516206300257,3.7710922554745587
1293,1.2930007198599565,3.702178823074571,0.26532197010781744,3.7690056333956643
1294,1.2940007198599563,3.702443584447224,0.2654791072548312,3.7667747580607474
1295,1.2950007198599565,3.7027078754466194,0.2656466345373406,3.7643992808026145
1296,1.2960007198599564,3.7029728014870544,0.2658245034809238,3.761880439557606
1297,1.2970007198599565,3.703238077155332,0.266012544535456,3.7592212117151234
1298,1.2980007198599564,3.70350361198486,0.26621106489597174,3.756417864865135
1299,1.2990007198599565,3.7037692225891155,0.2664198196848714,3.75347450194519
1300,1.3000007198599564,3.704034307656979,0.26663874316330716,3.7503927153884535
1301,1.3010007198599565,3.704300233358513,0.2668680403038499,3.747170320063139
1302,1.3020007198599564,3.7045665861984842,0.267107213297022,3.743815030888008
1303,1.3030007198599565,3.7048332665836323,0.267355862632352,3.740333165520017
1304,1.3040007198599564,3.7051001891828457,0.2676140838539754,3.7367241125682074
1305,1.3050007198599565,3.705366672932692,0.2678820904324288,3.732985651955118
1306,1.3060007198599564,3.705634126939071,0.2681592504629492,3.729127368433509
1307,1.3070007198599565,3.7059023966785842,0.26844536594795126,3.7251527753840588
1308,1.3080007198599564,3.7061706582151217,0.268740272429407,3.7210649187783384
1309,1.3090007198599565,3.7064393187239126,0.26904401806190587,3.7168639065221822
1310,1.3100007198599564,3.706708477845738,0.2693564094080666,3.7125532011567284
1311,1.3110007198599565,3.7069775003204914,0.2696769966585751,3.708139783483466
1312,1.3120007198599564,3.7072471666888362,0.27000572532318995,3.7036251686997583
1313,1.3130007198599565,3.70751728927832,0.27034252929888675,3.6990110383054624
1314,1.3140007198599564,3.707787498834513,0.27068692562167684,3.694304768149907
1315,1.3150007198599565,3.708058417616853,0.2710387306977553,3.6895096041278865
1316,1.3160007198599564,3.7083298153087982,0.271397618502179,3.6846307109064447
1317,1.3170007198599565,3.7086015382412625,0.27176328433338587,3.6796729273158513
1318,1.3180007198599564,3.708873640271199,0.2721354302431826,3.674640965001842
1319,1.3190007198599565,3.709145601159859,0.272513944485366,3.6695369915417304
1320,1.3200007198599564,3.7094184468627067,0.27289859816514417,3.6643647373917676
1321,1.3210007198599565,3.709691770583508,0.273289017508987,3.6591298439832673
1322,1.3220007198599564,3.7099658265006434,0.2736845922334162,3.653841057837609
1323,1.3230007198599565,3.710240018407629,0.27408541261030306,3.6484977090765804
1324,1.3240007198599564,3.710514400096095,0.2744912396290447,3.64310351525764
1325,1.3250007198599565,3.7107894556609544,0.27490185352811897,3.637661904297465
1326,1.3260007198599564,3.711064996767595,0.27531678326554093,3.632179586507473
1327,1.3270007198599565,3.711341042721532,0.275735978261744,3.6266576683393272
1328,1.3280007198599564,3.7116167654045475,0.27615943197829584,3.621096671717491
1329,1.3290007198599565,3.7118933884272196,0.2765868055454903,3.6155014626521282
1330,1.3300007198599564,3.7121705333661605,0.27701786015770363,3.609875548929262
1331,1.3310007198599565,3.712447715424019,0.27745241090048284,3.6042216996942296
1332,1.3320007198599564,3.7127255577105363,0.27789023333757634,3.5985431657298186
1333,1.3330007198599565,3.7130040269671483,0.278331244453859,3.5928413353743234
1334,1.3340007198599564,3.7132829418861504,0.2787751477474706,3.5871203300584504
1335,1.3350007198599565,3.7135624491716426,0.27922171101938525,3.581383397262307
1336,1.3360007198599564,3.713842242572258,0.2796706179129651,3.575634821642955
1337,1.3370007198599565,3.7141230079015632,0.2801215844582159,3.5698784223789946
1338,1.3380007198599564,3.7144042292562793,0.2805748204341039,3.5641116991638992
1339,1.3390007198599565,3.714685496687832,0.2810302084277157,3.5583363283068974
1340,1.3400007198599564,3.714966902648495,0.2814874033785434,3.552556839125064
1341,1.3410007198599565,3.7152488426754746,0.281946277934719,3.5467749648092077
1342,1.3420007198599564,3.7155311780432534,0.28240652037149744,3.5409947287496393
1343,1.3430007198599565,3.715813999889908,0.282868134810086,3.535216155299313
1344,1.3440007198599564,3.7160978341147257,0.28333110986130744,3.5294394621526277
1345,1.3450007198599565,3.716381782861262,0.28379532394042584,3.5236662328161525
1346,1.3460007198599564,3.716665763694078,0.28426069407401716,3.5178975526585297
1347,1.3470007198599565,3.716950394915148,0.28472700509783944,3.5121361237104103
1348,1.3480007198599564,3.7172350174411997,0.28519419195522283,3.506382767279517
1349,1.3490007198599565,3.717520654291437,0.2856621424887103,3.5006388711081
1350,1.3500007198599564,3.7178069964279397,0.2861308020635842,3.49490510210005
1351,1.3510007198599565,3.7180935816118192,0.28659996801748316,3.4891839204217847
1352,1.3520007198599564,3.7183812501124023,0.28706934235542214,3.4834789106873503
1353,1.3530007198599565,3.7186686731104537,0.2875389724114791,3.4777894335970654
1354,1.3540007198599564,3.7189564966322273,0.2880092172628585,3.4721110994420923
1355,1.3550007198599565,3.7192445111552503,0.2884799847675685,3.4664449972351155
1356,1.3560007198599564,3.7195331982509194,0.2889511049031326,3.4607931343098275
1357,1.3570007198599565,3.719822107256067,0.28942230479956393,3.4551587193410627
1358,1.3580007198599564,3.7201114889682634,0.2898937735623399,3.4495394216701105
1359,1.3590007198599565,3.720401697990053,0.2903655944272685,3.443934196034656
1360,1.3600007198599564,3.720692203884805,0.2908374668104931,3.438346547873044
1361,1.3610007198599565,3.720983213090404,0.2913095429007673,3.4327746013478295
1362,1.3620007198599564,3.721275079665955,0.29178173907886945,3.4272192740947958
1363,1.3630007198599565,3.721567633513451,0.2922537792269183,3.421683725169409
1364,1.3640007198599564,3.7218604160010518,0.29272593627777554,3.416164664859328
1365,1.3650007198599565,3.7221536544645697,0.2931981164241082,3.410663111332918
1366,1.3660007198599564,3.7224472321574766,0.29367029193643934,3.4051793029729933
1367,1.3670007198599565,3.722740736197701,0.2941422633549405,3.3997154594316266
1368,1.3680007198599564,3.7230349235420204,0.29461442941495536,3.3942668795476094
1369,1.3690007198599565,3.723329853625456,0.29508678925743054,3.3888335106984773
1370,1.3700007198599564,3.723624760930621,0.2955596734000956,3.383411507043831
1371,1.3710007198599565,3.7239205207624275,0.2960328593223102,3.3780033820881856
1372,1.3720007198599564,3.7242169075018094,0.29650619305524833,3.3726108372167083
1373,1.3730007198599565,3.7245138568475764,0.29697971672994894,3.367233328292669
1374,1.3740007198599564,3.7248107181704193,0.2974532303746037,3.3618730539272677
1375,1.3750007198599565,3.725108246654598,0.2979270127426596,3.3565267908881093
1376,1.3760007198599564,3.7254062766724387,0.29840103979796173,3.351194756818105
1377,1.3770007198599565,3.72570542447259,0.2988751236610334,3.3458790004019914
1378,1.3780007198599564,3.7260048992051664,0.2993494500430063,3.3405773748919003
1379,1.3790007198599563,3.7263045489396873,0.29982392498341776,3.3352908713182465
1380,1.3800007198599564,3.72660474334518,0.3002985026044786,3.3300199345885324
1381,1.3810007198599563,3.7269052433789596,0.30077328555516086,3.3247633617268284
1382,1.3820007198599564,3.727206083149736,0.3012483410973902,3.3195203543932923
1383,1.3830007198599563,3.7275072756560474,0.30172365292017084,3.3142910418911606
1384,1.3840007198599564,3.7278088636598308,0.3021993359340144,3.309074114637867
1385,1.3850007198599563,3.7281113347552655,0.30267526952594215,3.303870849991233
1386,1.3860007198599564,3.7284143858900443,0.3031516442052848,3.298679123517573
1387,1.3870007198599563,3.7287179957774437,0.30362825996048093,3.2935010730890335
1388,1.3880007198599564,3.7290216145992647,0.30410516705385826,3.288336103223448
1389,1.3890007198599563,3.729325599703245,0.3045826118180204,3.283181512007889
1390,1.3900007198599564,3.729630042532709,0.3050604176606274,3.2780391755461262
1391,1.3910007198599563,3.729935597952992,0.3055384178644708,3.272910840441594
1392,1.3920007198599564,3.7302412575341415,0.3060166356949768,3.2677962024154588
1393,1.3930007198599563,3.7305475052184858,0.3064949973791789,3.262695993575564
1394,1.3940007198599564,3.730854196299024,0.3069733413407597,3.257611868289035
1395,1.3950007198599563,3.7311618385293195,0.3074516899213023,3.252543514254118
1396,1.3960007198599564,3.7314691922555503,0.30792981129880814,3.247493303042434
1397,1.3970007198599563,3.73177744741056,0.3084078411486173,3.2424597126832273
1398,1.3980007198599564,3.732086006667228,0.3088861716987959,3.2374385505840313
1399,1.3990007198599563,3.73239533998519,0.3093647406214561,3.232430424977282
1400,1.4000007198599564,3.732705113540035,0.30984314694523585,3.2274394636740116
1401,1.4010007198599563,3.733015081958244,0.31032150281313053,3.222464414920613
1402,1.4020007198599564,3.733325665354004,0.31079968615977727,3.2175064664830955
1403,1.4030007198599563,3.733637055385314,0.3112774213846869,3.212568375668234
1404,1.4040007198599564,3.733949056285897,0.3117549498852344,3.2076475461516414
1405,1.4050007198599563,3.7342613014245716,0.31223222316045635,3.202744386462954
1406,1.4060007198599564,3.7345741227006566,0.3127094956433226,3.1978562017848122
1407,1.4070007198599563,3.734887188311206,0.31318641584785395,3.1929865070706014
1408,1.4080007198599565,3.735200403486421,0.31366283954558943,3.1881366675399705
1409,1.4090007198599563,3.735514438764468,0.31413944504681046,3.183299696257464
1410,1.4100007198599565,3.7358288196401324,0.3146163621311048,3.178474232002234
1411,1.4110007198599563,3.7361440295733006,0.3150934876285763,3.173661275979061
1412,1.4120007198599565,3.736459772641098,0.31557063905699373,3.168862613417577
1413,1.4130007198599563,3.736775299038089,0.31604775206848784,3.164078824972307
1414,1.4140007198599565,3.737091285774696,0.31652499482635066,3.1593081631629496
1415,1.4150007198599563,3.7374083110583043,0.31700247408609955,3.154549512217355
1416,1.4160007198599565,3.7377256262195497,0.3174803414206701,3.1498013247849346
1417,1.4170007198599563,3.7380435475246743,0.31795862704083905,3.1450632722462935
1418,1.4180007198599565,3.7383615583786103,0.3184372999843695,3.1403356329459053
1419,1.4190007198599563,3.7386800251194954,0.3189160690549164,3.135621240295054
1420,1.4200007198599565,3.7389990979676173,0.319395097276483,3.130918440912555
1421,1.4210007198599564,3.7393189799858777,0.3198742581745467,3.1262284302174987
1422,1.4220007198599565,3.739639292727414,0.3203530683441104,3.1215558669968475
1423,1.4230007198599564,3.7399596624520752,0.3208317803653979,3.1168982039780846
1424,1.4240007198599565,3.740280834395487,0.3213102699476527,3.112256574192036
1425,1.4250007198599564,3.740602369012616,0.3217886980299135,3.107629342243213
1426,1.4260007198599565,3.7409246066130115,0.32226712126581714,3.1030158958572915
1427,1.4270007198599564,3.7412470457823015,0.32274547851231467,3.0984167605057373
1428,1.4280007198599565,3.7415697146919857,0.32322382639906433,3.093831327785107
1429,1.4290007198599564,3.741893150828895,0.3237023161687984,3.0892580931627878
1430,1.4300007198599565,3.742216765483935,0.32418084101222067,3.0846980249591707
1431,1.4310007198599564,3.7425409044676723,0.32465951878482696,3.080149948299422
1432,1.4320007198599565,3.7428657792682465,0.32513806611608925,3.07561649715587
1433,1.4330007198599564,3.7431909451251606,0.32561658542518385,3.0710966356158402
1434,1.4340007198599565,3.7435173177099834,0.32609517040475317,3.0665894216059324
1435,1.4350007198599564,3.743843563661402,0.32657383137329615,3.0620947054907526
1436,1.4360007198599565,3.744170560901,0.3270525724798037,3.0576123967401374
1437,1.4370007198599564,3.7444973057102215,0.3275314691377023,3.0531417412583806
1438,1.4380007198599565,3.7448248034738776,0.32801027132171695,3.048685018217574
1439,1.4390007198599564,3.7451530765841334,0.32848906984882165,3.0442413212111545
1440,1.4400007198599565,3.7454817505163303,0.32896768688562755,3.0398122364755866
1441,1.4410007198599564,3.745810865378777,0.32944651038303663,3.0353941185697577
1442,1.4420007198599565,3.7461402027812047,0.32992531329306,3.0309890139036963
1443,1.4430007198599564,3.7464707747182855,0.33040408552558076,3.0265969575081946
1444,1.4440007198599565,3.7468018927113937,0.33088305433495646,3.0222158158262444
1445,1.4450007198599564,3.7471331083203516,0.3313622959076647,3.017844855464949
1446,1.4460007198599565,3.7474647408077386,0.3318416390740645,3.0134855974985335
1447,1.4470007198599564,3.747796607592997,0.3323205952170859,3.0091424196768712
1448,1.4480007198599565,3.7481290788103485,0.33279919353945775,3.0048149737521426
1449,1.4490007198599564,3.7484620871049072,0.3332776694885495,3.000501058275545
1450,1.4500007198599565,3.7487958053051864,0.3337561437746919,2.996199526667194
1451,1.4510007198599564,3.7491298510840583,0.33423447825471675,2.9919115622712926
1452,1.4520007198599565,3.749464173209273,0.3347127178172844,2.9876367008733973
1453,1.4530007198599564,3.7497991160637123,0.3351912826929892,2.9833711424885925
1454,1.4540007198599565,3.7501343880042723,0.33566988560024275,2.979117409391094
1455,1.4550007198599564,3.750469750445867,0.33614816312268797,2.9748786687107915
1456,1.4560007198599565,3.7508060010626316,0.3366260411567767,2.970655498200956
1457,1.4570007198599564,3.7511425565249534,0.3371035364310581,2.9664476694225144
1458,1.4580007198599565,3.7514797123960943,0.33758077699695066,2.96225397931658
1459,1.4590007198599564,3.751817189005517,0.33805780114104006,2.95807402350935
1460,1.4600007198599565,3.752155248484806,0.3385347147073864,2.9539068123762533
1461,1.4610007198599564,3.752493473455236,0.33901135910218694,2.949753667984245
1462,1.4620007198599565,3.7528325037739116,0.3394877544942536,2.945614346207373
1463,1.4630007198599564,3.7531725028956817,0.339964065155289,2.9414873585042565
1464,1.4640007198599565,3.753512428308843,0.3404401203674859,2.9373741230045285
1465,1.4650007198599564,3.7538531964792536,0.3409157142976556,2.9332763438616203
1466,1.4660007198599565,3.754194213231855,0.34139099690825614,2.9291926531640065
1467,1.4670007198599564,3.7545359021997347,0.3418655891925104,2.9251262239115934
1468,1.4680007198599565,3.7548775654672895,0.34233978621535277,2.9210744420192474
1469,1.4690007198599564,3.75522052361223,0.34281339718429393,2.9170388561635106
1470,1.4700007198599565,3.7555639631301942,0.34328654133929165,2.9130183668098923
1471,1.4710007198599564,3.755907964166158,0.34375894532898527,2.9090152084419993
1472,1.4720007198599565,3.756252850944475,0.3442306662695377,2.9050288018702703
1473,1.4730007198599564,3.756597651664013,0.34470179369623044,2.9010583010811173
1474,1.4740007198599565,3.756942960411072,0.3451715248847042,2.897110357912706
1475,1.4750007198599564,3.757288614555858,0.34564018065753666,2.893182147103461
1476,1.4760007198599565,3.757634660998814,0.3461075745647068,2.889275108346536
1477,1.4770007198599564,3.7579814621724896,0.3465736898076091,2.8853892531632237
1478,1.4780007198599565,3.758328021618368,0.3470387186623477,2.881522856741967
1479,1.4790007198599564,3.7586753005265696,0.3475026497764821,2.877675898711023
1480,1.4800007198599565,3.7590231727101178,0.3479656103079536,2.873847214714662
1481,1.4810007198599564,3.759371632587206,0.3484272580391266,2.8700395188016694
1482,1.4820007198599565,3.7597203733557962,0.34888749417135756,2.8662534963458617
1483,1.4830007198599564,3.760069115652149,0.349346625699017,2.8624865003320794
1484,1.4840007198599565,3.7604184871256723,0.3498044022116976,2.8587404666074256
1485,1.4850007198599564,3.760768161664303,0.35026107824828934,2.8550131947322184
1486,1.4860007198599565,3.7611185683043065,0.3507164701576373,2.851306069402808
1487,1.4870007198599564,3.761469590977534,0.3511704101292863,2.8476203323390537
1488,1.4880007198599565,3.761821093962824,0.35162322212010994,2.843953234858911
1489,1.4890007198599564,3.7621724105183163,0.35207512164590876,2.840302931161738
1490,1.4900007198599565,3.7625245276399553,0.35252591974530195,2.8366708488343058
1491,1.4910007198599564,3.76287695396529,0.3529755945039729,2.8330570599513347
1492,1.4920007198599565,3.7632302814370093,0.35342417887354577,2.829461196421984
1493,1.4930007198599564,3.763584406893875,0.3538716114059155,2.8258836475382876
1494,1.4940007198599565,3.76393878847895,0.3543181249052268,2.822322454623174
1495,1.4950007198599564,3.7642935190090125,0.35476375601772364,2.818777237069395
1496,1.4960007198599565,3.764649026371577,0.35520800987415374,2.8152518304817757
1497,1.4970007198599564,3.7650049662731946,0.3556509238846022,2.8117458239036357
1498,1.4980007198599565,3.7653610871367165,0.3560925414143161,2.8082587633771667
1499,1.4990007198599564,3.7657177465469167,0.3565330197767768,2.8047893028984916
1500,1.5000007198599565,3.766074468565893,0.3569723746280829,2.8013372212397813
1501,1.5010007198599564,3.7664319874301793,0.3574107750833508,2.797901097880423
1502,1.5020007198599565,3.7667894508093207,0.35784819081120683,2.794481083537401
1503,1.5030007198599564,3.7671473154316537,0.35828468907294114,2.7910765670380506
1504,1.5040007198599565,3.767505563742898,0.35872028869243117,2.7876873194016794
1505,1.5050007198599564,3.767864409233115,0.3591549305283601,2.7843137181184723
1506,1.5060007198599565,3.76822414366014,0.3595884505204406,2.780956948290962
1507,1.5070007198599564,3.768584283461018,0.3600213574026607,2.7776129927802153
1508,1.5080007198599563,3.7689446834114047,0.36045344756778125,2.7742833554448265
1509,1.5090007198599564,3.76930606277168,0.3608847171841796,2.7709679916693295
1510,1.5100007198599563,3.7696670206731544,0.36131504704458217,2.7676677408804715
1511,1.5110007198599564,3.7700285924888184,0.3617446913659578,2.764380580745975
1512,1.5120007198599563,3.7703906363135755,0.36217378891391405,2.7611053881033127
1513,1.5130007198599564,3.7707531696702046,0.3626020627855453,2.7578442116900828
1514,1.5140007198599563,3.7711160835340283,0.363029793234351,2.7545948531955835
1515,1.5150007198599564,3.771478999708552,0.36345715088899033,2.7513559646689334
1516,1.5160007198599563,3.7718430110676846,0.36388411372842966,2.7481276655740734
1517,1.5170007198599564,3.7722069704777907,0.3643108127670053,2.744908921052391
1518,1.5180007198599563,3.7725717106195007,0.364737272926929,2.741699503248572
1519,1.5190007198599564,3.7729364678896022,0.36516327120090003,2.7385010456044334
1520,1.5200007198599563,3.773301631714801,0.3655885933476379,2.7353151006248733
1521,1.5210007198599564,3.773667659051339,0.3660134581763538,2.7321399737115044
1522,1.5220007198599563,3.7740335289970175,0.3664380624788787,2.7289741497791034
1523,1.5230007198599564,3.7744002730168833,0.36686232090925974,2.725818223908967
1524,1.5240007198599563,3.7747671551099993,0.36728655439373387,2.7226697738790424
1525,1.5250007198599564,3.7751350151447305,0.36771076643391487,2.719528747276211
1526,1.5260007198599563,3.7755028257545473,0.36813504177516737,2.7163944925697514
1527,1.5270007198599564,3.775871403722205,0.36855942172414063,2.7132666838957653
1528,1.5280007198599563,3.7762404970614294,0.3689839899807394,2.7101446869068737
1529,1.5290007198599564,3.7766097372311767,0.369408751085432,2.707028453066433
1530,1.5300007198599563,3.776979030727031,0.36983372958483124,2.703917787927516
1531,1.5310007198599564,3.7773490136386485,0.3702591210898001,2.7008112509332807
1532,1.5320007198599563,3.7777190236445457,0.3706849410651924,2.697708725707662
1533,1.5330007198599565,3.7780898310162803,0.37111114426283665,2.6946105377308682
1534,1.5340007198599563,3.7784608679244456,0.37153802874656366,2.691514522412799
1535,1.5350007198599565,3.778832553517078,0.3719657224260862,2.688419764804299
1536,1.5360007198599563,3.7792048939603613,0.3723941788591449,2.6853266156403643
1537,1.5370007198599565,3.7795770625903082,0.37282311704403764,2.6822371099962683
1538,1.5380007198599563,3.779949847179683,0.3732528018256786,2.679149346257374
1539,1.5390007198599565,3.780322880253933,0.3736827819362939,2.6760665685968954
1540,1.5400007198599563,3.7806969625681153,0.37411317988920945,2.672987891782219
1541,1.5410007198599565,3.781071018222224,0.37454402071019977,2.6699131335852813
1542,1.5420007198599563,3.781445113220578,0.37497550838320537,2.6668408406504573
1543,1.5430007198599565,3.781820456341842,0.37540737504122584,2.663772921057248
1544,1.5440007198599563,3.782196082718941,0.37583972052338005,2.6607086622122806
1545,1.5450007198599565,3.782571854110957,0.3762725985464065,2.6576476837886664
1546,1.5460007198599564,3.782948600630513,0.3767061933565469,2.6545886891047594
1547,1.5470007198599565,3.7833259379989257,0.37714041540515236,2.651532318342826
1548,1.5480007198599564,3.783703212635879,0.37757528157926523,2.6484784592289783
1549,1.5490007198599565,3.784080773612407,0.3780106675355755,2.645427988896339
1550,1.5500007198599564,3.784458907365037,0.37844656561953377,2.6423809616635197
1551,1.5510007198599565,3.784837685241655,0.3788833788812405,2.6393345703176014
1552,1.5520007198599564,3.785216853667593,0.37932084524502463,2.6362906561437294
1553,1.5530007198599565,3.785596958132715,0.37975916680843746,2.633247824941726
1554,1.5540007198599564,3.7859767614052733,0.38019828166542435,2.630206521764354
1555,1.5550007198599565,3.7863572375361136,0.38063847100947457,2.627164819541083
1556,1.5560007198599564,3.786738256685275,0.38107940726479345,2.6241250010792343
1557,1.5570007198599565,3.7871197857948045,0.38152109704603954,2.6210870322574227
1558,1.5580007198599564,3.7875015042698332,0.3819638094774032,2.6180490800114913
1559,1.5590007198599565,3.7878838780327264,0.3824074935214675,2.615011517664892
1560,1.5600007198599564,3.7882662791420962,0.3828523390720637,2.6119730714555502
1561,1.5610007198599565,3.788649006237859,0.38329817904557517,2.6089349093440313
1562,1.5620007198599564,3.7890326622032084,0.38374491657278353,2.6058977117689937
1563,1.5630007198599565,3.789416264231639,0.38419226300625076,2.60286345220786
1564,1.5640007198599564,3.7898000937394594,0.3846402737149702,2.5998317605738537
1565,1.5650007198599565,3.790185227004197,0.3850889970444282,2.596802317581223
1566,1.5660007198599564,3.790570635780911,0.3855384201576763,2.593775218539888
1567,1.5670007198599565,3.790956971241231,0.38598861117286215,2.5907500145183233
1568,1.5680007198599564,3.7913431941846967,0.38643954915214307,2.587726857134634
1569,1.5690007198599565,3.7917302795203582,0.3868909804241035,2.584707451447476
1570,1.5700007198599564,3.792117610150828,0.38734301902569424,2.581691035804276
1571,1.5710007198599565,3.7925053667259174,0.38779584311866994,2.578676429221003
1572,1.5720007198599564,3.7928936870617833,0.3882497671940478,2.5756615573196173
1573,1.5730007198599565,3.7932817230894806,0.38870493686592683,2.5726454828767014
1574,1.5740007198599564,3.793670579587089,0.3891613631201781,2.569628166533035
1575,1.5750007198599565,3.7940601580363307,0.38961881557720673,2.5666111594701473
1576,1.5760007198599564,3.794450554875852,0.3900770184004687,2.5635962972147204
1577,1.5770007198599565,3.794841059264164,0.39053606568966037,2.5605829726226883
1578,1.5780007198599564,3.795232087092243,0.3909959769127137,2.557571072459502
1579,1.5790007198599565,3.795623845302214,0.39145642190513985,2.554562766228743
1580,1.5800007198599564,3.7960159470839527,0.39191751454446366,2.551557312161277
1581,1.5810007198599565,3.7964083831815034,0.3923793423083137,2.5485541469057402
1582,1.5820007198599564,3.7968011427508084,0.3928418342288846,2.5455537391095726
1583,1.5830007198599565,3.797193859082017,0.393305019035158,2.5425559085240375
1584,1.5840007198599564,3.797587423371386,0.3937692381313001,2.5395584600403844
1585,1.5850007198599565,3.7979811991496475,0.3942343801407244,2.5365621325137693
1586,1.5860007198599564,3.7983758180995744,0.39470055440322505,2.5335662411520268
1587,1.5870007198599565,3.7987705389086317,0.39516781645076476,2.5305704522741497
1588,1.5880007198599564,3.7991662832752873,0.3956360762134458,2.527575365651184
1589,1.5890007198599565,3.7995625011475633,0.39610553986532104,2.5245796873732385
1590,1.5900007198599564,3.7999593158245357,0.39657613270194564,2.521583921823074
1591,1.5910007198599565,3.8003561865941453,0.39704798813356323,2.518587248611393
1592,1.5920007198599564,3.800753800434584,0.3975210715564407,2.515589918503272
1593,1.5930007198599565,3.8011518283926535,0.39799535542059544,2.5125921355117704
1594,1.5940007198599564,3.8015505363076856,0.39847101601446117,2.509592818072641
1595,1.5950007198599565,3.8019495620279957,0.39894816157471297,2.5065913226741996
1596,1.5960007198599564,3.8023493692083585,0.39942722832778793,2.503584956354941
1597,1.5970007198599565,3.802749253770728,0.3999080621868859,2.500574743433599
1598,1.5980007198599564,3.8031501512928436,0.4003906784128053,2.4975606424308254
1599,1.5990007198599565,3.80355124698247,0.4008752120173258,2.494541867449714
1600,1.6000007198599564,3.8039532795625712,0.4013619236390542,2.491516860725689
1601,1.6010007198599565,3.8043554340666117,0.4018511934556748,2.4884833398169377
1602,1.6020007198599564,3.8047579668498,0.40234330230830195,2.485439658776112
1603,1.6030007198599565,3.8051608426072816,0.4028384531162634,2.482384668753034
1604,1.6040007198599564,3.805564287703389,0.4033369623407495,2.4793165352278677
1605,1.6050007198599565,3.805968046329048,0.4038389526613393,2.476234631181315
1606,1.6060007198599564,3.8063729114396976,0.4043447715337275,2.4731369623177812
1607,1.6070007198599565,3.8067782670335726,0.4048546299085934,2.4700223885935957
1608,1.6080007198599564,3.807184330005486,0.40536887630028046,2.4668889460059127
1609,1.6090007198599565,3.8075905430150936,0.4058880916919818,2.4637332813372477
1610,1.6100007198599564,3.8079970040140645,0.4064123100081345,2.4605553901159753
1611,1.6110007198599565,3.8084036557395358,0.40694211961847176,2.457351922522911
1612,1.6120007198599564,3.8088114917148777,0.40747801503428877,2.454120131894358
1613,1.6130007198599565,3.809219443219663,0.408020233116981,2.4508588516817404
1614,1.6140007198599564,3.809628224581955,0.4085694230533163,2.4475644616937107
1615,1.6150007198599565,3.810037295595762,0.40912600367575,2.4442347614563826
1616,1.6160007198599564,3.8104470372586237,0.4096901754388238,2.440868880804595
1617,1.6170007198599565,3.8108577533366166,0.4102625583223636,2.437463472389919
1618,1.6180007198599564,3.811269251975325,0.4108438947875553,2.434014506938441
1619,1.6190007198599565,3.811680948891186,0.41143479193432125,2.430518807849467
1620,1.6200007198599564,3.8120927393641804,0.4120360450837699,2.4269721349176936
1621,1.6210007198599565,3.8125055191132304,0.4126483798537346,2.423370716624297
1622,1.6220007198599564,3.8129190949956357,0.4132721939214021,2.4197127576170403
1623,1.6230007198599565,3.8133333183446796,0.41390819796293565,2.415994669643019
1624,1.6240007198599564,3.81374785402657,0.4145571881736092,2.4122124245526715
1625,1.6250007198599565,3.8141634963844337,0.4152198530493773,2.4083626846259722
1626,1.6260007198599564,3.8145797187368062,0.4158971450318028,2.4044406458321133
1627,1.6270007198599565,3.814995913417395,0.41658948797294787,2.4004446316344334
1628,1.6280007198599564,3.8154135299518797,0.41729759169380154,2.396371366393519
1629,1.6290007198599565,3.815831552168632,0.41802229023816445,2.392216930418373
1630,1.6300007198599564,3.816250423303053,0.4187648051424272,2.38797527327992
1631,1.6310007198599565,3.816669823205876,0.4195257332478627,2.383644007384843
1632,1.6320007198599564,3.817090044536476,0.42030571030972064,2.3792205898490084
1633,1.6330007198599565,3.817511002349106,0.4211055200173179,2.3747017136200808
1634,1.6340007198599564,3.8179324834481947,0.4219261183383944,2.370083188824962
1635,1.6350007198599563,3.8183545112421715,0.4227682012341078,2.3653623831709383
1636,1.6360007198599564,3.8187772369012882,0.42363196052976754,2.360539555961412
1637,1.6370007198599563,3.819200853893074,0.42451859576121875,2.355609412602682
1638,1.6380007198599564,3.8196255418528455,0.42542887582320427,2.3505691710864745
1639,1.6390007198599563,3.8200512607689117,0.42636308889471297,2.345418789868422
1640,1.6400007198599564,3.8204771554401735,0.4273218204424904,2.340156650471308
1641,1.6410007198599563,3.8209040706389827,0.4283055782885072,2.334781638838238
1642,1.6420007198599564,3.8213316745254926,0.4293149671722951,2.329292189803097
1643,1.6430007198599563,3.821760233314941,0.43035045677353556,2.32368755338915
1644,1.6440007198599564,3.8221896931869366,0.4314127260872118,2.317965928056202
1645,1.6450007198599563,3.822620292743428,0.43250201436681024,2.3121279595980977
1646,1.6460007198599564,3.823051388076836,0.43361831915475035,2.3061756291784308
1647,1.6470007198599563,3.823483474884157,0.43476189075927707,2.30010960310615
1648,1.6480007198599564,3.8239167256143434,0.43593269808385204,2.293932078037535
1649,1.6490007198599563,3.824351361732921,0.4371308754670007,2.2876444015345943
1650,1.6500007198599564,3.8247868884073584,0.43835664689438314,2.281247488967444
1651,1.6510007198599563,3.825223689773462,0.43961004846468144,2.274743271889384
1652,1.6520007198599564,3.825661477232516,0.4408911388554506,2.268133586435851
1653,1.6530007198599563,3.8261000550372684,0.44219962654886963,2.2614220817065416
1654,1.6540007198599564,3.8265401500367155,0.4435352791372472,2.254612083947804
1655,1.6550007198599563,3.8269810426309676,0.44489786816726207,2.2477068818501147
1656,1.6560007198599564,3.8274230641672276,0.4462867101123708,2.2407120296013505
1657,1.6570007198599563,3.827866796523688,0.44770180171626295,2.2336296082939677
1658,1.6580007198599565,3.82831173586353,0.4491423522951725,2.2264656069281314
1659,1.6590007198599563,3.828758140933188,0.4506074871813631,2.219226329893436
1660,1.6600007198599565,3.8292055203253748,0.4520966388826985,2.2119164665133932
1661,1.6610007198599563,3.829655024731479,0.4536091002902143,2.2045413095994117
1662,1.6620007198599565,3.830105362391342,0.45514395303483124,2.1971070764142877
1663,1.6630007198599563,3.830557589361929,0.45669995637690936,2.1896214046815263
1664,1.6640007198599565,3.831011037543186,0.45827564340375787,2.182092839524886
1665,1.6650007198599563,3.8314657317291716,0.4598699651297997,2.1745277487686043
1666,1.6660007198599565,3.8319219555621045,0.4614815653038613,2.1669337958094874
1667,1.6670007198599563,3.8323799951926865,0.4631092041714174,2.159317912476331
1668,1.6680007198599565,3.832839945269033,0.46475145074250446,2.1516877427759766
1669,1.6690007198599563,3.833301737044754,0.46640638804343815,2.144052966759251
1670,1.6700007198599565,3.833764610734995,0.4680723344040599,2.136421929899317
1671,1.6710007198599564,3.8342296039288017,0.4697479551739257,2.1288011772818614
1672,1.6720007198599565,3.834696225842654,0.47143147220800913,2.121199069116818
1673,1.6730007198599564,3.8351647304751078,0.4731208668955425,2.113624804929147
1674,1.6740007198599565,3.8356346876214142,0.4748144449960757,2.106085883735624
1675,1.6750007198599564,3.836106631393747,0.47651025666850755,2.0985907144820746
1676,1.6760007198599565,3.8365807830593863,0.478206179795029,2.0911482165049073
1677,1.6770007198599564,3.837056986510258,0.47989983969444455,2.083768147613274
1678,1.6780007198599565,3.8375347663556036,0.4815892361842856,2.0764583692176597
1679,1.6790007198599564,3.838014543838688,0.4832721328248886,2.069227526434563
1680,1.6800007198599565,3.8384961439974705,0.4849464740813663,2.062083247216714
1681,1.6810007198599564,3.8389802824070687,0.4866103526473155,2.0550323160197497
1682,1.6820007198599565,3.8394658105633073,0.48826155609820276,2.048082605542822
1683,1.6830007198599564,3.83995335097377,0.48989780371782415,2.0412420558145414
1684,1.6840007198599565,3.8404429411604912,0.4915165565216556,2.0345194617181552
1685,1.6850007198599564,3.8409346390562686,0.4931155970549598,2.0279220652770102
1686,1.6860007198599565,3.8414277314383063,0.4946927732471236,2.0214566577071267
1687,1.6870007198599564,3.8419232164570634,0.4962454566926066,2.0151317992205584
1688,1.6880007198599565,3.8424205900708452,0.4977711410473342,2.0089553562626237
1689,1.6890007198599564,3.842919780290716,0.4992676925152752,2.0029335264256156
1690,1.6900007198599565,3.8434202762100917,0.5007329410138027,1.9970725272744438
1691,1.6910007198599564,3.8439229497623586,0.5021645964101319,1.9913789366052241
1692,1.6920007198599565,3.844426990958683,0.5035600736507014,1.9858603815632496
1693,1.6930007198599564,3.8449332083305183,0.5049169508286536,1.9805237244636604
1694,1.6940007198599565,3.845440799228126,0.5062331097207298,1.9753745474128772
1695,1.6950007198599564,3.8459499497921614,0.5075059772986379,1.9704201422864382
1696,1.6960007198599565,3.846460845834775,0.5087333777786327,1.9656661891666447
1697,1.6970007198599564,3.8469735990950467,0.5099135445776817,1.9611167630940565
1698,1.6980007198599565,3.8474875422083246,0.5110441343067939,1.9567781584196258
1699,1.6990007198599564,3.8480025821944532,0.5121228318647932,1.952656546006159
1700,1.7000007198599565,3.8485192567090083,0.5131476102322325,1.9487570049238565
1701,1.7010007198599564,3.849036968445428,0.5141165493040409,1.9450842447178545
1702,1.7020007198599565,3.849556596345434,0.5150277554454022,1.9416429297780036
1703,1.7030007198599564,3.8500769967793524,0.5158796709594752,1.9384365314107421
1704,1.7040007198599565,3.850597770022623,0.5166706268916207,1.9354690356914073
1705,1.7050007198599564,3.8511204100799135,0.5173990556248741,1.9327441539147734
1706,1.7060007198599565,3.851642631293552,0.5180633827445761,1.9302657421998035
1707,1.7070007198599564,3.852166204314721,0.5186622564672534,1.9280369595645266
1708,1.7080007198599565,3.852690323945863,0.5191940174616086,1.9260622548948074
1709,1.7090007198599564,3.8532151454832935,0.5196574338293346,1.924344644953966
1710,1.7100007198599565,3.853740617874129,0.5200516454433287,1.922885945582442
1711,1.7110007198599564,3.8542662262388214,0.5203755912799894,1.9216889046241743
1712,1.7120007198599565,3.85479296781853,0.5206280859098213,1.9207569223862642
1713,1.7130007198599564,3.8553192804269933,0.5208086604472102,1.920090958436282
1714,1.7140007198599565,3.855845561834523,0.520916464329435,1.9196935948017682
1715,1.7150007198599564,3.8563723833873294,0.5209512051626438,1.9195655756047143
1716,1.7160007198599565,3.85689877096719,0.520912605401329,1.9197078159196503
1717,1.7170007198599564,3.8574258202815956,0.5208004217033301,1.9201213330999225
1718,1.7180007198599565,3.8579522186050257,0.5206146688511968,1.9208064233123292
1719,1.7190007198599564,3.858478225456029,0.5203550716579177,1.9217646842835072
1720,1.7200007198599565,3.859003793641105,0.5200218952443331,1.922995952949536
1721,1.7210007198599564,3.859528791934977,0.5196152467814664,1.924500880592074
1722,1.7220007198599565,3.860053962268708,0.5191356802038359,1.9262786938616032
1723,1.7230007198599564,3.8605782312037364,0.5185837520160117,1.928328830420287
1724,1.7240007198599565,3.8611016288046303,0.517960054885221,1.9306508109425506
1725,1.7250007198599564,3.8616246369292373,0.5172654568510622,1.9332433410258305
1726,1.7260007198599565,3.862146220386239,0.5165010246224754,1.9361045812656947
1727,1.7270007198599564,3.8626670479645746,0.5156676613504367,1.939233492713481
1728,1.7280007198599565,3.863186631476086,0.5147665854906001,1.9426280341155915
1729,1.7290007198599564,3.8637051599721963,0.5137992517850778,1.946285434487748
1730,1.7300007198599565,3.8642221721267704,0.512767107752986,1.9502030939194477
1731,1.7310007198599564,3.864737975152691,0.5116713436376205,1.9543795298183186
1732,1.7320007198599565,3.865252714172912,0.5105141151042952,1.958809698720486
1733,1.7330007198599564,3.8657665267934154,0.5092974126369013,1.96348926027814
1734,1.7340007198599565,3.866278470374421,0.5080231721666129,1.9684141487783098
1735,1.7350007198599564,3.866789188894718,0.5066934917623885,1.973579720792911
1736,1.7360007198599565,3.8672982752507874,0.5053107004531676,1.978980455199524
1737,1.7370007198599564,3.8678053784607886,0.5038771044975183,1.984610912212871
1738,1.7380007198599565,3.868311394033783,0.5023951890928376,1.990464920266603
1739,1.7390007198599564,3.868815566997766,0.500867598835305,1.9965356160497407
1740,1.7400007198599565,3.86931772262109,0.4992966381024955,2.002817410908984
1741,1.7410007198599564,3.869818149328193,0.4976848064573807,2.0093038546187465
1742,1.7420007198599565,3.8703174547956696,0.49603512167405484,2.015986280618857
1743,1.7430007198599564,3.8708146166885284,0.49435052943347046,2.0228561323601855
1744,1.7440007198599565,3.871309842135945,0.4926338036302938,2.0299053630320274
1745,1.7450007198599564,3.871802946948328,0.4908877976746627,2.0371253975694725
1746,1.7460007198599565,3.8722944586708077,0.48911553195817337,2.0445067364687874
1747,1.7470007198599564,3.87278373295223,0.48732022927516383,2.052038762042347
1748,1.7480007198599565,3.873271420715032,0.48550522936500484,2.059710049483722
1749,1.7490007198599564,3.8737571238787094,0.4836740227629156,2.067508183068525
1750,1.7500007198599565,3.874240957825262,0.48182953696267417,2.0754227860411696
1751,1.7510007198599564,3.874722163310998,0.4799749318468236,2.0834421417640496
1752,1.7520007198599565,3.8752014596804316,0.47811351672790364,2.091553501444102
1753,1.7530007198599564,3.8756788092445724,0.47624851511674454,2.0997440795271904
1754,1.7540007198599565,3.8761544102212686,0.4743832035934811,2.108000435987068
1755,1.7550007198599564,3.8766274510349206,0.4725208248065997,2.1163088429156427
1756,1.7560007198599565,3.877098617060391,0.470665051456165,2.1246531836305977
1757,1.7570007198599564,3.8775674620177187,0.4688187864239548,2.133020324607248
1758,1.7580007198599565,3.8780342467024913,0.4669848969479605,2.1413968771487637
1759,1.7590007198599564,3.87849956178514,0.46516659119294,2.1497674573650194
1760,1.7600007198599565,3.8789621192591595,0.46336693967711645,2.1581168494602148
1761,1.7610007198599564,3.8794228068334626,0.4615890246544849,2.1664293269289363
1762,1.7620007198599565,3.8798818148693393,0.45983604444563037,2.174688156961643
1763,1.7630007198599564,3.8803388174806317,0.4581106422613987,2.182878780251951
1764,1.7640007198599563,3.8807937075859136,0.4564157348831434,2.190984936695995
1765,1.7650007198599564,3.8812471679563507,0.45475397611440743,2.1989912183822646
1766,1.7660007198599563,3.8816983209725184,0.45312815499128634,2.2068811857855755
1767,1.7670007198599564,3.882147410532937,0.45154069062593316,2.21463983370753
1768,1.7680007198599563,3.8825954431045093,0.44999409439284055,2.222251386097102
1769,1.7690007198599564,3.883041527715683,0.4484905795430315,2.229701237022421
1770,1.7700007198599563,3.8834861479743674,0.4470324016752709,2.236974313836004
1771,1.7710007198599564,3.883928946734714,0.44562175268944154,2.2440556233279536
1772,1.7720007198599563,3.884369650709727,0.44426011473256244,2.2509335563512924
1773,1.7730007198599564,3.884808960038583,0.4429496190151112,2.257593092016826
1774,1.7740007198599563,3.8852470941838533,0.44169222616783316,2.2640199232757663
1775,1.7750007198599564,3.8856837669012627,0.4404897231733792,2.2702005231717846
1776,1.7760007198599563,3.886119002436128,0.43934381291986707,2.276121731074411
1777,1.7770007198599564,3.886552899384429,0.43825592926273876,2.2817717530536594
1778,1.7780007198599563,3.8869855810559883,0.4372269308245329,2.2871418238446024
1779,1.7790007198599564,3.8874171411092258,0.436257951910589,2.2922218279816016
1780,1.7800007198599563,3.8878476860751965,0.43534988773766914,2.2970030041734497
1781,1.7810007198599564,3.8882777225239864,0.4345039202708022,2.301475207350846
1782,1.7820007198599563,3.88870648159906,0.433720484485073,2.3056323963744356
1783,1.7830007198599565,3.889134499773272,0.43300037486333653,2.309466822784206
1784,1.7840007198599563,3.889561425376593,0.43234428900520294,2.312971456847359
1785,1.7850007198599565,3.8899880227895522,0.43175246591740407,2.3161419538743386
1786,1.7860007198599563,3.890413835363064,0.4312251701319462,2.3189740981353664
1787,1.7870007198599565,3.8908389255713534,0.4307624270980832,2.321465237199769
1788,1.7880007198599563,3.8912633353021344,0.43036441313391965,2.3236121981322433
1789,1.7890007198599565,3.891687463896559,0.43003087176859195,2.3254144426591763
1790,1.7900007198599563,3.8921112101716573,0.4297615057759459,2.3268719663350796
1791,1.7910007198599565,3.892534695561107,0.4295560245603358,2.327985042285303
1792,1.7920007198599563,3.892958344192799,0.4294137569611722,2.3287563190259424
1793,1.7930007198599565,3.8933817039160736,0.42933394624391985,2.329189221464134
1794,1.7940007198599563,3.893805655443142,0.42931591996684204,2.32928702033047
1795,1.7950007198599565,3.8942293080274113,0.4293589486070022,2.3290535884820067
1796,1.7960007198599564,3.8946531379703684,0.4294618083060485,2.328495760646002
1797,1.7970007198599565,3.8950776560661544,0.4296236974904569,2.3276183456388893
1798,1.7980007198599564,3.8955019103016677,0.42984375939620684,2.326426703052943
1799,1.7990007198599565,3.895927271031046,0.43012063773838627,2.324929129785754
1800,1.8000007198599564,3.8963528422687683,0.4304527919826504,2.323135123352401
1801,1.8010007198599565,3.896779079628571,0.4308390332244601,2.32105246480538
1802,1.8020007198599564,3.897205422945649,0.4312778763642883,2.3186906975847936
1803,1.8030007198599565,3.897633039653147,0.43176764111780663,2.3160605491673536
1804,1.8040007198599564,3.8980615986213247,0.43230699184465277,2.3131710077900953
1805,1.8050007198599565,3.898490870419327,0.4328938837248057,2.3100349475847723
1806,1.8060007198599564,3.898921016578107,0.4335264803810861,2.306664172211493
1807,1.8070007198599565,3.899351696207844,0.4342030786896792,2.3030698055337613
1808,1.8080007198599564,3.8997831921335893,0.4349216651310695,2.2992646266509547
1809,1.8090007198599565,3.9002166384916466,0.43568029472754904,2.295261025347373
1810,1.8100007198599564,3.900651106365848,0.4364768306025532,2.291072354561196
1811,1.8110007198599565,3.9010867530041127,0.43730933202522904,2.286710862923704
1812,1.8120007198599564,3.901523297873749,0.43817555238696093,2.2821903106015404
1813,1.8130007198599565,3.901961774339908,0.43907354431025997,2.277522781680911
1814,1.8140007198599564,3.9024018643516873,0.4400009304861478,2.2727224665073344
1815,1.8150007198599565,3.9028427496578284,0.44095573993334425,2.2678012994028878
1816,1.8160007198599564,3.9032847115342117,0.4419355215377518,2.262773529768361
1817,1.8170007198599565,3.9037280501828273,0.4429382552262243,2.2576510116274884
1818,1.8180007198599564,3.9041723262297228,0.443961799409521,2.252446046777047
1819,1.8190007198599565,3.9046183633693485,0.44500388087376713,2.247171413508789
1820,1.8200007198599564,3.9050652571509614,0.44606214691460405,2.2418400819638347
1821,1.8210007198599565,3.9055138486033165,0.44713454785002066,2.2364632856225266
1822,1.8220007198599564,3.905964119613771,0.44821896424056,2.231052409159774
1823,1.8230007198599565,3.9064152217771886,0.4493132262636885,2.2256188813216236
1824,1.8240007198599564,3.9068675509526316,0.450415273974135,2.2201733772852132
1825,1.8250007198599565,3.9073207754656245,0.4515229545625435,2.214726825945863
1826,1.8260007198599564,3.907775336176425,0.4526338665437545,2.2092911598415133
1827,1.8270007198599565,3.9082314392835977,0.4537463765489443,2.2038743484977075
1828,1.8280007198599564,3.90868900695539,0.4548585373353831,2.1984857223041745
1829,1.8290007198599565,3.909147935760411,0.4559682886982728,2.1931349718526776
1830,1.8300007198599564,3.9096077278793437,0.45707426983823235,2.1878282502183284
1831,1.8310007198599565,3.9100686726740865,0.45817452424945243,2.182574427589849
1832,1.8320007198599564,3.910530622430981,0.4592669693427309,2.1773828007512197
1833,1.8330007198599565,3.910993918383002,0.46034991303147227,2.1722606471560995
1834,1.8340007198599564,3.9114586425447477,0.46142206339734293,2.1672132291144326
1835,1.8350007198599565,3.9119236055663107,0.46248146648163513,2.162248808817314
1836,1.8360007198599564,3.912389633230676,0.46352623248473895,2.1573752032101523
1837,1.8370007198599565,3.9128570278259676,0.4645552609755532,2.152596437935129
1838,1.8380007198599564,3.913325362719369,0.46556705218694205,2.147918318752642
1839,1.8390007198599565,3.913794609296567,0.4665605784983358,2.143344393173087
1840,1.8400007198599564,3.9142647816799134,0.46753440128120116,2.1388800423234406
1841,1.8410007198599565,3.9147358773281287,0.4684873708491591,2.134529257827047
1842,1.8420007198599564,3.9152078577237877,0.4694185522212903,2.1302950112815022
1843,1.8430007198599565,3.915680647894879,0.47032689377805204,2.126180776028303
1844,1.8440007198599564,3.91615350778052,0.47121144594604314,2.1221895363605126
1845,1.8450007198599565,3.9166279519129388,0.4720713415284204,2.1183238888476277
1846,1.8460007198599564,3.9171025780420883,0.47290578185530535,2.114586114969449
1847,1.8470007198599565,3.917578700777144,0.47371414311299753,2.1109777162837733
1848,1.8480007198599564,3.918055324208605,0.4744958275426666,2.107500091578951
1849,1.8490007198599565,3.918532762613142,0.4752502147716846,2.104154756627329
1850,1.8500007198599564,3.9190105648432176,0.47597665370100867,2.1009433807822093
1851,1.8510007198599565,3.919488610127089,0.4766747048460837,2.097866720917981
1852,1.8520007198599564,3.919968015314705,0.47734393696378485,2.0949255297147893
1853,1.8530007198599565,3.920447340201822,0.47798398643773427,2.09212029769593
1854,1.8540007198599564,3.9209273186158966,0.4785947127228635,2.08945057982507
1855,1.8550007198599565,3.921408021371276,0.479176214771704,2.0869149368702167
1856,1.8560007198599564,3.9218884809883985,0.47972821847852126,2.0845136089170304
1857,1.8570007198599565,3.9223695881076877,0.48025053996304373,2.0822464875874
1858,1.8580007198599564,3.922851283081494,0.48074346393197626,2.080111483619665
1859,1.8590007198599565,3.923333625759657,0.4812070378977894,2.078107594536896
1860,1.8600007198599564,3.923816027673438,0.4816413351443144,2.076233759505649
1861,1.8610007198599565,3.9242982974490292,0.48204654049350304,2.074488490211409
1862,1.8620007198599564,3.9247813438730867,0.482422895255794,2.072870110092458
1863,1.8630007198599565,3.9252648885200454,0.4827709695399642,2.0713755861354026
1864,1.8640007198599564,3.9257478058733026,0.4830907053142916,2.0700046368091782
1865,1.8650007198599565,3.9262320291703316,0.4833824974546103,2.0687550858084185
1866,1.8660007198599564,3.926716020977809,0.48364668015056905,2.0676250681358543
1867,1.8670007198599565,3.92719978856221,0.4838836911951297,2.0666123248132835
1868,1.8680007198599564,3.9276839151658183,0.4840939060413728,2.065714910929979
1869,1.8690007198599565,3.9281688925077343,0.48427779142007593,2.064930537218405
1870,1.8700007198599564,3.9286537826955996,0.4844360409629135,2.0642559913839196
1871,1.8710007198599565,3.929138467239079,0.48456899732051173,2.0636895994783653
1872,1.8720007198599564,3.929622938780339,0.48467724470156437,2.0632286968944475
1873,1.8730007198599565,3.930107387045883,0.48476129524738043,2.0628709630988302
1874,1.8740007198599564,3.9305919664318862,0.4848214536300035,2.0626149946804135
1875,1.8750007198599565,3.9310768113409846,0.4848580177820132,2.0624594485917913
1876,1.8760007198599564,3.931561804571946,0.4848716476107176,2.062401472487945
1877,1.8770007198599565,3.9320465122873354,0.48486293622225834,2.062438527043044
1878,1.8780007198599564,3.932531249319029,0.484832419700696,2.0625683418970517
1879,1.8790007198599565,3.9330164402197876,0.4847803461389921,2.0627898964230873
1880,1.8800007198599564,3.9335014423967656,0.48470675246347666,2.0631030925762714
1881,1.8810007198599565,3.933985887109972,0.4846123938367021,2.0635047983047787
1882,1.8820007198599564,3.93447024815331,0.4844978464445082,2.063992662379222
1883,1.8830007198599565,3.9349547680843844,0.4843632648067896,2.0645661482996562
1884,1.8840007198599564,3.935439236730138,0.4842088537161933,2.065224525171786
1885,1.8850007198599565,3.935923419469157,0.48403536125997754,2.0659647621548367
1886,1.8860007198599564,3.936407534185473,0.4838430402856756,2.066785954820327
1887,1.8870007198599565,3.9368909882941248,0.4836320943826436,2.0676874252452166
1888,1.8880007198599564,3.9373741915628573,0.4834030132561164,2.0686672870824254
1889,1.8890007198599565,3.937857292057393,0.48315602476099556,2.069724786097148
1890,1.8900007198599564,3.9383406696074057,0.4828916819515804,2.070857787316929
1891,1.8910007198599563,3.9388234117440883,0.4826104172568999,2.0720646804183813
1892,1.8920007198599564,3.939305836109084,0.4823121319209845,2.073346146233424
1893,1.8930007198599563,3.9397877905497998,0.4819973615591741,2.074700153472171
1894,1.8940007198599564,3.940269759578884,0.48166637785739663,2.076125812327433
1895,1.8950007198599563,3.9407519290671913,0.4813193791356214,2.0776225586342534
1896,1.8960007198599564,3.941232937156235,0.4809569304680793,2.079188252941433
1897,1.8970007198599563,3.9417141060742926,0.48057919937850235,2.080822476905422
1898,1.8980007198599564,3.9421945410173898,0.480186483166133,2.082524258922182
1899,1.8990007198599563,3.9426741584635394,0.47977891196992667,2.0842933589850685
1900,1.9000007198599564,3.943153784326555,0.47935698595632636,2.08612793658359
1901,1.9010007198599563,3.943633183092766,0.47892085449816457,2.088027678493655
1902,1.9020007198599564,3.9441122363792016,0.4784707225554161,2.0899920368360276
1903,1.9030007198599563,3.9445900185048077,0.47800695029233337,2.092019790483031
1904,1.9040007198599564,3.945067947186741,0.47752952477173,2.0941113546393235
1905,1.9050007198599563,3.9455460431422074,0.47703878986881404,2.0962655893769155
1906,1.9060007198599564,3.946023480766331,0.47653528363867653,2.0984804994171853
1907,1.9070007198599563,3.9465000372728514,0.476019041655124,2.1007562985778634
1908,1.9080007198599565,3.9469757786538158,0.4754902737876732,2.103092439797292
1909,1.9090007198599563,3.947451125288721,0.4749497320410328,2.105485975752916
1910,1.9100007198599565,3.9479260417334996,0.47439775100401177,2.1079357941381627
1911,1.9110007198599563,3.9484005672704985,0.47383456062503,2.110441244895499
1912,1.9120007198599565,3.9488744255070944,0.47326032176502136,2.113001986455375
1913,1.9130007198599563,3.9493475295039677,0.47267566833995206,2.1156155625950097
1914,1.9140007198599565,3.949820333683888,0.4720810300889461,2.118280414300035
1915,1.9150007198599563,3.9502922297736522,0.4714762389849868,2.12099766077892
1916,1.9160007198599565,3.95076349603628,0.470861958718441,2.123764686197479
1917,1.9170007198599563,3.951234461045072,0.47023831378484426,2.1265812901361034
1918,1.9180007198599565,3.951704657387716,0.46960555713981234,2.129446691582223
1919,1.9190007198599563,3.952174341083618,0.4689642876227828,2.1323585321796665
1920,1.9200007198599565,3.9526428782828544,0.46831466246327164,2.1353164445890624
1921,1.9210007198599564,3.9531110586018867,0.46765708304181014,2.1383189440768002
1922,1.9220007198599565,3.9535785404323778,0.46699189596281326,2.1413647830831533
1923,1.9230007198599564,3.9540457454256246,0.4663196540571937,2.1444517538549874
1924,1.9240007198599565,3.954511439615406,0.4656406680773888,2.1475787416270125
1925,1.9250007198599564,3.9549767184251374,0.46495535560374207,2.1507441261785343
1926,1.9260007198599565,3.9554419474042866,0.4642643509108976,2.1539452642400314
1927,1.9270007198599564,3.9559060355223243,0.4635681245094307,2.157180244129698
1928,1.9280007198599565,3.956369541128621,0.46286721679862564,2.160446805708987
1929,1.9290007198599564,3.956832475920035,0.4621619729396833,2.163743575957319
1930,1.9300007198599565,3.957295025214766,0.46145269642766046,2.167069361045038
1931,1.9310007198599564,3.957756535546961,0.4607398141348821,2.1704223714151367
1932,1.9320007198599565,3.958216845715651,0.46002373751156955,2.1738008682103063
1933,1.9330007198599564,3.958676730384954,0.459305116300784,2.1772019612016087
1934,1.9340007198599565,3.9591359151640244,0.4585843594824045,2.180623868482303
1935,1.9350007198599564,3.959594386154855,0.45786153352227754,2.184066419179423
1936,1.9360007198599565,3.9600519574021233,0.45713744499068076,2.187525898300425
1937,1.9370007198599564,3.960509278432751,0.45641259258146943,2.191000021151915
1938,1.9380007198599565,3.960965444980116,0.4556872912345844,2.1944873584047517
1939,1.9390007198599564,3.9614204414321406,0.4549618283605402,2.197986595058998
1940,1.9400007198599565,3.961875044179887,0.45423655885460273,2.201496071830034
1941,1.9410007198599564,3.9623290143768397,0.4535120753330424,2.2050129520049433
1942,1.9420007198599565,3.9627817411447266,0.45278897577044747,2.208534336107544
1943,1.9430007198599564,3.963234013115732,0.45206806979229597,2.2120562517486646
1944,1.9440007198599565,3.96368574627181,0.45134951414495134,2.2155778806905926
1945,1.9450007198599564,3.9641366416518586,0.45063365505698294,2.2190974614924164
1946,1.9460007198599565,3.964586968419734,0.4499210441469392,2.2226121960932574
1947,1.9470007198599564,3.965036878249489,0.449212453739219,2.226118157847265
1948,1.9480007198599565,3.9654852195991053,0.448508070111818,2.22961428486825
1949,1.9490007198599564,3.96593379632464,0.4478081310454579,2.233099246468323
1950,1.9500007198599565,3.9663811709707466,0.4471133195130092,2.2365694698811227
1951,1.9510007198599564,3.9668277977699344,0.44642415631576204,2.240022153489127
1952,1.9520007198599565,3.967273562750016,0.4457410724697988,2.2434549153370984
1953,1.9530007198599564,3.9677185090362452,0.44506438689629524,2.2468659129830817
1954,1.9540007198599565,3.96816212918614,0.4443944895179042,2.2502529252440495
1955,1.9550007198599564,3.9686058822358943,0.4437321343973459,2.253611858330135
1956,1.9560007198599565,3.9690488668679653,0.44307780573066685,2.2569399483933275
1957,1.9570007198599564,3.9694912488389673,0.4424317455284679,2.2602356411055857
1958,1.9580007198599565,3.9699331293453555,0.44179439886065175,2.263496329013927
1959,1.9590007198599564,3.970374100489875,0.44116589172427995,2.266721019822132
1960,1.9600007198599565,3.97081380970526,0.4405463514555287,2.2699087092563195
1961,1.9610007198599564,3.9712533811358677,0.4399366356077253,2.2730546152825104
1962,1.9620007198599565,3.971692405057119,0.4393371771552033,2.276156109699619
1963,1.9630007198599564,3.972130783414323,0.438748162981956,2.2792118221156543
1964,1.9640007198599565,3.9725690736160137,0.4381697205108943,2.2822206857060467
1965,1.9650007198599564,3.973006376627841,0.4376023016329852,2.285179936824681
1966,1.9660007198599565,3.973443106835131,0.4370462287594078,2.2880874703771807
1967,1.9670007198599564,3.973878908922072,0.4365019505251936,2.2909405073604203
1968,1.9680007198599565,3.9743142965578153,0.4359695247952943,2.293738307670797
1969,1.9690007198599564,3.9747490498333806,0.4354494207136335,2.296477966054373
1970,1.9700007198599565,3.975183623522693,0.43494162797059294,2.299159095591585
1971,1.9710007198599564,3.975617726742938,0.43444634409464095,2.301780216574126
1972,1.9720007198599565,3.976051007687384,0.4339637697698194,2.3043398312500014
1973,1.9730007198599564,3.9764839295957484,0.43349431568199026,2.3068353236114776
1974,1.9740007198599565,3.9769169577811474,0.43303803324382956,2.309265984119535
1975,1.9750007198599564,3.977349274603067,0.43259483005569543,2.3116318793529103
1976,1.9760007198599565,3.977781356809859,0.4321650154758894,2.31393093885405
1977,1.9770007198599564,3.978212963812937,0.43174888747215395,2.316161150651479
1978,1.9780007198599565,3.9786438646579314,0.4313466487653995,2.3183210136492316
1979,1.9790007198599564,3.9790740797432322,0.43095856923620635,2.320408668917556
1980,1.9800007198599565,3.979504153253847,0.4305845751840765,2.322424112783177
1981,1.9810007198599564,3.9799340490427486,0.43022463741059985,2.3243671167200386
1982,1.9820007198599565,3.9803633535916036,0.4298786397982939,2.3262379365237047
1983,1.9830007198599564,3.980792537161656,0.42954663708696245,2.32803591894388
1984,1.9840007198599565,3.9812215826806714,0.42922874767868263,2.32976007643503
1985,1.9850007198599564,3.981650330010098,0.42892479533512373,2.3314110325999895
1986,1.9860007198599565,3.9820784640486595,0.42863504755185755,2.332987014737793
1987,1.9870007198599564,3.9825065533357504,0.4283593336559331,2.334488644067273
1988,1.9880007198599565,3.982933883338994,0.42809772857414957,2.3359152204116236
1989,1.9890007198599564,3.9833615728471496,0.4278501932720626,2.337266678208831
1990,1.9900007198599565,3.983789179589203,0.42761696066856947,2.33854147982466
1991,1.9910007198599564,3.984216086439299,0.42739793793232916,2.33973987997652
1992,1.9920007198599565,3.98464293209416,0.42719311183228753,2.3408617140638532
1993,1.9930007198599564,3.9850698169908774,0.4270022094177168,2.3419082570173435
1994,1.9940007198599565,3.9854962668783007,0.4268252187477593,2.342879370937474
1995,1.9950007198599564,3.9859225655437998,0.42666209570655234,2.343775109302832
1996,1.9960007198599565,3.9863489231872267,0.42651279263275427,2.344595560258008
1997,1.9970007198599564,3.9867744524560287,0.4263771838056623,2.345341256477242
1998,1.9980007198599565,3.987199754320453,0.42625527811806435,2.3460120057985994
1999,1.9990007198599564,3.9876255139639496,0.4261466943898781,2.3466097781932063
2000,2.0000007198599565,3.9880513621473166,0.42605103970105546,2.3471366264043474
2001,2.0010007198599564,3.9884769625659713,0.4259680548133587,2.3475938833914625
2002,2.0020007198599563,3.9889021539264644,0.42589764769695604,2.3479819750296946
2003,2.0030007198599566,3.9893278419643683,0.42583976773308896,2.3483011117618013
2004,2.0040007198599565,3.9897532468160626,0.425794203592034,2.3485524029306175
2005,2.0050007198599564,3.990178686413622,0.4257609332155306,2.3487359266327412
2006,2.0060007198599563,3.990604258048035,0.4257395779688521,2.3488537400512994
2007,2.0070007198599567,3.991029779628827,0.4257297707196794,2.3489078490083966
2008,2.0080007198599565,3.9914549382586797,0.4257311524857535,2.348900225321105
2009,2.0090007198599564,3.9918807134458816,0.42574374647864177,2.348830742133207
2010,2.0100007198599563,3.992306361933158,0.4257671577206757,2.3487015892758207
2011,2.0110007198599567,3.99273237267981,0.4258010022944803,2.3485149039372355
2012,2.0120007198599565,3.993157956345201,0.42584506275695844,2.3482719126198432
2013,2.0130007198599564,3.9935840419649153,0.42589910014693494,2.3479739676721567
2014,2.0140007198599563,3.994010226870706,0.42596308492510526,2.3476212737444713
2015,2.0150007198599567,3.9944361735601066,0.42603692159039425,2.347214406364133
2016,2.0160007198599565,3.994862145338736,0.42612011061889427,2.346756172919429
2017,2.0170007198599564,3.9952884681316263,0.4262120241205646,2.3462500901127212
2018,2.0180007198599563,3.9957145671543173,0.4263125228266884,2.3456969862612658
2019,2.019000719859956,3.996141183597007,0.4264211753283739,2.3450993005446565
2020,2.0200007198599566,3.9965676481386816,0.42653767278006316,2.344458798872926
2021,2.0210007198599564,3.996994524849345,0.42666178492480616,2.3437768165157737
2022,2.0220007198599563,3.9974215295907194,0.4267935994795612,2.3430529446069848
2023,2.023000719859956,3.9978485087455433,0.4269333853168381,2.342285786008219
2024,2.0240007198599566,3.998275191439639,0.4270808525569658,2.341477015447832
2025,2.0250007198599564,3.998701931965667,0.4272355947280482,2.34062894651027
2026,2.0260007198599563,3.999129509902528,0.4273971695629062,2.339744086332363
2027,2.0270007198599562,3.999557108151262,0.4275650737191155,2.3388252723769942
2028,2.0280007198599566,3.9999850465912767,0.4277390411040263,2.33787403978586
2029,2.0290007198599564,4.000413311764579,0.42791900699670404,2.3368908219767444
2030,2.0300007198599563,4.000841127348122,0.4281051578378138,2.3358746833385426
2031,2.0310007198599562,4.00126955276917,0.42829708073495,2.3348279616662766
2032,2.0320007198599566,4.0016982089639885,0.4284946114953693,2.333751634612579
2033,2.0330007198599565,4.002127189799451,0.4286972861909532,2.3326483096852946
2034,2.0340007198599563,4.002555537540804,0.4289048114212392,2.331519659773349
2035,2.0350007198599562,4.0029846614992834,0.429116845045393,2.3303676179251775
2036,2.0360007198599566,4.003413549758959,0.42933346004182155,2.32919185917303
2037,2.0370007198599565,4.003843260800749,0.42955482561299274,2.3279915400157782
2038,2.0380007198599563,4.004273044300102,0.4297805320302079,2.3267689564163723
2039,2.0390007198599562,4.004703363323772,0.4300104519948475,2.3255248688977965
2040,2.0400007198599566,4.00513344491539,0.43024414174028575,2.3242617457965156
2041,2.0410007198599565,4.005564266234521,0.4304815323013851,2.322980023449388
2042,2.0420007198599563,4.005995504918834,0.43072267570833506,2.32167948519421
2043,2.0430007198599562,4.0064265849682625,0.43096752615341244,2.3203604432228797
2044,2.0440007198599566,4.006857626030202,0.4312157025357911,2.3190250125852025
2045,2.0450007198599565,4.007288957388531,0.43146684655871664,2.31767517707508
2046,2.0460007198599564,4.007720730209261,0.43172082103931747,2.3163117256948986
2047,2.0470007198599562,4.008152886467395,0.4319779578703104,2.3149329306756496
2048,2.0480007198599566,4.008584890353165,0.43223775620354293,2.3135415304374636
2049,2.0490007198599565,4.009017366921752,0.43250020964193764,2.312137607581484
2050,2.0500007198599564,4.009449901805563,0.4327651542138888,2.310722086246719
2051,2.0510007198599562,4.009883016471567,0.4330325596172893,2.309295173748117
2052,2.0520007198599566,4.010316841292999,0.4333022847700375,2.3078576669188826
2053,2.0530007198599565,4.010750592667331,0.4335742699148676,2.3064099264846836
2054,2.0540007198599564,4.011184898458765,0.4338480736687375,2.3049543393006857
2055,2.0550007198599562,4.01161925000278,0.4341232899594387,2.30349309315663
2056,2.0560007198599566,4.012054046799628,0.43440018725397966,2.302024790369928
2057,2.0570007198599565,4.012488943244249,0.4346788106139726,2.3005492229711537
2058,2.0580007198599564,4.012924268258032,0.43495903856487017,2.299067064566493
2059,2.0590007198599563,4.013359707523056,0.4352408171693153,2.2975786290075475
2060,2.0600007198599566,4.013795341194035,0.4355237515166703,2.2960860263478042
2061,2.0610007198599565,4.014231132317561,0.43580807082242956,2.294588069727261
2062,2.0620007198599564,4.014667244458606,0.4360936533096612,2.2930854242217564
2063,2.0630007198599563,4.0151042723349475,0.43638044757840544,2.2915783820042206
2064,2.0640007198599566,4.0155410207004065,0.43666836022338906,2.2900674541393933
2065,2.0650007198599565,4.01597781106074,0.4369574300242255,2.2885524568023907
2066,2.0660007198599564,4.016414896661579,0.43724751609713575,2.287034146988378
2067,2.0670007198599563,4.016852144008642,0.43753855065763203,2.28551289594248
2068,2.0680007198599566,4.017289531853381,0.4378304277495536,2.283989272148113
2069,2.0690007198599565,4.017727460356837,0.43812328105109666,2.282462592722558
2070,2.0700007198599564,4.018165792044387,0.4384168339767643,2.2809343129670956
2071,2.0710007198599563,4.018604767199184,0.43871108790247815,2.2794044362569013
2072,2.0720007198599566,4.019043575126184,0.4390061377507835,2.277872480606828
2073,2.0730007198599565,4.019482577437534,0.43930201875771746,2.276338275949324
2074,2.0740007198599564,4.019921525355909,0.43959882865211347,2.274801329808303
2075,2.0750007198599563,4.020361148028063,0.4398963516225093,2.2732627727227337
2076,2.0760007198599566,4.020800734035673,0.4401944565543741,2.271723292082114
2077,2.0770007198599565,4.021241342363305,0.4404933879174571,2.270181635932722
2078,2.0780007198599564,4.021681815906723,0.4407931140496817,2.2686379803276377
2079,2.0790007198599563,4.0221227053355895,0.44109360100105344,2.2670925121799983
2080,2.0800007198599566,4.022564046381696,0.44139503924175466,2.265544265558214
2081,2.0810007198599565,4.023006087070462,0.44169724975923036,2.2639941737131055
2082,2.0820007198599564,4.0234484408339535,0.44199988183451117,2.2624440437620055
2083,2.0830007198599563,4.0238902484844745,0.44230296995524987,2.2608937039269152
2084,2.0840007198599566,4.0243322009831415,0.44260628158651416,2.259344346437014
2085,2.0850007198599565,4.0247748244598345,0.442909865974079,2.2577957205824
2086,2.0860007198599564,4.025217887876953,0.4432137687923623,2.2562475952061005
2087,2.0870007198599563,4.025661551981315,0.4435181318500032,2.2546992517054467
2088,2.0880007198599566,4.026104980624339,0.4438229298000662,2.2531508240245293
2089,2.0890007198599565,4.026549468411658,0.444127916112994,2.251603566720139
2090,2.0900007198599564,4.026993954030065,0.4444329818791609,2.2500580307334053
2091,2.0910007198599563,4.027438594692416,0.4447380983262498,2.248514358818036
2092,2.0920007198599566,4.02788295719955,0.4450433938673178,2.2469718993247954
2093,2.0930007198599565,4.0283282805807605,0.4453488067693786,2.2454309628763514
2094,2.0940007198599564,4.028773325436133,0.4456545799861588,2.2438903242754917
2095,2.0950007198599563,4.0292189794527795,0.44596080895123735,2.242349506791174
2096,2.0960007198599566,4.02966525468174,0.4462672871849956,2.2408095522929514
2097,2.0970007198599565,4.030111896058209,0.4465737758665647,2.239271659110583
2098,2.0980007198599564,4.030558581647866,0.4468805005396454,2.237734693709877
2099,2.0990007198599563,4.031005817700229,0.4471876187879571,2.236197868604609
2100,2.1000007198599566,4.031453190275465,0.4474951932465162,2.2346608747797654
2101,2.1010007198599565,4.031900697196582,0.4478030889137835,2.233124390512036
2102,2.1020007198599564,4.032349031122629,0.44811116917294086,2.231589098405327
2103,2.1030007198599563,4.032797053007154,0.4484197756639944,2.2300532988743798
2104,2.1040007198599566,4.033246101517925,0.4487289136057214,2.228516972451337
2105,2.1050007198599565,4.0336950284070605,0.4490382109380796,2.2269819708904364
2106,2.1060007198599564,4.03414417272783,0.44934784173781367,2.225447430953684
2107,2.1070007198599563,4.034593867686618,0.44965769331859845,2.2239139124246328
2108,2.1080007198599566,4.035043944165523,0.44996770741742204,2.222381703210379
2109,2.1090007198599565,4.035494586872761,0.4502777055547769,2.220851682558706
2110,2.1100007198599564,4.035945278060721,0.4505880466114524,2.2193220781604803
2111,2.1110007198599563,4.036396165591791,0.4508983869479477,2.217794582874481
2112,2.1120007198599566,4.036847185998248,0.45120854118827514,2.216270102880724
2113,2.1130007198599565,4.03729837133757,0.451518708899632,2.214747651181581
2114,2.1140007198599564,4.037750142311624,0.4518288269099385,2.2132275331766884
2115,2.1150007198599563,4.038202060294765,0.45213885329551445,2.21170994863918
2116,2.1160007198599566,4.038653784808044,0.45244886307691784,2.2101945249666737
2117,2.1170007198599565,4.039106633490279,0.4527588047492068,2.208681508808917
2118,2.1180007198599564,4.039559488697391,0.45306886781546163,2.2071699713592055
2119,2.1190007198599563,4.04001290246355,0.4533790393623681,2.2056599736203046
2120,2.1200007198599566,4.040466095647914,0.45368925011600275,2.2041518500698714
2121,2.1210007198599565,4.040919965895364,0.4539998365831958,2.202643964645457
2122,2.1220007198599564,4.041373861053503,0.4543104324145426,2.201138095564432
2123,2.1230007198599563,4.04182820579713,0.4546207256988708,2.199635747936346
2124,2.1240007198599566,4.042283401119521,0.45493090310179574,2.198136009626585
2125,2.1250007198599565,4.04273854599129,0.4552407362471102,2.196639976122848
2126,2.1260007198599564,4.043193882543787,0.45555029315412215,2.1951473087114866
2127,2.1270007198599563,4.043649708122662,0.455859623618344,2.1936577581988765
2128,2.1280007198599566,4.044105206236425,0.4561685571523729,2.192172135323155
2129,2.1290007198599565,4.044561770952416,0.4564769870643623,2.1906909402620163
2130,2.1300007198599564,4.045018176083505,0.4567851112230139,2.189213210830278
2131,2.1310007198599563,4.045474920643092,0.45709296970898167,2.187738745219976
2132,2.1320007198599567,4.04593195217224,0.45740038870749244,2.18626836506582
2133,2.1330007198599565,4.046389232666725,0.4577071287219617,2.1848032011043004
2134,2.1340007198599564,4.046846771241137,0.4580131726437415,2.183343317895869
2135,2.1350007198599563,4.047304761951329,0.45831870391041896,2.1818878249303477
2136,2.1360007198599567,4.0477635800769125,0.4586236489217133,2.180437058470788
2137,2.1370007198599565,4.048222991069957,0.4589281789810954,2.1789901901865845
2138,2.1380007198599564,4.048681887852875,0.4592321309628732,2.1775479818959913
2139,2.1390007198599563,4.049141255752957,0.4595354206845416,2.1761108175521304
2140,2.1400007198599567,4.049601326452429,0.4598380534493223,2.174678655885115
2141,2.1410007198599565,4.050061715870475,0.4601397172889624,2.1732529543238965
2142,2.1420007198599564,4.05052170366245,0.4604402993388545,2.171834223537554
2143,2.1430007198599563,4.0509824421574265,0.4607398652153854,2.1704221307885367
2144,2.1440007198599567,4.0514432441866095,0.46103873318523,2.1690151564732707
2145,2.1450007198599566,4.051904510610418,0.46133704743625426,2.167612606785446
2146,2.1460007198599564,4.052365993528641,0.4616344835389903,2.166215990481869
2147,2.1470007198599563,4.052827969502848,0.46193089323001363,2.1648259829681074
2148,2.148000719859956,4.053289886159906,0.46222623845628014,2.163442740376984
2149,2.1490007198599566,4.053751635803788,0.4625206102976825,2.1620658144431464
2150,2.1500007198599564,4.054213824727813,0.46281410761334174,2.1606947228917455
2151,2.1510007198599563,4.054676984568693,0.4631065241966738,2.159330408343192
2152,2.1520007198599562,4.055140119467974,0.4633979087650185,2.1579726215533777
2153,2.1530007198599566,4.05560363842278,0.4636884732504302,2.156620355451271
2154,2.1540007198599564,4.056067624644517,0.4639784555918569,2.1552724872200955
2155,2.1550007198599563,4.056531943999815,0.46426732624301925,2.1539314603340256
2156,2.1560007198599562,4.0569959467451,0.464555063679435,2.1525973521409023
2157,2.1570007198599566,4.057460770382141,0.4648419727908719,2.1512687290179167
2158,2.1580007198599565,4.057925782385208,0.46512837987243705,2.1499440654948923
2159,2.1590007198599563,4.058391393318519,0.46541372058204694,2.1486259553100386
2160,2.1600007198599562,4.0588570301594045,0.4656981265468999,2.14731377043513
2161,2.1610007198599566,4.059322961768262,0.4659814340780548,2.1460082459690737
2162,2.1620007198599565,4.059789251884705,0.4662634382921253,2.144710302962841
2163,2.1630007198599563,4.060255991110476,0.46654414721711296,2.1434198799082473
2164,2.1640007198599562,4.060722954693649,0.46682360636182835,2.142136743669544
2165,2.1650007198599566,4.061190233212508,0.4671020389909099,2.140859847583454
2166,2.1660007198599565,4.061657849911367,0.467379569048066,2.139588604689647
2167,2.1670007198599563,4.062125257807512,0.4676562658274351,2.1383226807208
2168,2.1680007198599562,4.062592709963934,0.46793204912998165,2.137062425750242
2169,2.1690007198599566,4.063060931633344,0.4682068269995127,2.135808241858551
2170,2.1700007198599565,4.063529257793039,0.4684807027112209,2.134559639730596
2171,2.1710007198599564,4.063997673992826,0.4687535344592111,2.1333172477380344
2172,2.1720007198599562,4.064466212403962,0.4690252129563877,2.132081543541637
2173,2.1730007198599566,4.064935638280097,0.46929581678822,2.1308521495968753
2174,2.1740007198599565,4.065405118521929,0.469565304277338,2.1296292355735313
2175,2.1750007198599564,4.065875195118387,0.46983384439157705,2.1284120161564237
2176,2.1760007198599562,4.06634512956695,0.4701016469494096,2.1271995248032303
2177,2.1770007198599566,4.066815561713694,0.4703685029965464,2.1259926921751013
2178,2.1780007198599565,4.067286008129703,0.47063441420637764,2.124791493810078
2179,2.1790007198599564,4.067756921712234,0.470899454622281,2.123595579022538
2180,2.1800007198599562,4.068227907375422,0.4711634281651247,2.122405815524244
2181,2.1810007198599566,4.068699305726413,0.4714261590108077,2.121222976039975
2182,2.1820007198599565,4.0691708959797825,0.4716879102012315,2.1200458573834973
2183,2.1830007198599564,4.0696431016374435,0.47194869847518855,2.1188743675549566
2184,2.1840007198599563,4.070115602592177,0.472208417566562,2.1177089666323896
2185,2.1850007198599566,4.070588258799374,0.4724673257495486,2.1165484796510405
2186,2.1860007198599565,4.071061104060906,0.472725283317014,2.115393517738696
2187,2.1870007198599564,4.071534349637587,0.47298197318251517,2.1142454822778585
2188,2.1880007198599563,4.072007475281956,0.4732376480395457,2.113103224442608
2189,2.1890007198599566,4.072481419684381,0.4734921816914192,2.1119672904160276
2190,2.1900007198599565,4.072954196402253,0.47374543383139656,2.110838286952006
2191,2.1910007198599564,4.073428079475654,0.47399755562574714,2.1097155209584395
2192,2.1920007198599563,4.07390246804601,0.47424877186663883,2.1085979749910773
2193,2.1930007198599566,4.074376522328789,0.4744990013318226,2.1074859951089517
2194,2.1940007198599565,4.074851254444708,0.4747479661639044,2.106380798385042
2195,2.1950007198599564,4.075325732198423,0.4749958483162547,2.1052815588699523
2196,2.1960007198599563,4.075800707845478,0.4752429343901025,2.104186990772074
2197,2.1970007198599566,4.076275835858888,0.47548886420257364,2.1030986744075832
2198,2.1980007198599565,4.076751380796601,0.4757340129508982,2.102014934347805
2199,2.1990007198599564,4.077227062660691,0.4759784377006827,2.100935506303011
2200,2.2000007198599563,4.077702912709039,0.47622181985040024,2.0998617835573743
2201,2.2010007198599566,4.078178844496417,0.4764641187461421,2.0987939293972215
2202,2.2020007198599565,4.078654786866765,0.47670560130431106,2.097730753034801
2203,2.2030007198599564,4.079131652891509,0.47694640114141285,2.096671654523091
2204,2.2040007198599563,4.079608206913374,0.4771867888729356,2.0956154347061737
2205,2.2050007198599566,4.080085705593289,0.4774263202053586,2.0945640357026467
2206,2.2060007198599565,4.080562831997018,0.4776647845523896,2.093518367566243
2207,2.2070007198599564,4.081040755144231,0.47790218206449503,2.0924784140555475
2208,2.2080007198599563,4.081518418969685,0.4781385221904897,2.091444118367023
2209,2.2090007198599566,4.081996298173858,0.4783740927106158,2.0904142077044563
2210,2.2100007198599565,4.08247471670114,0.4786086400754745,2.089389777506533
2211,2.2110007198599564,4.082953719219758,0.4788423195661326,2.0883701359271583
2212,2.2120007198599563,4.083433092253107,0.47907547291523356,2.0873537814717924
2213,2.2130007198599566,4.0839125445741,0.47930829359691013,2.0863398638392483
2214,2.2140007198599565,4.0843916806030975,0.47954045761210834,2.0853297863115485
2215,2.2150007198599564,4.084871890221834,0.47977181135863034,2.0843242064767704
2216,2.2160007198599563,4.085351631866728,0.4800025080413751,2.083322447793965
2217,2.2170007198599566,4.0858322174422215,0.48023266871253295,2.082323975753094
2218,2.2180007198599565,4.0863128243013325,0.48046223108029545,2.08132905213288
2219,2.2190007198599564,4.086793393438681,0.4806912182236016,2.080337568253292
2220,2.2200007198599563,4.087273911245649,0.48091976209653386,2.0793489451142007
2221,2.2210007198599566,4.087754918129362,0.4811477398762021,2.0783637064517797
2222,2.2220007198599565,4.088236395616639,0.4813752297634556,2.077381506504589
2223,2.2230007198599564,4.0887178641012705,0.48160228804557653,2.0764020953018494
2224,2.2240007198599563,4.089200281760851,0.4818291358707198,2.0754245136979663
2225,2.2250007198599566,4.08968228953244,0.4820555613011467,2.0744496698696655
2226,2.2260007198599565,4.090164076559877,0.4822816242848407,2.0734772996646234
2227,2.2270007198599564,4.090646136552638,0.48250707435649914,2.072508473235674
2228,2.2280007198599563,4.091128549862111,0.48273173040081613,2.0715439591461946
2229,2.2290007198599566,4.091610960676452,0.482955834346029,2.0705827093984714
2230,2.2300007198599565,4.092094085753837,0.483179334360037,2.0696249381701795
2231,2.2310007198599564,4.092578303466161,0.4834023225396913,2.068670242927705
2232,2.2320007198599563,4.093062068705009,0.48362464773428143,2.067719262624165
2233,2.2330007198599566,4.09354683764644,0.4838462903908124,2.0667720717508855
2234,2.2340007198599565,4.094031203889758,0.48406735751168106,2.0658282044474956
2235,2.2350007198599564,4.0945153613590515,0.48428783689676896,2.064887704815846
2236,2.2360007198599563,4.094999582803572,0.4845079042250356,2.0639498164627215
2237,2.2370007198599566,4.0954842351904235,0.4847278816476184,2.0630131623560453
2238,2.2380007198599565,4.095969151604307,0.4849477840755231,2.062077676891221
2239,2.2390007198599564,4.096454115105858,0.4851672489317054,2.061144898386917
2240,2.2400007198599563,4.096939773642583,0.4853865333842232,2.0602137291032303
2241,2.2410007198599566,4.097425466014305,0.48560565147903945,2.059284106258314
2242,2.2420007198599565,4.097911676083866,0.4858249276295646,2.058354652321355
2243,2.2430007198599564,4.098397363895625,0.4860440902957133,2.057426517400081
2244,2.2440007198599563,4.098883476517635,0.48626315028997175,2.0564996533331246
2245,2.2450007198599566,4.099369805639806,0.48648211291023125,2.0555740354312397
2246,2.2460007198599565,4.099856035485268,0.48670087765280845,2.054650085741898
2247,2.2470007198599564,4.100342574401458,0.4869195169429823,2.053727495415015
2248,2.2480007198599563,4.1008290101097185,0.4871383818826315,2.052804782360456
2249,2.2490007198599566,4.101315888697427,0.4873572075066069,2.0518830635872836
2250,2.2500007198599565,4.1018031878117105,0.48757573861183184,2.050963411032473
2251,2.2510007198599564,4.102291049740562,0.48779417858501123,2.050044965482759
2252,2.2520007198599563,4.102778596119545,0.4880125196147941,2.0491277576020717
2253,2.2530007198599566,4.10326633225493,0.48823069825478044,2.048212051340851
2254,2.2540007198599565,4.103754565406893,0.488448766100514,2.047297627514567
2255,2.2550007198599564,4.10424319886467,0.48866650083127516,2.0463854147949383
2256,2.2560007198599563,4.104731931654058,0.48888405210407176,2.045474782202803
2257,2.2570007198599567,4.105220672621993,0.4891012737002323,2.0445663378355765
2258,2.2580007198599565,4.1057100405959455,0.4893182444311018,2.043659747783642
2259,2.2590007198599564,4.106199479799674,0.4895348886745801,2.0427553237472176
2260,2.2600007198599563,4.106689417045821,0.48975140716208737,2.0418522241612296
2261,2.2610007198599567,4.107179452109934,0.4899678011282227,2.0409504414317703
2262,2.2620007198599565,4.107669354406701,0.49018435776058356,2.0400487779098437
2263,2.2630007198599564,4.1081594036351445,0.4904012063055487,2.039146696912775
2264,2.2640007198599563,4.108650194603031,0.49061819724322425,2.038244821775841
2265,2.2650007198599567,4.109140543267057,0.4908352675828047,2.0373434144711258
2266,2.2660007198599565,4.1096315384636375,0.49105241806711813,2.036442471734897
2267,2.2670007198599564,4.1101227154580044,0.49126966784515724,2.0355419140495132
2268,2.2680007198599563,4.11061349746938,0.4914868427165078,2.0346424625995643
2269,2.2690007198599567,4.111105525656427,0.4917041332456425,2.0337433273118863
2270,2.2700007198599566,4.111597563465033,0.4919217232068831,2.032843748962554
2271,2.2710007198599564,4.112089743709859,0.4921395289328488,2.031944075226779
2272,2.2720007198599563,4.1125819487713375,0.4923581076822737,2.0310420086456977
2273,2.2730007198599567,4.113074348638311,0.4925769122589551,2.030139811900654
2274,2.2740007198599566,4.113567286174083,0.4927959464295579,2.0292374708949517
2275,2.2750007198599564,4.114060198772926,0.4930151158333512,2.0283353752951045
2276,2.2760007198599563,4.114553166167313,0.49323451270193946,2.0274331463992623
2277,2.2770007198599562,4.115047083529722,0.49345388825990855,2.026531807311015
2278,2.2780007198599566,4.115540446705753,0.4936737163062579,2.0256294126455683
2279,2.2790007198599564,4.116034401540249,0.4938941344012252,2.024725402362501
2280,2.2800007198599563,4.116528277211644,0.4941149333448177,2.0238206387139304
2281,2.2810007198599562,4.117022524159018,0.49433588382977517,2.022916063168804
2282,2.2820007198599566,4.117516161609459,0.49455680676668295,2.0220124085194726
2283,2.2830007198599565,4.118010762215275,0.49477790456488013,2.0211088465630342
2284,2.2840007198599563,4.118505555104631,0.4949993906093851,2.0202045072599333
2285,2.2850007198599562,4.119000614635336,0.495220952930399,2.0193006658596397
2286,2.2860007198599566,4.119495377477576,0.4954428282733402,2.018396357628354
2287,2.2870007198599565,4.119991303282911,0.4956647168622298,2.0174928050768446
2288,2.2880007198599563,4.120487504715472,0.49588689951919357,2.016588865262601
2289,2.2890007198599562,4.120983557754715,0.496109093350287,2.0156856897076296
2290,2.2900007198599566,4.1214797218294175,0.49633156780113885,2.014782183672552
2291,2.2910007198599565,4.1219763072052045,0.49655421975984204,2.0138787673250444
2292,2.2920007198599563,4.122472929782045,0.49677679190754676,2.0129764841875026
2293,2.2930007198599562,4.1229691706194584,0.49699929867860826,2.012075273866059
2294,2.2940007198599566,4.123466236690334,0.49722149716898195,2.011176117069909
2295,2.2950007198599565,4.123963702467137,0.4974439078618964,2.0102769059896226
2296,2.2960007198599564,4.124461698162954,0.4976668077788653,2.0093765233472087
2297,2.2970007198599562,4.1249597501452575,0.497890365951735,2.0084742915008302
2298,2.2980007198599566,4.125457845593832,0.49811457882839305,2.0075702308334025
2299,2.2990007198599565,4.125956298754253,0.4983395755136874,2.006663827509991
2300,2.3000007198599564,4.126454997860986,0.49856520381292246,2.0057557012647673
2301,2.3010007198599562,4.126954079571976,0.4987911633526943,2.004847065209337
2302,2.3020007198599566,4.127453244220979,0.49901717594022504,2.0039390390037104
2303,2.3030007198599565,4.127952595143866,0.4992408579309788,2.003041185660033
2304,2.3040007198599564,4.128452197061918,0.4994585416296292,2.002168181441463
2305,2.3050007198599562,4.128951441620049,0.4996684495916209,2.0013270816224242
2306,2.3060007198599566,4.129451599923752,0.4998766681199862,2.000493449236099
2307,2.3070007198599565,4.1299516060382055,0.500086295472109,1.9996548776765515
2308,2.3080007198599564,4.130452174647429,0.5002974391591494,1.9988109507030487
2309,2.3090007198599563,4.1309527081364195,0.5005103049985504,1.9979608611712725
2310,2.3100007198599566,4.131454189847193,0.5007246767761966,1.997105488066367
2311,2.3110007198599565,4.131954985387224,0.5009407174612345,1.9962441964550135
2312,2.3120007198599564,4.13245627630875,0.5011585734766983,1.9953764196084247
2313,2.3130007198599563,4.132957691978597,0.5013785427253601,1.994500990338092
2314,2.3140007198599566,4.133459257921613,0.5016007176353365,1.9936175624194372
2315,2.3150007198599565,4.13396156967128,0.5018252854243805,1.9927254146915416
2316,2.3160007198599564,4.1344633890377445,0.502052456252386,1.9918237378312746
2317,2.3170007198599563,4.134965748175501,0.5022825429994051,1.99091131861452
2318,2.3180007198599566,4.135468318049668,0.5025157653608283,1.989987317675409
2319,2.3190007198599565,4.1359717267495775,0.5027519944166652,1.9890522784703886
2320,2.3200007198599564,4.136474790879849,0.5029912685051594,1.9881060817852796
2321,2.3210007198599563,4.1369782307459495,0.5032335833559943,1.9871487775739052
2322,2.3220007198599566,4.137481460909623,0.5034792292257684,1.986179254182467
2323,2.3230007198599565,4.137985280343598,0.5037284080422281,1.9851967529220012
2324,2.3240007198599564,4.138489266485123,0.5039810752807466,1.9842014890002408
2325,2.3250007198599563,4.138993582963258,0.5042370310352385,1.9831942885014233
2326,2.3260007198599566,4.139498210202974,0.5044966458960384,1.9821737332344327
2327,2.3270007198599565,4.1400029426010585,0.5047600500426517,1.9811393550569247
2328,2.3280007198599564,4.140507947528337,0.5050269944762676,1.9800921751460798
2329,2.3290007198599563,4.141013930312647,0.5052976552142168,1.979031546418038
2330,2.3300007198599566,4.141519372956654,0.5055719646830794,1.9779577782301587
2331,2.3310007198599565,4.142024849150175,0.5058499986636285,1.976870619040889
2332,2.3320007198599564,4.142530489034716,0.5061320786114442,1.9757688600640873
2333,2.3330007198599563,4.143036445067225,0.5064182342050624,1.9746524363794395
2334,2.3340007198599566,4.1435432039118485,0.5067083806178337,1.973521730153134
2335,2.3350007198599565,4.14405000735282,0.5070028618861872,1.972375454212883
2336,2.3360007198599564,4.1445569002329865,0.5073013814697866,1.971214817319706
2337,2.3370007198599563,4.14506437042609,0.507604139084241,1.9700390974038966
2338,2.3380007198599566,4.145572120339875,0.5079114981228171,1.9688469422249464
2339,2.3390007198599565,4.146079779869789,0.5082227923556089,1.9676409933623942
2340,2.3400007198599564,4.14658831078853,0.5085382192931112,1.966420540407053
2341,2.3410007198599563,4.147096150845165,0.5088577813136225,1.9651856308819489
2342,2.3420007198599566,4.147604816419995,0.5091817731349824,1.9639351853525664
2343,2.3430007198599565,4.148114103308749,0.5095100653879165,1.9626697644111268
2344,2.3440007198599564,4.1486234339294406,0.5098425041976844,1.9613900209706012
2345,2.3450007198599563,4.149133091531737,0.5101793198861766,1.9600951293421784
2346,2.3460007198599566,4.149643228426654,0.5105203506167362,1.9587857737540648
2347,2.3470007198599565,4.150153337839417,0.5108653722640404,1.9574628743542062
2348,2.3480007198599564,4.150663979939907,0.5112147411358386,1.9561251261615764
2349,2.3490007198599563,4.151174662931305,0.5115682919588787,1.9547732252341843
2350,2.3500007198599566,4.151685520669007,0.5119261365165922,1.9534068074830335
2351,2.3510007198599565,4.15219699780056,0.5122883592820078,1.9520256158104767
2352,2.3520007198599564,4.152708482753241,0.5126552696354538,1.9506285397419092
2353,2.3530007198599563,4.15322065349945,0.5130264595661883,1.949217201868288
2354,2.3540007198599566,4.15373271678225,0.5134019434041215,1.947791614050934
2355,2.3550007198599565,4.154245062174942,0.5137817029121072,1.9463519123628081
2356,2.3560007198599564,4.154757902562042,0.5141659747863084,1.9448972686603934
2357,2.3570007198599563,4.155270943324619,0.5145541186800209,1.943430173225097
2358,2.3580007198599566,4.1557849604349295,0.5149459146094548,1.9419515169052652
2359,2.3590007198599565,4.156298906778621,0.5153416285982717,1.940460355822599
2360,2.3600007198599564,4.156813573474715,0.515741363385627,1.9389563664923382
2361,2.3610007198599563,4.1573288087348965,0.5161448177670522,1.9374407444914472
2362,2.3620007198599566,4.157844227299223,0.5165522223392347,1.9359126855972972
2363,2.3630007198599565,4.158359761991505,0.516963843342755,1.9343712580242958
2364,2.3640007198599564,4.1588756106208296,0.5173791494202671,1.9328185164023686
2365,2.3650007198599563,4.159392133409169,0.5177979850592939,1.9312551011288475
2366,2.3660007198599566,4.159908594592492,0.5182201723984723,1.9296817323256867
2367,2.3670007198599565,4.160425974552042,0.5186454921042394,1.9280992801900534
2368,2.3680007198599564,4.160943309007112,0.5190741606203424,1.9265069923821792
2369,2.3690007198599563,4.161460502733338,0.5195058702801691,1.924906064027151
2370,2.3700007198599566,4.161978070881873,0.5199405559408494,1.9232967857074879
2371,2.3710007198599565,4.162496619012608,0.5203781052958665,1.9216796206893436
2372,2.3720007198599564,4.163019542310267,0.5208182692906624,1.920055533693101
2373,2.3730007198599563,4.163549008178234,0.5212605174803129,1.918426518919627
2374,2.3740007198599566,4.164082229005125,0.521704583950325,1.9167935854196303
2375,2.3750007198599565,4.164605439306865,0.5221330842762324,1.9152205254071855
2376,2.3760007198599564,4.165128131895113,0.5225616251362801,1.913649896773816
2377,2.3770007198599563,4.165651257834677,0.5229926104049419,1.9120729052475933
2378,2.3780007198599566,4.166174818782768,0.5234260422742971,1.910489580638707
2379,2.3790007198599565,4.166698816399053,0.5238619229631262,1.9088999527655848
2380,2.3800007198599564,4.167223252345671,0.5243002547169653,1.9073040514539388
2381,2.3810007198599563,4.167748128287269,0.5247410398081545,1.9057019065358418
2382,2.3820007198599567,4.168273445891004,0.525184280535893,1.9040935478487846
2383,2.3830007198599565,4.1687992068265824,0.5256299792262902,1.9024790052347598
2384,2.3840007198599564,4.169325412766266,0.526078138232421,1.9008583085393307
2385,2.3850007198599563,4.169852065384906,0.5265287599343809,1.8992314876107166
2386,2.3860007198599567,4.170379166359959,0.5269818467393417,1.8975985722988762
2387,2.3870007198599565,4.1709067173715075,0.5274374010816067,1.8959595924546067
2388,2.3880007198599564,4.171434720102285,0.5278954254226711,1.8943145779286266
2389,2.3890007198599563,4.171963176237693,0.5283559222512783,1.8926635585706841
2390,2.3900007198599567,4.172492087465831,0.5288188940834805,1.891006564228656
2391,2.3910007198599565,4.17302145547751,0.5292843434626977,1.8893436247476625
2392,2.3920007198599564,4.17355128196628,0.5297522729597806,1.8876747699691725
2393,2.3930007198599563,4.1740815686284485,0.5302226851730703,1.8860000297301303
2394,2.3940007198599567,4.174612317163104,0.5306955827284638,1.8843194338620695
2395,2.3950007198599566,4.17514352927214,0.5311709682794753,1.8826330121902495
2396,2.3960007198599564,4.1756752066602765,0.5316488445073025,1.8809407945327798
2397,2.3970007198599563,4.176207351035078,0.5321292141208924,1.8792428106997594
2398,2.3980007198599567,4.176739964106985,0.5326120798570065,1.8775390904924196
2399,2.3990007198599566,4.177273047589327,0.5330974444802885,1.8758296637022716
2400,2.4000007198599564,4.177806603198349,0.5335853107833338,1.8741145601102525
2401,2.4010007198599563,4.1783406326532395,0.5340756815867581,1.872393809485884
2402,2.4020007198599567,4.178875137676142,0.5345685597392665,1.8706674415864368
2403,2.4030007198599566,4.1794101199921885,0.5350639481177255,1.8689354861560934
2404,2.4040007198599564,4.179945581329514,0.5355618496272365,1.8671979729251127
2405,2.4050007198599563,4.1804815234192905,0.5360622672012056,1.8654549316090177
2406,2.4060007198599562,4.181017947995733,0.5365652038014201,1.8637063919077663
2407,2.4070007198599566,4.181554856796143,0.5370706624181221,1.8619523835049412
2408,2.4080007198599565,4.182092251560912,0.5375786460700841,1.8601929360669398
2409,2.4090007198599563,4.182630134033562,0.5380891578046871,1.858428079242167
2410,2.4100007198599562,4.183168505960756,0.5386022006979964,1.856657842660241
2411,2.4110007198599566,4.183707369092332,0.5391177778548425,1.8548822559311893
2412,2.4120007198599565,4.184246725181315,0.5396358924088972,1.8531013486446748
2413,2.4130007198599563,4.184786575983951,0.5401565475227587,1.851315150369193
2414,2.4140007198599562,4.1853269232597246,0.5406797463880286,1.8495236906513082
2415,2.4150007198599566,4.185867768771389,0.5412054922253989,1.8477269990148664
2416,2.4160007198599565,4.18640911428498,0.5417337882847307,1.8459251049602399
2417,2.4170007198599563,4.18695096156985,0.542264637845143,1.8441180379635498
2418,2.4180007198599562,4.187493312398687,0.5427980442150954,1.8423058274759159
2419,2.4190007198599566,4.18803616854754,0.5433340107324761,1.8404885029226978
2420,2.4200007198599565,4.188579531795843,0.5438725407646879,1.8386660937027528
2421,2.4210007198599564,4.189123403926438,0.5444136377087377,1.8368386291876873
2422,2.4220007198599562,4.189667786725602,0.5449573049913269,1.8350061387211154
2423,2.4230007198599566,4.190212681983074,0.5455035460689392,1.833168651617936
2424,2.4240007198599565,4.190758091492072,0.5460523644279346,1.8313261971635968
2425,2.4250007198599564,4.191304017049324,0.5466037635846411,1.829478804613373
2426,2.4260007198599562,4.191850460455089,0.5471577470854474,1.8276265031916548
2427,2.4270007198599566,4.192397423513188,0.5477143185068997,1.8257693220912259
2428,2.4280007198599565,4.192944908031022,0.5482734814557945,1.8239072904725684
2429,2.4290007198599564,4.193492915819601,0.5488352395692778,1.8220404374631505
2430,2.4300007198599562,4.194041448693568,0.5493995965149419,1.8201687921567362
2431,2.4310007198599566,4.194590508471226,0.5499665559909238,1.8182923836126923
2432,2.4320007198599565,4.195140096974561,0.5505361217260053,1.8164112408553041
2433,2.4330007198599564,4.195690216029273,0.5511082974797149,1.8145253928730911
2434,2.4340007198599563,4.196240867464792,0.5516830870424283,1.8126348686181366
2435,2.4350007198599566,4.196792053114315,0.5522604942354734,1.8107396970054117
2436,2.4360007198599565,4.197343774814822,0.5528405229112319,1.8088399069121193
2437,2.4370007198599564,4.197896034407112,0.5534231769532478,1.8069355271770235
2438,2.4380007198599563,4.198448833735817,0.5540084602763309,1.8050265865998065
2439,2.4390007198599566,4.199002174649443,0.5545963768266667,1.8031131139404097
2440,2.4400007198599565,4.199556059000381,0.5551869305819229,1.8011951379184004
2441,2.4410007198599564,4.2001104886449445,0.555780125551361,1.7992726872123237
2442,2.4420007198599563,4.200665465443393,0.5563759657759464,1.7973457904590757
