,Q,V,dVdQ,dQdV
0,0.0009997465477350732,3.1933085403266914,10.075726811332506,0.09924842333709034
1,0.001999746547735073,3.203690078368334,9.87890990957134,0.10122574344271872
2,0.002999746547735073,3.2138580188136263,9.684095455722233,0.10326209655534842
3,0.003999746547735074,3.223814646174226,9.491283424168373,0.10535982915162183
4,0.004999746547735074,3.233562244937935,9.300473789435248,0.1075214040316889
5,0.005999746547735074,3.2431030995687946,9.111666526190618,0.1097494072160779
6,0.006999746547735074,3.2524394945071866,8.924861609244541,0.11204655531735988
7,0.007999746547735073,3.2615737141699266,8.740059013549322,0.11441570342371199
8,0.008999746547735074,3.270508042950364,8.557258714199554,0.11685985353471226
9,0.009999746547735073,3.279244765218477,8.376460686432088,0.11938216359324251
10,0.010999746547735074,3.2877861653209703,8.197664905626024,0.1219859571612526
11,0.011999746547735073,3.2961345275813754,8.020871347302725,0.12467473379139563
12,0.012999746547735074,3.3042921363001425,7.846079987125793,0.1274521801512151
13,0.013999746547735073,3.312261275754741,7.673290800901077,0.130322181961691
14,0.014999746547735074,3.3200442301997577,7.502503764576661,0.13328883681758824
15,0.015999746547735075,3.32764328386699,7.333718854242859,0.13635646796324333
16,0.016999746547735072,3.3350607209655454,7.166936046132211,0.13952963910424054
17,0.017999746547735073,3.342298825681941,7.002155316619476,0.1428131703429257
18,0.018999746547735074,3.3493598821801953,6.8393766422216355,0.14621215533396476
19,0.019999746547735075,3.3562461746019316,6.678599999597876,0.14973197976525182
20,0.020999746547735072,3.362959987066468,6.5198253655495915,0.15337834127949906
21,0.021999746547735073,3.3695036036709216,6.363052717020377,0.15715727096290183
22,0.022999746547735074,3.3758793084903003,6.208282031096024,0.16107515653947468
23,0.023999746547735075,3.382089385577604,6.055513285004514,0.16513876742312433
24,0.024999746547735072,3.3881361189639176,5.904746456116015,0.1693552817943979
25,0.025999746547735073,3.3940217926585134,5.755981521942873,0.17373231588527757
26,0.026999746547735074,3.3997486906489423,5.609218460139614,0.17827795567354493
27,0.027999746547735075,3.405319096901135,5.464457248502937,0.18300079120830595
28,0.028999746547735072,3.410735295359498,5.321697864971703,0.18790995381044942
29,0.029999746547735073,3.4159995699470103,5.180940287626933,0.1930151564163342
30,0.030999746547735074,3.421114204565322,5.042184494691812,0.19832673736011755
31,0.031999746547735075,3.4260814830948494,4.905430464531675,0.20385570792011434
32,0.032999746547735076,3.430903689394873,4.770678175653999,0.2096138039877135
33,0.03399974654773508,3.4355831073036347,4.63792760670841,0.21561354225399637
34,0.03499974654773507,3.440122020638435,4.507178736486672,0.22186828134965333
35,0.03599974654773507,3.44452271319573,4.3784315439226775,0.22839228841844372
36,0.03699974654773507,3.448787468751229,4.251686008092449,0.23520081165369444
37,0.037999746547735073,3.4529185710599894,4.12694210821414,0.24231015938159886
38,0.038999746547735074,3.456918303856518,4.004199823648021,0.24973778633478672
39,0.039999746547735075,3.460788950854863,3.8834591338964666,0.2575023878252198
40,0.040999746547735076,3.4645327957487146,3.7647200186039798,0.26562400259736085
41,0.04199974654773508,3.4681521222115026,3.6479824575571578,0.2741241252211618
42,0.04299974654773507,3.471649213896489,3.5332464306847036,0.2830258289700476
43,0.04399974654773507,3.475026354436872,3.4205119180574157,0.2923539002220235
44,0.04499974654773507,3.478285827445875,3.309778899888189,0.302134985522381
45,0.045999746547735074,3.481429916516851,3.201047356532004,0.3123977525541497
46,0.046999746547735075,3.484460905223376,3.094317268485928,0.3231730663770323
47,0.047999746547735075,3.4873810771193448,2.989588616389104,0.3344941824162495
48,0.048999746547735076,3.490192715739071,2.886861381022757,0.34639695780810925
49,0.04999974654773508,3.4928981045973844,2.7861355433101767,0.3589200828370005
50,0.05099974654773507,3.495499527189724,2.6874110843167234,0.3721053343256009
51,0.05199974654773507,3.4979992669922404,2.590687985249822,0.38599785296166
52,0.05299974654773507,3.5003996074618873,2.4959662274589514,0.4006464466540728
53,0.053999746547735074,3.5027028320365243,2.4032457924356487,0.4161039220988366
54,0.054999746547735075,3.5049112241350078,2.312526661813501,0.4324274467892156
55,0.055999746547735076,3.5070270671572943,2.223808817368139,0.4496789437068122
56,0.056999746547735076,3.509052644484533,2.1370922410172404,0.4679255208581953
57,0.05799974654773508,3.5109902394791637,2.0523769148205173,0.48723993764442197
58,0.05899974654773507,3.5128421354850157,1.9696628209797182,0.5077011097272963
59,0.05999974654773507,3.514610615827403,1.888949941838621,0.5293946535325568
60,0.06099974654773507,3.516297963813222,1.810238259883024,0.5524134707354043
61,0.061999746547735074,3.517906462731048,1.73352775774076,0.576858371915118
62,0.06299974654773507,3.519438395851233,1.6588184181816747,0.6028387369222467
63,0.06399974654773508,3.520896046426003,1.5861102241176168,0.6304732072175621
64,0.06499974654773508,3.5222816976895532,1.5154031586024634,0.6598904023152631
65,0.06599974654773508,3.5235976328581473,1.4466972048320907,0.6912296482359375
66,0.06699974654773508,3.5248461351302125,1.3799923461443737,0.7246417002195321
67,0.06799974654773508,3.526029487686438,1.3152885660191935,0.7602894344520649
68,0.06899974654773508,3.5271499736899172,1.2525858480770158,0.7983484737075798
69,0.06999974654773508,3.528054423997957,1.1974680043024928,0.8350953815943375
70,0.07099974654773507,3.528877644019589,1.1485435864543863,0.870667871723573
71,0.07199974654773507,3.5297284303163337,1.1017999949979758,0.9076057401886602
72,0.07299974654773507,3.530593174979125,1.057202314732755,0.9458927454701849
73,0.07399974654773507,3.531462687659418,1.0147144876652356,0.9854988887572776
74,0.07499974654773507,3.532330309767348,0.9742991504079241,1.0263788073522544
75,0.07599974654773507,3.5331921918912714,0.9359173418751292,1.0684704249591956
76,0.07699974654773507,3.534044689143092,0.8995283856534876,1.1116936563080464
77,0.07799974654773507,3.5348855862478303,0.8650907947958073,1.1559480299822589
78,0.07899974654773508,3.5357131254625997,0.8325619439177837,1.2011118299430115
79,0.07999974654773508,3.536525685428472,0.8018977452666289,1.247041790431151
80,0.08099974654773508,3.537322754099957,0.7730530359389295,1.293572308121689
81,0.08199974654773508,3.5381042517858674,0.7459815035173487,1.34051581076064
82,0.08299974654773508,3.538869112614466,0.7206357614374896,1.3876635791779859
83,0.08399974654773508,3.539617530088291,0.6969673006793553,1.434787541718628
84,0.08499974654773508,3.540350076536956,0.6749269610475258,1.481641803800432
85,0.08599974654773508,3.54106719414247,0.6544645698779226,1.5279665944124832
86,0.08699974654773507,3.541768927528448,0.6355293138926527,1.5734915418376911
87,0.08799974654773507,3.5424559520845413,0.618069584576782,1.6179408030323021
88,0.08899974654773507,3.543128850698448,0.6020334466129723,1.661037282273899
89,0.08999974654773507,3.5437880106599393,0.5873683925239707,1.702509043264853
90,0.09099974654773507,3.54443463924152,0.5740210485698894,1.7420963961014853
91,0.09199974654773507,3.5450688628875415,0.5619379145526371,1.7795560222984907
92,0.09299974654773507,3.545692162016466,0.5510651465988207,1.8146674783771202
93,0.09399974654773507,3.5463051690820473,0.5413485686375363,1.8472386516450863
94,0.09499974654773508,3.5469075172789135,0.532734167744436,1.8771088106361546
95,0.09599974654773508,3.54750137027675,0.5251673604937566,1.904154894660268
96,0.09699974654773508,3.5480866539048317,0.5185939912958994,1.928290756900459
97,0.09799974654773508,3.548664142510071,0.5129601280216515,1.9494692576920738
98,0.09899974654773508,3.5492351515254787,0.5082120483500412,1.9676825908527655
99,0.09999974654773508,3.5497996889091623,0.504296186199056,1.9829616550089861
100,0.10099974654773508,3.550358910693127,0.5011594427147891,1.9953729587194513
101,0.10199974654773508,3.5509140016737373,0.49874929598530116,2.0050153615243826
102,0.10299974654773507,3.5514651276782105,0.497013709582478,2.0120169337784692
103,0.10399974654773507,3.5520134250029143,0.49590113041704226,2.016530995117961
104,0.10499974654773507,3.5525589993240585,0.4953611363400319,2.0187292192287924
105,0.10599974654773507,3.553102534408117,0.4953438270588404,2.018799761647606
106,0.10699974654773507,3.55364504321037,0.49579997483773053,2.0169424178113124
107,0.10799974654773507,3.55418687223273,0.4966818606116605,2.0133612263763903
108,0.10899974654773507,3.554728197378508,0.4979425209204257,2.0082639220116056
109,0.10999974654773507,3.5552700932706256,0.4995362765503587,2.0018566157110493
110,0.11099974654773508,3.5558126047023166,0.5014185667569733,1.994341786080447
111,0.11199974654773508,3.556356485648427,0.5035463568268939,1.9859144772717996
112,0.11299974654773508,3.5569019758920675,0.5058776104458221,1.9767627176041958
113,0.11399974654773508,3.5574498950535496,0.5083721744160913,1.9670628140664566
114,0.11499974654773508,3.557999431956873,0.5109909826563394,1.9569816962357975
115,0.11599974654773508,3.5585518175918702,0.5136967836539843,1.946673663959671
116,0.11699974654773508,3.5591073408485294,0.5164539384007916,1.9362811001045264
117,0.11799974654773508,3.559664917961176,0.5192285336457992,1.9259342181725463
118,0.11899974654773507,3.5602262350835314,0.5219884202522423,1.9157513101857055
119,0.11999974654773507,3.5607898854157405,0.5247033343083075,1.9058388514306934
120,0.12099974654773507,3.5613573723623793,0.5273449315952903,1.89629204736047
121,0.12199974654773507,3.5619274691163327,0.5298866289303001,1.8871961385754032
122,0.12299974654773507,3.562499935147494,0.532303791372191,1.8786264839898392
123,0.12399974654773507,3.563075313009269,0.5345738296606493,1.870649000222862
124,0.12499974654773507,3.563653906347641,0.5366765412630311,1.8633197524277272
125,0.12599974654773508,3.56423514267187,0.5385940523920496,1.8566859317489957
126,0.12699974654773508,3.5648178284945664,0.5403102053354226,1.8507886583026942
127,0.12799974654773508,3.5654025122138204,0.5418110914362226,1.8456617367304513
128,0.12899974654773508,3.565988592405074,0.5430852254760509,1.8413316236386885
129,0.12999974654773508,3.566576140067282,0.5441232422168911,1.8378189395581699
130,0.13099974654773508,3.5671644881202464,0.5449183753505539,1.8351372338227456
131,0.13199974654773508,3.567753581547705,0.5454662060478193,1.8332941416215494
132,0.13299974654773508,3.568342526095498,0.5457645649033961,1.8322919154287831
133,0.13399974654773508,3.56893143230257,0.5458133107345289,1.8321282759745248
134,0.13499974654773508,3.5695190959510543,0.5456147193335577,1.8327951291736635
135,0.13599974654773508,3.5701062255094484,0.5451735790346657,1.8342781793840628
136,0.13699974654773509,3.5706921751291447,0.5444970806359876,1.8365571378857946
137,0.13799974654773509,3.5712767958909466,0.5435948477223191,1.839605368207653
138,0.1389997465477351,3.5718594331052445,0.5424810986628046,1.8433821979511584
139,0.1399997465477351,3.5724401341583705,0.5412989840979093,1.84740786400427
140,0.1409997465477351,3.5730178785537547,0.5400932434341634,1.8515321421936999
141,0.1419997465477351,3.5735933727960307,0.5388306813105678,1.8558705632124657
142,0.14299974654773506,3.5741652004611635,0.537486874446881,1.8605105492651959
143,0.14399974654773506,3.57473370446077,0.5360431855801233,1.8655213365277046
144,0.14499974654773506,3.5752988792124483,0.5344849068083956,1.870960222191053
145,0.14599974654773507,3.57586071305845,0.5328005717711707,1.8768748627197118
146,0.14699974654773507,3.5764186530692523,0.5309811147737311,1.883306151907368
147,0.14799974654773507,3.576972349158162,0.529019730141134,1.8902886660450566
148,0.14899974654773507,3.5775219752267278,0.5269116463693402,1.8978513891094508
149,0.14999974654773507,3.5780673714099236,0.5246539254544911,1.9060183322439295
150,0.15099974654773507,3.578608246061859,0.5222447128755042,1.9148111514503467
151,0.15199974654773507,3.5791449027372924,0.5196834383348875,1.924248352427951
152,0.15299974654773507,3.579677178150502,0.5169710834053687,1.9343441675941426
153,0.15399974654773507,3.5802046394860034,0.5141097534239967,1.9451099562689678
154,0.15499974654773507,3.580727894943923,0.5111023238650915,1.9565553770871837
155,0.15599974654773507,3.581246165230532,0.5079522315224192,1.9686890576360496
156,0.15699974654773508,3.5817597729236015,0.5046642233807023,1.9815155377987486
157,0.15799974654773508,3.5822682604992546,0.5012438739484918,1.9950368512688512
158,0.15899974654773508,3.582771621386999,0.49769696028475413,2.009254787145689
159,0.15999974654773508,3.5832705493638417,0.4940302780601293,2.0241674334751774
160,0.16099974654773508,3.583764244707308,0.4902507223388804,2.0397726192614583
161,0.16199974654773508,3.584253114133717,0.4863658406700005,2.0560654478168843
162,0.16299974654773508,3.5847372453935775,0.4823834590489176,2.0730395730641997
163,0.16399974654773508,3.5852161419088278,0.47831181926852345,2.0906863675860823
164,0.16499974654773508,3.5856908261505653,0.4741597690085905,2.1089937724806904
165,0.16599974654773508,3.586160474218444,0.4699363365087043,2.1279478140151813
166,0.16699974654773508,3.5866251518938808,0.46565089622433026,2.147531569483426
167,0.16799974654773508,3.587084885265929,0.46131290913285133,2.1677260276105015
168,0.16899974654773509,3.587539841029501,0.4569319270029576,2.188509799608569
169,0.1699997465477351,3.587989778093049,0.4525174918606945,2.2098593269580076
170,0.1709997465477351,3.588434868713498,0.4480793431753684,2.231747602809313
171,0.1719997465477351,3.5888751696441634,0.44362731369983466,2.2541443439540245
172,0.1729997465477351,3.589311084300134,0.43917091423769833,2.2770178251348328
173,0.1739997465477351,3.589741657492829,0.43471942807962205,2.30033427403397
174,0.17499974654773506,3.590167869655188,0.4302821091652665,2.324056656550206
175,0.17599974654773506,3.5905898604109296,0.42586844463693946,2.348142983104837
176,0.17699974654773507,3.591006846528725,0.42148719817780345,2.372551300070927
177,0.17799974654773507,3.5914195356886425,0.41714710660441606,2.397235853174233
178,0.17899974654773507,3.591827585923105,0.4128564064146856,2.4221496492791963
179,0.17999974654773507,3.5922313391271667,0.40862331940722724,2.4472416343018755
180,0.18099974654773507,3.5926306237657064,0.40445569946293625,2.4724586681010257
181,0.18199974654773507,3.5930259026777427,0.4003607800572236,2.497747156594784
182,0.18299974654773507,3.593416571683468,0.3963454388476883,2.5230516160532637
183,0.18399974654773507,3.593803577540591,0.3924158608488579,2.5483169763751166
184,0.18499974654773507,3.594186481097031,0.3885782564098172,2.573484191419455
185,0.18599974654773507,3.594565448122991,0.38483833564455683,2.5984937241897255
186,0.18699974654773507,3.594940795814034,0.3812008895475822,2.623288736778192
187,0.18799974654773507,3.5953124174913156,0.3776707309633717,2.647809104637724
188,0.18899974654773508,3.595680115294625,0.37425161094633397,2.6719991865135766
189,0.18999974654773508,3.5960444562020433,0.37094735529082473,2.695800322436575
190,0.19099974654773508,3.5964056127890776,0.3677614706095301,2.719153799180197
191,0.19199974654773508,3.596763860865286,0.364696891907074,2.7420030775990365
192,0.19299974654773508,3.5971193186018318,0.36175636872275435,2.764291347601368
193,0.19399974654773508,3.5974716967294627,0.3589420121312741,2.7859653264390656
194,0.19499974654773508,3.597820851933499,0.3562554126968129,2.806974895988566
195,0.19599974654773508,3.5981675214536475,0.35369817360919964,2.8272693347432942
196,0.19699974654773508,3.598512094137232,0.3512715009507945,2.8468008286845854
197,0.19799974654773508,3.598853952595283,0.34897666322625587,2.8655211232610673
198,0.19899974654773508,3.599193988683308,0.3468142831172237,2.883387590072231
199,0.19999974654773509,3.599531543082867,0.3447847207430587,2.900360543369967
200,0.2009997465477351,3.5998671132808546,0.34288815590633576,2.916402864242306
201,0.2019997465477351,3.600200634880792,0.3411245172518469,2.9314808799325194
202,0.2029997465477351,3.600532734159787,0.3394938420753587,2.9455615273811837
203,0.2039997465477351,3.6008639490170626,0.33799587066448833,2.958616026976999
204,0.2049997465477351,3.6011936211153723,0.33663025095343063,2.9706183480769224
205,0.2059997465477351,3.6015221150288883,0.33539651412650506,2.9815455971698603
206,0.20699974654773506,3.601849624813417,0.3342942491301783,2.9913766168636293
207,0.20799974654773506,3.602176435210885,0.3333226972144065,3.000095728124869
208,0.20899974654773507,3.602502356767788,0.33248132951013165,3.0076876842178506
209,0.20999974654773507,3.60282757965325,0.3317692040372888,3.014143530596065
210,0.21099974654773507,3.6031529171435084,0.3311853872076026,3.019456892200237
211,0.21199974654773507,3.6034778365734765,0.3307292292065888,3.0236214754860797
212,0.21299974654773507,3.603802529092132,0.33039971687740927,3.0266369761177416
213,0.21399974654773507,3.6041274794906757,0.3301958950109111,3.028505245248296
214,0.21499974654773507,3.604452315450461,0.33011665701534054,3.0292321782282254
215,0.21599974654773507,3.6047776551257673,0.33016076060502497,3.0288275268311224
216,0.21699974654773507,3.6051034166691625,0.33032701858811,3.027303077641723
217,0.21799974654773507,3.605429518781482,0.33061411555157577,3.0246742439646384
218,0.21899974654773507,3.6057564309345977,0.33102072291359336,3.020958903110821
219,0.21999974654773508,3.6060842332364555,0.3315453441607458,3.0161786844913796
220,0.22099974654773508,3.6064131405596163,0.3321866811776677,3.010355491842122
221,0.22199974654773508,3.606743138168246,0.3329430876857899,3.0035163275224237
222,0.22299974654773508,3.6070743766885944,0.3338127974334051,2.9956910211014236
223,0.22399974654773508,3.6074070638721727,0.33479413719369433,2.9869101304526504
224,0.22499974654773508,3.6077409773670617,0.3358853527021001,2.9772063353024785
225,0.22599974654773508,3.608076110952092,0.33708456089941574,2.9666146599291885
226,0.22699974654773508,3.608412644579039,0.338389740173613,2.9551723391109426
227,0.22799974654773508,3.608751002051331,0.3397992110776574,2.942914425341208
228,0.22899974654773508,3.6090910320167593,0.3413110779692939,2.9298785317772933
229,0.22999974654773508,3.6094326982367684,0.3429236083019875,2.9161013584091706
230,0.23099974654773509,3.609776630320468,0.3446344003414467,2.9016256038551274
231,0.2319997465477351,3.6101221362860203,0.34644162790028526,2.8864891498772933
232,0.2329997465477351,3.6104699394926785,0.3483432727441463,2.870731483120925
233,0.2339997465477351,3.610820224027175,0.35033682115916714,2.8543959401449097
234,0.2349997465477351,3.611172074577887,0.3524199078873887,2.8375241512166145
235,0.2359997465477351,3.6115263662993575,0.3545900906750575,2.820157771742102
236,0.2369997465477351,3.6118830424141963,0.3568449783125059,2.8023373194963477
237,0.2379997465477351,3.612241914565806,0.3591824072522658,2.7841007237797886
238,0.23899974654773506,3.612603876721234,0.3616000311729268,2.765486487255786
239,0.23999974654773507,3.612968136463117,0.3640953315111268,2.746533430817802
240,0.24099974654773507,3.613334601630106,0.36666586943907065,2.727278657077657
241,0.24199974654773507,3.613703402160622,0.3693089288771621,2.707760148232472
242,0.24299974654773507,3.6140748973783627,0.3720220972688335,2.6880123716881585
243,0.24399974654773507,3.6144495053637207,0.37480319730422207,2.6680668873491897
244,0.24499974654773507,3.6148265566323454,0.3776496766082042,2.647956722699536
245,0.24599974654773507,3.6152064988543784,0.3805589028832333,2.627714113173249
246,0.24699974654773507,3.6155888792243447,0.38352854911688733,2.6073678277734462
247,0.24799974654773507,3.6159748371038756,0.38655610048734956,2.586946626218685
248,0.24899974654773507,3.616363195661911,0.3896390960045566,2.5664775692537423
249,0.24999974654773507,3.6167545266953214,0.392775142635332,2.5459859635986173
250,0.2509997465477351,3.6171486562664366,0.39596165327129146,2.52549708220067
251,0.2519997465477351,3.61754601470429,0.3991962614243474,2.5050334801031506
252,0.2529997465477351,3.617946426492951,0.40247687707143565,2.4846147865098596
253,0.2539997465477351,3.6183501224325436,0.40580101032434873,2.4642619770727525
254,0.25499974654773505,3.618756602727654,0.4091663217159733,2.4439939137858944
255,0.25599974654773505,3.6191665136752835,0.4125703793588185,2.4238288787336457
256,0.25699974654773505,3.61957996767586,0.4160109763325826,2.40378272904161
257,0.25799974654773505,3.619997070192099,0.4194858962294077,2.383870373208261
258,0.25899974654773505,3.6204178627240053,0.42299285631605044,2.3641061192126216
259,0.25999974654773506,3.6208412652622464,0.426529636917783,2.3445029687181105
260,0.26099974654773506,3.621268313298907,0.43009389316216173,2.3250737011114966
261,0.26199974654773506,3.621699413344187,0.4336832517145757,2.305830340568789
262,0.26299974654773506,3.622134078508339,0.4372952108292131,2.286784705699768
263,0.26399974654773506,3.622571880683868,0.4409278747024059,2.2679446171892104
264,0.26499974654773506,3.623013041295609,0.44457907048525275,2.2493186620515266
265,0.26599974654773506,3.623458372534247,0.4482466639520969,2.230914539738477
266,0.26699974654773506,3.6239070422524216,0.4519283933406286,2.2127399268013628
267,0.26799974654773506,3.6243594154623167,0.45562208001951215,2.1948014458763163
268,0.26899974654773506,3.6248155327634777,0.45932550796407856,2.1771053047596145
269,0.26999974654773506,3.625275329437557,0.4630367855487528,2.15965562825615
270,0.27099974654773507,3.625739177126382,0.46675382909179675,2.142456981972245
271,0.27199974654773507,3.6262068021955316,0.47047451320337286,2.1255136504445
272,0.27299974654773507,3.626678456112216,0.47419672322198325,2.1088294183169105
273,0.27399974654773507,3.627154221937766,0.47791801942275747,2.0924090730201543
274,0.27499974654773507,3.62763399646354,0.4816363913592786,2.0762550711290544
275,0.27599974654773507,3.6281168765876983,0.4853495815417135,2.0603705824232894
276,0.27699974654773507,3.628603812360091,0.48905543929544926,2.044757955132113
277,0.27799974654773507,3.6290943923482097,0.49275201302489896,2.0294183962054553
278,0.2789997465477351,3.6295888776415928,0.49643729175470075,2.0143531048310517
279,0.2799997465477351,3.630087306788206,0.5001094001781275,1.9995624950137367
280,0.2809997465477351,3.6305889717008455,0.5037659925076291,1.9850486433636265
281,0.2819997465477351,3.631095095023737,0.5074047667192363,1.97081317636366
282,0.2829997465477351,3.6316046647794638,0.5110236233319363,1.956856697699958
283,0.2839997465477351,3.632118155603733,0.5146201088567728,1.9431809655116226
284,0.2849997465477351,3.6326350741833067,0.5181920734456036,1.9297863692717667
285,0.2859997465477351,3.6331555092313006,0.5217373870460427,1.9166730712203135
286,0.2869997465477351,3.6336802086576254,0.5252539096059946,1.9038411360900171
287,0.2879997465477351,3.634208412670777,0.5287395917886312,1.8912901842988141
288,0.2889997465477351,3.6347404362468576,0.5321921184740077,1.8790206868665607
289,0.2899997465477351,3.635275684936227,0.535609271181708,1.867032655715075
290,0.2909997465477351,3.635814535453682,0.5389891266757594,1.8553249973103292
291,0.2919997465477351,3.6363569330859593,0.5423293466925626,1.8438980042267252
292,0.2929997465477351,3.63690297336379,0.5456277994683008,1.8327511922495012
293,0.2939997465477351,3.6374520837216626,0.5488823697963274,1.8218839864925298
294,0.2949997465477351,3.6380046236160712,0.5520911199255532,1.8112952081802098
295,0.2959997465477351,3.638560832418848,0.5552520692743664,1.8009838329947232
296,0.2969997465477351,3.63912019277243,0.5583629985642221,1.7909496198197334
297,0.2979997465477351,3.6396828007869844,0.561421999351101,1.7811913340692263
298,0.2989997465477351,3.640248025714698,0.5644271766970841,1.771707744215652
299,0.2999997465477351,3.640816856026321,0.5673768803446237,1.7624969127973662
300,0.3009997465477351,3.6413884114970396,0.5702691811065103,1.753557851503864
301,0.3019997465477351,3.6419624241195336,0.5731021048987545,1.7448897699942356
302,0.3029997465477351,3.64253997335846,0.5758739379385664,1.7364911556505944
303,0.3039997465477351,3.6431198235974147,0.5785826984082986,1.7283613954427524
304,0.3049997465477351,3.6437027122067023,0.5812270417228952,1.7204980639506418
305,0.3059997465477351,3.6442884669413296,0.5838053016803342,1.7128998265718998
306,0.3069997465477351,3.6448765116870754,0.5863160836319266,1.7055646739306798
307,0.3079997465477351,3.645466937027408,0.5887581402138174,1.6984903166465488
308,0.3089997465477351,3.6460602123675936,0.591129642469627,1.691676289184536
309,0.3099997465477351,3.6466557326626656,0.5934295092663647,1.6851201101142805
310,0.3109997465477351,3.647254100182521,0.5956567134951142,1.678819322176921
311,0.3119997465477351,3.6478543420269727,0.5978101161444558,1.6727719605172395
312,0.3129997465477351,3.6484569395658686,0.599888778789919,1.6669756717523132
313,0.3139997465477351,3.649061398785183,0.6018917298245382,1.661428377312174
314,0.3149997465477351,3.64966771305456,0.6038179942300835,1.6561281868969149
315,0.3159997465477351,3.650276042994427,0.605666853341857,1.6510726886940423
316,0.3169997465477351,3.650886526087874,0.6074377152619975,1.6462593198854703
317,0.3179997465477351,3.651498362608093,0.6091301055341246,1.6416853984308253
318,0.31899974654773505,3.6521120186630487,0.6107436293073846,1.6373482292955763
319,0.31999974654773505,3.6527275180798835,0.6122779724136057,1.633245102805169
320,0.32099974654773505,3.653344549890667,0.6137330099163113,1.6293730072240373
321,0.32199974654773506,3.653962791754615,0.6151087016393334,1.6257289115482976
322,0.32299974654773506,3.654582141494604,0.616405206937068,1.6223094625839123
323,0.32399974654773506,3.655203011989027,0.6176225039075965,1.6191119877808267
324,0.32499974654773506,3.655824954971822,0.6187609879617426,1.6161329163528795
325,0.32599974654773506,3.656448114666888,0.6198210284235965,1.613368947070609
326,0.32699974654773506,3.657071954154423,0.6208031026894651,1.610816691585085
327,0.32799974654773506,3.6576971680038173,0.621707816200024,1.6084726200036494
328,0.32899974654773506,3.6583231227496453,0.6225355995871251,1.6063338396442146
329,0.32999974654773506,3.6589498249840915,0.6232875233167565,1.6043959851443987
330,0.33099974654773506,3.65957719353364,0.6239643508965821,1.6026556622394976
331,0.33199974654773506,3.660205250567111,0.6245668325062156,1.6011096778662965
332,0.33299974654773506,3.6608335312179516,0.6250959072512896,1.5997545151067487
333,0.33399974654773507,3.6614628110389678,0.62555317054388,1.5985851356657044
334,0.33499974654773507,3.662092066672476,0.625939776902784,1.5975977832054473
335,0.33599974654773507,3.6627215644250044,0.6262570331746267,1.5967884543041262
336,0.33699974654773507,3.663351188157248,0.6265064963951874,1.5961526428757422
337,0.33799974654773507,3.663980957844561,0.626689649396575,1.5956861597488916
338,0.33899974654773507,3.664610780873161,0.6268080282243146,1.5953847988081797
339,0.33999974654773507,3.665240596197001,0.626863195346185,1.5952443969018637
340,0.34099974654773507,3.6658705291195903,0.6268565060233785,1.595261420103543
341,0.3419997465477351,3.6665002070221666,0.626789709971885,1.5954314247514618
342,0.3429997465477351,3.6671296661605437,0.6266645271733343,1.5957501288778098
343,0.3439997465477351,3.6677587038253017,0.6264826888056232,1.5962132998542709
344,0.3449997465477351,3.6683876958107517,0.6262461452663981,1.596816216049699
345,0.3459997465477351,3.669016258314237,0.6259571366626763,1.5975534767948378
346,0.3469997465477351,3.669644180901776,0.6256176848922317,1.5984202878987652
347,0.3479997465477351,3.6702714919297468,0.6252301148151944,1.5994111228880588
348,0.3489997465477351,3.6708978838479487,0.6247967270967236,1.600520547933651
349,0.3499997465477351,3.671523540501196,0.6243195662568615,1.601743808856655
350,0.3509997465477351,3.672148708900595,0.6238009092087462,1.6030755730517283
351,0.3519997465477351,3.672773375674272,0.6232427556149652,1.6045112293576222
352,0.3529997465477351,3.6733973631788497,0.6226472292374647,1.6060458523595562
353,0.3539997465477351,3.674020879573747,0.622016722757943,1.6076738187457844
354,0.3549997465477351,3.674643238174893,0.621353758612059,1.6093891541490586
355,0.3559997465477351,3.6752647597571713,0.6206602941448638,1.611187326519388
356,0.3569997465477351,3.6758852136010143,0.6199386960655527,1.6130627211150235
357,0.3579997465477351,3.6765052095927446,0.6191912770490472,1.6150098314785986
358,0.3589997465477351,3.677123958998899,0.6184200089718846,1.6170240055176857
359,0.3599997465477351,3.6777415007718957,0.6176272689835142,1.6190994961180902
360,0.3609997465477351,3.678358236089975,0.6168152142733386,1.6212310864901185
361,0.3619997465477351,3.6789737880153055,0.6159860634757208,1.623413351849989
362,0.3629997465477351,3.6795883651136077,0.615141727342576,1.6256416294827196
363,0.3639997465477351,3.680201552333586,0.6142844924208505,1.6279102147916396
364,0.3649997465477351,3.6808139571388785,0.6134167415783638,1.6302130871533285
365,0.3659997465477351,3.681425513804825,0.612540720703183,1.6325445251248316
366,0.3669997465477351,3.6820358896524628,0.6116582448740696,1.6348998944760134
367,0.3679997465477351,3.6826452629609747,0.6107710151475797,1.6372748136359605
368,0.3689997465477351,3.6832531599711857,0.6098810261882854,1.639664060792203
369,0.3699997465477351,3.6838598413904733,0.6089902458159453,1.642062425253079
370,0.3709997465477351,3.684466074599364,0.6081004108662214,1.6444652595704203
371,0.3719997465477351,3.6850708892172968,0.6072133864727294,1.6468675135917992
372,0.3729997465477351,3.6856747714319287,0.6063308480816699,1.6492645940146933
373,0.3739997465477351,3.6862775746980048,0.6054541817506439,1.6516526438194619
374,0.3749997465477351,3.686879547605744,0.6045849021694313,1.6540274102308894
375,0.3759997465477351,3.6874802530138657,0.6037246168119055,1.6563843384103
376,0.3769997465477351,3.6880797331698796,0.6028745299745937,1.6587199330549625
377,0.3779997465477351,3.688678435262633,0.6020359536296995,1.661030365331105
378,0.3789997465477351,3.689275952522077,0.6012098387103596,1.6633127663796643
379,0.3799997465477351,3.6898727320231193,0.600397531020879,1.6655631449710686
380,0.3809997465477351,3.6904684946450144,0.5995996765064934,1.667779418805558
381,0.3819997465477351,3.6910637323012483,0.5988173382220715,1.6699583264724207
382,0.38299974654773505,3.69165758025156,0.598051293256112,1.672097379065036
383,0.38399974654773505,3.692251119462906,0.5973022352630202,1.674194303926643
384,0.38499974654773506,3.692844081926262,0.5965711652465432,1.6762459506180338
385,0.38599974654773506,3.6934363401405395,0.5958586298259759,1.6782504271055971
386,0.38699974654773506,3.694027225647779,0.5951651281976041,1.6802059674235221
387,0.38799974654773506,3.694617926878942,0.5944912392112874,1.6821105746263
388,0.38899974654773506,3.69520825487096,0.5938372800269685,1.683962987225366
389,0.38999974654773506,3.695798021086074,0.5932035652327802,1.6857619518985663
390,0.39099974654773506,3.6963872444510075,0.5925902704324223,1.6875066127398355
391,0.39199974654773506,3.6969755183758717,0.5919975775575724,1.6891961013180816
392,0.39299974654773506,3.69756400681266,0.5914255839269985,1.6908297969798904
393,0.39399974654773506,3.6981518105370954,0.5908741348400417,1.6924078091025505
394,0.39499974654773506,3.6987391006485306,0.590342960451678,1.693930591185315
395,0.39599974654773507,3.6993260408819166,0.5898320554757926,1.6953978521790278
396,0.39699974654773507,3.6999121570457145,0.5893411814714737,1.6968099828068839
397,0.39799974654773507,3.700497999304766,0.5888697767341246,1.6981683209248846
398,0.39899974654773507,3.7010837580945477,0.588417345699514,1.6994740337084968
399,0.39999974654773507,3.7016692948772363,0.5879834559622433,1.7007281239971042
400,0.40099974654773507,3.702254426541086,0.5875675610673251,1.7019319415515133
401,0.40199974654773507,3.702839373625273,0.5871689832264871,1.7030872347939956
402,0.40299974654773507,3.703424039186234,0.586786892618198,1.7041962125944512
403,0.4039997465477351,3.7040085623206718,0.5864205113755884,1.7052609528515004
404,0.4049997465477351,3.7045926993566907,0.5860692387464951,1.7062830360092507
405,0.4059997465477351,3.7051767957483306,0.5857323700264526,1.7072643602654884
406,0.4069997465477351,3.7057606807417605,0.5854091507412016,1.7082069843525238
407,0.4079997465477351,3.7063445667743697,0.5850983181567097,1.7091144666940663
408,0.4089997465477351,3.7069284376818805,0.5847989456766223,1.7099894030126594
409,0.4099997465477351,3.7075124720543355,0.5845098981949228,1.7108350142370372
410,0.4109997465477351,3.7080966083542872,0.5842299917261509,1.7116546807968995
411,0.4119997465477351,3.708680536026886,0.5839581493266255,1.712451485013303
412,0.4129997465477351,3.7092642089796386,0.5836930574294219,1.7132292174314863
413,0.4139997465477351,3.709847707103523,0.5834335834115411,1.7139911524335791
414,0.4149997465477351,3.7104313667398188,0.5831786495493722,1.7147404157760402
415,0.4159997465477351,3.711014788683441,0.5829271745481174,1.7154801554331305
416,0.4169997465477351,3.711598154517547,0.5826777608679337,1.7162144621933737
417,0.4179997465477351,3.71218097842659,0.5824291171593055,1.7169471280510877
418,0.4189997465477351,3.7127636762625515,0.5821801048008544,1.717681507412674
419,0.4199997465477351,3.7133465525156817,0.5819296142634233,1.718420880273895
420,0.4209997465477351,3.713929272746713,0.5816762310330084,1.7191694393702208
421,0.4219997465477351,3.7145121423207117,0.5814187291170458,1.719930834561556
422,0.4229997465477351,3.715094557086766,0.5811561753497986,1.72070786204431
423,0.4239997465477351,3.7156768434481116,0.5808872558272647,1.7215044571357656
424,0.4249997465477351,3.716259193937118,0.5806108944154512,1.7223238654637756
425,0.4259997465477351,3.7168410248064925,0.5803259394392194,1.7231695708213906
426,0.4269997465477351,3.7174223369530774,0.5800314296951653,1.7240445065632886
427,0.4279997465477351,3.718004030853136,0.5797259363492184,1.7249530119308214
428,0.4289997465477351,3.7185853968223137,0.579408149891516,1.7258990923535205
429,0.4299997465477351,3.7191664340467234,0.5790773103809971,1.726885136186845
430,0.4309997465477351,3.719747070060667,0.5787323894372567,1.7279143491042073
431,0.4319997465477351,3.72032801777811,0.5783724212067393,1.7289897708358226
432,0.4329997465477351,3.720908115871076,0.5779964855963189,1.7301143258134177
433,0.4339997465477351,3.7214875022526503,0.577603920661231,1.7312901873228583
434,0.4349997465477351,3.7220660689732568,0.5771937090836307,1.7325206152846482
435,0.4359997465477351,3.722644400605971,0.5767650322851169,1.733808299782054
436,0.4369997465477351,3.7232225373165093,0.5763170620660469,1.7351559858649444
437,0.4379997465477351,3.7238005391077036,0.5758488384209031,1.7365668440735373
438,0.4389997465477351,3.72437728122475,0.5753600884107459,1.7380420021176484
439,0.4399997465477351,3.7249541601572367,0.574850164664806,1.7395837410659838
440,0.4409997465477351,3.725530517301633,0.5743183141018653,1.7411946919433126
441,0.4419997465477351,3.726105648952176,0.573764414137049,1.742875604273953
442,0.4429997465477351,3.7266808705786767,0.5731880126848227,1.7446282508874924
443,0.4439997465477351,3.727255313772764,0.5725884806032363,1.7464549739919235
444,0.4449997465477351,3.72782869913459,0.5719655186329878,1.748357142909638
445,0.4459997465477351,3.728402078442957,0.5713189069694864,1.750335911871737
446,0.44699974654773506,3.7289746778412742,0.5706486144082051,1.7523918831154204
447,0.44799974654773506,3.729546972909949,0.5699547315499134,1.7545253063881718
448,0.44899974654773506,3.730117864739349,0.5692372146827577,1.756736865064789
449,0.44999974654773506,3.7306884604247412,0.5684961338907474,1.7590269139669792
450,0.45099974654773506,3.7312582293347214,0.5677314453425355,1.7613961815989587
451,0.45199974654773506,3.731827468854515,0.5669433700813978,1.7638445967829677
452,0.45299974654773506,3.7323959880326,0.5661319908648559,1.766372535267513
453,0.45399974654773506,3.7329632574645175,0.5652973088893177,1.7689806483685115
454,0.45499974654773506,3.733529949673666,0.5644397146428658,1.7716683891258846
455,0.45599974654773506,3.734095697207395,0.5635595582022371,1.7744353466207086
456,0.45699974654773506,3.7346604017039438,0.562657220874554,1.777281021019639
457,0.45799974654773506,3.7352242942978404,0.561732838699644,1.780205697631816
458,0.45899974654773507,3.73578671606453,0.5607869655017802,1.783208350973745
459,0.45999974654773507,3.7363483702251394,0.5598196990949064,1.7862894099953237
460,0.46099974654773507,3.736908932510611,0.5588314658819777,1.7894482702790302
461,0.46199974654773507,3.7374685240568417,0.5578228954898828,1.79268367807276
462,0.46299974654773507,3.738027237207663,0.5567944568879615,1.7959948911654138
463,0.46399974654773507,3.7385848057289492,0.5557466359534788,1.7993811123738574
464,0.46499974654773507,3.7391410988920217,0.5546801975007383,1.8028406359299838
465,0.46599974654773507,3.739696221354492,0.5535956624985862,1.806372534579882
466,0.4669997465477351,3.740250458475792,0.5524937747777074,1.8099751447920729
467,0.4679997465477351,3.7408034750791908,0.5513751525276427,1.813647197222704
468,0.4689997465477351,3.7413551317225657,0.5502404981546164,1.8173871304525502
469,0.4699997465477351,3.7419057316759097,0.5490905906718403,1.8211931090941644
470,0.4709997465477351,3.7424548560309203,0.5479262368792349,1.8250631794812262
471,0.4719997465477351,3.743003273026943,0.5467483092884048,1.8289951391006662
472,0.4729997465477351,3.7435499345900403,0.5455576673347887,1.8329867947513176
473,0.4739997465477351,3.744095572270891,0.5443549354779,1.837036710472883
474,0.4749997465477351,3.7446394695054264,0.5431407966779015,1.841143228636956
475,0.4759997465477351,3.7451818035101185,0.5419160496655385,1.845304269207718
476,0.4769997465477351,3.7457234100742918,0.5406815138882398,1.8495176445161439
477,0.4779997465477351,3.7462635733242284,0.5394377818639015,1.8537819070528083
478,0.4789997465477351,3.746802342514583,0.5381858259008023,1.8580942712978818
479,0.4799997465477351,3.747339915271782,0.5369263966647716,1.8624526680224796
480,0.4809997465477351,3.747875950300698,0.5356601434444772,1.8668553414664368
481,0.4819997465477351,3.7484109183522447,0.5343876534916483,1.8713007186189203
482,0.4829997465477351,3.7489446381415474,0.5331097526421017,1.8757863555186933
483,0.4839997465477351,3.749476655373823,0.5318273563251603,1.880309442729377
484,0.4849997465477351,3.7500068521759147,0.5305409860777398,1.8848685139162287
485,0.4859997465477351,3.7505363838317805,0.5292511520248219,1.8894621129763738
486,0.4869997465477351,3.751064522895094,0.5279586091733398,1.8940878747403458
487,0.4879997465477351,3.7515916432498955,0.5266641419779005,1.8987432792452412
488,0.4889997465477351,3.7521172871982786,0.5253686521276694,1.9034253299090842
489,0.4899997465477351,3.7526419690856536,0.5240724484720196,1.9081331272338204
490,0.4909997465477351,3.753165032668561,0.5227762615129216,1.9128642090709829
491,0.4919997465477351,3.753686247428878,0.5214806442422675,1.91761671509983
492,0.4929997465477351,3.754206148778075,0.5201861222195809,1.9223888475399966
493,0.4939997465477351,3.754724637951167,0.5188933978718877,1.9271781142355087
494,0.4949997465477351,3.755242027270777,0.5176029130058167,1.9319829445951402
495,0.4959997465477351,3.755757653029032,0.5163152043277541,1.9368013795022883
496,0.4969997465477351,3.7562720801741802,0.5150307048692504,1.9416318105808228
497,0.4979997465477351,3.7567854978774498,0.5137499699534971,1.9464721333035147
498,0.4989997465477351,3.757297507024975,0.5124734878413578,1.9513204560341308
499,0.4999997465477351,3.7578083022728257,0.5112015945486023,1.9561754318920175
500,0.500999746547735,3.758317634449299,0.5099347847445406,1.9610350772618206
501,0.501999746547735,3.7588257962346066,0.5086730429451427,1.9658993411763004
502,0.502999746547735,3.759332663938855,0.5074169178222682,1.9707659813389744
503,0.503999746547735,3.7598381552199247,0.506166979375408,1.975632628651447
504,0.504999746547735,3.760342404987171,0.5049237969379337,1.9804968711405817
505,0.505999746547735,3.760845466601853,0.5036877455177846,1.985357017117843
506,0.506999746547735,3.761347595446947,0.5024589515840371,1.9902123284846054
507,0.507999746547735,3.761848237682112,0.5012378396886786,1.9950608689501677
508,0.508999746547735,3.762348252531802,0.5000249704551507,1.999900123167337
509,0.5099997465477351,3.76284674269336,0.49882028023117725,2.0047300393170704
510,0.5109997465477351,3.763343858203056,0.49762413858172505,2.009548819014473
511,0.5119997465477351,3.7638397637494263,0.496436650761703,2.0143557057394115
512,0.5129997465477351,3.7643348350640666,0.4952580991175927,2.0191492108492763
513,0.5139997465477351,3.764828599904316,0.49408866416585107,2.0239282390504902
514,0.5149997465477351,3.7653216555977758,0.49292869643200965,2.0286909795237116
515,0.5159997465477351,3.7658133938923073,0.491778119537662,2.0334373577664158
516,0.5169997465477351,3.7663038460276415,0.4906367960544005,2.038167557023429
517,0.5179997465477351,3.7667935351208657,0.4895047897630254,2.042880929692457
518,0.5189997465477351,3.7672815638157937,0.48838219501569163,2.0475766934293542
519,0.5199997465477351,3.767768938429473,0.487269337358904,2.0522530833156822
520,0.5209997465477351,3.768254781775992,0.4861662236167502,2.0569096564559164
521,0.5219997465477351,3.7687403651223916,0.48507276030476976,2.0615463943423724
522,0.5229997465477351,3.769224472514244,0.4839890100514262,2.0661626178118078
523,0.5239997465477351,3.7697074819054297,0.4829152193608979,2.070756853187243
524,0.5249997465477351,3.7701891617605834,0.4818509950610573,2.075330361978989
525,0.5259997465477351,3.770670322175931,0.4807964041428108,2.0798824437608947
526,0.5269997465477351,3.7711504393132187,0.47975121767361617,2.084413677674746
527,0.5279997465477351,3.771629122084899,0.4787154717198978,2.0889235027379938
528,0.5289997465477351,3.772107349747298,0.47768937004574874,2.093410619340826
529,0.5299997465477351,3.7725846396238447,0.47667269805151186,2.097875552947936
530,0.5309997465477351,3.7730611139060217,0.4756656674392783,2.1023169601107616
531,0.5319997465477351,3.773536274390245,0.47466835966558335,2.1067340589217425
532,0.5329997465477351,3.774010453518183,0.4736806638628869,2.1111269179640044
533,0.5339997465477351,3.774483689569963,0.47270253267878615,2.1154953292360004
534,0.5349997465477351,3.7749562063349407,0.4717338199604105,2.1198395317171097
535,0.5359997465477351,3.7754280835604614,0.47077439841933644,2.1241596895616706
536,0.5369997465477351,3.7758989149942908,0.46982418870869963,2.128455758628511
537,0.5379997465477351,3.776368965089435,0.4688832179587068,2.1327272158588264
538,0.5389997465477351,3.77683764428206,0.4679513898580834,2.1369740996031066
539,0.5399997465477351,3.777305844937697,0.46702868156650296,2.141196118075254
540,0.5409997465477351,3.777772565550932,0.466115302414054,2.145391912303475
541,0.5419997465477351,3.7782385230720186,0.4652110693914658,2.149561921018092
542,0.5429997465477351,3.7787037575803475,0.46431584673048043,2.1537063769018117
543,0.5439997465477351,3.7791683059504217,0.46342954578087064,2.1578253029055743
544,0.5449997465477351,3.77963188609758,0.46255219459396096,2.1619181828286926
545,0.5459997465477351,3.780094686037677,0.46168383289270004,2.165984443800981
546,0.5469997465477351,3.7805567570984375,0.4608244791371964,2.170023610447744
547,0.5479997465477351,3.781017695812735,0.4599740415278478,2.174035727491065
548,0.5489997465477351,3.7814775865569317,0.45913239258115984,2.1780210156338122
549,0.5499997465477351,3.781936095393487,0.4582997336958572,2.18197813892607
550,0.5509997465477351,3.7823942669555177,0.4574761983664785,2.1859060724267723
551,0.5519997465477351,3.7828515910152767,0.45666189223031994,2.189803916232284
552,0.5529997465477351,3.783307949177023,0.4558567927063487,2.193671381012358
553,0.5539997465477351,3.7837635016549926,0.4550609725633567,2.1975077193875885
554,0.5549997465477351,3.784218428633874,0.4542747062493811,2.201311202766008
555,0.5559997465477351,3.784672397995215,0.45349784425294937,2.2050821468563053
556,0.5569997465477351,3.78512587474764,0.4527300964056432,2.2088215648557337
557,0.5579997465477351,3.7855780595195996,0.45197149442118617,2.212528914640164
558,0.5589997465477351,3.7860297531274654,0.45122191571882997,2.2162044110976433
559,0.5599997465477351,3.7864806498673866,0.4504815621935283,2.219846679474968
560,0.5609997465477351,3.7869304989416386,0.44975055301551686,2.2234547424013926
561,0.5619997465477351,3.787380101775108,0.449029060297824,2.227027353946174
562,0.5629997465477351,3.7878285602770054,0.4483172789750006,2.230563145561389
563,0.5639997465477351,3.7882759063467644,0.447615202394384,2.2340617446655036
564,0.5649997465477351,3.7887232090228387,0.44692284234949325,2.2375226890238045
565,0.5659997465477351,3.7891698617169762,0.4462402479015677,2.2409453309119294
566,0.5669997465477351,3.7896154327419005,0.445567705453757,2.2443278266355065
567,0.5679997465477351,3.790060224711066,0.44490514467338027,2.2476701201873794
568,0.5689997465477351,3.7905044498071465,0.4442525877177538,2.250971694137499
569,0.5699997465477351,3.790947780057402,0.4436102006997112,2.2542313013151842
570,0.5709997465477351,3.7913906408786695,0.4429781539792414,2.257447666475357
571,0.5719997465477351,3.7918329756341884,0.4423565397666618,2.260619907478906
572,0.5729997465477351,3.7922746914756704,0.4417450830903079,2.263749022409754
573,0.5739997465477351,3.7927162121112015,0.44114405425046316,2.2668332268448568
574,0.5749997465477351,3.7931564673332963,0.4405536489999655,2.269871109386903
575,0.5759997465477351,3.793596709377869,0.43997400511285256,2.272861551771682
576,0.5769997465477351,3.794035614004642,0.4394050926309738,2.275804301703511
577,0.5779997465477351,3.794474212030133,0.438846780536971,2.2786996381206315
578,0.5789997465477351,3.794912366783834,0.43829926545170045,2.281546146260192
579,0.5799997465477351,3.7953496369140503,0.43776274608809196,2.2843423953640127
580,0.5809997465477351,3.7957872104961714,0.4372372691796173,2.287087745004645
581,0.5819997465477351,3.7962233554551457,0.43672283485647323,2.289781802521604
582,0.5829997465477351,3.796659469062201,0.43621927181892606,2.2924250820699608
583,0.5839997465477351,3.797095148014732,0.4357265894244002,2.295017160465262
584,0.5849997465477351,3.79753011269918,0.4352446893310918,2.2975581885602225
585,0.5859997465477351,3.7979649925403387,0.43477343002048463,2.300048556216704
586,0.5869997465477351,3.7983991641455166,0.43431325420628947,2.3024855684579717
587,0.5879997465477351,3.7988333078643217,0.433864189058276,2.304868724405557
588,0.5889997465477351,3.7992665127853673,0.43342629759619505,2.3071973379235464
589,0.5899997465477351,3.7996995027921217,0.4329994172162268,2.309471930537565
590,0.5909997465477351,3.8001318580561003,0.43258358888828274,2.3116919496875687
591,0.5919997465477351,3.800563634771341,0.43217851979560074,2.3138586352532076
592,0.5929997465477351,3.800994938105186,0.43178432311233533,2.3159710681293877
593,0.5939997465477351,3.8014262999429147,0.4314010725425038,2.3180285438476163
594,0.5949997465477351,3.8018569793790453,0.4310285901442722,2.320031716841066
595,0.5959997465477351,3.802287983874098,0.4306665549811982,2.3219820263118818
596,0.5969997465477351,3.8027181733743967,0.4303149940996337,2.323879050722698
597,0.5979997465477351,3.8031483199929514,0.4299739134107285,2.325722488761218
598,0.5989997465477351,3.8035782912229736,0.42964299470696277,2.327513801736831
599,0.5999997465477351,3.8040074686603482,0.4293220958289139,2.3292535131909515
600,0.6009997465477351,3.8044362751541745,0.42901109618553185,2.330942040640217
601,0.6019997465477351,3.8048646363149508,0.4287100090384277,2.3325790835696685
602,0.6029997465477351,3.805292997138973,0.42841859154710654,2.334165742874969
603,0.6039997465477351,3.805721044738762,0.4281366054038661,2.3357031082560407
604,0.6049997465477351,3.806149062410241,0.42786353935093474,2.337193773316117
605,0.6059997465477351,3.8065765460184653,0.42759941928558953,2.3386374136586694
606,0.606999746547735,3.8070038374202615,0.42734408383651284,2.3400347350603914
607,0.607999746547735,3.807430993563334,0.42709710072180057,2.341387938035601
608,0.608999746547735,3.8078579751041137,0.4268582192588577,2.342698242372544
609,0.609999746547735,3.8082842865207347,0.4266269497767967,2.343968191702801
610,0.610999746547735,3.808710078422859,0.42640311831026767,2.3451986091536052
611,0.611999746547735,3.8091363594456706,0.4261869426105643,2.346388169179006
612,0.612999746547735,3.8095623184952156,0.42597797643783064,2.347539204637602
613,0.613999746547735,3.809988380310509,0.4257757780044443,2.348654037312479
614,0.614999746547735,3.8104144197117233,0.42558017332649106,2.349733523024892
615,0.615999746547735,3.810839810690172,0.4253906786124602,2.35078023632723
616,0.616999746547735,3.8112652181812647,0.4252070870673138,2.3517952320528743
617,0.617999746547735,3.8116909019992358,0.4250291236637583,2.352779949242026
618,0.618999746547735,3.8121159729404415,0.4248569776759249,2.3537332621209446
619,0.619999746547735,3.8125408856756886,0.42469042362631876,2.354656343463706
620,0.620999746547735,3.812965353862317,0.4245289899910178,2.355551737517756
621,0.621999746547735,3.8133895267151354,0.42437252106312345,2.3564202448707903
622,0.622999746547735,3.813813925477014,0.42422090795409045,2.3572624103388624
623,0.623999746547735,3.814238275806984,0.42407386984440715,2.3580797382467833
624,0.624999746547735,3.814662234151757,0.42393136274917986,2.3588724210330545
625,0.625999746547735,3.815086416590131,0.4237933903108126,2.359640388130155
626,0.626999746547735,3.8155100876878687,0.4236595085515821,2.3603860643157177
627,0.627999746547735,3.8159339969700126,0.4235294732299668,2.3611107684518164
628,0.628999746547735,3.816357046510949,0.4234031684595872,2.361815107898626
629,0.629999746547735,3.8167803850978355,0.42328008065076245,2.3625019123568785
630,0.630999746547735,3.8172037685981257,0.42316047159815995,2.363169688849426
631,0.631999746547735,3.8176269153234763,0.42304387971783425,2.363820983929585
632,0.632999746547735,3.818049999953061,0.422929916709675,2.3644579408802175
633,0.633999746547735,3.8184731319995073,0.4228188666341658,2.3650789473054115
634,0.6349997465477351,3.818896332956504,0.42271038670928385,2.3656858961635665
635,0.6359997465477351,3.819319360052776,0.42260426475519575,2.36627995360926
636,0.6369997465477351,3.819741923651953,0.4225005371104386,2.366860896412558
637,0.6379997465477351,3.8201646782855923,0.42239909166206563,2.3674293333945795
638,0.6389997465477351,3.8205873842919154,0.4222998870726329,2.3679854781206853
639,0.6399997465477351,3.8210098815007445,0.4222025913091194,2.368531175754535
640,0.6409997465477351,3.8214319468310465,0.4221072951435663,2.3690659022130425
641,0.6419997465477351,3.8218549262942294,0.42201375752299397,2.369590995965371
642,0.6429997465477351,3.822277622162044,0.4219219477929119,2.3701066162379893
643,0.6439997465477351,3.8226999306330045,0.4218317822379928,2.3706132209730257
644,0.6449997465477351,3.8231221070262436,0.4217434135497483,2.37110994000631
645,0.6459997465477351,3.82354410188814,0.4216565309457083,2.3715985087605773
646,0.6469997465477351,3.823966499231933,0.42157139310966146,2.372077461479637
647,0.6479997465477351,3.8243881049740205,0.4214876300801427,2.3725488688952927
648,0.6489997465477351,3.824809669231264,0.42140513741142216,2.373013310048211
649,0.6499997465477351,3.825231441218218,0.4213236619948625,2.37347220249926
650,0.6509997465477351,3.825653299510143,0.4212432772302775,2.3739251260580674
651,0.6519997465477351,3.826074906665207,0.421164189604229,2.374370909691318
652,0.6529997465477351,3.8264966155705515,0.4210860333602941,2.374811608022082
653,0.6539997465477351,3.8269180272873506,0.4210086385561713,2.375248174074174
654,0.6549997465477351,3.827339841843387,0.42093208834778867,2.375680133878901
655,0.6559997465477351,3.8277610454461386,0.420856438269761,2.376107168780008
656,0.6569997465477351,3.8281819775689807,0.42078166014355134,2.3765294325300346
657,0.6579997465477351,3.8286030540706193,0.42070787064265985,2.3769462607686234
658,0.6589997465477351,3.8290238900649114,0.4206351310531284,2.37735730131798
659,0.6599997465477351,3.8294447767617394,0.4205636727401862,2.3777612400150767
660,0.6609997465477351,3.8298655184039156,0.42049325778085644,2.378159415153235
661,0.6619997465477351,3.830286128608241,0.4204243290012629,2.3785493155820583
662,0.6629997465477351,3.830706584031736,0.4203567233710606,2.378931855735473
663,0.6639997465477351,3.831127191820894,0.42029055335068,2.3793063917989725
664,0.6649997465477351,3.831547767386863,0.4202259610648545,2.379672111323145
665,0.6659997465477351,3.831968165470677,0.4201628011836529,2.3800298293491733
666,0.6669997465477351,3.832388431230782,0.4201012794273071,2.380378372956221
667,0.6679997465477351,3.8328085265338103,0.42004136907937906,2.380717885459089
668,0.6689997465477351,3.8332285483958506,0.41998311972525915,2.3810480779660175
669,0.6699997465477351,3.833648418001175,0.4199265984794074,2.3813685620798766
670,0.6709997465477351,3.834067955207925,0.4198717428299309,2.381679684515112
671,0.6719997465477351,3.8344879145487454,0.41981860235800794,2.381981156583509
672,0.6729997465477351,3.8349076833574554,0.41976745012469696,2.3822714212427334
673,0.6739997465477351,3.8353276340290976,0.41971823586022583,2.3825507556288765
674,0.6749997465477351,3.835746764777724,0.41967086769851264,2.382819673626691
675,0.6759997465477351,3.8361658857898764,0.41962538736431115,2.3830779312020467
676,0.6769997465477351,3.836585194014155,0.41958200122001893,2.383324349214931
677,0.6779997465477351,3.8370046596230694,0.41954086224618586,2.3835580511659473
678,0.6789997465477351,3.8374242373997265,0.4195020225591523,2.383778733412409
679,0.6799997465477351,3.83784398659827,0.4194656542870505,2.3839854104376226
680,0.6809997465477351,3.8382632218463013,0.41943183785867766,2.3841776177633363
681,0.6819997465477351,3.838682470329685,0.4194005282124288,2.3843556045630305
682,0.6829997465477351,3.8391015580965098,0.4193717708360901,2.384519105819467
683,0.6839997465477351,3.8395207767195862,0.41934553089652105,2.384668313650785
684,0.6849997465477351,3.839940125416574,0.4193217923184566,2.3848033141109526
685,0.6859997465477351,3.840358915435146,0.41930056058926485,2.384924071159476
686,0.6869997465477351,3.8407783978860937,0.4192820225238577,2.38502951779455
687,0.6879997465477351,3.8411975309960695,0.41926607827462653,2.3851202179656963
688,0.6889997465477351,3.8416167313875724,0.4192527780343703,2.3851958827521953
689,0.6899997465477351,3.842036017165144,0.41924215540403226,2.38525631812068
690,0.6909997465477351,3.842455276423048,0.4192343798538862,2.3853005575270934
691,0.6919997465477351,3.8428744772200556,0.41922952031786875,2.385328206949212
692,0.6929997465477351,3.8432939610011645,0.41922742265982826,2.385340142244047
693,0.6939997465477351,3.843712919584765,0.4192279465291514,2.385337161511164
694,0.6949997465477351,3.8441312818249784,0.41923116765985174,2.385318833955022
695,0.6959997465477351,3.8445502408566696,0.4192371298104835,2.385284911315109
696,0.6969997465477351,3.844969354212119,0.41924576316454404,2.385235792132558
697,0.6979997465477351,3.845387997833332,0.41925721427048845,2.3851706445648397
698,0.6989997465477351,3.8458074648881295,0.41927166784405656,2.3850884204556815
699,0.6999997465477351,3.846226377143541,0.4192889090681993,2.3849903452546255
700,0.7009997465477351,3.846645395882712,0.4193088788094942,2.3848767592024513
701,0.7019997465477351,3.8470648912281784,0.4193314176577002,2.384748573302225
702,0.7029997465477351,3.847484204486066,0.41935663494580977,2.3846051705589977
703,0.7039997465477351,3.8479032839227227,0.419384423172774,2.3844471676718175
704,0.7049997465477351,3.848322616535404,0.4194147645057521,2.3842746718237797
705,0.7059997465477351,3.8487418772447852,0.4194476018597538,2.38408801377379
706,0.7069997465477351,3.8491612989737836,0.41948343968281115,2.3838843334462534
707,0.7079997465477351,3.8495806133624426,0.41952196689119076,2.383665407106953
708,0.7089997465477351,3.8500003921221664,0.4195631282430638,2.38343155698056
709,0.7099997465477351,3.8504198647671957,0.41960699024649173,2.3831824141265265
710,0.7109997465477351,3.850839441130894,0.4196534618065895,2.382918505414073
711,0.7119997465477351,3.8512591256796345,0.41970226437768215,2.382641421967928
712,0.7129997465477351,3.8516783892123567,0.4197533066366048,2.3823516913131435
713,0.7139997465477351,3.8520977836147234,0.4198066877132339,2.3820487602214926
714,0.7149997465477351,3.852517258720212,0.41986242454173917,2.3817325427286207
715,0.7159997465477351,3.8529368816705105,0.41992061591303675,2.3814024891959447
716,0.7169997465477351,3.8533565568649766,0.4199810812048534,2.381059635189214
717,0.7179997465477351,3.8537765184526838,0.42004387305206514,2.380703693483105
718,0.7189997465477351,3.8541972195555436,0.4201088821868743,2.3803352949704513
719,0.7199997465477351,3.8546171142765404,0.4201759851789408,2.379955150397586
720,0.7209997465477351,3.8550374746199645,0.4202451627051883,2.37956338048684
721,0.7219997465477351,3.8554580739894253,0.42031683532383696,2.3791576162528463
722,0.7229997465477351,3.8558789364081734,0.42039080754460534,2.3787389782396597
723,0.7239997465477351,3.8562999102522406,0.420467123848989,2.3783072285079547
724,0.7249997465477351,3.8567208461731393,0.420545515646815,2.377863900086919
725,0.7259997465477351,3.857141860557148,0.4206257757715551,2.3774101769338722
726,0.7269997465477351,3.8575622529269125,0.4207078984509447,2.3769461036553414
727,0.7279997465477351,3.8579837309871796,0.42079153563546023,2.376473658125859
728,0.7289997465477351,3.858404277504617,0.4208768113831182,2.3759921500871526
729,0.7299997465477351,3.8588258677230893,0.42096348882330736,2.375502927332812
730,0.7309997465477351,3.8592469777664427,0.42105170463652564,2.375005228546108
731,0.7319997465477351,3.859668786721428,0.42114156276645254,2.374498478447633
732,0.7329997465477351,3.8600900775661575,0.42123298070864307,2.37398315373524
733,0.7339997465477351,3.86051162943876,0.4213256773422582,2.373460849355411
734,0.734999746547735,3.8609330341713863,0.42142012583088884,2.372928910379778
735,0.735999746547735,3.861354380114255,0.42151629298973253,2.3723875366885485
736,0.736999746547735,3.8617758601797365,0.4216136520547346,2.371839704730857
737,0.737999746547735,3.8621972958162893,0.42171254476698555,2.371283502018047
738,0.738999746547735,3.8626192248214544,0.4218130175879659,2.3707186793765973
739,0.739999746547735,3.863041400106598,0.42191522110223423,2.3701444033887795
740,0.740999746547735,3.8634637659463604,0.42201920665419523,2.3695603996985977
741,0.741999746547735,3.8638859023162526,0.4221245790473483,2.3689689007373187
742,0.742999746547735,3.8643081982968392,0.42223117476269995,2.3683708351521284
743,0.743999746547735,3.864730719002388,0.4223392214560276,2.3677649368023856
744,0.744999746547735,3.8651532793446073,0.42244894481455214,2.3671499533250886
745,0.745999746547735,3.8655760228270934,0.4225604220360268,2.366525466776303
746,0.746999746547735,3.8659987711204935,0.42267355853949407,2.3658920218605566
747,0.747999746547735,3.8664211835630264,0.42278826877330067,2.3652501118383693
748,0.748999746547735,3.866844296020831,0.4229044504761148,2.3646003225413654
749,0.749999746547735,3.8672676341783365,0.42302201389050365,2.363943168827245
750,0.750999746547735,3.8676907313199247,0.42314101370312546,2.3632783578421854
751,0.751999746547735,3.868114036131832,0.4232614781430449,2.3626057452411047
752,0.752999746547735,3.8685373003289185,0.4233838169766874,2.36192305870553
753,0.753999746547735,3.8689603846276177,0.42350797988105854,2.361230596601387
754,0.754999746547735,3.8693841446404136,0.4236335384367783,2.360530763664352
755,0.755999746547735,3.869807507983296,0.4237609263629192,2.3598211580828377
756,0.756999746547735,3.8702308436486734,0.4238900770867227,2.359102168356284
757,0.757999746547735,3.8706547257696164,0.424020972084876,2.3583739150520855
758,0.758999746547735,3.8710783765358245,0.42415363816836155,2.357636266703587
759,0.7599997465477351,3.87150267937229,0.42428814396703385,2.3568888601273232
760,0.7609997465477351,3.8719268191392318,0.4244245169493278,2.3561315618329144
761,0.7619997465477351,3.8723509779041057,0.42456268580498724,2.3553647869547496
762,0.7629997465477351,3.8727757349876675,0.42470285316718537,2.354587431053465
763,0.7639997465477351,3.8732006478751333,0.42484533192562485,2.353797782048042
764,0.7649997465477351,3.8736252564449316,0.42498996490595004,2.3529967353965624
765,0.7659997465477351,3.874050416951377,0.42513706941481844,2.352182559324817
766,0.7669997465477351,3.8744753671491026,0.4252863288862984,2.3513570319053283
767,0.7679997465477351,3.8749007517548235,0.42543796764307956,2.3505189382602265
768,0.7689997465477351,3.8753266368220607,0.4255918968289829,2.3496687964475824
769,0.7699997465477351,3.8757520980873377,0.42574826200425997,2.3488058302161527
770,0.7709997465477351,3.8761785487293285,0.42590729329458216,2.3479287998675855
771,0.7719997465477351,3.876604853377133,0.42606897457618137,2.3470378264334273
772,0.7729997465477351,3.8770312923808357,0.42623310980709533,2.3461340214808284
773,0.7739997465477351,3.8774577054452504,0.4263999788282114,2.3452158762955317
774,0.7749997465477351,3.8778845612606996,0.42656970739521516,2.344282734248412
775,0.7759997465477351,3.8783110578438955,0.42674238398677644,2.3433341461367174
776,0.7769997465477351,3.878737959332198,0.4269180652811634,2.342369839377519
777,0.7779997465477351,3.879165035258455,0.427096601507223,2.3413906747817754
778,0.7789997465477351,3.8795925717605413,0.4272782339134662,2.3403953691741837
779,0.7799997465477351,3.8800203047800026,0.4274632331867124,2.3393824833660215
780,0.7809997465477351,3.8804478264031594,0.42765162317303845,2.3383519337079077
781,0.7819997465477351,3.8808758108957324,0.4278436713279077,2.337302306929721
782,0.7829997465477351,3.881303895774184,0.4280393852280396,2.336233614267169
783,0.7839997465477351,3.8817321682882246,0.4282387574841692,2.3351459495979117
784,0.7849997465477351,3.882160616723014,0.4284418235493698,2.334039174130181
785,0.7859997465477351,3.8825891195023168,0.42864884731668085,2.3329119074038043
786,0.7869997465477351,3.883018273154663,0.4288597224800182,2.3317647883022934
787,0.7879997465477351,3.883447481488781,0.4290747133147461,2.3305964415256835
788,0.7889997465477351,3.883877074120846,0.4292934756112572,2.3294088002994506
789,0.7899997465477351,3.8843064802601783,0.429516439381637,2.328199594501371
790,0.7909997465477351,3.884735654222767,0.42974339869630485,2.3269700082273737
791,0.7919997465477351,3.8851649987593726,0.4299743345395761,2.3257202108837896
792,0.7929997465477351,3.885594550727176,0.4302093556283616,2.3244496822701706
793,0.7939997465477351,3.886024068179748,0.4304486414682414,2.3231575237153588
794,0.7949997465477351,3.8864547171705466,0.43069239409598026,2.3218427204849803
795,0.7959997465477351,3.886885506338448,0.43094043376157304,2.320506319797486
796,0.7969997465477351,3.8873166423674506,0.43119286176293947,2.319147853959091
797,0.7979997465477351,3.8877480308011965,0.43144993041577956,2.317766047699487
798,0.7989997465477351,3.888179789511675,0.43171163493993797,2.316361012922724
799,0.7999997465477351,3.888611855411145,0.43197778920285723,2.3149338345504584
800,0.8009997465477351,3.889043905809768,0.43224846272556183,2.313484225471748
801,0.8019997465477351,3.889476513376462,0.4325234871019381,2.3120131734356377
802,0.8029997465477351,3.8899095004452375,0.43280322333291915,2.3105188364800693
803,0.8039997465477351,3.890341909600504,0.43308769269337527,2.3090011950720495
804,0.8049997465477351,3.890774654782479,0.43337698282651244,2.3074598781825837
805,0.8059997465477351,3.891208287105649,0.4336714365806656,2.3058931616170524
806,0.8069997465477351,3.891641984128487,0.43397096784807887,2.3043016102175575
807,0.8079997465477351,3.8920758523832553,0.434275832764077,2.302683973075831
808,0.8089997465477351,3.8925098994951357,0.4345859144084868,2.30104098371687
809,0.8099997465477351,3.8929442567756953,0.43490080811735266,2.2993748949994184
810,0.8109997465477351,3.893379392963996,0.43522044455444225,2.2976861783773783
811,0.8119997465477351,3.8938147584404,0.4355451231968639,2.29597336014254
812,0.8129997465477351,3.894249979270929,0.43587481566525343,2.29423670297113
813,0.8139997465477351,3.8946860826262557,0.4362092250670884,2.29247788110442
814,0.8149997465477351,3.895122418190712,0.43654855759044864,2.290695920562765
815,0.8159997465477351,3.8955592326843798,0.43689275942255773,2.288891217427596
816,0.8169997465477351,3.8959960459329745,0.43724179407770514,2.2870640765468164
817,0.8179997465477351,3.896433268049606,0.4375955483907738,2.2852152031194746
818,0.8189997465477351,3.8968707036027124,0.4379537445014868,2.2833461582530323
819,0.8199997465477351,3.8973091520962946,0.43831663836420337,2.28145571596825
820,0.8209997465477351,3.8977476709395105,0.4386842406452743,2.27954393467399
821,0.8219997465477351,3.8981861944101923,0.4390564777042246,2.2776113114852192
822,0.8229997465477351,3.8986251684029933,0.43943369021817447,2.275656196281878
823,0.8239997465477351,3.8990650944147474,0.4398158047803705,2.2736790927724093
824,0.8249997465477351,3.8995049401875512,0.4402026033482857,2.27168124948322
825,0.8259997465477351,3.8999450825795363,0.4405943481981757,2.269661433673698
826,0.8269997465477351,3.900385821681637,0.4409910406764495,2.267619764941414
827,0.8279997465477351,3.900826905250557,0.44139267769550683,2.2655563867098096
828,0.8289997465477351,3.9012684249027636,0.44179934679371813,2.2634709789802225
829,0.8299997465477351,3.9017100814569443,0.44221109151929044,2.2613634510259164
830,0.8309997465477351,3.9021525028741335,0.4426276981298247,2.2592350280499063
831,0.8319997465477351,3.90259509577434,0.4430493488133117,2.257084910921224
832,0.8329997465477351,3.9030379007071314,0.4434760251683157,2.2549133284498586
833,0.8339997465477351,3.9034819591975984,0.44390749071011504,2.2527216163897315
834,0.8349997465477351,3.903925943568597,0.4443440201003594,2.250508513142903
835,0.8359997465477351,3.904370698505565,0.4447854992814411,2.2482747338110567
836,0.8369997465477351,3.904815766480821,0.4452321018316135,2.24601953876677
837,0.8379997465477351,3.9052610925863114,0.44568377376490753,2.2437433419496378
838,0.8389997465477351,3.905707556762716,0.446140539339467,2.241446162862826
839,0.8399997465477351,3.9061538904959456,0.4466021168288385,2.2391295569771175
840,0.8409997465477351,3.9066005564208464,0.44706837389604825,2.23679432138163
841,0.8419997465477351,3.9070482693877433,0.4475395126523626,2.234439578470862
842,0.8429997465477351,3.9074961386553313,0.44801550023092535,2.232065630507336
843,0.8439997465477351,3.9079445836145945,0.44849615655817343,2.2296735108593784
844,0.8449997465477351,3.908393452050909,0.44898158267816507,2.2272628512622332
845,0.8459997465477351,3.908842905939172,0.44947190628597855,2.2248331564548227
846,0.8469997465477351,3.909293236838635,0.4499672404261198,2.2223840096736778
847,0.8479997465477351,3.909743381923316,0.4504675567234985,2.219915696645408
848,0.8489997465477351,3.9101943103208012,0.45097277635141336,2.2174287505566985
849,0.8499997465477351,3.9106453995347006,0.45148291562395065,2.214923234953414
850,0.8509997465477351,3.911097234322406,0.45199813064547106,2.212398530436311
851,0.8519997465477351,3.9115498573398058,0.45251844460476803,2.2098546742628473
852,0.8529997465477351,3.912003177266738,0.45304367902106985,2.207292687894433
853,0.8539997465477351,3.912457058787467,0.45357395257787214,2.2047121408020325
854,0.8549997465477351,3.912911352187701,0.45410942958325534,2.2021123871347896
855,0.8559997465477351,3.9133662451352915,0.4546501060955921,2.1994936030868226
856,0.8569997465477351,3.9138213942566513,0.455196201771181,2.196854886110588
857,0.8579997465477351,3.914277258490815,0.4557478025908032,2.1941959880338864
858,0.8589997465477351,3.9147338853835514,0.45630506954466354,2.1915163050848356
859,0.8599997465477351,3.91519097560471,0.4568681865774984,2.188815131758732
860,0.8609997465477351,3.915648752635177,0.457437291896736,2.18609199056238
861,0.8619997465477351,3.9161067256397186,0.45801255389973133,2.183346267445152
862,0.862999746547735,3.916565255972025,0.4585941869901899,2.180577138500431
863,0.863999746547735,3.9170239527209625,0.45918245388092394,2.1777835619549215
864,0.864999746547735,3.9174837383997376,0.4597773719436971,2.1749656703907054
865,0.865999746547735,3.9179446012791557,0.4603789235867877,2.1721237632015233
866,0.866999746547735,3.9184047885656863,0.46098730392279114,2.169257138950373
867,0.867999746547735,3.9188665626080694,0.46160272309490025,2.166365036357057
868,0.868999746547735,3.9193285020083994,0.4622251974334388,2.1634476128792213
869,0.869999746547735,3.919791480783678,0.46285492021084257,2.16050420193108
870,0.870999746547735,3.9202546579894437,0.46349200670382174,2.157534510922029
871,0.871999746547735,3.9207185159496696,0.46413651889851093,2.1545385016744656
872,0.872999746547735,3.9211829736298225,0.4647887888814862,2.151514890035319
873,0.873999746547735,3.921648151182426,0.4654492127831749,2.148462114739553
874,0.874999746547735,3.922113788078447,0.4661179682967704,2.1453796420980598
875,0.875999746547735,3.922580215525997,0.46679510894837833,2.142267519153864
876,0.876999746547735,3.9230469395972962,0.46748072364377047,2.139125635396294
877,0.877999746547735,3.923514278029552,0.4681752093165924,2.1359524812510386
878,0.878999746547735,3.9239826016187602,0.4688784599300293,2.132748858092628
879,0.879999746547735,3.9244516082335403,0.46959051839773985,2.129514887591932
880,0.880999746547735,3.924920922380048,0.47031174609920706,2.1262492555077737
881,0.881999746547735,3.925391171174179,0.47104220249830947,2.1229520299799227
882,0.882999746547735,3.925862587294014,0.4717823638734456,2.1196214114274254
883,0.883999746547735,3.9263340113311473,0.4725321049587212,2.1162583229923744
884,0.8849997465477351,3.9268065600461926,0.473291486701785,2.1128628511124843
885,0.8859997465477351,3.9272798289294073,0.47406046506466637,2.1094355545206462
886,0.8869997465477351,3.927754176275006,0.474839465412263,2.1059749090817133
887,0.8879997465477351,3.928229334420762,0.47562857120835317,2.102480928467902
888,0.8889997465477351,3.928704753689011,0.4764280149555294,2.0989529763344033
889,0.8899997465477351,3.9291811343467162,0.47723736338943207,2.095393354991752
890,0.8909997465477351,3.9296587612804235,0.47805704251292436,2.0918005825067723
891,0.8919997465477351,3.930136534709877,0.4788870264418564,2.088175174487451
892,0.8929997465477351,3.9306153244201805,0.47972738122153824,2.0845172469698987
893,0.8939997465477351,3.93109500922131,0.48057817357208343,2.0808269184742882
894,0.8949997465477351,3.931575596009917,0.48143969965279143,2.0771033230562166
895,0.8959997465477351,3.932057255218448,0.4823121078742262,2.073346249604774
896,0.8969997465477351,3.932539473928299,0.4831951999786174,2.0695569824457127
897,0.8979997465477351,3.933022496285274,0.4840891578555753,2.06573517248313
898,0.8989997465477351,3.933506170122445,0.4849940536889577,2.0618809496607398
899,0.8999997465477351,3.9339913319696853,0.4859094703891207,2.0579965218607303
900,0.9009997465477351,3.9344770874730073,0.4868354444020644,2.054082157531091
901,0.9019997465477351,3.934963412705075,0.48777221670401716,2.050137268492284
902,0.9029997465477351,3.935451202485637,0.4887195487477472,2.0461632905053904
903,0.9039997465477351,3.9359395427947903,0.48967734694641374,2.0421610397865346
904,0.9049997465477351,3.9364288780033276,0.49064538415705694,2.03813188157885
905,0.9059997465477351,3.9369193500591924,0.4916232263815887,2.034078022228793
906,0.9069997465477351,3.93741062521686,0.49261069754866194,2.030000576471883
907,0.9079997465477351,3.937902515452085,0.49360783552222304,2.0258997690788854
908,0.9089997465477351,3.9383960105084923,0.4946141195257638,2.0217781104971295
909,0.9099997465477351,3.9388900821500408,0.4956296643857837,2.017635488463477
910,0.9109997465477351,3.9393851742836374,0.49665444464655456,2.013472366509581
911,0.9119997465477351,3.939881435294564,0.4976879495013535,2.009291165281229
912,0.9129997465477351,3.9403791829951773,0.4987298448731306,2.0050935597294863
913,0.9139997465477351,3.9408772818855127,0.49977983939148996,2.000881030370405
914,0.9149997465477351,3.9413770396867345,0.5008376207513423,1.9966551204756315
915,0.9159997465477351,3.941877501977799,0.5019027268173198,1.9924179458861064
916,0.9169997465477351,3.942379087194625,0.5029749666853154,1.9881705178891074
917,0.9179997465477351,3.942881959493929,0.5040539883678513,1.9839144676506646
918,0.9189997465477351,3.9433857603935376,0.505139537501407,1.9796510186993916
919,0.9199997465477351,3.9438907402243557,0.5062314863752373,1.975380881897108
920,0.9209997465477351,3.9443966063844136,0.507329447488823,1.971105767563455
921,0.9219997465477351,3.9449039874568297,0.5084326527266709,1.9668288309908992
922,0.9229997465477351,3.945412573553489,0.5095406263283005,1.9625520485106385
923,0.9239997465477351,3.9459222169628076,0.5106531132469132,1.958276516991439
924,0.9249997465477351,3.946433282932196,0.51176930469088,1.9540054294659626
925,0.9259997465477351,3.946944894094276,0.512888633854085,1.9497410041738152
926,0.9269997465477351,3.94745762128145,0.5140108269673275,1.9454843118772747
927,0.9279997465477351,3.9479713903647577,0.5151353934079531,1.941237221896858
928,0.9289997465477351,3.9484865228247332,0.5162614823284514,1.9370029224140117
929,0.9299997465477351,3.949003344236244,0.5173890161069411,1.9327816572613636
930,0.9309997465477351,3.9495211511572728,0.5185173593449841,1.928575739996917
931,0.9319997465477351,3.9500403052512194,0.5196457826670279,1.9243877913674274
932,0.9329997465477351,3.9505607351121927,0.5207737309473208,1.920219743382478
933,0.9339997465477351,3.951081752041196,0.5219007458383026,1.9160731383775873
934,0.9349997465477351,3.9516043366590283,0.5230261438625357,1.9119503140225913
935,0.9359997465477351,3.952127662258174,0.5241491807521338,1.9078537880475912
936,0.9369997465477351,3.9526522400789568,0.5252695668317979,1.9037843864276653
937,0.9379997465477351,3.9531779262463824,0.5263865965081036,1.8997444209896504
938,0.9389997465477351,3.953704768186219,0.5274998951745206,1.895734973879294
939,0.9399997465477351,3.9542330812271245,0.5286086906651701,1.8917585307605493
940,0.9409997465477351,3.95476230068182,0.5297126772622371,1.8878158724997713
941,0.9419997465477351,3.955292242373667,0.5308112829508312,1.8839087112860589
942,0.9429997465477351,3.9558238867368725,0.5319039525803224,1.8800386707955339
943,0.9439997465477351,3.9563565961518825,0.5329900718474877,1.876207555862588
944,0.9449997465477351,3.956890006017692,0.5340691148674768,1.8724168317580745
945,0.9459997465477351,3.957424918241083,0.5351400566061716,1.8686696831142566
946,0.9469997465477351,3.9579607085343347,0.5362024614117706,1.864967194233115
947,0.9479997465477351,3.958498033196882,0.5372560664198814,1.86130983436578
948,0.9489997465477351,3.9590366253659877,0.5383003571264342,1.8576989347326838
949,0.9499997465477351,3.9595755567307607,0.539334605202791,1.8541365422380005
950,0.9509997465477351,3.9601158838469606,0.5403582742294771,1.8506240168635302
951,0.9519997465477351,3.9606571643226216,0.5413709943365406,1.8471621318122466
952,0.9529997465477351,3.9611994043823153,0.5423723316615747,1.8437518686406227
953,0.9539997465477351,3.961742690111192,0.5433618644235639,1.8403941562238078
954,0.9549997465477351,3.9622873679429578,0.5443388476195027,1.8370910038355523
955,0.9559997465477351,3.9628326792188244,0.5453028216533353,1.8338434357776507
956,0.9569997465477351,3.9633790861771936,0.5462531648148963,1.830653009285284
957,0.9579997465477351,3.96392644418839,0.5471896863207625,1.8275198253897647
958,0.9589997465477351,3.964474946740079,0.5481120033044534,1.824444628052675
959,0.9599997465477351,3.9650239423761664,0.5490194543455799,1.8214290806725235
960,0.9609997465477351,3.965574529676694,0.5499117595051363,1.81847356910479
961,0.9619997465477351,3.9661258636209005,0.5507885628347589,1.8155787310710885
962,0.9629997465477351,3.9666776673574344,0.5516496251799378,1.8127448190938564
963,0.9639997465477351,3.967230277639384,0.552494759036814,1.8099719203551172
964,0.9649997465477351,3.967783661379059,0.5533230611928301,1.8072624658806788
965,0.9659997465477351,3.9683378561730582,0.5541341930624956,1.8046170269215267
966,0.9669997465477351,3.9688928841507667,0.5549278635218636,1.8020360225804393
967,0.9679997465477351,3.96944850948313,0.5557037457353574,1.7995199918559297
968,0.9689997465477351,3.9700054937555227,0.5564617875697645,1.797068590041555
969,0.9699997465477351,3.970563007265114,0.5572014227228503,1.7946831418939069
970,0.9709997465477351,3.9711211416772536,0.557922454274546,1.7923637816303297
971,0.9719997465477351,3.971680057340504,0.5586245593439687,1.7901110562957863
972,0.9729997465477351,3.972239174122926,0.5593075015271072,1.7879252419637615
973,0.9739997465477351,3.9727994277873946,0.5599709249263757,1.7858070044109502
974,0.9749997465477351,3.9733604973759893,0.5606145993389665,1.783756614934971
975,0.9759997465477351,3.973922246261695,0.5612385804426324,1.7817734468847977
976,0.9769997465477351,3.974484513125489,0.5618426781036605,1.7798576700780624
977,0.9779997465477351,3.975047341490602,0.5624268304285023,1.778009059841827
978,0.9789997465477351,3.975610709691611,0.5629908208349589,1.776227893941366
979,0.9799997465477351,3.9761746680946444,0.563534842355354,1.7745131708633903
980,0.9809997465477351,3.976738924948305,0.5640585719350436,1.7728655316227673
981,0.9819997465477351,3.9773037884282263,0.5645620570459594,1.7712844629205977
982,0.9829997465477351,3.977869569464134,0.565045235761845,1.7697698108218005
983,0.9839997465477351,3.9784356261845133,0.5655082160236543,1.768320904391903
984,0.9849997465477351,3.9790022301097014,0.5659506472871259,1.7669385215715925
985,0.9859997465477351,3.979568615371735,0.5663725398546904,1.7656223238799005
986,0.9869997465477351,3.9801362113749135,0.5667740215464733,1.764371622523288
987,0.9879997465477351,3.980703943154218,0.5671551681679142,1.7631859077125362
988,0.9889997465477351,3.9812716427123185,0.5675159383736171,1.7620650494253824
989,0.9899997465477351,3.981839763058888,0.5678566204337296,1.7610079094194564
990,0.990999746547735,3.982408361989051,0.5681773342692337,1.7600138894772333
991,0.991999746547735,3.9829771137015415,0.5684780380694666,1.7590829073994982
992,0.992999746547735,3.9835455105827666,0.568758830476675,1.758214460005664
993,0.993999746547735,3.984114996294743,0.5690198191535104,1.757408031037702
994,0.994999746547735,3.984684512324158,0.5692607706499705,1.7566641714274815
995,0.995999746547735,3.9852545875067973,0.5694819834902759,1.755981802744907
996,0.996999746547735,3.9858243125149158,0.5696837018801052,1.755360029960026
997,0.997999746547735,3.9863945178166214,0.569866234202176,1.754797775306024
998,0.998999746547735,3.986964272050998,0.5700297392849732,1.754294436031298
999,0.999999746547735,3.987534142242645,0.570174090486084,1.753850300611663
1000,1.0009997465477352,3.988104892612067,0.5702994100679376,1.7534649034283127
1001,1.001999746547735,3.988675830088644,0.5704058506680508,1.7531376980597497
1002,1.0029997465477352,3.9892466571980654,0.5704936236556972,1.752867970008228
1003,1.003999746547735,3.9898174979649514,0.5705628821401236,1.752655195951586
1004,1.0049997465477352,3.990388186701863,0.5706139105205351,1.7524984609782173
1005,1.005999746547735,3.9909594253478247,0.5706467980732137,1.75239746087509
1006,1.0069997465477352,3.99153030639377,0.5706617476291006,1.7523515535335061
1007,1.007999746547735,3.9921012058175966,0.5706590836095153,1.752359734072453
1008,1.0089997465477352,3.99267203399937,0.5706389733770364,1.7524214900395059
1009,1.009999746547735,3.993242495058731,0.5706016561010921,1.752536098182709
1010,1.0109997465477352,3.993813020922741,0.5705474358756365,1.7527026450750227
1011,1.011999746547735,3.994383166958048,0.5704763676469675,1.7529209914946697
1012,1.0129997465477352,3.99495363783395,0.5703884633010204,1.7531911396185684
1013,1.013999746547735,3.995524007625522,0.5702842318312678,1.7535115722713406
1014,1.0149997465477352,3.996094496716856,0.5701639213428271,1.7538815813614448
1015,1.015999746547735,3.9966650392067318,0.5700276318117309,1.75430092190738
1016,1.0169997465477352,3.9972353406686962,0.5698754538629185,1.7547693855235718
1017,1.017999746547735,3.9978051184092664,0.5697072346321322,1.7552875217491555
1018,1.0189997465477352,3.998374896151028,0.5695233236448115,1.755854340784925
1019,1.019999746547735,3.998944914287627,0.5693243388861896,1.7564680300799582
1020,1.0209997465477352,3.999514196843223,0.5691102437803659,1.7571288004893573
1021,1.021999746547735,4.000082986785912,0.5688810490461536,1.7578367247014228
1022,1.0229997465477352,4.000652119716431,0.5686368553462027,1.7585916048145893
1023,1.023999746547735,4.001220888485231,0.5683783092199678,1.7593915597735987
1024,1.0249997465477352,4.001789341661905,0.5681055331439964,1.7602363322635204
1025,1.025999746547735,4.002357449304644,0.5678183915322786,1.7611264709152226
1026,1.0269997465477352,4.002924716340982,0.5675173267807764,1.762060738607696
1027,1.027999746547735,4.003492198156198,0.5672026033833959,1.763038452283087
1028,1.0289997465477352,4.004059364528126,0.5668745118443549,1.7640588509553012
1029,1.029999746547735,4.004625772968723,0.5665332595589617,1.7651214348447717
1030,1.0309997465477352,4.005192060834401,0.5661786172090564,1.766227069700089
1031,1.031999746547735,4.005757633590571,0.5658107926708563,1.7673752656424149
1032,1.0329997465477352,4.00632262527396,0.5654302160361786,1.7685648407866759
1033,1.033999746547735,4.006887767042971,0.5650368741677197,1.7697960004344253
1034,1.0349997465477352,4.007452177237773,0.5646310937811292,1.7710678901924504
1035,1.035999746547735,4.008016511431157,0.5642131348301662,1.7723798654581304
1036,1.0369997465477352,4.008580337428638,0.563783052137006,1.773731927927816
1037,1.037999746547735,4.009143537029733,0.5633413630865242,1.7751226263966153
1038,1.0389997465477352,4.009706474764301,0.5628880491751931,1.7765521962409978
1039,1.039999746547735,4.010268767240438,0.5624233894643914,1.778019937884025
1040,1.0409997465477352,4.010831070964686,0.5619474896698464,1.7795257001459635
1041,1.041999746547735,4.011392400141263,0.5614606000735717,1.7810688761935634
1042,1.0429997465477352,4.0119539040045025,0.5609625950057529,1.7826500535026666
1043,1.043999746547735,4.012514769690656,0.5604538390756375,1.7842682666770748
1044,1.0449997465477352,4.013074916207616,0.5599346844701654,1.7859225865714028
1045,1.045999746547735,4.013634794843287,0.5594053321135407,1.7876125639021139
1046,1.0469997465477352,4.014194379656172,0.5588659605099076,1.7893378209823392
1047,1.047999746547735,4.014752933754266,0.5583167672041998,1.7910979192109024
1048,1.0489997465477352,4.015310979036368,0.5577577073671781,1.792893198590421
1049,1.049999746547735,4.015869039396894,0.5571891926420073,1.7947225344740267
1050,1.0509997465477352,4.016426080216747,0.5566113010870688,1.7965858724876544
1051,1.051999746547735,4.016982342591481,0.5560241640907874,1.7984829879384892
1052,1.0529997465477352,4.0175383271287055,0.5554281892694697,1.8004127613963132
1053,1.053999746547735,4.01809376998044,0.5548234437438558,1.8023751722749262
1054,1.054999746547735,4.018648782062457,0.5542102518688443,1.8043693645650085
1055,1.055999746547735,4.019203142853086,0.5535890616659602,1.806394073232985
1056,1.056999746547735,4.019756667980069,0.5529601472846853,1.8084485923813984
1057,1.057999746547735,4.020310092816218,0.5523239832996902,1.8105315543710536
1058,1.058999746547735,4.0208623595794215,0.5516803998415979,1.812643697849564
1059,1.059999746547735,4.02141392563286,0.5510297851719635,1.814783931667003
1060,1.060999746547735,4.021964856718518,0.5503722842891877,1.8169519587846104
1061,1.061999746547735,4.022515153467821,0.5497085300624971,1.8191458660579793
1062,1.062999746547735,4.023064538424002,0.5490390354185112,1.821364120745511
1063,1.063999746547735,4.023613701299016,0.5483637204507797,1.8236071474202467
1064,1.064999746547735,4.024162419659689,0.547682955162996,1.8258738757031243
1065,1.065999746547735,4.024710213906501,0.5469970321322691,1.8281634839989231
1066,1.066999746547735,4.02525742907353,0.5463063693298974,1.8304747228676939
1067,1.067999746547735,4.025803981999604,0.5456110664319667,1.8328073998563077
1068,1.068999746547735,4.026349288945456,0.544911689604274,1.8351597498784076
1069,1.069999746547735,4.0268941247734515,0.5442086516256778,1.8375305078534998
1070,1.070999746547735,4.027438372662705,0.5435021865466845,1.839919000793393
1071,1.071999746547735,4.027981314742423,0.5427924970354496,1.8423246552995192
1072,1.072999746547735,4.0285242754889214,0.5420799528219707,1.8447463234789994
1073,1.0739997465477351,4.02906598190462,0.5413652461194501,1.8471817449828574
1074,1.074999746547735,4.029607361670737,0.5406487928909643,1.8496295805134177
1075,1.0759997465477351,4.030148109186354,0.53993013613843,1.8520914708558054
1076,1.076999746547735,4.030687654652823,0.5392098792465757,1.854565427097283
1077,1.0779997465477351,4.031227047901663,0.5384886778232513,1.8570492587556893
1078,1.078999746547735,4.031764939688162,0.5377669843436593,1.859541454037928
1079,1.0799997465477351,4.032302147709776,0.5370452757015323,1.8620404000272017
1080,1.080999746547735,4.032839140770821,0.5363239332757999,1.8645447983126997
1081,1.0819997465477351,4.033375238445357,0.5356031600098218,1.8670539583479346
1082,1.082999746547735,4.033910391309181,0.5348834513347486,1.8695661597018924
1083,1.0839997465477351,4.034444906652179,0.5341648855185154,1.8720811253425937
1084,1.084999746547735,4.034978585355428,0.533448038215803,1.8745968273585747
1085,1.0859997465477351,4.035511776887384,0.5327327998283337,1.8771136305521965
1086,1.086999746547735,4.036044244568483,0.532019558325052,1.879630145832012
1087,1.0879997465477351,4.036575547466134,0.5313089727996335,1.882144008844207
1088,1.088999746547735,4.037106227215111,0.5306012459184932,1.8846544513271122
1089,1.0899997465477351,4.0376363517192395,0.5298964629486707,1.8871611152778476
1090,1.090999746547735,4.038166136855722,0.5291953302852422,1.8896614213526577
1091,1.0919997465477351,4.038695365669032,0.5284984351419939,1.8921531900682464
1092,1.092999746547735,4.039222842285512,0.5278058663938979,1.894636008561729
1093,1.0939997465477351,4.039749904851088,0.5271180274543841,1.8971083285261732
1094,1.094999746547735,4.040276650220408,0.5264353766489523,1.8995683883661927
1095,1.0959997465477351,4.040802371309805,0.5257583387659814,1.9020145307578407
1096,1.096999746547735,4.041327395455237,0.5250873496111161,1.9044450427926096
1097,1.0979997465477351,4.041851333806377,0.5244227270608348,1.9068586245385903
1098,1.098999746547735,4.042374635072803,0.5237645206929266,1.9092549428071732
1099,1.0999997465477351,4.042897477113324,0.5231130561951859,1.9116326540832433
1100,1.100999746547735,4.043419591637268,0.5224688470182473,1.9139897157640002
1101,1.1019997465477351,4.0439411596811565,0.5218320488404078,1.9163253813600678
1102,1.102999746547735,4.044462375592915,0.5212031500037757,1.918637675142132
1103,1.1039997465477351,4.044982662768058,0.5205824729854597,1.9209252172190032
1104,1.104999746547735,4.045502304114346,0.5199703635180356,1.9231865316980017
1105,1.1059997465477351,4.046021843889853,0.5193669365685386,1.925420987725957
1106,1.106999746547735,4.046540147437259,0.5187725347297882,1.92762710639812
1107,1.1079997465477351,4.0470577133188765,0.5181871689521679,1.9298046341481425
1108,1.108999746547735,4.04757467250273,0.5176115590446442,1.9319506732919574
1109,1.1099997465477351,4.048091255895749,0.5170457508740318,1.9340648256166226
1110,1.110999746547735,4.0486075141688795,0.5164898512256786,1.9361464656602771
1111,1.1119997465477351,4.04912377054551,0.515944097404538,1.9381944769414172
1112,1.112999746547735,4.049638934296268,0.5154083574461851,1.9402091284567737
1113,1.1139997465477351,4.050153063050665,0.5148828094588728,1.9421895266827254
1114,1.114999746547735,4.050667025516466,0.5143675922062687,1.9441349244238268
1115,1.1159997465477351,4.051180525639102,0.5138626197918661,1.946045424368556
1116,1.116999746547735,4.051693133371819,0.5133679670817396,1.947920525085621
1117,1.1179997465477352,4.052205712122368,0.5128840077749819,1.949758590325809
1118,1.118999746547735,4.052717850173374,0.5124108001895044,1.9515591779684796
1119,1.1199997465477352,4.053229823957752,0.5119480640000775,1.9533231402157398
1120,1.120999746547735,4.0537411571181154,0.5114958474892215,1.955050084783088
1121,1.1219997465477352,4.054252037235852,0.5110543033149343,1.956739222257866
1122,1.122999746547735,4.054762353624468,0.5106232104264126,1.9583911964458438
1123,1.1239997465477352,4.055272255014995,0.5102026196495885,1.9600056163702346
1124,1.124999746547735,4.055782074944171,0.5097926894681017,1.9615816794928187
1125,1.1259997465477352,4.056290634020781,0.5093932739226998,1.9631197567633165
1126,1.126999746547735,4.056798912354131,0.5090043418296634,1.9646197838026433
1127,1.1279997465477352,4.057307268998498,0.5086258596113358,1.966081710363971
1128,1.128999746547735,4.057815455824101,0.5082578422033052,1.9675053033416767
1129,1.1299997465477352,4.058323309742125,0.5079002250656257,1.968890641603457
1130,1.130999746547735,4.058830494037764,0.5075528867302094,1.9702380306459606
1131,1.1319997465477352,4.059337549790992,0.5072158685373274,1.9715471499023247
1132,1.132999746547735,4.059844169970869,0.5068890016115126,1.972818500343819
1133,1.1339997465477352,4.060350558979097,0.5065720615853652,1.9740528067623893
1134,1.134999746547735,4.060856416847831,0.5062646319205127,1.9752515521507086
1135,1.1359997465477352,4.061362039119054,0.5059665394511447,1.9764152805139368
1136,1.136999746547735,4.06186766396465,0.5056777082690747,1.9775441623143353
1137,1.1379997465477352,4.062373466218695,0.5053979990900076,1.9786386210482552
1138,1.138999746547735,4.06287857597869,0.5051276286972547,1.9796976906193824
1139,1.1399997465477352,4.06338332464562,0.5048664070254374,1.9807220010770406
1140,1.140999746547735,4.063887904976737,0.504614229020634,1.9817118552935402
1141,1.1419997465477352,4.064392085554053,0.5043708553755895,1.9826680890499329
1142,1.142999746547735,4.064895906953866,0.5041359463663588,1.9835919402448117
1143,1.1439997465477352,4.065399333553158,0.5039095863702339,1.984482984741785
1144,1.144999746547735,4.065903369543859,0.5036915289627203,1.985342104242561
1145,1.1459997465477352,4.066407061476792,0.5034814356079657,1.9861705502457634
1146,1.146999746547735,4.066910406600011,0.5032791541246939,1.9869688458271353
1147,1.1479997465477352,4.067413192572721,0.5030846062587943,1.98773722661986
1148,1.148999746547735,4.067916174670633,0.5028978521889305,1.988475384508734
1149,1.1499997465477352,4.068418672767532,0.5027184986915338,1.9891848074076863
1150,1.150999746547735,4.068921764489432,0.5025461294726649,1.9898670815539399
1151,1.1519997465477352,4.069424345002246,0.5023807829209432,1.9905219984446823
1152,1.152999746547735,4.069927047914567,0.5022221190323213,1.9911508515929053
1153,1.1539997465477352,4.070428704221683,0.5020699313002286,1.9917544104070601
1154,1.154999746547735,4.07093123893858,0.501924100954998,1.9923330999593882
1155,1.1559997465477352,4.07143345340388,0.5017842879693041,1.9928882270247041
1156,1.156999746547735,4.0719354838797654,0.5016504919432487,1.9934197535146225
1157,1.1579997465477352,4.072437375817019,0.5015224850637415,1.9939285471376302
1158,1.158999746547735,4.072939282132813,0.5014002445415296,1.994414663507753
1159,1.1599997465477352,4.073441012109114,0.5012835739649472,1.9948788508875541
1160,1.160999746547735,4.0739426633714455,0.5011716587292323,1.9953243216817043
1161,1.1619997465477352,4.074443872121692,0.5010648138460677,1.9957497959679331
1162,1.162999746547735,4.074945113967749,0.5009627440739419,1.9961564244633736
1163,1.1639997465477352,4.0754459273874835,0.500865389556842,1.9965444226137976
1164,1.164999746547735,4.0759468371299885,0.5007724024881371,1.9969151555305389
1165,1.1659997465477352,4.0764478617175275,0.5006838732725836,1.9972682432605084
1166,1.166999746547735,4.0769482547859806,0.5005996158579421,1.9976044094364138
1167,1.1679997465477352,4.077449062236693,0.5005193244038417,1.997924857728679
1168,1.168999746547735,4.077950086205781,0.50044312905257,1.9982290533055815
1169,1.1699997465477352,4.0784503878710705,0.5003707410309459,1.9985181346527894
1170,1.170999746547735,4.078951489378017,0.500302113214909,1.9987922768785937
1171,1.1719997465477352,4.079452153391916,0.5002371961565064,1.9990516652566868
1172,1.172999746547735,4.079952215884614,0.5001755240649973,1.9992981501230975
1173,1.1739997465477352,4.080452869887596,0.5001169600772848,1.9995322691025448
1174,1.174999746547735,4.080952920659823,0.5000614969290026,1.9997540425352471
1175,1.1759997465477352,4.081453022353265,0.500008792410805,1.9999648309752212
1176,1.176999746547735,4.0819537356285,0.4999589956082872,2.0001640310188353
1177,1.1779997465477352,4.082453467539372,0.4999124895899638,2.0003501029154442
1178,1.178999746547735,4.082953223084502,0.4998689192073221,2.000524460664151
1179,1.1799997465477352,4.083452912533345,0.49982818517413974,2.0006874955472966
1180,1.180999746547735,4.083952941339843,0.4997901410884038,2.0008397881204267
1181,1.1819997465477352,4.0844523944982765,0.49975451434403156,2.0009824249663484
1182,1.182999746547735,4.084952134831223,0.49972132124390417,2.0011153366656527
1183,1.183999746547735,4.085452170564976,0.4996906318904721,2.00123823858117
1184,1.184999746547735,4.085951717432344,0.4996623824780992,2.0013513825884846
1185,1.185999746547735,4.086451404892204,0.49963680523061094,2.0014538351281845
1186,1.186999746547735,4.086951056032376,0.4996137072624042,2.0015463656500234
1187,1.187999746547735,4.087450429223886,0.49959306931318304,2.001629048566972
1188,1.188999746547735,4.087950064929136,0.4995746450105087,2.0017028686052805
1189,1.189999746547735,4.0884495862926045,0.49955824228962104,2.0017685934210765
1190,1.190999746547735,4.088949609575103,0.4995439129450368,2.0018260138624226
1191,1.191999746547735,4.089449640834886,0.4995316275876647,2.001875246276586
1192,1.192999746547735,4.089949263058231,0.4995215555544286,2.0019156108089886
1193,1.193999746547735,4.090448655664682,0.4995136545172032,2.001947276028988
1194,1.194999746547735,4.090948261500029,0.49950783445232394,2.001970601915446
1195,1.195999746547735,4.091447864428292,0.49950417529754776,2.001985267499143
1196,1.196999746547735,4.091947061302189,0.4995026079003835,2.001991549560501
1197,1.197999746547735,4.092446522726434,0.4995030017782025,2.0019899709111986
1198,1.1989997465477351,4.092946056703896,0.49950530145331384,2.0019807539389345
1199,1.199999746547735,4.093445740741422,0.4995094903359378,2.001963965344211
1200,1.2009997465477351,4.093945196865333,0.4995153761143198,2.0019403762480747
1201,1.201999746547735,4.094445174694936,0.4995231071768314,2.0019093924437805
1202,1.2029997465477351,4.094944604850933,0.4995327555415744,2.001870726006422
1203,1.203999746547735,4.095444344296247,0.4995442710977631,2.0018245786353845
1204,1.2049997465477351,4.095944092110283,0.4995573272848103,2.001772259922983
1205,1.205999746547735,4.0964437294673495,0.4995722717693394,2.001712377787285
1206,1.2069997465477351,4.096943779132102,0.49958879459374744,2.001646175457506
1207,1.207999746547735,4.097443254251923,0.4996067504328311,2.001574236404245
1208,1.2089997465477351,4.097942912114862,0.49962629919199986,2.0014959212859873
1209,1.209999746547735,4.098442541767306,0.4996474086727542,2.0014113605759807
1210,1.2109997465477351,4.09894255591498,0.49967007992179424,2.0013205516658408
1211,1.211999746547735,4.0994424740382325,0.49969442395788805,2.001223051639006
1212,1.2129997465477351,4.099942283654902,0.4997204075133145,2.001118995672307
1213,1.213999746547735,4.100441830444349,0.4997480902754289,2.001008146822261
1214,1.2149997465477351,4.100941469204765,0.4997772813247417,2.000891271706741
1215,1.215999746547735,4.10144153270706,0.49980834423099363,2.000766917044177
1216,1.2169997465477351,4.101941143859449,0.49984113899422716,2.0006356459818115
1217,1.217999746547735,4.1024410464971,0.4998757499261824,2.0004971238306157
1218,1.2189997465477351,4.102941036460532,0.4999119273214821,2.0003523527793776
1219,1.219999746547735,4.103441070815616,0.49994974728011976,2.0002010310842384
1220,1.2209997465477351,4.103940867864967,0.49998941860937507,2.0000423264582454
1221,1.221999746547735,4.10444105272685,0.5000304547808924,1.999878188295928
1222,1.2229997465477351,4.104941229948228,0.5000730090793059,1.9997080063191561
1223,1.223999746547735,4.105441605010845,0.5001175239516117,1.9995300146626214
1224,1.2249997465477351,4.105941633796731,0.5001637187935514,1.9993453391863516
1225,1.225999746547735,4.106441640450084,0.5002116293213514,1.999153840858764
1226,1.2269997465477351,4.106942290932465,0.5002614019862298,1.9989549384174277
1227,1.227999746547735,4.107442301838141,0.500313313615793,1.998747530368406
1228,1.2289997465477351,4.107942314061036,0.5003668623420983,1.9985336265460063
1229,1.229999746547735,4.1084429063449015,0.5004221585299934,1.9983127904198588
1230,1.2309997465477351,4.108942993871087,0.5004790375850918,1.99808568371853
1231,1.231999746547735,4.1094439494717605,0.5005379354144681,1.9978505708502485
1232,1.2329997465477351,4.109944206511898,0.5005988405826819,1.9976075031177265
1233,1.233999746547735,4.110444681885087,0.5006618018979231,1.9973562916307404
1234,1.2349997465477351,4.110945243158291,0.5007268923339134,1.9970966515078694
1235,1.235999746547735,4.1114461075996935,0.5007941870338513,1.996828289726943
1236,1.2369997465477351,4.111947287056889,0.5008637974463612,1.996550769088262
1237,1.237999746547735,4.112448218683914,0.5009358335713812,1.9962636589013438
1238,1.2389997465477351,4.112949357366699,0.5010098615329873,1.9959686959857543
1239,1.239999746547735,4.1134504462489065,0.5010859504293338,1.9956656121433725
1240,1.2409997465477351,4.113951310483212,0.5011638220828897,1.9953555223597237
1241,1.241999746547735,4.114452838658744,0.5012437183068783,1.9950374707494414
1242,1.2429997465477352,4.114954546807471,0.5013258113246876,1.9947107797175483
1243,1.243999746547735,4.115455985333555,0.5014098633913475,1.9943764034404439
1244,1.2449997465477352,4.115957722102822,0.501496174587549,1.9940331565289424
1245,1.245999746547735,4.116459722393961,0.5015847127904584,1.9936811758809707
1246,1.2469997465477352,4.116961240625133,0.5016751729067527,1.9933216830442433
1247,1.247999746547735,4.117463192148747,0.5017677890577844,1.9929537563138362
1248,1.2489997465477352,4.117965343306306,0.5018624078071179,1.9925780142997533
1249,1.249999746547735,4.118467115813068,0.5019590401034438,1.9921944224650676
1250,1.2509997465477352,4.118968982159545,0.50205789475252,1.9918021615673052
1251,1.251999746547735,4.119471280618975,0.5021594422752104,1.9913993760012707
1252,1.2529997465477352,4.119973811104826,0.5022633539524174,1.9909873816809187
1253,1.253999746547735,4.120476273880662,0.5023693579976768,1.9905672670517944
1254,1.2549997465477352,4.120978389142193,0.502477435957828,1.990139115587925
1255,1.255999746547735,4.1214811104368625,0.5025879177204673,1.9897016317773613
1256,1.2569997465477352,4.121983452520506,0.5027005935760174,1.9892556578984464
1257,1.257999746547735,4.122486349143024,0.5028156653728034,1.988800407120507
1258,1.2589997465477352,4.122988761599864,0.5029333420685784,1.9883350662077264
1259,1.259999746547735,4.1234918343333415,0.5030534099277377,1.9878604940649292
1260,1.2609997465477352,4.123994681026122,0.5031758151149794,1.9873769166975812
1261,1.261999746547735,4.124497821945525,0.5033005811801698,1.9868842544452048
1262,1.2629997465477352,4.125000638424933,0.5034277109413793,1.986382509874279
1263,1.263999746547735,4.125503764575165,0.5035571067374733,1.9858720820741873
1264,1.2649997465477352,4.126007556688131,0.5036887604199743,1.9853530167443139
1265,1.265999746547735,4.126510986850235,0.5038226546855918,1.984825395801317
1266,1.2669997465477352,4.127014793865786,0.5039589260211352,1.984288695698311
1267,1.267999746547735,4.127518315454929,0.504096739819847,1.9837462157707622
1268,1.2689997465477352,4.128022256409143,0.5042334407762515,1.9832084093044908
1269,1.269999746547735,4.128526501957425,0.5043657127510507,1.982688304772987
1270,1.2709997465477352,4.129030431956826,0.5044909294020866,1.9821961936663195
1271,1.271999746547735,4.129534882533383,0.5046071346334828,1.981739716633895
1272,1.2729997465477352,4.130039614882818,0.5047133630143055,1.9813226145384548
1273,1.273999746547735,4.130544548459386,0.5048093079305647,1.9809460409900914
1274,1.2749997465477352,4.131049393669065,0.5048967516578142,1.9806029583603544
1275,1.275999746547735,4.131554603033798,0.5049881216618078,1.9802445980495818
1276,1.2769997465477352,4.132059699620901,0.5050862962010667,1.9798596943163078
1277,1.277999746547735,4.1325650219537815,0.5051918740996161,1.979445931869473
1278,1.2789997465477352,4.133070814940999,0.5053053242279496,1.979001510676518
1279,1.279999746547735,4.133576667272343,0.5054269248582586,1.978525382834401
1280,1.2809997465477352,4.134082689898508,0.5055569655819582,1.9780164612090294
1281,1.281999746547735,4.13458954632228,0.5056958434151358,1.9774732440881069
1282,1.2829997465477352,4.135096286793619,0.5058440536683427,1.976893852459223
1283,1.283999746547735,4.135602759386185,0.5060019236751107,1.9762770717094573
1284,1.2849997465477352,4.136109134916177,0.5061696888865743,1.9756220531492281
1285,1.285999746547735,4.136616170961134,0.5063474351739138,1.9749285382605577
1286,1.2869997465477352,4.137123754398592,0.5065356629878834,1.974194658084559
1287,1.287999746547735,4.137631227215955,0.5067343482459302,1.973420596929175
1288,1.2889997465477352,4.1381391262041625,0.506943675591738,1.972605731460668
1289,1.289999746547735,4.13864659823949,0.5071638278713168,1.9717494526319632
1290,1.2909997465477352,4.139155203403954,0.5073948762492895,1.9708515927320627
1291,1.291999746547735,4.139663708559335,0.5076367110162353,1.9699126920866403
1292,1.2929997465477352,4.140172486402211,0.5078893799035367,1.96893268410127
1293,1.293999746547735,4.1406809871176495,0.508152874413176,1.9679117256884904
1294,1.2949997465477352,4.141189736236993,0.5084273626539442,1.9668492954039527
1295,1.295999746547735,4.141698613775073,0.5087128026908527,1.9657456913025735
1296,1.2969997465477352,4.142207514862873,0.5090088263426238,1.9646024749419186
1297,1.297999746547735,4.142716919966314,0.5093156747186085,1.9634188571802533
1298,1.2989997465477352,4.143226557651606,0.5096331429661644,1.9621957751409276
1299,1.299999746547735,4.143736765498021,0.5099610476261576,1.9609340843873244
1300,1.3009997465477352,4.144246545880893,0.5102993450956943,1.959634104199123
1301,1.301999746547735,4.144756847584667,0.5106472714410596,1.9582989196788902
1302,1.3029997465477352,4.145267532504087,0.5110050324296707,1.9569278902113934
1303,1.303999746547735,4.145777942086286,0.5113723505346401,1.9555222314121976
1304,1.3049997465477352,4.146288849802258,0.5117489069782862,1.9540833138358427
1305,1.305999746547735,4.146799854216275,0.5121341601029589,1.9526133538894597
1306,1.3069997465477352,4.147310667943868,0.5125275702493983,1.9511145508004482
1307,1.307999746547735,4.147822508106953,0.5129289519363229,1.949587747435524
1308,1.3089997465477352,4.148334324130083,0.5133377309793947,1.9480352595397665
1309,1.309999746547735,4.148845971380403,0.5137536237493513,1.946458290069166
1310,1.310999746547735,4.149358122081179,0.5141763054902588,1.9448581922625083
1311,1.311999746547735,4.149870754429991,0.5146049557292152,1.9432381846827753
1312,1.312999746547735,4.1503833086060355,0.5150390635992568,1.9416002992310564
1313,1.313999746547735,4.150896367803216,0.5154781962418089,1.9399462621129056
1314,1.314999746547735,4.151409316128021,0.5159216128930798,1.9382789458894818
1315,1.315999746547735,4.151922610737128,0.5163687754405292,1.9366004444146938
1316,1.316999746547735,4.152436391966866,0.516819354443735,1.9349120566050084
1317,1.317999746547735,4.152950843310904,0.5172726037376331,1.9332166304079235
1318,1.318999746547735,4.153465834499044,0.5177277043380699,1.9315172659700128
1319,1.319999746547735,4.153980244850447,0.5181844704798316,1.9298146837052332
1320,1.320999746547735,4.154494610300932,0.5186422414968613,1.9281113646159724
1321,1.321999746547735,4.155009873389642,0.5191000876048012,1.9264107710213203
1322,1.322999746547735,4.155525378181519,0.5195572353974639,1.9247157615560775
1323,1.3239997465477351,4.156041340041372,0.5200130991143659,1.9230284808269247
1324,1.324999746547735,4.156557403451888,0.5204672504571564,1.9213504771369234
1325,1.3259997465477351,4.157073893453685,0.5209188576243748,1.9196847750155397
1326,1.326999746547735,4.157590734625386,0.5213674004594143,1.918033231688111
1327,1.3279997465477351,4.158107250878856,0.5218119304182959,1.9163992651497601
1328,1.328999746547735,4.158624527525478,0.5222521401689053,1.9147839196534127
1329,1.3299997465477351,4.159141611326005,0.5226869506435804,1.9131910577999083
1330,1.330999746547735,4.159658954033834,0.5231159528007033,1.911622068962175
1331,1.3319997465477351,4.16017708602721,0.5235384130018048,1.910079518838578
1332,1.332999746547735,4.160695798970164,0.5239538060350635,1.908565198843272
1333,1.3339997465477351,4.1612145252794805,0.5243613280249093,1.9070819043171237
1334,1.334999746547735,4.16173385619862,0.5247597192342432,1.9056340708834363
1335,1.3359997465477351,4.162253487917989,0.5251487956403891,1.9042222095940577
1336,1.336999746547735,4.162774941938473,0.5255277013578287,1.9028492644940633
1337,1.3379997465477351,4.16330104549767,0.5258959621455104,1.9015167865527547
1338,1.338999746547735,4.163832290405825,0.5262524776010111,1.9002285833572266
1339,1.3399997465477351,4.164368918345175,0.5265963358211602,1.8989877672441964
1340,1.340999746547735,4.164909636840652,0.5269271470932108,1.897795559626206
1341,1.3419997465477351,4.165454106695743,0.5272441699112064,1.8966544479162488
1342,1.342999746547735,4.166001347963183,0.5275464332279914,1.8955677396606088
1343,1.3439997465477351,4.166548320531935,0.5278106548606063,1.894618819819198
1344,1.344999746547735,4.167078948957737,0.5279159640451292,1.894240879433823
1345,1.3459997465477351,4.167609697454863,0.5280075953624216,1.8939121497174778
1346,1.346999746547735,4.168140546834814,0.5280855441568099,1.893632596205019
1347,1.3479997465477351,4.168671478088052,0.5281498051730109,1.8934021942361992
1348,1.348999746547735,4.169202472197467,0.5282003725766802,1.8932209288716992
1349,1.3499997465477351,4.169733510137457,0.5282372399534667,1.8930887948908934
1350,1.350999746547735,4.170264572872976,0.5282604003080013,1.8930057967944443
1351,1.3519997465477351,4.170795641358608,0.5282698460628077,1.8929719488117571
1352,1.352999746547735,4.171326696537618,0.5282655690571438,1.8929872749132879
1353,1.3539997465477351,4.171857719341018,0.5282475605457709,1.8930518088277157
1354,1.354999746547735,4.172388690686615,0.5282158111976467,1.893165594064018
1355,1.3559997465477351,4.172919591478076,0.5281703110945483,1.8933286839384447
1356,1.356999746547735,4.173450402603965,0.5281110497296183,1.893541141606446
1357,1.3579997465477351,4.173981104936806,0.5280380160058403,1.893803040099559
1358,1.358999746547735,4.174511679332118,0.5279511982344358,1.8941144623673185
1359,1.3599997465477351,4.175042106627471,0.52785058413319,1.8944755013242058
1360,1.360999746547735,4.175572367641511,0.5277361608246978,1.8948862599017122
1361,1.3619997465477351,4.176102443173011,0.5276079148345388,1.895346851105534
1362,1.362999746547735,4.176632313999905,0.5274658320893718,1.895857398077993
1363,1.3639997465477351,4.177161960878306,0.5273098979149545,1.8964180341657113
1364,1.364999746547735,4.17769136454155,0.5271400970340857,1.8970289029926297
1365,1.3659997465477351,4.178220505699211,0.526956413564468,1.8976901585384343
1366,1.366999746547735,4.178749365036124,0.5267588310164943,1.8984019652224626
1367,1.3679997465477352,4.179277923211401,0.5265473322909536,1.8991644979931854
1368,1.368999746547735,4.179806160857444,0.5263218996766577,1.8999779424233407
1369,1.3699997465477352,4.180334058578956,0.5260825148479864,1.9008424948108262
1370,1.370999746547735,4.18086159695194,0.5258291588623538,1.901758362285439
1371,1.3719997465477352,4.181388756522701,0.5255618121575919,1.902725762921576
1372,1.372999746547735,4.181915517806846,0.5252804545492514,1.9037449258570078
1373,1.3739997465477352,4.1824418612882655,0.5249850652278192,1.904816091417851
1374,1.374999746547735,4.182967767418123,0.5246756227558547,1.9059395112498418
1375,1.3759997465477352,4.183493216613841,0.5243521050650373,1.9071154484560835
1376,1.376999746547735,4.184018189258066,0.524014489453133,1.9083441777413646
1377,1.3779997465477352,4.1845426656976485,0.5236627525808717,1.909625985563228
1378,1.378999746547735,4.185066626242598,0.5232968704687386,1.9109611702899325
1379,1.3799997465477352,4.185590051165047,0.5229168184936784,1.9123500423654647
1380,1.380999746547735,4.186112920698203,0.5225225713857099,1.913792924481785
1381,1.3819997465477352,4.186635215035298,0.5221141032244507,1.9152901517584782
1382,1.382999746547735,4.187156914328522,0.5216913874355534,1.916842071929995
1383,1.3839997465477352,4.187677998687968,0.5212543967870478,1.9184490455406902
1384,1.384999746547735,4.188198448180543,0.520803103385592,1.9201114461478552
1385,1.3859997465477352,4.188718242828911,0.5203374786726295,1.921829660532968
1386,1.386999746547735,4.189237362610391,0.5198574934204523,1.9236040889213772
1387,1.3879997465477352,4.189755787455868,0.5193631177281685,1.9254351452106655
1388,1.388999746547735,4.190273497248698,0.5188543210175719,1.9273232572079384
1389,1.3899997465477352,4.190790471823593,0.5183310720289154,1.9292688668762934
1390,1.390999746547735,4.191306690965517,0.5177933388165843,1.9312724305907414
1391,1.3919997465477352,4.1918221344085485,0.5172410887446703,1.9333344194038646
1392,1.392999746547735,4.192336781834765,0.516674288482444,1.935455319321505
1393,1.3939997465477352,4.192850612873098,0.5160929039997232,1.937635631588797
1394,1.394999746547735,4.193363607098181,0.5154969005621406,1.9398758729868542
1395,1.3959997465477352,4.193875744029205,0.5148862427263025,1.942176576140468
1396,1.396999746547735,4.194387003128744,0.5142608943348443,1.944538289837147
1397,1.3979997465477352,4.194897363801594,0.5136208185113755,1.9469615793578903
1398,1.398999746547735,4.195406805393576,0.5129659776553176,1.9494470268200517
1399,1.3999997465477352,4.195915307190357,0.512296333436629,1.9519952315327278
1400,1.400999746547735,4.196422848416245,0.5116118467904196,1.9546068103650605
1401,1.4019997465477352,4.196929408232979,0.5109124779114503,1.957282398127917
1402,1.402999746547735,4.197434965738508,0.5101981862485184,1.9600226479693879
1403,1.4039997465477352,4.197939499965758,0.5094689304987249,1.9628282317845933
1404,1.404999746547735,4.198442989881403,0.5087246686016239,1.965699840640297
1405,1.4059997465477352,4.198945414384594,0.507965357733251,1.9686381852148513
1406,1.406999746547735,4.199446752305717,0.5071909543000327,1.971643996254007
1407,1.4079997465477352,4.199946982405104,0.5064014139325669,1.974718025043195
1408,1.408999746547735,4.200446083371759,0.5055966914792831,1.9778610438968331
1409,1.4099997465477352,4.200944033822058,0.5047767409999722,1.9810738466653224
1410,1.410999746547735,4.201440812298442,0.5039415157591888,1.9843572492603596
1411,1.4119997465477352,4.201936397268097,0.503090968219521,1.9877120901992726
