sto_common,p_si_original,p_si_reconstructed_deformed,si_scale_a,si_shift_b,dUdx_si_original,dUdx_si_reconstructed_deformed,x_anode_common,p_anode_reconstructed,dUdx_anode_reconstructed
0.0,1.0,1.0,0.9,0.034,-177.67052081056616,-238.6521619062755,5.5031882332158835e-05,0.9698394914941362,-79.49380121642702
0.001001001001001001,0.8221516308202541,0.7611089470407653,0.9,0.034,-103.3559775420618,-131.26189088473689,0.0010559777963638584,0.8902704959757054,-71.92462921670278
0.002002002002002002,0.7930811260419184,0.7372134316621884,0.9,0.034,-25.849677990515602,-21.495503387153178,0.002056923710395558,0.8258541640287289,-61.31110881065604
0.003003003003003003,0.7704005237321347,0.7180749062256437,0.9,0.034,-20.680644351403828,-17.534246655777167,0.0030578696244272572,0.7675322882781471,-44.878057456304134
0.004004004004004004,0.7516784346477164,0.7021098347537256,0.9,0.034,-17.360018854395946,-14.85445038194473,0.0040588155384589574,0.736013147547594,-27.758297192012378
0.005005005005005005,0.7356457312308416,0.688336266822351,0.9,0.034,-15.045854006761715,-12.996350348068177,0.005059761452490657,0.7119631799685024,-22.41918770785253
0.006006006006006006,0.7215566048043497,0.6760911153381737,0.9,0.034,-13.34220781636185,-11.640319057754994,0.006060707366522356,0.6911323588834246,-19.42295754938948
0.007007007007007007,0.7089346044713585,0.6650323247647835,0.9,0.034,-12.037599881106985,-10.5499163279232,0.007061653280554056,0.6730805199735573,-17.10425697092228
0.008008008008008008,0.6974573057430744,0.6549701617287178,0.9,0.034,-11.008472629544826,-9.676844913195794,0.008062599194585756,0.6568914866282388,-15.385386473899814
0.009009009009009009,0.6868956202280254,0.6456592618755026,0.9,0.034,-10.178196972223645,-8.996925276203797,0.009063545108617455,0.6422806405198601,-14.012763923448915
0.01001001001001001,0.677080535027912,0.6369582993138955,0.9,0.034,-9.496070479061075,-8.432744659711773,0.010064491022649155,0.6288394490413048,-12.919260878263799
0.011011011011011011,0.6678844681177931,0.628776890184388,0.9,0.034,-8.927552196822944,-7.9435299021272385,0.011065436936680854,0.6164176777430447,-12.016814953354299
0.012012012012012012,0.6592075576568951,0.621055336546874,0.9,0.034,-8.447749079156267,-7.53403974288176,0.012066382850712553,0.6047830853868349,-11.319793740662362
0.013013013013013013,0.6509720575489116,0.613693727535976,0.9,0.034,-8.03919098528604,-7.198702520984455,0.013067328764744254,0.5937566751582495,-10.721184790311156
0.014014014014014014,0.643113081209876,0.6066435196880462,0.9,0.034,-7.689034459625191,-6.902123237640637,0.014068274678775953,0.5833204331679535,-10.224185690263369
0.015015015015015015,0.6355785951672797,0.5998756629961549,0.9,0.034,-7.386462975835684,-6.641160143369973,0.015069220592807653,0.5732889613763085,-9.826635450661058
0.016016016016016016,0.6283253675445393,0.5933479037854036,0.9,0.034,-7.123856292648156,-6.421456304456854,0.016070166506839352,0.563648571961917,-9.476193112616727
0.017017017017017015,0.6213166206074235,0.587019894618864,0.9,0.034,-6.895661674795576,-6.233926941570644,0.017071112420871053,0.5543186478230104,-9.185882169494448
0.018018018018018018,0.61452023906647,0.5808675695680448,0.9,0.034,-6.696290372244391,-6.063893341987239,0.01807205833490275,0.5452594295132528,-8.940234221145829
0.01901901901901902,0.6079106338762036,0.5748799680082789,0.9,0.034,-6.522129266989566,-5.915635686007249,0.01907300424893445,0.536421265994726,-8.720679230342796
0.02002002002002002,0.6014629232166411,0.5690244550815439,0.9,0.034,-6.370086976115601,-5.792364500348128,0.02007395016296615,0.5278015730268674,-8.53054672103326
0.02102102102102102,0.5951577069970932,0.5632836426822566,0.9,0.034,-6.237137326262086,-5.683962347744796,0.02107489607699785,0.5193440342249764,-8.345828010734294
0.022022022022022022,0.588976161802703,0.5576451510820547,0.9,0.034,-6.121420285579973,-5.587212435570052,0.02207584199102955,0.5110941281337558,-8.177997847482118
0.023023023023023025,0.5829026113302664,0.5520980322006348,0.9,0.034,-6.020687185833083,-5.505017407675837,0.02307678790506125,0.5029725671641819,-7.988347518165227
0.024024024024024024,0.5769227340032375,0.546624095210832,0.9,0.034,-5.933489528848895,-5.436798996091625,0.024077733819092947,0.4951023205174102,-7.79236407169239
0.025025025025025023,0.5710237534146531,0.5412135497259769,0.9,0.034,-5.858207243163463,-5.376544952991935,0.025078679733124647,0.4873730972077661,-7.5748479927450205
0.026026026026026026,0.5651945913742814,0.5358602414510882,0.9,0.034,-5.793501068572027,-5.324392573099772,0.026079625647156348,0.4799382942219115,-7.305330346975268
0.02702702702702703,0.5594251526767712,0.5305541051351865,0.9,0.034,-5.7378969965983515,-5.281230910724105,0.02708057156118805,0.47274861608485275,-7.048272908853875
0.028028028028028028,0.5537073100998103,0.5252872065947838,0.9,0.034,-5.690228699169211,-5.244287104185901,0.028081517475219746,0.46582841428371624,-6.7182849522110075
0.029029029029029027,0.5480333034291852,0.5200550318535331,0.9,0.034,-5.649122550844083,-5.210211924187945,0.029082463389251446,0.4592993363404202,-6.361495446215201
0.03003003003003003,0.5423977554434658,0.5148563518917048,0.9,0.034,-5.612915127438782,-5.178778303619225,0.030083409303283147,0.4530933885356755,-5.9320623141071
0.031031031031031032,0.5367962361069855,0.5096871073217628,0.9,0.034,-5.580091601899937,-5.149260216896039,0.031084355217314844,0.44742398927024635,-5.529561225316968
0.03203203203203203,0.5312264008851076,0.5045475226286497,0.9,0.034,-5.548716446682192,-5.117384209204658,0.03208530113134654,0.44202380510593725,-5.273115630739795
0.03303303303303303,0.5256876946721863,0.49944209388992167,0.9,0.034,-5.51669316144671,-5.0801704079573256,0.03308624704537824,0.436867782180635,-5.041334855908133
0.03403403403403403,0.5201819701314606,0.49437701130140776,0.9,0.034,-5.481595559670893,-5.036435094948359,0.03408719295940994,0.4319315980553636,-4.8454733844371844
0.035035035035035036,0.5147135293875599,0.4893591407468819,0.9,0.034,-5.440926083743818,-4.984344950564065,0.03508813887344164,0.4271676686092315,-4.685679359520236
0.036036036036036036,0.5092892252190606,0.4843983427317099,0.9,0.034,-5.391714240910005,-4.917416026138653,0.03608908478747334,0.4225513748366147,-4.53427611676679
0.037037037037037035,0.5039193066830354,0.4795144640178756,0.9,0.034,-5.3313093492196515,-4.834262406705136,0.03709003070150504,0.418090538304893,-4.3934479473786325
0.03803803803803804,0.49861593322863085,0.4747201397152832,0.9,0.034,-5.257418992656341,-4.737750504984348,0.03809097661553674,0.4137561672937355,-4.266418101779351
0.03903903903903904,0.493393943334374,0.470029478021911,0.9,0.034,-5.167542988252535,-4.625418948342087,0.03909192252956844,0.4095496307718392,-4.14838700159072
0.04004004004004004,0.48827050182071785,0.4654600417206044,0.9,0.034,-5.060840598765395,-4.491684584485057,0.04009286844360014,0.4054515452556066,-4.049281878704477
0.04104104104104104,0.48326213032383264,0.4610371164914104,0.9,0.034,-4.937387302874384,-4.345186507488592,0.04109381435763184,0.40144340646933546,-3.9660488994359753
0.04204204204204204,0.4783858425557041,0.4567609696335401,0.9,0.034,-4.7974130376966855,-4.19428819591397,0.042094760271663534,0.3975119443741259,-3.901380728438511
0.043043043043043044,0.4736576998179334,0.45264014312621725,0.9,0.034,-4.644787221365533,-4.032143067692033,0.043095706185695234,0.3936332642709104,-3.8448219376484474
0.044044044044044044,0.4690869692396569,0.44868861113966213,0.9,0.034,-4.482217182416008,-3.86478266260238,0.044096652099726935,0.3898150267567886,-3.804787762640615
0.04504504504504504,0.46468429204532874,0.4449028404983847,0.9,0.034,-4.312923122679223,-3.7029287453038364,0.045097598013758636,0.3860164907413645,-3.770463934805605
0.04604604604604605,0.4604524885135724,0.4412753403782931,0.9,0.034,-4.143076977482849,-3.5484175109398564,0.046098543927790336,0.3822669658176935,-3.738463199232399
0.04704704704704705,0.4563898436419596,0.43779890153754414,0.9,0.034,-3.9735999770027206,-3.3959745494257163,0.04709948984182204,0.3785324918133054,-3.7078830972455137
0.04804804804804805,0.45249733340445786,0.434476592531595,0.9,0.034,-3.80838617208272,-3.2518770403852386,0.04810043575585373,0.37484418494590327,-3.669283166459678
0.04904904904904905,0.4487654469010533,0.43128863719242855,0.9,0.034,-3.6531331877765467,-3.123208106341451,0.04910138166988543,0.37118698382751925,-3.624808184082468
0.050050050050050046,0.4451837534489493,0.4282239236500305,0.9,0.034,-3.505326740035315,-3.004577388195088,0.05010232758391713,0.36758771106389126,-3.5667393173734467
0.05105105105105105,0.4417477757498315,0.42527346724609205,0.9,0.034,-3.367643020500566,-2.8935314859702714,0.05110327349794883,0.3640467575352369,-3.495753648285188
0.05205205205205205,0.4384417253798791,0.4224310678222622,0.9,0.034,-3.242423307486945,-2.794518803167506,0.05210421941198053,0.3605895904024663,-3.4045581477211897
0.05305305305305305,0.43525643779690465,0.41967883500751846,0.9,0.034,-3.127793456227664,-2.7087312343184067,0.053105165326012234,0.3572312004011472,-3.302440779546913
0.05405405405405406,0.43217987661866253,0.41700818246827137,0.9,0.034,-3.023371909005533,-2.630304505439881,0.054106111240043935,0.353978461193228,-3.1898397620618653
0.055055055055055056,0.42920364118227894,0.41441296012175294,0.9,0.034,-2.929209695833663,-2.5600179108151053,0.05510705715407563,0.3508454862486438,-3.0691946931022756
0.056056056056056056,0.42631559294331983,0.41188302148565853,0.9,0.034,-2.8461714922644035,-2.4998653615711817,0.05610800306810733,0.34783426541837104,-2.940631909884644
0.057057057057057055,0.42350560015672456,0.409408224663152,0.9,0.034,-2.772059085946296,-2.4485972450490294,0.05710894898213903,0.3449586592589033,-2.813314494433371
0.058058058058058054,0.4207659251035875,0.4069809248989738,0.9,0.034,-2.7063492879956073,-2.402346572601317,0.05810989489617073,0.34220231412219254,-2.688559036029261
0.05905905905905906,0.4180874834640406,0.40459872201530156,0.9,0.034,-2.6491088682913073,-2.362592361348703,0.05911084081020243,0.3395764548954103,-2.561844685118473
0.06006006006006006,0.41546240384574706,0.40225101026163906,0.9,0.034,-2.5992322547623985,-2.3306648149114153,0.06011178672423413,0.3370737781822862,-2.4452442630238522
0.06106106106106106,0.4128838152863381,0.3999327263898533,0.9,0.034,-2.556334436017721,-2.3033899885349456,0.061112732638265825,0.3346813403876439,-2.330011318473339
0.062062062062062065,0.4103446171870529,0.39763961889320076,0.9,0.034,-2.519489589358642,-2.2805313673045475,0.062113678552297526,0.33240934756453916,-2.219830552935832
0.06306306306306306,0.4078397920844189,0.3953670980268812,0.9,0.034,-2.4883720192031547,-2.26228940896749,0.06311462446632923,0.3302374797440362,-2.1218543064246944
0.06406406406406406,0.40536289142288245,0.3931105109673399,0.9,0.034,-2.4626083193908244,-2.2478426480840312,0.06411557038036093,0.3281616247681664,-2.0252841408373286
0.06506506506506507,0.40290964529885165,0.3908669125452315,0.9,0.034,-2.4414034617632865,-2.2360490840480054,0.06511651629439263,0.32618307997298757,-1.9356554226360743
0.06606606606606606,0.4004751968047377,0.38863393622450104,0.9,0.034,-2.424110251123011,-2.2268041667969385,0.06611746220842434,0.32428665199564466,-1.8557846709526586
0.06706706706706707,0.39805657172302983,0.3864088461452376,0.9,0.034,-2.4100807788691725,-2.2195997345853016,0.06711840812245604,0.3224679998055621,-1.7762091519937258
0.06806806806806806,0.39565021026045505,0.38419029311221814,0.9,0.034,-2.399166039425296,-2.213282279003522,0.06811935403648774,0.320730873409337,-1.702634136245024
0.06906906906906907,0.39325343650896516,0.38197785059167705,0.9,0.034,-2.3904003383233317,-2.206980978404374,0.06912029995051944,0.3190595104420314,-1.6370301695532703
0.07007007007007007,0.39086462399754546,0.3797719127750722,0.9,0.034,-2.383167133652705,-2.200311496971352,0.07012124586455114,0.317453716090615,-1.57559943223319
0.07107107107107107,0.38848233113628705,0.37757282256971236,0.9,0.034,-2.376694235379091,-2.192712256867452,0.07112219177858282,0.31590533081434247,-1.518274004403935
0.07207207207207207,0.38610647738016995,0.37538209844700926,0.9,0.034,-2.3702542860434335,-2.1828896815410133,0.07212313769261453,0.3144142957684377,-1.4629912304029062
0.07307307307307308,0.3837370773103742,0.37320267305711774,0.9,0.034,-2.3632867558108615,-2.1698902947712497,0.07312408360664623,0.31297658062567046,-1.4127841075880951
0.07407407407407407,0.38137517256373177,0.3710379737327525,0.9,0.034,-2.354910077250395,-2.1538012814079934,0.07412502952067793,0.31158605480863927,-1.366377324358723
0.07507507507507508,0.37902254262118423,0.36889075857982445,0.9,0.034,-2.344347017547733,-2.134429135800559,0.07512597543470963,0.3102412410259856,-1.3210781408474759
0.07607607607607608,0.37668178514121375,0.3667648423297484,0.9,0.034,-2.330847860656206,-2.110098791407893,0.07612692134874133,0.3089413992742435,-1.278229674774309
0.07707707707707707,0.3743561805377884,0.36466633657500386,0.9,0.034,-2.3137452974518737,-2.0812358786949687,0.07712786726277303,0.30768236348566674,-1.2399965014378154
0.07807807807807808,0.37204966242359244,0.3625982039339627,0.9,0.034,-2.292866850807769,-2.04863423745266,0.07812881317680473,0.3064590604111879,-1.2048586270828991
0.07907907907907907,0.3697658565121472,0.3605649667302538,0.9,0.034,-2.268030844403995,-2.011899847112346,0.07912975909083643,0.30527036684613784,-1.1715959537115737
0.08008008008008008,0.3675090601324934,0.35857037641221623,0.9,0.034,-2.239108469793564,-1.970455797999989,0.08013070500486813,0.3041136520456606,-1.1379909117843283
0.08108108108108109,0.36528315687292084,0.3566201102778013,0.9,0.034,-2.2046092810698212,-1.92625886340835,0.08113165091889983,0.30299223213942633,-1.1064986801985413
0.08208208208208208,0.3630954279381594,0.3547140023112986,0.9,0.034,-2.1657569051233736,-1.8812241159532732,0.08213259683293153,0.3018985613800082,-1.0789416063983879
0.08308308308308308,0.3609473072130142,0.35285389583144844,0.9,0.034,-2.12428203473641,-1.8319383408157535,0.08313354274696323,0.30083230775461983,-1.051999721662412
0.08408408408408408,0.35884261105180026,0.35104645808544127,0.9,0.034,-2.0793602818606587,-1.7797860107522467,0.08413448866099492,0.2997925717340873,-1.0263580750487051
0.08508508508508508,0.35678442376584574,0.3492907606747873,0.9,0.034,-2.0316538740623002,-1.7293946708599037,0.08513543457502662,0.298777649911513,-1.001211547459235
0.08608608608608609,0.3547752359285524,0.3475842064921281,0.9,0.034,-1.9810862123208324,-1.6800155444435916,0.08613638048905832,0.29778825451906593,-0.977678309041238
0.08708708708708708,0.35281828520264086,0.34592736619141673,0.9,0.034,-1.9286040976415109,-1.6282302663891244,0.08713732640309002,0.2968204436941685,-0.9565526362558501
0.08808808808808809,0.3509141666640049,0.34432448623909684,0.9,0.034,-1.8757464102477854,-1.576851935795446,0.08813827231712172,0.2958733396134328,-0.9363404598037448
0.0890890890890891,0.3490630371340767,0.3427705054590935,0.9,0.034,-1.8228256270799932,-1.5282126360983455,0.08913921823115342,0.29494599137940225,-0.9171881528515087
0.09009009009009009,0.34726486610929014,0.3412650014821432,0.9,0.034,-1.7701554074667456,-1.4797551050975244,0.09014016414518512,0.29403722814544286,-0.8985909616961578
0.09109109109109109,0.3455191824644736,0.33980803277621563,0.9,0.034,-1.7173837478913185,-1.4320557479781542,0.09114111005921682,0.2931471094764111,-0.8806752847170856
0.0920920920920921,0.343826660407806,0.3383980230077125,0.9,0.034,-1.665685321535591,-1.3872461947379406,0.09214205597324852,0.2922742114897903,-0.8633439503506963
0.09309309309309309,0.34218447711605404,0.3370307631170806,0.9,0.034,-1.6140881000193872,-1.3453655540633633,0.09314300188728022,0.29141878827739603,-0.8468738261859414
0.0940940940940941,0.3405952528001596,0.3357045984750532,0.9,0.034,-1.5641656291124946,-1.3031527070087918,0.09414394780131193,0.2905788616977479,-0.8314153325206064
0.09509509509509509,0.3390530143951081,0.33442184878873465,0.9,0.034,-1.5170362273942715,-1.262113941281541,0.09514489371534363,0.2897543847174964,-0.8165398705318125
0.0960960960960961,0.3375581432358068,0.3331778438378529,0.9,0.034,-1.4707113466172643,-1.2243840898325402,0.09614583962937531,0.28894423720364226,-0.8034603001627545
0.0970970970970971,0.33610864733481327,0.33197062938967054,0.9,0.034,-1.426398976790665,-1.1877213764385601,0.09714678554340701,0.28814594410842725,-0.7893742961420571
0.0980980980980981,0.33470248962861826,0.33080002326440233,0.9,0.034,-1.3842096648430413,-1.1519725052857552,0.09814773145743871,0.28736399525091216,-0.7754326546938444
0.0990990990990991,0.333337456814607,0.3296643781278372,0.9,0.034,-1.343578079882377,-1.118127751168089,0.09914867737147041,0.2865936118137821,-0.7639560570503932
0.10010010010010009,0.3320126436228477,0.32856152926806986,0.9,0.034,-1.3035754570889253,-1.087696349965995,0.10014962328550212,0.28583463786330343,-0.7522062340563878
0.1011011011011011,0.33072769613975433,0.32748680785763506,0.9,0.034,-1.26517005774852,-1.0572122109073234,0.10115056919953382,0.2850877763008063,-0.7412489991112636
0.1021021021021021,0.3294797706343622,0.3264449883052924,0.9,0.034,-1.229694447217156,-1.0276036979068977,0.10215151511356552,0.2843507375494224,-0.7304849050013615
0.1031031031031031,0.3282658453945749,0.3254295431971608,0.9,0.034,-1.1955489102638523,-1.0006958152694096,0.10315246102759722,0.2836254245389604,-0.7202134019511846
0.1041041041041041,0.32708627932252266,0.324441593279728,0.9,0.034,-1.1621613699390991,-0.9748226617147964,0.10415340694162892,0.2829089482255946,-0.7101685181199571
0.10510510510510511,0.3259391960053074,0.32347794627681087,0.9,0.034,-1.1310087822151615,-0.9500358914752951,0.10515435285566062,0.2822037439859882,-0.7001532675236888
0.1061061061061061,0.32482199747624607,0.32253961952302074,0.9,0.034,-1.1017173269670764,-0.9249381833143673,0.10615529876969232,0.28150731712094706,-0.690826961710826
0.10710710710710711,0.3237335557110791,0.3216262181820874,0.9,0.034,-1.0735539707898738,-0.9018107849070702,0.10715624468372402,0.2808207831367334,-0.6817817165407121
0.10810810810810811,0.3226727402774675,0.32073419252620977,0.9,0.034,-1.0465174015164962,-0.8805809032978402,0.10815719059775572,0.28014246387408115,-0.6732182144258445
0.1091091091091091,0.3216384257781131,0.3198632934507604,0.9,0.034,-1.0206013785019934,-0.8592911890932555,0.10915813651178741,0.27947307309477093,-0.6649778715249113
0.11011011011011011,0.3206294942744605,0.3190138898453424,0.9,0.034,-0.99526233639304,-0.8392576607725459,0.11015908242581911,0.27881125010723246,-0.6575993572168386
0.1111111111111111,0.319645908588137,0.3181830979336982,0.9,0.034,-0.9707063137931016,-0.8209158798717056,0.11116002833985081,0.2781566303154188,-0.6497315373266019
0.11211211211211211,0.31868613829089076,0.317370414610364,0.9,0.034,-0.9477456340664787,-0.8027443302991628,0.11216097425388251,0.2775105578522232,-0.64185461813355
0.11311311311311312,0.3177485199313473,0.3165760021773435,0.9,0.034,-0.9261791382842546,-0.7853320840048355,0.11316192016791421,0.2768717068005725,-0.6348445716915876
0.11411411411411411,0.3168319258018332,0.3157981782059499,0.9,0.034,-0.905688743349998,-0.7692744120473094,0.11416286608194591,0.27623966769206343,-0.6282608789398694
0.11511511511511512,0.31593532925396994,0.3150359132643359,0.9,0.034,-0.8862107482670467,-0.7536556919710904,0.11516381199597761,0.27561399648113083,-0.6216089163810068
0.11611611611611611,0.3150577301096069,0.31428935800180363,0.9,0.034,-0.8677178960287506,-0.737392767313537,0.11616475791000931,0.274995273882109,-0.6153975672762613
0.11711711711711711,0.31419815628894743,0.3135596514679124,0.9,0.034,-0.8490153063877699,-0.722131164433506,0.11716570382404101,0.2743820371201904,-0.6097454771398816
0.11811811811811812,0.3133579997664882,0.3128436499648997,0.9,0.034,-0.8306381032200818,-0.7086036364094355,0.11816664973807271,0.27377462939422403,-0.6037384860685506
0.11911911911911911,0.3125352171433617,0.3121410255691948,0.9,0.034,-0.8138052797401087,-0.69507533904752,0.11916759565210441,0.27317341797864236,-0.5979174451720723
0.12012012012012012,0.3117287599672088,0.31145210774458437,0.9,0.034,-0.798132558144033,-0.6814751645447075,0.12016854156613611,0.2725776633468775,-0.5924132660819907
0.12112112112112113,0.31093735416409435,0.31077671092546166,0.9,0.034,-0.7833287759770258,-0.6687780143920463,0.12116948748016781,0.2719874707024365,-0.5868175188603004
0.12212212212212212,0.310160534189477,0.31011321282087656,0.9,0.034,-0.7691012860465491,-0.6569918536432056,0.1221704333941995,0.2714029181513066,-0.5815617980810259
0.12312312312312312,0.3093976118496869,0.309461411919169,0.9,0.034,-0.7533399022323124,-0.6451714988613162,0.1231713793082312,0.27082324689134424,-0.5764085417974343
0.12412412412412413,0.3086523461970199,0.3088215781885216,0.9,0.034,-0.7383848132251671,-0.6338636139854827,0.1241723252222629,0.2702490106018564,-0.5715532872071662
0.12512512512512514,0.30791936397536224,0.3081924156949738,0.9,0.034,-0.725664518059034,-0.6236836396950594,0.12517327113629462,0.26967905903638145,-0.5671689882260011
0.12612612612612611,0.30719956437908397,0.30757296229323616,0.9,0.034,-0.7132678071892826,-0.6134723230946122,0.1261742170503263,0.2691135996391958,-0.5629351916309986
0.12712712712712712,0.30649140039740574,0.3069642428759655,0.9,0.034,-0.7005791760130364,-0.6028513311766801,0.12717516296435802,0.26855212367652603,-0.5588096616903897
0.12812812812812813,0.3057970034661449,0.30636605272131084,0.9,0.034,-0.6886572490336107,-0.593479476993366,0.1281761088783897,0.26799492314401496,-0.5546391643836159
0.12912912912912913,0.30511270720614725,0.3057760957748777,0.9,0.034,-0.6775036581552456,-0.5846053660358734,0.1291770547924214,0.2674417960658226,-0.5501698531424211
0.13013013013013014,0.30444063978615443,0.30519567160812594,0.9,0.034,-0.6661412445182577,-0.575048304397626,0.1301780007064531,0.26689354261096226,-0.5461329370185979
0.13113113113113112,0.3037790911010056,0.3046248479182258,0.9,0.034,-0.6563748135809249,-0.5665834809350088,0.1311789466204848,0.2663484970021688,-0.5424783356292551
0.13213213213213212,0.30312657609530175,0.3040613703449928,0.9,0.034,-0.6456023866685996,-0.5584747243227355,0.1321798925345165,0.2658075596639646,-0.5388875926542767
0.13313313313313313,0.3024865938303978,0.3035067804020642,0.9,0.034,-0.6349993977872259,-0.5497553234401096,0.1331808384485482,0.2652697023341894,-0.5357459884510831
0.13413413413413414,0.30185530602966165,0.30296075908685444,0.9,0.034,-0.626886195382923,-0.5422361764885295,0.1341817843625799,0.26473505414776655,-0.532517597254639
0.13513513513513514,0.3012315664122137,0.30242122249117626,0.9,0.034,-0.6167834548431301,-0.5345204390622484,0.1351827302766116,0.26420365970794535,-0.5293809697236327
0.13613613613613612,0.30062050431826404,0.30189064809774085,0.9,0.034,-0.6071172326713281,-0.526535721604688,0.1361836761906433,0.26367529071054446,-0.5263647991947948
0.13713713713713713,0.3000161164969558,0.30136709692239816,0.9,0.034,-0.599743769234891,-0.5196756484166656,0.137184622104675,0.26314993431785705,-0.5232404851172419
0.13813813813813813,0.29941981609156754,0.300850256409219,0.9,0.034,-0.5903679632349679,-0.5120010669456576,0.1381855680187067,0.2626278198592763,-0.5199350436174655
0.13913913913913914,0.29883419865264155,0.30034206976134575,0.9,0.034,-0.5827050822380215,-0.5052263193645103,0.1391865139327384,0.2621090806029155,-0.5169119633277148
0.14014014014014015,0.29825323935035025,0.2998387923063871,0.9,0.034,-0.5744924458591072,-0.4990492913153446,0.1401874598467701,0.2615930180240623,-0.5142840833260607
0.14114114114114115,0.29768406362589656,0.2993429720810348,0.9,0.034,-0.5657580900880248,-0.4924738349274662,0.1411884057608018,0.261079539499202,-0.5117184469696383
0.14214214214214213,0.2971205905213452,0.29885285870292877,0.9,0.034,-0.5589418234729635,-0.48652925391292,0.1421893516748335,0.2605686130468045,-0.5092154057025198
0.14314314314314314,0.296565060976301,0.29836893954066857,0.9,0.034,-0.5510390229783013,-0.48051174805445385,0.1431902975888652,0.2600601453398021,-0.5068881833429373
0.14414414414414414,0.2960174092941614,0.2978908732213383,0.9,0.034,-0.5445262563339952,-0.47481315328863616,0.1441912435028969,0.25955387773482835,-0.5046809492758371
0.14514514514514515,0.29547491832097766,0.2974183626572078,0.9,0.034,-0.5375173118151508,-0.46927315286328053,0.1451921894169286,0.2590498286716675,-0.502611091068843
0.14614614614614616,0.2949412985597967,0.2969513874298202,0.9,0.034,-0.5306589661088026,-0.4635321929555971,0.1461931353309603,0.25854770469892363,-0.5004642589217099
0.14714714714714713,0.2944125380084475,0.2964903702789183,0.9,0.034,-0.5243477985333982,-0.45833536943035824,0.147194081244992,0.25804795336149433,-0.49818234813272966
0.14814814814814814,0.29389155321738747,0.2960337991026323,0.9,0.034,-0.5179090168450386,-0.453324994674972,0.1481950271590237,0.2575503975273113,-0.4959577581906274
0.14914914914914915,0.2933756831198689,0.2955828127320214,0.9,0.034,-0.5120809653652714,-0.4481005485050389,0.1491959730730554,0.25705509957830786,-0.4940733356814917
0.15015015015015015,0.2928663660995391,0.295136700907427,0.9,0.034,-0.5060944361914608,-0.4430411207252405,0.1501969189870871,0.2565613161541465,-0.49239557583102567
0.15115115115115116,0.29236248104541146,0.29469584352136025,0.9,0.034,-0.5004509650944158,-0.43887665609261717,0.1511978649011188,0.25606937689887715,-0.4907162223672259
0.15215215215215216,0.2918644622655162,0.29425806896329765,0.9,0.034,-0.49483872549149055,-0.43380678706651565,0.1521988108151505,0.25557895535869146,-0.4892204359199326
0.15315315315315314,0.29137181292630937,0.293827361465171,0.9,0.034,-0.48942858983727433,-0.4289388511544132,0.1531997567291822,0.25509001050608743,-0.48770442195375097
0.15415415415415415,0.29088462524882497,0.29339933252455014,0.9,0.034,-0.48411974912454525,-0.42480795708920027,0.1542007026432139,0.2546026238618719,-0.48634464172234004
0.15515515515515516,0.2904026042193533,0.29297689508461205,0.9,0.034,-0.47898600069649433,-0.4210305070435538,0.15520164855724558,0.2541164011422011,-0.48501725615570024
0.15615615615615616,0.28992569431649967,0.29255642860654507,0.9,0.034,-0.4739145940180549,-0.41633207786705384,0.1562025944712773,0.25363167178030405,-0.48336750624403635
0.15715715715715717,0.28945382625335125,0.2921433974312246,0.9,0.034,-0.46909515889257136,-0.41185876083727635,0.15720354038530898,0.25314875168149975,-0.481675721354037
0.15815815815815815,0.2889865648692673,0.2917318865428068,0.9,0.034,-0.464201304896676,-0.4080149812444631,0.1582044862993407,0.25266740908994884,-0.480404489955248
0.15915915915915915,0.28852449431161614,0.29132655062192636,0.9,0.034,-0.45972924926340397,-0.4038056810506987,0.15920543221337238,0.2521870338588934,-0.47937920718828764
0.16016016016016016,0.2880661859918631,0.2909234667609235,0.9,0.034,-0.4549584978973087,-0.39999839273929183,0.1602063781274041,0.2517077437725351,-0.4783835555754763
0.16116116116116116,0.2876136664879979,0.2905257530388647,0.9,0.034,-0.4508621125347929,-0.39585479242740007,0.16120732404143578,0.25122936172830695,-0.4774699105003464
0.16216216216216217,0.2871635591399416,0.29013096467398175,0.9,0.034,-0.4461642467516356,-0.3926448026661262,0.1622082699554675,0.25075190066055825,-0.4765950558547729
0.16316316316316315,0.2867204447727794,0.28973967735785144,0.9,0.034,-0.44245188470196695,-0.38880800816770034,0.16320921586949919,0.2502752699806959,-0.47579546074459245
0.16416416416416416,0.2862777695809787,0.28935257026323563,0.9,0.034,-0.4374826444881421,-0.38564334193566197,0.1642101617835309,0.249799409615864,-0.47508526576943666
0.16516516516516516,0.285844603642673,0.2889676186152375,0.9,0.034,-0.4327327723674159,-0.38216556369545174,0.1652111076975626,0.24932420066951874,-0.4740663986426341
0.16616616616616617,0.2854114377043673,0.2885874740396211,0.9,0.034,-0.42930644571634957,-0.3790389331927031,0.1662120536115943,0.24885037996646184,-0.47289071426635587
0.16716716716716717,0.2849851312788765,0.288208781912149,0.9,0.034,-0.42483804509103607,-0.37567363306547463,0.167212999525626,0.24837752461306187,-0.4721109693978036
0.16816816816816815,0.2845609110875684,0.2878353746741247,0.9,0.034,-0.4217376470639067,-0.37208593647361,0.16821394543965767,0.2479052648748853,-0.47161062325646697
0.16916916916916916,0.28414081166513494,0.287463865122412,0.9,0.034,-0.41763444897387103,-0.36943750688567434,0.1692148913536894,0.24743341116033687,-0.47122627540056783
0.17017017017017017,0.28372480608461775,0.2870957600457249,0.9,0.034,-0.4145840855743472,-0.3662528673449401,0.17021583726772108,0.24696192084499216,-0.47089083737003534
0.17117117117117117,0.28331081349581694,0.2867306261487485,0.9,0.034,-0.4108301735121245,-0.36351345234618293,0.1712167831817528,0.24649073864109586,-0.4706234639084954
0.17217217217217218,0.2829023232547636,0.2863680053863732,0.9,0.034,-0.4072992700794771,-0.3606356279570946,0.17221772909578448,0.24601978357849888,-0.4704103549500189
0.17317317317317318,0.2824953995417039,0.2860086328995851,0.9,0.034,-0.40400428601023464,-0.35776876247376777,0.1732186750098162,0.24554902799568498,-0.47022871899224583
0.17417417417417416,0.28209350586535376,0.285651751607647,0.9,0.034,-0.4003182960396998,-0.35497953912656044,0.17421962092384788,0.2450784365486276,-0.46979965212329944
0.17517517517517517,0.28169396151159437,0.285297963151584,0.9,0.034,-0.39763644905397655,-0.3521195884846975,0.1752205668378796,0.2446085399112723,-0.46919557285215774
0.17617617617617617,0.28129743689827874,0.2849468074865565,0.9,0.034,-0.39436965478779484,-0.34961185118464755,0.17622151275191128,0.24413915776557135,-0.4689668739068793
0.17717717717717718,0.2809044326731803,0.2845980395255887,0.9,0.034,-0.3915427610987763,-0.34721152677187206,0.177222458665943,0.24366971895876566,-0.46904766794712316
0.1781781781781782,0.28051356750668954,0.284251689314841,0.9,0.034,-0.3883124042584143,-0.34444719001277235,0.17822340457997468,0.24320017507213582,-0.46917938455297303
0.17917917917917917,0.2801270304624528,0.2839084555615992,0.9,0.034,-0.3849350810008616,-0.34194502465285836,0.1792243504940064,0.24273047258293323,-0.46937568896166226
0.18018018018018017,0.279742926703885,0.28356711469091134,0.9,0.034,-0.3824086889223963,-0.33960029357069743,0.18022529640803808,0.24226053571611184,-0.4696241352562396
0.18118118118118118,0.27936144750164715,0.28322857509399024,0.9,0.034,-0.3797446191495055,-0.33703292121597883,0.18122624232206977,0.24179033586430243,-0.4699254050708248
0.18218218218218218,0.2789826772160982,0.28289237410789636,0.9,0.034,-0.37694045938235377,-0.33500993967032855,0.18222718823610148,0.24131979588790117,-0.47011258205240836
0.1831831831831832,0.27860681194732817,0.28255788452407965,0.9,0.034,-0.3740831025527882,-0.3325190750040292,0.18322813415013317,0.24084922132802195,-0.4698934805680892
0.1841841841841842,0.27823376209587236,0.2822266702540344,0.9,0.034,-0.37127980658397064,-0.3301601776489065,0.18422908006416489,0.24037911996909161,-0.46976485296244164
0.18518518518518517,0.2778635090312442,0.28189690318744526,0.9,0.034,-0.3687388934962712,-0.3283011668365816,0.18523002597819657,0.23990880290776503,-0.47013714779744475
0.18618618618618618,0.2774955460928768,0.281569410660768,0.9,0.034,-0.3667567488498662,-0.3255624695868846,0.1862309718922283,0.23943795625484685,-0.47073193628669685
0.1871871871871872,0.277129261285799,0.2812451264715556,0.9,0.034,-0.363713882759896,-0.32361501525502945,0.18723191780625997,0.23896644849130425,-0.47139422431220623
0.1881881881881882,0.27676739017143553,0.28092153275234955,0.9,0.034,-0.3608904779754596,-0.32157864207687226,0.1882328637202917,0.23849427600939993,-0.47210457217509827
0.1891891891891892,0.2764067578263887,0.2806013253863166,0.9,0.034,-0.3591612722084676,-0.3189644639786593,0.18923380963432337,0.23802134620627557,-0.47287973758326984
0.19019019019019018,0.2760483485854326,0.2802829652568968,0.9,0.034,-0.3564655998843307,-0.3176770867314076,0.1902347555483551,0.2375476219270752,-0.4736054451489764
0.19119119119119118,0.2756931129817754,0.2799653352226901,0.9,0.034,-0.3542272646246545,-0.31535046465006644,0.19123570146238678,0.23707323933590552,-0.4738519226344948
0.1921921921921922,0.2753391848924903,0.2796516329953351,0.9,0.034,-0.35189333953920254,-0.3129944201304795,0.19223664737641846,0.23659902163544108,-0.47406145621168605
0.1931931931931932,0.2749886218115267,0.27933871976697344,0.9,0.034,-0.349110385132434,-0.31200509197662996,0.19323759329045018,0.23612421958071553,-0.47481529422795177
0.1941941941941942,0.27464026520253554,0.27902699817656307,0.9,0.034,-0.3477177055931122,-0.3095420674903835,0.19423853920448186,0.23564849277808664,-0.47590290419162784
0.19519519519519518,0.27429249026879776,0.2787190159281539,0.9,0.034,-0.3450425311927745,-0.30750193765143763,0.19523948511851358,0.23517151344586265,-0.47701600361318697
0.1961961961961962,0.27394948936431174,0.27841137868176535,0.9,0.034,-0.34220147053471806,-0.30645971629084556,0.19624043103254526,0.23469355833859792,-0.4781922744165428
0.1971971971971972,0.2736074022396992,0.2781054829626067,0.9,0.034,-0.34155790158567356,-0.3041220889689953,0.19724137694657698,0.2342142242394651,-0.47944856096144406
0.1981981981981982,0.2732656897615376,0.2778025256507964,0.9,0.034,-0.33865019354203696,-0.30244858700720556,0.19824232286060867,0.23373375418243247,-0.48042526097358973
0.1991991991991992,0.2729294238742497,0.27749998028591555,0.9,0.034,-0.3359296214005951,-0.30118770614703294,0.19924326877464038,0.23325246483552686,-0.4807284880846936
0.20020020020020018,0.2725931579869618,0.2771995472601116,0.9,0.034,-0.33544154025190664,-0.29905633025455813,0.20024421468867207,0.23277138775061845,-0.4811731553490688
0.2012012012012012,0.27225786923911066,0.27690126891403455,0.9,0.034,-0.3326792390158744,-0.2976454012424199,0.20124516060270378,0.23228920822795007,-0.4827112085355054
0.2022022022022022,0.27192713348442754,0.2766036605709376,0.9,0.034,-0.33033644078398083,-0.2962331723015552,0.20224610651673547,0.23180505212693664,-0.4841893755552462
0.2032032032032032,0.2715965350233269,0.27630820951002744,0.9,0.034,-0.3295945998695231,-0.2943088406192089,0.20324705243076718,0.2313199134737909,-0.48584510468221254
0.2042042042042042,0.27126728443563974,0.276014453682811,0.9,0.034,-0.327114926160192,-0.29302524321724377,0.20424799834479887,0.23083244278216872,-0.48762031597999567
0.20520520520520522,0.2709416502862695,0.2757215723864694,0.9,0.034,-0.32507382068692436,-0.29156190491761436,0.20524894425883056,0.23034375034803287,-0.48913884498686855
0.2062062062062062,0.2706164859958261,0.2754307461654585,0.9,0.034,-0.3241198146661759,-0.2898484482817878,0.20624989017286227,0.22985323972560112,-0.4897823684840006
0.2072072072072072,0.27029276176841927,0.2751412952127321,0.9,0.034,-0.32189418012652027,-0.28857578668939254,0.20725083608689396,0.2293632590270352,-0.4904793099722724
0.2082082082082082,0.26997205320278,0.274853016862777,0.9,0.034,-0.3199965855713174,-0.28712669907116606,0.20825178200092567,0.22887135320313343,-0.4924084929233885
0.2092092092092092,0.2696521279634717,0.2745664669863634,0.9,0.034,-0.3189516421443841,-0.28569019553458475,0.20925272791495736,0.22837751048898286,-0.4943391332968048
0.21021021021021022,0.2693335113766651,0.27428106451936446,0.9,0.034,-0.3169684766644991,-0.28432714227736255,0.21025367382898907,0.2278817397318946,-0.4963729475925902
0.2112112112112112,0.26901755643861786,0.2739972434783006,0.9,0.034,-0.3151278024822659,-0.28289222836787076,0.21125461974302076,0.2273838255415255,-0.4983085678208994
0.2122122122122122,0.26870262488520913,0.27371471371182116,0.9,0.034,-0.31407374519065456,-0.28169888746202787,0.21225556565705248,0.22688417988211995,-0.4995513892621517
0.2132132132132132,0.2683887801719699,0.2734332817416399,0.9,0.034,-0.3122944013174447,-0.28029296052656605,0.21325651157108416,0.22638377769766388,-0.5003434687359913
0.21421421421421422,0.2680774108685576,0.2731535666436999,0.9,0.034,-0.31048639395834243,-0.27893244500742753,0.21425745748511588,0.2258825463808325,-0.5018973837651686
0.21521521521521522,0.2677671857896709,0.2728748584283117,0.9,0.034,-0.3094703960405525,-0.27786345731081497,0.21525840339914756,0.225379033426578,-0.5042243009271488
0.21621621621621623,0.2674578505161241,0.27259728344588047,0.9,0.034,-0.307833398656328,-0.27648322931699454,0.21625934931317928,0.22487314387329543,-0.5066051123904742
0.2172172172172172,0.2671509027092779,0.27232133844969914,0.9,0.034,-0.30608735146276445,-0.27519639632205894,0.21726029522721096,0.22436486479202836,-0.5089921455049193
0.2182182182182182,0.26684506302570815,0.2720463397095,0.9,0.034,-0.3051156982624832,-0.2742729250901732,0.21826124114124265,0.2238541966566607,-0.5101186158984774
0.21921921921921922,0.26654006047051415,0.27177224350457363,0.9,0.034,-0.3035516351586125,-0.27286536189944854,0.21926218705527437,0.2233436625035182,-0.5108425017326823
0.22022022022022023,0.2662373520444096,0.2715000627087003,0.9,0.034,-0.30195288705732537,-0.27150541977189846,0.22026313296930605,0.2228315452270146,-0.5127572165188781
0.22122122122122123,0.26593555018611514,0.2712286891106359,0.9,0.034,-0.30083595240969885,-0.27066422484361397,0.22126407888333777,0.2223171780219885,-0.5154820011837131
0.2222222222222222,0.26563507786541124,0.27095819238869306,0.9,0.034,-0.2994197612912046,-0.26938786439578166,0.22226502479736945,0.22179960602133114,-0.5182778875021796
0.22322322322322322,0.2653361112245712,0.27068937406680055,0.9,0.034,-0.29825005150084394,-0.26795568250071256,0.22326597071140117,0.22127964175433193,-0.5202577998950346
0.22422422422422422,0.26503798066520934,0.2704217445758788,0.9,0.034,-0.29683019827803037,-0.26706955764217355,0.22426691662543285,0.22075810618323505,-0.5210491810641571
0.22522522522522523,0.2647418565733639,0.27015470027772714,0.9,0.034,-0.29540320011889776,-0.2662314364850147,0.22526786253946457,0.22023655765674047,-0.5224665812208968
0.22622622622622623,0.26444658286717354,0.26988874870703994,0.9,0.034,-0.294641440878479,-0.264783913272737,0.22626880845349626,0.2197121846038527,-0.5256098446857465
0.2272272272272272,0.26415198381885246,0.26962460235325725,0.9,0.034,-0.2930429041879279,-0.2637355153913745,0.22726975436752797,0.2191843436039144,-0.5287300463250517
0.22822822822822822,0.26385991038631684,0.26936074967722734,0.9,0.034,-0.2915153365538288,-0.26330310407561797,0.22827070028155966,0.21865372424486298,-0.5304196619642312
0.22922922922922923,0.2635683695314574,0.2690974690117645,0.9,0.034,-0.290821237326071,-0.2618694839177351,0.22927164619559137,0.21812250081718407,-0.530909386249931
0.23023023023023023,0.26327768568696536,0.2688364864461608,0.9,0.034,-0.2894651378740889,-0.26057602632837984,0.23027259210962306,0.2175909010830871,-0.5326475528436703
0.23123123123123124,0.26298885974592373,0.2685757952853814,0.9,0.034,-0.2879587752352393,-0.26038332712568035,0.23127353802365475,0.21705619803390838,-0.535839491349293
0.23223223223223222,0.26270119164245037,0.2683151985039673,0.9,0.034,-0.28701524820144186,-0.2591898453683257,0.23227448393768646,0.2165182083842013,-0.5387541529893696
0.23323323323323322,0.26241425464441936,0.26805689669605537,0.9,0.034,-0.2862286904107805,-0.25765222883092065,0.23327542985171815,0.21597767049770375,-0.5384552640577311
0.23423423423423423,0.26212816123121757,0.2677993782260275,0.9,0.034,-0.2846913186964741,-0.25726095155786766,0.23427637576574986,0.2154402791913064,-0.5385927047982761
0.23523523523523523,0.26184430205443643,0.2675418597559996,0.9,0.034,-0.2834447884248448,-0.25666771120805265,0.23527732167978155,0.21489946616331354,-0.5419433822079753
0.23623623623623624,0.261560704197334,0.2672855289543397,0.9,0.034,-0.2832144632101006,-0.2551906752273112,0.23627826759381326,0.2143553671631912,-0.5440314078981459
0.23723723723723725,0.2612773061320939,0.2670309675133023,0.9,0.034,-0.2817362951429345,-0.25425435648284633,0.23727921350784495,0.21381037413363244,-0.5438585979252508
0.23823823823823823,0.2609966675704213,0.2667765112236433,0.9,0.034,-0.28013441636664993,-0.2541542734519169,0.23828015942187666,0.2132666210803826,-0.5442733330529705
0.23923923923923923,0.2607164764696982,0.2665221501490342,0.9,0.034,-0.27983796885027346,-0.25289126876427304,0.23928110533590835,0.21272079779596087,-0.5470314613439058
0.24024024024024024,0.2604364313965468,0.2662702223972884,0.9,0.034,-0.27905608755420985,-0.25156511629415945,0.24028205124994007,0.21217152326822464,-0.5472815343505033
0.24124124124124124,0.2601578056237438,0.2660185162825794,0.9,0.034,-0.27740371896641136,-0.251346529750748,0.24128299716397175,0.21162519936469462,-0.5460142212682655
0.24224224224224225,0.2598810685958133,0.2657670261415312,0.9,0.034,-0.27646029090257684,-0.25062796490431083,0.24228394307800347,0.21107846186066126,-0.5475132169384693
0.24324324324324323,0.2596043315678828,0.26551675859508334,0.9,0.034,-0.2764602909025484,-0.24947732944923473,0.24328488899203515,0.2105291371299488,-0.5477730325705039
0.24424424424424424,0.2593275945399523,0.2652675720285197,0.9,0.034,-0.2749303118116586,-0.24873857664493926,0.24428583490606684,0.20998187950312489,-0.5444600897332492
0.24524524524524524,0.25905392053322485,0.265018783466665,0.9,0.034,-0.2733088119503577,-0.24842178319275376,0.24528678082009855,0.20943918692560515,-0.5438858043361705
0.24624624624624625,0.2587804297512629,0.2647702311212269,0.9,0.034,-0.27318036759547226,-0.2473978888129409,0.24628772673413024,0.20889307895602463,-0.5419178184571081
0.24724724724724725,0.258507012890391,0.26452349239797046,0.9,0.034,-0.2725390418085283,-0.24636838800017813,0.24728867264816196,0.2083543260733539,-0.5376779110093963
0.24824824824824826,0.2582348060439385,0.2642770011152205,0.9,0.034,-0.2711215166053478,-0.24601516833436676,0.24828961856219364,0.20781670593984472,-0.5362206913953571
0.24924924924924924,0.2579642270713613,0.26403096953844224,0.9,0.034,-0.27020303902708065,-0.24533520308790457,0.24929056447622536,0.20728087025321104,-0.5295005507779393
0.2502502502502503,0.2576938590188593,0.263785839547477,0.9,0.034,-0.27004008399293866,-0.24448567247074493,0.25029151039025704,0.20675670311428732,-0.522769863457242
0.25125125125125125,0.25742360628258654,0.26354150873269494,0.9,0.034,-0.2689149216435567,-0.24377183903320088,0.2512924563042887,0.2062343415355982,-0.5142099262207012
0.25225225225225223,0.25715549080736066,0.2632978078377008,0.9,0.034,-0.26766227983466706,-0.24329524719459528,0.2522934022183204,0.20572731046507703,-0.502402849951693
0.25325325325325326,0.2568877458624972,0.26305443116073385,0.9,0.034,-0.26722578171919054,-0.24256225086426753,0.25329434813235213,0.20522858537588412,-0.48815269637249514
0.25425425425425424,0.25662050425737226,0.2628121977258604,0.9,0.034,-0.2666932909499735,-0.2417914682788762,0.25429529404638385,0.20475008157136182,-0.47071902322969095
0.2552552552552553,0.2563538253600949,0.26257036415717255,0.9,0.034,-0.2656285839435384,-0.2412597176002862,0.2552962399604155,0.20428625680996665,-0.45042751077754417
0.25625625625625625,0.2560887153005283,0.2623291952882222,0.9,0.034,-0.2646818624660483,-0.24067065702445234,0.2562971858744472,0.20384837441840134,-0.42155670407433377
0.25725725725725723,0.2558239317415443,0.26208854101998647,0.9,0.034,-0.2643173579920983,-0.24005530522026675,0.25729813178847893,0.2034423458890149,-0.37163460849072294
0.25825825825825827,0.2555595514206643,0.26184860408658,0.9,0.034,-0.26354851670038215,-0.239381042863414,0.2582990777025106,0.20310440213263822,-0.2523178579490235
0.25925925925925924,0.2552963070834854,0.2616092996929325,0.9,0.034,-0.26264185398297,-0.23880966912108192,0.2593000236165423,0.20293723283111226,-0.1087303780838198
0.2602602602602603,0.2550337419031809,0.2613705066509022,0.9,0.034,-0.2619470823368317,-0.23822211293020246,0.260300969530574,0.20288673567729,-0.05044943299570548
0.26126126126126126,0.2547718885002284,0.261132378545925,0.9,0.034,-0.2614979854719479,-0.23769586411290788,0.26130191544460574,0.20283623852346772,-0.0504494329957339
0.26226226226226224,0.25451022241274657,0.2608946390550806,0.9,0.034,-0.26068110818843593,-0.23700265411778787,0.2623028613586374,0.20278574136964542,-0.05044943299571969
0.26326326326326327,0.2542500043997511,0.2606578987579014,0.9,0.034,-0.25986838425994563,-0.23637593138229818,0.2633038072726691,0.20273524421582315,-0.05044943299570548
0.26426426426426425,0.2539899653872011,0.2604214139672281,0.9,0.034,-0.2593080299611472,-0.23592723247719505,0.2643047531867008,0.20268474706200088,-0.0504494329957339
0.2652652652652653,0.2537308692046337,0.2601855719661553,0.9,0.034,-0.2586861497347144,-0.23541493879403674,0.26530569910073254,0.20263424990817858,-0.0504494329957339
0.26626626626626626,0.25347207519754195,0.25995011278846125,0.9,0.034,-0.25806037701941875,-0.23480097747696504,0.2663066450147642,0.2025837527543563,-0.05044943299570548
0.26726726726726724,0.25321423181320346,0.2597154999391744,0.9,0.034,-0.257366266250628,-0.23424621529969158,0.2673075909287959,0.20253325560053403,-0.05404256303555144
0.2682682682682683,0.25295682741726044,0.2594811513964699,0.9,0.034,-0.2567790842038278,-0.2339609185331426,0.2683085368428276,0.20247556538904785,-0.11694799688068258
0.26926926926926925,0.2527001595725551,0.2592471097118808,0.9,0.034,-0.2561438508284368,-0.23342804573232456,0.2693094827568593,0.20229913836127023,-0.17626030068595355
0.2702702702702703,0.2524440269151014,0.2590138279815904,0.9,0.034,-0.2556060975167753,-0.23275736579520867,0.270310428670891,0.2021227113334926,-0.17924451119095863
0.27127127127127126,0.25218843565360255,0.25878112899957806,0.9,0.034,-0.25491528556077014,-0.23235050092469578,0.2713113745849227,0.2019403102390918,-0.18835851789151548
0.27227227227227224,0.25193368600306787,0.258548661813573,0.9,0.034,-0.2542293844683883,-0.23215905110785684,0.27231232049895443,0.20174563795577943,-0.19448831408709566
0.2732732732732733,0.25167946791692913,0.2583163461144773,0.9,0.034,-0.2536856446269553,-0.2315367078440147,0.2733132664129861,0.20155096567246705,-0.20074507060175506
0.27427427427427425,0.2514258068346455,0.2580851248609323,0.9,0.034,-0.2532984131409819,-0.23086015923556147,0.2743142123270178,0.20134376803941775,-0.20807511151886615
0.2752752752752753,0.251172363986717,0.2578541636135052,0.9,0.034,-0.25263239491967227,-0.230639050172897,0.2753151582410495,0.20113442180709407,-0.21438824844011606
0.27627627627627627,0.2509200362742457,0.25762338502074633,0.9,0.034,-0.25195170217654095,-0.23040323546689478,0.27631610415508123,0.20091458595683265,-0.22386140967317658
0.2772772772772773,0.2506679561745518,0.25739289587483277,0.9,0.034,-0.2515686731497482,-0.22976552315230947,0.2773170500691129,0.20068627548045062,-0.23219676810387568
0.2782782782782783,0.25041639528695886,0.2571633939834043,0.9,0.034,-0.2512829963375367,-0.22919128206478945,0.2783179959831446,0.20044975314426278,-0.24144065392738412
0.27927927927927926,0.250164887112815,0.2569340544692977,0.9,0.034,-0.25054784264045793,-0.2290771051154934,0.2793189418971763,0.2002029374083911,-0.2506737066616296
0.2802802802802803,0.24991479800439542,0.25670478116035034,0.9,0.034,-0.24982091708464793,-0.22882603759353515,0.28031988781120804,0.1999479314993865,-0.25898003333564645
0.28128128128128127,0.24966474513666947,0.2564759442839252,0.9,0.034,-0.24962089190982795,-0.22811929342709902,0.2813208337252397,0.19968448739602493,-0.26877773077289646
0.2822822822822823,0.24941505647905046,0.256248085878214,0.9,0.034,-0.24933672213421687,-0.22763054730543786,0.2823217796392714,0.1994098675565868,-0.2771791004946067
0.2832832832832833,0.2491655725197841,0.2560202274725028,0.9,0.034,-0.24859848375434979,-0.2276305473054947,0.2833227255533031,0.1991296048198348,-0.2873447505240705
0.28428428428428426,0.24891736181687962,0.2557923690667916,0.9,0.034,-0.24793975715930117,-0.2272906843356992,0.2843236714673348,0.19883463444867575,-0.2974523967897227
0.2852852852852853,0.24866919662957535,0.25556519106742637,0.9,0.034,-0.24782507919415764,-0.22661628231273312,0.2853246173813665,0.19853413729746358,-0.30523517802626543
0.2862862862862863,0.24842121551218654,0.2553386828159152,0.9,0.034,-0.24754010355785283,-0.22627330248117516,0.2863255632953982,0.19822358664014747,-0.3155348834654035
0.2872872872872873,0.2481736208466768,0.2551121914628595,0.9,0.034,-0.24678667270185883,-0.2262586524042831,0.2873265092094299,0.19790247059278523,-0.32434697335295937
0.2882882882882883,0.24792714809936994,0.25488571254083153,0.9,0.034,-0.2462128652397837,-0.2258671606433751,0.2883274551234616,0.1975742790847351,-0.3327959063097268
0.28928928928928926,0.24768070219754812,0.25466000495506497,0.9,0.034,-0.24616850372764532,-0.2252978404563919,0.2893284010374933,0.19723624918753085,-0.34285962402097425
0.2902902902902903,0.2474343182620774,0.25443466581319113,0.9,0.034,-0.24587352437252719,-0.22506743829845277,0.290329346951525,0.1968879112052346,-0.35173084988657877
0.2912912912912913,0.24718846290951502,0.25420941949300596,0.9,0.034,-0.24511403601388793,-0.22497329108300335,0.29133029286555673,0.1965321220734651,-0.35937432502383615
0.2922922922922923,0.24694359947125882,0.253984268834046,0.9,0.034,-0.24461857481792038,-0.22459813316510235,0.2923312387795884,0.1961684826807536,-0.36799486996136466
0.2932932932932933,0.24669873603300263,0.25375977358076346,0.9,0.034,-0.2446185748179346,-0.2241570482836721,0.2933321846936201,0.1957954361505202,-0.37699377555381375
0.29429429429429427,0.24645387259474646,0.25353550597461927,0.9,0.034,-0.24431853515909552,-0.2239540627646619,0.2943331306076518,0.19541378192224165,-0.38476734695416326
0.2952952952952953,0.24620960983648793,0.25331141709875216,0.9,0.034,-0.24359396309445458,-0.22381008471668906,0.2953340765216835,0.19502517354294704,-0.3917270992871664
0.2962962962962963,0.24596619699295574,0.2530874377369482,0.9,0.034,-0.2431625029868485,-0.2234715505712188,0.2963350224357152,0.1946295866433477,-0.3988227210000872
0.2972972972972973,0.24572279801869648,0.2528640266071181,0.9,0.034,-0.24314659911526348,-0.22311327317795815,0.2973359683497469,0.19422677359693094,-0.4064513861217449
0.2982982982982983,0.24547941701474696,0.25264076451737266,0.9,0.034,-0.24285812079487812,-0.2229375190724454,0.2983369142637786,0.19381591493496553,-0.4143738895168667
0.29929929929929927,0.24523659557466268,0.2524177052476137,0.9,0.034,-0.24224631234301341,-0.22278752850000672,0.2993378601778103,0.19339724189374433,-0.4215692675130498
0.3003003003003003,0.2449944394124587,0.2521947434392946,0.9,0.034,-0.24188304516177084,-0.22247701923471652,0.300338806091842,0.19297197886336848,-0.4283273397469287
0.3013013013013013,0.24475234523399844,0.2519723058097063,0.9,0.034,-0.24181690138962608,-0.22217083936341453,0.3013397520058737,0.19253977689256882,-0.4351165183802834
0.3023023023023023,0.24451032149175878,0.25174995697410263,0.9,0.034,-0.24153828119204945,-0.22202135339952633,0.3023406979199054,0.19210092266096757,-0.44161635182848613
0.3033033033033033,0.24426878511149178,0.2515278186157132,0.9,0.034,-0.24102924859049324,-0.22185864538248268,0.3033416438339371,0.19165570872670423,-0.4477288233331791
0.30430430430430433,0.24402778045353962,0.2513057955218855,0.9,0.034,-0.2407122668688828,-0.22159362029640306,0.3043425897479688,0.19120461798834842,-0.4533368671422551
0.3053053053053053,0.24378687867131377,0.2510841877442489,0.9,0.034,-0.24060520551765308,-0.22134066318878354,0.3053435356620005,0.19074817735701227,-0.4586410570445736
0.3063063063063063,0.2435460883504012,0.2508626710710571,0.9,0.034,-0.24034975161450234,-0.22117837891394743,0.3063444815760322,0.19028646820423653,-0.4639986368136704
0.3073073073073073,0.2433056979874009,0.25064138818686366,0.9,0.034,-0.2399334843534433,-0.22100569637322565,0.3073454274900639,0.18981930227774246,-0.46955350497812276
0.3083083083083083,0.24306574103437825,0.250420217224464,0.9,0.034,-0.23965134044483705,-0.22081474248263078,0.3083463734040956,0.1893464728797823,-0.4750147767871482
0.30930930930930933,0.2428259155240479,0.2501993166303419,0.9,0.034,-0.23951251639896043,-0.2206290371011903,0.3093473193181273,0.18886837407788287,-0.4797108609304672
0.3103103103103103,0.24258623649704297,0.24997851745048758,0.9,0.034,-0.23928488813182014,-0.2204603507556726,0.31034826523215897,0.18838614362745235,-0.48404330379517546
0.3113113113113113,0.2423468666989592,0.24975795456676697,0.9,0.034,-0.2389517318196539,-0.22029734154948244,0.3113492111461907,0.18789937174358654,-0.48863899000434685
0.3123123123123123,0.2421078546515582,0.24953748173166984,0.9,0.034,-0.23870056583724875,-0.22017203391544626,0.3123501570602224,0.18740794122648946,-0.49328647069665976
0.3133133133133133,0.24186898768827397,0.24931716971408335,0.9,0.034,-0.2385390569891115,-0.22003070604709762,0.3133511029742541,0.18691186558900463,-0.4977644175606173
0.31431431431431434,0.24163029898191038,0.24909697981766166,0.9,0.034,-0.23833323798842798,-0.21986868586012065,0.3143520488882858,0.18641147070667413,-0.5015102350014757
0.3153153153153153,0.24139184406867747,0.2488769921648138,0.9,0.034,-0.2380623194529221,-0.2197324697028762,0.3153529948023175,0.185907896347865,-0.5050558753225829
0.3163163163163163,0.2411536977417644,0.24865707497341166,0.9,0.034,-0.2378334347063742,-0.21964801144773105,0.3163539407163492,0.18540040347715045,-0.509254763639376
0.3173173173173173,0.24091570105625235,0.24843725640615974,0.9,0.034,-0.23765059407445221,-0.21953479252228192,0.3173548866303809,0.18488842339813297,-0.5132595968989193
0.3183183183183183,0.24067792077665034,0.24821756587927293,0.9,0.034,-0.2374670532365286,-0.21938613419705177,0.3183558325444126,0.1843729132844434,-0.516732789024644
0.31931931931931934,0.24044029154026333,0.2479980449262858,0.9,0.034,-0.23727029360104268,-0.21927792168938254,0.3193567784584443,0.1838539802504921,-0.520266644047112
0.3203203203203203,0.2402029051738454,0.2477785710410559,0.9,0.034,-0.23708467777225906,-0.21922582698394422,0.320357724372476,0.18333139574131152,-0.5233406229179991
0.3213213213213213,0.23996564754071928,0.24755915438177342,0.9,0.034,-0.23690340239461705,-0.2191367389960419,0.32135867028650766,0.18280630893417898,-0.5260285487268419
0.32232232232232233,0.23972862408797035,0.24733985885087367,0.9,0.034,-0.2367421746181293,-0.2190096086604001,0.3223596162005394,0.1822783434882872,-0.5284098584637178
0.3233233233233233,0.23949168923317546,0.24712069670677758,0.9,0.034,-0.23660511821893238,-0.2189295691005384,0.3233605621145711,0.1817484895566523,-0.5299362968402903
0.32432432432432434,0.23925494016761217,0.246901561415237,0.9,0.034,-0.23646274051058924,-0.2189026487499035,0.3243615080286028,0.1812174683462484,-0.5315095609000338
0.3253253253253253,0.23901829035327435,0.24668245316573673,0.9,0.034,-0.23629102586438933,-0.21883773970996856,0.32536245394263447,0.180684464910149,-0.5329473313266959
0.3263263263263263,0.23878188506077658,0.24646344782222407,0.9,0.034,-0.2361457408228489,-0.21873890572420862,0.3263633998566662,0.1801505654388773,-0.5338647809120545
0.32732732732732733,0.23854552610738278,0.24624453743856115,0.9,0.034,-0.23605373345510827,-0.21868608133691225,0.3273643457706979,0.17961572536795029,-0.5346703562023976
0.3283283283283283,0.23830930501381936,0.24602563784957754,0.9,0.034,-0.2359511356012547,-0.21867591880467785,0.3283652916847296,0.17908021322208797,-0.5350320076114912
0.32932932932932935,0.23807315146153446,0.24580674781132458,0.9,0.034,-0.23579262893930775,-0.21863644295881102,0.32936623759876127,0.17854464916416052,-0.5350068941875605
0.3303303303303303,0.23783724769862552,0.24558792725306333,0.9,0.034,-0.23565826539194745,-0.21857400660427118,0.330367183512793,0.1780091872926563,-0.5347096301211707
0.3313313313313313,0.23760136314243147,0.24536916221251723,0.9,0.034,-0.2356022828678448,-0.21854558181730965,0.3313681294268247,0.17747421832523413,-0.5341812460026318
0.33233233233233234,0.23736557145664788,0.24515039856073642,0.9,0.034,-0.23553828010804523,-0.21854414796361255,0.3323690753408564,0.1769398142215789,-0.533468038316272
0.3333333333333333,0.237129815034107,0.2449316363907682,0.9,0.034,-0.23540166205800972,-0.21853285176558757,0.33337002125488807,0.1764062730187958,-0.5326580412150008
0.33433433433433435,0.2368942968579332,0.24471289535399854,0.9,0.034,-0.2352802245999328,-0.21851463092193057,0.3343709671689198,0.17587349044171832,-0.5317949107438977
0.3353353353353353,0.2366587835534264,0.24449416966219575,0.9,0.034,-0.2352512951883483,-0.2185069661109793,0.3353719130829515,0.17534167713277185,-0.5305636901135955
0.3363363363363363,0.23642332329399257,0.244275443970393,0.9,0.034,-0.23522067840585237,-0.2185070445117958,0.33637285899698316,0.17481135932621278,-0.5290312440112217
0.33733733733733734,0.23618787128434565,0.24405671812163163,0.9,0.034,-0.23511446845716932,-0.2185275875520034,0.3373738049110149,0.17428261380859555,-0.5273431397529293
0.3383383383383383,0.23595262365744166,0.24383795130262118,0.9,0.034,-0.2350123792771086,-0.21856002484170745,0.3383747508250466,0.1737556754041561,-0.5252087384389057
0.33933933933933935,0.23571737603053766,0.24361916051434096,0.9,0.034,-0.2350017413387917,-0.21857233147005672,0.3393756967390783,0.17323120272708722,-0.522896927901229
0.34034034034034033,0.2354821497008074,0.24340036905743584,0.9,0.034,-0.23499101364146213,-0.21857284279133182,0.34037664265310996,0.17270889231727118,-0.5208346603132981
0.34134134134134136,0.23524692355077503,0.24318157724548947,0.9,0.034,-0.2349273839613204,-0.21862523048672244,0.3413775885671417,0.17218854807683384,-0.5188361924113423
0.34234234234234234,0.23501182460779171,0.24296268090831324,0.9,0.034,-0.23486009472978253,-0.21870309263489673,0.3423785344811734,0.17167023838357937,-0.5170864539092719
0.3433433433433433,0.23477673317093564,0.2427437332161904,0.9,0.034,-0.23485519160715285,-0.21873382500864125,0.3433794803952051,0.17115339693035056,-0.5146365276937388
0.34434434434434436,0.23454164404401368,0.24252477535274042,0.9,0.034,-0.23485390351849844,-0.2187415101111867,0.34438042630923676,0.17063999172436636,-0.5118258013659869
0.34534534534534533,0.2343065551859136,0.2423058122750268,0.9,0.034,-0.23483696621144645,-0.21882585633090912,0.3453813722232685,0.170128777041204,-0.5093804741762966
0.34634634634634637,0.23407149996751433,0.24208668555027618,0.9,0.034,-0.23481713277614347,-0.21894148557875326,0.3463823181373002,0.16962026711573774,-0.5067410124202638
0.34734734734734735,0.23383645081599136,0.2418674909825768,0.9,0.034,-0.23481410237144473,-0.21899048359310314,0.34738326405133185,0.16911433634949533,-0.5040909235943616
0.3483483483483483,0.2336014016644684,0.2416482661637034,0.9,0.034,-0.23481410237144473,-0.2190127305593279,0.34838420996536357,0.16861113161519325,-0.5013681843483511
0.34934934934934936,0.23336635251294546,0.24142902705753314,0.9,0.034,-0.2348402888276837,-0.21913245535010617,0.3493851558793953,0.16811065147839735,-0.49885432367324256
0.35035035035035034,0.2331312509360846,0.24120956254938886,0.9,0.034,-0.23487523115845477,-0.2192828550763153,0.350386101793427,0.16761247922123768,-0.49655646674624165
0.35135135135135137,0.23289613182994556,0.24099002234266567,0.9,0.034,-0.23488437229318038,-0.21935447758552584,0.35138704770745866,0.16711659914544602,-0.49430409644917006
0.35235235235235235,0.23266101195251462,0.24077041444611447,0.9,0.034,-0.23488492177425258,-0.21940534292409097,0.35238799362149037,0.1666229358899778,-0.49231353291297353
0.3533533533533533,0.23242589174631345,0.24055077240688172,0.9,0.034,-0.23493958312576524,-0.21955545622819272,0.3533889395355221,0.1661310407070625,-0.49045637021177413
0.35435435435435436,0.23219066243674738,0.2403308639831952,0.9,0.034,-0.23502305756790065,-0.21972787393397653,0.3543898854495538,0.1656410952904292,-0.4884149336313328
0.35535535535535534,0.23195537511454586,0.2401108767633702,0.9,0.034,-0.23505716027230505,-0.21983427426690128,0.35539083136358546,0.16515328684272182,-0.48641868924401876
0.3563563563563564,0.23172007753129736,0.23989075532600426,0.9,0.034,-0.2350656174570247,-0.21993090198888865,0.35639177727761717,0.16466733769141428,-0.48459950494013526
0.35735735735735735,0.23148477327779501,0.2396705746572863,0.9,0.034,-0.23513785854356684,-0.22008893422750475,0.3573927231916489,0.16418317105389857,-0.4828164753030961
0.35835835835835833,0.23124933106774667,0.23945013683906233,0.9,0.034,-0.23526105002495967,-0.2202554277781843,0.3583936691056806,0.16370079133505064,-0.4811819583177197
0.35935935935935936,0.23101378018465196,0.23922962284992264,0.9,0.034,-0.23532818997669835,-0.2204022872336111,0.35939461501971226,0.1632198968237308,-0.4793861584261947
0.36036036036036034,0.2307782035602858,0.2390088910187748,0.9,0.034,-0.23535316438692178,-0.22054381466941209,0.360395560933744,0.16274111210201056,-0.4774814847632456
0.3613613613613614,0.23054260267837184,0.23878809369142534,0.9,0.034,-0.23544035371131145,-0.220708487625501,0.3613965068477757,0.16226403054133168,-0.47562086151916105
0.36236236236236236,0.23030685150080366,0.23856703218468966,0.9,0.034,-0.2355998311496279,-0.22088326318204565,0.36239745276180735,0.1617889705860789,-0.4736047699514643
0.36336336336336333,0.23007093134473897,0.23834588495632614,0.9,0.034,-0.23570647810592504,-0.22106947800078558,0.36339839867583906,0.16131592502263398,-0.47179670960261433
0.36436436436436437,0.22983496665975078,0.2381244506471506,0.9,0.034,-0.23575827496286195,-0.22124941041609247,0.3643993445898708,0.16084448460861822,-0.4699591211240346
0.36536536536536535,0.22959894280627474,0.23790294319373131,0.9,0.034,-0.23586122523559538,-0.22142652821530362,0.3654002905039025,0.16037511769853188,-0.46800682690397366
0.3663663663663664,0.2293627720146345,0.23768115429436726,0.9,0.034,-0.236049912908598,-0.2216223646930331,0.36640123641793415,0.15990758556636128,-0.4659496359073785
0.36736736736736736,0.2291263704080593,0.23745925477592741,0.9,0.034,-0.23619670221721378,-0.22184305130551252,0.36740218233196587,0.1594423369301198,-0.46353471068152885
0.3683683683683684,0.2288899057439294,0.23723702406152344,0.9,0.034,-0.23628623209698674,-0.2220501763542444,0.3684031282459976,0.15897963921702418,-0.4610250690972748
0.36936936936936937,0.22865332489835558,0.2370147098783213,0.9,0.034,-0.23640586787864493,-0.22224118072342947,0.3694040741600293,0.1585194146117616,-0.4584558130655836
0.37037037037037035,0.22841662072315133,0.23679209677278787,0.9,0.034,-0.2366007046469889,-0.22246089972315986,0.37040502007406095,0.15806186027132005,-0.45600919277909213
0.3713713713713714,0.22817964981397726,0.23656934271170837,0.9,0.034,-0.23677056787177264,-0.22272768526150344,0.37140596598809267,0.15760653353521537,-0.4535788861217469
0.37237237237237236,0.22794260557225687,0.236346195500993,0.9,0.034,-0.23689959073089994,-0.2229793233660189,0.3724069119021244,0.1571538444058108,-0.4512255510807677
0.3733733733733734,0.22770537635906055,0.2361229376599246,0.9,0.034,-0.23704257933454187,-0.22314998922712448,0.37340785781615604,0.1567032287918934,-0.4485912895195412
0.3743743743743744,0.22746804585386937,0.23589944877581356,0.9,0.034,-0.23724190324951167,-0.22337272376080364,0.37440880373018776,0.1562558131691812,-0.44551450041353746
0.37537537537537535,0.22723041759379625,0.23567574501976282,0.9,0.034,-0.2374315988615905,-0.22372910609222174,0.37540974964421947,0.1558113569542318,-0.44242960335172654
0.3763763763763764,0.22699270731760995,0.23545154265751084,0.9,0.034,-0.23761192856868263,-0.22402519421238765,0.3764106955582512,0.15537011696173803,-0.43941257405374756
0.37737737737737737,0.22675471803710218,0.2352272461324507,0.9,0.034,-0.23779104468532353,-0.22414965278403542,0.37741164147228284,0.15493170051308533,-0.4365565951009245
0.3783783783783784,0.22651664917009182,0.23500279460388918,0.9,0.034,-0.23798630058064418,-0.22441555962058146,0.37841258738631456,0.15449617788151832,-0.4337539240568731
0.3793793793793794,0.22627826898689063,0.23477796573280985,0.9,0.034,-0.2381858285095575,-0.22485405691519134,0.3794135333003463,0.15406337207712545,-0.4309487789551554
0.38038038038038036,0.2260398006645672,0.2345526363317867,0.9,0.034,-0.2384259677818079,-0.2251483329706616,0.380414479214378,0.15363346504261408,-0.4279640638943505
0.3813813813813814,0.22580093972206222,0.23432721831945522,0.9,0.034,-0.2386526151058206,-0.22523587591909688,0.38141542512840965,0.15320663431491055,-0.42492232128779506
0.38238238238238237,0.2255620176513423,0.23410171365727395,0.9,0.034,-0.23883530211014659,-0.2255855645160949,0.38241637104244136,0.15278281652006634,-0.4219399678522535
0.3833833833833834,0.225322790969089,0.23387559556767126,0.9,0.034,-0.23903496702421023,-0.22611117302010086,0.3834173169564731,0.15236195614133377,-0.41893119422293523
0.3843843843843844,0.22508346916881128,0.23364903863621267,0.9,0.034,-0.2393434410115134,-0.22635921950615057,0.38441826287050473,0.15194416158583063,-0.41565597398142984
0.38538538538538536,0.22484362492101792,0.23342242395704835,0.9,0.034,-0.23962801517045307,-0.226419043783892,0.38541920878453645,0.15152985784373463,-0.41250053213715887
0.3863863863863864,0.2246037334027043,0.23319574725726597,0.9,0.034,-0.2397896395032859,-0.22688838325530014,0.38642015469856816,0.15111838014147344,-0.40954775889029804
0.38738738738738737,0.22436356558267298,0.2329681929595402,0.9,0.034,-0.23998192850073963,-0.22749281836848922,0.3874211006125999,0.15070998753201045,-0.4063516590251339
0.3883883883883884,0.22412328910140153,0.23274030617945124,0.9,0.034,-0.2403672400573953,-0.22765889330884193,0.38842204652663154,0.15030490807595107,-0.4031408255086433
0.3893893893893894,0.22388234988686234,0.2325124193993623,0.9,0.034,-0.2407170365334821,-0.22774407711148115,0.38942299244066325,0.14990294320786596,-0.4003943269545829
0.39039039039039036,0.22364137311234553,0.23228436208112996,0.9,0.034,-0.24084910453704822,-0.22833612363935174,0.39042393835469497,0.14950336194481773,-0.3963507632594201
0.3913913913913914,0.22340016949739883,0.23205529002270694,0.9,0.034,-0.24103085179189065,-0.22896171000255094,0.3914248842687267,0.14910949185385022,-0.3926834377880226
0.3923923923923924,0.22315882886451385,0.231825980279323,0.9,0.034,-0.24150142047651002,-0.22908582061567984,0.39242583018275834,0.14871725217969406,-0.390102073467844
0.3933933933933934,0.22291668317011856,0.2315966597512041,0.9,0.034,-0.2419182815051073,-0.22921410807906284,0.39342677609679005,0.14832854970086437,-0.38667432303022053
0.3943943943943944,0.2226745079806197,0.23136709317606158,0.9,0.034,-0.24201236384945446,-0.22991915151420983,0.39442772201082177,0.1479431720122979,-0.383899190971178
0.39539539539539537,0.2224321739331827,0.2311363611495741,0.9,0.034,-0.2421872541017649,-0.23052326137214152,0.3954286679248535,0.147560025047659,-0.38107427133533633
0.3963963963963964,0.22218964861304863,0.23090558514528656,0.9,0.034,-0.24275160410294916,-0.2305875233565331,0.39642961383888514,0.14718030254262648,-0.37757887322474915
0.3973973973973974,0.22194618473577934,0.2306747244661776,0.9,0.034,-0.24322952880358173,-0.23094096117267782,0.39743055975291686,0.146804152986901,-0.3744176451123593
0.3983983983983984,0.2217027026094379,0.23044324087867463,0.9,0.034,-0.2432771999807386,-0.23168237851699303,0.39843150566694857,0.14643075891859328,-0.3717770736081576
0.3993993993993994,0.2214591432943764,0.23021089588055796,0.9,0.034,-0.24345835701076624,-0.2321923305827056,0.39943245158098023,0.1460598955013835,-0.36910098691515714
0.40040040040040037,0.22121529849129823,0.22997839136799855,0.9,0.034,-0.24412499727684178,-0.23235163227934663,0.40043339749501194,0.14569185866915768,-0.36602232183331296
0.4014014014014014,0.2209704045610895,0.2297457274475663,0.9,0.034,-0.24464903627850276,-0.2328615048123197,0.40143434340904366,0.1453271584064166,-0.3632541498516133
0.4024024024024024,0.22072551063088078,0.2295122021691751,0.9,0.034,-0.2446490362785454,-0.23351438712617778,0.4024352893230754,0.14496466315505963,-0.36106143585141126
0.4034034034034034,0.22048061670067204,0.22927823117704343,0.9,0.034,-0.24486328754292686,-0.23391358390703942,0.40343623523710703,0.14460435246855685,-0.3586899791853426
0.4044044044044044,0.22023529383900303,0.2290439067058977,0.9,0.034,-0.24562614346582734,-0.23419195141954674,0.40443718115113875,0.14424660461692027,-0.35538373832704906
0.40540540540540543,0.21998887266970943,0.22880937842144877,0.9,0.034,-0.24617711350239802,-0.23478698815047494,0.40543812706517046,0.1438929126669733,-0.3521598567984796
0.4064064064064064,0.21974244676492413,0.2285738626855764,0.9,0.034,-0.24618435784201154,-0.23542205630249669,0.4064390729792022,0.1435416186774234,-0.35006387126657046
0.4074074074074074,0.21949601109244815,0.22833806299341577,0.9,0.034,-0.24647112057648712,-0.23576943403612916,0.40744001889323384,0.14319212266378453,-0.3488296857074573
0.4084084084084084,0.21924901108809433,0.2281018518066252,0.9,0.034,-0.24722828483784554,-0.23618476986236203,0.40844096480726555,0.14284329938021972,-0.3482610493491194
0.4094094094094094,0.21900105957125124,0.2278652206113089,0.9,0.034,-0.24773432851867483,-0.2368034247069346,0.40944191072129726,0.14249494171505972,-0.3478196919084411
0.41041041041041043,0.21875304646643537,0.22762777087628103,0.9,0.034,-0.24780586904282131,-0.23740117893730428,0.4104428566353289,0.14214700198134872,-0.34739560356393895
0.4114114114114114,0.21850495172531964,0.22738994297579873,0.9,0.034,-0.2482349266673367,-0.23779903494363452,0.41144380254936064,0.1417994932951799,-0.34720211952112834
0.4124124124124124,0.21825607964628055,0.22715169673224975,0.9,0.034,-0.24902919317786143,-0.23835226402400167,0.41244474846339235,0.14145194089559307,-0.3465979309325462
0.4134134134134134,0.21800639478202063,0.22691276126604099,0.9,0.034,-0.24952199366251193,-0.23888899975304412,0.41344569437742407,0.14110564172962237,-0.34545344742851114
0.4144144144144144,0.21775653611542464,0.22667344047648788,0.9,0.034,-0.24967700269586146,-0.23949864828659884,0.4144466402914557,0.14076038046220962,-0.34444600920703294
0.41541541541541543,0.2175065409227697,0.22643328449269448,0.9,0.034,-0.2502000304973677,-0.24003904473238435,0.41544758620548744,0.14041609807858177,-0.3426099821824522
0.4164164164164164,0.21725563515346794,0.22619288182837496,0.9,0.034,-0.2509178186236909,-0.2405727454543154,0.41644853211951915,0.1400745123386656,-0.3408845279705872
0.4174174174174174,0.2170042029475471,0.22595165737466782,0.9,0.034,-0.2513436513108189,-0.24118913533081354,0.41744947803355087,0.1397336841277242,-0.34034147643893675
0.4184184184184184,0.2167524446603532,0.22571002069658158,0.9,0.034,-0.2515704153944114,-0.24178477907450713,0.41845042394758253,0.1393931855182315,-0.33976006232302325
0.4194194194194194,0.216500558472283,0.22546760376290703,0.9,0.034,-0.25218526394696994,-0.2424013972298127,0.41945136986161424,0.13905352123545742,-0.3393663067227948
0.42042042042042044,0.216247569257056,0.22522473261403947,0.9,0.034,-0.2528685592293982,-0.242855279242832,0.42045231577564596,0.13871381088208307,-0.3394556060346048
0.4214214214214214,0.21599431511046235,0.22498140700766608,0.9,0.034,-0.2532876363174097,-0.2435703995747076,0.42145326168967767,0.1383739678317464,-0.3397576479588338
0.4224224224224224,0.21574048690206618,0.2247371041864625,0.9,0.034,-0.25360961246573765,-0.2443127800214171,0.42245420760370933,0.13803365282311228,-0.339834021747464
0.42342342342342343,0.21548658815857902,0.22449229233294857,0.9,0.034,-0.25428012048067217,-0.24482710308367928,0.42345515351774105,0.13769365688071225,-0.3396422486534618
0.4244244244244244,0.2152314175917945,0.22424695983594456,0.9,0.034,-0.2549654876324894,-0.24533729315724884,0.42445609943177276,0.13735372578106783,-0.33964321277932186
0.42542542542542544,0.21497614674189738,0.22400112658088203,0.9,0.034,-0.2553810701714383,-0.24617084597090866,0.4254570453458044,0.13701372790859215,-0.3397454922387624
0.4264264264264264,0.21472014417803784,0.22375412530947622,0.9,0.034,-0.2558874732513914,-0.24692551620785252,0.42645799125983613,0.13667359205653368,-0.34000335328263986
0.4274274274274274,0.21446385950816088,0.22350678120308856,0.9,0.034,-0.2564762308638109,-0.2472640303559075,0.42745893717386785,0.1363330779741415,-0.3403509492867869
0.42842842842842843,0.2142066782503826,0.22325910222568066,0.9,0.034,-0.25711573061234105,-0.2480541466913877,0.42845988308789956,0.13599224627248283,-0.34036362497631956
0.4294294294294294,0.21394911330072874,0.22301017630480746,0.9,0.034,-0.2576382843686815,-0.2490343261046064,0.4294608290019312,0.13565170681473135,-0.3405588615335944
0.43043043043043044,0.21369088588928414,0.22276053500625206,0.9,0.034,-0.2582345311982266,-0.24952727549334952,0.43046177491596294,0.13531048427060416,-0.34096862370809333
0.4314314314314314,0.2134321272522838,0.22251062219971562,0.9,0.034,-0.25876334586763505,-0.24995697002968598,0.43146272082999465,0.13496912451330406,-0.34080487910546253
0.43243243243243246,0.21317284115281243,0.2222601206518383,0.9,0.034,-0.2594378688866783,-0.25102864897121435,0.43246366674402636,0.13462822976815877,-0.3404921246736734
0.43343343343343343,0.2129127321193775,0.22200806234191536,0.9,0.034,-0.2600757526638091,-0.25191328371322186,0.433464612658058,0.13428749611139992,-0.34036681935914714
0.4344344344344344,0.2126521689753073,0.22175578975351357,0.9,0.034,-0.2606691567575723,-0.25207282223904315,0.43446555857208974,0.13394685221393976,-0.34027182703734127
0.43543543543543545,0.2123908719456887,0.2215034120471425,0.9,0.034,-0.2611296005027981,-0.25304658955199955,0.43546650448612145,0.13360630872153365,-0.339920632565736
0.4364364364364364,0.21212938699231867,0.22124918997463067,0.9,0.034,-0.26195014178520637,-0.2542884427873986,0.4364674504001531,0.13326636787741628,-0.33950657851892174
0.43743743743743746,0.21186644723741005,0.22099432607559616,0.9,0.034,-0.2627588606119957,-0.2546090351354309,0.4374683963141848,0.13292665327642283,-0.33925456856903224
0.43843843843843844,0.21160334322732965,0.2207394621765617,0.9,0.034,-0.26317729789217026,-0.2551376700006358,0.43846934222821654,0.13258721692896475,-0.3388387376950135
0.4394394394394394,0.21133956576014848,0.22048353994946876,0.9,0.034,-0.2637793993860953,-0.25656762613108697,0.43947028814224826,0.13224833477639986,-0.3382944255662892
0.44044044044044045,0.21107525634167182,0.2202258132753984,0.9,0.034,-0.2646723698937876,-0.25750315884926067,0.4404712340562799,0.1319099880829442,-0.33780750756453415
0.44144144144144143,0.21080969114574646,0.2199680181099307,0.9,0.034,-0.2654442369861414,-0.25757001115748324,0.44147217997031163,0.13157208068754797,-0.337327172808628
0.44244244244244246,0.2105438364478057,0.21971015759740545,0.9,0.034,-0.26574294787124586,-0.2588626909781482,0.44247312588434334,0.1312346955723149,-0.33658335735646006
0.44344344344344344,0.2102776732320903,0.2194497744843488,0.9,0.034,-0.26659369315633796,-0.2602207508792418,0.44347407179837506,0.13089827721499395,-0.3357729873405191
0.4444444444444444,0.2100101153403856,0.21918919513318275,0.9,0.034,-0.26762618233253477,-0.26042883369439096,0.4444750177124067,0.13056251437287347,-0.33510633680811
0.44544544544544545,0.2097418850792724,0.21892839543791362,0.9,0.034,-0.268142771448467,-0.26129855808160585,0.44547596362643843,0.13022743057780553,-0.33405590862781764
0.44644644644644643,0.20947329297512338,0.21866607489678308,0.9,0.034,-0.2684504886085648,-0.2625549476200888,0.44647690954047015,0.12989377057927512,-0.33301824467484664
0.44744744744744747,0.2092044466636397,0.2184027599071427,0.9,0.034,-0.2696550880906301,-0.26322515368163124,0.44747785545450186,0.12956076407519493,-0.3323252307439333
0.44844844844844844,0.2089334429489159,0.2181390976121351,0.9,0.034,-0.27076500841218376,-0.2638537084880994,0.4484788013685335,0.12922849141558956,-0.3311502436739744
0.4494494494494494,0.20866237457472642,0.21787452425451387,0.9,0.034,-0.2708693515979519,-0.2650584821669071,0.44947974728256523,0.1288978371085228,-0.32969591137469934
0.45045045045045046,0.20839116196473584,0.21760845000018939,0.9,0.034,-0.27165381867074245,-0.26607215027955533,0.45048069319659695,0.1285684758648626,-0.3286075224581708
0.45145145145145144,0.20811852308589607,0.21734184727697717,0.9,0.034,-0.2729883511936322,-0.26659416162961236,0.4514816391106286,0.12824000039467362,-0.3276150480071536
0.45245245245245247,0.20784463873912298,0.2170747279548849,0.9,0.034,-0.2736104624262907,-0.2677346152494948,0.4524825850246603,0.1279126259775065,-0.3257127011316783
0.45345345345345345,0.2075707543923499,0.2168058420412424,0.9,0.034,-0.2736372949494523,-0.26890508054582085,0.45348353093869204,0.12758795879998164,-0.3236294899134222
0.4544544544544544,0.20729681632681177,0.21653637944528367,0.9,0.034,-0.2752073509816739,-0.26953481922861044,0.45448447685272375,0.12726475474632848,-0.3220621962483392
0.45545545545545546,0.20701978872471896,0.21626623279353752,0.9,0.034,-0.2767520041954583,-0.2705746422641795,0.4554854227667554,0.12694322512118394,-0.3202256149367102
0.45645645645645644,0.20674275826035435,0.21599468846977976,0.9,0.034,-0.2767571346818869,-0.2716757278981987,0.4564863686807871,0.1266236977046501,-0.31849581473553457
0.4574574574574575,0.20646572038701752,0.21572233744239,0.9,0.034,-0.2775457903990457,-0.2724944106371936,0.45748731459481884,0.12630563095239247,-0.3165763824382992
0.45845845845845845,0.2061871110323282,0.21544915411414972,0.9,0.034,-0.2789985733669482,-0.2735578723118124,0.45848826050885055,0.12598994603168898,-0.31372500301021233
0.45945945945945943,0.2059071646845812,0.21517467403435836,0.9,0.034,-0.27977070863497033,-0.27456779636472106,0.4594892064228822,0.12567758743260718,-0.3111069305309968
0.46046046046046046,0.20562700951353952,0.2148994688361423,0.9,0.034,-0.2800344003025117,-0.2756003151703652,0.4604901523369139,0.12536714360980508,-0.30855984960254546
0.46146146146146144,0.2053465352545461,0.21462292165163488,0.9,0.034,-0.28140492891087376,-0.276715029999437,0.46149109825094564,0.12505988399121937,-0.30547941027683834
0.4624624624624625,0.20506363628248672,0.21434548479209942,0.9,0.034,-0.2827166744326206,-0.27760037595906795,0.4624920441649773,0.12475560687473028,-0.30302283421056586
0.46346346346346345,0.2047805359063326,0.2140671651432083,0.9,0.034,-0.2829688465600526,-0.27876924771462086,0.463492990079009,0.12445326505569662,-0.2995188493233556
0.46446446446446443,0.20449713208516931,0.21378738820007817,0.9,0.034,-0.28400369295950156,-0.2798988314890778,0.46449393599304073,0.12415600253791889,-0.2955727677398414
0.46546546546546547,0.20421195994445174,0.21350680712220918,0.9,0.034,-0.2852721212357494,-0.28077650434913437,0.46549488190707244,0.12386156034736015,-0.29229077479136123
0.46646646646646645,0.20392601672733995,0.21322527307625602,0.9,0.034,-0.2860384031660175,-0.28201256368241445,0.4664958278211041,0.12357086802444577,-0.28750840193058025
0.4674674674674675,0.20363931048866396,0.2129422174051273,0.9,0.034,-0.28681190661022526,-0.28319642700473935,0.4674967737351358,0.12328599962703575,-0.2834345003413645
0.46846846846846846,0.20335181871610825,0.21265831326243267,0.9,0.034,-0.287981059942382,-0.2840123386765754,0.46849771964916753,0.12300346281442115,-0.27828223224652504
0.4694694694694695,0.20306277183012067,0.21237362413450359,0.9,0.034,-0.28911204687049974,-0.2853342363973468,0.46949866556319925,0.12272890870040619,-0.2727525649291991
0.47047047047047047,0.20277301581947058,0.21208707354992543,0.9,0.034,-0.2896511905102841,-0.2866529995487639,0.4704996114772309,0.12245744168360607,-0.2678981097083053
0.47147147147147145,0.20248288956683683,0.21179974425552708,0.9,0.034,-0.29089367605342886,-0.28731035227937696,0.4715005573912626,0.1221926056638275,-0.2611927820782327
0.4724724724724725,0.20219064609764192,0.21151187764946625,0.9,0.034,-0.2921962428116558,-0.2887710102041581,0.47250150330529433,0.12193456198761451,-0.2543961987022314
0.47347347347347346,0.20189791210375038,0.21122162411497822,0.9,0.034,-0.2928740000432839,-0.29027610802219783,0.47350244921932605,0.12168333199255511,-0.2466655428205371
0.4744744744744745,0.20160431176322097,0.2109307443000725,0.9,0.034,-0.2939978527947744,-0.2907766056536616,0.4745033951333577,0.12144076425317728,-0.2392344007755156
0.4754754754754755,0.2013093278138709,0.2106394887683242,0.9,0.034,-0.2950323634611607,-0.29237155552193883,0.4755043410473894,0.12120441060065096,-0.23106617244155103
0.47647647647647645,0.20101365638091634,0.21034541586058914,0.9,0.034,-0.2961322138390159,-0.29404541874686174,0.47650528696142114,0.12097819477082464,-0.22176906171859656
0.4774774774774775,0.20071647052890793,0.2100508092513135,0.9,0.034,-0.29728498315537877,-0.29449358145832605,0.4775062328754528,0.12076045292827922,-0.21461546602343162
0.47847847847847846,0.20041849124947408,0.2097558391209328,0.9,0.034,-0.2981262977466912,-0.2961780612274225,0.4785071787894845,0.1205485578232163,-0.2058434839971639
0.4794794794794795,0.20011962108396963,0.20945786017978715,0.9,0.034,-0.2994252717664949,-0.29789822924928444,0.4795081247035162,0.1203483765398052,-0.199992108069857
0.4804804804804805,0.19981904125594752,0.20915944626958285,0.9,0.034,-0.3006043620090395,-0.2983556601627697,0.48050907061754794,0.12014819525639409,-0.19784874247925188
0.48148148148148145,0.199517810549417,0.20886055155083266,0.9,0.034,-0.30146095549308427,-0.3000674667730294,0.4815100165315796,0.11995230475904338,-0.1955370230822453
0.4824824824824825,0.19921551581952496,0.20855871060036762,0.9,0.034,-0.3027642911187911,-0.30172738800763454,0.4825109624456113,0.11975675128780189,-0.19098109288105292
0.48348348348348347,0.19891167583246244,0.2082564927159825,0.9,0.034,-0.3039732447713277,-0.3022996253034904,0.48351190835964303,0.11956998126989017,-0.1815346233039179
0.4844844844844845,0.19860696077493775,0.2079535061453056,0.9,0.034,-0.3049469039659414,-0.3039824024956772,0.48451285427367474,0.1193933386088992,-0.17647573012159512
0.4854854854854855,0.19830117152021828,0.20764791933761276,0.9,0.034,-0.30616145033582143,-0.3054795453209067,0.4855138001877064,0.11921669594790825,-0.17817293417803626
0.48648648648648646,0.19799402493842963,0.2073419354840025,0.9,0.034,-0.307490910203839,-0.3062787780921781,0.4865147461017381,0.1190366556679861,-0.18047232213171327
0.4874874874874875,0.1976855741023928,0.20703474861070154,0.9,0.034,-0.30856847318740677,-0.30797464554714793,0.48751569201576983,0.11885540988104114,-0.1812492634432985
0.48848848848848847,0.1973762702373537,0.20672536962705124,0.9,0.034,-0.3096067845882402,-0.3093109206006517,0.4885166379298015,0.11867381424865646,-0.18340684772034876
0.4894894894894895,0.19706574069981378,0.20641550752841797,0.9,0.034,-0.31113331822798784,-0.31038269402384344,0.4895175838438332,0.1184882492113789,-0.18538967458304256
0.4904904904904905,0.19675338071137172,0.2061039828522287,0.9,0.034,-0.3123159409099827,-0.31203414934108764,0.4905185297578649,0.11830268417410134,-0.1856234555600338
0.49149149149149146,0.19644048356085486,0.20579081453674414,0.9,0.034,-0.313171110140928,-0.31323557454487627,0.49151947567189663,0.11811665113259638,-0.1861047538479852
0.4924924924924925,0.1961264115219004,0.20547688460489164,0.9,0.034,-0.3149509605840848,-0.3145532918828877,0.4925204215859283,0.11793012258820931,-0.18635227115893827
0.4934934934934935,0.19580995110723304,0.20516107821665824,0.9,0.034,-0.31627439321162854,-0.31612166695839505,0.49352136749996,0.11774359404382224,-0.18436069248351572
0.4944944944944945,0.19549322955350878,0.20484400839476474,0.9,0.034,-0.3169627342528827,-0.31729840836116807,0.4945223134139917,0.11756105242451044,-0.18215729894802735
0.4954954954954955,0.19517539107869872,0.2045258461678871,0.9,0.034,-0.3189394112079924,-0.31874124041287644,0.49552325932802344,0.11737893483563608,-0.18053518358593124
0.4964964964964965,0.19485471221375306,0.2042058877933376,0.9,0.034,-0.3203626936722088,-0.3202606390350411,0.4965242052420551,0.11719964051581185,-0.17509995614902607
0.4974974974974975,0.19453402432460018,0.20388468372737648,0.9,0.034,-0.32091065090988025,-0.32150134036960765,0.4975251511560868,0.11702840366432708,-0.1710750292141583
0.4984984984984985,0.19421224844816773,0.20356224146627133,0.9,0.034,-0.3229508399425498,-0.32293045161638645,0.4985260970701185,0.11685716681284232,-0.16684706943912886
0.4994994994994995,0.193887476096487,0.20323817631673308,0.9,0.034,-0.3244475793290462,-0.3244277750562219,0.49952704298415024,0.11669439387948057,-0.15738958515954238
0.5005005005005005,0.19356270374480625,0.2029127364111037,0.9,0.034,-0.3250219825495293,-0.3258165873113086,0.500527988898182,0.11654208988848913,-0.15216006065499954
0.5015015015015015,0.19323678143672815,0.20258589085665032,0.9,0.034,-0.32693558738047557,-0.3271879693556059,0.5015289348122136,0.11638978589749771,-0.14948999479208425
0.5025025025025025,0.19290817804434485,0.20225770544142282,0.9,0.034,-0.32840318377390076,-0.32863303807266675,0.5025298807262453,0.11624282708953763,-0.1401217529833474
0.5035035035035035,0.19257931760534897,0.20192796685650485,0.9,0.034,-0.3292125388739606,-0.3300243911332359,0.503530826640277,0.11610927730526642,-0.13342357703753294
0.5045045045045045,0.19224909388243502,0.2015969959496646,0.9,0.034,-0.3310077170854271,-0.3315451883204332,0.5045317725543087,0.1159757275209952,-0.13342357703753294
0.5055055055055055,0.19191663949306584,0.2012642127257332,0.9,0.034,-0.332413465426157,-0.3330445524945702,0.5055327184683404,0.115842177736724,-0.12863499987025762
0.5065065065065065,0.19158360145915937,0.20093024008881458,0.9,0.034,-0.3335007442680933,-0.33414796925812595,0.5065336643823721,0.115718214165952,-0.12158193407039164
0.5075075075075075,0.191248970335372,0.20059524782231355,0.9,0.034,-0.3351665200999321,-0.33583869725468674,0.5075346102964038,0.11559878385646834,-0.11931744543780098
0.5085085085085085,0.19091259741491529,0.20025789034456096,0.9,0.034,-0.3364955658932587,-0.33741617639486776,0.5085355562104356,0.11547935354698466,-0.11931744543780098
0.5095095095095095,0.1905753055387889,0.19991973996166318,0.9,0.034,-0.3378572501792547,-0.3387401678434543,0.5095365021244672,0.115359923237501,-0.11385695428585763
0.5105105105105106,0.19023620652366552,0.19957973185037986,0.9,0.034,-0.33945136675937704,-0.3404500507015058,0.5105374480384989,0.11525142424063162,-0.10541118177953734
0.5115115115115115,0.18989572322295428,0.19923815827857705,0.9,0.034,-0.34065786789329877,-0.34163729074172977,0.5115383939525306,0.11514890145411004,-0.10242590042514621
0.5125125125125125,0.1895542087901454,0.19889577331035638,0.9,0.034,-0.3422049027385583,-0.34324299329271923,0.5125393398665623,0.11504637866758848,-0.10242590042515332
0.5135135135135135,0.1892106283225768,0.19855098511883187,0.9,0.034,-0.34382616944326116,-0.3447229706506647,0.513540285780594,0.1149438558810669,-0.10242590042515332
0.5145145145145145,0.18886586811057934,0.1982056372329777,0.9,0.034,-0.34490724737689504,-0.34588003627935393,0.5145412316946257,0.11484133309454532,-0.0990489583750005
0.5155155155155156,0.18852012332282322,0.1978585325937481,0.9,0.034,-0.3465395435935079,-0.3475853739435024,0.5155421776086574,0.11474557058071777,-0.09549103513280954
0.5165165165165165,0.18817209525053225,0.19750977061847616,0.9,0.034,-0.3482772729374375,-0.3486678869480073,0.516543123522689,0.11465017037165964,-0.0953100539407572
0.5175175175175175,0.1878228715251507,0.1971604987860444,0.9,0.034,-0.34948099509878716,-0.35021879365717723,0.5175440694367208,0.1145547701626015,-0.0953100539407501
0.5185185185185185,0.18747243359868282,0.19680863189243578,0.9,0.034,-0.3508320755744023,-0.3517297864897415,0.5185450153507525,0.11445936995354337,-0.0953100539407501
0.5195195195195195,0.18712050500748426,0.19645633504932825,0.9,0.034,-0.35255610113947,-0.3528272751096182,0.5195459612647843,0.11436396974448523,-0.0938294640752062
0.5205205205205206,0.1867666155783836,0.1961022709813054,0.9,0.034,-0.35409606376308034,-0.354459506631045,0.5205469071788159,0.11427153351617965,-0.09218623099223322
0.5215215215215215,0.1864116039789295,0.1957467064074242,0.9,0.034,-0.3552542907283396,-0.3554677346290731,0.5215478530928476,0.11417942288200193,-0.09202358777479702
0.5225225225225225,0.18605539577712568,0.1953906238649309,0.9,0.034,-0.3569292707708911,-0.35694782572328165,0.5225487990068793,0.11408731224782422,-0.09202358777478992
0.5235235235235235,0.18569703086427308,0.19503209614571596,0.9,0.034,-0.3585353328335543,-0.3583943875060811,0.523549744920911,0.1139952016136465,-0.09202358777478992
0.5245245245245245,0.18533760732300447,0.19467311758363745,0.9,0.034,-0.359864500293682,-0.35947464768440796,0.5245506908349427,0.1139030909794688,-0.09221494763806248
0.5255255255255256,0.18497658141423567,0.1943124271813828,0.9,0.034,-0.3614930866049946,-0.36089026326632734,0.5255516367489744,0.11381059726354457,-0.09249944378676389
0.5265265265265265,0.18461389743991133,0.1939506145540752,0.9,0.034,-0.36276016592158555,-0.3619597437411244,0.5265525826630061,0.11371791709885166,-0.09259258007219273
0.5275275275275275,0.1842503348358141,0.19358778304976898,0.9,0.034,-0.3645620042398008,-0.3632353217766564,0.5275535285770377,0.11362523693415875,-0.09259258007219273
0.5285285285285285,0.18388404357756938,0.1932234167126805,0.9,0.034,-0.36638523501480336,-0.36438816465138757,0.5285544744910695,0.11353255676946583,-0.09259258007219273
0.5295295295295295,0.1835168308618105,0.19285827721463106,0.9,0.034,-0.36733445292645683,-0.36557412117402066,0.5295554204051012,0.11343987660477292,-0.09283243105800665
0.5305305305305306,0.1831486392674063,0.19249153659020996,0.9,0.034,-0.3691673523506296,-0.36684728073574036,0.5305563663191329,0.11334671628435156,-0.09333593763070525
0.5315315315315315,0.18277775708333072,0.19212384822416909,0.9,0.034,-0.3706598703483053,-0.36786131899943086,0.5315573122331646,0.11325302815396537,-0.09359959321761124
0.5325325325325325,0.1824065774649072,0.19175507749311402,0.9,0.034,-0.37190010785185734,-0.36894969532443156,0.5325582581471963,0.11315934002357918,-0.09359959321761124
0.5335335335335335,0.18203321232286654,0.19138521019549157,0.9,0.034,-0.3737079435903041,-0.3700014317214766,0.533559204061228,0.11306565189319298,-0.09359959321760414
0.5345345345345345,0.1816584134136754,0.191014333886064,0.9,0.034,-0.37449622793819515,-0.37099126908343294,0.5345601499752597,0.11297196376280678,-0.09343411455228079
0.5355355355355356,0.18128347012479207,0.1906424849320613,0.9,0.034,-0.3763892255707191,-0.37199654449983655,0.5355610958892913,0.11287860690280843,-0.09294161904387721
0.5365365365365365,0.18090488143055078,0.19026959605923746,0.9,0.034,-0.378210105547069,-0.37294599177587884,0.5365620418033231,0.11278590469515588,-0.09261460220077566
0.5375375375375375,0.18052629273630946,0.18989584630988737,0.9,0.034,-0.3790457123853628,-0.37395379651783855,0.5375629877173548,0.11269320248750335,-0.09261460220076856
0.5385385385385385,0.18014603115550504,0.1895209398099525,0.9,0.034,-0.38078633634084724,-0.3748938640034538,0.5385639336313864,0.11260050027985083,-0.09261460220077566
0.5395395395395395,0.1797639577286201,0.1891453080436142,0.9,0.034,-0.38178791173842797,-0.37566880547389303,0.5395648795454182,0.11250779807219828,-0.09233287496947185
0.5405405405405406,0.17938169099186452,0.18876885010930403,0.9,0.034,-0.3833469794751778,-0.37652173041034587,0.5405658254594499,0.11241565985198783,-0.09033438234160229
0.5415415415415415,0.17899649630824935,0.1883915107855354,0.9,0.034,-0.3850425118160672,-0.3772181701370698,0.5415667713734816,0.11232695841039549,-0.08861761694501524
0.5425425425425425,0.1786108351123529,0.1880136585774981,0.9,0.034,-0.385965037786292,-0.3779434101641641,0.5425677172875133,0.11223825696880314,-0.08861761694501524
0.5435435435435435,0.17822379352989845,0.18763486732174328,0.9,0.034,-0.38743830567034365,-0.3785521050050136,0.543568663201545,0.11214955552721081,-0.08861761694501524
0.5445445445445445,0.1778351828487486,0.18725579650541602,0.9,0.034,-0.38851084332284813,-0.37918839091800294,0.5445696091155767,0.11206085408561847,-0.08861761694502235
0.5455455455455456,0.1774459940437666,0.18687573140398953,0.9,0.034,-0.3899153107354323,-0.3798094305625739,0.5455705550296084,0.11197215264402613,-0.08803858951097254
0.5465465465465466,0.17705457161604501,0.18649541726505045,0.9,0.034,-0.39140439987765774,-0.3802318152699513,0.54657150094364,0.11188461035272224,-0.08722491916444852
0.5475475475475475,0.17666240165161917,0.18611450654859424,0.9,0.034,-0.39239539880036034,-0.3807497468594505,0.5475724468576718,0.11179753779114733,-0.0869902762519672
0.5485485485485485,0.17626899524207032,0.1857331555095761,0.9,0.034,-0.3936286217450089,-0.3810921429501519,0.5485733927717035,0.11171046522957244,-0.08699027625197431
0.5495495495495496,0.17587435636284038,0.1853515593154608,0.9,0.034,-0.39470587098719534,-0.3814934528581233,0.5495743386857352,0.11162339266799753,-0.0869902762519672
0.5505505505505506,0.17547879329815197,0.1849694048532034,0.9,0.034,-0.39586422249749376,-0.3817839580126332,0.5505752845997669,0.11153632010642264,-0.08723782559319915
0.5515515515515516,0.17508183539687944,0.18458722706718728,0.9,0.034,-0.3971197502388577,-0.38202399078448934,0.5515762305137986,0.1114487519778445,-0.08860769077926989
0.5525525525525525,0.17468375876313927,0.1842045920588401,0.9,0.034,-0.3981634923702444,-0.3822723118046554,0.5525771764278303,0.11135893709434805,-0.08973000662411579
0.5535535535535535,0.17428471128803014,0.18382191713364443,0.9,0.034,-0.39916624679703716,-0.3823558728329459,0.553578122341862,0.11126912221085161,-0.08973000662410868
0.5545545545545546,0.17388462713791997,0.18343911483595132,0.9,0.034,-0.4001766831832896,-0.3824532198463402,0.5545790682558936,0.11117930732735518,-0.08973000662410868
0.5555555555555556,0.17348355676714264,0.1830562450218399,0.9,0.034,-0.4010771230165915,-0.38247250199034966,0.5555800141699254,0.11108949244385873,-0.08973000662410868
0.5565565565565566,0.17308166993468357,0.18267340412125593,0.9,0.034,-0.40217903782031783,-0.38243359073034355,0.5565809600839571,0.11099967756036229,-0.09274958498286878
0.5575575575575575,0.17267839352826317,0.18229061220756496,0.9,0.034,-0.40316390890438925,-0.3823679488211269,0.5575819059979887,0.11090381780762526,-0.0964379665538786
0.5585585585585585,0.17227453498192205,0.18190790272221466,0.9,0.034,-0.40397926594674516,-0.38220181610523696,0.5585828519120205,0.11080661918320302,-0.09710676976613541
0.5595595595595596,0.17186962622907048,0.1815254434065535,0.9,0.034,-0.4048366120067186,-0.3820024206686554,0.5595837978260522,0.11070942055878079,-0.09710676976614252
0.5605605605605606,0.17146405127420086,0.18114313311126634,0.9,0.034,-0.4054836316759207,-0.38174987712561403,0.5605847437400839,0.11061222193435855,-0.09710676976613541
0.5615615615615616,0.17105784718667627,0.180761179388284,0.9,0.034,-0.406278319070708,-0.3814384380566054,0.5615856896541156,0.11051502330993632,-0.09972593230857285
0.5625625625625625,0.17065068126605132,0.1803794925946365,0.9,0.034,-0.40686780919482146,-0.3810616864781906,0.5625866355681473,0.11041258140542401,-0.10275749304867787
0.5635635635635635,0.17024329701811808,0.17999829312906843,0.9,0.034,-0.4075576505839109,-0.3805890255577822,0.563587581482179,0.1103093139243299,-0.10316989124632414
0.5645645645645646,0.16983475003365112,0.17961755260352985,0.9,0.034,-0.40821638391801685,-0.38010604273452486,0.5645885273962107,0.11020604644323578,-0.10316989124633125
0.5655655655655656,0.16942604700026415,0.1792373200705408,0.9,0.034,-0.4086210845189555,-0.37953134083983286,0.5655894733102423,0.11010277896214168,-0.10322748760123801
0.5665665665665666,0.16901668980438397,0.17885773009934602,0.9,0.034,-0.40917443132860853,-0.37888784650228047,0.5665904192242741,0.10999939617937536,-0.10351484150908163
0.5675675675675675,0.16860687896957624,0.178478785843309,0.9,0.034,-0.40950520008156843,-0.3782510016802121,0.5675913651383058,0.10989555344684136,-0.1037445990620327
0.5685685685685685,0.16819685957399044,0.178100470836723,0.9,0.034,-0.4099387842537823,-0.3775175283430485,0.5685923110523374,0.10979171071430738,-0.1037445990620327
0.5695695695695696,0.1677861807028019,0.17772299499577535,0.9,0.034,-0.4102681923173179,-0.3767564087637396,0.5695932569663692,0.10968786798177337,-0.1037445990620327
0.5705705705705706,0.16737550183161337,0.17734620375211088,0.9,0.034,-0.4104982422253016,-0.37589296742800116,0.5705942028804009,0.10958402524923938,-0.10288237738173933
0.5715715715715716,0.16696436240004855,0.17697045652244603,0.9,0.034,-0.4107694412989247,-0.37500321365372713,0.5715951487944326,0.10948190859124114,-0.10135020131878747
0.5725725725725725,0.1665531405877717,0.17659544656761894,0.9,0.034,-0.4108680261933131,-0.3741598845544587,0.5725960947084643,0.10938113310944671,-0.1006802469361574
0.5735735735735735,0.16614180378905097,0.1762213876844992,0.9,0.034,-0.41097506281418816,-0.37310651549408647,0.573597040622496,0.10928035762765226,-0.1006802469361574
0.5745745745745746,0.1657303676892448,0.1758484865766398,0.9,0.034,-0.4110253820781793,-0.37220117733863844,0.5745979865365277,0.10917958214585781,-0.10068024693614319
0.5755755755755756,0.1653189301512568,0.1754762401823197,0.9,0.034,-0.41099107183745787,-0.3710498530732451,0.5755989324505594,0.10907880666406337,-0.10110054378404953
0.5765765765765766,0.16490756274062127,0.1751056440279446,0.9,0.034,-0.4109445827515259,-0.37000274737341954,0.576599878364591,0.10897718979344377,-0.10163670894664989
0.5775775775775776,0.1644962182738764,0.17473549394133187,0.9,0.034,-0.41079559464739646,-0.3688386566828683,0.5776008242786228,0.10887534096699182,-0.10175257726135101
0.5785785785785785,0.1640851491377236,0.1743672282988498,0.9,0.034,-0.4105911895976817,-0.3675011948909912,0.5786017701926545,0.10877349214053988,-0.1017525772613368
0.5795795795795796,0.16367421389029746,0.17399975581342195,0.9,0.034,-0.4103743283135799,-0.36654211638827405,0.5796027161066861,0.10867164331408796,-0.10194767593139176
0.5805805805805806,0.1632635789108695,0.17363341024802237,0.9,0.034,-0.41005415414865354,-0.3649993620254435,0.5806036620207179,0.10856940392120278,-0.10546880945309312
0.5815815815815816,0.16285328465276264,0.17326902635991756,0.9,0.034,-0.40973280454315386,-0.3638034907958172,0.5816046079347496,0.10846050616632823,-0.10879484430475372
0.5825825825825826,0.16244329301588825,0.17290507493111384,0.9,0.034,-0.4093090372575432,-0.3624423995103001,0.5826055538487813,0.10835160841145366,-0.10879484430474662
0.5835835835835835,0.16203384714073554,0.17254341595048756,0.9,0.034,-0.40877601091078475,-0.36097956937450704,0.583606499762813,0.10824271065657912,-0.10879484430474662
0.5845845845845846,0.16162492262367445,0.17218239311054426,0.9,0.034,-0.40820721740155363,-0.35974082099130555,0.5846074456768446,0.10813381290170457,-0.11216009197637788
0.5855855855855856,0.16121661547426594,0.17182321410666107,0.9,0.034,-0.4075717994200545,-0.3580581576751882,0.5856083915908764,0.10801817828501678,-0.11747647774227232
0.5865865865865866,0.16080896306527595,0.1714655599620454,0.9,0.034,-0.4069275463440505,-0.35692380821163283,0.5866093375049081,0.10789863770092263,-0.11942761583656392
0.5875875875875876,0.16040194571181543,0.1711086519280592,0.9,0.034,-0.4062574783671238,-0.3552332657510817,0.5876102834189397,0.10777909711682848,-0.11942761583656392
0.5885885885885885,0.15999563478025672,0.17075438225283404,0.9,0.034,-0.4054737722050845,-0.35358682271615294,0.5886112293329715,0.10765955653273433,-0.12125987701129048
0.5895895895895896,0.15959018640810158,0.17040077040109997,0.9,0.034,-0.40471581313948946,-0.3521906570938995,0.5896121752470032,0.1075363479599676,-0.12429184028749063
0.5905905905905906,0.15918539291210954,0.17004929585224565,0.9,0.034,-0.4037357191235458,-0.3504105903691084,0.5906131211610348,0.10741073771336786,-0.12549154238895
0.5915915915915916,0.15878190669013653,0.16969924769765835,0.9,0.034,-0.40278558684195787,-0.34899684903948014,0.5916140670750666,0.10728512746676809,-0.12549154238895
0.5925925925925926,0.15837901536087443,0.16935060346177624,0.9,0.034,-0.4019241885345508,-0.34722593571169114,0.5926150129890982,0.10715951722016834,-0.12486306983032591
0.5935935935935935,0.15797725366003737,0.16900410067921653,0.9,0.034,-0.4008231956890711,-0.34546748807019867,0.59361595890313,0.10703516510764786,-0.12404719620639781
0.5945945945945946,0.15757656652065602,0.16865897685903308,0.9,0.034,-0.4000003664115468,-0.34382897513991395,0.5946169048171617,0.10691118815178856,-0.12385979514112222
0.5955955955955956,0.15717645212567988,0.1683157543826401,0.9,0.034,-0.3986747323073274,-0.34206455804887526,0.5956178507311933,0.10678721119592925,-0.12385979514112933
0.5965965965965966,0.15677841890842914,0.1679741629290053,0.9,0.034,-0.39749966141788207,-0.34052893430057907,0.5966187966452251,0.10666323424006993,-0.12095983210041794
0.5975975975975976,0.15638065700772616,0.16763401477443077,0.9,0.034,-0.3964002793418331,-0.33888885035906924,0.5976197425592568,0.10654506269652349,-0.11768595135838922
0.5985985985985985,0.15598482475559267,0.16729570677213032,0.9,0.034,-0.39497173554468645,-0.3369413963381902,0.5986206884732884,0.10642763969576773,-0.11731203365704346
0.5995995995995996,0.1555899228024315,0.16695945742440438,0.9,0.034,-0.39409147793681143,-0.33520760673475536,0.5996216343873202,0.10631021669501195,-0.11731203365702925
0.6006006006006006,0.15519585282779122,0.166624620472361,0.9,0.034,-0.3924205243609862,-0.3337037307967705,0.6006225803013518,0.1061927936942562,-0.1185652561257271
0.6016016016016016,0.15480429612703414,0.16629138188727374,0.9,0.034,-0.3911651440563304,-0.3319171645165113,0.6016235262153836,0.10607286187768161,-0.12016282721376115
0.6026026026026026,0.1544127394262771,0.16596012164450014,0.9,0.034,-0.38982312290588084,-0.330210688253203,0.6026244721294153,0.10595224071241996,-0.12050717583311865
0.6036036036036035,0.1540238694545499,0.16563029942830837,0.9,0.034,-0.3880487479875825,-0.3283747420712473,0.6036254180434469,0.1058316195471583,-0.12050717583312576
0.6046046046046046,0.15363586505593158,0.1653027147534666,0.9,0.034,-0.3870674305662618,-0.3265334811689513,0.6046263639574787,0.10571099838189664,-0.12268252210679975
0.6056056056056056,0.15324895968364644,0.1649765787452874,0.9,0.034,-0.385319410874402,-0.3252047274891652,0.6056273098715104,0.10558602240870649,-0.12542963824000708
0.6066066066066066,0.1528644548239508,0.1646516542379728,0.9,0.034,-0.3838781437025176,-0.3231708086730407,0.606628255785542,0.10545990181410703,-0.1260014080995262
0.6076076076076076,0.1524804348714292,0.1643295901393354,0.9,0.034,-0.38234284057621437,-0.32128035964709056,0.6076292016995738,0.10533378121950757,-0.1260014080995262
0.6086086086086087,0.15209900369166607,0.1640084503147554,0.9,0.034,-0.3804846656170895,-0.32000914592470053,0.6086301476136055,0.1052076606249081,-0.12786600248166735
0.6096096096096096,0.1517187038091327,0.16368893118853517,0.9,0.034,-0.3793116537943604,-0.31785381968479953,0.6096310935276371,0.10507780731405239,-0.1297816076432312
0.6106106106106106,0.1513396210013871,0.16337210633140245,0.9,0.034,-0.3775374123993771,-0.31629306150436776,0.6106320394416689,0.10494785188513418,-0.12983261842266103
0.6116116116116116,0.1509628731536785,0.16305571184618411,0.9,0.034,-0.3757650579973131,-0.31474611274866504,0.6116329853557005,0.10481789645621599,-0.13066357523049277
0.6126126126126126,0.1505873386029941,0.1627419839835573,0.9,0.034,-0.37406505068207707,-0.3124844103172677,0.6126339312697323,0.10468627754165472,-0.13376930800446019
0.6136136136136137,0.150213994173334,0.16243011743113453,0.9,0.034,-0.3721527551075212,-0.31144111996866286,0.613634877183764,0.10455010477167616,-0.13604408397061007
0.6146146146146146,0.14984228804221825,0.16211847823787426,0.9,0.034,-0.3706789593874191,-0.30950432750479706,0.6146358230977956,0.1044139320016976,-0.13604408397061718
0.6156156156156156,0.14947189415454037,0.16181048914784166,0.9,0.034,-0.368828141956854,-0.30715094284003897,0.6156367690118274,0.10427775923171902,-0.13823979601562542
0.6166166166166166,0.14910389336362598,0.1615035614353917,0.9,0.034,-0.3668157609609466,-0.30640334530173163,0.6166377149258591,0.10413719088374075,-0.14124375340981032
0.6176176176176176,0.1487375282667307,0.1611970690371275,0.9,0.034,-0.365217101093279,-0.3042936742673561,0.6176386608398907,0.10399500451600292,-0.142051998758987
0.6186186186186187,0.14837272799607187,0.16089436489031192,0.9,0.034,-0.3636222415597814,-0.30207660844789075,0.6186396067539225,0.10385281814826507,-0.14215068309795242
0.6196196196196196,0.14800955581115552,0.1605923110622568,0.9,0.034,-0.3617594521131622,-0.30139067207693415,0.6196405526679541,0.1037104342251555,-0.14243763905124496
0.6206206206206206,0.1476484848486982,0.16029098016142918,0.9,0.034,-0.35986095177271693,-0.2992191531437811,0.6206414985819858,0.10356767340263975,-0.14262591066556496
0.6216216216216216,0.14728911346526422,0.15999327371862562,0.9,0.034,-0.3581231208954847,-0.2971456547629856,0.6216424444960176,0.10342491258012401,-0.14262591066555075
0.6226226226226226,0.14693152164370224,0.1596960939657075,0.9,0.034,-0.3563622706147953,-0.29636220211170894,0.6226433904100492,0.10328215175760827,-0.13881137916148134
0.6236236236236237,0.1465756754860554,0.15939995599668025,0.9,0.034,-0.3547413969967863,-0.2941478264013142,0.623644336324081,0.10314702721453844,-0.13488086035280134
0.6246246246246246,0.14622132865672166,0.15910720942836748,0.9,0.034,-0.35268938243247305,-0.2920785410163944,0.6246452822381127,0.10301213486550582,-0.13476487304821916
0.6256256256256256,0.14586959063634075,0.15881521417282363,0.9,0.034,-0.3507275339609066,-0.2911387437918478,0.6256462281521443,0.10287724251647322,-0.13539554016271893
0.6266266266266266,0.14551917143157472,0.15852434908043586,0.9,0.034,-0.3496249304075718,-0.28918324474109625,0.6266471740661761,0.10274108764009786,-0.13697100884819946
0.6276276276276276,0.14516964082571499,0.15823626873790653,0.9,0.034,-0.34729578572495257,-0.2872966479343404,0.6276481199802078,0.1026030413731784,-0.13791581041919443
0.6286286286286287,0.1448238845732665,0.15794918061610283,0.9,0.034,-0.34510957518666885,-0.28623277717122164,0.6286490658942394,0.10246499510625895,-0.13791581041918732
0.6296296296296297,0.14447873076528117,0.15766323014497113,0.9,0.034,-0.34413526854253007,-0.28448033284853125,0.6296500118082712,0.10232694883933947,-0.14239403571414755
0.6306306306306306,0.14413492507668488,0.1573796504202099,0.9,0.034,-0.34180585264923025,-0.2827179255305481,0.6306509577223028,0.10217993764979783,-0.14730606333372975
0.6316316316316316,0.14379443476398143,0.15709722829205713,0.9,0.034,-0.3399218336166143,-0.281532027632565,0.6316519036363345,0.1020320580349275,-0.14773986565835884
0.6326326326326326,0.14345440088526024,0.15681602273726183,0.9,0.034,-0.33869563404793723,-0.2799720541449062,0.6326528495503663,0.10188417842005718,-0.14936233598483284
0.6336336336336337,0.14311636542654815,0.15653672367915442,0.9,0.034,-0.3362693852001968,-0.2782983804317496,0.6336537954643979,0.10173305079509899,-0.1518392203703698
0.6346346346346347,0.14278118890287742,0.1562588688224835,0.9,0.034,-0.33476984968166335,-0.2770219092251125,0.6346547413784297,0.10158021272561821,-0.15269363442941142
0.6356356356356356,0.14244615551727555,0.15598212526228733,0.9,0.034,-0.3333351780736109,-0.2755332106040953,0.6356556872924614,0.10142737465613745,-0.15327660938501708
0.6366366366366366,0.14211385120903638,0.15570725078323608,0.9,0.034,-0.3307379218195905,-0.2739576679776121,0.636656633206493,0.10127336953385709,-0.15443317338560547
0.6376376376376376,0.14178401753565478,0.15543366146253237,0.9,0.034,-0.32950383970825214,-0.2726621477910385,0.6376575791205248,0.10111821614835491,-0.15500676243057399
0.6386386386386387,0.14145418386227313,0.15516138061748824,0.9,0.034,-0.32796607788971244,-0.2711687106281886,0.6386585250345564,0.10096306276285275,-0.15582463281314318
0.6396396396396397,0.1411274287911308,0.1548907811609744,0.9,0.034,-0.3254050162133808,-0.2698460159420364,0.6396594709485881,0.10080627208931532,-0.15786883903619042
0.6406406406406406,0.14080272236835245,0.15462114835334004,0.9,0.034,-0.32426824948383626,-0.2683452930814241,0.6406604168626199,0.10064702642408034,-0.15909517487667557
0.6416416416416416,0.1404782431064785,0.15435355334699757,0.9,0.034,-0.3226636523245361,-0.2668590399076578,0.6416613627766515,0.10048778075884537,-0.16064481146447207
0.6426426426426426,0.14015674909042547,0.15408689602119258,0.9,0.034,-0.3202792136009407,-0.26587472044825233,0.6426623086906832,0.10032543288878884,-0.16476737419870346
0.6436436436436437,0.13983704347964976,0.15382127162437845,0.9,0.034,-0.31909878964162885,-0.26428445949636625,0.643663254604715,0.10015793429890553,-0.16734030034513125
0.6446446446446447,0.13951791267472646,0.1535577980041828,0.9,0.034,-0.31740243021039305,-0.2627911430141552,0.6446642005187466,0.09999043570902223,-0.16955592778379724
0.6456456456456456,0.13920160317892827,0.15329516322995573,0.9,0.034,-0.3150851050282739,-0.26199260630097854,0.6456651464327784,0.09981850167267545,-0.17398100136993122
0.6466466466466466,0.13888711166365886,0.15303328828185853,0.9,0.034,-0.31366512089745413,-0.2604604397574519,0.64666609234681,0.09964214456414147,-0.17619044751742763
0.6476476476476476,0.13857364497893337,0.152773720908119,0.9,0.034,-0.31207658683609907,-0.258783662401342,0.6476670382608417,0.0994657874556075,-0.1770252723622221
0.6486486486486487,0.13826233371203506,0.15251520287164563,0.9,0.034,-0.310135759524627,-0.25792067786765926,0.6486679841748735,0.09928775911803885,-0.17810956199333106
0.6496496496496497,0.13795275256747264,0.1522573631946702,0.9,0.034,-0.30853629164865026,-0.25691878166107074,0.6496689300889051,0.09910923137895308,-0.17836933036736013
0.6506506506506506,0.1376446434384642,0.15200085095640828,0.9,0.034,-0.3070595577231785,-0.25514665759115474,0.6506698760029368,0.0989306830131993,-0.17851172484510158
0.6516516516516516,0.137338018718177,0.1517465590753686,0.9,0.034,-0.30535999349275755,-0.25386560211077835,0.6516708219169686,0.09875187021577217,-0.17864381573512134
0.6526526526526526,0.1370333121201604,0.15149261151274307,0.9,0.034,-0.30361608163391907,-0.2535568394033163,0.6526717678310002,0.09857305741834507,-0.18015624678404407
0.6536536536536537,0.1367301787149059,0.15123893777526187,0.9,0.034,-0.3023046345768847,-0.25176809122969246,0.6536727137450319,0.09839121689756064,-0.18414586783492126
0.6546546546546547,0.13642809763652297,0.15098857129006096,0.9,0.034,-0.3006915611724139,-0.24992747376042246,0.6546736596590637,0.0982044173103547,-0.18662305783687572
0.6556556556556556,0.13612819360745362,0.15073858247243824,0.9,0.034,-0.29887623985504774,-0.24968269967311585,0.6556746055730953,0.09801761772314879,-0.1935586457702243
0.6566566566566566,0.13582974680598237,0.15048870602545014,0.9,0.034,-0.2977198273775059,-0.2487011275223665,0.6566755514871271,0.09781693383913627,-0.2022175611321657
0.6576576576576576,0.13553215791700818,0.1502406823172383,0.9,0.034,-0.2960807796126943,-0.24671768521983495,0.6576764974011587,0.0976128000400274,-0.2065897444411533
0.6586586586586587,0.13523699249244342,0.14999477672571074,0.9,0.034,-0.29434472595907835,-0.24565968593600473,0.6586774433151904,0.09740336351797783,-0.21258555199064233
0.6596596596596597,0.13494287918635933,0.1497488711341832,0.9,0.034,-0.2930638540232877,-0.24565918634580441,0.6596783892292222,0.09718722676073299,-0.21560123333511427
0.6606606606606606,0.13465027806997437,0.14950296654283626,0.9,0.034,-0.2915061261606411,-0.2437964732389304,0.6606793351432538,0.09697175317084387,-0.21405040325370095
0.6616616616616616,0.13435928333818992,0.14926079010667784,0.9,0.034,-0.29030190855993965,-0.24180210867859842,0.6616802810572855,0.09675872100766575,-0.21283084349689574
0.6626626626626626,0.1340690930678524,0.1490188782371734,0.9,0.034,-0.2886050427759841,-0.24160166610192846,0.6626812269713173,0.0965456888444876,-0.2173060192893388
0.6636636636636637,0.13378149546476453,0.14877710308745473,0.9,0.034,-0.28694683591355385,-0.24086624138428192,0.6636821728853489,0.09632369786346143,-0.22200209813760097
0.6646646646646647,0.13349462492788527,0.14853666353970735,0.9,0.034,-0.28610629451226544,-0.23914635468499057,0.6646831187993807,0.09610126465841301,-0.22409546349977205
0.6656656656656657,0.1332087100903656,0.1482983316066039,0.9,0.034,-0.2844263375388323,-0.2379304353305116,0.6656840647134123,0.09587508298637515,-0.22647211562367886
0.6666666666666666,0.13292520283071044,0.14806032633183847,0.9,0.034,-0.28278980023516453,-0.23765927688778277,0.666685010627444,0.09564789198086175,-0.23021426242078036
0.6676676676676676,0.13264256434414906,0.14782253725848024,0.9,0.034,-0.28174652931691924,-0.23648448745899486,0.6676859565414758,0.09541421893573133,-0.23506081118561895
0.6686686686686687,0.13236114571496085,0.14758688391450311,0.9,0.034,-0.28055251441659834,-0.23496238047549411,0.6686869024555074,0.09517732566385129,-0.24115966514762732
0.6696696696696697,0.1320808976486203,0.14735214210237313,0.9,0.034,-0.27879568037529623,-0.23425822864257384,0.6696878483695391,0.09493144337281381,-0.24822926036087978
0.6706706706706707,0.1318029962047,0.14711789847177525,0.9,0.034,-0.27735871143210034,-0.2338231083474085,0.6706887942835709,0.09468039753604862,-0.25265793229531397
0.6716716716716716,0.13152562495306055,0.1468840277713473,0.9,0.034,-0.27691722116485096,-0.23253180485065172,0.6716897401976025,0.09442564952285641,-0.2552378779048041
0.6726726726726726,0.13124860737353916,0.14665236933293513,0.9,0.034,-0.27510919564502956,-0.23126003113381444,0.6726906861116342,0.09416943891405878,-0.25850116793392885
0.6736736736736737,0.13097485579261006,0.14642104472603437,0.9,0.034,-0.27319021669278243,-0.2307077145901104,0.673691632025666,0.09390815814722463,-0.26153111857121303
0.6746746746746747,0.1307016800127928,0.1461904920264484,0.9,0.034,-0.27267388905691803,-0.2299671685068887,0.6746925779396976,0.09364588190500678,-0.2671903991106248
0.6756756756756757,0.13042896212082444,0.14596064999428884,0.9,0.034,-0.2717730979043296,-0.22888597927942556,0.6756935238537294,0.09337327187070808,-0.2736747710270606
0.6766766766766766,0.13015758972669808,0.14573226183770083,0.9,0.034,-0.2697540557722249,-0.22789675363749495,0.676694469767761,0.09309801461734057,-0.2793188265204023
0.6776776776776777,0.12988891396112026,0.14550440023725683,0.9,0.034,-0.26836642863275983,-0.22726084134789915,0.6776954156817927,0.09281410579447265,-0.28692429281638
0.6786786786786787,0.12962031959930514,0.14527728517834562,0.9,0.034,-0.26829118699512833,-0.22645530985013806,0.6786963615958245,0.09252362322027859,-0.2930278915614508
0.6796796796796797,0.12935179446763653,0.14505103625357288,0.9,0.034,-0.2666643580295869,-0.22551149551654248,0.6796973075098561,0.09222749565296111,-0.3014755803692424
0.6806806806806807,0.12908645702066734,0.14482581071284703,0.9,0.034,-0.26453266720004365,-0.22463294730857797,0.6806982534238878,0.09192010171957676,-0.30970293897422607
0.6816816816816816,0.12882219953830712,0.14460132064334552,0.9,0.034,-0.26399322487789334,-0.22394493420165418,0.6816991993379196,0.09160750387030138,-0.31610852657269817
0.6826826826826827,0.12855794205594684,0.14437747250623711,0.9,0.034,-0.26377614446180075,-0.22315715340012332,0.6827001452519512,0.0912872866434497,-0.3256002961923201
0.6836836836836837,0.1282941191690142,0.1441545595754774,0.9,0.034,-0.26164960079817945,-0.22236117569710245,0.6837010911659829,0.09095568729813898,-0.3352126406513989
0.6846846846846847,0.12803411903132586,0.14393230498732398,0.9,0.034,-0.2597167266137461,-0.22155866107526379,0.6847020370800146,0.09061622719746612,-0.3435518724484439
0.6856856856856857,0.1277741657623801,0.14371099869244386,0.9,0.034,-0.25962301165235857,-0.22079737941288613,0.6857029829940463,0.09026793361216855,-0.3543021005273985
0.6866866866866866,0.12751435324223206,0.1434902681917026,0.9,0.034,-0.2588057833776105,-0.22007866096019768,0.6867039289080781,0.08990695271775462,-0.36460352252755257
0.6876876876876877,0.12725603606592842,0.1432704007726036,0.9,0.034,-0.25692056859550405,-0.21942062745584678,0.6877048748221097,0.08953803679993749,-0.37307424112632503
0.6886886886886887,0.12699999774954834,0.14305098765625546,0.9,0.034,-0.2556527953304695,-0.21864543555444982,0.6887058207361414,0.08916009844318291,-0.3825067352717326
0.6896896896896897,0.12674421865785943,0.142832672172895,0.9,0.034,-0.25540150362093783,-0.21782163239970487,0.6897067666501732,0.0887722996924178,-0.3919383827754217
0.6906906906906907,0.12648868342798492,0.1426149083121119,0.9,0.034,-0.25426914945198575,-0.2171939891227339,0.6907077125642048,0.08837548019760039,-0.40081408488437376
0.6916916916916916,0.12623517131160922,0.1423978493718485,0.9,0.034,-0.2526667195425176,-0.21668753072013658,0.6917086584782365,0.08796991325131509,-0.4089478447742678
0.6926926926926927,0.12598284414962152,0.14218109944180132,0.9,0.034,-0.2517975130370971,-0.21590746720031007,0.6927096043922683,0.08755681084904263,-0.41700526779746383
0.6936936936936937,0.1257310721864098,0.14196560219026627,0.9,0.034,-0.2514134301370561,-0.21500817266380068,0.6937105503062999,0.08713511381345194,-0.4255124034898756
0.6946946946946947,0.12547951395915696,0.14175065264968162,0.9,0.034,-0.2501792145664581,-0.21448090664109998,0.6947114962203316,0.08670498104575666,-0.43332109868344304
0.6956956956956957,0.12523021289798847,0.1415362109857796,0.9,0.034,-0.24878316865126493,-0.21412007262391342,0.6957124421343633,0.0862676518470701,-0.4397620848000301
0.6966966966966966,0.12498144955745273,0.14132198383561975,0.9,0.034,-0.2480662519777752,-0.21335469412214536,0.696713388048395,0.08582462492190333,-0.4452568898318816
0.6976976976976977,0.12473358376489983,0.14110907446101054,0.9,0.034,-0.2475519205497534,-0.21238644824254038,0.6977143339624268,0.08537629571792672,-0.4523743117328607
0.6986986986986987,0.12448585011691266,0.14089678574104006,0.9,0.034,-0.2463728752466352,-0.2119210884277436,0.6987152798764584,0.08491902048401949,-0.46076091686628473
0.6996996996996997,0.1242403447754171,0.14068480801771174,0.9,0.034,-0.24517306567129538,-0.2116776452809006,0.6997162257904901,0.08445390220376114,-0.4668525813639235
0.7007007007007007,0.12399501314860177,0.14047300667140863,0.9,0.034,-0.24447578868412734,-0.2109927571780048,0.7007171717045219,0.08398443211647674,-0.4703855989280754
0.7017017017017017,0.12375090375703046,0.14026240009543348,0.9,0.034,-0.2438429165900189,-0.2099841592630014,0.7017181176185535,0.0835122411172283,-0.4729944940314681
0.7027027027027027,0.12350683914141453,0.1400526179641754,0.9,0.034,-0.24281497186916567,-0.20949887167394365,0.7027190635325852,0.0830375483041562,-0.4749188586701081
0.7037037037037037,0.12326478769723231,0.13984298293492506,0.9,0.034,-0.24179947459301587,-0.20935907340938797,0.703720009446617,0.08256150493506341,-0.4767032434746312
0.7047047047047047,0.12302275610919629,0.13963348068007253,0.9,0.034,-0.24105144329017492,-0.2088123197489864,0.7047209553606486,0.08208323997663301,-0.4791229802894108
0.7057057057057057,0.12278220222517992,0.1394249402527449,0.9,0.034,-0.24031333013235923,-0.20776042776080317,0.7057219012746803,0.0816023525561847,-0.4795257442192806
0.7067067067067067,0.12254164834116354,0.13921754388775862,0.9,0.034,-0.23947368888097742,-0.20717140389959354,0.706722847188712,0.08112328130793439,-0.4754219930513628
0.7077077077077077,0.1223027754206134,0.13901018268738036,0.9,0.034,-0.23863377683774445,-0.2071255698473493,0.7077237931027437,0.08065060915341354,-0.4675062993782362
0.7087087087087087,0.12206390304218906,0.13880287808225839,0.9,0.034,-0.23781363055409344,-0.2067903311831003,0.7087247390167755,0.08018738426764092,-0.4566046356939424
0.7097097097097097,0.12182667205614074,0.13859618803035714,0.9,0.034,-0.23698006524073634,-0.2056797773262815,0.7097256849308071,0.07973653606456196,-0.44502310504748266
0.7107107107107107,0.12158946847714255,0.13839110675627986,0.9,0.034,-0.2363208379413706,-0.20487619280321212,0.7107266308448388,0.079296496150347,-0.4337110964166868
0.7117117117117117,0.12135355726546734,0.13818602548220257,0.9,0.034,-0.2356436714337562,-0.20487619280321212,0.7117275767588706,0.07886829336490497,-0.42138839008244133
0.7127127127127127,0.12111770937517308,0.1379809442081253,0.9,0.034,-0.23477793266367541,-0.2047501298077492,0.7127285226729022,0.07845292217580015,-0.4072939179827628
0.7137137137137137,0.12088353137424876,0.13777611531241726,0.9,0.034,-0.2338626733042588,-0.20385585138966178,0.7137294685869339,0.07805293499887539,-0.39108834879223053
0.7147147147147147,0.12064951583502442,0.13757282438552337,0.9,0.034,-0.23333232586817587,-0.20300735223594302,0.7147304145009656,0.07767000560630218,-0.3728680983156565
0.7157157157157157,0.12041639959072889,0.13736969418681977,0.9,0.034,-0.23280595920488878,-0.20289741594970678,0.7157313604149973,0.07730649339991172,-0.34750295454191615
0.7167167167167167,0.12018343783861825,0.13716662335259103,0.9,0.034,-0.23195499410601172,-0.20282540618958933,0.7167323063290291,0.07697434228137683,-0.32026538822574935
0.7177177177177178,0.11995202522815429,0.13696363731757136,0.9,0.034,-0.23097069673675463,-0.20221221417403967,0.7177332522430607,0.07666535673641102,-0.29609541030696107
0.7187187187187187,0.11972103404134746,0.13676179409498535,0.9,0.034,-0.23048827583073717,-0.20142308160738764,0.7187341981570924,0.07638159129915627,-0.26229898868052004
0.7197197197197197,0.11949058723850318,0.13656038790494396,0.9,0.034,-0.23010051283461763,-0.2011390381869944,0.7197351440711242,0.0761402625344622,-0.23379412504363728
0.7207207207207207,0.11926037235399087,0.13635911333785425,0.9,0.034,-0.22935065404423938,-0.2010338043306774,0.7207360899851558,0.07591356075078215,-0.20277770831165043
0.7217217217217217,0.11903142676994616,0.13615791782620387,0.9,0.034,-0.22831014814579476,-0.2006672920334296,0.7217370358991875,0.0757343234972797,-0.1644950594361987
0.7227227227227228,0.1188032949803256,0.135957377017467,0.9,0.034,-0.22777329331253782,-0.1999760462589677,0.7227379818132192,0.07558425943554004,-0.14992224818143285
0.7237237237237237,0.11857542418073184,0.13575756538124092,0.9,0.034,-0.22751168204666072,-0.19956277805653144,0.7237389277272509,0.07543419537380039,-0.13763083602297854
0.7247247247247247,0.11834781613738936,0.13555785193627273,0.9,0.034,-0.22696592451161024,-0.1994021887154247,0.7247398736412826,0.0753087373896161,-0.10765921519407584
0.7257257257257257,0.11812103794547338,0.1353583618002291,0.9,0.034,-0.2258820551124785,-0.19916790877556423,0.7257408195553143,0.07521867327068765,-0.08997900652361324
0.7267267267267267,0.11789559981083786,0.13515911738416952,0.9,0.034,-0.22517571067596975,-0.19864594633025945,0.726741765469346,0.07512860915175922,-0.08997900652361324
0.7277277277277278,0.11767023572189786,0.1349606722179863,0.9,0.034,-0.22502547929162375,-0.19818686342220815,0.7277427113833778,0.07503854503283076,-0.08997900652360613
0.7287287287287287,0.11744509835079454,0.13476234688682773,0.9,0.034,-0.22479117428589035,-0.19795827326800008,0.7287436572974094,0.07494848091390233,-0.08915165133122116
0.7297297297297297,0.11722020334094513,0.13456435935859093,0.9,0.034,-0.22366077978456644,-0.1977661384853775,0.7297446032114411,0.07486007307057245,-0.07599864509891319
0.7307307307307307,0.11699732902189652,0.1343664186816518,0.9,0.034,-0.22265144472956422,-0.1973954567653493,0.7307455491254728,0.07479633984733494,-0.06367299405898308
0.7317317317317317,0.11677445470284792,0.1341691732589606,0.9,0.034,-0.22260427821566253,-0.1969362374837118,0.7317464950395045,0.07473260662409743,-0.06367299405898308
0.7327327327327328,0.11655167481125456,0.13397215193994266,0.9,0.034,-0.222554433919953,-0.19669393806202606,0.7327474409535362,0.07466887340085994,-0.06367299405899018
0.7337337337337337,0.11632890028058572,0.13377539160117877,0.9,0.034,-0.22161597982122316,-0.19645779187938217,0.7337483868675679,0.07460514017762242,-0.06367299405899018
0.7347347347347347,0.11610799917597683,0.13357884304729126,0.9,0.034,-0.2204231351826067,-0.19622531463973303,0.7347493327815996,0.07454140695438492,-0.06367299405898308
0.7357357357357357,0.1158876127226626,0.13338254812842656,0.9,0.034,-0.22016606686092643,-0.19586613108931772,0.7357502786956313,0.07447767373114741,-0.06367299405898308
0.7367367367367368,0.11566722626934835,0.13318671866072607,0.9,0.034,-0.22016606686091222,-0.19557639098411528,0.736751224609663,0.0744139405079099,-0.06294705526529043
0.7377377377377378,0.11544683981603412,0.132991003802132,0.9,0.034,-0.2197333035464979,-0.1953403126765636,0.7377521705236947,0.07435166053561118,-0.06151394675425337
0.7387387387387387,0.11522731975574174,0.13279564696367588,0.9,0.034,-0.21868815908229777,-0.19512774122816268,0.7387531164377265,0.07429079624059064,-0.06080677703691606
0.7397397397397397,0.11500902568373723,0.13260035767354708,0.9,0.034,-0.21806756414918738,-0.1948683773321278,0.7397540623517581,0.07422993194557011,-0.060806777036923165
0.7407407407407407,0.11479074805574338,0.1324055200821301,0.9,0.034,-0.21802805851892515,-0.19460867465680565,0.7407550082657898,0.07416906765054956,-0.060806777036923165
0.7417417417417418,0.11457253307408974,0.13221075071727723,0.9,0.034,-0.21799591542407626,-0.19438993575064956,0.7417559541798215,0.07410820335552902,-0.06080677703691606
0.7427427427427428,0.1143543197966361,0.13201635104158824,0.9,0.034,-0.21710786274202576,-0.19412419824271865,0.7427569000938532,0.07404733906050849,-0.06080677703691606
0.7437437437437437,0.11413788269822983,0.13182211368375826,0.9,0.034,-0.21622066130787232,-0.19395186468771897,0.7437578460078849,0.07398647476548795,-0.060806777036923165
0.7447447447447447,0.11392144559982356,0.13162805902019142,0.9,0.034,-0.21613349535735438,-0.19375495565758172,0.7447587919219166,0.0739256104704674,-0.058835703827504915
0.7457457457457457,0.11370518300782473,0.131434215874634,0.9,0.034,-0.21602114989300958,-0.1935897464005336,0.7457597378359483,0.0738686920507973,-0.05551747985291655
0.7467467467467468,0.11348897082526298,0.13124049196033047,0.9,0.034,-0.2155881377329294,-0.19332790346645368,0.74676068374998,0.07381447048123518,-0.05417032908773933
0.7477477477477478,0.1132735751244755,0.13104717302485128,0.9,0.034,-0.21484456243247507,-0.1931085514391384,0.7477616296640117,0.07376024891167306,-0.05417032908773223
0.7487487487487487,0.11305885158115392,0.1308538882537456,0.9,0.034,-0.21445607524780996,-0.19299377335904921,0.7487625755780434,0.07370602734211093,-0.05417032908774644
0.7497497497497497,0.11284423363248791,0.13066079910421255,0.9,0.034,-0.21428350115253636,-0.1928723163058521,0.7497635214920751,0.0736518057725488,-0.05417032908773223
0.7507507507507507,0.11262985558285056,0.13046775749037054,0.9,0.034,-0.21412747584414404,-0.19267610697528426,0.7507644674061068,0.07359758420298669,-0.05417032908773933
0.7517517517517518,0.1124155499971643,0.13027506115231008,0.9,0.034,-0.21351583803630803,-0.192435076738235,0.7517654133201385,0.07354336263342456,-0.05417032908774644
0.7527527527527528,0.11220239644764271,0.13008250208148517,0.9,0.034,-0.21294039597207615,-0.1923260222235541,0.7527663592341702,0.07348914106386244,-0.05417032908773223
0.7537537537537538,0.11198924289812112,0.12989002407078146,0.9,0.034,-0.21276437443601992,-0.19224327663486918,0.7537673051482019,0.07343491949430032,-0.03934378305768149
0.7547547547547547,0.1117764417440671,0.12969763065679074,0.9,0.034,-0.2125442973094991,-0.1921386101774516,0.7547682510622336,0.07341037906607417,-0.018523203527692544
0.7557557557557557,0.1115637287893934,0.12950536218854433,0.9,0.034,-0.2122363974695176,-0.19193234648153634,0.7557691969762653,0.07339783804452868,-0.012529170027754333
0.7567567567567568,0.11135154405143544,0.12931338171488574,0.9,0.034,-0.21174394562788024,-0.19177446304937007,0.756770142890297,0.07338529702298319,-0.012529170027754333
0.7577577577577578,0.11113981698633454,0.12912142932958662,0.9,0.034,-0.21144878362950692,-0.19172172261693277,0.7577710888043286,0.0733727560014377,-0.012529170027768544
0.7587587587587588,0.11092822316328829,0.12892955444237938,0.9,0.034,-0.2111939750051519,-0.19167902630780986,0.7587720347183604,0.07336021497989219,-0.012529170027761438
0.7597597597597597,0.11071700622556348,0.1287376875351766,0.9,0.034,-0.21100572078709234,-0.19154276013459537,0.7597729806323921,0.0733476739583467,-0.012529170027754333
0.7607607607607607,0.11050578928783866,0.12854608545312093,0.9,0.034,-0.21062702002851097,-0.19135890516331244,0.7607739265464238,0.0733351329368012,-0.012529170027761438
0.7617617617617618,0.11029533050979068,0.12835458662393873,0.9,0.034,-0.21024103067320965,-0.19130006518300036,0.7617748724604555,0.0733225919152557,-0.012529170027761438
0.7627627627627628,0.11008488632352792,0.12816310233964143,0.9,0.034,-0.21004211571023035,-0.19128410782914784,0.7627758183744872,0.0733100508937102,-0.012529170027761438
0.7637637637637638,0.10987482577363407,0.12797163545711362,0.9,0.034,-0.20976546607774793,-0.19125339059987567,0.7637767642885189,0.07329750987216471,-0.012529170027754333
0.7647647647647647,0.10966493544048939,0.12778021266877082,0.9,0.034,-0.2095640189337331,-0.19113892059890247,0.7647777102025506,0.07328496885061922,-0.012529170027754333
0.7657657657657657,0.10945527818818117,0.12758897495541413,0.9,0.034,-0.20927162910738417,-0.19104629440966647,0.7657786561165822,0.07327242782907373,-0.012529170027761438
0.7667667667667668,0.10924597322005418,0.1273977376048876,0.9,0.034,-0.20906788422463052,-0.1910444476451545,0.766779602030614,0.07325988680752822,-0.012529170027768544
0.7677677677677678,0.10903672386540912,0.12720650358875715,0.9,0.034,-0.2087823147734582,-0.19104159737926096,0.7677805479446457,0.07324734578598273,-0.012529170027761438
0.7687687687687688,0.10882799060789511,0.12701527194446866,0.9,0.034,-0.2085245242565108,-0.19101202564777253,0.7687814938586773,0.07323480476443724,-0.012529170027761438
0.7697697697697697,0.10861925735038108,0.12682409713100387,0.9,0.034,-0.20835734229670066,-0.19096726865475233,0.7697824397727091,0.07322226374289174,-0.012529170027761438
0.7707707707707707,0.1084108587914853,0.126632955090305,0.9,0.034,-0.20814573798044478,-0.19095089865818693,0.7707833856867408,0.07320972272134624,-0.012529170027761438
0.7717717717717718,0.10820254916623605,0.12644181304960608,0.9,0.034,-0.2079667661705784,-0.19095089865819403,0.7717843316007725,0.07319718169980075,-0.012529170027761438
0.7727727727727728,0.1079945089092619,0.1262506710089072,0.9,0.034,-0.20768538194461428,-0.19095762208647216,0.7727852775148042,0.07318464067825525,-0.012529170027761438
0.7737737737737738,0.1077867626157964,0.12605951550789143,0.9,0.034,-0.20751554166780295,-0.19098759283723155,0.7737862234288359,0.07317209965670976,-0.012529170027768544
0.7747747747747747,0.10757906237939643,0.12586831346568952,0.9,0.034,-0.20737175899121496,-0.19101356748768694,0.7747871693428676,0.07315955863516425,-0.012529170027761438
0.7757757757757757,0.1073716039391373,0.12567710596337156,0.9,0.034,-0.20725098181889479,-0.19101706026757626,0.7757881152568993,0.07314701761361876,-0.012529170027761438
0.7767767767767768,0.10716414549887814,0.1254858969286173,0.9,0.034,-0.20702950659386232,-0.19101803261376915,0.7767890611709309,0.07313447659207327,-0.012529170027761438
0.7777777777777778,0.10695713045246288,0.1252946874796603,0.9,0.034,-0.20676541094749012,-0.19107928082829773,0.7777900070849627,0.07312193557052778,-0.012529170027761438
0.7787787787787788,0.1067502007322165,0.12510335582585796,0.9,0.034,-0.20667732512714565,-0.19118262471681646,0.7787909529989944,0.07310939454898227,-0.012529170027768544
0.7797797797797797,0.10654336203378993,0.12491193948222924,0.9,0.034,-0.20658840424980696,-0.1912293204115869,0.7797918989130261,0.07309685352743678,-0.012529170027761438
0.7807807807807807,0.106336610333318,0.12472051434355248,0.9,0.034,-0.20650245506964637,-0.19124138699010018,0.7807928448270578,0.07308431250589129,-0.012529170027761438
0.7817817817817818,0.10612994370532218,0.12452907384260943,0.9,0.034,-0.20626895022825664,-0.19126898469114195,0.7817937907410895,0.0730717714843458,-0.012529170027761438
0.7827827827827828,0.10592365948201016,0.12433759345327991,0.9,0.034,-0.20607793908871486,-0.1914220069493311,0.7827947366551212,0.07305923046280029,-0.012529170027761438
0.7837837837837838,0.10571737525869813,0.12414584660146964,0.9,0.034,-0.2060363221997008,-0.19156458707325896,0.7837956825691529,0.0730466894412548,-0.012529170027761438
0.7847847847847848,0.10551117435248124,0.12395408076644657,0.9,0.034,-0.20598720999279152,-0.1916033693280994,0.7847966284831845,0.0730341484197093,-0.012529170027761438
0.7857857857857857,0.10530498845190578,0.12376225627248447,0.9,0.034,-0.2058786254187268,-0.1916411420403037,0.7857975743972163,0.07302160739816381,-0.012529170027754333
0.7867867867867868,0.10509900493222353,0.12357041481641592,0.9,0.034,-0.2056810589883895,-0.1917604687099086,0.786798520311248,0.07300906637661832,-0.012529170027761438
0.7877877877877878,0.10489321456003711,0.12337835143022237,0.9,0.034,-0.2055816397327206,-0.19196806305841818,0.7877994662252796,0.07299652535507281,-0.012529170027775649
0.7887887887887888,0.10468743007790378,0.12318609436985253,0.9,0.034,-0.20556448187939225,-0.19208601732894692,0.7888004121393114,0.07298398433352732,-0.012529170027754333
0.7897897897897898,0.10448167405577406,0.12299379483897323,0.9,0.034,-0.2055502661075863,-0.19215960762606699,0.7898013580533431,0.07297144331198183,-0.012529170027761438
0.7907907907907907,0.10427591803364435,0.12280139045068124,0.9,0.034,-0.20544805717733539,-0.1922444970413011,0.7908023039673748,0.07295890229043633,-0.012529170027761438
0.7917917917917918,0.1040703666339976,0.12260892097102268,0.9,0.034,-0.2053250443004231,-0.19246397883108557,0.7918032498814065,0.07294636126889083,-0.012118474808474389
0.7927927927927928,0.10386485688389373,0.12241607717974812,0.9,0.034,-0.2053030930003743,-0.1926811496649279,0.7928041957954381,0.07293464241474866,-0.010797353985608993
0.7937937937937938,0.10365934943079366,0.12222317292364544,0.9,0.034,-0.20530073937572269,-0.1927963328626987,0.7938051417094699,0.07292474613418234,-0.009886928382016436
0.7947947947947948,0.10345384439265104,0.12203009853537836,0.9,0.034,-0.20529247527241523,-0.19291384716119353,0.7948060876235016,0.07291484985361604,-0.009886928382023541
0.7957957957957957,0.10324835348430235,0.12183695901541484,0.9,0.034,-0.20524347395772935,-0.19309091595106054,0.7958070335375332,0.07290495357304973,-0.009886928382023541
0.7967967967967968,0.10304294654688982,0.12164353013507592,0.9,0.034,-0.20520153047510092,-0.19335641142914994,0.796807979451565,0.07289505729248343,-0.009886928382016436
0.7977977977977978,0.10283753960947731,0.12144985909263374,0.9,0.034,-0.20520153047509382,-0.19354049442617338,0.7978089253655967,0.07288516101191711,-0.009886928382023541
0.7987987987987988,0.10263213267206481,0.12125606167776629,0.9,0.034,-0.2052015304750867,-0.19372245254920983,0.7988098712796283,0.07287526473135081,-0.009886928382023541
0.7997997997997998,0.10242672573465231,0.12106202635479749,0.9,0.034,-0.20521748550714136,-0.19388415524181823,0.7998108171936601,0.07286536845078449,-0.009886928382016436
0.8008008008008007,0.10222128685523371,0.1208679052108157,0.9,0.034,-0.20525255960841804,-0.1941477171338235,0.8008117631076918,0.07285547217021819,-0.009886928382023541
0.8018018018018018,0.10201580969940022,0.12067334223641145,0.9,0.034,-0.20527180193310812,-0.19438687652034048,0.8018127090217235,0.07284557588965188,-0.009886928382016436
0.8028028028028028,0.10181033229680905,0.12047874229485904,0.9,0.034,-0.20527291107465118,-0.19462697377832683,0.8028136549357552,0.07283567960908557,-0.009886928382023541
0.8038038038038038,0.101604852920472,0.12028369864526366,0.9,0.034,-0.20527389696071197,-0.19489572404788902,0.8038146008497868,0.07282578332851926,-0.009886928382023541
0.8048048048048048,0.10139937354413496,0.12008856066513354,0.9,0.034,-0.20535911990265987,-0.19510286554605472,0.8048155467638186,0.07281588704795296,-0.009886928382023541
0.8058058058058059,0.10119372355129751,0.11989310231784411,0.9,0.034,-0.20547017632729592,-0.19537000323028053,0.8058164926778503,0.07280599076738664,-0.009886928382023541
0.8068068068068068,0.10098802183977598,0.11969742952753537,0.9,0.034,-0.20550169335939472,-0.1956230671857071,0.8068174385918819,0.07279609448682034,-0.009886928382023541
0.8078078078078078,0.10078230874977721,0.11950146454570056,0.9,0.034,-0.20551502955565581,-0.19597982766383382,0.8078183845059137,0.07278619820625402,-0.009886928382016436
0.8088088088088088,0.10057658033916406,0.11930507752020038,0.9,0.034,-0.2055375414411671,-0.1962592502931173,0.8088193304199454,0.07277630192568772,-0.009886928382016436
0.8098098098098098,0.10037082218032543,0.11910855313370233,0.9,0.034,-0.20571180439562653,-0.19651315325950947,0.809820276333977,0.07276640564512141,-0.009886928382023541
0.8108108108108109,0.10016474489492856,0.11891165779395511,0.9,0.034,-0.20587120811146065,-0.19676419405720935,0.8108212222480088,0.0727565093645551,-0.009886928382016436
0.8118118118118118,0.0999586676095317,0.11871463082327746,0.9,0.034,-0.2059005853931879,-0.19721313109621263,0.8118221681620404,0.07274661308398879,-0.009886928382023541
0.8128128128128128,0.09975253151075802,0.11851683671067943,0.9,0.034,-0.2059398427023993,-0.1976471565846296,0.8128231140760722,0.07273671680342249,-0.009886928382016436
0.8138138138138138,0.09954637563214953,0.11831894082010504,0.9,0.034,-0.20604224601638066,-0.19788978005924207,0.8138240599901039,0.07272682052285617,-0.009886928382023541
0.8148148148148148,0.09934003452173626,0.1181206609748251,0.9,0.034,-0.20626666746827738,-0.1981368180910721,0.8148250059041355,0.07271692424228987,-0.009886928382023541
0.8158158158158159,0.09913342935093176,0.11792227051361641,0.9,0.034,-0.20640499526822964,-0.19855250775106015,0.8158259518181673,0.07270702796172356,-0.009886928382023541
0.8168168168168168,0.09892681130798603,0.11772315845680494,0.9,0.034,-0.20648407759618692,-0.19915147922147725,0.816826897732199,0.07269713168115725,-0.009886928382023541
0.8178178178178178,0.09872004781420267,0.11752356885351337,0.9,0.034,-0.20655673028958432,-0.19947465018601207,0.8178278436462306,0.07268723540059094,-0.009886928382023541
0.8188188188188188,0.09851328432041931,0.1173238098077839,0.9,0.034,-0.20675341043160955,-0.1996609623504142,0.8188287895602624,0.07267733912002464,-0.009886928382016436
0.8198198198198198,0.09830612707259785,0.1171238472071662,0.9,0.034,-0.20701491273971584,-0.19999893062207263,0.819829735474294,0.07266744283945832,-0.009886928382016436
0.8208208208208209,0.09809884005067013,0.11692341154828026,0.9,0.034,-0.20713680976030702,-0.20070178297230257,0.8208306813883257,0.07265754655889202,-0.009886928382023541
0.8218218218218218,0.0978914387647694,0.11672204183585026,0.9,0.034,-0.20726990966412018,-0.2012127384938296,0.8218316273023575,0.0726476502783257,-0.009886928382023541
0.8228228228228228,0.0976838852765678,0.11652058324298732,0.9,0.034,-0.20737688814348587,-0.20136853334321358,0.8228325732163891,0.0726377539977594,-0.009886928382016436
0.8238238238238238,0.0974762698195372,0.11631890162895694,0.9,0.034,-0.20766219750218795,-0.20158784532744534,0.8238335191304209,0.07262785771719309,-0.009886928382016436
0.8248248248248248,0.09726814514142829,0.11611700397306252,0.9,0.034,-0.20791655343082027,-0.20235033586786955,0.8248344650444526,0.07261796143662679,-0.009886928382023541
0.8258258258258259,0.09706002046331934,0.11591379585144368,0.9,0.034,-0.20807673047327313,-0.20312754865258853,0.8258354109584842,0.07260806515606047,-0.009886928382030646
0.8268268268268268,0.09685157511045074,0.11571034221399826,0.9,0.034,-0.20827832833271742,-0.2032946310264876,0.826836356872516,0.07259816887549417,-0.009886928382016436
0.8278278278278278,0.09664304683302362,0.1155067995931324,0.9,0.034,-0.20846316358723982,-0.20334949366014143,0.8278373027865477,0.07258827259492785,-0.009886928382016436
0.8288288288288288,0.09643423143960542,0.11530323612058456,0.9,0.034,-0.20875882526784295,-0.20412408818875605,0.8288382487005793,0.07257837631436155,-0.009886928382023541
0.8298298298298298,0.09622511124690182,0.11509814275992168,0.9,0.034,-0.20896296200825049,-0.20517646988358962,0.8298391946146111,0.07256848003379524,-0.009886928382023541
0.8308308308308309,0.09601588717132062,0.11489247241711391,0.9,0.034,-0.209247873685797,-0.2054646724649345,0.8308401405286427,0.07255858375322893,-0.009886928382023541
0.8318318318318318,0.09580619658486818,0.11468680207430619,0.9,0.034,-0.20948089586599394,-0.2054646724649345,0.8318410864426745,0.07254868747266262,-0.009886928382016436
0.8328328328328328,0.09559650599841574,0.11448113173149843,0.9,0.034,-0.20973973297056858,-0.2060677353400706,0.8328420323567062,0.07253879119209632,-0.009886928382023541
0.8338338338338338,0.09538629721956174,0.11427425405560736,0.9,0.034,-0.21003205516202428,-0.20724715261154358,0.8338429782707378,0.07252889491153,-0.009886928382023541
0.8348348348348348,0.09517602140349678,0.11406622251706092,0.9,0.034,-0.2102937197720962,-0.207836336931571,0.8348439241847696,0.0725189986309637,-0.009886928382023541
0.8358358358358359,0.09496528877156954,0.11385816529298158,0.9,0.034,-0.21067710522164873,-0.2078663251365569,0.8358448700988013,0.07250910235039738,-0.009886928382023541
0.8368368368368369,0.09475424541706703,0.1136500737179887,0.9,0.034,-0.21092261909768695,-0.20828980140382214,0.8368458160128329,0.07249920606983108,-0.009886928382016436
0.8378378378378378,0.09454302126586847,0.11344116869357454,0.9,0.034,-0.21121094203189017,-0.20946772921550405,0.8378467619268647,0.07248930978926477,-0.009886928382016436
0.8388388388388388,0.09433140068827447,0.11323071890474445,0.9,0.034,-0.21142851210046132,-0.21027840645218276,0.8388477078408964,0.07247941350869846,-0.009886928382016436
0.8398398398398398,0.09411974096136305,0.11302019090287949,0.9,0.034,-0.21195011413456655,-0.21041152634362703,0.839848653754928,0.07246951722813215,-0.009886928382030646
0.8408408408408409,0.0939070761354525,0.11280947460776022,0.9,0.034,-0.21245216108461307,-0.21078647833621034,0.8408495996689598,0.07245962094756585,-0.012371239752440033
0.8418418418418419,0.09369441130954198,0.1125981959512554,0.9,0.034,-0.21264862050851008,-0.21193572060619204,0.8418505455829914,0.07244475134436872,-0.016210677201598855
0.8428428428428428,0.0934813531714715,0.11238517887081091,0.9,0.034,-0.21290279302940007,-0.21287439494317795,0.8428514914970232,0.0724271689253486,-0.01756580328031987
0.8438438438438438,0.09326817949166531,0.1121720209864042,0.9,0.034,-0.21329702532982964,-0.21313635409392617,0.8438524374110549,0.07240958650632848,-0.01756580328031987
0.8448448448448448,0.09305433209974014,0.11195847946321547,0.9,0.034,-0.21395199985078506,-0.21357438911057613,0.8448533833250865,0.07239200408730835,-0.01756580328031987
0.8458458458458459,0.09283984715963171,0.11174444463182848,0.9,0.034,-0.2143242040346749,-0.21466132532567173,0.8458543292391183,0.07237442166828824,-0.01756580328031987
0.8468468468468469,0.0926252546141852,0.11152872706016105,0.9,0.034,-0.21452442064298083,-0.21562230206804145,0.84685527515315,0.07235683924926811,-0.01756580328031987
0.8478478478478478,0.09241036884002615,0.11131276835141199,0.9,0.034,-0.21469230569102393,-0.21606100244486015,0.8478562210671816,0.072339256830248,-0.01756580328031987
0.8488488488488488,0.09219544018837736,0.1110961725007119,0.9,0.034,-0.21547665823334938,-0.2166298299699818,0.8488571669812134,0.07232167441122787,-0.01756580328031987
0.8498498498498498,0.0919789841388583,0.11087907499811873,0.9,0.034,-0.21623959346955957,-0.21765050061234348,0.849858112895245,0.07230409199220775,-0.01756580328031987
0.8508508508508509,0.0917625280893392,0.11066043576274924,0.9,0.034,-0.21635062808852012,-0.2185911150273725,0.8508590588092767,0.07228650957318764,-0.017565803280326975
0.8518518518518519,0.09154584974829068,0.11044145514821407,0.9,0.034,-0.21648900343456035,-0.21921246065786448,0.8518600047233085,0.07226892715416751,-0.017565803280312764
0.8528528528528528,0.0913291166710518,0.11022157197764841,0.9,0.034,-0.21706703097989077,-0.2199355455792542,0.8528609506373401,0.0722513447351474,-0.01756580328031987
0.8538538538538538,0.09111128111770032,0.11000114374565301,0.9,0.034,-0.21801588484229484,-0.22090430463715194,0.8538618965513719,0.07223376231612727,-0.017565803280326975
0.8548548548548548,0.0908926484331293,0.10977932111751398,0.9,0.034,-0.2184371952573656,-0.22184343943585105,0.8548628424654036,0.07221617989710714,-0.01756580328031987
0.8558558558558559,0.09067396941548338,0.10955701273577141,0.9,0.034,-0.2184984808873196,-0.22262503110523824,0.8558637883794352,0.07219859747808703,-0.01756580328031987
0.8568568568568569,0.09045521403695847,0.10933362535954551,0.9,0.034,-0.21873580937808157,-0.2234703034462413,0.856864734293467,0.0721810150590669,-0.017565803280312764
0.8578578578578578,0.09023605988719895,0.10910962474088405,0.9,0.034,-0.2198667301327788,-0.22444383007658786,0.8578656802074986,0.07216343264004679,-0.01756580328031987
0.8588588588588588,0.09001504040305902,0.10888428836239519,0.9,0.034,-0.22079846465578612,-0.22547433943983464,0.8588666261215303,0.07214585022102667,-0.01756580328033408
0.8598598598598598,0.0897940209189191,0.10865822466192543,0.9,0.034,-0.22079846465579323,-0.22640658895168997,0.8598675720355621,0.07212826780200654,-0.01756580328031987
0.8608608608608609,0.08957300143477914,0.10843102191804746,0.9,0.034,-0.22079846465578612,-0.2274160223774473,0.8608685179495937,0.07211068538298643,-0.01756580328031987
0.8618618618618619,0.08935198195063922,0.10820293732983842,0.9,0.034,-0.22183551194940065,-0.2283492266719236,0.8618694638636254,0.0720931029639663,-0.01756580328031987
0.8628628628628628,0.08912888629574131,0.10797386630909467,0.9,0.034,-0.22310294892338334,-0.22951195175635064,0.8628704097776572,0.07207552054494619,-0.01756580328031987
0.8638638638638638,0.08890532940024207,0.10774345394293883,0.9,0.034,-0.22335473693227925,-0.23068776577200367,0.8638713556916888,0.07205793812592606,-0.017565803280326975
0.8648648648648649,0.08868172966524625,0.10751202894018175,0.9,0.034,-0.22338696315171092,-0.231739506060336,0.8648723016057206,0.07204035570690594,-0.01756580328031987
0.8658658658658659,0.08845810825279117,0.10727951098786306,0.9,0.034,-0.22404388016188648,-0.23253975845396724,0.8658732475197523,0.07202277328788582,-0.01756580328031987
0.8668668668668669,0.08823319336862587,0.10704648387821186,0.9,0.034,-0.2253097165179625,-0.2338858512145663,0.8668741934337839,0.0720051908688657,-0.01756580328031987
0.8678678678678678,0.08800703774925171,0.10681127104549157,0.9,0.034,-0.22598430139090908,-0.2353103739820952,0.8678751393478157,0.07198760844984559,-0.018807201786948724
0.8688688688688688,0.08778077234482025,0.10657539203840787,0.9,0.034,-0.22612825542360326,-0.2360973841968672,0.8688760852618473,0.07196754088529968,-0.02364551660868841
0.8698698698698699,0.08755432852918443,0.10633860360966199,0.9,0.034,-0.22653499459991622,-0.23696198474145547,0.869877031175879,0.07194027268337631,-0.027242432923806348
0.8708708708708709,0.08732724883210768,0.10610099367055707,0.9,0.034,-0.22778458118075662,-0.23864422576937017,0.8708779770899108,0.07191300448145294,-0.027242432923813453
0.8718718718718719,0.08709830334163537,0.1058608373919055,0.9,0.034,-0.22875769821732206,-0.2401281348261577,0.8718789230039424,0.07188573627952957,-0.027242432923806348
0.8728728728728729,0.08686927546230325,0.10562025666389811,0.9,0.034,-0.22903084216261504,-0.2406695724596446,0.8728798689179741,0.07185846807760621,-0.027242432923813453
0.8738738738738738,0.08663978313710563,0.10537901642602034,0.9,0.034,-0.22932638072745704,-0.24206042357033652,0.8738808148320059,0.07183119987568283,-0.027242432923799242
0.8748748748748749,0.086410163588975,0.10513565121130485,0.9,0.034,-0.23054470627314316,-0.24394379936548205,0.8748817607460375,0.07180393167375947,-0.027242432923813453
0.8758758758758759,0.0861782321735958,0.10489064045131463,0.9,0.034,-0.23169948396383688,-0.24501586511168227,0.8758827066600693,0.07177666347183609,-0.027242432923799242
0.8768768768768769,0.08594630075821659,0.10464512895882902,0.9,0.034,-0.23210973560716752,-0.2454483140925845,0.876883652574101,0.07174939526991272,-0.027242432923806348
0.8778778778778779,0.0857135480182261,0.10439925243511328,0.9,0.034,-0.23253019440993938,-0.24771623328635428,0.8778845984881326,0.07172212706798936,-0.027242432923813453
0.8788788788788788,0.08548077484348199,0.10414920056386136,0.9,0.034,-0.23360275930764374,-0.24984994528828253,0.8788855444021644,0.07169485886606598,-0.027242432923806348
0.8798798798798799,0.085245874826419,0.10389905234444605,0.9,0.034,-0.23477430979865233,-0.25002636033632086,0.879886490316196,0.07166759066414262,-0.027242432923806348
0.8808808808808809,0.08501075620524642,0.10364864728991474,0.9,0.034,-0.23538711056697537,-0.2515807174569815,0.8808874362302277,0.07164032246221926,-0.027242432923813453
0.8818818818818819,0.08477462935981846,0.10339538724443208,0.9,0.034,-0.23597371914558352,-0.2540766467841422,0.8818883821442595,0.07161305426029588,-0.027242432923806348
0.8828828828828829,0.08453833634709712,0.10313998533439095,0.9,0.034,-0.23696626462105286,-0.25514650813109085,0.8828893280582911,0.07158578605837251,-0.027242432923806348
0.8838838838838838,0.08430022242364019,0.10288458342434982,0.9,0.034,-0.23807492591347312,-0.25567520155006207,0.8838902739723229,0.07155851785644915,-0.027242432923806348
0.8848848848848849,0.08406170986879186,0.10262812306902547,0.9,0.034,-0.23889286729011872,-0.2584429062193081,0.8848912198863546,0.07153124965452577,-0.027242432923813453
0.8858858858858859,0.08382195842506135,0.10236718020869552,0.9,0.034,-0.23966518509039503,-0.26070999995264543,0.8858921658003862,0.07150398145260241,-0.03273893489898683
0.8868868868868869,0.0835818996884307,0.10210618112717834,0.9,0.034,-0.24065358947132154,-0.26097609919754206,0.886893111714418,0.071465709848292,-0.04197183522279602
0.8878878878878879,0.08334016945715081,0.10184470553562738,0.9,0.034,-0.24170363474561185,-0.26312435796184985,0.8878940576284496,0.07141995837866108,-0.04570823357141762
0.8888888888888888,0.08309800852777885,0.10157940563576325,0.9,0.034,-0.24272407494675718,-0.2656819134453414,0.8888950035424813,0.07137420690903017,-0.04570823357141762
0.8898898898898899,0.08285423537317331,0.10131280981301408,0.9,0.034,-0.24372272203988388,-0.26651904506307034,0.8898959494565131,0.07132845543939925,-0.04570823357140341
0.8908908908908909,0.0826100751503216,0.10104583397397529,0.9,0.034,-0.24473950384928855,-0.26832557030173376,0.8908968953705447,0.07128270396976835,-0.04570823357141052
0.8918918918918919,0.08236426639649806,0.1007756214840817,0.9,0.034,-0.24572689089353617,-0.2709703646778081,0.8918978412845764,0.07123695250013744,-0.04570823357141762
0.8928928928928929,0.08211812942280701,0.10050335076140712,0.9,0.034,-0.24701240382262313,-0.27247293004161577,0.8928987871986082,0.07119120103050652,-0.04570823357141052
0.8938938938938938,0.08186974706952585,0.10023013013264705,0.9,0.034,-0.24829074226363446,-0.2740646828262996,0.8938997331126398,0.07114544956087561,-0.04570823357141052
0.8948948948948949,0.08162105085971663,0.09995467271771082,0.9,0.034,-0.2492212001433245,-0.27658401565727075,0.8949006790266716,0.0710996980912447,-0.04570823357141052
0.8958958958958959,0.08137080572789755,0.09967640837957942,0.9,0.034,-0.2500686233930196,-0.27867551974651406,0.8959016249407032,0.07105394662161378,-0.046654006598004116
0.8968968968968969,0.08112041297504594,0.09939676376926936,0.9,0.034,-0.251581203691579,-0.28026367963408205,0.8969025708547349,0.07100630181668974,-0.06034492639683009
0.8978978978978979,0.08086713965444094,0.09911531993186355,0.9,0.034,-0.25309961928338254,-0.28278001746594583,0.8979035167687667,0.07093314260659489,-0.07309007316904825
0.8988988988988988,0.08061370703053466,0.09883063760817638,0.9,0.034,-0.25378732756310285,-0.2851883942107918,0.8989044626827983,0.07085998339650006,-0.07309007316904825
0.8998998998998999,0.08035905691657685,0.0985443721957058,0.9,0.034,-0.2547856043554404,-0.2870319112211064,0.89990540859683,0.07078682418640522,-0.07309007316905536
0.9009009009009009,0.08010362574053376,0.09825599914727325,0.9,0.034,-0.25652327089935056,-0.28966925741494975,0.9009063545108618,0.07071366497631038,-0.07309007316905536
0.9019019019019019,0.07984549681467627,0.09796445376244266,0.9,0.034,-0.25806226622572126,-0.2924180071780711,0.9019073004248934,0.07064050576621554,-0.07309007316905536
0.9029029029029029,0.0795869845669087,0.09767057771148133,0.9,0.034,-0.25859587278311835,-0.294709182289111,0.9029082463389251,0.0705673465561207,-0.07438473351576391
0.9039039039039038,0.07932778735965502,0.0973744453894915,0.9,0.034,-0.2599573972971143,-0.2972061258686409,0.9039091922529569,0.07049159557605765,-0.07704698441538227
0.9049049049049049,0.07906654933708462,0.09707557045248505,0.9,0.034,-0.2619928665821263,-0.29999449723593585,0.9049101381669885,0.0704131068276426,-0.07841457496831339
0.9059059059059059,0.07880327711624735,0.09677385580543554,0.9,0.034,-0.26325014878813846,-0.30257625518336795,0.9059110840810203,0.07033461807922753,-0.07841457496830628
0.9069069069069069,0.07853952201218345,0.09646981218384969,0.9,0.034,-0.26360931193655546,-0.3050179207241186,0.9069120299950519,0.07025612933081248,-0.07841457496830628
0.9079079079079079,0.078275530746004,0.09616320931749937,0.9,0.034,-0.265725706042403,-0.30802503976364903,0.9079129759090836,0.07017764058239742,-0.07841457496831339
0.9089089089089089,0.07800753861670318,0.09585314543757614,0.9,0.034,-0.2680933147763298,-0.31097060765471696,0.9089139218231154,0.07009915183398235,-0.08017656986468324
0.9099099099099099,0.07773880739309844,0.09554064553841084,0.9,0.034,-0.26861694688543736,-0.313500041265506,0.909914867737147,0.07001713576238315,-0.0852035324160525
0.9109109109109109,0.07746976695126682,0.09522551772733485,0.9,0.034,-0.2694892457581446,-0.31678140779558106,0.9109158136511787,0.06992858357871652,-0.08846850007104479
0.9119119119119119,0.07719928938357264,0.0949064485258071,0.9,0.034,-0.27219756853155275,-0.31978475351797897,0.9119167595652105,0.06984003139504989,-0.08846850007104479
0.9129129129129129,0.07692482687412659,0.09458530801058215,0.9,0.034,-0.2741880469365938,-0.32279592830970927,0.9129177054792421,0.06975147921138326,-0.08846850007105189
0.9139139139139139,0.07665036436468056,0.09426021043109298,0.9,0.034,-0.2741880469366009,-0.32645309626307295,0.9139186513932738,0.06966292702771663,-0.08846850007105189
0.914914914914915,0.07637590185523449,0.09393174825830372,0.9,0.034,-0.2764357344705033,-0.32917687564404474,0.9149195973073055,0.06957437484405,-0.09592311084451666
0.9159159159159159,0.07609693947084568,0.09360119766704081,0.9,0.034,-0.2794121734918491,-0.3329201362896157,0.9159205432213372,0.06947089933599457,-0.10409692093147527
0.9169169169169169,0.07581651812452009,0.09326524147894515,0.9,0.034,-0.28019568399258077,-0.33668600568604745,0.916921489135369,0.06936598406871072,-0.1048161202449549
0.9179179179179179,0.07553598715054022,0.09292715160961129,0.9,0.034,-0.28117893518086134,-0.33958210831873714,0.9179224350494006,0.06926106880142688,-0.10481612024496201
0.9189189189189189,0.07525359733336723,0.09258539741824699,0.9,0.034,-0.2840661049629034,-0.34404843985255695,0.9189233809634323,0.06915615353414303,-0.10790898734973808
0.91991991991992,0.07496728623970357,0.0922383659442408,0.9,0.034,-0.2862226562294339,-0.3472654953758081,0.9199243268774641,0.06904504668147683,-0.11752227092704004
0.9209209209209209,0.07468057900257755,0.09189017120127836,0.9,0.034,-0.2865320570516019,-0.351458978503878,0.9209252727914957,0.06892088666035873,-0.12404268739957303
0.9219219219219219,0.07439364848784852,0.09153474436565447,0.9,0.034,-0.28931544659516106,-0.3560187928125984,0.9219262187055274,0.06879672663924062,-0.12404268739958013
0.9229229229229229,0.07410136889928394,0.09117742086531722,0.9,0.034,-0.2922804410512754,-0.35927131078585006,0.9229271646195591,0.06867256661812249,-0.12760757784968746
0.9239239239239239,0.07380850245971785,0.09081548248219933,0.9,0.034,-0.2929766419622766,-0.3645953886828437,0.9239281105335908,0.06854127007194437,-0.1356558738374929
0.924924924924925,0.07351482907553562,0.09044750016725346,0.9,0.034,-0.2951689324280409,-0.36847909790073174,0.9249290564476225,0.06840099823285842,-0.1401392793752052
0.9259259259259259,0.07321757366606808,0.09007778659050612,0.9,0.034,-0.29787786078043155,-0.373292199810777,0.9259300023616542,0.06826072639377245,-0.14017028989718483
0.9269269269269269,0.07291847700190114,0.08970016843590056,0.9,0.034,-0.2996347443511169,-0.37828673733659457,0.9269309482756859,0.06812039247497596,-0.14337735335247004
0.9279279279279279,0.0726177043080078,0.08932045578502747,0.9,0.034,-0.3016294689236716,-0.38275585580179694,0.9279318941897177,0.06797370044176679,-0.1465534062857543
0.9289289289289289,0.07231461420125317,0.0889338904463074,0.9,0.034,-0.3041306731392197,-0.3881502038614002,0.9289328401037493,0.06782700840855764,-0.1465534062857614
0.92992992992993,0.07200883409151285,0.08854337829981944,0.9,0.034,-0.3065660614288035,-0.39321335169028515,0.929933786017781,0.06768031637534848,-0.14775880111415063
0.9309309309309309,0.0717008683325268,0.0881466765290095,0.9,0.034,-0.3086077776577554,-0.39918529197831987,0.9309347319318128,0.06753121127208278,-0.1494176082287737
0.9319319319319319,0.07139100070280864,0.0877442085461091,0.9,0.034,-0.31124083578257,-0.40480318999477305,0.9319356778458444,0.06738119848646651,-0.14987102051502887
0.9329329329329329,0.07107776355618534,0.08733625973222317,0.9,0.034,-0.314274127071279,-0.41085379770682096,0.9329366237598761,0.06723118570085024,-0.15148046879271249
0.933933933933934,0.0707618232712345,0.0869216784205699,0.9,0.034,-0.316560696900801,-0.4169186273286343,0.9339375696739078,0.06707795097387916,-0.15459754912774315
0.934934934934935,0.07044400840723475,0.08650158780563928,0.9,0.034,-0.3190688540064812,-0.4232375808677631,0.9349385155879395,0.06692169813061277,-0.1561051811850831
0.9359359359359359,0.07012304678673706,0.08607435593635017,0.9,0.034,-0.3221805264541544,-0.4299307360398217,0.9359394615019712,0.06676544528734639,-0.1588883161180803
0.9369369369369369,0.0697990023482675,0.08564086561136539,0.9,0.034,-0.324733206531441,-0.43645626194275877,0.9369404074160029,0.06660362090900124,-0.16529801255773435
0.9379379379379379,0.06947293025714459,0.08520056962615448,0.9,0.034,-0.3271127296935248,-0.44343031495830587,0.9379413533300346,0.06643453654681193,-0.16892457406441252
0.938938938938939,0.06914412200854071,0.08475311723307045,0.9,0.034,-0.3304747796731391,-0.4507988226017261,0.9389422992440664,0.0662654521846226,-0.17410989068115867
0.93993993993994,0.06881131908662776,0.08429806948080565,0.9,0.034,-0.33353262243943504,-0.4583018455136809,0.939943245158098,0.06608598737947229,-0.18295886953883667
0.9409409409409409,0.06847638903068401,0.08383559602083088,0.9,0.034,-0.33562843065638504,-0.4661561519836681,0.9409441910721297,0.06589918831882109,-0.18669219760228373
0.9419419419419419,0.0681393902965249,0.08336482393128883,0.9,0.034,-0.3394112507586513,-0.4742497626895599,0.9419451369861614,0.06571224979472907,-0.19555897805297207
0.9429429429429429,0.06779688702716319,0.08288614704647743,0.9,0.034,-0.3430597676912086,-0.4829011509384671,0.9429460829001931,0.06550770039875241,-0.20435609268114518
0.943943943943944,0.06745258395480073,0.08239805486034092,0.9,0.034,-0.3450967936427034,-0.4917132069514736,0.9439470288142248,0.06530315100277574,-0.20946985433000265
0.944944944944945,0.06710600255540601,0.08190173622174972,0.9,0.034,-0.3491324702544105,-0.5011085288964594,0.9449479747282565,0.06508836440914355,-0.21729554215990277
0.9459459459459459,0.06675362005038751,0.08139483458226995,0.9,0.034,-0.3528639209856408,-0.5104024872680242,0.9459489206422882,0.06486814883265121,-0.221549549550069
0.9469469469469469,0.0663995682791585,0.08087990942041236,0.9,0.034,-0.3556054721045925,-0.5204889253824447,0.94694986655632,0.06464484617638813,-0.2248548193820099
0.9479479479479479,0.06604169718331127,0.08035281471163445,0.9,0.034,-0.3598571310728147,-0.5321052801401791,0.9479508124703516,0.06441801380722968,-0.2256473359734983
0.948948948948949,0.065679133582316,0.07981463358429586,0.9,0.034,-0.36285386547833554,-0.5419216022958082,0.9489517583843833,0.06419312461847852,-0.2228210065373517
0.94994994994995,0.06531526301818945,0.07926788657891007,0.9,0.034,-0.36700938241469316,-0.5543453398616265,0.949952704298415,0.0639719502551217,-0.22262900423001852
0.950950950950951,0.06494438006396828,0.07870483310409243,0.9,0.034,-0.3717125863806743,-0.5677287260809081,0.9509536502124467,0.06374744543422055,-0.23265022840056204
0.9519519519519519,0.06457109367608602,0.07813129253270207,0.9,0.034,-0.3740827185574602,-0.5798161491485985,0.9519545961264784,0.06350620966408956,-0.24273706333661593
0.9529529529529529,0.06419546571250193,0.07754404001270387,0.9,0.034,-0.3794294175710853,-0.5943202085211041,0.9529555420405101,0.06326151209075886,-0.25292935232643643
0.953953953953954,0.06381147522249024,0.07694146228541253,0.9,0.034,-0.3836064995216475,-0.6091787700572269,0.9539564879545418,0.06299987246058988,-0.26435998783282244
0.954954954954955,0.06342748473247858,0.07632446289547214,0.9,0.034,-0.3875035847790187,-0.6243292292456317,0.9549574338685735,0.06273229199144942,-0.27338009805802344
0.955955955955956,0.06303569226997971,0.07569155391855444,0.9,0.034,-0.39324023331099767,-0.6405709572766156,0.9559583797826052,0.06245259507633235,-0.2831490094558511
0.9569569569569569,0.06264021699812225,0.07504203855658005,0.9,0.034,-0.3964818238400589,-0.6573301564764407,0.9569593256966369,0.06216545830329549,-0.28926990111944306
0.9579579579579579,0.06224193486489452,0.07437557762931234,0.9,0.034,-0.4020541564490756,-0.6753123621741182,0.9579602716106687,0.06187350802517662,-0.2938214041327676
0.958958958958959,0.06183530377199795,0.07369006185553072,0.9,0.034,-0.40674114246048276,-0.6945132488069419,0.9589612175247003,0.06157725963545198,-0.2998646099335076
0.95995995995996,0.06142763828339202,0.07298516071478386,0.9,0.034,-0.41189950681843257,-0.7146332120036618,0.959962163438732,0.06127321151302534,-0.3113739106835176
0.960960960960961,0.061010680134723834,0.0722593647344023,0.9,0.034,-0.4179462389214663,-0.7365661800489889,0.9609631093527637,0.060953922748182496,-0.32598892036939375
0.9619619619619619,0.060590909076342056,0.07151055374771886,0.9,0.034,-0.42269954362251383,-0.7601053278445349,0.9619640552667954,0.060620616957298624,-0.3353552007697296
0.9629629629629629,0.06016443480214625,0.07073763234632519,0.9,0.034,-0.42902391430677156,-0.7846979158460954,0.9629650011808271,0.06028257791226304,-0.33907481407737095
0.963963963963964,0.05973200234099314,0.06993958694922812,0.9,0.034,-0.4346452551017421,-0.8109256327154029,0.9639659470948588,0.059941825857895016,-0.3451703678338056
0.964964964964965,0.05929427413127186,0.06911415760615416,0.9,0.034,-0.4410239454984257,-0.8405464660812711,0.9649668930088905,0.059591584173606896,-0.3542200861518161
0.965965965965966,0.0588490715191745,0.06825681124135775,0.9,0.034,-0.44731631122978754,-0.8672504222797741,0.9659678389229222,0.05923271556209181,-0.36353332068874167
0.9669669669669669,0.05839874598066169,0.06737792052451301,0.9,0.034,-0.45378967093400036,-0.8789225713807483,0.9669687848369539,0.05886382978969134,-0.3743956108184676
0.9679679679679679,0.05794058368947682,0.06649720649384878,0.9,0.034,-0.4606280091643704,-0.8799313354769609,0.9679697307509856,0.0584832160483315,-0.3889943029038605
0.968968968968969,0.0574765677841364,0.06561629622926379,0.9,0.034,-0.46740677078723536,-0.8802226389560488,0.9689706766650173,0.05808510527354487,-0.4040275617462896
0.96996996996997,0.057004834398611454,0.06473499900845123,0.9,0.034,-0.47487992641807253,-0.8806790493194114,0.969971622579049,0.05767439657415921,-0.411030879761352
0.970970970970971,0.05652585722073688,0.06385317500940516,0.9,0.034,-0.48214641822178095,-0.8812813055032578,0.9709725684930807,0.057262265914268945,-0.4138238861756598
0.9719719719719719,0.05603957630407338,0.06297067207050681,0.9,0.034,-0.49018659033831824,-0.8820672492015582,0.9719735144071124,0.05684596591816671,-0.42226321560340807
0.9729729729729729,0.05554450268552505,0.062087274610603274,0.9,0.034,-0.4980953466355338,-0.883037021364057,0.9729744603211441,0.05641694063366069,-0.43583544775478344
0.973973973973974,0.05504238842292113,0.061202830185894036,0.9,0.034,-0.5066207478334803,-0.8841450116168694,0.9739754062351758,0.05597347049692609,-0.4452164571190238
0.974974974974975,0.05453024693410664,0.06031721452728616,0.9,0.034,-0.5153453699554831,-0.8853928782804132,0.9749763521492075,0.055525665446434766,-0.46063096065773834
0.975975975975976,0.05401066596054782,0.05943027187101837,0.9,0.034,-0.5242581727211828,-0.8868712243940777,0.9759772980632392,0.05505133714103236,-0.494432564117961
0.9769769769769769,0.05348068102275294,0.058541696560531285,0.9,0.034,-0.53399288158327,-0.8885176673852193,0.9769782439772708,0.05453586493679863,-0.5256863211163569
0.9779779779779779,0.052941611142563315,0.05765145772209905,0.9,0.034,-0.543179778225948,-0.8902555365310114,0.9779791898913026,0.053998969990664794,-0.5438449960585814
0.978978978978979,0.052393234019297553,0.05675940319410278,0.9,0.034,-0.5541411500121995,-0.892186446257309,0.9789801358053343,0.053447146083455764,-0.5601287025246862
0.97997997997998,0.05183221945084716,0.055865298670532804,0.9,0.034,-0.5634866165921011,-0.8943432624697678,0.979981081719366,0.05287765291841686,-0.5787867544143097
0.980980980980981,0.05126513268477886,0.05496892619216135,0.9,0.034,-0.5758986279860636,-0.8966289437064852,0.9809820276333977,0.0522884776096024,-0.6001693146433134
0.9819819819819819,0.050679269244668874,0.05407024573017952,0.9,0.034,-0.588982995456881,-0.8990106240618196,0.9819829735474294,0.05167617887197805,-0.6234268558782148
0.9829829829829829,0.05008598754872907,0.05316910512296855,0.9,0.034,-0.5993801797218481,-0.9016480771173789,0.9829839194614611,0.05104044448142452,-0.6446671706687503
0.983983983983984,0.049479308924905374,0.05226514447468922,0.9,0.034,-0.6139625958788315,-0.9044833634286213,0.9839848653754928,0.0503856249311955,-0.6643052949591848
0.984984984984985,0.04885683320262526,0.05135832761860688,0.9,0.034,-0.6275229749663076,-0.9073847826444315,0.9849858112895244,0.04971057714010654,-0.6838438457665639
0.985985985985986,0.0482230066727206,0.05044855832324896,0.9,0.034,-0.6418189526522795,-0.9104339105983428,0.9859867572035562,0.04901664352468395,-0.7032804887355439
0.986986986986987,0.0475719103744926,0.04953563710689853,0.9,0.034,-0.6584004434713329,-0.9137777708607651,0.9869877031175879,0.0483026856768704,-0.7234465848189053
0.9879879879879879,0.04690488766677202,0.04861917339660082,0.9,0.034,-0.6741051679552541,-0.917267890881778,0.9879886490316195,0.047568381718494666,-0.7420969515980396
0.988988988988989,0.046222350478686246,0.047699264952981005,0.9,0.034,-0.6900768123840919,-0.9207851841990369,0.9889895949456513,0.0468170878538355,-0.7609529450362942
0.98998998998999,0.04552335250684386,0.04677575961442051,0.9,0.034,-0.7086359187518347,-0.9245531971261016,0.989990540859683,0.046045036236285704,-0.7801931978853105
0.990990990990991,0.04480365995065458,0.04584830760137724,0.9,0.034,-0.7275246645644842,-0.9285755274873182,0.9909914867737147,0.045255225466678234,-0.7986251465063177
0.991991991991992,0.04406684667187996,0.04491674954938087,0.9,0.034,-0.7471699071028084,-0.9326690438435179,0.9919924326877464,0.04444627508180875,-0.8169531249354094
0.992992992992993,0.04330782430079906,0.04398110230839716,0.9,0.034,-0.7687481329401677,-0.9368301483703334,0.992993378601778,0.04361977368195925,-0.8350183348956293
0.993993993993994,0.042527811370698394,0.043041213716807566,0.9,0.034,-0.7911124199361339,-0.9413405465370346,0.9939943245158098,0.042774658700898055,-0.8538906109049336
0.994994994994995,0.04172401565227831,0.0420965366496644,0.9,0.034,-0.8152489614995098,-0.9460413469970419,0.9949952704298415,0.04191037704592857,-0.8719381902887129
0.995995995995996,0.04089568131764636,0.041147237046142864,0.9,0.034,-0.8403780607894653,-0.9507147594219312,0.9959962163438731,0.041029132763182756,-0.8890958291888964
0.996996996996997,0.04004157709213928,0.04019320379796889,0.9,0.034,-0.8673079812547684,-0.9555865844201037,0.9969971622579049,0.04013050337111004,-0.9066417439183994
0.997997997997998,0.03915932900282194,0.039234150791047494,0.9,0.034,-0.8966992859547496,-0.9607959588312873,0.9979981081719366,0.03921413406505134,-0.9248444040822292
0.998998998998999,0.03824638332646404,0.038269688364873156,0.9,0.034,-0.9287348369095767,-0.9661083201282459,0.9989990540859683,0.03827906491634764,-0.9561625849200119
1.0,0.0373,0.0373,0.9,0.034,-0.9454369431375956,-0.9687186765083045,1.0,0.03729999999999996,-0.9781396802991625
